Layer,Parameter Name,Values

A_mask,A_mask
0.0
1.0
0.0
0.0
1.0
0.0
0.0
0.0
0.0
0.0
0.0
1.0
0.0
0.0
1.0
0.0

mf2grc,mf2grc.weight
-0.9273579716682434,-2.7877352237701416,
-0.06322240829467773,-1.1616986989974976,
0.9094985127449036,-0.5615622997283936,
0.018252843990921974,0.6518316864967346,
4.337559223175049,3.0881576538085938,
3.9824326038360596,2.9454967975616455,
3.865851640701294,4.34999942779541,
4.284942150115967,3.971021890640259,
3.101874828338623,4.977584362030029,
2.555349826812744,4.229085922241211,
4.363475799560547,2.351499080657959,
3.5805063247680664,3.96061110496521,
-0.5016558170318604,0.5434879064559937,
-0.710811972618103,-0.29207128286361694,
-2.1133978366851807,-0.1650807410478592,
-2.2878363132476807,0.5973234176635742,
4.125078201293945,3.2955915927886963,
4.7383713722229,3.3353686332702637,
-1.3254231214523315,0.2451881617307663,
-0.6851649284362793,0.45689254999160767,
-0.21132759749889374,-0.7007538080215454,
0.40478602051734924,-0.12389373034238815,
3.488062858581543,3.5401687622070312,
4.761352062225342,2.7983455657958984,
-1.6735199689865112,-1.5128175020217896,
-1.6302422285079956,-1.243303656578064,
4.227266311645508,4.347604274749756,
4.104069709777832,3.8205108642578125,
3.9459164142608643,0.7533544898033142,
4.092573642730713,1.9089889526367188,
-0.5756815075874329,-0.5660377144813538,
-1.0563994646072388,-1.1982389688491821,

mf2goc,mf2goc.weight
-0.7285411357879639,1.2809988260269165,1.2187132835388184,-1.293584942817688,
-1.3146723508834839,-1.8001716136932373,1.3865242004394531,-0.285403847694397,
0.205255925655365,-1.5124361515045166,0.10495056211948395,0.1192525327205658,
1.7199691534042358,1.3450435400009155,-0.4284689426422119,0.11855212599039078,
-0.2733956575393677,-1.4762744903564453,-1.0367854833602905,0.3442040681838989,
-0.548945963382721,1.0103548765182495,-1.6173250675201416,-1.553097128868103,
0.6012895107269287,1.4066654443740845,-0.20084792375564575,-1.446722149848938,
1.0248287916183472,-0.7070428133010864,0.46262025833129883,-1.5157667398452759,

pf2pkj,pf2pkj.weight
0.04390670731663704,-0.04685964062809944,-0.025347044691443443,
-0.055743757635354996,-0.07651504874229431,0.01661044918000698,
-0.13791301846504211,-0.07399068772792816,-0.04694068431854248,
0.041504327207803726,-0.08085339516401291,0.015280756168067455,
0.024053730070590973,0.0019465518416836858,0.10324975103139877,
-0.06973575800657272,-0.006224011071026325,0.052106812596321106,
0.7702289819717407,1.2585679292678833,0.8645218014717102,
0.7146903872489929,1.7944566011428833,1.9495179653167725,
1.1307568550109863,1.0720101594924927,2.1315720081329346,
0.9515543580055237,1.1271908283233643,0.9788480997085571,
0.7402170300483704,1.8875762224197388,1.6411302089691162,
0.9482972621917725,0.8926414847373962,1.4941041469573975,
1.0158506631851196,1.5962474346160889,0.8773265480995178,
1.0220415592193604,2.3505396842956543,0.7911056280136108,
0.6703557372093201,1.4174466133117676,0.7485396862030029,
0.6606255769729614,0.7688318490982056,0.6141952872276306,
0.6848353743553162,1.6940240859985352,1.509088397026062,
0.8395766615867615,0.49441516399383545,2.0483157634735107,
-0.15704621374607086,-0.1110273152589798,0.056079793721437454,
0.1423894464969635,0.0252073984593153,0.07346022874116898,
-0.025640884414315224,0.015157864429056644,0.06011931225657463,
-0.057187482714653015,0.026069045066833496,0.11922504752874374,
0.049384910613298416,-0.06503086537122726,-0.21750371158123016,
-0.013777455314993858,0.04892698675394058,-0.0971783697605133,
0.9506251215934753,1.462221622467041,0.6841129064559937,
0.7846083045005798,2.2717928886413574,3.137011766433716,
0.9222193360328674,0.9734160304069519,2.194521188735962,
0.09095669537782669,-0.021236814558506012,0.15916244685649872,
0.06765150278806686,-0.06783472001552582,-0.015940507873892784,
-0.001137292361818254,-0.03892240673303604,-0.061580561101436615,
-0.031436737626791,-0.22657442092895508,0.09939175844192505,
0.08360601216554642,-0.027157271280884743,-0.06281451880931854,
-0.03393438458442688,-0.058553315699100494,-0.044137828052043915,
0.9699183106422424,0.9532628655433655,0.8167304396629333,
1.06590735912323,1.6841262578964233,2.827035427093506,
1.1280995607376099,0.9585707783699036,1.8167847394943237,
0.10464673489332199,0.03500913083553314,-0.1601933091878891,
-0.02990124188363552,-0.1881309449672699,0.00033162033651024103,
-0.1336362659931183,-0.05380311980843544,-0.021306632086634636,
1.0400470495224,1.326431393623352,0.9895007014274597,
0.5709546208381653,1.828382134437561,1.8188600540161133,
0.9031751155853271,0.9005250334739685,1.5272810459136963,
0.677728533744812,0.3941548466682434,0.5398415327072144,
0.6814497709274292,0.5359736680984497,2.8418872356414795,
0.5670962333679199,-0.2098257839679718,1.6905882358551025,
-0.050017084926366806,-0.030363503843545914,-0.04059362784028053,
0.04365153610706329,0.02953854575753212,-0.10745104402303696,
0.07327012717723846,-0.11625224351882935,-0.00035686613409779966,
0.008703985251486301,-0.0595625601708889,-0.048034779727458954,
-0.09650157392024994,0.01247374340891838,0.11943977326154709,
-0.07601413130760193,0.015923529863357544,-0.001610481645911932,
0.06897058337926865,0.06181090325117111,0.03128520026803017,
-0.05129042640328407,0.017630048096179962,-0.17884846031665802,
-0.007164726033806801,-0.06334537267684937,0.1364436000585556,
0.002590328687801957,-0.01910569705069065,-0.12054072320461273,
0.08940012007951736,-0.0005037212395109236,0.25095921754837036,
0.0020731287077069283,-0.07802105695009232,0.00772501714527607,
-0.019696086645126343,-0.025866040959954262,-0.09129710495471954,
0.1065525934100151,0.0638398677110672,0.10624662041664124,
-0.0035238307900726795,-0.03357047960162163,-0.016065213829278946,
-0.18501046299934387,0.6536931991577148,0.8105685710906982,
-0.35041260719299316,1.0797147750854492,0.4641123116016388,
0.15290646255016327,0.6821296215057373,0.5564311742782593,
-0.4843178391456604,0.2295435070991516,0.9184871912002563,
-0.29392507672309875,0.18959470093250275,0.30837345123291016,
0.1651654839515686,0.03635609522461891,0.5276090502738953,
-0.4884594678878784,0.4443707764148712,0.8065535426139832,
0.6029661893844604,-0.0026504339184612036,1.1589508056640625,
0.2098301500082016,0.08243628591299057,0.5461679697036743,
-0.07224151492118835,0.10615790635347366,0.5012866854667664,
-0.42710575461387634,0.31202059984207153,0.16224057972431183,
0.045961689203977585,-0.0848110169172287,0.285590797662735,
-0.043840885162353516,-0.06215648353099823,0.06227690726518631,
-0.025165174156427383,-0.04392828792333603,0.07235055416822433,
0.00028428941732272506,-0.13329792022705078,0.15172463655471802,
-0.019992582499980927,0.07217776030302048,-0.03881847858428955,
0.005679902154952288,0.029861031100153923,0.15982367098331451,
-0.22294378280639648,-0.0017591925570741296,0.01821468211710453,
-0.43828412890434265,0.49777618050575256,0.7683691382408142,
-0.4640742838382721,0.609047532081604,0.30225852131843567,
0.10211452096700668,0.30597227811813354,0.7518654465675354,
-0.1191483736038208,-0.024845954030752182,-0.01287669874727726,
0.040455013513565063,0.026463117450475693,0.0067958165891468525,
0.024262672290205956,-0.14716970920562744,0.256299763917923,
0.010171065106987953,-0.038300514221191406,-0.051696211099624634,
0.01510735135525465,0.06361190229654312,0.09575416147708893,
0.1458270102739334,0.014684369787573814,0.00020390472491271794,
-0.3209059238433838,0.8401622772216797,0.842772901058197,
-0.05971691384911537,0.9008264541625977,0.5580149292945862,
0.2503209412097931,0.5862905979156494,0.80423903465271,
-0.055864155292510986,0.12414538860321045,0.04158264026045799,
0.10643935203552246,0.054805271327495575,0.08575208485126495,
-0.1345689594745636,0.041373539716005325,-0.04765486344695091,
-0.46403175592422485,0.3528969883918762,1.030806064605713,
-0.4265468120574951,0.06645368039608002,0.20755046606063843,
0.1494216024875641,0.13992244005203247,0.6503648161888123,
-0.3830103874206543,-0.35593992471694946,0.5599992275238037,
-0.4828053116798401,0.2580285668373108,-0.09960214793682098,
-0.007255194708704948,-0.3870573341846466,-0.15161985158920288,
-0.08905446529388428,-0.03715590760111809,0.05559102073311806,
0.045475274324417114,0.12819132208824158,0.04620318114757538,
-0.033975642174482346,0.0013857180019840598,0.039936505258083344,
0.0834365114569664,0.13236665725708008,0.022694462910294533,
-0.0675053820014,0.07356873154640198,-0.08729838579893112,
0.11337649077177048,-0.009190580807626247,0.0561787448823452,
-0.11621484160423279,0.10747731477022171,-0.005438094027340412,
0.024314431473612785,-0.04143403843045235,-0.012011869810521603,
0.03315561264753342,-0.12526726722717285,-0.07217349112033844,

pf2mli,pf2mli.weight
0.014676256105303764
-0.04175598546862602
-0.030315307900309563
-0.02996925264596939
0.04367963224649429
0.027893343940377235
0.07029595971107483
0.004974391311407089
0.04998168349266052
-0.011649923399090767
0.046162571758031845
0.07726617157459259
0.05338210240006447
-0.016066253185272217
0.15365371108055115
0.04579519107937813
-0.014893305487930775
-0.04961831867694855
-0.02442510984838009
-0.05655975267291069
0.034451015293598175
0.0097749512642622
0.026288282126188278
0.04971558228135109
0.1142793521285057
-0.003935371525585651
-0.057768262922763824
0.0015636433381587267
-0.02580590918660164
0.04554463177919388
0.01346627902239561
0.0018977518193423748
-0.02063729614019394
-0.03427523002028465
-0.02796582318842411
0.011992531828582287
-0.05349668115377426
0.04443566873669624
-0.028281385079026222
0.02536582760512829
-0.04393066465854645
-0.02241729386150837
-0.0051850005984306335
-0.012203865684568882
-0.07232073694467545
0.003027728758752346
-0.14098547399044037
-0.037733398377895355
0.013566202484071255
-0.01619800180196762
0.26572778820991516
0.7308512926101685
0.3024008572101593
-0.01302686333656311
0.08212261646986008
1.4002898931503296
0.5942508578300476
3.6019182205200195
1.2462177276611328
0.42137411236763
0.0011418014764785767
1.113749623298645
1.1328375339508057
2.3349225521087646
-0.03213824704289436
0.5060184001922607
1.1912784576416016
1.368337631225586
0.7539335489273071
0.8601006269454956
0.751512348651886
0.7007747888565063
1.0288257598876953
1.0601718425750732
1.0272935628890991
0.3358117938041687
1.4698519706726074
0.3476380407810211
-0.033316824585199356
-0.03343068063259125
1.5083506107330322
0.5297360420227051
2.184979200363159
1.2582727670669556
0.39768657088279724
0.004412113223224878
1.2902241945266724
1.2568669319152832
2.0665125846862793
0.03157683089375496
0.5002262592315674
1.176551103591919
1.340391755104065
1.9794542789459229
0.7323690056800842
0.7514210343360901
0.6790931820869446
1.012000322341919
1.4344977140426636
1.079560399055481
0.1319700926542282
1.8492326736450195
0.15198731422424316
0.0005049735773354769
0.02030567266047001
1.2266371250152588
0.554206132888794
0.5536880493164062
1.1159781217575073
0.3828580975532532
-0.0030483738519251347
1.2123366594314575
1.104105830192566
1.5011922121047974
0.06494881957769394
0.5187146663665771
1.1094496250152588
1.064259648323059
2.010767936706543
0.40766286849975586
0.6382665038108826
0.6132647395133972
0.7081872224807739
1.6952707767486572
0.911915123462677
0.30420881509780884
0.9601945281028748
0.3244495093822479
-0.04193553701043129
-0.00853727012872696
1.0554792881011963
0.3089000880718231
1.8282344341278076
1.080422043800354
0.39423006772994995
-0.005976169835776091
0.8004713654518127
0.8081210851669312
1.601669192314148
-0.08487282693386078
0.5031750202178955
0.9415059089660645
0.932333767414093
1.344470739364624
0.8105272054672241
0.5372400283813477
0.5228774547576904
1.0083765983581543
1.2005093097686768
1.1793081760406494
0.05486316606402397
0.025664325803518295
-0.050479546189308167
0.10996106266975403
0.0324036069214344
0.017755357548594475
-0.06743638962507248
0.037793077528476715
0.02555156871676445
0.06728606671094894
-0.025258837267756462
-0.01794186234474182
-0.05131848528981209
-0.07692227512598038
-0.09042026102542877
-0.031454380601644516
0.045954298228025436
-0.05476517230272293
0.027099544182419777
-0.033353291451931
-0.053677283227443695
-0.061152953654527664
0.033258937299251556
0.03898600488901138
-0.11536864936351776
-0.02561555989086628
-0.02086629904806614
-0.08840682357549667
0.0008274860447272658
-0.0439353883266449
0.002204773249104619
0.02704933099448681
-0.018675949424505234
0.01678963378071785
-0.052636440843343735
0.1270037144422531
0.03140365332365036
0.04099458083510399
0.07672833651304245
-0.08325234800577164
-0.02474875934422016
-0.07107515633106232
-0.031358782202005386
-0.09735425561666489
0.01709495484828949
0.0007653339416719973
0.09500671923160553
0.057073935866355896
0.07149453461170197
-0.07924632728099823
0.27676472067832947
1.2431360483169556
0.3362029194831848
0.002488767495378852
0.03735208511352539
1.4001134634017944
0.5634247660636902
4.620734691619873
1.1523810625076294
0.38376232981681824
-0.10480454564094543
1.2098004817962646
1.1046245098114014
1.931657075881958
0.01279065664857626
0.5035758018493652
1.1998775005340576
1.329267144203186
1.0925556421279907
0.7848690152168274
0.7028509974479675
0.6205500960350037
0.9662375450134277
1.3808130025863647
1.148999571800232
-0.0261710025370121
-0.03457042574882507
-0.019805530086159706
-0.028918979689478874
0.03200478106737137
-0.020882761105895042
-0.11228559911251068
-0.026582155376672745
-0.04274783656001091
-0.05307479202747345
-0.0023881851229816675
0.01381347980350256
-0.009477262385189533
-0.01950717903673649
0.07868828624486923
-0.02778833918273449
-0.03214871883392334
0.02365754544734955
-0.019859500229358673
0.025645017623901367
-0.032116156071424484
0.03886900842189789
-0.02894441969692707
0.013367702253162861
0.025361284613609314
-0.04489825293421745
-0.06542601436376572
0.04057717323303223
-0.03401785343885422
-0.0738491341471672
-0.06343216449022293
-0.020662669092416763
0.009194400161504745
-0.08126358687877655
-0.03831310197710991
-0.037492185831069946
-0.10332798212766647
-0.0234238114207983
0.047822192311286926
0.0167385283857584
0.013545223511755466
-0.033589474856853485
-0.05045551806688309
0.07621193677186966
0.0667111724615097
-0.036899033933877945
-0.024350743740797043
0.0007455127197317779
-0.06338207423686981
-0.020786788314580917
0.2798589766025543
0.9595978856086731
0.3937021493911743
-0.043726734817028046
0.017604058608412743
1.4483600854873657
0.6096048355102539
4.255103588104248
1.2102934122085571
0.36912843585014343
0.026946336030960083
1.2901808023452759
1.1677058935165405
2.1598174571990967
-0.04052705317735672
0.5429247617721558
1.2684946060180664
1.3721287250518799
1.062116265296936
0.7059051990509033
0.665363073348999
0.4475650191307068
0.9399294853210449
0.9925187826156616
0.8814889788627625
0.005210514646023512
-0.010745762847363949
0.0016399435698986053
-0.015979496762156487
-0.0632324367761612
-0.08086637407541275
-0.06472605466842651
-0.01973690651357174
-0.016078520566225052
0.03447318822145462
0.018454547971487045
0.0029209237545728683
-0.014276683330535889
0.02355474978685379
-0.057525716722011566
0.031621553003787994
0.05489470809698105
0.008156874217092991
-0.006614418234676123
0.06964202970266342
-0.0546417310833931
0.005640147719532251
-0.009946118108928204
0.04595484957098961
0.019531773403286934
0.3307659924030304
1.55934476852417
0.41043150424957275
0.05771584436297417
-0.031145943328738213
1.5249254703521729
0.529825747013092
2.2154946327209473
1.2623000144958496
0.30247190594673157
-0.0354183167219162
1.2980290651321411
1.2598536014556885
1.949093222618103
0.04130753129720688
0.5638879537582397
1.1459379196166992
1.3840129375457764
2.0244998931884766
0.9053556323051453
0.5704718828201294
0.6224355697631836
0.9462063312530518
1.524045705795288
1.1639912128448486
0.16238729655742645
0.21837295591831207
0.3528016209602356
-0.04741838574409485
0.000468635989818722
1.0377644300460815
0.08395425230264664
3.431244134902954
0.5838327407836914
0.34803247451782227
-0.009374326094985008
0.25939878821372986
0.8165451288223267
1.4375405311584473
0.016810325905680656
0.18165315687656403
0.5220495462417603
0.9148790836334229
0.4013151526451111
0.8179507255554199
0.4592960774898529
0.20313666760921478
0.48176467418670654
0.051107730716466904
1.1075184345245361
-0.09176438301801682
0.04567088931798935
-0.03132776916027069
0.029088111594319344
0.019867025315761566
0.04524872824549675
0.0033635650761425495
-0.03376169875264168
0.027106085792183876
-0.022396627813577652
0.015027482993900776
-0.05795550346374512
0.014580643735826015
0.00191050476860255
-0.08575963228940964
0.010748092085123062
0.009144763462245464
0.035370782017707825
-0.016611775383353233
0.05900445953011513
-0.013981799595057964
0.009275670163333416
-0.055757444351911545
0.00603018281981349
-0.07469023764133453
0.021891286596655846
-0.057890232652425766
0.10228635370731354
-0.05682220682501793
-0.037309467792510986
-0.011881580576300621
0.016071654856204987
0.028943795710802078
0.045339684933423996
0.045795589685440063
0.005244943778961897
0.025499757379293442
-0.022938640788197517
-0.003722582943737507
-0.03223192319273949
-0.000963376194704324
-0.11102452129125595
-0.023998873308300972
-0.06515176594257355
0.05367015674710274
-0.006477709393948317
-0.04096316173672676
-0.06857426464557648
-0.005016742739826441
-0.013360138051211834
-0.03769839555025101
0.02850322611629963
0.011640340089797974
0.021848509088158607
-0.016141317784786224
-0.07816832512617111
0.017701543867588043
0.03710731491446495
-0.008629098534584045
0.07825928926467896
-0.07392079383134842
-0.023438846692442894
0.0526430606842041
-0.041850585490465164
-0.005173619370907545
0.05825335159897804
-0.06098029762506485
0.05343553051352501
0.022130876779556274
-0.01719765178859234
0.08344154804944992
0.05661935359239578
0.003936160821467638
-0.023516178131103516
-0.021179912611842155
-0.002468120539560914
-0.06997364014387131
0.04006095230579376
0.016837196424603462
-0.0844976156949997
-0.04422314837574959
-0.023511677980422974
0.010077190585434437
-9.589269757270813e-05
-0.0721144750714302
-0.0010382961481809616
-0.05836167559027672
0.02677278220653534
-0.04571862146258354
-0.019626814872026443
-0.007117512170225382
0.06830435991287231
-0.0001232126960530877
-0.05238215997815132
-0.04549850896000862
-0.027757786214351654
-0.010427035391330719
0.015228834003210068
-0.014994796365499496
-0.03355482220649719
-0.11080549657344818
-0.06499023735523224
0.00675075501203537
-0.004492946434766054
-0.04194330424070358
-0.0363977812230587
0.005966029595583677
-0.03149540349841118
-0.05663146451115608
0.03221103176474571
-0.051914989948272705
-0.007013395894318819
0.07028839737176895
0.10599496215581894
0.016879262402653694
0.011485516093671322
0.02893042378127575
0.005967410281300545
-0.03895910829305649
-0.05786656588315964
0.029840387403964996
-0.005857638083398342
-0.03278347849845886
-0.016743000596761703
-0.0469910129904747
0.2349109947681427
0.7003200650215149
0.4013417959213257
-0.024033574387431145
-0.00111395085696131
1.2827180624008179
0.4866807162761688
4.1196064949035645
1.2883172035217285
0.4548035264015198
-0.056103333830833435
1.150619626045227
1.1124004125595093
2.4447286128997803
0.0790267288684845
0.5087101459503174
1.1526435613632202
1.3482005596160889
0.7693283557891846
0.6970748901367188
0.6935005784034729
0.49174728989601135
1.0245105028152466
1.085025429725647
1.1822909116744995
0.32290199398994446
1.6007447242736816
0.28286120295524597
-0.004991865251213312
-0.06225975230336189
1.3470458984375
0.463694304227829
2.733616590499878
1.2430076599121094
0.389325350522995
0.07413553446531296
1.2330076694488525
1.2961266040802002
2.2657406330108643
0.047697678208351135
0.5360301733016968
1.2186893224716187
1.437658667564392
2.168867349624634
0.8021841049194336
0.7232910990715027
0.6633566617965698
0.9075099229812622
1.542739987373352
1.2391893863677979
0.21539337933063507
1.8998838663101196
0.1952892243862152
-0.017765292897820473
-0.0328589528799057
1.2223193645477295
0.4656847417354584
0.5244024395942688
1.1367194652557373
0.4066900312900543
0.05091984570026398
1.3182450532913208
1.1844550371170044
1.5912165641784668
0.0057176249101758
0.5839927196502686
1.2450693845748901
1.0264500379562378
2.2003326416015625
0.4452052712440491
0.6629225611686707
0.6259358525276184
0.6796802282333374
1.7132465839385986
0.8969014883041382
0.22978034615516663
1.115792155265808
0.3606747090816498
0.029555901885032654
0.022322900593280792
1.1052597761154175
0.28003036975860596
1.9890947341918945
1.125935673713684
0.36970970034599304
0.0025658071972429752
0.6622954607009888
0.8542605042457581
1.7376435995101929
-0.051815930753946304
0.5502548217773438
0.9112516641616821
0.9565478563308716
1.3307474851608276
0.8374273180961609
0.4604344069957733
0.5325046181678772
1.0043261051177979
1.198816180229187
1.3252952098846436
-0.023701224476099014
0.036942023783922195
0.009403322823345661
0.04300406575202942
0.0319102443754673
-0.008046566508710384
0.06612537056207657
-0.05772421881556511
0.02370992861688137
-0.032637450844049454
0.002948620356619358
-0.01679953560233116
0.03256858512759209
0.04062652587890625
-0.030860984697937965
-0.021608175709843636
0.014056297019124031
-0.008463189005851746
-0.024748649448156357
-0.06940664350986481
0.04867411032319069
0.027209864929318428
-0.006424924824386835
-0.03616005927324295
-0.05487005040049553
0.048107992857694626
-0.07073505222797394
0.005556080956012011
-0.008043134585022926
0.026258369907736778
0.0571211576461792
0.05801541358232498
-0.05319250375032425
-0.0316132977604866
-0.04453840106725693
0.05951368808746338
-0.017414892092347145
0.027324683964252472
-0.030813977122306824
-0.09349681437015533
0.012585346587002277
0.04154069721698761
-0.06257840245962143
0.025769244879484177
-0.016147125512361526
0.015019639395177364
0.0020893695764243603
-0.028800467029213905
0.12355230003595352
0.02632964588701725
0.2490532398223877
1.363499641418457
0.34223291277885437
-0.015927975997328758
0.11859415471553802
1.327040195465088
0.46167275309562683
4.331717491149902
1.2157574892044067
0.4840030372142792
0.0238670464605093
1.262147307395935
1.1508891582489014
2.088939905166626
-0.1157434955239296
0.5185186266899109
1.1812466382980347
1.4414528608322144
1.153069257736206
0.7929779291152954
0.6113723516464233
0.6053685545921326
0.9998974800109863
1.5324757099151611
1.195143461227417
0.04419326037168503
-0.04280688613653183
0.04272574931383133
0.01283713523298502
-0.017978450283408165
-0.03738074749708176
-0.02740665152668953
0.001508574467152357
0.04934712126851082
0.05029846727848053
0.023831984028220177
-0.03260362148284912
-0.009625974111258984
-0.06302860379219055
-0.04372630640864372
0.05421151593327522
-0.041759248822927475
0.06062683090567589
0.00220794347114861
-0.023534409701824188
-0.06313697248697281
-0.08190318197011948
0.03272653743624687
-0.04547623544931412
-0.01289017591625452
-0.015237950719892979
0.0020913754124194384
0.0845455452799797
0.022419380024075508
-0.019584454596042633
-0.0004191493208054453
-0.015352803282439709
-0.061085063964128494
-0.05894598364830017
0.03768915310502052
0.012869304046034813
0.018288465216755867
0.030676204711198807
-0.03419743478298187
0.025514662265777588
0.03228810429573059
-0.029140129685401917
-0.044102828949689865
0.05554090440273285
-0.03948536515235901
0.032549530267715454
0.01910308189690113
0.05349520966410637
0.05910874158143997
0.050140924751758575
0.2943607270717621
0.9921123385429382
0.3208281695842743
-0.048643309623003006
-0.004960501100867987
1.3154194355010986
0.48907777667045593
5.199645519256592
1.1561524868011475
0.4043028950691223
0.030467471107840538
1.2432959079742432
1.2666996717453003
2.3575522899627686
-0.032990992069244385
0.5314030647277832
1.1742199659347534
1.3779295682907104
1.0871649980545044
0.7519851326942444
0.6701791882514954
0.4387529790401459
1.006564736366272
0.987060546875
0.9746884703636169
-0.04731421545147896
-0.019178716465830803
0.07838287949562073
0.013359825126826763
0.06204286962747574
-0.006399557460099459
0.008861270733177662
0.03667374327778816
-0.0491270013153553
0.006258522160351276
-0.007589947432279587
0.07339451462030411
0.04370841756463051
-0.013673561625182629
0.07003607600927353
-0.027588900178670883
-0.004803058225661516
0.052656617015600204
0.004290468990802765
-0.013107715174555779
0.029689140617847443
0.005152520723640919
-0.013938168063759804
-0.030764387920498848
0.05791950970888138
0.24690762162208557
1.7254725694656372
0.30783531069755554
-0.0607743002474308
0.06880191713571548
1.422155499458313
0.47626134753227234
2.6427001953125
1.3039531707763672
0.4515956938266754
0.049665044993162155
1.2889865636825562
1.2545303106307983
2.204516887664795
-0.06703434884548187
0.5320839881896973
1.2299503087997437
1.3861074447631836
2.214644193649292
0.7796083092689514
0.7428147196769714
0.5633186101913452
0.9950480461120605
1.611002802848816
1.1832295656204224
0.16513027250766754
0.23070573806762695
0.32779431343078613
0.006475408095866442
-0.06673507392406464
1.1525291204452515
0.06538152694702148
3.5297906398773193
0.6191456913948059
0.4100551903247833
-0.034474197775125504
0.2508683204650879
0.8193803429603577
1.8157793283462524
-0.045352913439273834
0.17733031511306763
0.46798595786094666
0.9051035046577454
0.4239019453525543
0.8406500220298767
0.40862947702407837
0.18338827788829803
0.5022522807121277
0.035826507955789566
1.2445225715637207
0.11054231971502304
0.03727798908948898
-0.025911185890436172
-0.009387007914483547
0.09511838108301163
0.00841053482145071
-0.019648468121886253
0.04613766074180603
0.03938177600502968
0.10995938628911972
-0.031474534422159195
-0.04184194654226303
0.017910873517394066
0.0029962612316012383
-0.03127044439315796
-0.05705844238400459
0.08432669192552567
0.02618221566081047
-0.07496092468500137
0.015382001176476479
0.05038992315530777
-0.004288861528038979
-4.032185461255722e-05
0.047394759953022
0.07667162269353867
0.0004249991325195879
-0.09064000099897385
-0.02524133026599884
-0.008843446150422096
0.0758948028087616
-0.04061225429177284
-0.03363422676920891
-0.04179207608103752
-0.023996179923415184
-0.031246153637766838
-0.010865016840398312
0.03017723187804222
0.037991393357515335
0.006270352751016617
0.0628250390291214
0.02768057771027088
0.01628716103732586
-0.014491268433630466
-0.027268392965197563
0.014811499044299126
-0.044210005551576614
-0.0488223098218441
0.012982923537492752
0.0705854520201683
-0.013451807200908661
-0.02991809882223606
0.010106254369020462
0.0367966927587986
-0.06118306517601013
-0.027003854513168335
-0.013365635648369789
0.042638178914785385
0.021432988345623016
-0.00939012598246336
-0.06441783159971237
0.13741467893123627
0.05413888767361641
-0.0021687769331038
0.014312694780528545
-0.01351020485162735
-0.0760408565402031
0.05520479753613472
-0.032423458993434906
0.06298071891069412
0.0835278108716011
-0.04353427141904831
0.05035284161567688
0.03305129334330559
0.02772190235555172
0.012918807566165924
0.06191170588135719
-0.0024291565641760826
-0.02067333087325096
-0.03580498695373535
0.03053833171725273
0.007211877498775721
-0.06702417135238647
-0.0013595179188996553
0.06165935844182968
-0.02144940197467804
-0.016744157299399376
-0.0882963314652443
0.010732224211096764
-0.02879967913031578
-0.11721544712781906
0.02188747003674507
0.08032917231321335
0.041338399052619934
0.06362223625183105
-0.07239577174186707
0.041274089366197586
-0.0028663533739745617
-0.020108595490455627
-0.07262870669364929
-0.04849715903401375
-0.0065306248143315315
0.06673699617385864
-0.0782756581902504
-0.014372562989592552
-0.07936692982912064
-0.008631548844277859
0.07269702106714249
-0.0112697072327137
-0.01077571976929903
-0.02989497408270836
-0.0016543444944545627
0.043372489511966705
0.03014831617474556
0.06592850387096405
0.062329333275556564
-0.048560403287410736
0.0523444302380085
-0.004430706612765789
-0.019524266943335533
-0.07477416098117828
0.07888583838939667
0.01015374343842268
-0.07589232176542282
0.07669192552566528
0.003252152120694518
0.30014991760253906
0.7312787175178528
0.3738612234592438
-0.02052120864391327
0.0516931377351284
1.1201945543289185
0.494723379611969
3.759199380874634
1.2258684635162354
0.4616212844848633
-0.04365617036819458
1.160178542137146
1.0887529850006104
2.404303789138794
-0.0701184943318367
0.5435037016868591
1.1493383646011353
1.4068280458450317
0.6956128478050232
0.7342596054077148
0.6202542781829834
0.5997888445854187
0.8751972317695618
1.0657243728637695
1.173022985458374
0.3946484327316284
1.6863231658935547
0.3957763612270355
-0.02848239429295063
-0.01720982789993286
1.3864600658416748
0.5221761465072632
2.4922256469726562
1.283853530883789
0.45020195841789246
-0.059297263622283936
1.2501754760742188
1.3880192041397095
2.16864013671875
0.038103923201560974
0.4841681122779846
1.231412410736084
1.4363020658493042
2.0468645095825195
0.7356129884719849
0.665250837802887
0.5372885465621948
0.9753008484840393
1.5536078214645386
1.1355801820755005
0.205781951546669
1.860073447227478
0.1431349813938141
0.044156964868307114
0.03830297291278839
1.244918704032898
0.4605279564857483
0.5336531400680542
1.1744794845581055
0.4041767716407776
-0.02892841398715973
1.3207368850708008
1.1158474683761597
1.6169836521148682
-0.053870249539613724
0.4822272062301636
1.1675784587860107
1.0160773992538452
2.0953266620635986
0.5638351440429688
0.6923962235450745
0.5901482105255127
0.8001285791397095
1.6706655025482178
0.8811604380607605
0.27774354815483093
1.0610969066619873
0.43169334530830383
0.021383585408329964
0.011375170201063156
0.9269930720329285
0.39821088314056396
1.932590365409851
1.0717912912368774
0.3680732846260071
-0.024395601823925972
0.8189533352851868
0.8769922256469727
1.5726877450942993
0.03050585836172104
0.4437452256679535
0.8729262351989746
1.0334303379058838
1.2835729122161865
0.8233450055122375
0.5167379379272461
0.5329018235206604
1.029825210571289
1.2529881000518799
1.104307770729065
-0.06481146067380905
0.029094619676470757
0.053905781358480453
-0.06818167865276337
-0.05546301603317261
0.025072233751416206
0.11055103689432144
-0.08907695859670639
-0.003442606655880809
-0.017212577164173126
-0.0377662293612957
-0.017713334411382675
0.0324157252907753
0.10344744473695755
-0.03485237807035446
-0.005725438706576824
0.026495400816202164
-0.07333242893218994
-0.03542952984571457
-0.005570440553128719
-0.016036594286561012
0.09851350635290146
0.05878700315952301
0.005427746567875147
0.0022497321479022503
-0.004758859518915415
0.06428473442792892
-0.04463779181241989
0.020500143989920616
-0.07389046251773834
0.03927009180188179
-4.9933667469304055e-05
0.02289140224456787
0.004166735336184502
0.04948394000530243
-0.016435693949460983
-0.09952566772699356
0.010495678521692753
-0.030298681929707527
-0.031675878912210464
0.003805651096627116
0.028373973444104195
-0.04798496514558792
-0.01917497254908085
-0.014516736380755901
-0.06273413449525833
-0.03511902689933777
0.020323997363448143
-0.017212223261594772
-0.03037605993449688
0.23073473572731018
1.3825247287750244
0.285130113363266
-0.02598671242594719
0.025083335116505623
1.140749216079712
0.5570083260536194
4.727563858032227
1.3051531314849854
0.40114694833755493
0.03938225656747818
1.1862809658050537
1.15007483959198
1.9521467685699463
0.029495064169168472
0.45295125246047974
1.2379820346832275
1.3456062078475952
1.1344919204711914
0.7602738738059998
0.6912554502487183
0.6411877870559692
1.0375596284866333
1.3828481435775757
1.1987677812576294
0.011752023361623287
-0.02476898394525051
-0.04724278673529625
-0.0015673749148845673
0.0678323432803154
-0.05899868160486221
0.03501805663108826
-0.03624146431684494
-0.0048125809989869595
0.02110515721142292
-0.03532607853412628
0.10072546452283859
0.00903771910816431
-0.006284307222813368
-0.03080070950090885
-0.015386438928544521
-0.026773041114211082
-0.056091904640197754
-0.033055394887924194
-0.04073411971330643
0.025171741843223572
0.09367670118808746
-0.020856762304902077
0.05901645869016647
0.025961920619010925
-0.01732509396970272
-0.04293181747198105
-0.00647377735003829
-0.11191300302743912
-0.03363773599267006
0.038735322654247284
0.030037185177206993
-0.007649948354810476
0.035010989755392075
0.007619423326104879
0.005722259636968374
-0.03763001412153244
0.021120218560099602
0.012992661446332932
-0.11995825171470642
0.03602105751633644
0.08593621104955673
0.038228653371334076
0.06733225286006927
0.02961200848221779
-0.006906367372721434
-0.00224114628508687
-0.04375959187746048
0.030443578958511353
0.05916743353009224
0.31398019194602966
0.8904856443405151
0.38627320528030396
0.03937622904777527
0.05901524797081947
1.2417049407958984
0.6267427802085876
5.0244140625
1.1760599613189697
0.42094314098358154
0.02175060845911503
1.2551777362823486
1.2391393184661865
2.2522664070129395
-0.06342974305152893
0.5186498165130615
1.2078393697738647
1.328890323638916
1.0132811069488525
0.7846624851226807
0.7100441455841064
0.45117467641830444
1.143459677696228
0.9277523756027222
0.9715538620948792
-0.0620998777449131
-0.022547584027051926
0.08442822843790054
-0.03263905644416809
0.013101247139275074
0.010781198740005493
0.04989238455891609
-0.0034083074424415827
-0.02302912063896656
-0.06615527719259262
-0.04784494638442993
-0.0694291964173317
0.033397648483514786
0.08034810423851013
-0.0523158498108387
-0.03698137775063515
-0.05124955624341965
0.017414703965187073
-0.060123980045318604
0.008115783333778381
-0.001256686169654131
-0.030545448884367943
-0.05853186547756195
-0.05182773247361183
0.05759541317820549
0.2719068229198456
1.6448601484298706
0.396761029958725
-0.008195732720196247
-0.06897889077663422
1.1999902725219727
0.530601978302002
2.4791932106018066
1.1543070077896118
0.37783926725387573
-0.003972260747104883
1.3247162103652954
1.3761845827102661
2.119452476501465
-0.0632551982998848
0.5952844023704529
1.232431173324585
1.388604760169983
2.1503803730010986
0.8120962381362915
0.6884587407112122
0.5913551449775696
1.0597615242004395
1.5063623189926147
1.1611605882644653
0.05296465754508972
0.1528826504945755
0.3309403955936432
-0.07150488346815109
0.003077325876802206
0.8931440114974976
0.16881291568279266
3.03043532371521
0.5918183922767639
0.3739469647407532
0.011549784801900387
0.26926323771476746
0.7034603953361511
1.5715200901031494
-0.049773573875427246
0.17766350507736206
0.5096652507781982
0.9597243666648865
0.40505024790763855
0.8891176581382751
0.4112544655799866
0.21376851201057434
0.5276307463645935
0.07306338101625443
1.22953200340271
0.055266693234443665
-0.06442581862211227
-0.05983151122927666
-0.01642281375825405
-0.03987785056233406
-0.014835509471595287
-0.046661555767059326
0.03935770317912102
-0.0012109450763091445
-0.008210207335650921
0.00671680923551321
0.026734985411167145
0.04759812727570534
-0.06100158393383026
0.1107950210571289
-0.012379380874335766
0.042068976908922195
-0.024016806855797768
-0.0584956631064415
0.025336839258670807
-0.06591689586639404
-0.03728402405977249
0.04774687811732292
-0.02118992619216442
-0.010395985096693039
0.03596801683306694
-0.01815113052725792
0.030728964135050774
-0.03188442438840866
-0.05043702945113182
0.015349057503044605
-0.03640025854110718
-0.0438787005841732
-0.06119678169488907
0.07602614909410477
0.06402129679918289
-0.003942863084375858
0.05343034863471985
0.06984344124794006
0.0336102619767189
0.03774517402052879
-0.045081689953804016
-0.0935065746307373
0.0490536168217659
0.02711719274520874
0.04003969952464104
0.021121785044670105
0.07772041112184525
-0.07636111229658127
-0.02936292253434658
-0.042617473751306534
0.017522593960165977
-0.03368978574872017
0.02072129212319851
-0.0008394374744966626
-0.027495544403791428
0.033160265535116196
-0.06994371116161346
-0.010097816586494446
-0.09779097139835358
0.012401550076901913
0.0027721829246729612
-0.025983592495322227
-0.0010994644835591316
-0.04409217834472656
-0.040357913821935654
0.06339001655578613
-0.08317013084888458
-0.10659823566675186
-0.010132839903235435
0.02624008245766163
0.04718353971838951
0.071474589407444
0.004956669174134731
0.05166143178939819
-0.06603049486875534
0.04379642382264137
0.07846662402153015
-0.15583887696266174
-0.04036089777946472
0.013321041129529476
0.01572153903543949
-0.09126254171133041
0.011253388598561287
0.059040263295173645
0.03875288739800453
0.050332892686128616
-0.012122060172259808
-0.0438387505710125
-0.0026002037338912487
-0.06380126625299454
0.027990838512778282
-0.012484907172620296
0.016545206308364868
0.009581304155290127
0.01935003697872162
0.03794611990451813
-0.02272346243262291
-0.03051280975341797
0.015063785947859287
0.028230246156454086
0.022679828107357025
0.00015636874013580382
-0.00805703829973936
-6.555227446369827e-05
0.011886020191013813
0.017807457596063614
-0.03623965010046959
-0.061885297298431396
-0.03880329057574272
-0.009226410649716854
0.07047861814498901
0.042596351355314255
0.016829615458846092
-0.029038164764642715
0.010290704667568207
-0.008854955434799194
-0.01026913896203041
0.01489055622369051
-0.007238949649035931
0.0135557996109128
-0.05999761447310448
0.0739237517118454
-0.02645394764840603
0.06422091275453568
0.3232595920562744
0.6893932223320007
0.4301009774208069
-0.04467032849788666
-0.09533961117267609
1.4008166790008545
0.5209779143333435
3.27756404876709
1.2133042812347412
0.4087781012058258
-0.02787034399807453
1.0004050731658936
1.1829822063446045
2.695464849472046
-0.0130890142172575
0.482349693775177
1.2117342948913574
1.4325323104858398
0.44883736968040466
0.8456063866615295
0.6227623224258423
0.5477747917175293
1.044237732887268
1.1482170820236206
1.2203108072280884
0.27754122018814087
1.952852725982666
0.35603347420692444
-0.018000638112425804
-0.016703573986887932
1.523177981376648
0.47987785935401917
2.3910608291625977
1.1516093015670776
0.34145787358283997
0.041228748857975006
1.1168984174728394
1.2398985624313354
2.439157009124756
0.07101096212863922
0.5362358093261719
1.1495401859283447
1.3817468881607056
2.6527116298675537
0.7683975696563721
0.6423617601394653
0.5449228286743164
1.0179747343063354
1.7050166130065918
1.4607346057891846
0.21391889452934265
2.2315807342529297
0.2427017241716385
0.014635805040597916
-0.0370943509042263
1.1683181524276733
0.5341020822525024
1.1432514190673828
1.0961880683898926
0.402761846780777
-0.04755018278956413
1.1535135507583618
1.196376085281372
2.6081490516662598
0.05645075440406799
0.5263877511024475
1.1939936876296997
0.9974794387817383
2.9555020332336426
0.5373843312263489
0.617033064365387
0.6156639456748962
0.7268550395965576
1.878989577293396
0.7996346354484558
0.24376308917999268
1.2970662117004395
0.3310149312019348
0.03061630018055439
0.03373180329799652
1.156712532043457
0.4116666615009308
4.254539489746094
1.0742491483688354
0.45842573046684265
-0.00527609558776021
0.668505072593689
0.7686000466346741
2.403350830078125
-0.01407655980437994
0.5606256127357483
0.8635885715484619
0.982077419757843
1.5881801843643188
0.7583904266357422
0.471943199634552
0.5360276103019714
1.000744104385376
1.37147855758667
1.3175239562988281
-0.03760455921292305
0.030931197106838226
0.01642693765461445
-0.022333523258566856
-0.030262555927038193
0.01922103948891163
-0.009038552641868591
0.04728929325938225
0.025346143171191216
0.07717229425907135
0.05466105788946152
-0.013968550600111485
-0.04567155987024307
-0.007693220395594835
0.007021300494670868
0.03655477613210678
-0.03656570985913277
0.04929043725132942
-0.021551022306084633
0.030842125415802002
-0.044555239379405975
0.04139948636293411
0.09994857758283615
0.04528270289301872
-0.024913491681218147
-0.026276418939232826
-0.11467340588569641
-0.07490736246109009
0.05748958885669708
0.006646124646067619
0.04091840237379074
0.0626504123210907
-0.07822202146053314
0.05784720927476883
-0.017276180908083916
-0.08599021285772324
0.10717078298330307
0.02522854693233967
0.04872243106365204
-0.009930023923516273
-0.017071062698960304
-0.041309840977191925
0.024234052747488022
-0.06020303815603256
-0.07775425910949707
-0.08630698174238205
0.016586968675255775
-0.011397553607821465
-0.036168504506349564
-0.045449331402778625
0.2977253794670105
1.5271607637405396
0.3252381384372711
-0.07560521364212036
0.03920254111289978
1.4921010732650757
0.4854401648044586
3.031933069229126
1.2106612920761108
0.48421093821525574
-0.06727273017168045
1.1231896877288818
1.1434999704360962
1.7752091884613037
-0.022401459515094757
0.5251262784004211
1.1829966306686401
1.3566516637802124
1.1767851114273071
0.7549054026603699
0.741387665271759
0.5564717650413513
0.9829065203666687
1.6048907041549683
1.3625203371047974
0.06047838553786278
-0.007503281347453594
0.0344565287232399
-0.035092197358608246
0.10771995037794113
-0.04478424787521362
-0.022932490333914757
0.04688398912549019
-0.025953451171517372
-0.027323316782712936
-0.09526542574167252
0.026033401489257812
0.052264779806137085
0.054045625030994415
-0.03994470462203026
-0.0073882522992789745
0.01072627305984497
0.014741502702236176
0.048800576478242874
0.05064038932323456
0.033717356622219086
0.01444633025676012
0.025294872000813484
0.0018957190914079547
-0.04296433553099632
-0.002686181804165244
-0.06628730148077011
-0.004458117764443159
-0.01796770840883255
0.019994845613837242
0.01801358163356781
-0.011796197853982449
0.03851054608821869
-0.011634365655481815
-0.028494995087385178
-0.019299931824207306
-0.017584843561053276
0.011221086606383324
-0.04789907857775688
-0.0031515962909907103
0.011339263059198856
-0.025343282148241997
-0.05332386866211891
-0.04687422141432762
-0.06089283525943756
0.009041468612849712
0.05051914602518082
-0.02332296036183834
0.10489624738693237
0.018732775002717972
0.2857033610343933
0.9688612818717957
0.2660394310951233
-0.04493468999862671
-0.019605059176683426
1.390142798423767
0.5412940979003906
3.4455480575561523
1.2461947202682495
0.4657805263996124
0.044133253395557404
1.220073938369751
1.2332781553268433
2.459188222885132
0.0041991644538939
0.45009809732437134
1.175254225730896
1.3957240581512451
0.9061174988746643
0.8107937574386597
0.6937717795372009
0.49991708993911743
1.0593526363372803
0.9800636768341064
1.1791822910308838
-0.012857596389949322
0.01233323197811842
-0.007247719913721085
0.061051145195961
-0.06730964779853821
0.0629667192697525
0.03555385395884514
0.01801183447241783
-0.06423916667699814
0.0259739700704813
-0.062132492661476135
-0.0545181930065155
0.10463528335094452
-0.009100109338760376
0.021041477099061012
-0.021549416705965996
0.03954179584980011
0.06614474207162857
0.08882223069667816
0.03804042935371399
0.051985424011945724
0.025135166943073273
0.017835812643170357
-0.010915959253907204
0.0022625948768109083
0.29746338725090027
1.9478561878204346
0.36806195974349976
-0.04150990769267082
-0.07528448104858398
1.512919306755066
0.474994033575058
2.1705307960510254
1.2634296417236328
0.3841034471988678
0.008436054922640324
1.1213362216949463
1.271615743637085
2.3344407081604004
-0.01997617445886135
0.4242948293685913
1.118491291999817
1.3565105199813843
2.6725988388061523
0.8174431324005127
0.6435942053794861
0.5700820684432983
1.0638741254806519
1.7170014381408691
1.341374397277832
0.10592788457870483
0.1717647910118103
0.3259321451187134
-0.017826290801167488
0.03308405354619026
1.109086036682129
0.09552039951086044
4.07858943939209
0.5328323841094971
0.35079672932624817
-0.016234787181019783
0.29022201895713806
0.6999920010566711
1.8944119215011597
0.05616023764014244
0.1436232328414917
0.4343533217906952
0.9597312211990356
0.4174114763736725
0.8328534364700317
0.43121927976608276
0.1370452642440796
0.5182000994682312
-0.005067650694400072
1.3873176574707031
0.015310090035200119
0.04956906661391258
0.025845251977443695
0.010551074519753456
-0.028961151838302612
-0.01674038916826248
-0.016416052356362343
-0.08602659404277802
0.002629804890602827
0.024505015462636948
-0.0388348251581192
-0.058798935264348984
-0.0018276580376550555
0.03249277174472809
0.025041112676262856
-0.009832693263888359
-0.031846970319747925
0.08045193552970886
0.018788734450936317
-0.04802324250340462
-0.0035265858750790358
0.09553629904985428
0.017977751791477203
0.0006742666591890156
-0.018451690673828125
-0.03541949391365051
0.01647931896150112
-0.049066293984651566
-0.001056633424013853
-0.006325347349047661
0.008737736381590366
0.06350883096456528
0.015689391642808914
0.08761656284332275
0.02543710358440876
-0.06618214398622513
0.04834185913205147
-0.11035031825304031
-0.0788850486278534
-0.017070479691028595
-0.00027771934401243925
-0.07645232230424881
-0.048582691699266434
0.038837626576423645
0.032155752182006836
-0.04356116056442261
0.026270423084497452
-0.01730865053832531
-0.024171769618988037
0.019336063414812088
-0.0023616929538547993
0.0016217937227338552
-0.04477216303348541
-0.11700434237718582
0.023975245654582977
-0.08085189759731293
0.03195999562740326
-0.01428600586950779
-0.013523110188543797
0.04412185028195381
0.11803409457206726
0.02929343469440937
-0.011074190959334373
-0.029169240966439247
0.03959903493523598
0.06903170794248581
0.006193898152559996
-0.00727278646081686
-0.05846850201487541
-0.06775792688131332
-0.007120200432837009
-0.0003911135427188128
0.00818201806396246
0.048061951994895935
0.007790913339704275
0.004786357283592224
-0.05861425772309303
-0.0625859871506691
0.054447270929813385
-0.024249842390418053
-0.012556909583508968
-0.07638908922672272
0.03183674067258835
0.04408658295869827
-0.059158116579055786
0.03229564055800438
0.061959538608789444
-0.024157311767339706
-0.05563240870833397
0.039315447211265564
0.07969939708709717
0.029181551188230515
0.0036109774373471737
-0.07428853958845139
-0.0017708432860672474
0.020260687917470932
-0.030495403334498405
-0.04980378597974777
0.01189596951007843
-0.050066377967596054
-0.009416487067937851
-0.025101343169808388
0.05852239951491356
-0.046517856419086456
-0.05716746300458908
0.09328874945640564
-0.029430322349071503
0.01009658444672823
0.004869130905717611
-0.05424890294671059
0.026793381199240685
0.023669859394431114
0.03771039471030235
-0.036814089864492416
-0.015829380601644516
-0.010633386671543121
0.05992375686764717
0.0805165246129036
-0.033072102814912796
-0.03814613074064255
0.028559479862451553
-0.003197422716766596
-0.033937714993953705
-0.0032644392922520638
-0.034532081335783005
0.3158622980117798
0.7251076102256775
0.32628586888313293
0.015818826854228973
-0.07983776926994324
1.3022029399871826
0.4555753171443939
3.6507935523986816
1.1423397064208984
0.4468023180961609
0.0008445722633041441
1.1125379800796509
1.0997610092163086
2.1668992042541504
0.10220717638731003
0.5131421089172363
1.1749751567840576
1.3716351985931396
0.7703994512557983
0.8033058643341064
0.6365838646888733
0.633033812046051
0.9839805364608765
1.0724263191223145
0.9892356991767883
0.25204500555992126
1.5681769847869873
0.3407793939113617
0.06230160593986511
-0.020161578431725502
1.5507850646972656
0.5674593448638916
2.461747884750366
1.1517201662063599
0.46771031618118286
0.07037614285945892
1.291826844215393
1.2459852695465088
2.1317262649536133
0.0029910318553447723
0.49276024103164673
1.1362720727920532
1.402888536453247
1.8586114645004272
0.7283000349998474
0.6178008913993835
0.5165084600448608
1.0191354751586914
1.4661201238632202
1.1159759759902954
0.2168634682893753
1.8487067222595215
0.15117846429347992
0.01866770163178444
0.04227489233016968
1.1877719163894653
0.4625954329967499
0.562106192111969
1.0686556100845337
0.47374290227890015
0.02231896109879017
1.169237732887268
1.0072788000106812
1.4383771419525146
0.02814384736120701
0.5806459188461304
1.20089590549469
1.0678355693817139
2.0040183067321777
0.42697131633758545
0.6457391977310181
0.5868726372718811
0.6312091946601868
1.7046267986297607
0.8155888915061951
0.3278031349182129
1.0276790857315063
0.2901548445224762
-0.0317889004945755
0.03805418685078621
1.18260657787323
0.422429621219635
1.7987232208251953
1.0185905694961548
0.45698410272598267
-0.04013225436210632
0.6407261490821838
0.7109439373016357
1.5670400857925415
-0.09343594312667847
0.5477219820022583
0.9221222996711731
0.9093897342681885
1.1781429052352905
0.8002102375030518
0.47582578659057617
0.515004575252533
0.9871679544448853
1.1751195192337036
1.0213489532470703
0.08538272976875305
0.00659908726811409
0.006452565547078848
-0.04962810501456261
0.06873622536659241
0.07530827075242996
-0.09253402054309845
-0.03598665073513985
0.0429043285548687
0.06265635043382645
-0.00346198002807796
0.013112809509038925
0.05307535454630852
-0.08812056481838226
0.0350147970020771
0.03635836020112038
-0.08554015308618546
-0.0048181661404669285
-0.030481770634651184
-0.014755806885659695
-0.028725184500217438
0.009299240075051785
-0.08587629348039627
-0.018840236589312553
0.06403367221355438
-0.023267898708581924
0.019050514325499535
-0.008541328832507133
-0.05466730147600174
0.023540040478110313
-0.049173809587955475
-0.0090075908228755
0.03768635913729668
0.00834668055176735
-0.05274474620819092
0.04754636809229851
-0.021181516349315643
0.03170362114906311
0.028873763978481293
0.062428299337625504
0.029298413544893265
0.020965449512004852
0.038937874138355255
-0.00714745931327343
-0.057461727410554886
0.033774666488170624
-0.008376359939575195
0.01828676089644432
0.039195090532302856
-0.054262928664684296
0.21091945469379425
1.3095623254776
0.33827027678489685
-0.035149164497852325
-0.08053402602672577
1.383124828338623
0.507016658782959
4.536106586456299
1.1892786026000977
0.3713092803955078
-0.027929160743951797
1.20015549659729
1.1047011613845825
1.9719899892807007
-0.03168129920959473
0.4879957139492035
1.1502519845962524
1.416386604309082
1.0348968505859375
0.7919120788574219
0.6848596334457397
0.5589724183082581
0.8697593212127686
1.3237632513046265
1.0894018411636353
0.05267486348748207
0.0643693283200264
-0.058482520282268524
-0.07924076169729233
0.018210461363196373
0.06402425467967987
-0.02128870226442814
0.091563381254673
-0.017708798870444298
0.012134624645113945
0.1008075550198555
0.009092945605516434
-0.08341850340366364
-0.05409460887312889
0.0461011566221714
0.049465470016002655
-0.029622454196214676
-0.02360079437494278
0.05201219767332077
-0.03159446269273758
-0.03699140623211861
0.0013699019327759743
0.01985483430325985
0.0062141502276062965
-0.04241788759827614
0.1035797968506813
0.008480352349579334
-0.01072611566632986
-0.03964679315686226
0.032643888145685196
-0.026421871036291122
-0.08609775453805923
-0.028318408876657486
-0.010886894538998604
0.03628982603549957
0.1046316996216774
-0.003982970025390387
-0.025811441242694855
0.06945646554231644
-0.07838740944862366
0.045929912477731705
-0.042513344436883926
0.04257496818900108
0.00021909319912083447
0.011933817528188229
-0.00777938449755311
-0.06778885424137115
-0.0002696156152524054
-0.03254382684826851
0.038395971059799194
0.23159299790859222
0.9069632887840271
0.4002002775669098
-0.015040070749819279
-0.05776851251721382
1.3927702903747559
0.5814582109451294
4.7686543464660645
1.1827524900436401
0.35924792289733887
0.028198642656207085
1.1469440460205078
1.142086386680603
1.9474331140518188
0.03506458178162575
0.441813588142395
1.2726681232452393
1.3936567306518555
0.92780601978302
0.8155066967010498
0.670354425907135
0.46099573373794556
0.9970446825027466
0.9763650298118591
0.7914699912071228
0.04369702562689781
0.030410202220082283
-0.017998574301600456
-0.02523922733962536
0.0024795164354145527
-0.011473559774458408
-0.01342389639467001
0.039924509823322296
-0.030761493369936943
-0.04332238435745239
0.008546690456569195
-0.08440621942281723
0.02021859958767891
0.006595618091523647
-0.05980996415019035
0.0333578921854496
0.02957244962453842
0.0816236063838005
0.07603539526462555
-0.013382638804614544
0.03540043532848358
0.03494573011994362
0.04507271200418472
0.07571427524089813
-0.008579585701227188
0.21948696672916412
1.6762913465499878
0.3513799011707306
-0.00448123412206769
-0.04723968356847763
1.4507757425308228
0.4687270224094391
2.346857786178589
1.2221945524215698
0.3397945463657379
0.03255293518304825
1.2069146633148193
1.169047474861145
2.087763786315918
0.052464358508586884
0.5677170157432556
1.269881248474121
1.4304368495941162
2.0879733562469482
0.8269966244697571
0.6287809610366821
0.6345815062522888
1.0368068218231201
1.4656853675842285
1.1210715770721436
0.21411632001399994
0.20255877077579498
0.30011001229286194
0.05293920263648033
-0.03666132688522339
1.0161417722702026
0.09912067651748657
2.707670211791992
0.5854922533035278
0.3793948292732239
-0.055120617151260376
0.23194995522499084
0.6991782784461975
1.428906798362732
-0.0019838439766317606
0.115033358335495
0.5022338032722473
0.9433996081352234
0.4352572560310364
0.7362844347953796
0.44043591618537903
0.16546285152435303
0.5664508938789368
0.10696612298488617
1.1180917024612427
-0.14601317048072815
0.038773294538259506
0.033400144428014755
-0.02818715013563633
0.008229115046560764
0.06926918774843216
-0.04691699519753456
-0.0410488024353981
0.015699194744229317
-0.02362281084060669
-0.0017201337032020092
0.00627824617549777
0.021085800603032112
-0.089029461145401
-0.01591232605278492
-0.03654151409864426
-0.022270778194069862
-0.06755059212446213
0.02649751678109169
-0.008329309523105621
0.003487769514322281
0.04057436063885689
-0.04314145818352699
-0.06300109624862671
0.030152294784784317
-0.053888965398073196
0.012728413566946983
-0.06423461437225342
0.02647196128964424
0.02332102134823799
0.03951924666762352
0.017068859189748764
-0.06883507966995239
-0.05028202384710312
0.012083271518349648
0.03321031481027603
0.03180139139294624
-0.07580036669969559
-0.00251389411278069
0.038811780512332916
0.12601973116397858
0.0635746419429779
0.04284387826919556
-0.019401097670197487
-0.009252756834030151
-0.03162289038300514
0.044126223772764206
-0.08531729131937027
-0.038006268441677094
-0.004966420121490955
-0.06573879718780518
0.06929083168506622
-0.00686384504660964
-0.0316268689930439
-0.007630081381648779
0.017537271603941917
-0.0015122756594792008
-0.020899077877402306
-0.046779606491327286
0.002206279430538416
0.03393043577671051
0.03265376389026642
0.06256026774644852
-0.004653090611100197
-0.013376236893236637
-0.05785827338695526
0.09095647186040878
-0.01644911803305149
-0.042977411299943924
-0.00512442784383893
-0.058969613164663315
-0.06994353979825974
-0.08803586661815643
-0.1319284290075302
0.031114427372813225
0.02787615917623043
0.03401029109954834
-0.03951408714056015
0.01838056556880474
0.05571604520082474
0.05586418882012367
-0.015303906984627247
0.03728475049138069
-0.05562397837638855
0.07649509608745575
-0.038544654846191406
0.011767538264393806
-0.006833164021372795
0.028851617127656937
-0.023455655202269554
0.05581288784742355
0.008284659124910831
0.05178128927946091
-0.04670253396034241
-0.0479106567800045
0.006054379511624575
-0.03609853237867355
-0.006326598115265369
0.04084336385130882
-0.10959744453430176
-0.01899726688861847
-0.05604029819369316
-0.10448440909385681
-0.04624483361840248
0.021635623648762703
-0.01908216066658497
0.0150796202942729
0.0729934573173523
-0.019790958613157272
0.002770471153780818
0.034880928695201874
-0.04072127118706703
0.061992354691028595
-0.1072031781077385
-0.07217519730329514
-0.006547483615577221
-0.05824332684278488
0.021050715819001198
-0.016558105126023293
-0.05360594764351845
-0.02237708494067192
0.04556907340884209
0.03429076075553894
0.0031106334645301104
-0.005226463545113802
0.054329339414834976
-0.12935300171375275
-0.2557189464569092
-0.08278723061084747
0.048165593296289444
-0.5530583262443542
-0.10606168955564499
0.2585201859474182
-0.7851160168647766
-0.35172805190086365
0.026097357273101807
0.500027060508728
-0.07316291332244873
-0.8226931691169739
0.028240704908967018
0.1546606719493866
0.8777562975883484
0.28762155771255493
-0.512447714805603
-0.7956839203834534
0.2043125331401825
0.16086804866790771
0.16836360096931458
-0.41671857237815857
-1.2136107683181763
0.0021123902406543493
-0.688992977142334
-0.23193609714508057
-0.05094593018293381
-0.026113474741578102
-0.5746561884880066
0.0008614697144366801
-0.4944903254508972
-0.8570369482040405
-0.2085927426815033
0.04139278829097748
0.4218224585056305
-0.4463033974170685
-1.598929762840271
0.05278431996703148
0.2744778096675873
1.005865454673767
0.31425759196281433
-1.109508991241455
-0.7071491479873657
0.2451772391796112
0.18518123030662537
0.05162987485527992
-0.8581761121749878
-1.2479162216186523
0.24615943431854248
-0.8366358280181885
-0.16972588002681732
0.008296879939734936
-0.05719844996929169
-0.5669780969619751
0.03785959258675575
0.2470531314611435
-0.7419970035552979
-0.15888671576976776
-0.022671695798635483
0.5000553131103516
-0.22402535378932953
-0.9625166058540344
0.08506184816360474
0.24308988451957703
0.888373076915741
0.44002413749694824
-1.0816289186477661
-0.39348742365837097
0.21938592195510864
0.17966949939727783
-0.07718908041715622
-1.0401546955108643
-0.5060964226722717
0.14628146588802338
-0.33719682693481445
-0.20285478234291077
0.034415945410728455
0.043109554797410965
-0.5483663082122803
-0.22674626111984253
-0.035883545875549316
-0.7274664640426636
-0.19099639356136322
-0.06152130663394928
0.3802589476108551
-0.1374131441116333
-1.2103626728057861
-0.06950663030147552
0.19735848903656006
0.7077417373657227
0.24511349201202393
-1.0199793577194214
-0.7423606514930725
0.517071545124054
0.2082948088645935
0.00645860843360424
-0.7801769375801086
-1.189160943031311
0.05324331670999527
0.0016973059391602874
0.07833593338727951
0.044663943350315094
0.015737280249595642
0.02206418104469776
0.02184300497174263
-0.03043033927679062
0.08494258671998978
0.0023056138306856155
0.05603992938995361
0.02492903731763363
0.03802739828824997
0.04446657374501228
0.013520990498363972
-0.007345013786107302
0.07365472614765167
0.05663192272186279
-0.04382418841123581
0.0729663223028183
-0.016718383878469467
-0.032513998448848724
-0.039668258279561996
0.0013024862855672836
-0.05380619689822197
0.05719073489308357
0.00033205587533302605
-0.17646697163581848
-0.008775334805250168
0.0018457521218806505
0.04245861992239952
0.018958570435643196
-0.012928933836519718
0.04581606388092041
-0.024193696677684784
-0.00032242006273008883
0.017213715240359306
-0.0042043025605380535
-0.001957271946594119
0.01965186931192875
-0.0042900447733700275
0.030306560918688774
0.02036713808774948
-0.06882743537425995
0.02992035262286663
0.0100274458527565
-0.04009661078453064
-0.06253790855407715
-0.05012225732207298
-0.06882273405790329
0.05337054654955864
-0.41376960277557373
-0.26746851205825806
0.03327485918998718
0.03865419328212738
-0.4566127359867096
-0.07726779580116272
-0.6519392132759094
-0.7558555603027344
-0.2764459550380707
-0.023281756788492203
0.526593804359436
-0.24935518205165863
-1.2197288274765015
-0.06343542784452438
0.11604191362857819
0.953829824924469
0.31200936436653137
-0.7506539821624756
-0.7475497126579285
0.22153207659721375
0.24592983722686768
0.05063486471772194
-0.822116494178772
-1.194181203842163
0.013048921711742878
-0.08438847213983536
0.06636505573987961
0.01863846369087696
-0.03918532282114029
0.00789386685937643
0.0011441210517659783
-0.021446138620376587
-0.010639949701726437
0.0060415007174015045
-0.0471377931535244
0.06974957138299942
0.028669875115156174
-0.030962612479925156
-0.03467780351638794
-0.006211298517882824
0.10252123326063156
0.055745165795087814
-0.00694737583398819
-0.07611267268657684
-0.08606293797492981
0.0034581890795379877
-0.0032528825104236603
-0.03303981199860573
0.07773756235837936
0.06717226654291153
0.09524235874414444
-0.027143802493810654
-0.14990133047103882
0.11054389178752899
0.03955952078104019
0.09261202067136765
0.03849230706691742
0.07340006530284882
0.023012936115264893
-0.029242368414998055
-0.04250337928533554
-0.026976393535733223
-0.020721355453133583
0.007601685356348753
0.012845959514379501
0.06772275269031525
0.06896036118268967
-0.03690667450428009
0.018502574414014816
0.006020424421876669
0.046494197100400925
-0.04052266851067543
0.015055714175105095
0.015593389980494976
0.06156940385699272
-0.34391769766807556
-0.2515067458152771
-0.07342000305652618
-0.06494507938623428
-0.5505578517913818
-0.03886939957737923
0.3661406338214874
-0.8841191530227661
-0.13170458376407623
0.03625669330358505
0.42879417538642883
-0.2593606412410736
-0.7593424916267395
-0.0390486903488636
0.2382575422525406
0.9360366463661194
0.44319719076156616
-0.5955443978309631
-0.7355225086212158
0.21825169026851654
0.1565614938735962
0.20876456797122955
-0.40260595083236694
-1.0475140810012817
-0.10406388342380524
0.0006838415283709764
0.046325091272592545
-0.004442733246833086
-0.04754074290394783
0.09811831265687943
0.006762654986232519
-0.0051564848981797695
-0.0391649566590786
0.02600109577178955
-0.026467081159353256
0.00482422299683094
0.02695627696812153
0.051407646387815475
0.018674880266189575
0.0005401873495429754
0.06626030057668686
0.024747531861066818
0.005262930411845446
-0.028195615857839584
0.05151396244764328
0.022107398137450218
-0.040412791073322296
0.030638616532087326
0.03927741199731827
0.08788561075925827
-0.7053254246711731
-0.15567699074745178
-0.002415649127215147
0.048593755811452866
-0.6436558961868286
-0.09012550860643387
-0.6925300359725952
-0.8174625635147095
-0.2668714225292206
0.0061943549662828445
0.45553427934646606
-0.4140385687351227
-1.4582346677780151
0.02255108207464218
0.1260158121585846
0.9388021230697632
0.21549862623214722
-1.086491346359253
-0.6507706642150879
0.2566722631454468
0.1328938901424408
0.025843888521194458
-1.0130528211593628
-1.1767393350601196
-0.03242195025086403
-0.09864888340234756
-0.20397375524044037
-0.11946673691272736
0.06962952017784119
-0.45849618315696716
-0.09081467241048813
0.38478827476501465
-0.37280941009521484
-0.20837488770484924
-0.0036674723960459232
0.22784657776355743
-0.19202597439289093
-0.6912207007408142
-0.017998846247792244
0.11344510316848755
0.573309600353241
0.38768041133880615
0.03639306128025055
-0.7024291157722473
0.3620118200778961
0.22320695221424103
0.2238430380821228
0.0256184134632349
-1.1624492406845093
0.04736068844795227
0.04029648005962372
-0.024218972772359848
-0.16184493899345398
0.0175093375146389
-0.048102542757987976
0.12490061670541763
-0.027611125260591507
0.0031864598859101534
-0.03461652994155884
0.009480156935751438
-0.0650394931435585
0.06013258546590805
-0.06401184946298599
-0.02661195397377014
0.1010994240641594
-0.055013008415699005
0.030204981565475464
-0.009946894831955433
0.0015764293493703008
-0.06611885130405426
0.023518018424510956
-0.01892508566379547
-0.053013306111097336
0.04485844820737839
0.029790669679641724
0.046598922461271286
0.0323675200343132
0.03828265517950058
0.005139434244483709
-0.036401133984327316
0.022803088650107384
0.053475163877010345
0.02706589549779892
-0.0450463630259037
0.05681709945201874
0.020128637552261353
0.03070680983364582
-0.06272459030151367
-0.020384840667247772
0.010834753513336182
-0.035428356379270554
-0.07683422416448593
-0.05832609161734581
-0.01608123630285263
0.06542358547449112
-0.02438056468963623
-0.040184929966926575
-0.03217560797929764
0.07427525520324707
-0.08817154914140701
0.00743532320484519
0.08238381147384644
-0.0024908161722123623
-0.043238814920186996
-0.011990520171821117
0.08236169070005417
0.028982719406485558
0.00012927604257129133
0.017725959420204163
-0.011961986310780048
0.007857667282223701
-0.01846589520573616
0.000610453775152564
0.03136955574154854
0.05583295226097107
-0.01048064325004816
0.02937583439052105
-0.013162704184651375
0.00864441879093647
0.055076148360967636
-0.017971603199839592
0.05335929989814758
0.012528068386018276
0.04375235736370087
0.04624263569712639
0.0489298552274704
-0.1037621796131134
-0.014500567689538002
0.04217776656150818
-0.010967349633574486
0.0473383292555809
-0.07608883827924728
-0.04663943499326706
-0.03464528173208237
-0.04496465250849724
0.0024960909504443407
-0.07955997437238693
-0.05834902450442314
-0.07439039647579193
0.0023745489306747913
-0.025739165022969246
-0.045379433780908585
0.013889634981751442
-0.0032418605405837297
-0.07221446186304092
0.011239340528845787
0.038434553891420364
-0.011644167825579643
0.027033401653170586
-0.02545224130153656
-0.02627662383019924
-0.014457219280302525
0.040998272597789764
-0.07911988347768784
-0.011358048766851425
0.07927942276000977
-3.271145396865904e-05
-0.00853739120066166
0.0008753371075727046
0.05953571945428848
0.017423352226614952
-0.03611711785197258
-0.0122971311211586
0.0411190390586853
0.020554659888148308
-0.00195335759781301
0.0075011663138866425
0.036773864179849625
-0.011505266651511192
-0.13988950848579407
0.039239559322595596
0.06005965918302536
0.032196566462516785
0.06146819517016411
0.2833452820777893
0.7538278698921204
0.35033881664276123
0.08403447270393372
-0.037763554602861404
1.265193223953247
0.5406238436698914
3.810814380645752
1.2456905841827393
0.4064595401287079
0.012558761984109879
1.1203569173812866
1.1211451292037964
2.332761526107788
0.06340524554252625
0.5630922317504883
1.2168065309524536
1.4035784006118774
0.8477491140365601
0.7864192128181458
0.7360808253288269
0.6263577938079834
0.9807184338569641
1.0905017852783203
1.1876537799835205
0.3240877687931061
1.6746236085891724
0.40672191977500916
0.05685236677527428
-0.006934132892638445
1.4460968971252441
0.45910659432411194
2.602736234664917
1.2273365259170532
0.40520229935646057
-0.08690140396356583
1.1640275716781616
1.3446648120880127
2.202362060546875
0.0023702329490333796
0.47699564695358276
1.2953242063522339
1.3517248630523682
2.0594940185546875
0.8777191638946533
0.7292755842208862
0.6333096027374268
1.0262283086776733
1.5844498872756958
1.1620678901672363
0.18607747554779053
1.89666748046875
0.18953323364257812
0.040923863649368286
0.020213045179843903
1.2570425271987915
0.48133793473243713
0.6218075156211853
1.1851454973220825
0.41633060574531555
0.04089655354619026
1.233363389968872
1.0662957429885864
1.5468811988830566
0.04342597350478172
0.4946293532848358
1.2665581703186035
1.0281476974487305
2.1753792762756348
0.4419552683830261
0.755700945854187
0.6637251973152161
0.7168352007865906
1.7341697216033936
0.9051443934440613
0.32989415526390076
1.1159511804580688
0.44687309861183167
-0.04844185337424278
-0.06211717426776886
1.0630210638046265
0.2822091579437256
1.9175059795379639
1.1186500787734985
0.4012054204940796
-0.0143660306930542
0.6961520910263062
0.851749062538147
1.5457581281661987
0.057016436010599136
0.5024767518043518
0.9176396131515503
0.9954962730407715
1.3238189220428467
0.7819681763648987
0.4529995918273926
0.538938581943512
0.9296468496322632
1.268409013748169
1.183223009109497
0.02062305435538292
0.019521409645676613
0.0275407861918211
0.0061468747444450855
0.002427414059638977
0.009973248466849327
-0.13595716655254364
-0.00596943125128746
-0.019318098202347755
-0.03621416166424751
0.04867808148264885
0.021459180861711502
0.026297472417354584
-0.09907553344964981
0.04934431239962578
0.018275976181030273
-0.06922192871570587
-0.02245897613465786
0.04220493882894516
0.0651344433426857
-0.06960099190473557
0.014424145221710205
-0.010207007639110088
-0.025388436391949654
0.014343452639877796
0.04468124732375145
-0.06832927465438843
-0.0732874721288681
-0.03512769192457199
0.004726503510028124
-0.07824085652828217
0.07612547278404236
0.059773825109004974
-0.03836553171277046
-0.05254825949668884
0.07217773795127869
0.019588356837630272
-0.011675076559185982
0.03586249053478241
-0.012041826732456684
-0.03972643241286278
0.017310483381152153
0.030724050477147102
-0.010289611294865608
0.01901206560432911
-0.041698526591062546
-0.037186481058597565
-0.09817758202552795
-0.014672740362584591
0.03352966904640198
0.2022239863872528
1.4418073892593384
0.37702980637550354
-0.09478942304849625
-0.05769773945212364
1.32710862159729
0.5192215442657471
4.548646926879883
1.1961530447006226
0.381999671459198
0.033696528524160385
1.2710425853729248
1.2601698637008667
2.0556814670562744
0.013584359548985958
0.5079976320266724
1.1345250606536865
1.4201526641845703
1.10357666015625
0.8460012078285217
0.6575252413749695
0.6120190024375916
0.9244388341903687
1.379624843597412
1.1660208702087402
-0.061502255499362946
-0.0191580168902874
0.025860177353024483
0.020455416291952133
0.047684699296951294
0.017311230301856995
-0.002655548509210348
0.01663936860859394
0.13070239126682281
0.048019345849752426
0.04801895096898079
0.02533559873700142
0.049177706241607666
0.022503281012177467
0.0321497917175293
0.005136407911777496
0.049041204154491425
0.029901064932346344
-0.02668420784175396
-0.04785803332924843
0.016366612166166306
0.048454705625772476
0.013039187528192997
0.023376325145363808
0.07539848238229752
0.022221267223358154
-0.04614058509469032
0.019916929304599762
0.0662282183766365
0.061236921697854996
-0.04840689152479172
0.008419704623520374
-0.04656529799103737
-0.02629953622817993
-0.0190376415848732
-0.036251746118068695
-0.019158627837896347
-0.11784353852272034
0.07226087152957916
-0.03911345452070236
-0.049635738134384155
-0.0925181582570076
0.01594311185181141
-0.06389492005109787
-0.055743422359228134
-5.6623925047460943e-05
-0.002037191530689597
-0.02926592342555523
-0.049379732459783554
0.06593915820121765
0.2583708167076111
0.9950355887413025
0.3491246700286865
-0.011025273241102695
-0.010446710512042046
1.3463951349258423
0.49545690417289734
4.779612064361572
1.2624729871749878
0.3647756576538086
0.02827845700085163
1.2356534004211426
1.211591124534607
2.178981304168701
-0.04123137891292572
0.44979795813560486
1.1423511505126953
1.4163470268249512
1.096234917640686
0.8085405230522156
0.8192681074142456
0.556564450263977
1.0186588764190674
0.9661973118782043
0.9287798404693604
-0.03336170315742493
0.02604573592543602
-0.07815060764551163
0.0028285549487918615
0.06490281224250793
0.06877967715263367
-0.04693940281867981
-0.025080233812332153
0.010190729051828384
0.05346718430519104
-0.015257134102284908
0.02319330908358097
-0.005791350267827511
-0.04509774595499039
0.08882366120815277
0.03276868909597397
0.02256557159125805
0.038677968084812164
0.04110068455338478
0.0534152016043663
-0.11066370457410812
-0.031121226027607918
0.016674933955073357
0.0019438571762293577
0.002092870185151696
0.25342878699302673
1.6484720706939697
0.3156835734844208
0.10150079429149628
-0.01516810990869999
1.4483485221862793
0.47483566403388977
2.6004345417022705
1.21437668800354
0.4054218828678131
-0.11303722113370895
1.218991994857788
1.4376697540283203
2.087602138519287
0.01839032582938671
0.505657434463501
1.2102564573287964
1.5202549695968628
2.130702495574951
0.723247230052948
0.7495778799057007
0.5615571141242981
0.9557814598083496
1.549391746520996
1.2399399280548096
0.0865335538983345
0.2822408676147461
0.43287956714630127
-0.0796600952744484
0.07202073186635971
1.05824875831604
0.08484237641096115
2.7974367141723633
0.6398882269859314
0.36926329135894775
0.0028560091741383076
0.32137081027030945
0.7085124254226685
1.579086184501648
-0.07508451491594315
0.21137577295303345
0.558107316493988
0.9923993945121765
0.4187212884426117
0.6934278011322021
0.4921412467956543
0.15947870910167694
0.5106126666069031
0.014827784150838852
1.2094652652740479
-0.07061208784580231
-0.08378604054450989
0.04085105285048485
0.04514146223664284
0.028643369674682617
0.05725288763642311
0.0684199333190918
0.019243191927671432
-0.019494380801916122
0.08850410580635071
0.05190451443195343
0.029772907495498657
0.03612947463989258
-0.026708783581852913
-0.023547129705548286
-0.04190165176987648
-0.016507919877767563
-0.009846403263509274
0.11307870596647263
0.024878308176994324
0.052299682050943375
-0.07714526355266571
-0.01773511804640293
-0.03226112201809883
-0.019756916910409927
-0.04228316247463226
-0.07752840220928192
0.024840418249368668
-0.013910309411585331
-0.01170932874083519
0.07117284089326859
0.04040922597050667
-0.0010500610806047916
0.034579262137413025
0.08827593177556992
0.09014150500297546
-0.016016658395528793
0.0028929528780281544
0.05679701641201973
0.009861140511929989
0.008695483207702637
0.06742750853300095
0.03365777060389519
0.07443870604038239
0.020810771733522415
-0.012307915836572647
0.06001780554652214
0.00720302015542984
0.008505486883223057
0.05230415612459183
-0.027535736560821533
-0.061428286135196686
0.040463004261255264
0.03222297132015228
0.013615237548947334
-0.02065667137503624
0.0689985454082489
-0.01573634333908558
-0.021738294512033463
0.016768159344792366
0.025819364935159683
-0.009631776250898838
-0.019752884283661842
-0.010647705756127834
0.026980822905898094
-0.016070958226919174
-0.0009691907907836139
0.027918584644794464
-0.018354807049036026
0.07388793677091599
0.06647197902202606
0.054942019283771515
0.018214134499430656
-0.022177178412675858
0.09168528020381927
0.004470098298043013
0.0621134489774704
0.12009049952030182
0.040441807359457016
-0.04292044788599014
0.03538147360086441
-0.04102863371372223
-0.018701504915952682
0.06787007302045822
-0.018292749300599098
0.04419439285993576
0.11092467606067657
0.01709738001227379
-0.0032454021275043488
0.06731396168470383
-0.028518052771687508
0.03241417929530144
0.019487639889121056
-0.034206874668598175
0.012831714935600758
-0.045194875448942184
0.02117213048040867
0.02907780185341835
0.041687801480293274
0.04300425574183464
-0.050716690719127655
0.024245169013738632
-0.017920002341270447
0.05174657702445984
0.03755616769194603
-0.009690209291875362
-0.02636738307774067
0.04719575121998787
-0.010985242202877998
0.05108369514346123
-0.05752596631646156
-0.014107930473983288
-0.03975329175591469
-0.057963911443948746
-0.07436157763004303
-0.08060084283351898
0.013334235176444054
-0.0019310859497636557
-0.015108022838830948
-0.016702553257346153
0.019995471462607384
-0.004861203022301197
-0.09778987616300583
-0.020103000104427338
-0.00035835904418490827
-0.24182546138763428
-0.6040382981300354
-0.2941330373287201
0.04722777009010315
0.046953123062849045
-0.7274494767189026
-0.3991096615791321
-1.441672444343567
-0.6953784227371216
-0.3488771617412567
0.017158804461359978
-1.1903787851333618
-0.4396229088306427
-1.0526553392410278
-0.036393336951732635
0.15170542895793915
-1.0384503602981567
-1.2577775716781616
-0.49403294920921326
-0.7331697940826416
-0.02488134615123272
0.013657108880579472
-0.74346923828125
-0.8045964241027832
-1.2091543674468994
-0.23716777563095093
-1.1759527921676636
-0.3064797520637512
0.049526993185281754
-0.001346331788226962
-0.9276956915855408
-0.2181599736213684
-1.4701707363128662
-0.8070259690284729
-0.46080148220062256
0.11306401342153549
-1.0647865533828735
-0.7349905967712402
-1.4648653268814087
0.07796325534582138
0.052442517131567
-1.1417406797409058
-1.1934517621994019
-1.9399279356002808
-0.7580770254135132
-0.02681283839046955
-0.0592866986989975
-0.8382728099822998
-1.5168148279190063
-1.188033103942871
-0.18439236283302307
-1.3582559823989868
-0.17939454317092896
0.013631395064294338
0.014202577993273735
-0.8024406433105469
-0.32864630222320557
-0.42801228165626526
-0.6749206185340881
-0.34217599034309387
-0.03489155322313309
-1.0590379238128662
-0.5126709938049316
-1.1472666263580322
0.03637208417057991
0.09271902590990067
-1.126257061958313
-0.9249559640884399
-2.212165355682373
-0.38671213388442993
-0.029352953657507896
-0.035302337259054184
-0.5691660046577454
-1.4300589561462402
-0.46865415573120117
-0.18700551986694336
-0.7244043350219727
-0.2616145610809326
-0.06607066094875336
0.05491592735052109
-0.5758270025253296
-0.2242584526538849
-1.2135694026947021
-0.6728345155715942
-0.40353384613990784
-0.053260743618011475
-0.5739456415176392
-0.46311432123184204
-1.1978039741516113
0.021334387362003326
0.12285968661308289
-0.8474975228309631
-0.7817803621292114
-1.2557368278503418
-0.7455693483352661
-0.19047825038433075
-0.08213669806718826
-0.7684793472290039
-0.9535078406333923
-1.1121954917907715
0.027255218476057053
-0.08295763283967972
0.07091982662677765
-0.027864648029208183
-0.02137533575296402
0.002026844769716263
0.04376526176929474
0.04072535037994385
-0.04402996227145195
0.04699791967868805
0.037204254418611526
0.004782335367053747
0.048490822315216064
0.03476574644446373
0.004527769051492214
-0.03359898924827576
0.06094105541706085
-0.027021553367376328
-0.013583002611994743
-0.001591240055859089
-0.03083854354918003
-0.0003120258916169405
0.04330649599432945
-0.031200433149933815
-0.022914964705705643
-0.01516018807888031
-0.03445472568273544
0.004447648301720619
0.040398020297288895
-0.0022272788919508457
-0.09075278043746948
0.04466156288981438
-0.030437588691711426
0.0029137064702808857
-0.011214151978492737
0.02327325940132141
0.02238866128027439
-0.019370466470718384
0.04531218856573105
-0.016607852652668953
0.015914760529994965
-0.0008892525802366436
0.06724018603563309
0.03924964740872383
-0.04145193099975586
-0.002290107076987624
0.06483621150255203
-0.017412664368748665
-0.0022024819627404213
0.010591219179332256
-0.2587694823741913
-1.0393800735473633
-0.39430302381515503
-0.0015004165470600128
0.0059897457249462605
-0.7074114084243774
-0.37848275899887085
-2.2021260261535645
-0.8105901479721069
-0.4429579973220825
0.008982530795037746
-1.1176432371139526
-0.4663396179676056
-1.2773609161376953
0.033844441175460815
0.14088261127471924
-1.145896315574646
-1.2397502660751343
-1.3377406597137451
-0.8209134340286255
0.002457954687997699
0.01759614609181881
-0.8476163148880005
-1.2718907594680786
-1.178813099861145
-0.0925416648387909
0.04957284405827522
-0.07315661013126373
-0.06753474473953247
0.031895387917757034
-0.0022084310185164213
-0.03652573004364967
0.009611314162611961
-0.018165554851293564
0.02839227207005024
0.08561049401760101
0.03554166108369827
0.07637976855039597
0.03341924026608467
-0.04150070250034332
-0.042761508375406265
0.015325913205742836
0.014783119782805443
0.011517778970301151
0.005779195111244917
0.009804487228393555
-0.0778297632932663
0.08029087632894516
-0.08755476772785187
0.02440372295677662
-0.010943591594696045
-0.00464470311999321
-0.004024340771138668
0.06486400216817856
-0.020496804267168045
-0.04904693365097046
0.005359315313398838
0.015846580266952515
0.019850490614771843
-0.019519880414009094
0.014553842134773731
0.027924366295337677
-0.03482881933450699
-0.025629235431551933
-0.07359699159860611
-0.0657636895775795
0.0352579727768898
0.008134264498949051
-0.08025422692298889
0.02055809460580349
0.04623010754585266
-0.061052266508340836
-0.006987636908888817
-0.0633135512471199
-0.0064812349155545235
-0.23471865057945251
-0.8610523343086243
-0.24966295063495636
0.043891578912734985
0.030096016824245453
-0.793029248714447
-0.3365491032600403
-1.661913514137268
-0.7325720191001892
-0.32183638215065
0.06886263936758041
-1.0463991165161133
-0.3964328169822693
-1.0174639225006104
-0.07287867367267609
0.09870841354131699
-1.105273962020874
-1.1668522357940674
-0.7310312986373901
-0.701352059841156
0.04275044426321983
-0.012488700449466705
-0.8441015481948853
-0.7675625681877136
-1.0491329431533813
-0.010509439744055271
0.04232657328248024
0.015754131600260735
-0.015647651627659798
-0.004704953171312809
0.04173211753368378
0.009272847324609756
-0.004743018187582493
-0.0013072782894596457
0.05082089453935623
-0.06148872897028923
-0.0022479132749140263
-0.04042070358991623
-0.08626425266265869
0.05711580812931061
0.02690180204808712
-0.038762159645557404
-0.0177253820002079
0.06279975175857544
0.06921140849590302
-0.022297028452157974
-0.02655746228992939
-0.046297840774059296
0.1054580956697464
-0.044008735567331314
-0.2185615599155426
-1.0621358156204224
-0.2804196774959564
0.002003158675506711
-0.03205452486872673
-0.8543267846107483
-0.36118900775909424
-1.7368866205215454
-0.7753583192825317
-0.37085941433906555
-0.057954221963882446
-1.053777813911438
-0.6037235856056213
-1.3546695709228516
0.11212455481290817
0.08355927467346191
-1.0712083578109741
-1.1392059326171875
-1.9716979265213013
-0.8215570449829102
0.017541399225592613
-0.08696219325065613
-0.835779070854187
-1.415733814239502
-1.2334139347076416
0.0019035901641473174
-0.08640225976705551
-0.2880570590496063
-0.05026741325855255
-0.09765536338090897
-0.4761110842227936
-0.07549776136875153
-1.68336820602417
-0.44069981575012207
-0.4120209515094757
0.042610540986061096
-0.15723513066768646
-0.3209823668003082
-0.8135612607002258
0.004538338631391525
-0.19650937616825104
-0.5338762998580933
-0.7175770401954651
-0.032946012914180756
-0.7375422716140747
-0.2261945903301239
-0.2247643917798996
-0.5255398154258728
0.06359559297561646
-1.2324328422546387
0.011608040891587734
-0.012795321643352509
0.09426240622997284
0.047804366797208786
0.03825359418988228
0.022121531888842583
-0.02180102840065956
0.015466174110770226
0.04456309229135513
-0.004198786802589893
0.033565204590559006
0.07252592593431473
0.03957897797226906
-0.0019098524935543537
0.003152105025947094
0.064182810485363
0.024470752105116844
-0.034317854791879654
-0.006906571332365274
0.045928630977869034
0.05052071437239647
-0.007796281948685646
-0.06724494695663452
0.008215321227908134
-0.01258554682135582
-0.03402435779571533
0.0039381831884384155
0.11122149229049683
-0.015788856893777847
0.034111082553863525
-0.07088577002286911
-0.01639835350215435
-0.0590219683945179
0.04666536673903465
0.0104832099750638
-0.05596228688955307
-0.039278093725442886
0.05953295901417732
-0.03013710118830204
-0.023706458508968353
-0.029659176245331764
0.08268857002258301
-0.028393952175974846
0.04984192177653313
-0.035838786512613297
0.020563900470733643
-0.06792081892490387
0.03463149443268776
-0.038312897086143494
0.01990370824933052
0.13447058200836182
0.04183897376060486
0.020218869671225548
-0.001453367993235588
-0.029597250744700432
-0.025958916172385216
-0.028454795479774475
0.05478012561798096
0.019145376980304718
0.003892934415489435
-0.0876401960849762
-0.004062847699970007
0.02863878384232521
0.034270256757736206
0.018100282177329063
-0.01176630612462759
-0.022278398275375366
0.07156558334827423
0.016140257939696312
0.017656458541750908
-0.062450241297483444
0.01866523176431656
-0.017003148794174194
-0.06335955113172531
0.04039240628480911
0.004297357983887196
0.016056066378951073
0.025979848578572273
0.039867185056209564
0.0035447783302515745
-0.009794720448553562
0.022905128076672554
0.019401155412197113
0.045680299401283264
-0.07413694262504578
-0.02050900086760521
0.012947811745107174
-0.060848165303468704
-0.04348939284682274
-0.005198569968342781
0.03262295201420784
-0.03692394495010376
0.09582703560590744
0.004042680375277996
-0.06775480508804321
0.052766259759664536
-0.012388627044856548
-0.0004754577239509672
-0.03496759384870529
-0.018253793939948082
-0.022172747179865837
0.01305482815951109
-0.07877996563911438
-0.06181025877594948
-0.03565170615911484
0.06201529502868652
-0.013788514770567417
-0.014906003139913082
0.007379988674074411
0.013935294933617115
-0.008444719016551971
-0.08797121793031693
-0.05689825862646103
0.05057515576481819
-0.005024370737373829
-0.056968290358781815
0.028861841186881065
-0.041572555899620056
-0.04159049317240715
0.0372515507042408
-0.0896354392170906
-0.003274725517258048
-0.028551865369081497
0.035667650401592255
0.01967594400048256
0.25267621874809265
0.7706968784332275
0.4702455997467041
-0.02035786584019661
0.025461485609412193
1.350745677947998
0.4497423470020294
3.8419275283813477
1.211005449295044
0.392167866230011
0.04528486728668213
1.0897800922393799
1.1089537143707275
2.3730812072753906
0.03158435598015785
0.6166669726371765
1.1296871900558472
1.4119986295700073
0.6578084230422974
0.819920539855957
0.6531657576560974
0.6725508570671082
0.9518710374832153
0.9654660820960999
1.1072865724563599
0.2915830612182617
1.6286919116973877
0.37625500559806824
-0.028614217415452003
0.044571395963430405
1.607364296913147
0.4793137013912201
2.3736937046051025
1.2438939809799194
0.4026614725589752
0.11681556701660156
1.0735994577407837
1.3626643419265747
2.185123920440674
0.05025824159383774
0.48866039514541626
1.1807955503463745
1.4099762439727783
1.9960054159164429
0.7818095088005066
0.6536885499954224
0.5537644624710083
1.014560341835022
1.5300025939941406
1.173455834388733
0.1422336846590042
1.86225163936615
0.2286800891160965
-0.07662972062826157
0.031382739543914795
1.2742185592651367
0.543730616569519
0.5349497199058533
1.2651681900024414
0.5304534435272217
0.02646811679005623
1.1035401821136475
1.1159021854400635
1.5929404497146606
0.08642254024744034
0.500239908695221
1.1766812801361084
1.0757979154586792
2.185619354248047
0.43013256788253784
0.6580078601837158
0.49061116576194763
0.7343124747276306
1.6773165464401245
0.8743799328804016
0.23771589994430542
1.001899242401123
0.3900595009326935
-0.01332894153892994
-0.008214138448238373
1.1017162799835205
0.2853975296020508
1.9863922595977783
1.0554968118667603
0.4886041283607483
-0.011521801352500916
0.638250470161438
0.7323360443115234
1.6491870880126953
-0.013473384082317352
0.4775872826576233
0.9251933693885803
0.9499114751815796
1.3858833312988281
0.7192999720573425
0.4624447226524353
0.39152637124061584
0.9300484657287598
1.2125091552734375
1.2292753458023071
0.017340248450636864
-0.06933848559856415
-0.011971968226134777
-0.022809702903032303
0.07397714257240295
0.001197320525534451
-0.0399533212184906
-0.019410770386457443
-0.04250622168183327
0.054585158824920654
0.01296354178339243
0.05144793912768364
0.0161620881408453
-0.0028940183110535145
-0.03827645257115364
-0.0034086948726326227
-0.06374964863061905
-0.037444982677698135
-0.0498574823141098
-0.06292880326509476
0.031014740467071533
-0.08517646789550781
-0.008466645143926144
-0.011909140273928642
0.0020625023171305656
-0.07262802869081497
0.05966423824429512
-0.036686815321445465
-5.651974424836226e-05
0.025306424126029015
0.004908067174255848
-0.07067885994911194
-0.04703082889318466
0.002035354496911168
0.013065246865153313
0.06288844347000122
0.07321930676698685
-0.03798128664493561
-0.02246025949716568
0.03028392791748047
-0.03803924098610878
-0.004477658774703741
0.016949711367487907
-0.03107227385044098
-0.03477626293897629
-0.011851256713271141
-0.03725895658135414
-0.020852116867899895
0.05383111536502838
-0.0010706912726163864
0.2883540391921997
1.4361687898635864
0.3394150137901306
-0.017953896895051003
-0.0025883479975163937
1.3980095386505127
0.4006904661655426
4.7540106773376465
1.2187566757202148
0.2855415940284729
-0.04433966800570488
1.1742862462997437
1.2331531047821045
2.047285795211792
-0.08683980256319046
0.4068349003791809
1.171025037765503
1.431502103805542
1.1258701086044312
0.8139097690582275
0.6946102976799011
0.5594478845596313
1.0007010698318481
1.4108688831329346
1.1746865510940552
-0.0065271188504993916
-0.016925234347581863
-0.04127218946814537
-0.07609186321496964
-0.0009197652689181268
-0.08925178647041321
-0.051041632890701294
-0.011075727641582489
-0.049692749977111816
0.034354716539382935
-0.05936766415834427
-0.03732852637767792
0.0005139470449648798
0.02222033031284809
0.0004822782357223332
-0.0010542989475652575
0.008931438438594341
-0.08888931572437286
0.016636935994029045
-0.04940067231655121
-0.041266798973083496
-0.0013709095073863864
-0.013091571629047394
0.04768337309360504
0.056070830672979355
0.02278996631503105
-0.04587780311703682
-0.022016888484358788
0.01906433515250683
-0.06075409799814224
0.06102421507239342
0.047527216374874115
0.06275999546051025
-0.08806967735290527
-0.04474017769098282
-0.004964013583958149
0.04107186198234558
-0.006456555798649788
0.09349821507930756
-0.01803070679306984
0.0013091075234115124
0.039882391691207886
-0.04088350757956505
0.009020550176501274
0.04184354096651077
0.007633708883076906
0.0024151874240487814
0.09302257746458054
0.043961185961961746
0.06903955340385437
0.18831326067447662
0.9427582621574402
0.2692907452583313
-0.013154040090739727
0.0061074309051036835
1.2944626808166504
0.48911359906196594
4.6724724769592285
1.1967142820358276
0.3895491659641266
-0.02329881861805916
1.0878677368164062
1.1716575622558594
2.198535442352295
-0.03547682613134384
0.4605581760406494
1.1713032722473145
1.3884037733078003
0.9033679366111755
0.7238991260528564
0.6614047288894653
0.49554648995399475
0.9858015775680542
0.8990339040756226
0.9387226104736328
0.019029531627893448
0.00800859834998846
-0.0013850975083187222
0.030630506575107574
-0.023986637592315674
-0.11606201529502869
-0.021240102127194405
0.024513062089681625
0.08804382383823395
0.07174167782068253
0.013416596688330173
0.06496068090200424
0.02046135626733303
-0.02741815522313118
0.07609137147665024
0.020106308162212372
0.03941784426569939
0.019866731017827988
-0.012746431864798069
0.010046437382698059
0.03636927902698517
-0.024126967415213585
0.030493468046188354
-0.007036737632006407
-0.006251910701394081
0.3255608379840851
1.6671292781829834
0.4590213894844055
0.0038204549346119165
-0.023535802960395813
1.5141993761062622
0.4609774053096771
2.2743241786956787
1.3210649490356445
0.40676021575927734
-0.03419867157936096
1.1397714614868164
1.3837312459945679
2.173414707183838
-0.02801053412258625
0.5730053186416626
1.2650140523910522
1.473842740058899
2.2454817295074463
0.8230726718902588
0.7178696990013123
0.5510138273239136
0.9286338090896606
1.4781444072723389
1.1970864534378052
0.16173329949378967
0.24380066990852356
0.47538116574287415
0.040931981056928635
0.07317899167537689
1.0648741722106934
0.13394930958747864
3.377474784851074
0.5895848870277405
0.3983381390571594
-0.051852352917194366
0.22492465376853943
0.7317113280296326
1.554807424545288
0.09920819103717804
0.1963176131248474
0.43431347608566284
1.0073665380477905
0.43550270795822144
0.7775225639343262
0.42075592279434204
0.09693188220262527
0.4559045732021332
0.06265386939048767
1.1800168752670288
-0.019944841042160988
-0.033899832516908646
0.04421332851052284
-0.06495730578899384
-0.02745036594569683
0.06633255630731583
0.020826615393161774
0.03785593807697296
-0.007909012027084827
0.010336184874176979
0.031967148184776306
0.034513238817453384
0.11414063721895218
0.00742270378395915
-0.049776919186115265
-0.005412961822003126
-0.027288056910037994
0.011202902533113956
-0.06185502931475639
-0.04170425236225128
-0.0239004697650671
0.10334639996290207
0.09558612108230591
-0.0088501600548625
-0.045077815651893616
0.030164141207933426
0.02643522247672081
-0.013373170047998428
0.06814843416213989
-0.03856654837727547
0.03757414594292641
0.12405693531036377
-0.05175964534282684
-0.026569789275527
-0.057576995342969894
-0.01531467866152525
0.01145013328641653
-0.009752200916409492
-0.04386739432811737
-0.02419615164399147
0.09324660897254944
0.03686856850981712
0.05386347696185112
0.02705555222928524
0.037840623408555984
-0.017809927463531494
0.07324046641588211
-0.037266310304403305
-0.06547391414642334
-0.008943689987063408
-0.013682539574801922
0.08424500375986099
-0.013027224689722061
0.04043608531355858
0.008144623599946499
-0.07922548800706863
1.7894490156322718e-06
0.03810225427150726
0.02765340730547905
0.03398064151406288
-0.036955710500478745
-0.01572258397936821
-0.06835318356752396
0.03282761201262474
-0.034021586179733276
-0.03155139461159706
-0.008336461149156094
0.0456678606569767
0.0708916038274765
-0.058887820690870285
0.028889313340187073
0.04818873479962349
-0.030983522534370422
0.0805564820766449
0.030856840312480927
-0.035364750772714615
0.015943555161356926
-0.03465929999947548
0.04750923067331314
0.0034126807004213333
-0.11173930019140244
0.08133546262979507
0.031053714454174042
-0.05771197751164436
0.04593843221664429
0.0051207211799919605
-0.02281639724969864
0.05966543033719063
-0.10395599901676178
-0.06389406323432922
0.02811899594962597
-0.06349106132984161
0.01056629791855812
-0.010405531153082848
0.015850482508540154
-0.003272884525358677
0.018089918419718742
0.0666406899690628
-0.10057304799556732
0.08254049718379974
0.005005246959626675
-0.01651965081691742
-0.059338584542274475
-0.08210583031177521
0.0074817100539803505
0.09126521646976471
0.05226776376366615
-0.01304700132459402
0.024981042370200157
-0.010396278463304043
0.09728378802537918
0.06223585456609726
0.059109900146722794
-0.004167088307440281
0.01673557609319687
0.05540915206074715
-0.051848720759153366
0.03128604590892792
-0.04284881800413132
-0.11949353665113449
-0.00243676220998168
-0.0643734484910965
-0.007144398987293243
0.04476218670606613
-0.0007443690556101501
0.3328894078731537
0.7183486223220825
0.2745310068130493
-0.02391795814037323
-0.03653985261917114
1.2551652193069458
0.5984870195388794
3.528846502304077
1.2058457136154175
0.3958030641078949
-0.04858623445034027
1.0049140453338623
1.1684805154800415
2.215980291366577
0.025350242853164673
0.5548387765884399
1.198051929473877
1.3700003623962402
0.6510263085365295
0.7785430550575256
0.7224831581115723
0.6180391311645508
1.0685994625091553
1.0843347311019897
1.5207436084747314
0.2572895884513855
1.5592625141143799
0.2879229784011841
0.00226865173317492
-0.10163137316703796
1.3574156761169434
0.4899332821369171
2.346862554550171
1.2846728563308716
0.43179044127464294
-0.052615176886320114
1.2409356832504272
1.2329680919647217
1.9658857583999634
-0.1353461742401123
0.5006611347198486
1.178823709487915
1.327797770500183
1.9164758920669556
0.68326735496521
0.7194964289665222
0.5769016742706299
1.030271291732788
1.3931115865707397
1.4237010478973389
0.11740449070930481
1.8697470426559448
0.23910342156887054
0.027802087366580963
-0.00517189921811223
1.210171103477478
0.5119949579238892
0.48340675234794617
1.1326316595077515
0.41460147500038147
-0.0713743045926094
1.1434215307235718
1.1302082538604736
1.443851113319397
-0.09619592130184174
0.48577892780303955
1.2641723155975342
1.0267407894134521
2.054934501647949
0.4646013677120209
0.6923892498016357
0.527658998966217
0.6834926009178162
1.6282992362976074
0.7432742118835449
0.2808705270290375
1.0029373168945312
0.35364246368408203
-0.06413403153419495
-0.020960940048098564
1.0032639503479004
0.34718647599220276
1.774556279182434
1.079911470413208
0.3821509778499603
0.05084967985749245
0.6314226984977722
0.7760099172592163
1.5097016096115112
-0.025783972814679146
0.5536928176879883
0.9024057388305664
0.9807694554328918
1.2381155490875244
0.817156970500946
0.5396823287010193
0.4475194215774536
1.0791738033294678
0.91694176197052
1.4450534582138062
0.014229941181838512
-0.04585064947605133
-0.021915756165981293
0.005747711751610041
-0.014336023479700089
-0.000765692675486207
0.08137135952711105
0.005449208430945873
0.022600730881094933
0.14571994543075562
-0.006095324642956257
-0.03822283819317818
-0.008955643512308598
-0.018371133133769035
-0.03433200716972351
0.1065920889377594
0.09445477277040482
0.008193005807697773
0.07641111314296722
-0.06308053433895111
0.015102052129805088
-0.04726549983024597
-0.0226743146777153
0.02969760075211525
-0.008084232918918133
-0.13223323225975037
-0.08598186820745468
-0.11054451763629913
0.004997987765818834
-0.05021512880921364
0.009468179196119308
0.021677939221262932
-0.031519997864961624
0.031725820153951645
-0.019748825579881668
0.09152835607528687
-0.03303326666355133
0.007197929546236992
-0.006629431154578924
-0.065621018409729
0.0721617117524147
-0.01814357563853264
0.03949972987174988
0.0908665806055069
0.0017798938788473606
-0.006840698421001434
0.06884164363145828
0.02918262965977192
0.04516765475273132
-0.09431103616952896
0.27702122926712036
1.297824501991272
0.39061638712882996
0.0353776291012764
-0.011307266540825367
1.2937625646591187
0.5239216685295105
4.616364479064941
1.2206782102584839
0.3327781856060028
-0.008751053363084793
1.137961983680725
1.1538418531417847
1.8057339191436768
0.09907547384500504
0.5278288125991821
1.1647469997406006
1.3769437074661255
1.0280286073684692
0.7055447697639465
0.6894205808639526
0.5675574541091919
1.013899803161621
1.3337750434875488
1.362093210220337
-0.015765538439154625
0.030535833910107613
-0.06712252646684647
-0.06963121145963669
-0.003037232207134366
-0.01611301302909851
0.03648705407977104
-0.07654417306184769
0.06987602263689041
0.030335521325469017
-0.04197145253419876
0.04149021580815315
0.05187792703509331
-0.0014546288875862956
0.0027750134468078613
-0.02109786681830883
-0.025599459186196327
0.043694838881492615
-0.005172373726963997
-0.006616325583308935
-0.03303327411413193
-0.02163563296198845
0.03520398959517479
-0.004035105928778648
0.051158491522073746
-0.0507790632545948
-0.023695461452007294
0.01636301726102829
0.02824101410806179
-0.05782415717840195
-0.041042014956474304
-0.005716496147215366
-0.04633757099509239
-0.027344966307282448
0.013177537359297276
0.0039344169199466705
-0.012520592659711838
-0.04243912920355797
0.06021139398217201
-0.05949897691607475
-0.011457225307822227
-0.014982929453253746
-0.017522841691970825
0.04337099939584732
0.02021489292383194
-0.11074821650981903
-0.042392246425151825
0.039890892803668976
0.03285978361964226
0.04194008931517601
0.26106488704681396
0.9775625467300415
0.41174250841140747
-0.050339970737695694
0.01563894748687744
1.2657338380813599
0.609067440032959
4.361911773681641
1.1851145029067993
0.408382385969162
-0.03785356134176254
1.1198004484176636
1.2155535221099854
2.0574023723602295
-0.032875604927539825
0.47753772139549255
1.121054768562317
1.4212534427642822
0.9147878289222717
0.7828556895256042
0.6298443078994751
0.45716407895088196
0.9005469083786011
0.9359140992164612
1.2076293230056763
-0.006777747068554163
0.018125969916582108
-0.03768771141767502
0.06967382878065109
-0.009176618419587612
0.07273578643798828
-0.13553683459758759
0.029009437188506126
0.01764477603137493
-0.05054781958460808
0.01075143925845623
-0.05657348409295082
0.04579470306634903
-0.04836606606841087
-0.07341203093528748
0.009726486168801785
0.010245393961668015
0.006085718981921673
0.018355825915932655
-0.08223733305931091
-0.011165338568389416
-0.007461951579898596
0.01118350587785244
-0.03788933902978897
-0.039309062063694
0.36722180247306824
1.679093360900879
0.32764193415641785
-0.04143732786178589
0.03660661354660988
1.352981686592102
0.4318217933177948
2.2997002601623535
1.2574490308761597
0.43595996499061584
-0.022189339622855186
1.0901325941085815
1.3182995319366455
2.0373289585113525
-0.05357898399233818
0.5279213190078735
1.1996252536773682
1.3555288314819336
1.9317060708999634
0.7659068703651428
0.6593536734580994
0.4238477945327759
1.0546209812164307
1.375529408454895
1.4593490362167358
0.10169360041618347
0.1926485002040863
0.3472224473953247
-0.08056014776229858
-0.03145549073815346
0.9230501055717468
0.06355057656764984
3.1662442684173584
0.5785213708877563
0.385426789522171
0.020755022764205933
0.319090336561203
0.6981896758079529
1.4005670547485352
0.02413398027420044
0.18925663828849792
0.47341352701187134
0.9388047456741333
0.33280664682388306
0.7308059930801392
0.46175768971443176
0.24697043001651764
0.43595758080482483
0.060197919607162476
1.5101510286331177
-0.0176845770329237
-0.044717948883771896
0.01617419719696045
0.030733101069927216
0.012245606631040573
-0.029460815712809563
0.03992064669728279
-0.0008244903874583542
-0.10238461196422577
0.036945730447769165
-0.05553346499800682
-0.04912068694829941
-0.001996484585106373
0.022516191005706787
0.07260043174028397
0.0768926665186882
-0.010825769044458866
0.09352406114339828
0.002875474514439702
0.034126900136470795
0.039337337017059326
0.043516624718904495
0.00413226243108511
0.03144345059990883
0.04810543730854988
0.005482219625264406
0.046359047293663025
-0.0012994587887078524
0.0164120364934206
-0.02314513549208641
0.0503477118909359
0.004641427658498287
-0.07053659856319427
-0.04163936898112297
-0.028889721259474754
0.033490221947431564
0.007465529255568981
0.05245710909366608
0.04296574741601944
-0.022789932787418365
0.06645345687866211
-0.011030894704163074
0.005614752881228924
-0.0013307600747793913
0.013247225433588028
-0.10544600337743759
-0.11057836562395096
0.04163886606693268
-0.07707314193248749
0.04744777828454971
0.09521031379699707
0.02363479882478714
0.01680804044008255
0.070960134267807
-0.04053005948662758
0.1282997876405716
-0.052373502403497696
0.020699815824627876
-0.011354254558682442
0.006851190701127052
0.0380566343665123
0.04712522029876709
-0.042284250259399414
-0.12506093084812164
-0.02897193282842636
0.0003035911940969527
-0.058835651725530624
-0.06871485710144043
0.0012050076620653272
0.0548720583319664
-0.027513500303030014
-0.0121422428637743
-0.0030142015311867
0.011380615644156933
-0.023565741255879402
0.07325325161218643
-0.04687514156103134
0.043007902801036835
-0.019410694018006325
-0.061314791440963745
-0.03659265488386154
0.046191632747650146
0.01019982434809208
-0.016044199466705322
-0.07190670073032379
-0.026443228125572205
-0.008917239494621754
0.04260066896677017
0.04722549393773079
0.07019763439893723
0.046503059566020966
-0.015137122012674809
-0.03572678565979004
-0.020454326644539833
-0.05992073938250542
-0.0788910984992981
-0.006306219380348921
0.048493850976228714
-0.09994731098413467
0.024455223232507706
0.01781330816447735
-0.025853600353002548
0.038290880620479584
0.031714435666799545
0.015856431797146797
-0.07291687279939651
0.006309022195637226
-0.013647464103996754
0.09306944906711578
0.004477749578654766
0.02408508025109768
-0.02064880169928074
-0.028187470510601997
0.006384052336215973
-0.012680876068770885
0.05921865999698639
-0.03306597098708153
0.043788451701402664
-0.05857057124376297
-0.019088400527834892
0.022678500041365623
0.07029049843549728
-0.027493923902511597
0.06112537160515785
0.0029261272866278887
0.3227258324623108
0.8150665760040283
0.4333499073982239
0.06580623239278793
0.011121819727122784
1.160954236984253
0.5315778851509094
3.750260829925537
1.2264255285263062
0.3409244120121002
0.058559272438287735
1.1646783351898193
1.135788083076477
2.3641419410705566
-0.05608363077044487
0.46075934171676636
1.2601181268692017
1.3553603887557983
0.8312979936599731
0.7446399927139282
0.6682875156402588
0.5599519610404968
1.0687932968139648
1.0458062887191772
1.2266168594360352
0.3295747637748718
1.6095685958862305
0.4395986795425415
0.03362169861793518
0.07313909381628036
1.2964138984680176
0.673834502696991
2.598846912384033
1.2937310934066772
0.5323561429977417
0.08865385502576828
1.2735885381698608
1.3627959489822388
2.197150707244873
0.0630517303943634
0.5119750499725342
1.2067112922668457
1.4163047075271606
2.1069767475128174
0.792570948600769
0.6788641810417175
0.5906436443328857
1.0356261730194092
1.6016547679901123
1.1628698110580444
0.19578203558921814
1.8597456216812134
0.09697247296571732
-0.04913642629981041
0.042207229882478714
1.27085280418396
0.6217798590660095
0.581184983253479
1.1922842264175415
0.37420836091041565
0.06809558719396591
1.2824411392211914
1.1760870218276978
1.401894450187683
-0.01239020749926567
0.6186549067497253
1.153836727142334
1.037062644958496
2.162280321121216
0.4235498011112213
0.6954872012138367
0.6745502948760986
0.7086849212646484
1.6936216354370117
0.9319584965705872
0.3353409171104431
1.1097824573516846
0.34440773725509644
-0.10387278348207474
0.0981217548251152
1.12259840965271
0.39267489314079285
1.8624628782272339
1.0895662307739258
0.4029075503349304
0.04443077743053436
0.785308301448822
0.8738070130348206
1.6904308795928955
-0.004076738841831684
0.5139312148094177
0.8884618282318115
0.939720094203949
1.3616137504577637
0.7750475406646729
0.4933258891105652
0.5770326852798462
0.9232816100120544
1.2195665836334229
1.1960421800613403
0.0168655626475811
-0.005019758827984333
-0.013580831699073315
-0.00460531422868371
-0.04606981202960014
0.0071238381788134575
0.0037896374706178904
-0.11737328767776489
-0.09742901474237442
-0.04226703569293022
0.06170760840177536
-0.05758059397339821
-0.004283051006495953
-0.045270904898643494
-0.006276967003941536
0.03043495863676071
0.048806753009557724
0.03655986860394478
0.012690834701061249
-0.013854759745299816
-0.047745153307914734
0.05546753481030464
0.018112054094672203
-0.0008327316609211266
0.004096704069525003
0.06082795560359955
0.04150574654340744
-0.008546929806470871
0.03809564188122749
0.02686016447842121
-0.04228555038571358
-0.025177817791700363
-0.02138468250632286
-0.012088783085346222
0.0774058997631073
-0.051569025963544846
-0.024295857176184654
0.014589659869670868
0.0037209189031273127
-0.10983512550592422
0.05056861415505409
-0.05113488808274269
-0.049224767833948135
-0.0057905567809939384
-0.0021253961604088545
-0.03382432833313942
0.009738998487591743
0.03847557678818703
0.01939326710999012
0.0613231435418129
0.2506793141365051
1.363251805305481
0.2949676811695099
-0.09056010842323303
0.002952377777546644
1.2989550828933716
0.4375641345977783
4.6204986572265625
1.2244325876235962
0.40725192427635193
0.021963223814964294
1.3735406398773193
1.2946361303329468
2.0306925773620605
0.01658353954553604
0.42605867981910706
1.2285462617874146
1.4211175441741943
1.2048895359039307
0.7081193923950195
0.697871744632721
0.5681384205818176
0.9551810622215271
1.4316246509552002
1.1263108253479004
0.11331695318222046
0.015002164989709854
0.007186450995504856
0.07008613646030426
0.11103832721710205
0.007833342999219894
0.14674223959445953
-0.033260803669691086
0.02229125052690506
0.13503260910511017
-0.02404111996293068
0.014239022508263588
0.01084953173995018
-0.02225814387202263
0.006018731743097305
0.08188513666391373
0.06843680888414383
0.03127044066786766
0.01678558625280857
0.03764767199754715
-0.012048432603478432
-0.039151083678007126
-0.024161502718925476
-0.026071222499012947
0.036685820668935776
0.024474414065480232
-0.005230204202234745
-0.025926265865564346
0.09808637201786041
0.009894400835037231
-0.03496214747428894
0.03481141850352287
0.011442090384662151
0.06271014362573624
-0.1240643560886383
0.04793576896190643
0.11213543266057968
0.04642539471387863
-0.05473984032869339
-0.0738239735364914
-0.07422658056020737
0.033467985689640045
-0.022203851491212845
-0.00823760312050581
0.035554688423871994
0.040199559181928635
0.04731407389044762
-0.055653370916843414
0.05138619616627693
0.0522804856300354
0.2967863082885742
1.0635836124420166
0.3794037699699402
0.10819750279188156
0.03281453251838684
1.235417127609253
0.46375614404678345
4.604475975036621
1.2114521265029907
0.48475855588912964
-0.023884734138846397
1.2815231084823608
1.2380555868148804
2.2471439838409424
-0.07310468703508377
0.5150017142295837
1.197628140449524
1.4331227540969849
1.0946122407913208
0.7826570272445679
0.6743873357772827
0.48359373211860657
1.048196792602539
0.9652997255325317
0.9503086805343628
0.026895975694060326
0.15777890384197235
-0.02535318210721016
0.051801398396492004
0.07174095511436462
0.04629989340901375
0.003145490074530244
-0.02220306359231472
-0.03704752400517464
-0.023186542093753815
-0.03027747943997383
-0.0032322537153959274
-0.01325201615691185
0.019825046882033348
0.0261152945458889
0.08656706660985947
0.0699423998594284
0.059301916509866714
-0.03441226854920387
-0.08888160437345505
0.009110424667596817
-0.051096636801958084
-0.011726291850209236
-0.008401038125157356
0.012615874409675598
0.3071829080581665
1.6129192113876343
0.3609837591648102
-0.005712959915399551
0.11205344647169113
1.3024059534072876
0.48006606101989746
2.546060800552368
1.2659850120544434
0.3491612374782562
0.044892944395542145
1.2300986051559448
1.3526349067687988
2.1464874744415283
-0.0346866138279438
0.4202211797237396
1.1394095420837402
1.3911924362182617
2.15434193611145
0.861849308013916
0.6844181418418884
0.5234686732292175
1.0348820686340332
1.6627451181411743
1.1925774812698364
0.1986585110425949
0.2804896831512451
0.3569883704185486
-0.034471362829208374
0.04130854457616806
1.101118803024292
0.161146342754364
3.0749247074127197
0.5954054594039917
0.45977580547332764
0.034132033586502075
0.31271713972091675
0.7643075585365295
1.5624686479568481
0.033479150384664536
0.22199198603630066
0.47389814257621765
0.9379062056541443
0.37769201397895813
0.7963805198669434
0.5249278545379639
0.2310333102941513
0.43394264578819275
0.0388047993183136
1.2596826553344727
-0.02618197351694107
0.09690477699041367
-0.04386179521679878
-0.03168635815382004
0.018462613224983215
0.06985308974981308
0.024098699912428856
0.03396937996149063
0.028251642361283302
0.08300836384296417
0.03453460708260536
0.03059706650674343
0.05220145732164383
0.01915914937853813
0.04114418476819992
0.059471845626831055
-0.07922125607728958
0.002098585246130824
-0.0558992363512516
-0.07253368198871613
-0.05730118229985237
-0.038875505328178406
-0.05099870637059212
-0.014658882282674313
0.015390651300549507
-0.035044413059949875
-0.030567817389965057
0.11201585829257965
-0.00855842512100935
0.04328230395913124
-0.018500100821256638
0.0497920922935009
0.10706007480621338
-0.02878539077937603
0.020386777818202972
-0.001050010323524475
0.06275717169046402
-0.017045514658093452
-0.02473885379731655
0.03467424213886261
0.08827371895313263
-0.010346527211368084
0.13448897004127502
-0.0027393109630793333
-0.03954469412565231
0.07187895476818085
-0.08026042580604553
-0.009209121577441692
0.011137212626636028
-0.05031805485486984
-0.022249145433306694
-0.007891925051808357
-0.02182822860777378
-0.06530209630727768
-0.04416912794113159
0.04916924610733986
0.007542731706053019
-0.007215709891170263
0.04061315208673477
-0.009197878651320934
-0.03651229664683342
0.008962281979620457
0.02193346433341503
0.03953724354505539
0.02363458462059498
-0.08652761578559875
-0.04641774669289589
0.019384324550628662
0.060394950211048126
-0.041909392923116684
-0.0891595184803009
-0.005736120045185089
-0.05476643145084381
0.006448591593652964
0.07256472110748291
-0.05181097984313965
0.09206695109605789
-0.10252223163843155
0.006199993193149567
0.023967837914824486
-0.012301573529839516
-0.08858583867549896
-0.03031092695891857
0.038231536746025085
-0.019313640892505646
-0.03038381226360798
0.05408695712685585
-0.05154548957943916
0.009065358899533749
-0.08859629929065704
0.09108363837003708
-0.013231777586042881
-0.007364042103290558
0.06615973263978958
0.04965093731880188
-0.021135063841938972
0.0023932678159326315
-0.060178160667419434
-0.003639571601524949
0.0869971513748169
0.0028930320404469967
0.041224196553230286
0.10694601386785507
-0.01857806369662285
-0.014396455138921738
0.010276660323143005
0.03540034592151642
-0.011028199456632137
0.02920697070658207
-0.0059115164913237095
-0.027957430109381676
-0.05041894316673279
0.04840130731463432
0.056093715131282806
-0.09558844566345215
-0.05095368251204491
-0.05312731862068176
0.014111340045928955
-0.1114526242017746
0.0517323762178421
-0.049395009875297546
0.005735662765800953
0.041175514459609985
-0.0014217443531379104
-0.06766825914382935
0.25482815504074097
0.8526682257652283
0.34874051809310913
-0.030986228957772255
-0.019952688366174698
1.4809489250183105
0.41671913862228394
2.0674571990966797
1.2133615016937256
0.39635562896728516
0.02213870733976364
1.051021933555603
1.3137692213058472
2.114084005355835
-0.01602470874786377
0.46117958426475525
1.1732698678970337
1.244919776916504
1.3005106449127197
0.6229186058044434
0.7779042720794678
0.5289558172225952
0.761271059513092
1.1671768426895142
1.7645702362060547
0.4039478600025177
0.4072170853614807
0.3100837171077728
0.06343265622854233
0.028653211891651154
1.6018530130386353
0.4232255518436432
1.9048997163772583
1.2348064184188843
0.5032855272293091
-0.10244718939065933
1.0984203815460205
1.2824864387512207
1.9343284368515015
0.04377221688628197
0.5938279032707214
1.2094018459320068
1.2817001342773438
2.329486846923828
0.7914705276489258
0.6958721876144409
0.5589985251426697
0.7276204228401184
1.441407322883606
1.8089243173599243
0.2111237347126007
0.47184276580810547
0.15705840289592743
0.044747814536094666
-0.08270542323589325
1.4077364206314087
0.436865895986557
1.9301985502243042
1.2302446365356445
0.42529720067977905
0.04776011407375336
1.139851689338684
1.0522598028182983
2.5956902503967285
-0.07598719745874405
0.5336889028549194
1.2048838138580322
1.0317720174789429
2.523284673690796
0.4169519245624542
0.6716678142547607
0.5125269889831543
0.672713041305542
1.5127876996994019
0.6568560004234314
0.21323968470096588
0.34994593262672424
0.4096496105194092
-0.01895151287317276
-0.02207161858677864
1.1219019889831543
0.3633122444152832
2.4894583225250244
1.1769928932189941
0.43265441060066223
-0.03178603574633598
0.6432406902313232
0.9177441596984863
2.2673122882843018
-0.023684922605752945
0.5020658373832703
0.9269169569015503
0.8238486051559448
1.3062118291854858
0.7017531991004944
0.4841025173664093
0.5047926306724548
0.7145513296127319
1.055099606513977
1.7951610088348389
0.055818602442741394
0.08817923069000244
0.04974896088242531
0.01742854341864586
0.023095715790987015
-0.04469495639204979
0.018852265551686287
0.018345117568969727
0.0559726357460022
0.06878992915153503
0.005153292790055275
-0.0037619874347001314
-0.05942358076572418
-0.07482875883579254
0.037341803312301636
-0.02313310280442238
-0.01658528484404087
-0.09135089814662933
-0.005899850744754076
0.057620566338300705
-0.047471001744270325
-0.03836643323302269
0.013097111135721207
0.015284678898751736
0.08108434826135635
0.007224099710583687
0.03826772794127464
0.025957409292459488
0.08258163928985596
0.013591009192168713
-0.042372651398181915
-0.0011925959261134267
-0.049502816051244736
0.011249925009906292
0.0630747452378273
-0.017997853457927704
0.03797518461942673
0.008558249101042747
-0.0006212021689862013
0.031809307634830475
0.036454252898693085
0.09256768971681595
0.019573232159018517
-0.004639849532395601
-0.017476003617048264
0.024808354675769806
-0.03622336685657501
0.070144422352314
0.09075213223695755
-0.03091377206146717
0.26042112708091736
0.8384180665016174
0.32070186734199524
-0.022996775805950165
-0.06643775850534439
1.4500956535339355
0.5284914970397949
1.1728030443191528
1.2869796752929688
0.3586125373840332
0.02685370296239853
1.04301917552948
1.3118246793746948
1.8718140125274658
0.01398300938308239
0.4826647937297821
1.0466755628585815
1.2045676708221436
2.0052781105041504
0.7484831809997559
0.6299793720245361
0.5759742259979248
0.6145679354667664
1.2836068868637085
1.7831276655197144
-0.00451273750513792
-0.07045034319162369
-0.018246911466121674
-0.024018945172429085
-0.00273025780916214
-0.012427674606442451
-0.029085714370012283
-0.06358259916305542
-0.025574615225195885
0.03681081160902977
0.0050831143744289875
-0.013963606208562851
0.07258206605911255
0.04194122180342674
0.015052741393446922
0.06538845598697662
-0.017940578982234
-0.053362827748060226
-0.027952365577220917
-0.023512128740549088
0.07722467929124832
-0.07348742336034775
0.05520008131861687
0.0011625885963439941
-0.002996663097292185
-0.02481142245233059
0.05198713764548302
-0.038003552705049515
0.11769428104162216
-0.05409941449761391
0.04296322166919708
-0.08202134072780609
0.08217605203390121
0.04076522961258888
0.007183280773460865
0.010787358507514
-0.039305318146944046
0.001421625493094325
0.037143390625715256
-0.058206986635923386
0.019389010965824127
0.04736490547657013
-0.10005831718444824
-0.07353487610816956
-0.05923372879624367
0.026645148172974586
0.036934759467840195
0.006522026844322681
0.01992947794497013
-0.07607116550207138
0.3643486201763153
1.1549712419509888
0.35729315876960754
-0.0371580570936203
-0.08688503503799438
1.4585676193237305
0.5175274014472961
2.3120977878570557
1.2265188694000244
0.377838671207428
-0.05210839584469795
1.1103321313858032
1.3407291173934937
2.206688642501831
-0.06689803302288055
0.4774811863899231
1.1461634635925293
1.2394428253173828
1.2682876586914062
0.5933126211166382
0.6293994188308716
0.5221724510192871
0.7699534893035889
1.153885006904602
1.5429519414901733
-0.038285158574581146
-0.061440952122211456
0.038943804800510406
0.023384150117635727
-0.03660285100340843
0.004128630273044109
0.05894244834780693
0.05904596671462059
-0.0383482426404953
0.026615817099809647
0.024626554921269417
-0.05924863740801811
-0.008235056884586811
0.07507521659135818
0.01114510465413332
0.07498890906572342
-0.08661466836929321
-0.021150365471839905
-0.0060368976555764675
-0.022378934547305107
-0.004255998879671097
-0.027544241398572922
-0.024901308119297028
0.04158866032958031
0.0443979874253273
0.26720765233039856
0.39225995540618896
0.378589391708374
-0.052977096289396286
0.07902020961046219
1.5329742431640625
0.3989238739013672
1.94405996799469
1.173780918121338
0.4355807304382324
-0.08365441113710403
1.1065552234649658
1.333699345588684
2.0594048500061035
0.002611240604892373
0.47543275356292725
1.1215267181396484
1.2653639316558838
2.2614996433258057
0.6338211297988892
0.6890500783920288
0.550439715385437
0.6542611122131348
1.4180233478546143
1.7240899801254272
0.06740763783454895
0.30248185992240906
0.2747840881347656
0.017178773880004883
0.0670752301812172
1.031357765197754
0.07912082970142365
3.0227856636047363
0.5872308611869812
0.4268808960914612
0.09171126037836075
0.3076290786266327
0.7794808149337769
1.263522982597351
0.007888631895184517
0.22200171649456024
0.5446527600288391
0.820274293422699
0.3752758204936981
0.7109206914901733
0.3979940414428711
0.16188989579677582
0.2467285543680191
0.1972472220659256
1.7631131410598755
-0.015202043578028679
-0.021781321614980698
-0.007567478809505701
-0.017386382445693016
-0.0312637984752655
0.10132087767124176
0.014191937632858753
0.01607990451157093
0.07353536784648895
-0.0028573062736541033
-0.01901261880993843
-0.002353670774027705
-0.03795614838600159
-0.011623410508036613
0.008560863323509693
0.05424864962697029
-0.03251706436276436
-0.07790234684944153
0.007482320535928011
-0.02508525736629963
-0.08937457948923111
-0.022028479725122452
0.05097218602895737
0.08936356008052826
-0.01810341514647007
0.06300599128007889
0.0692569836974144
0.011031558737158775
-0.0264293123036623
0.032049257308244705
-0.05138619244098663
-0.0702773705124855
0.006161453668028116
0.004742889665067196
-0.06927404552698135
-0.0035663237795233727
0.008017097599804401
-0.010555204004049301
-0.07555355131626129
-0.074575275182724
0.010159622877836227
-0.05454735830426216
0.012483686208724976
0.06780701130628586
0.10800587385892868
0.04460873454809189
-0.02157745510339737
0.06350786238908768
-0.0006706959684379399
0.0033860255498439074
-0.002912831259891391
0.04492930695414543
-0.010717407800257206
0.008704859763383865
0.0719795823097229
0.037986572831869125
0.03113517351448536
0.030283333733677864
-0.058382317423820496
0.07023587822914124
0.05089685693383217
0.009995339438319206
-0.0671626552939415
0.03768552094697952
-0.00032509813900105655
0.04240637272596359
0.009908081963658333
0.015111178159713745
0.0104892672970891
-0.05306992307305336
0.061867956072092056
0.10791889578104019
0.0004799318267032504
0.08664356172084808
0.005472971126437187
0.039956945925951004
-0.02899169735610485
-0.055895786732435226
-0.017497237771749496
-0.015987876802682877
-0.014425673522055149
-0.062178488820791245
-0.03279528021812439
-0.07732993364334106
0.15757954120635986
0.0297986026853323
0.016846470534801483
0.07212501019239426
0.026506861671805382
0.01506776548922062
-0.028013097122311592
0.03769969195127487
0.025449702516198158
0.07066380977630615
-0.0126175656914711
-0.07415982335805893
-0.0011634959373623133
0.015057116746902466
-0.01355202030390501
-0.021161777898669243
0.03614777699112892
0.004698876291513443
0.04646654054522514
-0.01091347262263298
-0.0416378453373909
0.01325182244181633
0.07484713196754456
0.09271472692489624
-0.01371412817388773
-0.006359101738780737
0.0337628573179245
0.021137341856956482
-0.05003201216459274
-0.030568495392799377
-0.0379166305065155
-0.035138342529535294
-0.037758488208055496
0.034019067883491516
0.07623172551393509
0.04828576743602753
-0.000906466506421566
-0.01810115948319435
0.04877997189760208
0.005981751251965761
-0.004930710420012474
0.23066170513629913
0.7563966512680054
0.3447326123714447
0.0650169849395752
0.10433065891265869
0.7923799157142639
0.5444943308830261
4.170937538146973
1.2034333944320679
0.38741904497146606
0.04077965021133423
1.2079461812973022
1.0715901851654053
2.330232620239258
-0.017808858305215836
0.5468361377716064
1.152069091796875
1.4395067691802979
0.7153645753860474
0.7557232975959778
0.682372510433197
0.5330743789672852
1.108950138092041
1.042344331741333
1.182271122932434
0.27929770946502686
1.6053762435913086
0.45125365257263184
0.010388645343482494
0.06896001100540161
0.7843043804168701
0.49683868885040283
2.3272666931152344
1.2217662334442139
0.4698839485645294
0.1069052442908287
1.2579041719436646
1.2531462907791138
2.26228404045105
-0.03561893105506897
0.5972755551338196
1.1979745626449585
1.4241859912872314
2.0008881092071533
0.8534782528877258
0.6746736764907837
0.613338053226471
1.0330744981765747
1.4192403554916382
1.1965171098709106
0.21891595423221588
1.9158244132995605
0.16112789511680603
0.049053728580474854
0.08455844223499298
1.2514183521270752
0.49046948552131653
0.5368975400924683
1.2422312498092651
0.3800571858882904
-0.001578779541887343
1.2146559953689575
0.9744966626167297
1.4997515678405762
-0.030419299378991127
0.5455468893051147
1.1196231842041016
1.084020733833313
2.1765451431274414
0.4397839903831482
0.6437775492668152
0.6359460949897766
0.705962598323822
1.7237247228622437
0.8970840573310852
0.28297075629234314
1.0908634662628174
0.2849315106868744
0.09740620106458664
-0.06763708591461182
0.6439006328582764
0.34201282262802124
1.842809796333313
1.1402480602264404
0.30185577273368835
-0.11660557240247726
0.7331382632255554
0.8026957511901855
1.7079716920852661
0.032954324036836624
0.5259917974472046
0.9835681319236755
0.9624364376068115
1.2418267726898193
0.8392627835273743
0.46362143754959106
0.5131528377532959
1.0597708225250244
1.2653014659881592
1.095926284790039
0.05252262204885483
-0.02608705870807171
-0.07745739072561264
-0.013436826877295971
-0.07763173431158066
0.0056670005433261395
0.06841899454593658
-0.038558993488550186
0.024439817294478416
-0.051282793283462524
-0.08969727903604507
0.05014554038643837
0.010651029646396637
-0.06207682937383652
0.08874441683292389
-0.06543751806020737
0.003932700492441654
-0.049607403576374054
0.053068649023771286
-0.04469424486160278
0.02734239213168621
-0.04711751639842987
-0.06493984162807465
-0.04197026044130325
-0.007846889086067677
-0.0366777740418911
0.00810365378856659
0.08347244560718536
-0.059190940111875534
-0.01727675460278988
0.09894520044326782
0.06448027491569519
-0.001226430875249207
0.10179254412651062
0.021841078996658325
-0.054673824459314346
-0.06112966686487198
-0.0179735254496336
-0.005705525632947683
0.05485880374908447
0.05846485123038292
0.045171432197093964
-0.010215584188699722
0.019924748688936234
-0.010571027174592018
-0.025013279169797897
-0.0114497821778059
0.012790189124643803
-0.0427701435983181
0.035645272582769394
0.2710263729095459
1.399997591972351
0.3024013340473175
0.004780415911227465
-0.06688085943460464
0.8787733912467957
0.4891221225261688
4.924153804779053
1.194254994392395
0.4763449430465698
0.051939573138952255
1.2881815433502197
1.095190167427063
1.93380868434906
-0.062168121337890625
0.5733544826507568
1.20168936252594
1.3421664237976074
1.1092272996902466
0.7913039326667786
0.7813904285430908
0.5615327954292297
1.0347363948822021
1.4378739595413208
1.19655179977417
0.043441493064165115
0.08575446158647537
0.011242750100791454
-0.03710738196969032
-0.08971283584833145
-0.06303253769874573
-0.03637818619608879
-0.03312694653868675
0.03935479000210762
0.08448375016450882
0.10361549258232117
-0.027967127040028572
-0.009392728097736835
-0.03903040289878845
-0.05342291295528412
0.05244321748614311
0.031487319618463516
-0.05661267787218094
0.026724636554718018
-0.010261203162372112
-0.021451357752084732
-0.029594797641038895
0.0815010666847229
-0.012296183034777641
-0.03388170525431633
0.03764953464269638
-0.044143013656139374
-0.07754680514335632
0.030536063015460968
-0.05023729056119919
0.05089074745774269
0.016657797619700432
0.033933673053979874
0.005152096971869469
-0.0116398511454463
-0.07168152928352356
-0.022978970780968666
-0.053512945771217346
-0.017504679039120674
0.039029065519571304
-0.05927387997508049
0.0722217708826065
-0.0763387456536293
0.07112734764814377
0.0723448172211647
0.04323719069361687
-0.029288025572896004
0.009765803813934326
0.024819301441311836
-0.009372207336127758
0.2384694516658783
0.9123643040657043
0.3755752444267273
0.042307596653699875
-0.057662125676870346
0.9116082787513733
0.5300818681716919
4.910805702209473
1.2415090799331665
0.4246869683265686
-0.015259508043527603
1.254805564880371
1.1425541639328003
2.205034017562866
-0.030159849673509598
0.5243339538574219
1.0981868505477905
1.279841661453247
0.9526789784431458
0.7356812357902527
0.529163122177124
0.4790972173213959
1.0515769720077515
0.8658645153045654
0.9406328201293945
0.021798349916934967
-0.04768448323011398
-0.027015769854187965
-0.03376633673906326
-0.053507037460803986
0.035689450800418854
0.034700118005275726
-0.001031801919452846
0.06107752397656441
0.03368080407381058
-0.03762654960155487
0.0010310577927157283
-0.07350918650627136
-0.03157799690961838
0.029770342633128166
0.042550526559352875
-0.02894658036530018
0.0708286464214325
0.011522346176207066
0.07722720503807068
-0.022344360128045082
0.016625573858618736
-0.045843735337257385
-0.007030433975160122
-0.08303799480199814
0.2843470275402069
1.5611556768417358
0.4539458155632019
0.019240036606788635
0.04765549302101135
0.8608852028846741
0.5065226554870605
2.3715357780456543
1.1842918395996094
0.43274086713790894
-0.0016499479534104466
1.2800593376159668
1.2551072835922241
2.114201068878174
-0.004850530065596104
0.49276766180992126
1.2150392532348633
1.3347201347351074
2.1072726249694824
0.7256268858909607
0.7156009078025818
0.6212276816368103
1.0092384815216064
1.5065737962722778
1.1035497188568115
0.06130146607756615
0.27720004320144653
0.33918845653533936
-0.045534200966358185
0.06520358473062515
0.6171857118606567
0.10435228794813156
3.3484408855438232
0.6803406476974487
0.43717995285987854
0.0013209071476012468
0.3031827509403229
0.6883041262626648
1.5874087810516357
0.04938478395342827
0.08692248165607452
0.5076783895492554
0.9479034543037415
0.29159361124038696
0.8480375409126282
0.43453335762023926
0.18938341736793518
0.5169141292572021
0.09604088217020035
1.1666086912155151
0.07809876650571823
-0.023643899708986282
0.004553060047328472
-0.0898728147149086
-0.05067986622452736
0.09793313592672348
0.030801506713032722
0.019696777686476707
0.016974393278360367
-0.03392358124256134
-0.05863158404827118
-0.0029634549282491207
-0.034699033945798874
0.13247987627983093
0.03575152903795242
0.07206225395202637
0.101406991481781
0.024952225387096405
0.03787163645029068
0.011230526491999626
0.03127117082476616
0.014156502671539783
0.01928170770406723
-0.023461053147912025
0.0725562646985054
-0.04073893278837204
0.01745845191180706
-0.029738808050751686
0.027430664747953415
-0.02518792636692524
0.03491344302892685
-0.048612479120492935
-0.01772445999085903
0.019242973998188972
-0.002704576589167118
0.006833153311163187
-0.014953200705349445
-0.03638742119073868
-0.03386683762073517
-0.000250774814048782
-0.007211759220808744
-0.0273506548255682
-0.02295549400150776
0.00510260509327054
0.06611308455467224
-0.056579019874334335
0.004681396298110485
-0.007193981669843197
-0.024280380457639694
-0.017109187319874763
-0.03289864584803581
-0.022500216960906982
0.018572494387626648
-0.014133484102785587
0.08346408605575562
-0.025922320783138275
-0.03900189697742462
0.049232129007577896
-0.021335477009415627
0.017088349908590317
-0.061070363968610764
0.058384355157613754
-0.012393885292112827
-0.023391297087073326
0.01503409631550312
0.019689755514264107
0.02705191634595394
0.0537102147936821
0.045720286667346954
0.01654941961169243
0.03792138770222664
-0.11149513721466064
-0.02638608030974865
0.03018573299050331
-0.012259842827916145
-0.03484807163476944
-0.0265952218323946
-0.00470871152356267
-0.010118233971297741
0.014206060208380222
0.05777430161833763
0.023448852822184563
0.011710939928889275
-0.036340080201625824
-0.06625241786241531
0.08953388035297394
-0.04867616668343544
0.010569389909505844
0.04337775707244873
-0.09586840122938156
0.09221702069044113
-0.012665812857449055
-0.060202665627002716
-0.08053576946258545
-0.009701894596219063
0.03425278142094612
0.02953401766717434
0.00574629008769989
0.002874719211831689
-0.004285999108105898
-0.051630742847919464
0.08940707892179489
-0.01630432903766632
0.09146132320165634
0.01967030204832554
-0.05320541188120842
0.023911675438284874
0.018054042011499405
-0.03616826981306076
0.12088613212108612
-0.06772997230291367
0.0030600628815591335
0.03465287759900093
-0.03630552813410759
-0.0553550086915493
-0.0025416791904717684
0.020542386919260025
-0.01527606975287199
0.020139306783676147
-0.048182323575019836
-0.006564437877386808
0.03330816328525543
0.04051140695810318
-0.026462368667125702
0.011847250163555145
-0.19419708847999573
-0.49395179748535156
-0.30110645294189453
0.039384547621011734
-0.026751521974802017
-0.14132431149482727
-0.5104347467422485
-1.4893051385879517
-0.835534393787384
-0.40188100934028625
-0.1083252802491188
-0.5836493372917175
-0.5600880980491638
-1.5871340036392212
-0.05652835592627525
-0.449109822511673
-0.886350154876709
-0.9179418087005615
-0.4944114685058594
-0.5773065090179443
-0.5724947452545166
-0.5217463374137878
-0.8210752606391907
-0.9759949445724487
-1.1163634061813354
-0.14755095541477203
-0.7912204265594482
-0.2941077649593353
-0.06561315059661865
0.037945810705423355
-0.3341526687145233
-0.4808034896850586
-1.1065365076065063
-0.890241801738739
-0.3755446970462799
0.030927468091249466
-0.5446721911430359
-0.5187095403671265
-1.8459988832473755
0.0001856894523371011
-0.45730122923851013
-0.7165307998657227
-0.7807332873344421
-1.461017370223999
-0.5695736408233643
-0.5166337490081787
-0.4080672860145569
-0.7985235452651978
-1.2145971059799194
-1.1842341423034668
-0.1597154289484024
-1.1133079528808594
-0.2465740144252777
0.01673758216202259
-0.11000488698482513
-1.0188744068145752
-0.4770173728466034
-0.4325575828552246
-0.8147537708282471
-0.3200041353702545
-0.026845106855034828
-0.6555157899856567
-0.5040276050567627
-1.4734833240509033
0.07907963544130325
-0.5331496596336365
-0.8585671186447144
-0.6232762336730957
-1.8506484031677246
-0.38320112228393555
-0.573937714099884
-0.5356364846229553
-0.5671740174293518
-1.2925679683685303
-0.4921526610851288
-0.20685416460037231
-0.44160008430480957
-0.2532753348350525
0.02925187721848488
0.0009361194679513574
-0.030372992157936096
-0.19513669610023499
-0.8472606539726257
-0.7775957584381104
-0.41818997263908386
-0.017816392704844475
-0.557440459728241
-0.2787931561470032
-1.6624374389648438
0.030998356640338898
-0.4682791233062744
-0.6191880702972412
-0.7181384563446045
-0.8156250715255737
-0.6124675273895264
-0.35883429646492004
-0.45670604705810547
-0.8358274102210999
-0.8900615572929382
-1.1806056499481201
0.0010574434418231249
-0.061931345611810684
0.012366034090518951
0.08909957855939865
-0.03155244514346123
0.013687406666576862
0.050521377474069595
0.07582248747348785
-0.006841748021543026
0.01120979804545641
0.021626779809594154
-0.0034547632094472647
0.028490031138062477
0.054748885333538055
-0.08474856615066528
0.009004425257444382
-0.04085714370012283
0.042676668614149094
0.023682845756411552
-0.04991680011153221
0.031426090747117996
0.04845158010721207
0.0055299969390034676
0.051316093653440475
0.02127959579229355
-0.04474220052361488
0.04337271302938461
0.0287973340600729
0.01802067644894123
-0.0015720439841970801
0.029180599376559258
0.08025524765253067
0.018310638144612312
-0.024326762184500694
0.04944457486271858
-0.04316849261522293
0.035560060292482376
0.10498965531587601
-0.03302115574479103
-0.0011335876770317554
0.03785187751054764
0.038779646158218384
-0.0025011193938553333
0.07803507894277573
0.028589991852641106
-0.01328671257942915
-0.02383558079600334
-0.0461251363158226
-0.019542276859283447
0.021223288029432297
-0.2987695038318634
-0.6374307870864868
-0.2892388701438904
-0.027556108310818672
-0.0007952934829518199
-0.2554214596748352
-0.3954591751098633
-2.3469529151916504
-0.9063147902488708
-0.5016397833824158
-0.04136202856898308
-0.5380394458770752
-0.4156576693058014
-1.677236795425415
-0.027810094878077507
-0.5118154883384705
-0.8216931819915771
-0.7657648324966431
-0.924339234828949
-0.4433824121952057
-0.5580762028694153
-0.5304705500602722
-0.903375506401062
-1.126594066619873
-1.179328203201294
-0.035833071917295456
0.014360465109348297
-0.06960875540971756
0.00832755584269762
-0.05386560782790184
-0.031115835532546043
-0.013985304161906242
0.04442787542939186
-0.027079060673713684
0.016955995932221413
-0.004390994552522898
0.0653710812330246
-0.0307652298361063
-0.04213224723935127
-0.005822907667607069
-0.049422457814216614
0.04700186103582382
-0.08038507401943207
0.0011733699357137084
-0.12657169997692108
-0.004493823274970055
-0.07508210837841034
-0.033297348767519
0.02709244191646576
-0.004493982996791601
0.018618257716298103
-0.02865638956427574
0.008397483266890049
0.003979901783168316
-0.0004063625819981098
0.018292943015694618
0.020625751465559006
-0.006726813968271017
-0.00016301647701766342
0.07008860260248184
-0.05370086431503296
0.05466632917523384
0.03590769320726395
0.03780709207057953
-0.06871021538972855
0.04338977113366127
-0.00857461430132389
-0.016236593946814537
-0.0036736198235303164
0.021442091092467308
0.09172321856021881
0.03186195716261864
-0.03179963678121567
-0.0205780491232872
0.060468193143606186
-0.13261811435222626
-0.7082415223121643
-0.2515621483325958
0.016226869076490402
-0.06367701292037964
-0.11452947556972504
-0.39481887221336365
-2.166982889175415
-0.8101130127906799
-0.31552156805992126
-0.034595388919115067
-0.4147319793701172
-0.43441158533096313
-1.5768108367919922
0.009214739315211773
-0.4805135428905487
-0.8014360666275024
-0.7845906019210815
-0.5179563164710999
-0.5652419924736023
-0.4972986578941345
-0.47077322006225586
-0.8279744982719421
-0.7673145532608032
-0.8349838852882385
-0.025049319490790367
0.019960889592766762
0.01671723648905754
0.015269829891622066
0.029478784650564194
0.022441033273935318
0.0902356430888176
0.0073242513462901115
-0.09057749807834625
0.013588747009634972
0.023098982870578766
-0.027366021648049355
0.06957440823316574
-0.09493999183177948
-0.004646464716643095
0.03068082220852375
0.024273646995425224
0.007035660557448864
0.060986924916505814
-0.019686738029122353
-0.010786492377519608
-0.008129646070301533
0.0839010700583458
0.045296572148799896
-0.04754157364368439
-0.1456306427717209
-0.8288678526878357
-0.23277650773525238
-0.010437228716909885
-0.02467898093163967
-0.3270185589790344
-0.43074581027030945
-1.3732348680496216
-0.8827330470085144
-0.4176172912120819
-0.0038816817104816437
-0.5304057002067566
-0.45935750007629395
-1.7887686491012573
-0.018609214574098587
-0.4762299060821533
-0.8488763570785522
-0.849872887134552
-1.443618655204773
-0.6049919128417969
-0.4949418306350708
-0.5988786816596985
-0.8234149217605591
-1.1980034112930298
-1.1690738201141357
-0.17719295620918274
-0.1367686241865158
-0.24825333058834076
-0.04608732461929321
0.032354794442653656
-0.07281680405139923
-0.1614270955324173
-2.0674893856048584
-0.4216155409812927
-0.3857977092266083
-0.012384358793497086
-0.20084844529628754
-0.2102881371974945
-1.2442607879638672
0.024218548089265823
-0.2050258070230484
-0.4619157016277313
-0.6534651517868042
-0.16073347628116608
-0.5875487327575684
-0.3786434829235077
-0.24244211614131927
-0.3833906948566437
0.0037506164517253637
-1.1971873044967651
-0.04671364650130272
-0.004082328639924526
-0.02864295430481434
0.039193008095026016
-0.06862060725688934
-0.058546535670757294
-0.029443833976984024
-0.018955716863274574
-0.021452898159623146
0.022975372150540352
-0.03185112774372101
0.06747861951589584
-0.008184974081814289
0.1372554451227188
0.011207843199372292
0.039650894701480865
-0.07308588176965714
-0.045946214348077774
-0.03075014427304268
-0.11194975674152374
0.07779261469841003
0.04859234392642975
0.039916135370731354
0.013457143679261208
0.02921477146446705
-0.038829583674669266
-0.04083710163831711
0.011401563882827759
0.005741316359490156
0.02517099119722843
-0.034228116273880005
-0.0015714169712737203
-0.004043425898998976
-0.028062729164958
0.022217895835638046
-0.01133260503411293
-0.047665681689977646
-0.05845481529831886
-0.1053471490740776
0.07424686849117279
-0.010609160177409649
0.022247573360800743
-0.009068780578672886
0.012347259558737278
0.03548581898212433
-0.008688973262906075
-0.022915255278348923
-0.012252175249159336
0.03235984966158867
0.027781493961811066
0.0018722573295235634
0.027061212807893753
0.03881576284766197
-0.07515145093202591
0.02064264565706253
0.020776018500328064
-0.009741240181028843
-0.013305190950632095
-0.012849654071033001
0.013093792833387852
-0.0276222862303257
-0.02826428972184658
0.09587462246417999
0.04718778282403946
-0.01419669296592474
-0.03591213747859001
-0.0019278221298009157
-0.01796586811542511
-0.015220359899103642
-0.03036843240261078
-0.03747006505727768
0.026821259409189224
-0.014245618134737015
0.018919682130217552
-0.017404692247509956
-0.006681481841951609
0.029818395152688026
0.032454684376716614
0.0701262354850769
-0.08533662557601929
-0.0059998962096869946
-0.04619448259472847
0.024932263419032097
-0.03946663811802864
-0.024865370243787766
0.01260022446513176
0.0755453109741211
-0.06794658303260803
0.0018931099912151694
0.046564649790525436
-0.04971074312925339
0.023662444204092026
0.00721776532009244
0.014948873780667782
-0.022673701867461205
-0.00690112728625536
-0.0757220983505249
-0.0063427588902413845
0.012795603834092617
0.012906084768474102
0.011790558695793152
-0.08522902429103851
-0.014356969855725765
-0.028173156082630157
0.06017346307635307
-0.02737669087946415
0.01692507043480873
0.0038162036798894405
-0.018080368638038635
-0.051791008561849594
0.09160062670707703
0.09619942307472229
0.0656241923570633
-0.045096222311258316
0.017067011445760727
0.028009964153170586
0.06788911670446396
0.002986632753163576
-0.005541149061173201
-0.024614645168185234
-0.0696403980255127
-0.03915344551205635
0.011863461695611477
0.03764079138636589
-0.041270069777965546
0.3403298258781433
0.6845653653144836
0.28399085998535156
0.006541823036968708
-0.07374253869056702
1.2534518241882324
0.5663238763809204
4.281472206115723
1.1524033546447754
0.43781012296676636
-0.06127224490046501
1.0483678579330444
1.072216510772705
2.4781103134155273
-0.07152864336967468
0.49872303009033203
1.177829384803772
1.4290920495986938
0.6670910716056824
0.7715390920639038
0.7723484635353088
0.5425916314125061
0.9575139284133911
1.072876214981079
1.1190425157546997
0.2462187260389328
1.5421955585479736
0.3936813175678253
0.03517735004425049
0.06418212503194809
1.505826711654663
0.5356429219245911
2.451209545135498
1.275505542755127
0.3410849869251251
-0.07961847633123398
1.106652021408081
1.2266156673431396
2.1380512714385986
-0.06420936435461044
0.542771577835083
1.117474913597107
1.3480201959609985
2.0137059688568115
0.6437651515007019
0.6215077042579651
0.5838306546211243
0.9686405062675476
1.5275193452835083
1.1443363428115845
0.2529491186141968
1.8300262689590454
0.21998116374015808
0.04895217716693878
0.025852546095848083
1.2729729413986206
0.5239466428756714
0.5346962809562683
1.1827236413955688
0.48922425508499146
-0.00020815532479900867
1.2200464010238647
1.1030815839767456
1.532060146331787
0.08356530964374542
0.4948137700557709
1.218842625617981
1.1785988807678223
2.2608039379119873
0.44350966811180115
0.7203990817070007
0.4804019629955292
0.6530207991600037
1.6655515432357788
0.935584545135498
0.30114489793777466
0.9967305064201355
0.31786489486694336
-0.045661091804504395
0.06529940664768219
1.194085717201233
0.21535764634609222
1.7245396375656128
1.024684190750122
0.4469199776649475
-0.06980385631322861
0.546997606754303
0.7563267946243286
1.646551251411438
0.03665216639637947
0.6374185085296631
0.8485857248306274
0.8841595649719238
1.3001999855041504
0.743084728717804
0.5053073167800903
0.4755989611148834
1.0860408544540405
1.2168872356414795
1.1524429321289062
-0.0056097181513905525
-0.05852968990802765
0.033819299191236496
0.015271596610546112
-0.04636989161372185
-0.007869811728596687
0.01563994213938713
-0.0640006810426712
-0.030998818576335907
-0.046367205679416656
0.02673501707613468
-0.05591035261750221
0.023143580183386803
0.025763913989067078
0.002095402916893363
-0.030631396919488907
-0.04535352811217308
-0.0015121750766411424
-0.006533242296427488
0.07937631011009216
-0.04056841507554054
0.008170867338776588
-0.0681580901145935
-0.019626552239060402
-0.03936045989394188
0.0752723217010498
-0.03994911164045334
-0.016255635768175125
-0.10330696403980255
0.07522071897983551
0.017496705055236816
0.0701596811413765
-0.05289517715573311
0.011407152749598026
0.01858554780483246
0.07830636203289032
0.02314760722219944
0.051826413720846176
0.030341895297169685
0.02959235943853855
0.07490183413028717
-0.0007935872417874634
-0.03721702843904495
0.010470399633049965
-0.08719702064990997
-0.040816839784383774
0.04609386995434761
-0.03849378973245621
-0.008629178628325462
-0.05999887362122536
0.3686634600162506
1.3830718994140625
0.27917447686195374
-0.019721180200576782
-0.021452637389302254
1.4423576593399048
0.4011290669441223
4.189233303070068
1.1477564573287964
0.37727075815200806
0.05299081653356552
1.1564499139785767
1.1718487739562988
1.9862911701202393
-0.04755343496799469
0.4936259686946869
1.1580291986465454
1.3643150329589844
1.0791698694229126
0.8236168026924133
0.6597960591316223
0.5680920481681824
0.9451303482055664
1.3967211246490479
1.0666329860687256
-0.028460055589675903
-0.0037444960325956345
-0.006111669819802046
-0.06360293179750443
-0.006516850553452969
-0.04000527411699295
-0.026658225804567337
-0.07967860996723175
-0.025535570457577705
-0.029834063723683357
0.0058876341208815575
-0.014110774733126163
-0.045480500906705856
-0.03763626515865326
0.10774718225002289
0.0319068469107151
0.0815066322684288
-0.01143582072108984
0.060015928000211716
-0.00021539325825870037
-0.045982725918293
-0.07006796449422836
0.14040648937225342
-0.007004079408943653
-0.029760021716356277
0.0021843244321644306
0.014468342997133732
0.002025185152888298
0.07376841455698013
0.08088374137878418
-0.04444730281829834
-0.0006447265623137355
-0.04871181771159172
0.04165942221879959
0.027524199336767197
0.0376763679087162
-0.014376149512827396
-0.014949404634535313
-0.013607935048639774
-0.12321727722883224
-0.03641486540436745
0.07299964129924774
0.006024531088769436
0.017388850450515747
-0.0032681955490261316
0.02642112411558628
0.009403046220541
-0.1291486918926239
-0.06014075502753258
-0.08076319843530655
0.26322463154792786
0.8747966885566711
0.35104817152023315
-0.03724301978945732
-0.01601129025220871
1.3378275632858276
0.5303744673728943
4.621194362640381
1.2468421459197998
0.349940687417984
0.07038965076208115
1.2080787420272827
1.161897897720337
2.3049795627593994
0.010394955053925514
0.562134861946106
1.173608422279358
1.3819239139556885
1.0102142095565796
0.755986213684082
0.7910407185554504
0.4940854012966156
0.9836037158966064
0.9542383551597595
0.8005565404891968
-0.07959878444671631
-0.023710070177912712
0.09757917374372482
-0.0221627838909626
-0.012263519689440727
-0.01595078594982624
-0.05436636880040169
-0.028082862496376038
-0.00021745568665210158
0.016632847487926483
-0.009281874634325504
0.05007229000329971
-0.06817369908094406
-0.01831519789993763
0.008427017368376255
-0.034888193011283875
-0.09181378036737442
0.12696008384227753
0.01884804666042328
0.021314676851034164
0.0128732118755579
0.039061833173036575
-0.01935723051428795
0.031048480421304703
-0.03914104774594307
0.3038462996482849
1.5895392894744873
0.411918580532074
0.031074514612555504
0.045281294733285904
1.5278267860412598
0.4148797392845154
2.453435182571411
1.1989926099777222
0.46869927644729614
0.00821618176996708
1.1022213697433472
1.2734348773956299
2.1492085456848145
-0.07412911206483841
0.503618597984314
1.1947418451309204
1.3912814855575562
2.162806272506714
0.8222002387046814
0.6776930689811707
0.5731980204582214
1.0108416080474854
1.5620787143707275
1.0998715162277222
0.08693508058786392
0.22883734107017517
0.3157874643802643
-0.024258414283394814
0.07092592120170593
1.0883532762527466
0.06624075025320053
4.610418796539307
0.5565555691719055
0.3650224804878235
-0.057526662945747375
0.29693523049354553
0.7341214418411255
1.5786770582199097
-0.04913608357310295
0.174577534198761
0.4897855222225189
0.9086596369743347
0.34723103046417236
0.8165749907493591
0.44618287682533264
0.2141612470149994
0.5154144763946533
0.07328189164400101
1.1097376346588135
-0.0006467958446592093
-0.012711110524833202
0.00961947999894619
-0.03836255148053169
0.04783887043595314
0.04299336299300194
0.03348582610487938
-0.06250636279582977
-0.06550377607345581
-0.09354373812675476
-0.00441450159996748
-0.02003016322851181
0.00939248874783516
0.021442674100399017
-0.044437672942876816
-0.024245567619800568
0.07969177514314651
0.008153783157467842
0.026909608393907547
0.018178699538111687
0.0013037649914622307
0.006579185836017132
-0.036609988659620285
-0.03806211054325104
-0.04500903561711311
-0.05310384929180145
0.025781232863664627
-0.023961225524544716
0.10270877182483673
0.02439751848578453
0.09124544262886047
-0.05696459114551544
-0.06461590528488159
-0.082280233502388
-0.057154882699251175
-0.01132203545421362
-0.041841499507427216
-0.05690458044409752
0.0766739621758461
0.0005394378094933927
0.043151117861270905
-0.08407681435346603
-0.015815075486898422
-0.013866405934095383
-0.034444063901901245
0.01577340066432953
0.006635560654103756
0.005281432531774044
-0.022341104224324226
0.01974131539463997
0.018796348944306374
-0.03754376247525215
0.07889049500226974
-0.015500529669225216
0.03781845420598984
0.04983887821435928
0.0638308897614479
-0.04398886486887932
0.02149229682981968
-0.012971910648047924
0.0017097145318984985
-0.06297758966684341
-0.06349752843379974
-0.021883709356188774
0.048023492097854614
0.027153318747878075
-0.09288034588098526
-0.027296850457787514
-0.022566840052604675
-0.009338299743831158
-0.028220731765031815
-0.017130965366959572
-0.041920218616724014
-0.025307804346084595
-0.012756865471601486
-0.02127191238105297
0.024021277204155922
0.08420775830745697
0.03351911902427673
0.002426826162263751
-0.07480119168758392
-0.11660262942314148
0.018524503335356712
0.0309672262519598
-0.0593162402510643
0.0035593288484960794
0.015899086371064186
0.03835601732134819
-0.040145959705114365
-0.010896422900259495
0.0736638680100441
0.0261544156819582
0.011280561797320843
0.02753695659339428
0.010347076691687107
-0.032553575932979584
-0.09417622536420822
0.013591446913778782
-0.11665928363800049
0.05420207232236862
0.09753616154193878
-0.05148129165172577
-0.0022571461740881205
0.06699313223361969
0.03971127048134804
0.03283968195319176
-0.05605274811387062
-0.03872334957122803
0.012679398991167545
-0.08175987005233765
-0.016212360933423042
-0.007873966358602047
-0.010993842966854572
-0.03354477509856224
-0.014910743571817875
-0.010807124897837639
-0.03596048802137375
-0.1136033684015274
0.0220289658755064
0.021134845912456512
-0.031833287328481674
0.020545372739434242
0.0011853837640956044
0.06400768458843231
0.009814172983169556
0.2675045132637024
0.81891268491745
0.419466495513916
-0.05297175794839859
-0.015228641219437122
1.400852918624878
0.4922487735748291
3.991217613220215
1.1910138130187988
0.30205243825912476
0.01304065901786089
1.1325937509536743
1.1406043767929077
2.3187620639801025
0.04297740384936333
0.47415995597839355
1.15214204788208
1.3278782367706299
0.6720266342163086
0.797920286655426
0.6745521426200867
0.5635771155357361
0.9391856789588928
1.0354259014129639
1.1898161172866821
0.30351516604423523
1.5837039947509766
0.3548831045627594
0.08609379082918167
-0.00655640522018075
1.4630132913589478
0.5202865600585938
2.3873844146728516
1.2250217199325562
0.4216841459274292
-0.030683541670441628
1.2077124118804932
1.2152169942855835
2.164095640182495
0.020133886486291885
0.48458629846572876
1.308144450187683
1.409958004951477
2.2754862308502197
0.8008660674095154
0.7269576191902161
0.6185909509658813
1.0712049007415771
1.5308208465576172
1.1418895721435547
0.13413572311401367
1.915449857711792
0.18999625742435455
0.005973572842776775
-0.002687925472855568
1.2292414903640747
0.5360704064369202
0.48838362097740173
1.198305606842041
0.4608200192451477
0.027169715613126755
1.2567561864852905
1.065911889076233
1.4740484952926636
0.0009436268592253327
0.54175865650177
1.0780909061431885
1.0114086866378784
2.29862117767334
0.4131258428096771
0.6919321417808533
0.5651988983154297
0.5666903257369995
1.8049352169036865
0.8449788689613342
0.27164778113365173
1.0262912511825562
0.4453276991844177
-0.04475415125489235
0.056330714374780655
1.0987627506256104
0.33839401602745056
1.734265923500061
0.9979751706123352
0.45768481492996216
-0.017161695286631584
0.7031952142715454
0.7783574461936951
1.5208450555801392
-0.03405991569161415
0.46735650300979614
0.9205119609832764
0.8885884881019592
1.3426083326339722
0.8405370116233826
0.5069141387939453
0.5132216215133667
1.0016186237335205
1.132426381111145
1.0524815320968628
-0.010761762037873268
-0.018739042803645134
-0.035237766802310944
0.03604688122868538
0.0801469013094902
-0.0022423327900469303
0.053562771528959274
0.05916993319988251
-0.010475312359631062
-0.031318023800849915
-0.07683807611465454
-0.05772654339671135
-0.08151073753833771
0.024594411253929138
0.026616297662258148
0.05604689568281174
0.03545914962887764
0.042439308017492294
0.05749410018324852
0.04913119599223137
-0.10646293312311172
0.058790065348148346
0.0325004979968071
0.08151281625032425
-0.12381722778081894
-0.029553258791565895
-0.03140866011381149
0.002990276552736759
-0.023248828947544098
-0.017516037449240685
-0.0009210702846758068
0.043840352445840836
-0.03680295869708061
0.036527685821056366
-0.0502457357943058
0.014797132462263107
0.054287053644657135
0.10517960041761398
0.00628673704341054
0.10462073981761932
-0.03189445286989212
-0.016395369544625282
0.0003119222819805145
-0.07940936088562012
-0.032616712152957916
0.004881631582975388
-0.04928033798933029
-0.009487610310316086
0.009427286684513092
-0.00872176606208086
0.30436772108078003
1.2900364398956299
0.34129369258880615
-0.12837111949920654
0.020636260509490967
1.4150381088256836
0.49746596813201904
4.591877460479736
1.219353199005127
0.3511998653411865
-0.008143989369273186
1.1860865354537964
1.1572916507720947
1.9256635904312134
-0.08805499225854874
0.543520987033844
1.1683802604675293
1.3045259714126587
1.0497963428497314
0.7741592526435852
0.726706326007843
0.6417474746704102
0.9691991209983826
1.4276643991470337
1.131425380706787
-0.05265604704618454
-0.00950221624225378
0.04726507142186165
-0.018860455602407455
0.0332161970436573
-0.02385157346725464
-0.05721085146069527
0.010361304506659508
0.03912622854113579
-0.0837404653429985
0.07454622536897659
-0.07588356733322144
-0.0657774806022644
0.031049426645040512
-0.04444153606891632
-0.04016847535967827
0.007355208043009043
-0.027909914031624794
-0.02220219373703003
-0.05693488195538521
0.048231303691864014
0.01717960275709629
-0.008788458071649075
-0.027807308360934258
-0.03858957812190056
0.04835247993469238
-0.019181709736585617
0.06900765746831894
0.05497368797659874
-0.008697086945176125
0.07139243185520172
0.029045723378658295
0.043019793927669525
0.03359298035502434
0.024797677993774414
-0.01952892728149891
0.016830671578645706
0.026631265878677368
0.10492338240146637
-0.014785445295274258
-0.06305701285600662
0.0746980607509613
0.008917037397623062
-0.010916679166257381
0.0046288128942251205
-0.030491014942526817
0.1202736422419548
-0.07012324035167694
-0.015237677842378616
-0.061454322189092636
0.2666182816028595
0.8925015926361084
0.3617279827594757
0.06390774995088577
0.026344824582338333
1.3576223850250244
0.4374657869338989
4.875746726989746
1.2681922912597656
0.4373161792755127
0.0014050622703507543
1.16497004032135
1.089524745941162
2.0891497135162354
-0.05418083071708679
0.5168443918228149
1.1957969665527344
1.3143503665924072
0.9886983036994934
0.7695310711860657
0.6531028151512146
0.49710747599601746
1.0044441223144531
0.9370201826095581
0.9544296860694885
0.07483630627393723
0.08863554894924164
0.031875211745500565
-0.09073830395936966
0.04330777749419212
-0.01456035953015089
-0.04354199022054672
-0.025541504845023155
0.053268689662218094
-0.032834623008966446
0.07041177898645401
-0.004308267030864954
0.027173437178134918
-0.05244827643036842
0.04148092120885849
-0.038805171847343445
-0.06123151630163193
0.0303889662027359
-0.028708146885037422
-0.0446108803153038
0.02153145894408226
0.08521091938018799
-0.023896023631095886
-0.03157234936952591
-0.014099880121648312
0.34384989738464355
1.6181288957595825
0.36316418647766113
0.08451097458600998
-0.0005762428045272827
1.492377519607544
0.5034366846084595
2.326964855194092
1.2559268474578857
0.433163583278656
0.001752683543600142
1.1733320951461792
1.3818732500076294
2.110302686691284
0.014753546565771103
0.43184441328048706
1.2014484405517578
1.3299673795700073
2.3174338340759277
0.8740798830986023
0.6722705960273743
0.5516560673713684
0.921669065952301
1.5791397094726562
1.1163544654846191
0.07138670980930328
0.22461089491844177
0.3375493884086609
0.039601489901542664
-0.06166598200798035
0.959473729133606
0.10743086040019989
3.6701602935791016
0.6406025290489197
0.3449300527572632
-0.05851643159985542
0.30353468656539917
0.7509009838104248
1.489024043083191
-0.016231654211878777
0.13939686119556427
0.5682145953178406
0.9159734845161438
0.4086260199546814
0.7868362069129944
0.5195937752723694
0.18482162058353424
0.5146640539169312
0.12994904816150665
1.074810266494751
0.04881131276488304
-0.01141504105180502
-0.006436016410589218
0.03348645940423012
-0.07118930667638779
0.04954758286476135
0.029362527653574944
0.028669612482190132
-0.006130262743681669
0.029791800305247307
-0.07664079964160919
-0.05072024464607239
0.04369343817234039
-0.03620858117938042
-0.09426533430814743
-0.01786452904343605
-0.004586624912917614
-0.021617991849780083
-0.006834686268121004
-0.04633459821343422
0.019928619265556335
0.03427053987979889
-0.004698208533227444
-0.008250782266259193
-0.0018371124751865864
-0.060749076306819916
-0.027621395885944366
0.04925651103258133
-0.010814046487212181
-0.04644221067428589
0.04841112345457077
-0.037421394139528275
0.005595034454017878
0.001424734597094357
0.04935865476727486
-0.02824459783732891
0.003039069240912795
0.021599434316158295
0.0577705055475235
-0.09709151834249496
0.018186869099736214
-0.011473002843558788
-0.021815210580825806
-0.01333479955792427
-0.0677151009440422
0.06453931331634521
0.04197682440280914
0.06649928539991379
-0.019838545471429825
0.05403590202331543
-0.006212206557393074
0.06238200142979622
-0.018715908750891685
0.002575056394562125
0.00806594081223011
-0.010943897068500519
0.04228002950549126
0.06621813029050827
0.014365744777023792
-0.10557341575622559
-0.00170166976749897
-0.01774555630981922
-0.02192753739655018
0.004646871238946915
-0.020232373848557472
0.04850683733820915
-0.02576032280921936
-0.0025046076625585556
-0.023466499522328377
0.022564034909009933
0.04118704795837402
-0.06459353864192963
-0.05289185047149658
0.01583748683333397
0.010355412028729916

mli2pkj,mli2pkj.weight
-2.846158504486084
-5.652335166931152
-6.8381147384643555
-1.966452717781067
-2.8189756870269775
-0.00457210885360837
-3.968895673751831
0.03270307555794716
-6.309993267059326
-1.830814242362976
-2.6528842449188232
-0.7524587512016296
-5.967914581298828
0.3192873001098633
-3.698920488357544
-4.188899993896484
-2.163403034210205
-2.761225700378418
-2.6851017475128174
-1.2651140689849854
-1.9234482049942017
-0.2349817305803299
-2.4598147869110107
-0.019909221678972244
-1.7483832836151123
-1.0719311237335205
-2.5685062408447266
-2.121519088745117
-1.9315310716629028
0.1250845491886139
-1.8094992637634277
-1.6197751760482788
-2.6118507385253906
-6.320075988769531
-8.66878604888916
-2.466172218322754
-6.37328577041626
0.35590842366218567
-4.339175701141357
-0.1922113597393036
-8.030444145202637
-2.325441837310791
-2.0211455821990967
-1.3196252584457397
-3.4661200046539307
-0.21474513411521912
-2.8091273307800293
-4.249259948730469
-2.283690929412842
-4.021197319030762
-4.824129104614258
-2.4240827560424805
-4.0654191970825195
-0.69704669713974
-3.535851001739502
0.025820840150117874
-4.5081257820129395
-3.448862314224243
-3.9535973072052
-1.8391058444976807
-2.76859188079834
0.3357771039009094
-4.463665962219238
-2.7388358116149902
-2.2350306510925293
-1.8316755294799805
-2.0387699604034424
-2.0874500274658203
-1.653733491897583
-0.014618555083870888
-1.9657135009765625
-0.02032717689871788
-1.7126593589782715
-1.0831031799316406
-4.4547014236450195
-1.9094748497009277
-3.611260175704956
0.13843774795532227
-2.114177703857422
-1.3326572179794312
2.2062554359436035
3.4812865257263184
3.1466290950775146
1.9832472801208496
3.0504889488220215
0.0658743605017662
3.776553153991699
-0.02245156653225422
3.446176528930664
1.7345540523529053
2.376642942428589
0.5975576639175415
4.110499858856201
-0.2639200687408447
3.844156265258789
3.262653112411499
-2.9631004333496094
-6.007244110107422
-7.263737201690674
-2.4703707695007324
-4.538821220397949
-0.0028857621364295483
-4.11421012878418
0.27308225631713867
-6.343952655792236
-2.0822336673736572
-2.5823090076446533
-1.0361003875732422
-2.355226755142212
-0.10046109557151794
-2.8652641773223877
-4.1653666496276855
3.1601457595825195
3.86985182762146
2.991724967956543
3.4800877571105957
3.36448335647583
-0.17934243381023407
3.1659374237060547
-0.1345696598291397
3.2081801891326904
2.896622896194458
2.3224706649780273
1.6017482280731201
4.157212257385254
-0.30819815397262573
4.363181114196777
3.9421463012695312

pkj2motor,pkj2motor.weight
-11.714529991149902
-7.111865520477295
-10.818458557128906
-10.523003578186035
-7.329264163970947
-0.10047710686922073
-10.337599754333496
0.09511446952819824
-12.10346508026123
-7.083256244659424
-11.479327201843262
-9.71682357788086
-6.320967197418213
-0.4925915002822876
-11.140986442565918
-0.2870597243309021
-11.519292831420898
-6.678668975830078
-11.110528945922852
-9.960270881652832
-6.9086833000183105
-0.23048986494541168
-11.220206260681152
-0.5938543081283569
-11.1753511428833
-7.272357940673828
-11.390551567077637
-10.67203140258789
-7.026893615722656
0.11088959127664566
-10.79819393157959
0.23638968169689178
