Layer,Parameter Name,Values

log_std,log_std
0.0
0.0
0.0
0.0

conv0_actor,conv0_actor.weight
5.22341775894165,

conv1_actor,conv1_actor.weight
-0.41692331433296204,-0.4206697940826416,-0.7630286812782288,-0.005327852442860603,
-0.16083095967769623,-0.2217680662870407,-0.12322825938463211,-0.47526657581329346,
-0.3048138916492462,-0.802582859992981,-0.05216948688030243,0.2075023204088211,
-0.3365846872329712,0.0967981293797493,-0.47070014476776123,-0.22723400592803955,
4.251949787139893,4.717075824737549,-1.073683261871338,-0.31142091751098633,
4.638629913330078,4.4293365478515625,-1.8079712390899658,-1.3455010652542114,
-1.1710402965545654,0.6038338541984558,3.848526954650879,4.301477432250977,
-2.7948050498962402,0.43246200680732727,4.077737808227539,4.0142316818237305,
-0.047827932983636856,-0.3311470150947571,-0.009882478974759579,-0.3378896713256836,
-0.13769258558750153,0.12906451523303986,-0.0008046063012443483,0.00396037707105279,
-0.41553565859794617,-0.44853076338768005,0.22642843425273895,0.1926465779542923,
-0.4090082347393036,0.07905551046133041,-0.239773228764534,0.19909730553627014,
-2.4050309658050537,-1.2481269836425781,3.4229955673217773,3.801159143447876,
-1.9827516078948975,-0.5694782137870789,4.961853981018066,2.7061281204223633,
3.1200037002563477,3.5070557594299316,-1.5247539281845093,-2.097930431365967,
4.091426849365234,4.721391677856445,-0.6216863989830017,-3.5155482292175293,
-0.05690876394510269,0.0324854776263237,-0.32890793681144714,-0.2197919338941574,
0.020915836095809937,-0.08960486948490143,0.04963606595993042,-0.22011898458003998,
-0.06113077700138092,-0.06479130685329437,0.11242352426052094,-0.1026921197772026,
-0.007058669812977314,0.10344789177179337,-0.12033133953809738,-0.1089491993188858,
0.07629826664924622,0.547903299331665,-0.7202790379524231,-0.6832374334335327,
0.38911229372024536,0.11336742341518402,-1.573820948600769,-1.1019970178604126,
-1.0446314811706543,-2.349050998687744,2.916858673095703,3.1893160343170166,
-0.6024450659751892,-1.6159577369689941,4.906230926513672,4.772114276885986,
0.14954480528831482,-0.5294927954673767,0.20820391178131104,0.012167082168161869,
-0.2637175917625427,-0.11391934752464294,0.25079217553138733,0.033121656626462936,
0.14521834254264832,-0.5045011043548584,-0.36735421419143677,-0.0676933228969574,
0.1698182076215744,-0.2330828458070755,0.0806809738278389,0.47983887791633606,
4.389187812805176,4.475064277648926,4.748129844665527,4.482944965362549,
4.404586315155029,4.067892074584961,4.983960151672363,4.400888442993164,
0.5556125640869141,0.8868926167488098,3.866309404373169,4.992656707763672,
-1.9186071157455444,0.24189746379852295,3.103837728500366,4.316374778747559,
-0.6081346273422241,0.05506177991628647,-0.3810875117778778,-0.30684012174606323,
0.003583531128242612,0.10704092681407928,-0.340311735868454,-0.1013161912560463,
-0.23873946070671082,0.1941923350095749,0.044978830963373184,-0.01599951647222042,
-0.363468736410141,0.1389700323343277,0.38892433047294617,0.5592505931854248,
0.5569270253181458,0.17392820119857788,4.079117298126221,4.408789157867432,
0.8223823308944702,0.7617273330688477,3.812335729598999,4.767299652099609,
3.808011293411255,4.5200700759887695,-2.061901569366455,-2.7236781120300293,
3.0434670448303223,3.992307662963867,-2.1654367446899414,-1.822583556175232,
0.3562604784965515,-0.02851046808063984,0.020669570192694664,0.12306126952171326,
-0.20952565968036652,0.24681811034679413,-0.08392292261123657,0.04215726628899574,
-0.02854369767010212,0.18192283809185028,-0.3443596661090851,0.11657256633043289,
-0.12114670872688293,-0.3570062518119812,-0.3069189190864563,-0.27066946029663086,
0.7350964546203613,0.06236027926206589,0.665012001991272,0.1711600124835968,
2.8118603229522705,1.9109748601913452,0.9102845788002014,0.1051521897315979,
4.139962196350098,3.9623782634735107,-1.646121621131897,-2.2587192058563232,
4.897736072540283,3.1661434173583984,-2.1136369705200195,-2.463658571243286,
-0.07272160798311234,-0.17315541207790375,-0.07179229706525803,0.14795997738838196,
0.018266817554831505,0.06385752558708191,0.09358196705579758,0.11952824890613556,
0.2337622344493866,-0.18116794526576996,0.33477577567100525,0.18911254405975342,
0.23406261205673218,0.1095658615231514,-0.01782611571252346,0.18682806193828583,
-1.4383032321929932,-0.8832575082778931,3.4775514602661133,4.635209560394287,
-2.40480637550354,-1.9673165082931519,3.565871477127075,3.9628734588623047,
-1.534301996231079,-3.1457455158233643,4.436771869659424,4.2471232414245605,
-2.055004596710205,-1.4659967422485352,5.690290927886963,3.6579220294952393,
-0.253402978181839,-0.33112451434135437,-0.18781942129135132,0.08418148010969162,
-0.38528767228126526,-0.4508676826953888,-0.5169180631637573,-0.4128022789955139,
0.1824977695941925,-0.6178696751594543,0.0915471538901329,0.06898613274097443,
-0.1667207032442093,-0.1277027428150177,-0.022212374955415726,0.11702768504619598,
4.509917259216309,3.899456024169922,0.6280398368835449,0.36381909251213074,
5.089748859405518,5.0342559814453125,1.5492830276489258,-0.6999375820159912,
-2.1491410732269287,-0.8817499279975891,4.424853324890137,3.9411747455596924,
-3.041478395462036,-1.4697762727737427,4.331544876098633,4.69887113571167,
0.02091428078711033,-0.4274890124797821,0.21387383341789246,0.14145652949810028,
-0.08961658179759979,0.004508072044700384,0.035871028900146484,0.12191777676343918,
-0.27831530570983887,-0.23671749234199524,-0.10273858904838562,0.22480511665344238,
0.18816515803337097,0.10700251907110214,-0.053129151463508606,-0.1813231110572815,
3.2087244987487793,3.7037465572357178,-1.532473087310791,-1.7156144380569458,
5.1342010498046875,4.713512420654297,-0.5104570388793945,-1.2638438940048218,
-1.6911267042160034,-1.402301549911499,0.7585186958312988,0.38994717597961426,
-3.3389651775360107,-1.6771265268325806,0.02821839414536953,1.0840191841125488,
-0.23456233739852905,-0.3209284842014313,0.11933794617652893,-0.11278843134641647,
-0.29055002331733704,-0.7949967384338379,-0.45645201206207275,-0.16605603694915771,
-0.2936248481273651,-0.3371315598487854,0.08601300418376923,0.16805768013000488,
-0.49800077080726624,0.22686956822872162,0.26645877957344055,-0.04333082586526871,
4.9831671714782715,4.342676162719727,3.509643077850342,3.840893268585205,
3.7354350090026855,4.512384414672852,3.5732312202453613,3.90867018699646,
4.008956432342529,3.8959836959838867,4.537777900695801,3.4498579502105713,
3.661790132522583,3.7684311866760254,3.7068402767181396,4.098889350891113,
0.3429059088230133,0.008954016491770744,0.5912560224533081,0.1713326871395111,
0.28024688363075256,0.25615647435188293,0.3648688793182373,0.05634435638785362,
0.5553634762763977,-0.18380291759967804,0.16176480054855347,0.21093903481960297,
0.30053582787513733,0.11750288307666779,-0.14991547167301178,-0.01391106192022562,
-2.7939260005950928,-3.097592353820801,-3.1135470867156982,-3.5391077995300293,
-1.671966314315796,-2.2217133045196533,-1.9168927669525146,-2.947765827178955,
-2.300307273864746,-2.096013069152832,-2.7427124977111816,-3.4041833877563477,
-2.884600877761841,-3.3558311462402344,-2.55735182762146,-3.651257038116455,
-0.048049431294202805,0.3084983229637146,-0.18489421904087067,-0.06466366350650787,
-0.257332444190979,-0.004386587534099817,-0.22738347947597504,-0.12805518507957458,
0.06487518548965454,-0.23625671863555908,-0.12783804535865784,-0.13348285853862762,
0.03979722037911415,-0.22283148765563965,-0.14074958860874176,-0.4730273485183716,
-2.3918652534484863,-1.241161584854126,2.741215705871582,3.3985984325408936,
-2.9321913719177246,-0.4649508595466614,2.9566903114318848,2.554859161376953,
-2.0885605812072754,-2.373448371887207,-2.8612289428710938,-2.5734212398529053,
-2.3005940914154053,-2.6096489429473877,-1.7370320558547974,-3.735886335372925,
-0.17877663671970367,-0.5654143691062927,-0.2569601833820343,-0.0415017195045948,
-0.6021838188171387,-0.49164125323295593,0.09832244366407394,-0.6344283223152161,
-0.3875717222690582,-0.6041476726531982,-0.15406981110572815,0.036778468638658524,
0.05052359402179718,-0.01115869078785181,-0.15205661952495575,0.06641355156898499,
-0.2672080397605896,-0.3053409159183502,0.9225693345069885,0.39469167590141296,
0.8514230847358704,-0.5201665163040161,0.7312303185462952,-0.035616304725408554,
4.366899490356445,4.308035373687744,-1.7895891666412354,-1.6119420528411865,
5.111423969268799,4.772131443023682,-1.7112783193588257,-1.7737324237823486,
-0.07595853507518768,-0.2896267771720886,0.38927823305130005,-0.09050805866718292,
0.05117100849747658,-0.014335992746055126,0.12868739664554596,-0.1624256819486618,
-0.05166206881403923,0.26814550161361694,-0.47686830163002014,0.030057907104492188,
-0.0018380015389993787,0.19187311828136444,0.056522566825151443,0.5826478004455566,
-1.1469569206237793,-1.1946265697479248,-3.0611443519592285,-3.044107675552368,
-0.9364713430404663,-0.6297127604484558,-3.2817442417144775,-2.669212579727173,
2.130897283554077,2.2726364135742188,4.410682201385498,4.385307312011719,
1.9794366359710693,2.28277587890625,5.452178478240967,5.127025127410889,
-0.07332026958465576,-0.21499040722846985,-0.14491313695907593,-0.24021980166435242,
-0.12966319918632507,-0.5127347707748413,-0.20157940685749054,-0.09947594255208969,
-0.1459634155035019,-0.348355233669281,-0.32370269298553467,0.10659338533878326,
0.096617192029953,-0.12226612120866776,-0.5185379385948181,-0.21834832429885864,
4.399504661560059,4.066827774047852,4.167497158050537,4.346818923950195,
4.4731292724609375,3.8428127765655518,3.950960159301758,3.9137141704559326,
3.9460713863372803,3.5307445526123047,4.252847671508789,3.9583208560943604,
3.9772136211395264,3.960202217102051,3.8964641094207764,3.379539728164673,
-0.2670348286628723,0.07023074477910995,-0.28556615114212036,0.010332553647458553,
-0.28699934482574463,0.36311691999435425,0.015713181346654892,0.24363864958286285,
0.3034628927707672,0.03924001380801201,-0.31384986639022827,-0.12738943099975586,
-0.26976925134658813,0.35099801421165466,-0.14080224931240082,-0.08486074954271317,
-0.6190140247344971,-0.960810124874115,3.2423512935638428,4.053063869476318,
-0.4100056290626526,-0.5053716897964478,3.4192981719970703,4.283329963684082,
4.126092910766602,3.8690531253814697,1.0046807527542114,1.1006470918655396,
3.9934916496276855,4.554286479949951,0.9979557394981384,1.2728608846664429,
-0.005001773592084646,-0.40109261870384216,0.35237547755241394,0.19605757296085358,
-0.3530444800853729,0.24194678664207458,0.379151850938797,0.574556291103363,
0.09747466444969177,-0.2774167060852051,0.05185256153345108,0.3887018859386444,
0.3346944749355316,0.48140326142311096,-0.0618000254034996,0.6239078044891357,
1.3061039447784424,1.6801892518997192,2.385660171508789,2.4348535537719727,
1.2552860975265503,1.8260301351547241,3.4081194400787354,2.9001269340515137,
3.744828462600708,3.3819806575775146,4.378359794616699,3.7595319747924805,
4.018398761749268,4.617238998413086,4.464913368225098,4.309126853942871,
-0.30358272790908813,0.4363575875759125,-0.6276117563247681,-0.04768913611769676,
-0.3289746046066284,-0.2536802887916565,-0.2290957123041153,-0.10120975971221924,
-0.05013130232691765,-0.08350198715925217,0.18035486340522766,-0.472335547208786,
-0.07515255361795425,-0.2907049357891083,0.07891678810119629,0.09609618782997131,
0.9034546613693237,1.9885696172714233,4.4803466796875,4.503651142120361,
0.48845016956329346,1.8601962327957153,3.4428963661193848,3.9169459342956543,
-2.6434998512268066,-2.3848178386688232,0.056231968104839325,0.1676362156867981,
-2.424649715423584,-1.608484148979187,-0.38395336270332336,-0.4389670193195343,
0.4475520849227905,0.2593492567539215,0.4327123165130615,0.21840205788612366,
-0.040383048355579376,0.2250053882598877,-0.011053921654820442,-0.08230803906917572,
-0.29192936420440674,-0.34449663758277893,0.03027763031423092,-0.1646798849105835,
-0.15153394639492035,0.18155956268310547,-0.03012337163090706,0.14001500606536865,
-2.015087842941284,-2.1258294582366943,4.359858989715576,4.0335917472839355,
-0.9290929436683655,-2.06233811378479,4.791448593139648,5.484394550323486,
0.5252885818481445,0.8052472472190857,-0.33663618564605713,-1.2172372341156006,
-0.5462780594825745,-0.07372117042541504,-2.0076329708099365,-1.7109448909759521,
0.0075302645564079285,0.10153064876794815,0.09413041174411774,0.01575799472630024,
0.21559274196624756,0.2704031765460968,0.22633028030395508,0.2753332257270813,
-0.0378090962767601,0.21228647232055664,-0.2158074676990509,0.25642767548561096,
0.053806789219379425,-0.0021129976958036423,0.07918312400579453,0.661231279373169,
2.788348913192749,1.8458677530288696,3.888124942779541,3.75009822845459,
2.127565622329712,2.372835636138916,5.2083940505981445,4.1657395362854,
3.4765210151672363,4.01629638671875,4.876226425170898,4.4942216873168945,
3.074860095977783,4.008675575256348,4.106583118438721,4.02644157409668,
0.4285223186016083,-0.3972840905189514,-0.18693310022354126,-0.07700011879205704,
-0.2016288936138153,-0.1799030601978302,-0.5261449217796326,-0.23306100070476532,
-0.1983812302350998,-0.3559943437576294,-0.37656790018081665,-0.3191324770450592,
-0.20260606706142426,-0.04440107196569443,-0.09264937043190002,0.045015089213848114,
3.888235330581665,3.593552827835083,-2.5586514472961426,-2.2028706073760986,
5.3839240074157715,3.9739840030670166,-2.186798334121704,-2.1308951377868652,
4.7015910148620605,4.2149882316589355,-2.853175401687622,-2.203380584716797,
4.512027740478516,4.711418151855469,-3.088186502456665,-1.879567265510559,
-0.1252470165491104,0.1613335907459259,0.27372390031814575,-0.147785484790802,
0.3224867582321167,0.06081131100654602,-0.1158665344119072,0.3976285755634308,
0.18763363361358643,-0.03433172404766083,-0.25226548314094543,0.03880877420306206,
-0.10999304056167603,0.14543254673480988,-0.22138823568820953,-0.32920223474502563,
0.5670503377914429,-0.6869280934333801,0.36743298172950745,0.6938654780387878,
0.6107643246650696,-0.002508694538846612,-0.45574530959129333,0.520004391670227,
0.40877753496170044,-0.3817391097545624,0.09604819118976593,0.4922732412815094,
0.030188295990228653,-0.21374526619911194,0.5155872702598572,0.6349881291389465,
0.06059568375349045,-0.4167315661907196,-0.25813987851142883,-0.08955146372318268,
-0.104104183614254,-0.0042787762358784676,-0.2972795069217682,-0.09823773056268692,
-0.14515236020088196,-0.428205668926239,-0.49542585015296936,-0.16206231713294983,
-0.01892000436782837,-0.6826085448265076,0.1422184854745865,-0.0543367825448513,
4.335400581359863,4.692143440246582,4.4130706787109375,3.3630576133728027,
4.197790145874023,3.3846206665039062,4.8317952156066895,3.3760745525360107,
-1.4694215059280396,-1.074754238128662,-0.5712713003158569,-1.8953291177749634,
-2.1932547092437744,-1.21570885181427,-2.284531593322754,-2.308788299560547,
0.3261292278766632,-0.03316585719585419,0.3064826726913452,0.2758767604827881,
0.24546830356121063,0.4133410155773163,0.3588480055332184,0.32424890995025635,
0.4857754409313202,0.015676068142056465,0.041436050087213516,0.07052013278007507,
0.3951955735683441,0.08098697662353516,-0.02049468830227852,0.3484027683734894,
1.0283161401748657,-0.42885473370552063,-0.06969578564167023,-1.1631178855895996,
1.0699167251586914,-0.5827718377113342,-0.6493698358535767,-0.7941493391990662,
-3.069244146347046,-2.3922512531280518,-2.185770034790039,-2.2184040546417236,
-2.9418365955352783,-2.697784185409546,-3.000645637512207,-2.080662965774536,
0.007862536236643791,-0.04659920185804367,-0.29619914293289185,-0.12296859174966812,
-0.00411281967535615,0.08419418334960938,0.11359774321317673,0.0029600842390209436,
-0.05965734273195267,0.07614242285490036,0.491510272026062,-0.20054055750370026,
-0.14447607100009918,0.6500883102416992,0.14064550399780273,0.1706112027168274,
4.262917995452881,3.4252331256866455,1.1435600519180298,-2.074831008911133,
2.96606707572937,3.141010046005249,1.315597653388977,-0.7728443741798401,
-2.022860050201416,-2.742654323577881,2.559115171432495,2.453890323638916,
-3.137507915496826,-2.734525203704834,1.268274188041687,3.8256123065948486,
-0.05752294510602951,-0.027150973677635193,0.05413674935698509,-0.18989695608615875,
0.20235387980937958,0.13825470209121704,-0.16445577144622803,0.09901303797960281,
-0.12936696410179138,-0.14243610203266144,0.025460435077548027,-0.0057522268034517765,
0.14989043772220612,-0.2679115831851959,0.061001695692539215,0.3365236818790436,
-2.2776565551757812,-2.421161413192749,3.575371742248535,4.232193470001221,
-1.8366210460662842,-0.12676407396793365,4.785053253173828,5.036337375640869,
3.2583014965057373,4.913710594177246,-1.2462213039398193,-2.552455425262451,
2.919924020767212,3.513444423675537,-1.7041795253753662,-2.1332154273986816,
-0.10266122221946716,-0.2617570161819458,-0.23586505651474,0.19858606159687042,
0.03247511386871338,-0.5519716143608093,0.031113404780626297,-0.32221320271492004,
-0.20723214745521545,-0.8050671219825745,-0.1741505265235901,-0.13166892528533936,
-0.1502126008272171,-0.16142645478248596,0.0748678594827652,0.02590336836874485,
-1.251084327697754,-1.6779321432113647,-2.0688414573669434,-2.1467809677124023,
-0.3900417983531952,-1.4991607666015625,-2.2476532459259033,-1.9452201128005981,
3.6407346725463867,3.8273565769195557,-1.6323590278625488,-2.2402472496032715,
4.592934608459473,4.74061393737793,-2.4484593868255615,-1.3210114240646362,
0.16640378534793854,-0.32938554883003235,0.42742788791656494,0.2516433000564575,
0.19550900161266327,0.2034960240125656,0.0916723906993866,0.4145572781562805,
0.3261629045009613,0.45759642124176025,0.0034783075097948313,0.09175071120262146,
-0.03389180451631546,0.35145705938339233,0.13686390221118927,0.19783474504947662,
-2.283658027648926,-3.436415195465088,-2.94134521484375,-3.4236621856689453,
-2.8705687522888184,-1.276505947113037,-2.2315690517425537,-3.1981005668640137,
4.0114922523498535,3.5709853172302246,0.6032935380935669,-1.3414249420166016,
3.398608922958374,3.209057331085205,0.49497655034065247,-1.2215436697006226,
-0.18137511610984802,-0.2566898465156555,0.19762185215950012,-0.11616069823503494,
-0.03457004949450493,0.1027771607041359,-0.15117353200912476,0.09791062027215958,
0.011431312188506126,-0.5037104487419128,-0.19125142693519592,0.26353588700294495,
-0.15308773517608643,0.2986402213573456,-0.35902345180511475,0.31139010190963745,
-1.2532546520233154,-1.735315203666687,3.298250675201416,3.816382646560669,
-0.9043025970458984,-0.4534509479999542,4.224616527557373,3.654480457305908,
4.328899383544922,5.182080268859863,2.3911802768707275,1.801450490951538,
4.037664890289307,5.043457984924316,1.6878958940505981,0.3345380127429962,
-0.14443130791187286,-0.17562763392925262,-0.4383254945278168,-0.15558940172195435,
-0.04212271794676781,-0.34989118576049805,0.045980360358953476,-0.15252459049224854,
-0.47825536131858826,-0.11720045655965805,-0.4516966640949249,-0.2961357533931732,
-0.14127673208713531,0.2688078284263611,-0.2429114133119583,-0.07434433698654175,
-1.9912344217300415,-1.8448964357376099,-1.2734285593032837,-1.6967954635620117,
-0.6460419297218323,-1.03938889503479,-1.0384712219238281,-1.992614507675171,
4.466826438903809,4.334704399108887,-0.7743992805480957,0.07476498931646347,
3.9786181449890137,5.31990909576416,0.07137903571128845,-0.024843517690896988,
0.2588904798030853,0.04536818712949753,0.23071815073490143,0.1744031459093094,
0.014423983171582222,-0.039986591786146164,0.18082281947135925,-0.19710193574428558,
0.14003023505210876,0.08958589285612106,0.13444489240646362,0.4437362551689148,
0.2299145609140396,-0.27394595742225647,0.004788411781191826,0.2892764210700989,
-0.9862483739852905,-1.6271400451660156,3.814502000808716,3.656352996826172,
-0.6509094834327698,-1.702471137046814,4.102662086486816,3.967447519302368,
-2.368696928024292,-1.6426433324813843,3.8818559646606445,5.3389506340026855,
-3.398057460784912,-1.7434282302856445,2.8825221061706543,3.5943071842193604,
-0.11832359433174133,-0.1868157684803009,-0.350721150636673,-0.2239254266023636,
0.09349588304758072,-0.13471919298171997,-0.3873401880264282,-0.3865581750869751,
-0.7607904076576233,-0.6721723675727844,-0.26427143812179565,-0.09407127648591995,
-0.5143418908119202,-0.048210788518190384,0.13707295060157776,-0.018631331622600555,
4.4838714599609375,4.343006134033203,-1.654402732849121,-1.7771522998809814,
3.834545850753784,4.869691848754883,-2.39863920211792,-0.8481411933898926,
-1.932382583618164,-0.9603660106658936,-1.8520244359970093,-2.5668699741363525,
-2.707719326019287,-1.6383286714553833,-2.254560947418213,-1.3597872257232666,

conv2_actor,conv2_actor.weight
0.004446925595402718,-0.003021427197381854,
-0.007941319607198238,-0.0008083232678472996,
-0.003486015135422349,0.015589390881359577,
-0.0071498313918709755,-0.014279106631875038,
0.02908850833773613,-0.017626650631427765,
-0.003705896669998765,-0.009828004986047745,
0.02549363300204277,-0.019244631752371788,
-0.011578774079680443,-0.0005671426770277321,
0.002466271398589015,-0.028714220970869064,
0.018315546214580536,0.01595134474337101,
-0.006509250029921532,0.004498359281569719,
-0.03132525831460953,0.014047805219888687,
0.02265879139304161,0.012024817056953907,
0.05063934624195099,0.03365734964609146,
-0.004684739280492067,-0.005635467357933521,
-0.028590677306056023,0.004841072019189596,
0.009730830788612366,-0.030021853744983673,
0.029222115874290466,-0.0056750159710645676,
-0.01422586478292942,0.014395950362086296,
0.01453503966331482,0.04985106363892555,
-0.028319325298070908,-0.016952501609921455,
0.01590423658490181,0.03562280163168907,
-0.0161375030875206,0.014307224191725254,
-0.012460259720683098,-0.01150471717119217,
0.03170454502105713,0.018797617405653,
-0.014778644777834415,0.013457641005516052,
-0.030148103833198547,0.007299687713384628,
-0.03726207837462425,0.003385662566870451,
0.025621410459280014,-0.016058016568422318,
-0.031586047261953354,0.015396867878735065,
0.014596007764339447,-0.006455780938267708,
-0.0020579316187649965,-0.019748162478208542,
-0.005398860201239586,0.010410145856440067,
0.0002666474902071059,0.011252726428210735,
-0.007155138533562422,-0.023196134716272354,
-0.03256812319159508,-0.01609678566455841,
-0.024573102593421936,-0.012977865524590015,
0.008263682015240192,0.003763532731682062,
-0.0020813571754842997,0.023535244166851044,
0.02244281768798828,-0.03505438566207886,
0.014510545879602432,-0.031693991273641586,
-0.014594431035220623,0.026362046599388123,
-0.008303096517920494,0.017421355471014977,
0.002226984826847911,-0.015585413202643394,
-0.01311467494815588,-0.008691566064953804,
0.016389736905694008,-0.014022494666278362,
-0.024793172255158424,-0.004219863098114729,
-0.009007810615003109,0.025069646537303925,
0.009016630239784718,0.012334412895143032,
0.00646966090425849,0.006180468946695328,
0.03079594112932682,-0.03278176113963127,
-0.0316772423684597,-0.014366894960403442,
-0.0222588162869215,0.005177964456379414,
0.008886715397238731,-0.010492999106645584,
-0.027256473898887634,-0.017560815438628197,
0.03111886978149414,0.04613787680864334,
0.01438633818179369,0.015075047500431538,
0.01816093921661377,0.031535033136606216,
0.02362740971148014,0.0014325687661767006,
0.022863740101456642,0.026143502444028854,
-0.020079320296645164,0.04391251131892204,
-0.01810419000685215,-0.02610234171152115,
0.02169177681207657,-0.008468680083751678,
-0.0007519247010350227,0.006094628944993019,
0.013990451581776142,-0.004540564492344856,
-0.037007905542850494,-0.007806213106960058,
-0.04761939123272896,0.003488644026219845,
0.009825965389609337,0.02856723591685295,
-0.029986126348376274,-0.014470589347183704,
-0.03724844753742218,-0.001955404644832015,
-0.020028792321681976,0.025655675679445267,
-0.007691690232604742,0.027339700609445572,
0.028467658907175064,-0.0095965676009655,
0.02496454492211342,0.007931900210678577,
0.03408149629831314,0.019912900403141975,
0.02840607427060604,0.004764373414218426,
0.00015359939425252378,0.006908526178449392,
0.029713016003370285,0.004077611491084099,
-0.008700420148670673,-0.030377192422747612,
-0.007619406562298536,0.015529949218034744,
0.0017040804959833622,-0.003976046573370695,
-0.006735614035278559,0.023876409977674484,
-0.03725575655698776,-0.053936202079057693,
-0.00966451596468687,0.006923126056790352,
-0.03756579011678696,0.02262272872030735,
0.008819625712931156,-0.037223778665065765,
-0.006096953991800547,-0.00774926645681262,
0.019355425611138344,-0.033021047711372375,
-0.0582185797393322,-0.020205222070217133,
-0.013080393895506859,-0.03528807312250137,
0.0032146829180419445,0.001087369048036635,
-0.00346775958314538,0.03436187282204628,
0.03446570783853531,-0.041304074227809906,
-0.026812270283699036,-0.003242511535063386,
0.01929139904677868,-0.028628801926970482,
-0.011850252747535706,-0.004577162675559521,
-0.011497092433273792,0.0161968432366848,
0.01604689657688141,-1.7892363757709973e-05,
0.01855420134961605,-0.030324280261993408,
-0.01359570398926735,0.051865410059690475,
-0.0033780422527343035,0.03968413919210434,
-0.019896158948540688,0.0005175144178792834,
-0.008041445165872574,0.01994295045733452,
-0.023230666294693947,-0.010645822621881962,
0.022716805338859558,-0.007460851687937975,
0.03268200531601906,0.024603059515357018,
-0.007059321738779545,-0.018277039751410484,
-0.00036390984314493835,-0.005149544216692448,
0.008658160455524921,-0.04801657423377037,
-0.02111615613102913,0.0254367608577013,
0.034606363624334335,-0.02311682142317295,
0.008885113522410393,0.02299414575099945,
-0.008056319318711758,0.01814768835902214,
-0.00470917671918869,0.005460860673338175,
0.007249125279486179,0.018704840913414955,
-0.056620001792907715,-0.018637215718626976,
-0.007401192560791969,0.008050506934523582,
0.014079054817557335,-0.021251684054732323,
0.006014478858560324,-0.0037489195819944143,
0.007060075178742409,0.03271331265568733,
0.004219494294375181,0.0052402731962502,
0.00694045377895236,-0.005428124684840441,
-0.007181448861956596,-0.001575042842887342,
-0.004838546272367239,-0.03859102725982666,
0.04686427488923073,-0.016530970111489296,
0.03520425036549568,-0.017579877749085426,
-0.015458385460078716,-0.004599477164447308,
0.004263602197170258,0.02017906866967678,
-0.003124920418485999,0.01310154888778925,
0.007233374286442995,-0.007185967639088631,
-0.011864825151860714,-0.006288609467446804,
0.003965314012020826,0.002649008994922042,
-0.003560298355296254,-0.027397340163588524,
-0.02577018178999424,0.017145726829767227,
0.017021430656313896,0.0005998960114084184,
-0.00271989987231791,0.04617179185152054,
-0.0028042648918926716,0.023771673440933228,
-0.02913358435034752,0.02500186860561371,
0.018707608804106712,-0.017082052305340767,
-0.005687813740223646,-0.02010917291045189,
0.009997179731726646,-0.0006376299425028265,
0.0017473719781264663,0.019048526883125305,
-0.009628049097955227,0.0016532550798729062,
-0.024432580918073654,-0.007331191096454859,
0.0243228692561388,0.027384983375668526,
0.018443360924720764,-0.011320855468511581,
0.03199029341340065,-8.14429804449901e-05,
0.02347828820347786,0.008537611924111843,
-0.027508560568094254,-0.030971795320510864,
-0.014795742928981781,0.016541356220841408,
0.01897844299674034,0.013558387756347656,
0.006805022247135639,-0.03108021803200245,
0.0026757174637168646,-0.011780790984630585,
-0.01219206489622593,-0.055992789566516876,
0.02066056616604328,0.026018919423222542,
0.005622671917080879,-0.019377049058675766,
-0.032852936536073685,0.008637206628918648,
0.03178374841809273,-0.015852244570851326,
0.015145236626267433,-0.031715426594018936,
0.004068020265549421,-0.0037642817478626966,
0.018289364874362946,-0.020228857174515724,
-0.018966130912303925,0.0010223204735666513,
-0.011597743257880211,0.029840566217899323,
0.017394311726093292,-0.05303267762064934,
-0.005055070389062166,0.02062881365418434,
0.015904797241091728,-0.008522208780050278,
0.03840576857328415,0.017358409240841866,
-0.005452142097055912,-0.0051450724713504314,
-0.03713494539260864,0.009339227341115475,
-0.01949046365916729,0.016946373507380486,
-0.004087179899215698,-0.021338919177651405,
-0.015690702944993973,0.015371648594737053,
-0.017866313457489014,0.008012698031961918,
-0.04134034737944603,-0.0451822429895401,
0.018234288319945335,-0.0120545644313097,
0.0005768967675976455,0.01620316319167614,
-0.012862175703048706,-0.04239209368824959,
0.007942995987832546,0.02838442660868168,
0.02076404169201851,0.012491694651544094,
-0.0156516395509243,-0.02943284995853901,
0.028544830158352852,-0.025132084265351295,
-0.04875151067972183,-0.006233204621821642,
0.04072654992341995,0.04114194214344025,
0.0002789795398712158,-0.028273312374949455,
-0.013232732191681862,0.01631218194961548,
-0.02099110558629036,0.03053070791065693,
-0.008184211328625679,0.009719531051814556,
-0.01295392494648695,-0.02256326749920845,
0.0039492822252213955,0.02037285640835762,
-0.015445227734744549,0.011066781356930733,
0.0274673979729414,-0.020091166719794273,
0.01965525932610035,-0.0024857455864548683,
0.0033873477950692177,0.015129300765693188,
-0.011636517941951752,0.00046716516953893006,
0.011806986294686794,0.01077758613973856,
0.03136100247502327,-0.010739430785179138,
-0.007904483936727047,0.007577615324407816,
0.012352469377219677,0.016781862825155258,
-0.004581019748002291,-0.04643113166093826,
-0.029795335605740547,0.03836403787136078,
-0.008218192495405674,-0.004729947540909052,
0.016405055299401283,0.0007425498333759606,
0.014123478904366493,0.024663573130965233,
0.03824111446738243,0.010636434890329838,
0.016239387914538383,-0.0011062445119023323,
-0.0013861741172149777,0.009517712518572807,
-0.005029010120779276,-0.02248247154057026,
-0.0042308238334953785,-0.004586684983223677,
0.03198089823126793,0.00295496778562665,
-0.003671218641102314,0.003622109303250909,
-0.021022291854023933,-0.03933385759592056,
0.03396947309374809,0.03360019624233246,
0.0034576242323964834,0.030588941648602486,
0.013110915198922157,-0.028866073116660118,
-0.02338487096130848,-0.016740640625357628,
0.009708724915981293,0.023958610370755196,
0.013604988344013691,0.0015532828401774168,
0.00822887197136879,0.013330517336726189,
-0.02042900025844574,-0.03245784342288971,
0.0055594854056835175,-0.01896469108760357,
-0.02595631591975689,-0.011276339180767536,
0.01707744225859642,-0.019495835527777672,
0.02533574029803276,0.01627749763429165,
0.031128263100981712,0.013794749043881893,
0.011621300131082535,-0.02382120117545128,
0.01425568014383316,-0.01628413051366806,
-0.016307272017002106,0.0021181299816817045,
0.007671141065657139,0.0019179166993126273,
-0.003729512682184577,0.021938132122159004,
0.009494466707110405,-0.004526644013822079,
0.023218020796775818,-0.019988639280200005,
0.00808348972350359,0.006772210821509361,
0.012979277409613132,-0.0015525935450568795,
0.02830122597515583,-0.026635557413101196,
0.011304156854748726,0.003861033823341131,
-0.011773763224482536,-0.017374364659190178,
0.009881778620183468,0.007012704852968454,
0.0025006362702697515,0.017544154077768326,
0.0018796701915562153,0.016448624432086945,
-0.01334272138774395,0.015781665220856667,
0.0020262151956558228,0.007637293078005314,
-0.034092362970113754,0.013341793790459633,
-0.029298238456249237,0.027614649385213852,
0.0059381709434092045,-0.004100198857486248,
0.021268760785460472,-0.027692046016454697,
0.033955156803131104,-0.006419694051146507,
-0.013116600923240185,0.0016494914889335632,
0.01676001399755478,0.005893986206501722,
0.011962084099650383,0.019359778612852097,
-0.011073860339820385,-0.0023270666133612394,
0.018629703670740128,0.007825886830687523,
-0.015545171685516834,0.002945985645055771,
-0.013319006189703941,0.020158156752586365,
-0.047173384577035904,0.0069119008257985115,
-0.0060843536630272865,-0.00017131354252342135,
-0.014843441545963287,-0.019366417080163956,
0.004896900150924921,0.003691617399454117,
0.01959080994129181,-0.010649051517248154,
-0.01886991411447525,-0.016939327120780945,
0.021056434139609337,-0.011088424362242222,
0.020366504788398743,0.034771524369716644,
-0.0037120268680155277,-0.031955476850271225,
0.010216121561825275,0.031138885766267776,
0.03240537270903587,-0.005802907049655914,
0.011422649025917053,-0.002670916961506009,
-0.0024903672747313976,0.023459086194634438,
0.003761901753023267,0.030328581109642982,
-0.006567034870386124,-0.01858222670853138,
-0.01498637069016695,-0.010323750786483288,
-0.009989290498197079,0.0002984978200402111,
0.014439447782933712,-0.009172498248517513,
-0.014335689134895802,-0.020865928381681442,
0.007118512410670519,0.038550522178411484,
-0.005557323340326548,0.03345104306936264,
0.004244358278810978,-0.027799665927886963,
-0.021291885524988174,-0.030328810214996338,
-0.014706660062074661,0.02038286067545414,
-0.005426547955721617,-0.008654714561998844,
-0.0003799808619078249,0.010798283852636814,
0.00268771150149405,-9.892242087516934e-05,
-0.0020460840314626694,-0.030640307813882828,
0.02605818770825863,-0.02155136689543724,
-0.016464995220303535,0.008503095246851444,
0.026076091453433037,0.009961554780602455,
-0.02392267808318138,-0.030538154765963554,
0.01917586661875248,0.006484149489551783,
-0.01034985389560461,-0.01786373369395733,
0.023950746282935143,0.007913714274764061,
-0.018766239285469055,0.0018618342000991106,
-0.008672969415783882,0.014751848764717579,
0.014149314723908901,-0.04836788401007652,
-0.010653102770447731,-0.02651968225836754,
-0.004284927621483803,0.0032945587299764156,
-0.040026649832725525,-0.012920191511511803,
-0.022244689986109734,-0.018287718296051025,
-0.007936612702906132,-0.00365155516192317,
0.0058068763464689255,-0.01933378353714943,
0.004453303292393684,-0.02148490957915783,
0.02021237090229988,0.004199002869427204,
-0.022852329537272453,-0.03252401202917099,
-0.030355755239725113,-0.05245732516050339,
-0.029644059017300606,-0.038895197212696075,
0.04754474759101868,0.055332377552986145,
-0.014221370220184326,0.0018442511791363358,
-0.014909307472407818,0.0007463859510608017,
0.021051185205578804,0.017032230272889137,
-0.006804939825087786,-0.013514509424567223,
0.022602951154112816,-0.002920369617640972,
-0.026711612939834595,0.0304123405367136,
0.02133760415017605,-0.027958443388342857,
-0.03877272456884384,-0.0014163728337734938,
0.026560809463262558,0.015855219215154648,
0.0017071925103664398,0.01732826605439186,
0.019695263355970383,0.016044840216636658,
-0.014202464371919632,-0.026240291073918343,
0.031017934903502464,0.002665926469489932,
-0.009770763106644154,0.02150619775056839,
-0.007516580168157816,0.025054646655917168,
0.016753261908888817,0.025507519021630287,
0.03209425508975983,0.010014872066676617,
-0.0044007739052176476,-0.028047926723957062,
0.02186477743089199,-0.021291909739375114,
-0.02032581716775894,-0.04057716950774193,
0.004398958291858435,0.002724949037656188,
0.0050308178178966045,0.0238731037825346,
-0.02289223112165928,-0.001526739913970232,
0.022014612331986427,0.0007005954976193607,
0.0057134926319122314,-0.034751489758491516,
0.008122879080474377,-0.02052197977900505,
-0.024115249514579773,0.040745366364717484,
0.006096170749515295,0.021495291963219643,
0.015127931721508503,0.014144927263259888,
-0.02623121254146099,0.0029639725107699633,
0.001412012381479144,0.006669654976576567,
-0.016215957701206207,0.039448659867048264,
-0.005115010309964418,0.028190869837999344,
-0.024027278646826744,0.012896226719021797,
-0.05309552326798439,0.009459221735596657,
0.010542869567871094,-0.004759503528475761,
0.03122088685631752,0.027058253064751625,
-0.0007065358222462237,0.041386090219020844,
-0.024454552680253983,0.011407817713916302,
0.012965122237801552,0.004548583645373583,
-0.01409815065562725,-0.014866295270621777,
0.002829306060448289,-0.01378567237406969,
0.010444443672895432,-0.012232490815222263,
-0.00913877971470356,0.0319635309278965,
-0.03198929503560066,-0.036696337163448334,
-0.017627349123358727,0.018654964864253998,
-0.018177082762122154,-0.029346978291869164,
-0.011225886642932892,0.0019125407561659813,
-0.021521272137761116,0.009158559143543243,
-0.0030873280484229326,0.01610437035560608,
0.028733745217323303,0.0038371046539396048,
0.015665458515286446,0.0004741984303109348,
0.003966089338064194,-0.009891406632959843,
0.015596495009958744,-0.01993555575609207,
-0.03702208027243614,0.010124831460416317,
0.03491616249084473,0.04434678703546524,
0.007789803668856621,0.027456581592559814,
-0.012600532732903957,0.008951282128691673,
-0.01703724078834057,-0.044162798672914505,
-0.009867257438600063,-0.024658458307385445,
0.018590807914733887,-0.01575770229101181,
0.010464957915246487,0.026713944971561432,
0.034496139734983444,-0.025725381448864937,
0.03575923666357994,0.0168332289904356,
0.01054356712847948,-0.02336122654378414,
-0.0016742520965635777,-0.02422366663813591,
-0.004360932856798172,-0.024396449327468872,
-0.017054378986358643,-0.0014362478395923972,
-0.017716728150844574,0.014186515472829342,
-0.004772009793668985,0.01705983281135559,
-0.0006853318773210049,-0.004080912098288536,
0.014272637665271759,0.015791835263371468,
-0.002734743058681488,0.004350464791059494,
-0.02283763885498047,0.006617644336074591,
0.020142046734690666,0.029959119856357574,
0.019888870418071747,0.02017413079738617,
0.016323668882250786,-0.007168108131736517,
-0.033558644354343414,-0.012360704131424427,
0.007003879640251398,-0.005085699260234833,
-0.02502518892288208,0.016977177932858467,
-0.021272407844662666,0.006850923877209425,
0.00491766631603241,0.03453254699707031,
-0.01421344093978405,-0.015214981511235237,
0.004514201078563929,-0.025522978976368904,
-0.007161944173276424,0.00948413833975792,
0.026708178222179413,0.022366713732481003,
0.028317328542470932,-0.022146692499518394,
-0.011766794137656689,-0.0070148915983736515,
-0.023557359352707863,0.019181786105036736,
0.03362267091870308,-0.003979907836765051,
-0.026491357013583183,-0.01703113131225109,
-0.010205836966633797,0.036304254084825516,
-0.04239939898252487,-0.005889157764613628,
0.022092357277870178,0.004371314775198698,
0.018150098621845245,-0.05407245084643364,
0.001566653954796493,0.03531169146299362,
-0.005044025834649801,-0.024927830323576927,
0.025715641677379608,0.0046118926256895065,
0.04450041055679321,-0.003130566095933318,
-0.0316573791205883,0.017008090391755104,
-0.011261316016316414,0.036106210201978683,
0.001132973819039762,0.01167236641049385,
0.0008057588129304349,-0.02510242536664009,
0.0232393741607666,-0.0011086879530921578,
0.03337426483631134,0.02177300862967968,
0.03214062750339508,-0.0462627075612545,
-0.022020580247044563,7.736695806670468e-06,
0.013871065340936184,0.04076638072729111,
0.038226764649152756,-0.02847377024590969,
0.013914651237428188,0.004240917973220348,
-0.012304704636335373,0.011633691377937794,
0.024523451924324036,-0.011238504201173782,
0.0323665551841259,-0.030833909288048744,
-0.01530331652611494,-0.010501379147171974,
0.03750254586338997,0.014787130989134312,
0.005692844744771719,-0.054136961698532104,
0.0045763240195810795,0.006468023639172316,
-0.019831571727991104,-0.0214711781591177,
-0.00158040935639292,0.023869464173913002,
0.0019429344683885574,0.0025791232474148273,
0.012956732884049416,-0.0007353114197030663,
-0.02606048434972763,-0.02209203504025936,
0.000539660279173404,0.015969378873705864,
-0.005967227276414633,-0.00309303542599082,
0.04540875926613808,-0.0192753653973341,
-0.012944737449288368,-0.042260512709617615,
-0.001110649318434298,0.007638582959771156,
-0.034644715487957,0.03522571176290512,
0.013812008313834667,-0.020034655928611755,
0.04374599829316139,0.00950387492775917,
-0.042155876755714417,0.021545348688960075,
0.0032953599002212286,0.009237372316420078,
0.001713413279503584,0.023559629917144775,
0.02799317240715027,-0.019353682175278664,
0.009950889274477959,-0.0033323056995868683,
0.022666489705443382,-0.012599407695233822,
-0.004564074799418449,0.03139553591609001,
0.0412813201546669,0.047738853842020035,
0.011765478178858757,0.005497720558196306,
0.0034547774121165276,-0.023241795599460602,
-0.013689865358173847,0.04212595522403717,
-0.02781890518963337,0.03962821140885353,
-0.04552498087286949,0.008869009092450142,
0.00927784200757742,-0.0023928529117256403,
0.016498632729053497,-0.0027784176636487246,
0.023836763575673103,-0.032458655536174774,
-0.003008841071277857,0.0009181355126202106,
0.010014996863901615,-0.02639996074140072,
0.03774521127343178,0.043795958161354065,
-0.033366840332746506,0.025321338325738907,
-0.018331611528992653,-0.02273038774728775,
0.018597610294818878,-0.004439501091837883,
0.004611290525645018,0.010606992058455944,
0.0067514474503695965,-0.020476924255490303,
0.0049744718708097935,-0.057600051164627075,
0.015525165013968945,-0.01870104670524597,
-0.023389048874378204,0.01714557781815529,
0.009119930677115917,0.011834860779345036,
-0.03250107914209366,0.024017376825213432,
0.004423065576702356,0.0013452785788103938,
0.01914026215672493,0.013965411111712456,
-0.021221308037638664,-0.027138371020555496,
-0.008353402838110924,0.03862154111266136,
-0.008472669869661331,-0.03421105444431305,
0.030709058046340942,-0.006379627622663975,
0.0160308089107275,-0.01005077175796032,
-0.049363695085048676,0.00913868099451065,
-0.024161629378795624,0.01097060926258564,
-0.004452502820640802,-0.019079510122537613,
0.00759279727935791,-0.02987397275865078,
-0.01988336630165577,0.00744885066524148,
0.02944534458220005,-0.017070692032575607,
-0.004403070546686649,-0.03503063693642616,
0.015434752218425274,0.024775194004178047,
0.024912474676966667,-0.022695638239383698,
-0.015882717445492744,-0.05192290246486664,
0.006627234164625406,0.039045773446559906,
-0.009129539132118225,0.01767916977405548,
-0.01843155361711979,-0.01232368778437376,
0.041617248207330704,-0.03006289154291153,
0.009175628423690796,-0.012406907044351101,
0.021154912188649178,0.04895402863621712,
0.01962859556078911,-0.0069305007345974445,
0.013644596561789513,-0.021009428426623344,
-0.017833758145570755,-0.008779231458902359,
0.007120939902961254,-0.006644962355494499,
-0.010531778447329998,0.0045340158976614475,
0.007370724342763424,0.014990490861237049,
-0.0008770382264629006,0.030195049941539764,
0.029137248173356056,0.01412899699062109,
0.03366568684577942,-0.03261028975248337,
-0.021644914522767067,0.016068361699581146,
0.018079053610563278,-0.006569084711372852,
0.028615975752472878,0.009809456765651703,
0.0322563536465168,-0.009794753976166248,
0.004784477408975363,-0.016010256484150887,
-0.01993662118911743,-0.04531487822532654,
0.002634748350828886,0.017896506935358047,
0.037112630903720856,-0.01521784532815218,
0.025906531140208244,0.015862906351685524,
-0.006403638049960136,0.019123902544379234,
-0.002264016307890415,-0.004705079365521669,
-0.01530511025339365,-0.011176464147865772,
0.04013999179005623,-0.013662698678672314,
-0.011270543560385704,0.02770892158150673,
-0.03579646721482277,-0.0037057858426123857,
-0.010697555728256702,-0.011312897317111492,
0.033557526767253876,-0.04087591543793678,
0.01276002824306488,0.020702645182609558,
0.013190356083214283,-0.051594000309705734,
-0.019831273704767227,-0.0149768628180027,
0.027878466993570328,-0.01686994731426239,
-0.024973029270768166,0.013461856171488762,
-0.024100711569190025,-0.026151014491915703,
-0.03475377336144447,0.003482341067865491,
-0.007347749546170235,-0.01611466519534588,
-0.024171607568860054,0.0078002940863370895,
-0.03213272988796234,0.017020784318447113,
0.003860374679788947,0.016642050817608833,
-0.04918215423822403,-0.04039468616247177,
0.021731950342655182,0.0200667604804039,
-0.012795212678611279,0.016517864540219307,
-0.025390570983290672,0.023654671385884285,
0.033652663230895996,-0.03182055428624153,
-0.04283365607261658,-0.046573858708143234,
0.005242540966719389,-0.027417384088039398,
0.014363409020006657,0.021702811121940613,
0.015693478286266327,-0.04127970710396767,
-0.007335948757827282,-0.004931626841425896,
0.003768304828554392,0.027732694521546364,
0.021535709500312805,0.002344876993447542,
-0.01534067653119564,-0.0124704260379076,
-0.011684462428092957,0.006739373784512281,
-0.015233115293085575,-0.01736869104206562,
0.009354634210467339,0.030442165210843086,
0.019541727378964424,-0.00535582797601819,
-0.016874121502041817,-0.006986001972109079,
-0.0180332250893116,-0.0014076635707169771,
-0.0237905103713274,-0.04441116750240326,
-0.01770028844475746,-0.021665094420313835,
-0.02296390011906624,0.020343974232673645,
0.04005470499396324,0.0016424368368461728,
-0.011674261651933193,-0.03320777788758278,
-0.009372503496706486,0.004368224646896124,
0.005298693664371967,-0.031981680542230606,
-0.0030284998938441277,0.03778610751032829,
0.03999340906739235,0.008794215507805347,
-0.01033750269562006,-0.01580805703997612,
0.03524622321128845,-0.014559333212673664,
-0.01714799553155899,0.00682448036968708,
0.00980319269001484,0.008917049504816532,
-0.003918331582099199,-0.008447496220469475,
-0.011063412763178349,-0.002060872968286276,
-0.017852291464805603,-0.022807413712143898,
-0.044336844235658646,-0.012485436163842678,
0.0061521949246525764,-0.013503880240023136,
0.021364571526646614,0.019995728507637978,
-0.005487420596182346,-0.0027000652626156807,
-0.006654295604676008,-0.015432162210345268,
-0.012251399457454681,-0.037176601588726044,
0.017261970788240433,-0.014958605170249939,
0.014371514320373535,-0.013094075955450535,
0.0397074930369854,-0.0001459898630855605,
0.027751607820391655,0.0010461234487593174,
0.0546795018017292,-0.02277543395757675,
-0.01652533747255802,0.02294153906404972,
0.010003886185586452,0.025815360248088837,
-0.0037269569002091885,-0.01348988339304924,
0.01744208112359047,-0.02627158723771572,
0.013836086727678776,-0.010230261832475662,
-0.041048578917980194,0.043790679425001144,
-0.010910647921264172,-0.020299836993217468,
-0.003571348963305354,-0.016485203057527542,
0.023807547986507416,0.05352514237165451,
0.0037048072554171085,-0.010122249834239483,
-0.0270440261811018,0.014390045776963234,
0.011040383018553257,-0.013782259076833725,
-0.04249202087521553,0.003801736980676651,
0.035801902413368225,0.005789468064904213,
0.010635868646204472,-0.030618544667959213,
0.01777147315442562,0.02011028304696083,
-0.022942254319787025,-0.014071882702410221,
0.03714544326066971,0.001391880912706256,
-0.0036384148988872766,0.004759195260703564,
0.028783312067389488,0.016879359260201454,
-0.012435655109584332,0.0009842951549217105,
-0.019294457510113716,0.009782322682440281,
-0.013470552861690521,0.020064527168869972,
0.019173607230186462,0.001543341320939362,
-0.0007038518087938428,-0.012089502066373825,
0.010390465147793293,-0.004253222141414881,
-0.004833884537220001,-0.015527533367276192,
-0.031324513256549835,0.007077676709741354,
-0.025172289460897446,0.02478092908859253,
0.008654811419546604,0.021031571552157402,
-0.01642000302672386,-0.005713806487619877,
0.007946730591356754,0.017648965120315552,
-0.019980408251285553,-0.0451117642223835,
-0.002750731771811843,0.01029469445347786,
0.0026871610898524523,-0.00794103741645813,
0.007546181790530682,0.008697294630110264,
-0.009697044268250465,0.032722990959882736,
0.0076749264262616634,-0.022845622152090073,
0.006583813112229109,0.040665727108716965,
0.00836072489619255,-0.00822200533002615,
0.020351340994238853,0.012646782211959362,
-0.026201697066426277,0.0011829526629298925,
0.0025763746816664934,-0.006511624902486801,
0.004229968413710594,0.01661239005625248,
0.00939715001732111,0.001388613716699183,
-0.003652695333585143,-0.0014330195263028145,
-0.01695678010582924,-0.030940182507038116,
0.008846323937177658,0.022251442074775696,
-0.0029519873205572367,0.003400122746825218,
0.02277291566133499,0.011753235943615437,
-0.020789161324501038,0.025560028851032257,
0.04148556664586067,0.025505537167191505,
-0.005791202187538147,0.016194764524698257,
-0.01571514829993248,-0.003996857907623053,
-0.004690453410148621,0.030010873451828957,
0.00788086373358965,0.0013505857205018401,
-0.016395365819334984,0.05571988224983215,
-0.004189036320894957,0.028947340324521065,
-0.008441079407930374,0.038046497851610184,
0.011575361713767052,0.014618773944675922,
0.014636939391493797,0.007614895701408386,
-0.015458456240594387,0.004203852266073227,
-0.025867607444524765,0.013099309988319874,
-0.0034742113202810287,-0.003494486678391695,
0.0004914446617476642,0.007856163196265697,
0.015042318031191826,-0.023871416226029396,
0.01404416374862194,0.02912544459104538,
-0.01892632618546486,0.009214174002408981,
-0.018253052607178688,-0.0013296200195327401,
-0.027199944481253624,0.007661529816687107,
0.017616072669625282,-0.005850299261510372,
-0.03709862008690834,-0.005412035621702671,
0.03691992163658142,0.002323423745110631,
-0.005149972625076771,0.011926164850592613,
-0.017654355615377426,-0.02151378244161606,
0.003710911376401782,0.01730705425143242,
0.009772786870598793,-0.006921705789864063,
0.018585046753287315,0.014906489290297031,
-0.031860049813985825,-0.03725796565413475,
0.019828910008072853,-0.012955344282090664,
-0.012751379050314426,0.005387049168348312,
0.018744582310318947,-0.002349472837522626,
-0.01036651898175478,0.007855638861656189,
-0.029088055714964867,-0.03200511634349823,
-0.021803081035614014,0.009100418537855148,
-0.00033950337092392147,0.05407162010669708,
0.03522048145532608,-0.03862889111042023,
0.007661542389541864,-0.003630636492744088,
0.035187095403671265,-0.009539172053337097,
-0.012670103460550308,-0.0161421038210392,
0.011268971487879753,0.01260930672287941,
-0.012804761528968811,0.025220036506652832,
-0.02436266466975212,-0.03584099933505058,
0.005118378438055515,-0.008912162855267525,
0.007598531432449818,-0.024375170469284058,
-0.03633846342563629,0.02796226553618908,
0.00987278763204813,0.0030177028384059668,
0.031582050025463104,0.014573999680578709,
0.030755028128623962,-0.030206935480237007,
0.0010055057937279344,0.017170608043670654,
0.003945117350667715,-0.01297217421233654,
0.027417883276939392,-0.03300069272518158,
0.019420363008975983,-0.01691514626145363,
0.030890341848134995,0.02227734588086605,
-0.030629215762019157,0.011181579902768135,
-0.0038449824787676334,-0.03653252124786377,
0.008072524331510067,-0.016272854059934616,
-0.001986448187381029,-0.05855746939778328,
0.06089786812663078,0.007280836347490549,
0.0011736495653167367,-0.06285624206066132,
-0.028765175491571426,0.018954642117023468,
0.01936265453696251,-0.002472827211022377,
-0.0012712954776361585,-0.029425494372844696,
0.022537268698215485,-0.018187744542956352,
0.02474500983953476,0.010517082177102566,
0.012881209142506123,0.03338370844721794,
0.012063232250511646,-0.01008390262722969,
-0.012264159508049488,-0.000688734813593328,
0.03661438822746277,-0.005134045146405697,
0.01184381078928709,0.023468919098377228,
-0.021189576014876366,0.01506646815687418,
-0.0033114326652139425,0.02479618415236473,
0.030957849696278572,0.015717780217528343,
-0.012421343475580215,0.0029050831217318773,
-0.0006940950406715274,0.009990130551159382,
0.009436977095901966,0.008548366837203503,
0.036589838564395905,0.02996763586997986,
-0.028856026008725166,-0.006196352653205395,
0.011740714311599731,-0.009815831668674946,
0.03332032635807991,0.006268501281738281,
-0.033879853785037994,-0.01243673637509346,
0.012148686684668064,0.051429763436317444,
-0.008606312796473503,0.005347683560103178,
0.003358918707817793,-0.008988936431705952,
-0.03404204547405243,0.029945408925414085,
0.007118374574929476,-0.014318195171654224,
-0.008154788985848427,-0.04752122238278389,
0.007312557194381952,0.014181775040924549,
0.020527472719550133,0.015766853466629982,
-0.03711659088730812,-0.0030795459169894457,
0.00413338141515851,0.007636170368641615,
-0.029517866671085358,0.011785130947828293,
-0.008893805555999279,0.02605058252811432,
-0.004797440487891436,-0.010971087031066418,
0.004385011270642281,0.015714822337031364,
-0.011770976707339287,-0.0025118549820035696,
0.020953554660081863,-0.013456244952976704,
0.032159194350242615,-0.03483814373612404,
0.01572885364294052,-0.03841423988342285,
-0.012022505514323711,0.055524442344903946,
-0.0025483560748398304,-0.05039352551102638,
0.014996702782809734,0.03628158941864967,
0.006827484350651503,0.0023693309631198645,
0.04103115573525429,-0.04973454400897026,
0.01820633001625538,-0.00773912388831377,
0.015116555616259575,0.0078035700134932995,
0.017689229920506477,-0.020905982702970505,
-0.013127520680427551,0.035609547048807144,
-0.011361927725374699,-0.007802341133356094,
-0.017114069312810898,-0.002391761401668191,
0.010948199778795242,-0.002174295485019684,
0.006875963415950537,-0.05067750811576843,
-0.024768304079771042,0.003642655909061432,
0.025245746597647667,-0.02479184791445732,
0.010034964419901371,0.05259928107261658,
0.010586767457425594,0.013165158219635487,
-0.03203899413347244,-0.001929732272401452,
-0.004161633551120758,0.0010969131253659725,
-0.017782438546419144,0.01969161443412304,
-0.03333943337202072,0.06777741760015488,
-0.019833775237202644,-0.012171482667326927,
0.032551467418670654,0.001126770512200892,
0.01846170425415039,-0.013869302347302437,
-0.010094797238707542,-0.015482872724533081,
0.030418217182159424,-0.03380792960524559,
-0.003260294208303094,0.01253278274089098,
0.015257449820637703,0.013304474763572216,
-0.018968980759382248,-0.023221567273139954,
0.020092424005270004,-0.02412482164800167,
-0.013088654726743698,-0.0009464423637837172,
0.0040768347680568695,0.018922286108136177,
-0.023435823619365692,0.02685406617820263,
-0.003487754613161087,0.06327621638774872,
0.014268514700233936,-0.0135184396058321,
-0.0639260783791542,-0.005436685401946306,
0.018352454528212547,0.02313915081322193,
0.0023121340200304985,0.017628660425543785,
0.012596466578543186,-0.00043324189027771354,
-0.024837955832481384,0.008912897668778896,
-0.008022414520382881,0.024018950760364532,
-0.01691926084458828,0.01550531666725874,
-0.017235519364476204,-0.009800989180803299,
-0.025279171764850616,0.027604112401604652,
0.003499704645946622,-0.01517061423510313,
-0.012112904340028763,0.005891996435821056,
-0.010759054683148861,0.021573185920715332,
0.006263979244977236,-0.0042203511111438274,
-0.036820027977228165,0.03458358347415924,
-0.0259221363812685,-0.031086347997188568,
-0.009867236018180847,-0.04246405512094498,
-0.013271358795464039,0.013664402067661285,
-0.016296496614813805,-0.010815904475748539,
0.0033104675821959972,-0.023674799129366875,
0.015118272043764591,0.028328057378530502,
0.012174181640148163,-0.01944429986178875,
-0.040571749210357666,0.004682444967329502,
-0.018815306946635246,-0.021001888439059258,
0.02603907883167267,0.03864800184965134,
-0.021170560270547867,0.01251180563122034,
-0.0174409206956625,-0.005936816800385714,
-0.01352736633270979,-0.007144364062696695,
0.010921756736934185,-0.018564412370324135,
-0.00276579475030303,0.007888087071478367,
-0.004963295999914408,-0.009165710769593716,
0.012614906765520573,0.004925322253257036,
0.0076902806758880615,-0.036827363073825836,
0.011664234101772308,-0.005531758069992065,
-0.021269960328936577,0.01875600405037403,
-0.010886061005294323,-0.0025426410138607025,
-0.01722973957657814,-0.028641188517212868,
-0.0072387587279081345,-0.05982678756117821,
-0.017938612028956413,0.04237222671508789,
-0.0020035591442137957,-0.03821307793259621,
-0.012107349932193756,0.027404531836509705,
0.0028735757805407047,-0.025354932993650436,
0.008512100204825401,0.010113879106938839,
0.01024174690246582,-0.0001224520819960162,
-0.013545489870011806,0.01021286565810442,
0.012012296356260777,0.015048380941152573,
-0.01909557171165943,-0.0252885352820158,
-0.00912399124354124,0.006630921270698309,
-0.004581734538078308,-0.0001980515953619033,
-0.007505039218813181,-0.020620623603463173,
0.00529639795422554,-0.009008307941257954,
-0.007811353076249361,-0.008619595319032669,
-0.003175749909132719,-0.020809320732951164,
0.006448070518672466,0.04109511524438858,
0.02784545347094536,0.012195209972560406,
-0.007074436638504267,0.013274973258376122,
-0.026428429409861565,-0.005919362884014845,
-0.020803699269890785,-0.026277534663677216,
0.0135035440325737,0.019631659612059593,
-0.008060997352004051,-0.0010114028118550777,
0.00315232016146183,0.03396040201187134,
-0.007198011968284845,-0.021739359945058823,
-0.006939094513654709,0.009954276494681835,
0.02605396695435047,0.01892162673175335,
-0.01368514820933342,0.011215221136808395,
-0.007520962972193956,-0.011586662381887436,
0.023479964584112167,0.007189019583165646,
-0.008284300565719604,0.002195098903030157,
0.006443751975893974,0.021596763283014297,
-0.014812465757131577,0.005993261933326721,
0.004063853528350592,-0.01088297925889492,
0.03037513606250286,-0.004004516173154116,
-0.02011960558593273,0.003026773454621434,
0.019909998401999474,0.017098749056458473,
0.01895677112042904,0.0031661279499530792,
-0.038078080862760544,-0.004189148545265198,
-0.039156224578619,-0.044414568692445755,
-0.02644290402531624,-0.012879577465355396,
0.0037636219058185816,0.05480429530143738,
0.020954325795173645,-0.008607180789113045,
0.004750048741698265,-0.07606377452611923,
0.008627383038401604,-0.05628976598381996,
0.0075087593868374825,-0.0005983412847854197,
0.016003111377358437,0.011800896376371384,
-0.007548054680228233,0.0010974780889227986,
0.013441326096653938,0.0006802475545555353,
0.015583686530590057,-0.029105843976140022,
0.007080759387463331,-0.01628197729587555,
-0.01867697574198246,-0.015038092620670795,
0.008568515069782734,0.04863680526614189,
-0.006369377952069044,-0.03277991712093353,
0.00860877986997366,-0.015503758564591408,
0.0029765900690108538,0.0023539140820503235,
0.053664468228816986,-0.03280537948012352,
0.0047089229337871075,0.0033279177732765675,
-0.008284435607492924,0.01642860285937786,
-0.04097944498062134,-0.03082195296883583,
-0.006396987941116095,0.011955788359045982,
-0.020832834765315056,-0.01659141294658184,
-0.01976284570991993,0.011111816391348839,
0.01988821104168892,-0.007176178507506847,
-0.004907737486064434,-0.026274416595697403,
0.013447950594127178,0.02979719266295433,
0.013097417540848255,-0.02413216046988964,
-0.0017744535580277443,0.010286038741469383,
-0.022673729807138443,-0.02070719189941883,
0.000514897343236953,0.02595018595457077,
0.03011210449039936,0.0017457334324717522,
-0.01984821818768978,0.015175809152424335,
-0.02757960557937622,0.0036788613069802523,
0.008288178592920303,0.001349212252534926,
-0.003241092897951603,0.007705421186983585,
0.0032449918799102306,0.009961513802409172,
0.0038071570452302694,-0.022871289402246475,
-0.01610551029443741,-0.03932661935687065,
-0.012251480482518673,0.010972208343446255,
-0.028435390442609787,-0.0029827177058905363,
0.033880602568387985,-0.004808352328836918,
-0.016329094767570496,0.040775224566459656,
0.006582080386579037,-0.01876123622059822,
0.012584199197590351,0.045500557869672775,
0.007391770835965872,-0.020978130400180817,
-0.013405075296759605,-0.035370294004678726,
-0.010057845152914524,-0.013594187796115875,
-0.021898554638028145,-0.022058168426156044,
0.012656926177442074,-0.013900608755648136,
0.006828131154179573,0.014825215563178062,
0.013486064970493317,-0.0017722368938848376,
0.02959292009472847,-0.035292454063892365,
0.04808293282985687,-0.004528182093054056,
-0.032896753400564194,-0.0062722209841012955,
0.009467183612287045,0.0029191391076892614,
0.03734239563345909,-0.01857655495405197,
-0.03451455757021904,-0.01639377512037754,
-0.015927588567137718,0.03754982352256775,
-0.0032475455664098263,0.0033018861431628466,
-0.018915116786956787,0.026277216151356697,
-0.003154503181576729,0.0025122216902673244,
-0.009534056298434734,-0.000620355480350554,
0.008192808367311954,-0.010187664069235325,
0.006549180950969458,-0.008799265138804913,
-0.012301802635192871,-0.031685881316661835,
-0.005049010273069143,-0.0028713454958051443,
0.0064034173265099525,0.005881776567548513,
0.01630336605012417,-0.010818008333444595,
-0.02707519754767418,-0.03715987130999565,
0.00541117787361145,0.02245631255209446,
-0.020318713039159775,0.018280120566487312,
-0.018154235556721687,-0.00043001314043067396,
0.01921590231359005,0.01781296730041504,
-0.04903460666537285,-0.03684677928686142,
-0.0017404825193807483,-0.03514379262924194,
0.00820627249777317,0.004820283502340317,
0.005078012123703957,0.009467465803027153,
-0.02084122598171234,-0.006437910720705986,
0.0006669400027021766,-0.03037644550204277,
-0.01432112231850624,-0.0010621753754094243,
0.03040202334523201,-0.02935938537120819,
0.04221690818667412,-0.0025719597470015287,
0.010698680765926838,0.0011558188125491142,
-0.02757684327661991,-0.0035571823827922344,
0.002344833454117179,0.035499006509780884,
0.02009407803416252,0.01574067398905754,
0.02735479734838009,0.02956518903374672,
-0.051171448081731796,-0.009825174696743488,
-0.02667790837585926,0.012135316617786884,
-0.008422883227467537,-0.03838949277997017,
-0.027625523507595062,0.029920505359768867,
-0.0077838897705078125,0.007984131574630737,
-0.013014119118452072,-0.019723394885659218,
0.01773776486515999,0.0010372766992077231,
-0.02290770411491394,0.04234674200415611,
0.011049274355173111,0.017100660130381584,
-0.03667641431093216,0.06324070692062378,
0.022372668609023094,-0.017037812620401382,
0.04062774032354355,0.013615784235298634,
-0.005534928757697344,0.0020329600665718317,
-0.0108457300812006,0.0019407368963584304,
-0.02058766596019268,0.00518229603767395,
-0.009781287983059883,0.0192265585064888,
0.028025727719068527,-0.002029335591942072,
-0.009045392274856567,0.010234293527901173,
0.033858951181173325,0.01843186281621456,
-0.023198913782835007,-0.012621382251381874,
-0.016403792425990105,-0.026576796546578407,
0.0023468409199267626,0.0063038840889930725,
0.0025103974621742964,-0.008017963729798794,
-0.019751790910959244,-0.024873217567801476,
0.009704520925879478,-0.005249849986284971,
-0.010811579413712025,-0.044476255774497986,
0.031989872455596924,0.012630097568035126,
-0.028620006516575813,-0.014183897525072098,
0.039494000375270844,1.3557572856370825e-05,
0.0023427940905094147,0.01238419022411108,
0.010661136358976364,-0.028016261756420135,
-0.00950335431843996,-0.0016720782732591033,
0.022686222568154335,0.017714451998472214,
0.0153728062286973,-0.007804923225194216,
-0.008017614483833313,-0.004424219019711018,
-0.029379766434431076,0.0014427147107198834,
0.026467133313417435,-0.006398441269993782,
0.015559801831841469,0.020172039046883583,
-0.0003367714525666088,-0.028180114924907684,
-0.019122350960969925,0.047527119517326355,
0.01693122833967209,0.02547343447804451,
0.01375286653637886,-0.028590211644768715,
-0.03281465172767639,-0.0022354109678417444,
-0.026216188445687294,0.02766895294189453,
-0.0502992644906044,0.00531130563467741,
-0.0005884921993128955,0.024197222664952278,
-0.011913958005607128,-0.0027121116872876883,
0.021237719804048538,-0.021151039749383926,
-0.013433299027383327,-0.03163823112845421,
0.0008241674513556063,0.010911883786320686,
-0.014211920090019703,-0.01423268485814333,
0.007184900343418121,0.004202029202133417,
-0.022448910400271416,-0.010515584610402584,
0.019701289013028145,0.02492976374924183,
0.031605664640665054,-0.009581973776221275,
-0.0008489619940519333,0.009590337984263897,
0.012256959453225136,-0.005073644686490297,
0.00403295224532485,-0.013318505138158798,
-0.05906979739665985,-0.02309652790427208,
0.005458556581288576,-0.01317039504647255,
0.031435564160346985,0.009471094235777855,
-0.03675902634859085,-0.003228244837373495,
0.01817239262163639,-0.02962140180170536,
0.04184526205062866,0.003900222945958376,
-0.035184621810913086,-0.008516229689121246,
-0.004827259108424187,0.071867436170578,
0.030592037364840508,0.008490522392094135,
-0.0024920564610511065,0.009177755564451218,
0.005981308873742819,0.026002759113907814,
0.03255176544189453,-0.015686240047216415,
-0.04684910178184509,-0.025627072900533676,
-0.015694772824645042,-0.007400416303426027,
0.005933908745646477,-0.01832660101354122,
0.04160954803228378,0.04170389100909233,
-0.02522197552025318,0.015316411852836609,
0.02611635811626911,-0.008242200128734112,
0.012237457558512688,-0.017261900007724762,
-0.02687147818505764,-0.01883445866405964,
-0.007023944519460201,0.0052033280953764915,
0.03183319792151451,0.019048385322093964,
-0.020242884755134583,-0.014211773872375488,
0.004624690394848585,0.019542371854186058,
-0.00523032620549202,0.02866629883646965,
0.0029139427933841944,-0.0028846869245171547,
-0.002436265582218766,0.0321674570441246,
0.003531133756041527,-0.0072790090925991535,
0.011620593257248402,-0.01699761115014553,
0.006433532107621431,0.023573316633701324,
0.02965538017451763,0.02998753823339939,
0.0016235271468758583,-0.01061059907078743,
-0.010402633808553219,-0.028032194823026657,
-0.002246807562187314,0.029655396938323975,
0.006548411212861538,0.01098097488284111,
-1.708630588836968e-05,8.287461241707206e-05,
0.009301640093326569,0.016335735097527504,
0.035154055804014206,0.0050213816575706005,
0.020365716889500618,0.008505837991833687,
0.003663614857941866,0.01730438508093357,
0.010510539636015892,0.011659535579383373,
0.022442221641540527,0.036950305104255676,
-0.011116798967123032,0.01393563486635685,
-0.010877634398639202,-0.018794870004057884,
-0.022044837474822998,-0.017812982201576233,
0.0014907058794051409,-0.012269890867173672,
-0.005827639251947403,0.04431001842021942,
-0.005834362935274839,-0.0012499813456088305,
0.015686791390180588,-0.03377093747258186,
0.027927467599511147,0.03372163325548172,
-0.010282556526362896,0.037536051124334335,
-0.03677649423480034,0.05680897831916809,
-0.021519051864743233,0.002637102035805583,
0.0009420845308341086,-0.020336145535111427,
0.007332765031605959,0.012182763777673244,
-0.007652919739484787,-0.01969042420387268,
-0.0076804920099675655,-0.008287877775728703,
-0.001347006531432271,-0.014227651990950108,
0.008092323318123817,0.01239629928022623,
-0.00039890073821879923,-0.031174078583717346,
0.01971939392387867,-0.04106714203953743,
-0.003940883558243513,0.006056970451027155,
-0.010522374883294106,0.007562961895018816,
-0.01625506393611431,-0.0332709364593029,
-0.01578940451145172,-0.030560078099370003,
-0.0019571511074900627,0.012857692316174507,
0.0481967069208622,0.0001636862725717947,
0.022392285987734795,-0.011409515514969826,
-0.0346372164785862,0.0006697875214740634,
0.022672610357403755,-0.011164827272295952,
-0.009950411505997181,-0.02447711117565632,
0.04734180495142937,0.027057873085141182,
0.015636451542377472,-0.023893656209111214,
-0.013014128431677818,0.01295358594506979,
-0.006723241880536079,0.010077671147882938,
0.039414022117853165,-0.008809526450932026,
-0.007900482043623924,0.050767675042152405,
-0.002488557016476989,-0.022462770342826843,
-0.0104673495516181,0.0060363998636603355,
0.00733685027807951,-0.04093235358595848,
-0.0009603388025425375,0.009931745007634163,
-0.011403001844882965,-0.04312475770711899,
0.024927278980612755,-0.013425219804048538,
0.030281580984592438,-0.01115818414837122,
-0.02434532344341278,0.05623951554298401,
0.030294207856059074,0.03160243481397629,
0.005342169664800167,-0.026899412274360657,
-0.009474818594753742,-0.03343861177563667,
0.050025127828121185,0.029186824336647987,
-0.027438683435320854,0.011593053117394447,
-0.007080391980707645,0.008377010934054852,
-0.030172675848007202,0.01728869415819645,
-0.03127896785736084,0.00911383144557476,
0.039103515446186066,0.02098603919148445,
0.0029891568701714277,0.024805763736367226,
-0.003250101814046502,0.0485328733921051,
0.025435954332351685,0.005404355935752392,
-0.020635994151234627,-0.04281884431838989,
0.004012801218777895,-0.023955069482326508,
-0.013826598413288593,-0.018068337813019753,
-0.031845927238464355,-0.034189023077487946,
-0.025678643956780434,0.01900128833949566,
-0.03458845242857933,-0.00023293908452615142,
0.017930857837200165,0.009732218459248543,
0.031033724546432495,-0.0060721635818481445,
-0.014165577478706837,0.017710033804178238,
-0.008241893723607063,-0.002900804625824094,
-0.03824455663561821,-0.009253929369151592,
-0.01880686916410923,0.01219217386096716,
-0.026667119935154915,0.03470935299992561,
-0.03111364133656025,-0.014284567907452583,
-0.006417824886739254,0.009902785532176495,
0.013897642493247986,-0.031051436439156532,
-0.028589695692062378,0.0008561247959733009,
-0.009073987603187561,-0.04212924465537071,
0.010183747857809067,-0.0371047668159008,
0.0016602437244728208,-0.03437503054738045,
0.026357237249612808,-0.03849126771092415,
-0.028718719258904457,0.021653354167938232,
0.008747611194849014,0.017533766105771065,
0.01915394887328148,-0.020693935453891754,
-0.006807939615100622,0.006114216987043619,
-0.006176600698381662,0.01785740815103054,
0.039075180888175964,0.016299542039632797,
0.002253327751532197,-0.012946482747793198,
0.0029690999072045088,0.018559955060482025,
-0.01512890961021185,0.03223876655101776,
-0.013878455385565758,0.029271764680743217,
-0.0052599296905100346,-0.002117571420967579,
-0.018057800829410553,0.022668922320008278,
0.009564227424561977,0.012639258988201618,
-0.005607628729194403,0.02955459989607334,
0.009019827470183372,0.015693681314587593,
-0.018708018586039543,-0.015106383711099625,
0.006343253422528505,-0.010902742855250835,
-0.011153980158269405,-0.019383076578378677,
-0.026617683470249176,-0.038368407636880875,
0.01620742678642273,-0.01487084198743105,
0.01786847971379757,-0.005383333656936884,
-0.007270037662237883,0.03624815493822098,
0.0057761818170547485,0.03371323272585869,
0.00961549486964941,-0.020987752825021744,
0.017461223527789116,0.0013653285568580031,
0.02638312242925167,-0.010668926872313023,
-0.006772832944989204,0.022971423342823982,
-0.025342082604765892,-0.022622665390372276,
0.010139104910194874,-0.03075011633336544,
0.030201179906725883,-0.017544694244861603,
-0.020908435806632042,0.003061453113332391,
0.015443849377334118,0.010910754092037678,
-0.018188288435339928,-0.003895174479112029,
0.0061517697758972645,-0.00799227599054575,
0.0010166933061555028,-0.01786900870501995,
-0.03772100806236267,0.025244565680623055,
0.018513988703489304,0.010981432162225246,
0.010338165797293186,-0.035839106887578964,
-0.03443000838160515,-0.01496899127960205,
-0.006116337608546019,-0.023374689742922783,
-0.03317992016673088,0.0024834461510181427,
0.003926723729819059,0.014510934241116047,
-0.007305261213332415,-0.05593226104974747,
0.040808212012052536,0.015992911532521248,
0.02872585877776146,-0.026216993108391762,
0.016570711508393288,0.00796593725681305,
0.005124266259372234,0.0018940335139632225,
-0.016912750899791718,0.010792799293994904,
0.009776911698281765,0.004469826817512512,
-0.02514049969613552,0.021582745015621185,
-0.04320959746837616,0.01730538159608841,
0.02556183747947216,0.041466742753982544,
0.020635582506656647,-0.02345838025212288,
0.026037443429231644,-0.005677168723195791,
0.020013343542814255,0.010184261947870255,
0.016632074490189552,0.011819148436188698,
-0.006933464668691158,-0.005137506872415543,
-0.029085330665111542,-0.0045733992010355,
0.009867600165307522,0.019828664138913155,
-0.02095705457031727,-0.002810561330989003,
0.03373090550303459,-0.007120760157704353,
0.015353916212916374,0.014462042599916458,
0.025438344106078148,-0.004203881602734327,
0.004608029033988714,-0.03733912855386734,
-0.010627176612615585,-0.004817926790565252,
-0.012918904423713684,-0.019648149609565735,
-0.012263000942766666,0.0029682002495974302,
-0.016785509884357452,0.0016954364255070686,
-0.017159227281808853,0.03208751976490021,
0.06089886650443077,0.022336022928357124,
-0.000991889275610447,-0.01157031487673521,
-0.04579060152173042,-0.013579631224274635,
0.040293022990226746,0.024096312001347542,
-0.03721960633993149,-0.0025699588004499674,
0.023759573698043823,0.02160021662712097,
-0.027379462495446205,-0.018319087103009224,
-0.0008879214874468744,0.026064803823828697,
-0.0045728725381195545,0.006354973651468754,
0.007054262328892946,-0.012083432637155056,
-0.022847076877951622,-0.0012060845037922263,
0.017386894673109055,0.014869006350636482,
0.006000126712024212,0.013262481428682804,
0.01863461546599865,0.025125114247202873,
0.009063617326319218,-0.022952867671847343,
0.0313430055975914,-0.009192177094519138,
0.01131675485521555,-0.0022374687250703573,
-0.04648327827453613,0.00561127532273531,
-0.041675832122564316,0.03503347560763359,
-0.0011722943745553493,0.017454303801059723,
0.028976455330848694,-0.035235363990068436,
0.03509147837758064,0.02252134494483471,
-0.01849963515996933,0.040235091000795364,
-0.010702625848352909,0.004899829626083374,
0.027359144762158394,0.006088719237595797,
0.01631508208811283,-0.017122523859143257,
-0.0008543367148377001,-0.010451222769916058,
0.004814729560166597,0.0012821258278563619,
-0.04631426930427551,-0.029952332377433777,
-0.0057216365821659565,0.016959859058260918,
0.0013039674377068877,0.02252325229346752,
0.017460504546761513,0.0370466485619545,
-0.007003911770880222,-0.049077585339546204,
0.014915570616722107,-0.0032906157430261374,
-0.0012779177632182837,-0.011820436455309391,
0.018809804692864418,0.028135286644101143,
-0.03473734110593796,-0.009711749851703644,
0.019503677263855934,-0.004870499484241009,
-0.02238006889820099,-0.011097739450633526,
0.0074188318103551865,0.005974717438220978,
0.03417954966425896,-0.01581018976867199,
0.032294031232595444,-0.029673466458916664,
0.025443056598305702,0.00014986404858063906,
0.0013400290627032518,0.02220427617430687,
-0.012837802059948444,-0.0004973850445821881,
-0.010920344851911068,0.029842933639883995,
0.029513714835047722,0.04690208658576012,
0.01785353571176529,0.01918727345764637,
-0.024911843240261078,-0.04153885319828987,
0.02983107790350914,0.019927039742469788,
0.010453817434608936,0.04458046332001686,
-0.0126273725181818,-0.04737875610589981,
-0.010393141768872738,-0.036711420863866806,
0.00889806728810072,0.0062886737287044525,
-0.004789721220731735,-0.010919208638370037,
0.01686178892850876,-0.0003132348647341132,
0.018063552677631378,-0.019154511392116547,
-0.05094338580965996,-0.0031243227422237396,
0.00315614091232419,-0.03789740055799484,
0.02407119981944561,0.0175869669765234,
0.023725347593426704,0.0032959997188299894,
-0.01338107232004404,0.042572468519210815,
0.012666559778153896,-0.003256542142480612,
0.021470636129379272,-0.0030868654139339924,
0.01108752004802227,0.004550320096313953,
-0.006190571002662182,-0.006140065845102072,
0.016552003100514412,0.018040671944618225,
0.008999611251056194,-0.0025147527921944857,
-0.011284531094133854,-0.0021542052272707224,
-0.018541935831308365,0.027076851576566696,
-0.00023970453185029328,0.01792769506573677,
0.008650779724121094,-0.010119395330548286,
-0.03174310550093651,-0.030328433960676193,
0.006717031355947256,0.0013298258418217301,
-0.04975429177284241,-0.010715820826590061,
0.016161007806658745,-0.0006023291498422623,
-0.0029296742286533117,-0.004603235051035881,
0.0013019986217841506,-0.032726459205150604,
0.04014604166150093,-0.019596586003899574,
-0.016751481220126152,-0.02497689053416252,
-0.042068254202604294,0.025545576587319374,
0.025753941386938095,-0.01794346235692501,
0.004667990375310183,-0.016070153564214706,
0.022107217460870743,0.018498960882425308,
-0.0022988533601164818,-0.012535287998616695,
0.0025874748826026917,-0.011989661492407322,
0.009354377165436745,-0.016203755512833595,
-0.035933952778577805,0.008080581203103065,
-0.021259812638163567,0.015449173748493195,
-0.0034356224350631237,-0.00829220563173294,
0.02530183456838131,0.0453224740922451,
0.016021979972720146,0.00775701692327857,
-0.019756296649575233,-0.03843490779399872,
-0.012130498886108398,0.02543473057448864,
0.002386037027463317,0.04725447669625282,
-0.012236419133841991,0.01943337731063366,
0.01661280170083046,-0.00044541381066665053,
0.013260944746434689,0.0031737452372908592,
-0.019929690286517143,-0.043580055236816406,
-0.011728002689778805,-0.0031461953185498714,
0.04844491928815842,0.011436153203248978,
0.020066358149051666,0.03187648206949234,
-0.0038721286691725254,-0.04759487137198448,
0.0004086545086465776,0.02184968814253807,
-0.03178435564041138,-0.014077062718570232,
0.032078709453344345,0.021366210654377937,
0.0052091279067099094,-0.013684227131307125,
-0.0014980772975832224,-0.027864858508110046,
0.019839460030198097,0.0071871597319841385,
0.007458741310983896,0.020205514505505562,
-0.03304585441946983,0.015190782956779003,
0.035322532057762146,-0.021603330969810486,
0.010909439995884895,-0.04380524903535843,
-0.008671628311276436,-0.026679668575525284,
0.0260323379188776,0.004484210629016161,
-0.016343984752893448,-0.0026963194832205772,
-0.020299237221479416,0.019117925316095352,
0.020125452429056168,-0.02376633882522583,
0.017860664054751396,0.015713434666395187,
-0.0040061865001916885,0.034567344933748245,
0.011816134676337242,-0.008842297829687595,
0.010410438291728497,-0.0307021364569664,
0.01375823374837637,0.0035783895291388035,
0.0016032858984544873,-0.04290132597088814,
-0.012577079236507416,0.020428743213415146,
-0.020875459536910057,0.01522490382194519,
-0.02040739171206951,0.005585592705756426,
0.0037645890843123198,-0.009529746137559414,
0.01457932684570551,0.007147039752453566,
-0.04437375068664551,0.02655799128115177,
0.043602678924798965,0.021694224327802658,
0.003174322657287121,-0.010508107021450996,
0.048957616090774536,-0.039688508957624435,
-0.006507022771984339,-0.03556334599852562,
0.004296006169170141,-0.008609328418970108,
0.008519134484231472,-0.02590714767575264,
-0.014906139113008976,0.011784004047513008,
-0.005367003846913576,0.03437138348817825,
0.0293717123568058,-0.02197582833468914,
0.0311750415712595,-0.012123698368668556,
0.03742366284132004,0.019346093758940697,
-0.06505540013313293,0.0347704216837883,
0.0023983509745448828,0.03047051839530468,
-0.018150992691516876,-0.01402397733181715,
-0.0029350745026022196,-0.00525846378877759,
0.04811993986368179,-0.00954517163336277,
-0.025606470182538033,0.016521424055099487,
-0.0048149265348911285,-0.04926063120365143,
-0.018385417759418488,-0.012950721196830273,
0.010683944448828697,0.003110273275524378,
0.0030963458120822906,0.007650233805179596,
-0.019098522141575813,-0.039379749447107315,
-0.004389676731079817,0.025416355580091476,
-0.018951663747429848,-0.003679712302982807,
-0.001883773598819971,0.008077635429799557,
0.02746422216296196,0.015562529675662518,
-0.04122154042124748,-0.00019146247359458357,
-0.03175858408212662,-0.03177516534924507,
-0.016220929101109505,0.022241663187742233,
0.03768771514296532,0.0197768472135067,
-0.007621968165040016,-0.02040119841694832,
-0.004575673025101423,0.01704857312142849,
0.00491195498034358,0.02932954579591751,
0.02681744657456875,0.002473129890859127,
-0.03932136297225952,-0.01586216688156128,
0.004053439479321241,-0.0016284354496747255,
-0.02266990765929222,0.01927233673632145,
-0.011479994282126427,0.015756208449602127,
0.008424323983490467,-0.0069832466542720795,
-0.013305263593792915,-0.012503043748438358,
0.006782106589525938,-0.0010772893438115716,
0.0333792008459568,0.006378674414008856,
-0.01181111391633749,-0.010535389184951782,
0.036580007523298264,-0.023813139647245407,
-0.012473080307245255,-0.035297952592372894,
-0.01550367847084999,0.0358663946390152,
-0.024129418656229973,0.010609295219182968,
0.012610256671905518,-0.014801590703427792,
0.0014145760796964169,-0.005896135699003935,
0.021095149219036102,0.004670972935855389,
-0.004714717622846365,0.01588497869670391,
-0.021918078884482384,-0.01207870151847601,
-0.002551113720983267,0.010045964270830154,
-0.011090623214840889,-0.017508696764707565,
0.009124208241701126,0.025216685608029366,
-0.02971290424466133,-0.005641520023345947,
0.03937666490674019,0.01514455210417509,
-0.024255307391285896,-0.0056687090545892715,
0.032201845198869705,0.00676060002297163,
-0.00696970522403717,-0.034164782613515854,
-0.013439996168017387,0.014635859988629818,
-0.012524759396910667,-6.37969924355275e-06,
-0.013274830766022205,0.018450269475579262,
0.021285349503159523,0.026932554319500923,
-0.010532660409808159,-0.022995151579380035,
0.01883622631430626,-0.060132186859846115,
-0.042679354548454285,0.016719695180654526,
-0.010394317097961903,0.04093673825263977,
0.032116830348968506,0.012299282476305962,
0.03179361671209335,0.025332950055599213,
0.015804201364517212,0.02459852769970894,
0.015382776036858559,0.04698494076728821,
0.00362003268674016,-0.011320622637867928,
-0.0013600829988718033,-0.015620904974639416,
-0.0024914508685469627,-0.004372302908450365,
0.021839361637830734,-0.03126044571399689,
-0.00550053920596838,-0.02446727268397808,
-0.012393699027597904,-0.01782667636871338,
0.004918055143207312,0.023915467783808708,
-0.0038480793591588736,0.03020588681101799,
-0.03343190252780914,0.006076755002140999,
-0.0027859907131642103,0.011566048488020897,
0.010688933543860912,0.008301343768835068,
-0.025916878134012222,0.016310149803757668,
-0.022117119282484055,-0.00991531740874052,
-0.0022011995315551758,0.025315256789326668,
-0.00031331644277088344,-0.041874319314956665,
-0.018230779096484184,-0.014619079418480396,
0.023556847125291824,-0.02649204432964325,
-0.005389928352087736,-0.03339076042175293,
0.0028745783492922783,0.02022138237953186,
0.003893722780048847,0.0038633826188743114,
-0.0036840359680354595,0.013906647451221943,
-0.03176520764827728,0.009941132739186287,
0.014045394957065582,0.01052121538668871,
-0.025388963520526886,-0.000394257134757936,
0.009036993607878685,0.04625080153346062,
-0.029079975560307503,0.02825682796537876,
-0.01695563830435276,-0.0006366462912410498,
0.004256170708686113,-0.02254829928278923,
0.01441445667296648,0.0182818416506052,
-0.023107249289751053,-0.004083528183400631,
0.008938716724514961,0.03246903419494629,
-0.010149865411221981,-0.017632562667131424,
0.01348943542689085,-0.02166411653161049,
0.0019644517451524734,-0.04680272564291954,
-0.0006226224359124899,-0.015185698866844177,
0.007384739350527525,0.014526184648275375,
-0.016223527491092682,-0.03445838391780853,
-0.00236589671112597,-0.002561344066634774,
0.01722034625709057,-0.010312976315617561,
0.023805314674973488,-0.008853187784552574,
0.014546963386237621,-0.025213122367858887,
0.013745497912168503,-0.009037632495164871,
-0.0011371453292667866,0.01973946951329708,
-0.0023681195452809334,-0.028910504654049873,
0.014650044031441212,-0.020341144874691963,
-0.019227612763643265,-0.014991998672485352,
-0.00465407595038414,0.01968100480735302,
0.008560962975025177,0.026630299165844917,
0.025020580738782883,-0.0005512650241144001,
0.012669847346842289,-0.047130800783634186,
-0.012464961968362331,0.03236248716711998,
-0.004028518218547106,-0.022670170292258263,
0.0013091107830405235,-0.004239810165017843,
-0.001849338528700173,0.03425871953368187,
-0.019741280004382133,-0.028461532667279243,
0.026709221303462982,-0.025267643854022026,
-0.01914936676621437,0.010535285808146,
0.0023159447591751814,-0.008738920092582703,
-0.007940716110169888,0.002682949649170041,
0.057738494127988815,-0.034759677946567535,
-0.01308827567845583,-0.0258499626070261,
0.010525455698370934,-0.04406361281871796,
0.02370501309633255,0.0012617125175893307,
0.02842189557850361,-0.006036354694515467,
-0.015374138951301575,0.02987871691584587,
0.008968100883066654,0.022637519985437393,
0.023936662822961807,-0.01534770242869854,
0.012895473279058933,-0.01628384366631508,
0.0030937884002923965,0.017650393769145012,
-0.0008681416511535645,0.02286500297486782,
-0.00048506390885449946,0.003137289546430111,
-0.012833301909267902,0.023630985990166664,
-0.01567765697836876,0.00040941848419606686,
-0.010385149158537388,0.031061045825481415,
-0.0008975269156508148,0.031158020719885826,
-0.009486507624387741,-0.0016046147793531418,
0.039710767567157745,0.0033844574354588985,
0.02482779696583748,0.002023866167291999,
0.034204427152872086,0.05528390035033226,
-0.007017950061708689,0.024155469611287117,
0.009635231457650661,-0.012772093527019024,
-0.031858179718256,-0.004834252875298262,
0.040640298277139664,0.012721585109829903,
-0.01774469017982483,-0.022096019238233566,
-0.035210758447647095,-0.017681527882814407,
0.018632547929883003,0.020414084196090698,
-0.00485312519595027,-0.013093224726617336,
0.020334234461188316,-0.021965302526950836,
0.02639559842646122,0.0036661464255303144,
-0.01737636886537075,0.019625194370746613,
-0.03024911694228649,0.009127315133810043,
-0.03330965340137482,0.04719577729701996,
-0.0035311339888721704,-0.014194447547197342,
0.03969291225075722,-0.018767500296235085,
-0.0063850125297904015,0.003171584801748395,
-0.023986738175153732,0.011840440332889557,
-0.029188700020313263,-0.005085320211946964,
0.0327700711786747,0.044370975345373154,
-0.03502041473984718,0.04310178384184837,
-0.014729924499988556,0.009205387905240059,
0.034466031938791275,0.013457130640745163,
0.010416119359433651,0.027246225625276566,
0.027103303000330925,-0.007451878860592842,
-0.00877849105745554,0.035207513719797134,
-0.031130220741033554,0.028052380308508873,
-8.46725597511977e-05,0.0015705638797953725,
0.0016191004542633891,-0.008777013048529625,
0.05179964378476143,0.013064613565802574,
0.037060752511024475,-0.0029443451203405857,
-0.004779990762472153,-0.04581652209162712,
-0.013095898553729057,0.008619861677289009,
-0.03293634578585625,-0.032850075513124466,
0.010933558456599712,0.002910241251811385,
0.00936584360897541,-0.06224946305155754,
-0.004528540652245283,-0.0341537781059742,
-0.002034067874774337,0.0429360494017601,
0.002250721212476492,-0.04284418001770973,
-0.02292720042169094,0.01940024271607399,
0.010864743031561375,0.037241026759147644,
0.01500893384218216,0.013823105953633785,
0.04162655770778656,0.006557059939950705,
0.010226712562143803,0.011524831876158714,
0.00752200186252594,-0.005691452883183956,
0.0015674256719648838,-0.012405727989971638,
0.02956475131213665,0.0009655090398155153,
0.021580439060926437,0.002473265863955021,
0.024650532752275467,0.022432416677474976,
-0.009781773202121258,0.0040722377598285675,
-0.02294834703207016,-0.0003736636135727167,
0.002995635848492384,0.04552523419260979,
0.023684721440076828,-0.01737172342836857,
0.0193353071808815,0.013422377407550812,
5.8026857004733756e-05,-0.01943962089717388,
0.0005845631239935756,0.006795063614845276,
0.036306723952293396,-0.020382754504680634,
0.06400337815284729,0.016606908291578293,
0.002501394599676132,0.00790481362491846,
0.0547742135822773,-0.027635280042886734,
-0.010820996016263962,0.023004742339253426,
0.015163930132985115,-0.029725925996899605,
-0.009308057837188244,0.028090286999940872,
0.028118625283241272,0.00329524464905262,
-0.01181251835078001,-0.022079113870859146,
0.0423576757311821,0.02230473794043064,
0.030268482863903046,-0.004947465844452381,
0.0042320191860198975,-0.0030180823523551226,
0.011022049933671951,0.03499458357691765,
-0.003628685139119625,-0.016019562259316444,
0.022140366956591606,0.008931716904044151,
-0.010489308275282383,0.0060369293205440044,
-0.003930089063942432,0.044807031750679016,
-0.0023724159691482782,-0.0060696774162352085,
-0.021564273163676262,-0.016028279438614845,
-0.00943636056035757,0.0004240605921950191,
-0.00281277927570045,0.03833390772342682,
-0.0034019052982330322,0.024012384936213493,
-0.017755603417754173,-0.015567686408758163,
0.002172812819480896,-0.00862076971679926,
-0.019018415361642838,-0.0035755778662860394,
-0.060543984174728394,-0.04262671247124672,
0.015536900609731674,-0.03924335166811943,
-0.021862836554646492,0.004900545813143253,
0.01002074871212244,-0.012796019203960896,
0.030480563640594482,0.027433957904577255,
-0.00022759748389944434,0.04397127777338028,
-0.042058851569890976,0.033373598009347916,
0.002280196640640497,0.012634770013391972,
0.01573650725185871,-0.024046119302511215,
0.05210455507040024,0.009956486523151398,
0.008555974811315536,0.012965875677764416,
0.028300635516643524,-0.022087253630161285,
-0.012462596409022808,0.01620345003902912,
-0.022927774116396904,0.03246375173330307,
0.013878904283046722,-0.05479738116264343,
-0.015432811342179775,0.01412974763661623,
0.014130281284451485,-0.007141951471567154,
0.027830304577946663,-0.01804233528673649,
-0.0024173068813979626,-0.017747288569808006,
0.002215359592810273,0.008801186457276344,
0.03693030774593353,-0.03430311009287834,
0.017972178757190704,-0.011783774010837078,
-0.01377097051590681,-0.01879173144698143,
0.024703895673155785,0.005005618091672659,
0.023766426369547844,0.020864829421043396,
0.03237702324986458,-0.02011069282889366,
0.021131956949830055,0.016870636492967606,
-0.02446618117392063,-0.012207879684865475,
0.011142573319375515,0.004735941998660564,
0.0070338379591703415,-0.01790734753012657,
-0.010505086742341518,-0.009186803363263607,
-0.0056753577664494514,-0.02382376603782177,
-0.011864443309605122,-0.01800438202917576,
0.019901782274246216,0.03860505670309067,
-0.05545229837298393,-0.04338253289461136,
0.00674897525459528,0.012602106668055058,
-0.04228871315717697,0.014907075092196465,
-0.0038818640168756247,-0.00401892838999629,
0.008198271505534649,0.012091525830328465,
-0.0023564074654132128,-0.02107681706547737,
0.005726793315261602,-0.005812325514853001,
0.01336356159299612,-0.0404033288359642,
0.026901740580797195,-0.02692173421382904,
-0.027975575998425484,-0.006394124589860439,
0.030472692102193832,0.006005711853504181,
-0.012213258072733879,0.03937492519617081,
-0.005319968331605196,0.008672789670526981,
0.027047067880630493,-0.008765761740505695,
-0.005710160825401545,-0.012865561991930008,
-0.04075848311185837,0.009740052744746208,
0.029958736151456833,0.012381614185869694,
0.008020568639039993,-0.01509853359311819,
-0.04150315374135971,-0.005086188204586506,
-0.0028966034296900034,-0.004947405308485031,
0.011696984060108662,0.0343448743224144,
-0.0007913614972494543,0.0027819194365292788,
0.029997557401657104,0.02906039170920849,
-0.02285868301987648,0.02181834541261196,
-0.01831568405032158,-0.01524538267403841,
0.026348786428570747,0.0251341350376606,
-0.017710190266370773,-0.025159159675240517,
0.015793871134519577,0.010112020187079906,
-0.0462966151535511,0.016023188829421997,
-0.0291574876755476,0.0001397670421283692,
-0.016550617292523384,-0.018346622586250305,
0.010663260705769062,0.010947944596409798,
0.013581321574747562,0.021894916892051697,
0.035508520901203156,-0.006528867874294519,
0.0024251218419522047,0.012685288675129414,
0.0048095653764903545,-0.012277894653379917,
0.026848945766687393,-0.03521529212594032,
-0.000186371267773211,-0.0018712370656430721,
0.0406218022108078,-0.009824689477682114,
-0.01193180587142706,-0.019720589742064476,
0.010853874497115612,0.003965741954743862,
0.01932530477643013,0.021803850308060646,
0.023109572008252144,-0.015367780812084675,
-0.022585226222872734,-0.027113918215036392,
0.006965190637856722,-0.016246484592556953,
0.02094605565071106,-0.0020126933231949806,
0.004835185594856739,-0.019939739257097244,
-0.02978191338479519,0.01842593587934971,
-0.027735143899917603,0.005727235693484545,
-0.01030659768730402,-0.0021237730979919434,
0.01563575677573681,-0.026442313566803932,
0.050586290657520294,-0.0012093795230612159,
0.0001862104400061071,-0.04712950065732002,
-0.005456750281155109,0.022042199969291687,
0.01648303121328354,-0.018654020503163338,
0.042545903474092484,-0.00965533871203661,
0.0032042996026575565,0.03534094989299774,
-0.000697373179718852,0.011928225867450237,
-0.04745456203818321,-0.0336892195045948,
0.016618231311440468,0.03490659222006798,
-0.034774333238601685,-0.001233141403645277,
0.01018413808196783,0.029716746881604195,
-0.007009830325841904,-0.02119884453713894,
0.027880502864718437,0.001122698769904673,
-0.013827894814312458,0.04206230491399765,
0.013083325698971748,-0.03630329668521881,
0.005606491584330797,-0.014356056228280067,
-0.010767892003059387,-0.002931724302470684,
-0.013385885395109653,0.022474100813269615,
-0.005076102912425995,0.030512070283293724,
-0.0017219285946339369,-0.026040147989988327,
0.011828146874904633,-0.02336624078452587,
0.07150772213935852,0.009489677846431732,
0.014388765208423138,-0.02098490297794342,
-0.02822324074804783,-0.015701867640018463,
-0.007130356505513191,-0.004608220886439085,
-0.01807353086769581,0.004788196180015802,
0.026008466258645058,-0.02225569076836109,
0.01126671489328146,-0.03512627258896828,
0.021378550678491592,-0.010497069917619228,
-0.02065238729119301,-0.031185435131192207,
0.004695366136729717,-0.015272133983671665,
-0.02555455081164837,0.029597003012895584,
0.054408371448516846,0.013577669858932495,
0.0034932021517306566,-0.043234460055828094,
0.018645601347088814,-0.011240869760513306,
-0.02117234095931053,-0.006267667748034,
-0.014490041881799698,-0.04200887680053711,
0.008664719760417938,-0.01018680538982153,
0.028016142547130585,-0.0044487896375358105,
-0.0290839821100235,0.004896747414022684,
-0.0004693024675361812,0.03770701587200165,
-0.015468087047338486,-0.012506803497672081,
0.0431402325630188,0.033710967749357224,
0.011528159491717815,0.0006680995575152338,
0.024567468091845512,0.010537431575357914,
-0.0012876441469416022,0.03119814768433571,
-0.005008946172893047,0.01647566445171833,
0.00526026776060462,-0.005251730792224407,
-0.0003851474029943347,0.0027266263496130705,
-0.010974371805787086,0.016080493107438087,
0.03458553925156593,0.003941974602639675,
-0.033340152353048325,-0.024944894015789032,
0.020686564967036247,0.03530094027519226,
-0.020871637389063835,-0.0007250708295032382,
0.0029319720342755318,-0.02818400226533413,
0.02638203836977482,-0.004285216797143221,
-0.013411274179816246,-0.019266147166490555,
0.07135439664125443,-0.01216050237417221,
-0.06360755115747452,0.014076284132897854,
-0.02324412576854229,0.006243870593607426,
0.011690509505569935,0.02469540759921074,
-0.02143865078687668,0.003852855646982789,
-0.009219403378665447,0.03256996348500252,
-0.009111030958592892,0.0036741739604622126,
-0.015706675127148628,0.006161449011415243,
-0.009607483632862568,-0.026095926761627197,
-0.012502065859735012,-0.014904329553246498,
0.006375693250447512,0.013420399278402328,
0.055116742849349976,0.025873159989714622,
0.033500418066978455,0.01829397864639759,
-0.03332765772938728,-0.02442156709730625,
-0.00887144636362791,0.012735131196677685,
0.021517520770430565,-0.01227217074483633,
0.01084817573428154,0.00494187930598855,
-0.006044871639460325,0.004656645469367504,
0.002834889804944396,0.020714139565825462,
0.021383607760071754,-0.0031452260445803404,
0.002094125375151634,0.003998026717454195,
0.025162287056446075,0.00045982288429513574,
-0.016506031155586243,0.007994015701115131,
0.026723453775048256,0.009809495881199837,
0.01912948675453663,-0.020859740674495697,
-0.011783655732870102,-0.021916596218943596,
0.00832078605890274,-0.010962317697703838,
0.0365457646548748,0.008532848209142685,
-0.03329043835401535,-0.014307468198239803,
0.02888476848602295,-0.012612317688763142,
-0.020184257999062538,0.0007876238087192178,
0.009392482228577137,0.004838992841541767,
0.06251107901334763,0.022560082376003265,
-0.028488434851169586,-0.021144678816199303,
-0.01890880987048149,-0.019755976274609566,
-0.01189944427460432,-0.01757398620247841,
-0.0060631330125033855,-0.014331565238535404,
0.012846323661506176,-0.036824971437454224,
0.01720716804265976,-0.03548119589686394,
-0.05590691417455673,-0.0032954334747046232,
0.011654038913547993,-0.0003539319441188127,
-0.010636617429554462,-0.02136136218905449,
-0.027563851326704025,-0.0028031249530613422,
-0.011310962960124016,0.030885014683008194,
-0.008823013864457607,0.01734519563615322,
-0.002411846537142992,0.012351338751614094,
-0.01837529055774212,0.0042814151383936405,
0.007800247520208359,-0.004173637833446264,
-0.03864186629652977,0.0014266174985095859,
-0.005282909609377384,0.00046489614760503173,
-0.028136758133769035,0.0006222501979209483,
-0.011723855510354042,-0.026701513677835464,
-0.010343293659389019,0.009873096831142902,
-0.004303380846977234,0.008047199808061123,
0.002465997589752078,0.023209432139992714,
-0.018383778631687164,-0.0029502753168344498,
0.012265816330909729,0.0027078355196863413,
-0.005453042685985565,0.02669990248978138,
-0.011751852929592133,0.018810635432600975,
-0.015291708521544933,-0.01432715356349945,
-0.01901070401072502,-0.01080784946680069,
-0.03204710781574249,0.008069067262113094,
-0.0031827446073293686,0.016100764274597168,
-0.012919669970870018,0.004423295147716999,
0.006416371092200279,0.015537679195404053,
0.03095046989619732,-0.011686665005981922,
-0.01873759925365448,-0.013064361177384853,
0.014554089866578579,0.009671924635767937,
-0.00238298368640244,0.002453198656439781,
0.042599793523550034,0.032743584364652634,
-0.012877272441983223,-0.018950998783111572,
-0.018967704847455025,-0.046948522329330444,
-0.0028565097600221634,0.015778949484229088,
-0.00803320575505495,-0.019300514832139015,
0.017076630145311356,-0.026583107188344002,
0.009633716195821762,0.05374624580144882,
-0.0027601411566138268,0.013636278919875622,
0.03784451633691788,-0.001673110295087099,
-0.018131542950868607,0.0005460787797346711,
0.02019287459552288,0.0094674751162529,
-0.008099094033241272,-0.013479557819664478,
-0.007693516090512276,-0.03256308659911156,
0.00961131602525711,-0.018978707492351532,
-0.03524700179696083,0.0014814967289566994,
0.033205486834049225,-0.006653354037553072,
-0.023228125646710396,-0.006636140868067741,
-0.0251165684312582,-0.016509031876921654,
-0.0012448829365894198,0.020885000005364418,
-0.02987276203930378,0.011883617378771305,
2.565598515502643e-05,0.014968408271670341,
0.00047906345571391284,0.004132356960326433,
0.00013867442612536252,-0.015316914767026901,
0.007938580587506294,-0.004955756012350321,
-9.049515938386321e-05,0.013287095353007317,
-0.021913833916187286,-0.008035748265683651,
-0.008316722698509693,-0.003177921287715435,
-0.007541059050709009,-0.0019164305413141847,
-0.021684007719159126,-0.01708645187318325,
0.007154551334679127,0.01086609810590744,
0.026902880519628525,-0.0008732929127290845,
-0.021170511841773987,-0.04524724930524826,
6.600205233553424e-05,-0.0023692739196121693,
-0.015159246511757374,0.039193931967020035,
0.030063718557357788,0.010831658728420734,
-0.03048722818493843,-0.005069143604487181,
-0.024166544899344444,-0.000300967221846804,
0.0006976231816224754,0.020198000594973564,
-0.03119080327451229,0.027976255863904953,
-0.021039187908172607,0.013333465903997421,
-0.03149920701980591,-0.006876393686980009,
0.006810397375375032,-0.01393849030137062,
-0.021362602710723877,-0.02465292066335678,
-0.016567377373576164,-0.046409133821725845,
0.011232396587729454,-0.0061251381412148476,
0.03437502682209015,0.023723475635051727,
-0.019016439095139503,0.007521601393818855,
-0.009112497791647911,-0.030083440244197845,
0.017253926023840904,0.0018368334276601672,
-0.03152880072593689,0.009627345018088818,
0.04089228808879852,0.0018591545522212982,
0.020413178950548172,0.01693638786673546,
-0.02469279058277607,0.00553407147526741,
0.004340025596320629,-0.008628146722912788,
-0.021985916420817375,-0.01274137943983078,
-0.006753838621079922,-0.011241808533668518,
-0.02831391990184784,0.01779833436012268,
0.04187377169728279,-0.0008836105698719621,
0.030637789517641068,0.0020859865471720695,
-0.012380759231746197,-0.014543112367391586,
-0.022655023261904716,0.00291614537127316,
-0.023826219141483307,-0.01912713050842285,
0.008817934431135654,-0.002605316461995244,
0.029980672523379326,0.0032125699799507856,
-0.053357865661382675,0.006153046153485775,
-0.016050472855567932,-0.024873649701476097,
-0.012230707332491875,0.012838314287364483,
0.031403761357069016,-0.006719761528074741,
0.0012304342817515135,0.04617596045136452,
-0.008372433483600616,-0.0012550459941849113,
-0.008255859836935997,0.021376674994826317,
-0.006330183241516352,-0.03372590243816376,
0.04286627471446991,0.013757686130702496,
0.011261851526796818,-0.009573888964951038,
-0.02259017899632454,0.02117978408932686,
0.02361634559929371,0.008349570445716381,
-0.04449189826846123,-0.006607908755540848,
-0.020285431295633316,-0.007006155326962471,
-0.005196376238018274,-0.030305804684758186,
-0.016231371089816093,0.03230149298906326,
-0.03053300455212593,-0.011545240879058838,
0.029668504372239113,-0.04090741276741028,
0.023863323032855988,0.014127512462437153,
-0.008278962224721909,0.01656702533364296,
-0.008438780903816223,-0.03778093308210373,
0.03400791063904762,-0.00704682432115078,
0.004879625514149666,-0.022129924967885017,
0.03854869678616524,-0.03635035455226898,
0.014535513706505299,0.025504909455776215,
0.005438815336674452,-0.04300585016608238,
-0.004058219026774168,0.00401972746476531,
0.027632754296064377,-0.003212997689843178,
0.031167499721050262,-0.0077123395167291164,
-0.01739238202571869,0.043272655457258224,
0.011502498760819435,-0.004734959919005632,
0.023589562624692917,-0.0014793997397646308,
0.004717210307717323,0.009578031487762928,
0.007033952046185732,0.02993200719356537,
-0.010675664991140366,-0.003855241695418954,
-0.019216077402234077,-0.022683029994368553,
0.014510834589600563,-0.03017045184969902,
0.013113504275679588,0.030093973502516747,
0.00671207532286644,0.00041263678576797247,
-0.00015832889766898006,0.004910409450531006,
-0.017470410093665123,0.0006874477257952094,
-0.005093810148537159,-0.003695398336276412,
0.012109480798244476,-0.025875067338347435,
0.007418410386890173,0.02535061724483967,
0.004344584885984659,-0.010412042029201984,
-0.008893565274775028,-0.034786615520715714,
0.03156916797161102,-0.015607524663209915,
0.0007962880772538483,0.039155613631010056,
0.04190782085061073,0.019485756754875183,
-0.009436080232262611,-0.006054629106074572,
0.010801953263580799,0.0020393242593854666,
0.01577097177505493,-0.014800003729760647,
-0.014721437357366085,-0.02951836585998535,
0.04847404733300209,0.010690772905945778,
0.020836396142840385,0.017849596217274666,
-0.007335029076784849,0.0007873866125009954,
-0.026951013132929802,-0.0030030079651623964,
-0.020626794546842575,0.030491922050714493,
-0.013932584784924984,0.010208526626229286,
-0.003405112074688077,-0.0005902859847992659,
-0.007996761240065098,-0.0022223256528377533,
0.0015489055076614022,0.012292012572288513,
0.029924070462584496,-0.06588923186063766,
-0.002948216861113906,-0.01755332387983799,
-0.018764059990644455,-0.00650749122723937,
-0.018528763204813004,0.008141042664647102,
-0.008499380201101303,0.014116574078798294,
0.01097160391509533,0.01706804521381855,
0.004648042842745781,-0.03458486124873161,
-0.015703175216913223,0.00963048730045557,
0.014112463220953941,-0.044346775859594345,
0.017861783504486084,-0.016411224380135536,
0.007301768288016319,0.0003387235919944942,
-0.014816922135651112,-0.01357240043580532,
-0.022932616993784904,0.004428451880812645,
-0.02996511198580265,0.025262193754315376,
-0.036033570766448975,0.015052703209221363,
0.011526539921760559,-0.043712664395570755,
-0.05749516934156418,0.012327921576797962,
-0.005523588974028826,0.0336882583796978,
0.013142252340912819,-0.04254336655139923,
-0.014738081023097038,-0.027458392083644867,
5.0727991038002074e-05,-0.013898160308599472,
0.02021712251007557,-0.00963102001696825,
0.02004621922969818,1.8505792468204163e-05,
-0.014129485934972763,0.018081391230225563,
0.012643910944461823,0.014795283786952496,
0.00845434982329607,-0.011427638120949268,
0.01297147385776043,-0.018694113940000534,
0.007149787154048681,-0.03185238689184189,
-0.019526328891515732,-0.01926189288496971,
-0.007973868399858475,-0.011600208468735218,
-0.02325308322906494,-0.004114761482924223,
-0.012598316185176373,-0.017446592450141907,
-0.019864199683070183,0.0352691225707531,
0.023302413523197174,0.03053445927798748,
-0.061768338084220886,0.029500864446163177,
-0.03164924681186676,0.012207888066768646,
0.03229198232293129,-0.005406580399721861,
-0.006841643713414669,-0.026357948780059814,
0.02348146215081215,-0.02901720628142357,
0.022942939773201942,0.04171489551663399,
0.046375442296266556,-0.012069562450051308,
0.007752090692520142,0.01961071416735649,
-0.008542412891983986,-0.032645732164382935,
-0.010789928026497364,0.008258459158241749,
0.01747891865670681,0.026249540969729424,
0.014447576366364956,0.022361574694514275,
-0.005070015788078308,-0.003708858974277973,
0.030559835955500603,0.060783471912145615,
-0.016276458278298378,-0.0012015278916805983,
0.025339888408780098,-0.020134903490543365,
0.006295227911323309,0.00224072253331542,
-0.02971893548965454,0.036744289100170135,
-0.040785565972328186,0.029871560633182526,
0.00038388901157304645,0.010700443759560585,
-0.0007715370738878846,-0.037757180631160736,
-0.0019862987101078033,-0.0027695850003510714,
-0.023602887988090515,-0.024987591430544853,
0.013831479474902153,0.04501819610595703,
-0.022354448214173317,0.009274832904338837,
0.004728979431092739,-0.0025423269253224134,
0.0001978382933884859,-0.012847844511270523,
-0.04566699638962746,0.0007542186649516225,
0.02301151305437088,0.016218379139900208,
-0.014631041325628757,0.0170554481446743,
-0.012381884269416332,-0.03235035389661789,
0.02228257991373539,0.010496224276721478,
-0.015806788578629494,-0.025064677000045776,
-0.0301496684551239,-0.01119072176516056,
0.012087298557162285,-0.0018157546874135733,
-0.003987303003668785,-0.009190605022013187,
0.01819509081542492,-0.013363792560994625,
0.027136903256177902,0.005780004430562258,
0.01648676209151745,-0.025042740628123283,
0.03525683283805847,-0.03151913732290268,
0.0009454733808524907,0.003226888831704855,
0.020571844652295113,0.0332985483109951,
0.014354988932609558,0.015777239575982094,
0.02514995075762272,-0.0067132702097296715,
0.005416591186076403,0.0022056305315345526,
-0.029575757682323456,-0.002446231432259083,
-0.035460542887449265,-0.00747092068195343,
0.009351699613034725,6.091362229199149e-05,
0.01944991946220398,-0.019626135006546974,
-0.0021985506173223257,0.02886381559073925,
-0.024722779169678688,0.008709088899195194,
-0.00856686569750309,-0.03514280915260315,
0.02012837491929531,0.001241915044374764,
0.005350605584681034,-0.001675915438681841,
0.03090028278529644,-0.021119482815265656,
0.0012529344530776143,0.003019765019416809,
0.001335957320407033,0.0017808828270062804,
0.027885498479008675,0.017022183164954185,
-0.02665926143527031,-0.0046004303731024265,
-0.019504418596625328,0.012707356363534927,
0.0071839322336018085,0.008202715776860714,
-0.020868394523859024,-0.046560853719711304,
0.03995635360479355,-0.01746196672320366,
-0.00536588067188859,-0.010021591559052467,
-0.02694876864552498,-0.006003869231790304,
0.007921397686004639,-0.018287157639861107,
-0.0034939732868224382,-0.014449439942836761,
-0.027814624831080437,0.011675026267766953,
0.017483429983258247,-0.01713237352669239,
0.04898080602288246,-0.011800961568951607,
-0.00838448479771614,-0.0006635499885305762,
0.04534616693854332,0.02279529720544815,
-0.03088666871190071,-0.017281807959079742,
-0.01619098335504532,0.021568166092038155,
0.011751699261367321,0.0203552208840847,
0.009442316368222237,-0.016086189076304436,
0.03159362077713013,0.0072604212909936905,
0.028345905244350433,-0.0276549831032753,
-0.03187404200434685,0.006988216191530228,
0.021590998396277428,-0.029744938015937805,
-0.022004660218954086,0.018404394388198853,
0.009012519381940365,-0.012942727655172348,
-0.036910418421030045,-0.043990544974803925,
-0.0009032945963554084,-0.0368037223815918,
-0.018001647666096687,-0.016898825764656067,
-0.03855361416935921,0.01541054155677557,
0.007301907055079937,-0.004261092282831669,
-0.0032334194984287024,0.017558706924319267,
-0.017939331009984016,0.008371799252927303,
-0.031309906393289566,-0.0011774752056226134,
-0.026101332157850266,-0.006448559463024139,
0.06312983483076096,0.0009247090201824903,
0.014321384020149708,0.0026953313499689102,
-0.00982036255300045,0.04078943654894829,
-0.0024867593310773373,0.0015972635010257363,
-0.008435951545834541,0.022820642217993736,
-0.020808059722185135,-0.03592430427670479,
-0.003673067782074213,-0.0031504121143370867,
-0.021796563640236855,0.020428502932190895,
-0.005689781624823809,0.025731651112437248,
-0.015096013434231281,-0.032827336341142654,
0.018335964530706406,-0.018329422920942307,
-0.01594025082886219,0.02335796132683754,
-0.027775119990110397,-0.011714168824255466,
0.012150047346949577,0.049099985510110855,
0.022565580904483795,0.0072513665072619915,
-0.04608174040913582,0.03370211273431778,
-0.007556867320090532,-0.005748277064412832,
0.026681696996092796,0.017428627237677574,
-0.04411591589450836,0.008757183328270912,
-0.019600916653871536,0.011165710166096687,
-0.01230702269822359,-0.017928477376699448,
0.018043436110019684,0.00797139573842287,
-0.020783212035894394,0.007149853743612766,
-0.011158597655594349,0.02761705219745636,
-0.002433227840811014,-0.007482283748686314,
0.021505795419216156,0.015905268490314484,
-0.006357294972985983,0.023034509271383286,
0.05932856723666191,0.0014518826501443982,
0.02755616419017315,0.016180915758013725,
0.002876850077882409,-0.024554666131734848,
-0.0005100985872559249,0.01020115613937378,
-0.025540394708514214,-0.027628855779767036,
-0.031187236309051514,0.012953454628586769,
-0.04562763124704361,0.04569385200738907,
0.00046566600212827325,-0.0057783834636211395,
-0.008767805062234402,0.015469789505004883,
0.0003938268928322941,-0.02901206910610199,
-0.011180399917066097,-0.04424377530813217,
0.008541494607925415,0.0033676668535917997,
-0.043479207903146744,-0.015390155836939812,
0.024737633764743805,-0.043791744858026505,
0.0014661726308986545,0.016409331932663918,
-0.005199662409722805,-0.027035122737288475,
-0.007832241244614124,0.017259981483221054,
0.06497558951377869,-0.024005519226193428,
-0.015302122570574284,0.008020749315619469,
-0.028563402593135834,-0.004317442420870066,
0.0016672140918672085,-0.019809667021036148,
0.02263055555522442,0.003889355342835188,
-0.007205995265394449,0.02381431683897972,
0.0072937048971652985,-0.02009688690304756,
0.001976077212020755,0.008773976936936378,
0.00024457735707983375,0.06888528913259506,
0.003371309954673052,-0.028076207265257835,
-0.025583410635590553,0.0032135325018316507,
-0.008343245834112167,0.0009760229731909931,
-0.009459883905947208,0.00818176381289959,
0.00774717191234231,0.007821601815521717,
-0.009845495223999023,-0.004762549884617329,
0.019415708258748055,-0.01794886775314808,
0.006552846170961857,-0.0053232633508741856,
0.022729942575097084,0.008877260610461235,
0.022808989509940147,-0.0066744135692715645,
-0.004685333464294672,-0.018325187265872955,
-0.013814183883368969,0.0018794857896864414,
-0.03694992512464523,-0.013178026303648949,
0.006898417137563229,0.007046671584248543,
0.012820841744542122,-0.0016265433514490724,
-0.0017106083687394857,0.00020975410006940365,
0.009896391071379185,-0.004836694803088903,
-0.028037210926413536,-0.02234817110002041,
0.04783983901143074,-0.03406510874629021,
-0.02518104761838913,0.0029124985449016094,
-0.004050401505082846,-0.020486552268266678,
-0.045168109238147736,0.040559422224760056,
0.0559392087161541,-0.008207789622247219,
-0.00510884914547205,0.011617579497396946,
0.040420979261398315,-0.026661455631256104,
0.005547746550291777,-0.007495310623198748,
-0.00429577985778451,-0.009719793684780598,
-9.039365977514535e-05,-0.04896518588066101,
0.031447313725948334,-0.02782541513442993,
0.009620355442166328,-0.005259745288640261,
0.024122029542922974,-0.005170383956283331,
0.027055911719799042,0.05063917860388756,
0.007877605967223644,0.03356942534446716,
-0.023114368319511414,0.012285361997783184,
-0.002776713576167822,0.008651063777506351,
-0.01197622437030077,0.01454994361847639,
0.0009396150126121938,0.026162516325712204,
-0.0341048464179039,0.011031564325094223,
-0.01651780493557453,0.019523339346051216,
-0.014630163088440895,-0.012061177752912045,
-0.0332706943154335,0.037897270172834396,
0.011782906018197536,-0.021688375622034073,
-0.03427927568554878,0.03517507389187813,
0.01275127287954092,0.04140547662973404,
0.010185817256569862,-0.04003417119383812,
0.006695493124425411,-0.02553609013557434,
0.025357568636536598,-0.00946816336363554,
0.027374980971217155,-0.0189437847584486,
-0.0033647860400378704,0.015106300823390484,
-0.016273029148578644,-0.04041002690792084,
-0.018088750541210175,-0.005237541161477566,
0.03930284455418587,0.008783048018813133,
0.014657916501164436,0.02017086185514927,
-0.018299469724297523,-0.04133470728993416,
0.02404763549566269,-0.012209995649755001,
-0.054910771548748016,-0.003927300218492746,
-0.01589568704366684,-0.018292315304279327,
0.009046949446201324,-0.00642121909186244,
0.017856966704130173,-0.009930958971381187,
0.03984497860074043,-0.029846157878637314,
-0.02437177486717701,-0.00046644682879559696,
0.008654712699353695,0.0030406368896365166,
0.0012425414752215147,0.004062867723405361,
-0.04856967553496361,-0.021898873150348663,
0.03950788080692291,0.020349586382508278,
0.001444210414774716,0.024535158649086952,
0.0037356200627982616,0.002382018370553851,
0.04348151758313179,0.01642560213804245,
-0.046082694083452225,-0.0014448687434196472,
0.00876461248844862,-0.03169124945998192,
0.008791420608758926,-0.0115205654874444,
0.001946628442965448,-0.023176003247499466,
0.008559189736843109,0.007359892595559359,
0.04397737607359886,-0.003637167625129223,
-0.05403874069452286,-0.020165059715509415,
-0.04795757681131363,-0.03685370832681656,
-0.008612959645688534,-0.014890141785144806,
0.01928851567208767,-0.013384990394115448,
-0.02621123567223549,0.025029368698596954,
-0.02205147035419941,-0.019088611006736755,
0.019901776686310768,0.02705169841647148,
-0.012425943277776241,0.016695106402039528,
-0.03362707421183586,0.0113995261490345,
0.0013037867611274123,0.025580650195479393,
-0.010780461132526398,-0.0030620063189417124,
0.03680187836289406,-0.0309394933283329,
0.002926244866102934,-0.019079694524407387,
-0.005026186350733042,-0.040348220616579056,
0.011396233923733234,-0.012208296917378902,
-0.009597104974091053,0.07369846105575562,
0.017439015209674835,-0.009876452386379242,
-0.01426728442311287,0.028053417801856995,
0.000870328105520457,-0.0078035020269453526,
-0.007794584147632122,0.004914681427180767,
-0.014072000980377197,0.02543708123266697,
-0.018523504957556725,-0.004983957391232252,
-0.010181532241404057,-0.011544404551386833,
-0.016006020829081535,0.020654428750276566,
0.007841397076845169,-0.02061876468360424,
-0.024763718247413635,0.013118925504386425,
-0.02659422904253006,-0.026633981615304947,
0.013651051558554173,0.005520481150597334,
-0.00016810843953862786,0.04691300913691521,
-0.014986882917582989,-0.014072392135858536,
0.008101224899291992,0.019439484924077988,
-0.008726385422050953,-0.022870125249028206,
0.004399365279823542,0.007163966540247202,
-0.00392114045098424,-0.00021314479818101972,
-0.03982799872756004,0.04797344282269478,
-0.02258867397904396,0.006694888696074486,
-0.019226625561714172,0.04178451746702194,
0.006418898236006498,0.01039725448936224,
0.0014553619548678398,0.002923779422417283,
0.02722460962831974,0.007604273967444897,
0.015046171844005585,-0.008665371686220169,
-0.036302559077739716,0.002248246455565095,
0.017810126766562462,-0.01992587000131607,
0.02088884264230728,0.018479758873581886,
-0.009002636186778545,0.017334332689642906,
-0.002674353076145053,0.017121534794569016,
0.009014535695314407,0.023225707933306694,
-0.028742048889398575,-0.03818747401237488,
0.00853264331817627,-0.009406335651874542,
-0.03510727733373642,0.021802853792905807,
0.03362087160348892,0.01629200391471386,
-0.013154426589608192,-0.003962184768170118,
0.010557758621871471,-0.01705164648592472,
0.020893186330795288,0.01179303415119648,
0.012303778901696205,-0.028365550562739372,
-0.01053461804986,-0.015737339854240417,
-0.01818349026143551,0.00603141263127327,
0.014732841402292252,0.028612520545721054,
-0.023587338626384735,0.0001418302272213623,
0.029641686007380486,0.0024345763958990574,
-0.013112286105751991,0.0037506434600800276,
0.02075563184916973,0.01144690066576004,
0.005604812875390053,0.014986247755587101,
-0.014740929938852787,-0.015874093398451805,
0.05070411041378975,-0.024919705465435982,
-0.008224467746913433,-0.009807385504245758,
0.01886248216032982,0.007713747210800648,
0.006331054959446192,0.002608469920232892,
0.006009151227772236,-0.007321103475987911,
0.01411164179444313,0.027954768389463425,
-0.01099386066198349,0.033134326338768005,
-0.011025755666196346,0.008124623447656631,
-0.04042144492268562,0.00940905325114727,
-0.03309416398406029,0.020052595064044,
-0.0024306525010615587,-0.027254687622189522,
0.017096955329179764,-0.025851063430309296,
0.022250819951295853,-0.009077658876776695,
0.009318000636994839,0.009099972434341908,
0.006554918363690376,0.00789538025856018,
-0.03681352734565735,-0.010273586958646774,
-0.012048941105604172,-0.011165055446326733,
0.049677908420562744,0.013873288407921791,
0.014837091788649559,0.011646110564470291,
0.009819475002586842,0.0064437235705554485,
-0.011872079223394394,-0.03467279300093651,
0.02653445117175579,-0.017177963629364967,
0.01858299784362316,0.004666777327656746,
0.007399274036288261,0.01751810871064663,
0.004646101500838995,-0.019887130707502365,
0.009953568689525127,0.02014848403632641,
0.0054085105657577515,-0.04091861844062805,
0.01905198022723198,0.00952758640050888,
-0.017184723168611526,-0.0016970846336334944,
-0.009415942244231701,0.016373690217733383,
-0.020118899643421173,-0.02943568304181099,
-0.03320722654461861,-0.008025971241295338,
0.00870013888925314,0.01959448866546154,
0.0051746973767876625,-0.023945562541484833,
-0.00471045495942235,0.009035320952534676,
-0.028731053695082664,0.019828438758850098,
0.04143067076802254,-0.01971616968512535,
-0.004428690765053034,0.012510747648775578,
0.000639581645373255,-0.025542208924889565,
-0.004110615234822035,-0.019412843510508537,
0.03929513320326805,-0.0009307447471655905,
-0.00044647682807408273,-0.012592761777341366,
-0.01113113109022379,0.00875914003700018,
-0.05001591145992279,0.01963159814476967,
-0.05312225967645645,-0.01082155853509903,
-0.00016584039258304983,-0.005786579102277756,
0.010253950953483582,-0.05051562190055847,
-0.03411984443664551,0.010203534737229347,
0.020500537008047104,-0.018136633560061455,
-0.001117565087042749,0.011039718985557556,
0.009662417694926262,0.0030371618922799826,
-0.002350900089368224,0.010890211910009384,
-0.011677323840558529,0.00799789559096098,
0.013242117129266262,-0.022067727521061897,
0.021758198738098145,0.017218559980392456,
-0.0079707782715559,-0.009114550426602364,
-0.0003305051941424608,0.012689363211393356,
0.0033780019730329514,0.017706358805298805,
0.018923455849289894,0.00900306273251772,
0.006825516931712627,0.019173117354512215,
0.0021030879579484463,0.0147844348102808,
0.028805498033761978,-0.0015220696805045009,
-0.0041123852133750916,-0.0019159356597810984,
0.007294468116015196,-0.00860191136598587,
0.03270617499947548,0.022943533957004547,
0.033616188913583755,-0.032456301152706146,
0.03632679954171181,0.016656238585710526,
0.016993146389722824,0.022480353713035583,
-0.04726158455014229,0.03318144753575325,
0.015462414361536503,-0.01663026213645935,
-0.017795350402593613,0.015429390594363213,
-0.02252083830535412,-0.02543066069483757,
-0.031948115676641464,0.02293614111840725,
0.014865818433463573,-0.00697956932708621,
-0.012809168547391891,0.004252095241099596,
-0.010801002383232117,-0.030534792691469193,
0.033116184175014496,0.021741891279816628,
-0.04239972308278084,-0.013567950576543808,
0.019376516342163086,0.019473617896437645,
-0.007632450200617313,-0.02441006898880005,
-0.037269968539476395,-0.005796447396278381,
-0.02954910509288311,0.006044444628059864,
0.003595420392230153,0.032847072929143906,
-0.020280905067920685,0.013200657442212105,
-0.0012426461325958371,0.007703287992626429,
0.0167984738945961,-0.005641138181090355,
-0.011564891785383224,0.0029735469724982977,
0.02352439984679222,0.009553933516144753,
0.016582252457737923,0.014726071618497372,
0.0158921480178833,0.018797781318426132,
0.026848705485463142,-0.001069630146957934,
0.005762504879385233,-0.011538251303136349,
-0.020142661407589912,-0.032778866589069366,
0.02518744394183159,-0.002683264436200261,
-0.0044356053695082664,0.017249085009098053,
0.00764137227088213,0.009650918655097485,
0.00927753560245037,0.010367368347942829,
-0.005880963522940874,-0.01766965351998806,
0.03111390396952629,0.006380985490977764,
-0.02760678343474865,-0.03012358769774437,
0.002451400039717555,0.007299054879695177,
-0.011192793026566505,0.03567727655172348,
-0.006765132769942284,0.01265112217515707,
-0.015477623790502548,0.025554895401000977,
-0.03909922391176224,0.020795783028006554,
0.011070159263908863,0.018931474536657333,
-0.020044079050421715,0.004302314482629299,
0.015552148222923279,0.010187364183366299,
-0.00805573258548975,0.009680679999291897,
0.026555368676781654,-0.006577359512448311,
-0.013471694663167,0.004572391044348478,
-0.02514847368001938,0.02251346781849861,
0.019988413900136948,-0.02820531651377678,
0.00542801758274436,-0.029070204123854637,
0.00645943358540535,-0.002579713938757777,
-0.008469006977975368,-0.011560439132153988,
-0.014324932359158993,0.03174024820327759,
0.045265767723321915,-0.00455560814589262,
-0.005750779528170824,-0.008862423710525036,
0.01236728299409151,0.03295888006687164,
-0.017369350418448448,0.006240096874535084,
0.010287459008395672,0.006290574558079243,
0.004448671825230122,-0.033206772059202194,
-0.006293614394962788,-0.03823153302073479,
-0.0507841557264328,-0.004186450503766537,
0.012928270734846592,-0.009333363734185696,
0.009746401570737362,-0.017451856285333633,
0.002703976584598422,0.007046394981443882,
-0.02787737362086773,0.06749323010444641,
-0.004919849336147308,-0.02659309282898903,
-0.0015551873948425055,0.010441167280077934,
-0.0019179405644536018,0.04107370227575302,
0.028508272022008896,0.008505371399223804,
0.02096465416252613,0.017029831185936928,
0.014854303561151028,0.040030498057603836,
-0.031093737110495567,0.02576322667300701,
-0.016611196100711823,-0.039924606680870056,
0.004185524303466082,-0.04286419600248337,
-0.024131232872605324,0.04012751951813698,
0.0059438422322273254,-0.011714760214090347,
-0.0022857123985886574,-0.032277751713991165,
-0.029004398733377457,0.008883767761290073,
-0.010903199203312397,0.00269674276933074,
-0.01028683502227068,0.02412443608045578,
0.007119463291019201,-0.008851396851241589,
0.046871867030858994,0.00829201377928257,
-0.027864789590239525,0.01892736367881298,
-0.0056876023299992085,-0.02494831755757332,
0.018527042120695114,-0.026388106867671013,
0.024464629590511322,-0.021785451099276543,
0.0018876134417951107,-0.02197607420384884,
-0.004342580214142799,0.010472149588167667,
-0.01724538579583168,0.04201086610555649,
-0.006531259045004845,-0.001384138478897512,
0.037948403507471085,0.028796061873435974,
0.030438993126153946,-0.037516165524721146,
-0.03605649247765541,-0.0319623239338398,
0.044722285121679306,0.03346496447920799,
0.0036206471268087626,0.01683622971177101,
0.017489079385995865,0.017331505194306374,
0.017964234575629234,-0.017183728516101837,
0.06202836334705353,0.005320895463228226,
-0.000650105532258749,0.01765008643269539,
-0.013583647087216377,0.005072352476418018,
0.0018469069618731737,0.0034604929387569427,
-0.009286347776651382,-0.01963333785533905,
-0.013371460139751434,-0.04329228401184082,
-0.04679609462618828,-0.03427418693900108,
-0.0439457967877388,0.003740668296813965,
0.0023916675709187984,0.007577114272862673,
0.00458186212927103,0.012324479408562183,
0.03500508517026901,0.016071919351816177,
-0.0051245251670479774,-0.032425206154584885,
-0.017002396285533905,-0.012906426563858986,
-0.03718133270740509,-0.014179283753037453,
-0.03382904455065727,-0.01560638751834631,
0.02868013083934784,-0.06031329184770584,
0.02819906733930111,-0.02921178750693798,
-0.012044292874634266,0.024282366037368774,
0.010598978959023952,0.01122280303388834,
0.02323441579937935,-0.01061031874269247,
-0.011398091912269592,0.04409480839967728,
0.0020546424202620983,-0.02993648685514927,
-0.008994381874799728,-0.017639555037021637,
-0.0217051412910223,0.03065597638487816,
-0.00014203936734702438,0.02619970589876175,
-0.0036243763752281666,0.03215591982007027,
-0.005253170616924763,0.007466793060302734,
0.0002535908715799451,0.0261735450476408,
-0.02348215878009796,-0.042495377361774445,
0.0030036233365535736,-0.005645541939884424,
0.05158284679055214,0.02420102059841156,
0.02049141936004162,-0.02607416920363903,
0.0024207127280533314,0.0032139779068529606,
0.0006198525661602616,-0.014267990365624428,
0.028457138687372208,-0.005859097931534052,
-0.0013689647894352674,-0.013232450932264328,
0.027410181239247322,-0.011580714024603367,
0.015126097947359085,0.021481793373823166,
-0.016187580302357674,0.02902659960091114,
-0.02167544700205326,-0.010420860722661018,
-4.414635986904614e-05,0.030831288546323776,
0.014764546416699886,-0.007425849791616201,
0.014272266998887062,-0.0098480936139822,
0.04383868724107742,0.006932365708053112,
-0.002580055734142661,0.02210310846567154,
0.013867966830730438,0.01528934109956026,
0.00959205161780119,-0.01657957397401333,
0.004841476678848267,0.0059956940822303295,
0.019918231293559074,-0.02088422328233719,
-0.011674895882606506,0.004380685277283192,
0.001800274127162993,0.015526163391768932,
-0.012064462527632713,-0.013522099703550339,
-0.028600940480828285,0.009386179968714714,
-0.0054558394476771355,0.015734313055872917,
0.011354060843586922,-0.013798968866467476,
-0.01763726770877838,0.013758755289018154,
-0.005118701606988907,0.005253411829471588,
-0.023544035851955414,-0.029283935204148293,
9.9241326097399e-05,-0.00692666694521904,
-0.0034115947782993317,0.0519447848200798,
0.007217992562800646,0.014670089818537235,
-0.02651471644639969,-0.025706589221954346,
-0.0105083417147398,0.04386863484978676,
-0.011029887944459915,0.010699287056922913,
0.0207925196737051,-0.005345525220036507,
0.045467033982276917,0.03479745611548424,
0.05299791693687439,0.029509255662560463,
0.002884804969653487,-0.004116575699299574,
0.008918603882193565,0.0058448719792068005,
-0.0065859961323440075,0.008396958000957966,
0.013612468726933002,0.004453970119357109,
-0.015605839900672436,-0.00024313695030286908,
-0.023323578760027885,0.0058620767667889595,
0.022187232971191406,-0.03639485687017441,
-0.03285422921180725,0.0023220484144985676,
0.012257547117769718,-0.011006920598447323,
-0.038958895951509476,0.014617258682847023,
0.006803681142628193,-0.001314929104410112,
0.01835659146308899,0.006003440357744694,
-0.024535460397601128,0.028023559600114822,
0.015717994421720505,0.007264737505465746,
3.706985808094032e-05,0.01210524421185255,
0.02881075255572796,-0.0029108549933880568,
0.020242439582943916,0.024120941758155823,
-0.02891894429922104,-0.04645099490880966,
-0.017399413511157036,-0.015750227496027946,
-0.03132525086402893,0.0142121696844697,
0.006250682286918163,-0.010560836642980576,
-0.001693058293312788,0.019565384835004807,
-0.006188576575368643,0.031581658869981766,
-0.009334933012723923,-0.009170714765787125,
0.04962825030088425,-0.027257561683654785,
-0.026396486908197403,-0.00517905643209815,
0.008942119777202606,-0.027821283787488937,
-0.035997483879327774,-0.03256954997777939,
-0.016188716515898705,0.0109634418040514,
0.04013554006814957,-0.008885598741471767,
0.032782599329948425,-0.009284011088311672,
0.037904269993305206,0.03192100673913956,
-0.01418285258114338,0.015513850376009941,
0.009592987596988678,-0.003066364675760269,
-0.014271137304604053,0.02003413997590542,
0.05520177632570267,-0.001089168363250792,
-0.00015330887981690466,-0.017126142978668213,
0.003264297964051366,0.0158340223133564,
0.02609850838780403,-0.01559455506503582,
0.030416447669267654,0.04751516506075859,
0.04082325100898743,-0.00531186256557703,
-0.03434894233942032,0.0016936676111072302,
0.009997953660786152,0.02507864497601986,
0.014728105627000332,0.026705913245677948,
0.010125241242349148,-0.005482951179146767,
0.028461173176765442,-0.016156425699591637,
0.007132085505872965,0.025324184447526932,
0.009514637291431427,0.008671514689922333,
-0.0032974861096590757,0.005200831685215235,
0.012560103088617325,-0.035668596625328064,
-0.05674148350954056,0.004033880773931742,
-0.00882650911808014,-0.009786474518477917,
-0.001204442698508501,-0.0058794179931283,
0.020487917587161064,0.0028634534683078527,
-0.030361071228981018,-0.026768924668431282,
-0.0045082420110702515,0.03171109780669212,
0.03409029170870781,0.008177253417670727,
-0.012691091746091843,-0.014840868301689625,
-0.020526094362139702,-0.0008868728764355183,
0.016640815883874893,-0.0019548924174159765,
0.027596501633524895,0.015128077939152718,
0.001349436934106052,-0.01634341850876808,
-0.017329907044768333,-0.017227603122591972,
-0.030572040006518364,0.002619157312437892,
0.021424926817417145,-0.023403946310281754,
-0.013264777138829231,0.007441865745931864,
-0.005784132517874241,0.005798449274152517,
-0.03530493378639221,0.012131642550230026,
0.0319509357213974,-0.05589645728468895,
-0.014324525371193886,-0.017079003155231476,
-0.003455085214227438,0.008458898402750492,
0.017284449189901352,-0.00890696607530117,
-0.02475949004292488,0.02184690348803997,
-0.03178146108984947,0.0008115845848806202,
0.03177254647016525,-0.013888669200241566,
-0.02127997949719429,0.020107876509428024,
0.00791687611490488,-0.00023179234995041043,
-0.009829233400523663,-0.0014448876027017832,
0.009072083979845047,-0.022906403988599777,
0.0019117759075015783,0.03755659610033035,
0.029114434495568275,-0.01648319512605667,
-0.009801031090319157,0.004607962444424629,
-0.014866704121232033,-0.010669346898794174,
-0.0014825431862846017,0.0023520421236753464,
0.004376458469778299,0.0008266651420854032,
-0.007551243994385004,-0.007666099816560745,
-0.03223806619644165,0.042417023330926895,
-0.03010689467191696,-0.00432058097794652,
0.0043556843884289265,-0.0003743031120393425,
-0.012896773405373096,0.0289605762809515,
0.03890642151236534,-0.009489563293755054,
0.003910932224243879,0.0007169346790760756,
0.01783354952931404,-0.0016001395415514708,
-0.014299252070486546,-0.023545101284980774,
-0.02167227491736412,-0.007120576687157154,
0.021992359310388565,-0.0036317743360996246,
0.0006640509236603975,0.029698112979531288,
-0.023767119273543358,-0.04781138524413109,
0.024045921862125397,-0.026602113619446754,
-0.004452146589756012,-0.0028569961432367563,
0.013189212419092655,-0.011723075993359089,
0.0025151227600872517,0.0036603701300919056,
0.014292960055172443,0.016597485169768333,
0.03494727984070778,0.014126145280897617,
0.0077040307223796844,-0.019845562055706978,
0.03745299577713013,0.0076190331019461155,
-0.0076544699259102345,0.00035316470894031227,
-0.001449506264179945,-0.034315988421440125,
0.03722492605447769,0.004608894698321819,
0.011829040944576263,0.002600283594802022,
-0.005111995618790388,0.002209832426160574,
-0.024703919887542725,0.0009036884875968099,
0.043959882110357285,0.0052946642972528934,
0.013223940506577492,-0.006408106070011854,
0.02524406462907791,0.002824683440849185,
0.006816498469561338,-0.02662007324397564,
0.05966736003756523,0.04486032947897911,
0.013682104647159576,0.014791646040976048,
0.049009039998054504,0.013213054277002811,
-0.009744240902364254,0.01631963439285755,
0.03196141496300697,0.024124855175614357,
0.012574435211718082,0.022942280396819115,
0.008602376095950603,0.02244945988059044,
-0.027171839028596878,0.04623115062713623,
0.008446990512311459,-0.033028509467840195,
0.00693647563457489,0.05852118134498596,
0.019941624253988266,0.01263402309268713,
-0.019518407061696053,0.0054054856300354,
0.018182307481765747,0.02942463383078575,
0.003636262146756053,0.029246322810649872,
-0.0047523328103125095,-0.014181056059896946,
0.007341329474002123,-0.013019848614931107,
0.0006002488662488759,0.0054084607400000095,
0.04510905593633652,0.03378031775355339,
-0.042790431529283524,0.017793510109186172,
-0.032558996230363846,0.008569824509322643,
0.008159516379237175,0.007665825542062521,
-0.00133517908398062,-0.008509843610227108,
-0.038155168294906616,-0.017047440633177757,
-0.023387696593999863,-0.001726859132759273,
2.1075873519293964e-05,0.004667886067181826,
-0.028620993718504906,-0.012629739940166473,
0.00988114532083273,-0.009893236681818962,
-0.003800184465944767,-0.029066530987620354,
-0.0030653702560812235,0.019610324874520302,
-0.004014662001281977,-0.008707220666110516,
0.060179077088832855,-0.02600310556590557,
-0.019099431112408638,-0.008363769389688969,
0.0018473274540156126,-0.0005818138015456498,
-0.0082900645211339,0.026540620252490044,
0.006025873124599457,0.012098316103219986,
0.012181015685200691,-0.014946665614843369,
0.009644393809139729,0.028107399120926857,
0.037687867879867554,-0.03407144546508789,
0.04369061440229416,-0.009610177017748356,
0.014961701817810535,0.009335493668913841,
0.006904438603669405,-0.040619608014822006,
0.01834271103143692,-0.023767700418829918,
0.0159577876329422,0.004554085433483124,
-0.00867475476115942,0.0023607683833688498,
-0.055251266807317734,-0.04533100128173828,
0.04003223404288292,-0.003458139020949602,
0.010464450344443321,-0.001205504173412919,
0.027433831244707108,-0.009317265823483467,
0.01945425756275654,-0.033052850514650345,
-0.022018002346158028,-0.012975421734154224,
-0.025074291974306107,-0.009131057187914848,
-0.008562305942177773,-0.03805093094706535,
-0.013947595842182636,0.006793844047933817,
0.011489665135741234,-0.04816722124814987,
-0.008199323900043964,-0.0018942449241876602,
-0.007810972630977631,-0.03567738085985184,
0.019656095653772354,-0.033850058913230896,
0.006810931954532862,-0.01265733316540718,
-0.001586758648045361,-0.02520476095378399,
-0.013469475321471691,-0.00020789334666915238,
0.018332935869693756,0.0019749002531170845,
-0.02870861068367958,0.01596648246049881,
0.018738726153969765,0.0038330252282321453,
0.014016808941960335,0.026433391496539116,
-0.010610946454107761,0.02127915807068348,
-0.04827572777867317,0.020742123946547508,
-0.003732176497578621,0.00523711321875453,
-0.01733829453587532,0.00440802238881588,
0.015462657436728477,-0.0286710262298584,
-0.009158255532383919,0.041575442999601364,
-0.03701023384928703,0.011179395020008087,
0.002814864506945014,0.034356988966464996,
0.03517884761095047,0.01863853819668293,
0.01266416348516941,0.011583072133362293,
0.008605241775512695,-0.0036860774271190166,
0.00423131650313735,-0.004761133808642626,
-0.005027667619287968,0.00632998812943697,
0.016693584620952606,-0.005930858198553324,
-0.00019934368901886046,-0.01730905845761299,
-0.012196158058941364,-0.011052638292312622,
0.026156816631555557,-0.037057746201753616,
0.022370239719748497,-0.015077302232384682,
-0.02458544634282589,-0.027651242911815643,
-0.011335044167935848,-0.02345198206603527,
-0.012795645743608475,0.023176340386271477,
-0.012983554974198341,0.0070329573936760426,
0.021578386425971985,-0.00866663083434105,
-0.014405493624508381,-0.007845702581107616,
-0.06423502415418625,-0.005140436813235283,
-0.015254066325724125,0.028993496671319008,
-0.05020863190293312,0.023199811577796936,
0.01806725189089775,0.014882739633321762,
-0.010075404308736324,0.026218798011541367,
-0.024851199239492416,-0.0013501928187906742,
-0.01696890778839588,-0.025589508935809135,
0.04344942420721054,-0.0492733009159565,
-0.015913967043161392,-0.0064804162830114365,
0.017394721508026123,0.005635358858853579,
-0.00388093083165586,-0.0006153022986836731,
-0.01662261225283146,0.03779444843530655,
0.04287843778729439,0.03209056332707405,
-0.0019243528367951512,0.024229181930422783,
0.025214331224560738,0.03890197351574898,
0.0021117297001183033,-0.04388342797756195,
0.016457924619317055,-0.028272423893213272,
0.020066557452082634,0.022000528872013092,
0.01976698450744152,0.00532798795029521,
0.019244393333792686,0.02580363117158413,
0.017058532685041428,0.013128350488841534,
0.014594723470509052,-0.024179216474294662,
0.011017689481377602,-0.03371479734778404,
-0.026979491114616394,-0.010713491588830948,
-0.006653155200183392,-0.029493950307369232,
0.0032102628611028194,0.007547067478299141,
0.004605291411280632,-0.022968729957938194,
0.0201891977339983,0.016925331205129623,
-0.007583117578178644,0.02056012861430645,
0.0105636827647686,0.024020200595259666,
0.034796327352523804,0.011411498300731182,
-0.005609757732599974,0.018278693780303,
-0.005653216503560543,-0.019605621695518494,
0.015925688669085503,0.0008158216951414943,
0.0011872873874381185,0.008971642702817917,
-0.007071212865412235,0.0025482052005827427,
-0.040210627019405365,0.03082297556102276,
0.014345435425639153,0.0023182309232652187,
0.016014905646443367,0.007361374795436859,
0.008601886220276356,-0.002827160060405731,
-0.007248943205922842,0.024707306176424026,
0.029537836089730263,0.04486138001084328,
0.02342839725315571,-0.009174561128020287,
0.005451975855976343,0.04145577922463417,
-0.004086337983608246,0.0003055569250136614,
-0.012748109176754951,-0.031841930001974106,
-0.016284864395856857,-0.010879079811275005,
-0.019743621349334717,-0.02397651970386505,
0.01898130215704441,0.0010128726717084646,
-0.03245357424020767,-0.006664964370429516,
-0.012773510068655014,0.034996043890714645,
-0.016123490408062935,0.0021068754140287638,
-0.0008233799017034471,0.008729450404644012,
-0.009924614802002907,-0.0156120415776968,
-0.026571793481707573,-0.0022687981836497784,
0.04370087385177612,0.0036335468757897615,
0.002713913330808282,0.014933600090444088,
0.03179996460676193,0.007640218362212181,
-0.01245374046266079,-0.0043306369334459305,
-0.030070697888731956,-0.02522026002407074,
0.03169427812099457,-0.013770027086138725,
-0.026560872793197632,0.04813838750123978,
0.008013417012989521,0.02179175801575184,
-0.017672443762421608,-0.03695004805922508,
-0.042337238788604736,0.03438727557659149,
-0.029184741899371147,-0.010986567474901676,
-0.004870281554758549,-0.0022361823357641697,
0.012141570448875427,-0.01198351476341486,
-0.028931129723787308,0.00576305715367198,
0.030339818447828293,-0.014940996654331684,
0.0196456890553236,-0.02087206393480301,
-0.01005988847464323,0.034242697060108185,
0.017554420977830887,-0.006683186627924442,
-0.011509899981319904,-0.004794485867023468,
0.010008446872234344,0.0320618636906147,
0.00039424721035175025,0.025226274505257607,
0.0015602014027535915,0.018819089978933334,
-0.02398885227739811,-0.022335628047585487,
-0.009182954207062721,-0.006544799078255892,
0.013307398185133934,-0.011873697862029076,
-0.009765530936419964,-0.02467411942780018,
-0.020722199231386185,-0.022067178040742874,
-0.016618236899375916,-0.0053719040006399155,
0.013300564140081406,0.0018523173639550805,
0.05400324612855911,-0.019549475982785225,
-0.012778748758137226,0.008475862443447113,
-0.002581904176622629,0.018292883411049843,
0.02263903245329857,-0.032879650592803955,
0.020625712350010872,-0.03459572419524193,
0.020433515310287476,0.03737398236989975,
0.021701745688915253,0.045186202973127365,
-0.017551515251398087,-0.025234511122107506,
-0.08074213564395905,0.011606576852500439,
-0.012130482122302055,0.016963740810751915,
-0.04289967194199562,0.009393436834216118,
0.021878376603126526,0.023628931492567062,
0.011410849168896675,-0.0113166943192482,
-0.027376234531402588,-0.005914296023547649,
0.007453917060047388,-0.013541018590331078,
0.005273372400552034,0.020731201395392418,
-0.012014210224151611,0.012635634280741215,
-0.025519326329231262,-0.017397448420524597,
0.07500182092189789,0.023666642606258392,
0.03564491495490074,0.0170073714107275,
-0.014163918793201447,0.02636263519525528,
0.0414101779460907,-0.015534305945038795,
-0.014820137061178684,0.012156597338616848,
-0.02706979587674141,0.01786346733570099,
0.00038964059785939753,-0.023080436512827873,
0.02383257821202278,0.0027532202657312155,
-0.010836157016456127,0.008346839807927608,
0.0016200341051444411,-0.01676655001938343,
-0.006578823085874319,-0.04006865993142128,
0.010207364335656166,0.009598690085113049,
0.016985690221190453,0.00035179348196834326,
0.033028047531843185,0.010544166900217533,
-0.027069775387644768,-0.018880343064665794,
0.01965203322470188,0.03598368912935257,
0.03458241745829582,-0.013353975489735603,
-0.022759832441806793,0.001991142285987735,
-0.014058412052690983,0.023232346400618553,
0.009830201976001263,0.04352198541164398,
-0.0004361890896689147,-0.022278692573308945,
-0.004347713198512793,0.013207499869167805,
-0.007295684423297644,-0.0050759101286530495,
0.03441391885280609,-0.016378212720155716,
-0.013012290932238102,-0.03723784536123276,
-0.014301410876214504,0.006776413880288601,
-0.0010623388225212693,0.02614685334265232,
0.019541405141353607,0.0007561235106550157,
-0.02041030116379261,-0.026941511780023575,
-0.00290574855171144,-0.012587092816829681,
0.017921743914484978,-0.0024751892779022455,
0.06575939059257507,0.02157292515039444,
0.00740028778091073,0.006546691060066223,
-0.004487602971494198,0.019148705527186394,
0.009174920618534088,0.033762626349925995,
0.018150171265006065,-0.0013131987070664763,
-0.0066408864222466946,0.005093827378004789,
-0.015162610448896885,0.03839119151234627,
-0.006880973931401968,-0.030014073476195335,
-0.001976251369342208,-0.016559479758143425,
-0.006653164513409138,-0.0021453772205859423,
-0.003210436087101698,0.0003806783934123814,
-0.012086929753422737,-0.013314644806087017,
0.02446763589978218,-0.01777883805334568,
0.03693893924355507,-0.004669918678700924,
0.010750005021691322,0.02542712725698948,
-0.002883268753066659,0.005067469552159309,
0.03187083825469017,-0.0014053421327844262,
-0.04008185863494873,0.03687648847699165,
0.032327115535736084,0.00848458893597126,
0.008480845019221306,0.047570742666721344,
-0.013819627463817596,-0.02009965293109417,
0.009306544438004494,0.0007093026652000844,
-0.0073677897453308105,-0.008559775538742542,
-0.0159256961196661,0.009122256189584732,
-0.05841118469834328,-0.04565190523862839,
0.01703866384923458,-0.017177807167172432,
0.017612427473068237,0.013670179061591625,
0.02301977016031742,-0.024075385183095932,
0.02821267396211624,0.03870801627635956,
0.00479527935385704,0.02471897378563881,
0.0044282423332333565,-0.028258612379431725,
-0.02493847906589508,0.0034012156538665295,
-0.023374618962407112,-0.016320008784532547,
0.026309413835406303,-0.01260589063167572,
0.027111852541565895,0.02793039381504059,
-0.03258240222930908,0.016025474295020103,
0.03296630457043648,-0.019245844334363937,
-0.015818512067198753,0.021307364106178284,
-0.03203771635890007,0.039820969104766846,
-0.06178119406104088,0.0035423673689365387,
-0.03186444565653801,-0.00971201341599226,
1.6562731616431847e-05,0.016167515888810158,
0.019950198009610176,0.009921540506184101,
-0.037970807403326035,0.011159639805555344,
-0.010221906006336212,0.0104605033993721,
0.027878722175955772,-0.007739846594631672,
-0.0170070081949234,-0.018780967220664024,
0.006882664747536182,0.005458660423755646,
-0.007290906272828579,-0.001267079496756196,
0.0283341147005558,0.015205183066427708,
0.0015999152092263103,0.01822766475379467,
-0.02776622399687767,-0.008256183005869389,
0.0118617694824934,-0.05829474329948425,
-0.0017748856917023659,-0.002894048113375902,
-0.0029747835360467434,-0.021604463458061218,
0.011545157060027122,-0.018583739176392555,
0.038593411445617676,-0.00010753836977528408,
-0.0029299461748450994,0.025859463959932327,
0.007930813357234001,0.0012952842516824603,
0.025787480175495148,0.005081417039036751,
0.006863572169095278,0.016036083921790123,
0.003044404787942767,-0.02342907153069973,
0.046182166785001755,-0.02314714901149273,
0.0012571162078529596,-0.00538996234536171,
0.0012874397216364741,0.018220724537968636,
-0.043304309248924255,9.791980119189247e-05,
0.02533899061381817,-0.01141190156340599,
-0.006710533518344164,0.0033810201566666365,
0.03193574398756027,-0.0008720218320377171,
-0.012566965073347092,-0.032186854630708694,
0.01717192493379116,-0.016442054882645607,
-0.007493625860661268,-0.008770310319960117,
0.01049654558300972,0.0035681722220033407,
0.03882048651576042,-0.011481762863695621,
0.003174882847815752,0.04322490096092224,
-0.034483179450035095,-0.03924339637160301,
0.016950173303484917,-0.022612273693084717,
-0.027796614915132523,0.017102161422371864,
-0.003279094584286213,-0.007463429123163223,
-0.012582364492118359,-0.045139722526073456,
-0.01576940342783928,0.0055790613405406475,
-0.017815914005041122,-0.03380652517080307,
-0.02381417527794838,-0.011444737203419209,
0.04191287234425545,-0.020784689113497734,
0.00707195745781064,-0.024700773879885674,
-0.037364162504673004,0.0014734658179804683,
-0.01359904557466507,0.04137076437473297,
-0.012706788256764412,-0.05048394575715065,
-0.011877634562551975,-0.0012458564015105367,
-0.017854025587439537,-0.05353053659200668,
-0.028094522655010223,-0.01492548268288374,
-0.010839412920176983,0.015605008229613304,
0.036432839930057526,-0.022681577131152153,
-0.002401886507868767,0.029790150001645088,
-0.021847717463970184,-0.01860029622912407,
0.002701110439375043,-0.03782346099615097,
0.004243561066687107,0.021346641704440117,
0.024431107565760612,-0.006175744812935591,
-0.05695513263344765,-0.001188003341667354,
0.017525281757116318,-0.022783547639846802,
0.003644041484221816,-0.026671523228287697,
-0.011277338489890099,0.03221757337450981,
-0.005831372458487749,-0.005707566160708666,
0.0036169528029859066,0.0015036421827971935,
-0.03262069448828697,0.014052440412342548,
-0.011146039701998234,0.0013341312296688557,
0.010169601999223232,0.04710948094725609,
0.016587287187576294,-0.0006079705199226737,
-0.007581657264381647,-0.006633753888309002,
-0.020158767700195312,-0.0053837182931602,
0.008234560489654541,-0.00012974278070032597,
0.026199841871857643,-0.01638825424015522,
0.007970122620463371,-0.024905027821660042,
0.026310723274946213,-0.02156706154346466,
0.0394773967564106,0.019357867538928986,
0.017006127163767815,-0.0056772963143885136,
0.04771773889660835,0.017259184271097183,
0.0030174311250448227,0.015946164727211,
0.017456110566854477,-0.020567158237099648,
-0.008768388070166111,0.019860148429870605,
-0.026650432497262955,0.0008565613534301519,
0.011353040114045143,-0.005720872897654772,
-0.00019104231614619493,-0.00825729314237833,
-0.008850526995956898,-0.028638949617743492,
-0.006737124174833298,0.01330493949353695,
-0.04087209701538086,-0.004007420036941767,
0.041180890053510666,0.001607817830517888,
-0.017264235764741898,-0.016185157001018524,
-0.016379505395889282,0.008048053830862045,
0.013484491035342216,-0.0024478049017488956,
-0.03315599262714386,-0.04580416530370712,
-0.025087270885705948,-0.024762887507677078,
-0.004735969938337803,-0.011377448216080666,
0.0279367845505476,-0.018355906009674072,
-0.02097640559077263,0.006136753596365452,
0.0009398714755661786,-0.015480131842195988,
-0.0002857317740563303,0.005650426261126995,
0.004916087258607149,0.02582314796745777,
0.010537897236645222,-0.004331440199166536,
0.007704338524490595,0.02645057998597622,
-0.003030746476724744,0.02766045555472374,
0.004643883090466261,-0.010249922052025795,
-0.020939035341143608,-0.02272324450314045,
-0.007168419659137726,0.00541654834523797,
0.03255580738186836,0.02028120495378971,
-0.021203016862273216,0.02257814258337021,
0.016990961506962776,-0.0418059267103672,
0.0012930925004184246,-0.01591646671295166,
-0.014321956783533096,-0.04632974788546562,
0.0002940237463917583,0.013489916920661926,
0.0255803894251585,-0.007509907707571983,
0.0015267565613612533,0.007600809447467327,
-0.029612908139824867,-0.02026202157139778,
0.00010595932690193877,-0.019024314358830452,
0.009426271542906761,-0.015543745830655098,
0.013450686819851398,0.0440526157617569,
0.0025819402653723955,0.024361131712794304,
-0.00423687556758523,-0.02506001479923725,
-0.011015411466360092,0.030888976529240608,
-0.025823168456554413,0.0024402462877333164,
0.006494144909083843,0.04758088290691376,
2.60173728747759e-05,-0.048463109880685806,
-0.01570306532084942,-0.026203295215964317,
-0.0023507841397076845,-0.011358119547367096,
-0.02850337326526642,-0.015042915008962154,
-0.0317990817129612,-0.012868518009781837,
-0.0036350840236991644,-0.010713285766541958,
-0.027835898101329803,0.0480027049779892,
0.02890681102871895,0.02987462840974331,
-0.0027438602410256863,-0.017046650871634483,
0.028748339042067528,-0.008037738502025604,
-0.008435209281742573,0.020644385367631912,
0.015496431849896908,-0.03981944918632507,
0.037925660610198975,-0.005894408095628023,
0.0006467660423368216,-0.0038840556517243385,
0.015597527846693993,0.019477784633636475,
-0.00396149093285203,-0.022397954016923904,
0.0017802566289901733,0.03453827649354935,
-0.012813829816877842,-0.017839273437857628,
-0.03642567992210388,-0.04103436321020126,
-0.04969709739089012,-0.005799407139420509,
0.049341268837451935,0.020238593220710754,
-0.017479659989476204,-0.012790251523256302,
0.03304073214530945,-0.0235233623534441,
-0.05107272416353226,-0.001327069359831512,
0.02702833153307438,-0.006517806556075811,
-0.012164455838501453,0.006036405451595783,
-0.02330278605222702,0.017858514562249184,
0.02506125345826149,0.00022073922445997596,
-0.044156089425086975,-0.01097104512155056,
-0.007229421753436327,-0.03076261095702648,
0.009111737832427025,-0.012601279653608799,
0.004304675385355949,-0.01010765228420496,
-0.007680607959628105,-0.029836803674697876,
0.03358326852321625,-0.0033421041443943977,
0.006755060516297817,-0.018178319558501244,
0.012845421209931374,-0.02678673155605793,
-0.010051112622022629,0.005810888484120369,
0.009716778993606567,-0.028989827260375023,
0.012448249384760857,0.030152376741170883,
0.024448540061712265,-0.01319650188088417,
0.010448670014739037,0.00509878434240818,
-0.0168388020247221,0.014950198121368885,
-0.013466212898492813,0.06063145026564598,
0.003756058868020773,0.06901197880506516,
-0.026332588866353035,0.03982256352901459,
0.004112047143280506,-0.033883702009916306,
0.024617386981844902,-0.0019100847421213984,
-0.043474603444337845,0.007900997996330261,
-0.023081546649336815,-0.022592490538954735,
0.0010445954976603389,-0.02486991137266159,
-0.0014340620255097747,-0.011956894770264626,
0.024774396792054176,0.004527963697910309,
-0.05178713798522949,-0.0016819959273561835,
-0.03229936212301254,0.00017001110245473683,
-0.006635225843638182,-0.01970713585615158,
-0.043111756443977356,-0.009963501244783401,
0.008629284799098969,0.016044048592448235,
0.015656396746635437,-0.01651042513549328,
0.02210569754242897,-0.02572545036673546,
-0.03465091437101364,0.0059412638656795025,
0.0010118393693119287,0.027173029258847237,
0.039074238389730453,-0.018488353118300438,
-0.007541181519627571,0.003617827547714114,
0.019237816333770752,-0.005868293810635805,
-0.0022343271411955357,0.030103644356131554,
-0.01604829542338848,-0.010229980573058128,
-0.005714906379580498,0.009213375858962536,
0.0035359824541956186,-0.011185850948095322,
0.026592271402478218,-0.009626153856515884,
0.009383001364767551,0.04164586216211319,
0.02521834336221218,-0.011757138185203075,
-0.02452407032251358,-0.021766461431980133,
-0.011615455150604248,0.025015413761138916,
0.009753652848303318,0.022690799087285995,
-0.011194326914846897,0.004346545320004225,
0.005607554689049721,-0.0034299404360353947,
0.002961214166134596,0.012063021771609783,
-0.013226659037172794,-0.010019867680966854,
-0.00664097536355257,-0.011087086983025074,
-0.017369111999869347,-0.003294966882094741,
-0.004758493974804878,0.024881327524781227,
-0.021430641412734985,0.0072767906822264194,
-0.008329283446073532,-0.004040974657982588,
0.020373817533254623,-0.0074326228350400925,
0.044168271124362946,-0.024475814774632454,
0.002688527340069413,-0.023515764623880386,
0.030998099595308304,-0.05775360018014908,
0.04178404062986374,0.00611465098336339,
-0.0008354372112080455,-0.010165613144636154,
0.008574855513870716,0.02703208290040493,
-0.003817974589765072,-0.009233444929122925,
-0.040262240916490555,-0.006311475764960051,
0.011658978648483753,0.005386318080127239,
-0.046351321041584015,0.0038526025600731373,
-0.00913496594876051,-0.02727694809436798,
-0.014196109026670456,-0.017710411921143532,
-0.0032199642155319452,-0.024705983698368073,
0.020008502528071404,0.02202661521732807,
-0.014537821523845196,-0.008494902402162552,
-0.0063661313615739346,0.02094968780875206,
0.020282886922359467,-0.033141303807497025,
0.028901923447847366,-0.013047533109784126,
-0.028219593688845634,-0.027697697281837463,
-0.06856218725442886,0.014324299991130829,
0.04268614947795868,-0.010853534564375877,
-0.0011633686954155564,-0.001498855883255601,
-0.017414607107639313,-0.03833094611763954,
-0.0018473457312211394,0.001147908391430974,
-0.009103556163609028,-0.010469635017216206,
0.024657588452100754,-0.003016704460605979,
0.0010641361586749554,-0.0013748889323323965,
-0.0044393218122422695,0.058812133967876434,
0.007735382299870253,-0.0038073225878179073,
0.03906821087002754,-0.05092643201351166,
-0.021901067346334457,-0.010005610063672066,
0.023545291274785995,-0.002431875327602029,
-0.03173190727829933,-0.025739919394254684,
-0.02443053387105465,0.0054143937304615974,
-0.018664170056581497,-0.023422647267580032,
-0.014108789153397083,-0.0015881211729720235,
0.015965379774570465,-0.01734197326004505,
-0.011843344196677208,-0.011083888821303844,
0.016044747084379196,-0.030056852847337723,
-0.015123821794986725,-0.009456192143261433,
0.003658631816506386,-0.004902394022792578,
-0.0015746353892609477,0.023226216435432434,
0.0027807357255369425,0.005981176160275936,
0.019715094938874245,0.02465464174747467,
-0.005730325821787119,-0.0068082865327596664,
0.0012854310916736722,-0.0006027285708114505,
-0.02000453695654869,-0.004848158918321133,
-0.047869160771369934,-0.055923640727996826,
-0.002025051275268197,0.010776406154036522,
-8.719974721316248e-05,-0.026376090943813324,
0.009711187332868576,0.013669973239302635,
0.03396119549870491,-0.0031632971949875355,
-0.024635549634695053,0.015910258516669273,
0.019003726541996002,0.009204217232763767,
-0.011751438491046429,0.005051587242633104,
-0.004940895829349756,0.006132878828793764,
0.03166056051850319,0.010877522639930248,
0.007723178248852491,-0.014444014057517052,
0.05376635491847992,0.01863885298371315,
0.05139122158288956,-0.002242258982732892,
0.019083961844444275,-0.030235452577471733,
0.01271770242601633,0.030658459290862083,
-0.035897284746170044,0.010170514695346355,
0.025594597682356834,-0.00630577839910984,
0.023428689688444138,-0.003807985922321677,
-0.0475759319961071,-0.037382688373327255,
0.004565530922263861,0.017724337056279182,
-0.005143187940120697,-0.022471822798252106,
-0.034148089587688446,-0.03660465404391289,
0.03065076842904091,0.02861623279750347,
0.02016640082001686,0.008223069831728935,
-0.031467366963624954,0.002280482556670904,
0.03151213750243187,-0.0006632986478507519,
-0.028158772736787796,0.0030868493486195803,
-0.010737220756709576,0.00025662221014499664,
-0.013530421070754528,0.015976935625076294,
0.015615466050803661,-0.01446582842618227,
-0.009690379723906517,-0.02604457549750805,
0.013284221291542053,-0.03111666813492775,
-0.040375061333179474,0.018114589154720306,
-0.012413157150149345,-0.030204130336642265,
0.0018822044366970658,0.0022847538348287344,
-0.0006917178397998214,-0.005989736877381802,
-0.007523878011852503,-0.02370954118669033,
-0.015241887420415878,0.007374327164143324,
0.006207677070051432,-0.008877187967300415,
-0.011930865235626698,0.029307980090379715,
-0.044343821704387665,0.04343909025192261,
0.020789822563529015,-0.00610212329775095,
-0.0299391932785511,0.007716035936027765,
-0.003822167171165347,0.008317402563989162,
-0.04931097850203514,-0.011266320943832397,
0.015911083668470383,-0.003937667701393366,
-0.006483966019004583,-0.03818739578127861,
-0.014688546769320965,0.012786894105374813,
0.018098585307598114,0.024566788226366043,
0.01945505291223526,-0.013671268709003925,
-0.006790455896407366,-0.0005300436750985682,
0.012094317004084587,-0.013662739656865597,
-0.003844236023724079,0.03620803728699684,
-0.0018247311236336827,0.01389978639781475,
0.003016144037246704,-0.015289552509784698,
-0.035255078226327896,0.04816544055938721,
0.01969648338854313,0.015366556122899055,
-0.022882135584950447,-0.023835083469748497,
-0.0053748697973787785,-0.007875816896557808,
0.020129365846514702,0.02630533277988434,
-0.0303877592086792,0.009096912108361721,
0.051743920892477036,-0.009747051633894444,
0.004516270011663437,0.006680040154606104,
0.01837480254471302,-0.004433312453329563,
0.01630289852619171,0.014705781824886799,
0.015981264412403107,0.022282132878899574,
-0.001529476372525096,-0.009203340858221054,
-0.0028245935682207346,-0.010387538932263851,
0.002796148881316185,0.03137199953198433,
0.016441745683550835,-0.0013142186217010021,
0.015500037930905819,-0.0032696970738470554,
-0.043517936021089554,-0.01809162274003029,
0.04919657111167908,-0.03819813206791878,
-0.042785074561834335,-0.009516622871160507,
-0.030617831274867058,-0.04130248725414276,
-0.005220889579504728,0.002204956952482462,
-0.0012213635491207242,0.04354258254170418,
-0.018970657140016556,0.03906896337866783,
-0.05917779728770256,-0.008271778002381325,
0.029637357220053673,0.00013376455171965063,
0.019841041415929794,-0.01953713223338127,
0.005037962459027767,-0.06736113876104355,
-0.04551227390766144,0.026259252801537514,
0.01406354270875454,-0.004745955113321543,
0.021095165982842445,0.03777123615145683,
0.017744068056344986,-0.01777186244726181,
-0.0357670821249485,-0.027478381991386414,
0.001470958930440247,0.005418810062110424,
0.013535957783460617,0.0010419739410281181,
0.017440320923924446,-0.009833799675107002,
-0.010675833560526371,0.018830152228474617,
-0.03481409326195717,-0.00908956304192543,
0.009536049328744411,-0.05138725787401199,
-0.002763117430731654,-0.016750013455748558,
0.012707662768661976,0.029326891526579857,
-0.026197919622063637,0.020073192194104195,
0.010488681495189667,-0.027344385161995888,
-0.012289145961403847,0.01874851994216442,
0.0023421773221343756,0.061497803777456284,
0.01839103177189827,-0.018032390624284744,
-0.03757632151246071,0.00476835947483778,
0.017912965267896652,0.006078772712498903,
-0.03341473639011383,-0.027017764747142792,
-0.013034096919000149,0.02999625913798809,
0.0128595270216465,-0.037265319377183914,
-0.0016952002188190818,-0.00783221423625946,
-0.017071066424250603,-0.011807581409811974,
-0.028109479695558548,-0.038716211915016174,
0.0034215841442346573,0.0009192260331474245,
-0.003861380275338888,-0.011359981261193752,
-0.03394586592912674,-0.019132710993289948,
0.017371729016304016,-0.009488283656537533,
0.01701687090098858,-0.025656167417764664,
0.0028287514578551054,0.011177027598023415,
-0.015318051911890507,-0.005607391707599163,
0.005890295375138521,0.006198943126946688,
0.010715153999626637,0.02218562737107277,
-0.00476031145080924,0.019193558022379875,
0.04497452825307846,0.02266685850918293,
0.007471852004528046,-0.02658100053668022,
-0.023220468312501907,-0.0032865104731172323,
0.003605474717915058,0.02390623465180397,
0.03506527468562126,-0.04089856892824173,
0.00834775622934103,0.0020074888598173857,
0.0016502023208886385,0.012787114828824997,
-0.013534911908209324,-0.009061183780431747,
0.005796037148684263,0.0025015240535140038,
0.0031066599767655134,0.0027286983095109463,
0.002786467084661126,-0.058902278542518616,
-0.009448747150599957,-0.022493185475468636,
0.009548662230372429,0.020503411069512367,
-0.020074395462870598,0.009550785645842552,
-0.013610494323074818,-0.017446231096982956,
-0.041538506746292114,0.005666504614055157,
-0.010493715293705463,-0.004153430461883545,
0.02299553155899048,0.04381715878844261,
-0.018617738038301468,0.04959837347269058,
0.022964423522353172,-0.01712963357567787,
0.007272904273122549,-0.00827986653894186,
0.024897422641515732,-0.0029055634513497353,
0.02815123088657856,0.012194253504276276,
-0.021789254620671272,-0.004880534019321203,
0.013227141462266445,0.030473891645669937,
0.017655933275818825,0.0034996499307453632,
0.0073278555646538734,0.01760023459792137,
-0.009411373175680637,-0.02042170986533165,
0.004288664553314447,-0.0070554292760789394,
-0.009809033945202827,-0.009587341919541359,
-0.029191575944423676,0.012912405654788017,
-0.0056244321167469025,0.001455544144846499,
-0.009354270063340664,0.011481114663183689,
-0.009847071021795273,0.012295208871364594,
-0.010535274632275105,-0.03841569647192955,
-0.02785956859588623,0.017724787816405296,
0.023203374817967415,-0.04080423712730408,
-0.028911449015140533,0.02996232360601425,
0.0019034522119909525,-0.03584909811615944,
-0.025036895647644997,-0.0378442145884037,
-0.011623798869550228,0.006682505365461111,
0.013627673499286175,-0.03012022376060486,
-0.011409703642129898,0.024069003760814667,
0.009944582358002663,0.03246993571519852,
-0.05621085688471794,-0.018851684406399727,
0.011991624720394611,0.019534725695848465,
0.016352662816643715,-0.01841936632990837,
-0.013950995169579983,-0.000579533283598721,
0.011514278128743172,0.0024638555478304625,
-0.006049968767911196,0.015497156418859959,
0.033639535307884216,-0.02237844280898571,
0.01155050192028284,0.026326859369874,
0.014444252476096153,-0.02262391895055771,
0.00952325388789177,0.01465174276381731,
0.045116323977708817,-9.367654456582386e-06,
-0.012444110587239265,0.0029446484986692667,
0.04636520892381668,0.0007765803602524102,
-0.04070185497403145,-0.009706527926027775,
-0.03086060658097267,-0.03837178647518158,
-0.014275575056672096,-0.013103549368679523,
0.06638557463884354,0.019453469663858414,
0.006234293803572655,0.01910211518406868,
0.0005899047246202826,0.00679062120616436,
0.004235074855387211,-0.0058899628929793835,
0.018769264221191406,-0.022953536361455917,
0.014455609023571014,-0.013075407594442368,
0.029892027378082275,-0.04466160759329796,
0.0290708988904953,-0.0067117963917553425,
0.06607016921043396,-0.023357750847935677,
-0.008601773530244827,0.018383176997303963,
-0.040576186031103134,-0.040205445140600204,
-0.008656027726829052,0.014647525735199451,
-0.008576092310249805,0.018537793308496475,
0.007239990867674351,0.01286131888628006,
-0.047854259610176086,-0.016769252717494965,
0.0250529982149601,0.0147852236405015,
0.024430841207504272,-0.004525612574070692,
0.036766666918992996,-0.001972758211195469,
-0.02805083431303501,0.015573895536363125,
0.026980675756931305,0.0009327470324933529,
0.01609029248356819,-0.0295364111661911,
0.02442147769033909,0.013756793923676014,
0.021090155467391014,0.022671809419989586,
-0.02059626393020153,-0.002613468561321497,
-0.008872177451848984,-0.007380880881100893,
-0.009480326436460018,0.0041906447149813175,
-0.010821792297065258,-0.011758807115256786,
0.06567367911338806,0.010342298075556755,
0.029137151315808296,-0.008432292379438877,
-0.019626734778285027,0.030139386653900146,
-0.007642310578376055,0.03548488765954971,
-0.0009665577672421932,-6.588123505935073e-05,
-0.010236396454274654,0.005943331867456436,
0.02972949855029583,0.02341071330010891,
-0.012825597077608109,0.008049927651882172,
0.040127772837877274,-0.013180895708501339,
0.0011971488129347563,0.03159714490175247,
0.019342537969350815,-0.029963728040456772,
0.00541373947635293,0.0440891869366169,
-0.0035521008539944887,0.008599263615906239,
0.0015743841649964452,0.0042779408395290375,
-0.01787792332470417,0.013587720692157745,
-0.035334184765815735,-0.021919041872024536,
-0.012426692061126232,0.019309284165501595,
-0.01140932459384203,0.012354772537946701,
0.031599853187799454,0.010977616533637047,
0.01645328849554062,0.02093115635216236,
0.020161660388112068,-0.0054215737618505955,
0.04196552559733391,0.0077762966975569725,
0.013037464581429958,0.03268231078982353,
-0.017643507570028305,0.026197724044322968,
-0.009946834295988083,0.02023351565003395,
0.023091493174433708,0.01176090445369482,
-0.005863874685019255,0.003799963975325227,
0.0028827330097556114,-0.0003398106782697141,
0.01572100631892681,0.016664674505591393,
0.007533109746873379,-0.05598423257470131,
0.0005226798239164054,-0.01550379954278469,
-0.021967696025967598,0.00627825316041708,
0.019995445385575294,-0.05494750291109085,
-0.004680650308728218,0.010857010260224342,
-0.02177182026207447,0.0020771934650838375,
0.011824154295027256,0.007884334772825241,
-0.0017519835382699966,0.006798019632697105,
-0.0010902845533564687,0.013834139332175255,
-0.007503023371100426,0.027758093550801277,
0.01563914306461811,-0.036462318152189255,
-0.007532637566328049,0.028491806238889694,
-0.015656795352697372,-0.00022273889044299722,
0.025790005922317505,0.006718086544424295,
0.012294117361307144,-0.006615199148654938,
0.005245100241154432,0.005097637418657541,
0.030269823968410492,-0.01694713532924652,
0.0026507126167416573,-0.0005276263691484928,
0.05785771831870079,-0.03170553967356682,
-0.009008236229419708,-0.007079868111759424,
0.0016239786054939032,-0.039645541459321976,
0.0007914462476037443,-0.013152873143553734,
0.029199590906500816,0.01848670281469822,
0.0005946530727669597,-0.02511662431061268,
-2.969078650494339e-06,0.0017300479812547565,
-0.03427581861615181,0.03318726643919945,
-0.0005270305555313826,-0.02121911197900772,
-0.003118014195933938,-0.016241172328591347,
-0.007832459174096584,-0.00031312817009165883,
-0.0002743671357166022,-0.014303110539913177,
-0.016026942059397697,-0.011921616271138191,
0.02697247825562954,-0.007769041229039431,
0.05378631502389908,-0.05297190696001053,
0.018235517665743828,-0.045830193907022476,
0.012628932483494282,0.023440532386302948,
-0.07437266409397125,-0.01130797527730465,
-0.04279373213648796,0.010166174732148647,
0.016176363453269005,-0.01801239512860775,
-0.012044519186019897,-0.010301852598786354,
-0.02060358226299286,-0.04038505256175995,
-0.030881274491548538,-0.015458463691174984,
0.008624231442809105,0.022342732176184654,
0.047507915645837784,-0.018806511536240578,
-0.00726133631542325,-0.03975426405668259,
0.023351680487394333,0.04240621253848076,
-0.005850388202816248,0.027310356497764587,
-0.001253022812306881,-0.03274385258555412,
0.03753208369016647,0.028823712840676308,
0.028989357873797417,-0.03262566775083542,
0.010435677133500576,-0.008441074751317501,
0.017494874075055122,-0.0012528656516224146,
0.028023602440953255,-0.008562828414142132,
-0.0035248652566224337,-0.01900055818259716,
-0.004284869413822889,0.0018244305392727256,
-0.0036885985173285007,-0.02352968230843544,
0.005202695727348328,-0.02998168207705021,
0.0032303519546985626,0.005906673148274422,
-0.01808832958340645,0.0030029481276869774,
-0.0035874955356121063,-0.03266653046011925,
-0.023713858798146248,0.02593195252120495,
-0.014416363090276718,0.007319864816963673,
-0.0033664691727608442,0.021981224417686462,
-0.00024916353868320584,-0.025477150455117226,
0.015649326145648956,-0.02334347739815712,
-0.0011844803811982274,0.0011800515931099653,
-0.0451311431825161,0.026049388572573662,
0.015290303155779839,0.025425175204873085,
-0.020521443337202072,0.028527965769171715,
0.031122863292694092,-0.018160708248615265,
0.012108740396797657,-0.01880621910095215,
0.012737330980598927,0.00706476392224431,
0.005876918788999319,0.01978139579296112,
-0.0003635565808508545,0.019611217081546783,
-0.03478839993476868,0.005878965836018324,
-0.00443037785589695,0.02127760276198387,
-0.006000544875860214,0.0023738101590424776,
0.007156320847570896,-0.01578880473971367,
0.004723777063190937,0.030328160151839256,
0.019287653267383575,-0.0007508951821364462,
-0.006158708594739437,0.03709948807954788,
0.021483123302459717,0.03593464568257332,
0.0012185022933408618,-0.001277186325751245,
-0.014981336891651154,-0.0009388674516230822,
-0.015332253649830818,0.031583428382873535,
-0.016260232776403427,0.013613110408186913,
-0.020482420921325684,-0.01525878719985485,
-0.010192290879786015,0.008408893831074238,
0.010564631782472134,0.016285128891468048,
-0.005881044082343578,-0.005793935153633356,
0.010549972765147686,-0.024498499929904938,
0.03966016694903374,-0.002262983936816454,
-0.00466496916487813,-0.018169280141592026,
-0.02520204521715641,-0.008362643420696259,
-0.011169631034135818,-0.021375825628638268,
-0.00446716696023941,0.01740604266524315,
0.017634518444538116,0.01260251086205244,
0.020059363916516304,-0.011266691610217094,
0.0446845106780529,0.023663228377699852,
0.001373765175230801,0.01419853512197733,
-0.0026781405322253704,-0.01777176558971405,
0.03535984456539154,-0.04798855260014534,
0.011206796392798424,-0.01496458612382412,
0.0263784471899271,0.0037501915358006954,
0.012005324475467205,0.009986053220927715,
0.007586844265460968,0.015964504331350327,
-0.0030155200511217117,0.015574469231069088,
-0.032201699912548065,-0.007970702834427357,
-0.03921043127775192,-0.027816656976938248,
-0.028839170932769775,-0.005217100027948618,
-0.011758006177842617,-0.01094729732722044,
0.007485515438020229,-0.003886011429131031,
0.03782140091061592,-0.011685908772051334,
-0.018622105941176414,-0.0093716811388731,
-0.033195555210113525,0.0035410020500421524,
0.016703147441148758,-0.013270469382405281,
-0.03022836148738861,0.02890145778656006,
0.005692910403013229,0.003661792492493987,
-0.011612134985625744,-0.03482694551348686,
0.007974142208695412,-0.01514297816902399,
-0.014200683683156967,-0.011000637896358967,
-0.008872578851878643,-0.0081676309928298,
-0.0001470333809265867,0.0013390772510319948,
0.012300439178943634,0.011166386306285858,
0.0019238091772422194,0.010676121339201927,
0.01238971296697855,0.0085737444460392,
-0.0141356335952878,-0.006632760167121887,
-0.017529910430312157,-0.047144077718257904,
0.010992431081831455,0.017031237483024597,
0.001580190029926598,-0.013966824859380722,
0.02007446251809597,0.0144156189635396,
0.006454682443290949,0.004551575519144535,
-0.027445537969470024,-0.00026933226035907865,
-0.003990791272372007,0.008453859016299248,
-0.006484510377049446,-0.02526533603668213,
0.01391579583287239,-0.00236265966668725,
0.041219599545001984,-0.025218460708856583,
-0.008806336671113968,-0.036402471363544464,
0.028429998084902763,-0.009900529868900776,
-0.0025437131989747286,0.005937926936894655,
0.03630094230175018,-0.008804363198578358,
-0.021553531289100647,-0.008868696168065071,
0.002223593182861805,-0.0015860506100580096,
-0.02635965496301651,0.04835972934961319,
0.019262801855802536,0.028669239953160286,
-0.007983586750924587,-0.017788907513022423,
-0.015663573518395424,-0.052863094955682755,
-0.0290591511875391,0.019070839509367943,
-0.03257919102907181,0.010437005199491978,
-0.02019294537603855,-0.0026284726336598396,
0.015865441411733627,-0.0070784431882202625,
0.003586679231375456,0.03479832783341408,
0.025259345769882202,0.003508430439978838,
0.01889616623520851,-0.0018426182214170694,
0.005419939290732145,-0.0008646410424262285,
-0.010160761885344982,0.004502336960285902,
0.013265924528241158,-0.012916176579892635,
0.0046437401324510574,0.028476420789957047,
0.02172686718404293,-0.04477353021502495,
-0.021190430968999863,0.010164662264287472,
-0.01784929633140564,-0.006517286878079176,
0.0141490763053298,0.013504216447472572,
-0.013421746902167797,0.045795779675245285,
5.425895142252557e-05,-0.027886496856808662,
-0.01781977340579033,0.028971616178750992,
-0.01892215386033058,0.013435649685561657,
-0.02897043712437153,-0.006385322660207748,
-0.016553455963730812,0.012805639766156673,
0.005164812784641981,0.031525712460279465,
-0.01817239634692669,-0.010483436286449432,
-0.015701455995440483,-0.03186098486185074,
0.00519546726718545,-0.019479531794786453,
0.0011788158444687724,-0.045466240495443344,
-0.006237068213522434,0.02443820610642433,
0.02178528532385826,0.005838105455040932,
-0.017399316653609276,-0.047063715755939484,
-0.03527560085058212,-0.0008942472632043064,
0.012294236570596695,-0.02352938987314701,
0.041247379034757614,0.0034950997214764357,
-0.06540072709321976,-0.03644149750471115,
-0.02503948099911213,0.015520909801125526,
-0.020609762519598007,0.0025772848166525364,
-0.0373363234102726,-0.003535012947395444,
-0.014563562348484993,0.0141380550339818,
0.043101247400045395,-0.012357506901025772,
-0.03246338292956352,0.0036774936597794294,
-0.02608621120452881,-0.006285110488533974,
0.01625913567841053,-0.011563505046069622,
0.002631392562761903,-0.005144111812114716,
0.00947527214884758,-0.02668735943734646,
0.023610813543200493,0.0037112473510205746,
0.008527310565114021,0.010861242190003395,
0.005262987222522497,0.019414721056818962,
0.007566662505269051,-0.030296921730041504,
-0.001479353872127831,0.030234407633543015,
-0.032242320477962494,-0.04329908639192581,
0.006068105809390545,0.030983485281467438,
0.005846976302564144,-0.002021102700382471,
-0.013662748970091343,0.015908686444163322,
-0.016371117904782295,-0.007902683690190315,
-0.02369724214076996,-0.0028363987803459167,
0.014050683006644249,-0.033045411109924316,
0.016386546194553375,0.003656506771221757,
0.022275859490036964,-0.030370717868208885,
0.02160041220486164,-0.018523382022976875,
0.004104491323232651,0.001496566110290587,
-0.025292694568634033,0.0018732781754806638,
0.01071053184568882,-0.011617300100624561,
0.016524069011211395,-0.012844759039580822,
0.035363245755434036,0.03174331411719322,
0.03567982465028763,-0.008790991269052029,
-0.007770107127726078,-0.012580121867358685,
-0.020394986495375633,0.002860020147636533,
-0.00646993750706315,0.011297443881630898,
0.005615008994936943,-0.04249681159853935,
-0.008061453700065613,-0.05115247517824173,
-0.00994320772588253,0.0026637616101652384,
-0.01598244719207287,-0.006616408936679363,
0.040147267282009125,0.014548394829034805,
-0.014145518653094769,-0.031465936452150345,
-0.024296173825860023,-0.028085295110940933,
-0.025033744052052498,-0.01198684424161911,
-0.016405344009399414,-0.014396987855434418,
0.007519800215959549,0.0038254745304584503,
-0.0037670989986509085,0.030405040830373764,
0.007611007429659367,-0.002741784555837512,
-0.018070580437779427,-0.04837215691804886,
-0.01323133148252964,0.02541850134730339,
-0.006913451477885246,-0.017394226044416428,
0.0030895015224814415,0.013617249205708504,
-0.016670837998390198,0.027442246675491333,
0.04130614548921585,-0.01866626739501953,
-0.03162788227200508,-0.006409756373614073,
0.012160652317106724,0.010699903592467308,
-0.011741981841623783,-0.021502356976270676,
-0.01763719879090786,-0.01565435342490673,
-0.00438802782446146,0.008343936875462532,
0.007080816198140383,-0.007211985532194376,
-0.005744369700551033,-0.00746130058541894,
-0.005746166687458754,0.02695528231561184,
-0.020605191588401794,-0.01398568693548441,
0.0058253007009625435,-0.015381925739347935,
-0.03575064241886139,-0.017705509439110756,
-0.03476506844162941,0.015671417117118835,
0.00036658518365584314,0.0026023914106190205,
0.01107572577893734,0.0238588098436594,
0.005737790837883949,-0.02820611372590065,
-0.0009856452234089375,0.025593789294362068,
0.0069539728574454784,-0.011461113579571247,
-0.008006866089999676,0.0651346892118454,
0.005146523471921682,-0.007262366358190775,
-0.007373522501438856,-0.03913871571421623,
-0.001827584463171661,0.009103026241064072,
-0.011060019955039024,0.0216322373598814,
-0.0011804241221398115,0.008270440623164177,
-0.007279334124177694,-0.021604303270578384,
-0.022270655259490013,0.0022450508549809456,
0.022155538201332092,-0.0005211289972066879,
-0.010733265429735184,0.03423501178622246,
0.0013697817921638489,0.005047637969255447,
0.007051456719636917,0.02584519237279892,
0.007998397573828697,0.020577527582645416,
0.016001058742403984,-0.01412767730653286,
-0.011520740576088428,-0.015089406631886959,
0.05134184658527374,-0.05911894142627716,
0.020467327907681465,0.059668995440006256,
-0.04153740033507347,0.0044995578937232494,
0.015209025703370571,-0.014247925952076912,
-0.017785411328077316,-0.010214417241513729,
-0.01863258332014084,-0.0052459524013102055,
-0.01539431419223547,-0.026651915162801743,
-0.016804352402687073,0.008524211123585701,
-0.0037183668464422226,-0.004340638872236013,
0.01389492116868496,-0.014083249494433403,
-0.03136832267045975,0.035042934119701385,
0.005330543965101242,0.02996385283768177,
0.011594275012612343,0.0289829783141613,
0.0025340234860777855,0.029289523139595985,
0.018170401453971863,0.017738498747348785,
0.005301767028868198,0.008993606083095074,
-0.012086094357073307,-0.016727803274989128,
-0.004883402492851019,-0.009520726278424263,
0.025123311206698418,-0.019193748012185097,
-0.048212744295597076,0.016345588490366936,
-0.024229886010289192,-0.0017450667219236493,
0.02583031728863716,-0.009431445971131325,
-0.0003214052994735539,0.016409674659371376,
0.020877839997410774,-0.013086564838886261,
-0.035924024879932404,0.0038210295606404543,
0.00012007171608274803,-0.013512765057384968,
0.03881331905722618,0.009968636557459831,
0.040970511734485626,0.050452280789613724,
0.020998384803533554,-0.04478360339999199,
0.00064263422973454,0.029927005991339684,
0.022565806284546852,-0.05240468308329582,
-0.034101951867341995,-0.010921584442257881,
-0.0226468313485384,0.024915380403399467,
-0.023823566734790802,0.00841301679611206,
-0.013658704236149788,0.022317582741379738,
-0.0027720232028514147,-0.06176144257187843,
-0.0024301684461534023,0.00546382088214159,
0.015990888699889183,0.008552650921046734,
-0.00651372829452157,-0.004782248288393021,
0.010072371922433376,0.0034095828887075186,
0.010683202184736729,0.0031730353366583586,
0.02121061645448208,-0.004083961248397827,
0.011287175118923187,0.001677731517702341,
0.01222953200340271,-0.0006912116659805179,
-0.00013565237168222666,-0.024264976382255554,
-0.05960709601640701,-0.009198129177093506,
0.008807203732430935,0.013310854323208332,
-0.0007884326623752713,-0.0012024332536384463,
0.026693403720855713,-0.02948138862848282,
0.0019885082729160786,-0.009120906703174114,
0.03346764296293259,-0.008729321882128716,
-0.0020605754107236862,-0.016372742131352425,
0.0032138328533619642,0.01091824285686016,
0.033828508108854294,0.05866844207048416,
-0.013885397464036942,-0.023601112887263298,
-0.004187721759080887,-0.017591986805200577,
-0.019031688570976257,0.01914033107459545,
-0.014197882264852524,-0.022472143173217773,
0.0252542681992054,0.011986659839749336,
0.009426414966583252,-0.028885718435049057,
0.029406679794192314,-0.031192149966955185,
-0.01260918565094471,-0.008078639395534992,
-0.01831158623099327,0.019697515293955803,
0.02723797969520092,-0.0019321981817483902,
0.0069701350294053555,0.011401563882827759,
-0.012244818732142448,-0.020386889576911926,
-0.007014214526861906,-0.01507417019456625,
0.008438517339527607,0.008446157909929752,
-0.00574038689956069,-0.003682197304442525,
-0.01570861041545868,-0.0065357135608792305,
-0.008168088272213936,0.056871332228183746,
0.010937941260635853,-0.009582139551639557,
-0.011265408247709274,-0.023302489891648293,
0.009234219789505005,0.04186993092298508,
0.033900000154972076,-0.01155799999833107,
-0.0036574446130543947,-0.0024812864139676094,
-0.020526595413684845,0.040752533823251724,
-0.01431995164602995,-0.01590966247022152,
0.007364395074546337,-0.032024774700403214,
0.015794890001416206,0.00011582380830077454,
0.032300952821969986,0.005450790748000145,
0.01702788844704628,-0.032165758311748505,
0.024526137858629227,0.0029562825802713633,
-0.011223269626498222,-0.01026484090834856,
-0.028383782133460045,8.321840141434222e-05,
-0.00342536810785532,-0.007690298371016979,
-0.02394464984536171,0.004727999214082956,
0.004170706495642662,-0.0011174117680639029,
0.014540151692926884,0.01889563538134098,
0.011751449666917324,-0.0162489153444767,
-0.0074773491360247135,-0.025230130180716515,
0.0065190596505999565,0.025073420256376266,
-0.05600737780332565,-0.024952959269285202,
0.007536156103014946,0.06142941117286682,
0.00953048188239336,0.0454590730369091,
0.009155679494142532,-0.04939604923129082,
0.014300387352705002,0.06026524677872658,
-0.009452146477997303,-0.005928726401180029,
0.0016870512627065182,0.025970550253987312,
0.0010547955753281713,-0.00843412522226572,
0.03510778769850731,-0.03214643523097038,
-0.005345527548342943,0.036442194133996964,
0.0336921252310276,-0.038008641451597214,
0.022490082308650017,-0.021222734823822975,
0.012099687941372395,0.022213898599147797,
-0.008978266268968582,0.006619861349463463,
0.01514237467199564,-0.03205539286136627,
0.04213787615299225,0.036322399973869324,
0.016715358942747116,-0.013077344745397568,
-0.029921501874923706,0.02063741348683834,
-0.01461444329470396,-0.03083004243671894,
-0.021594738587737083,0.015626003965735435,
0.005938625894486904,-0.04898018389940262,
0.019358526915311813,0.029161833226680756,
0.021176790818572044,0.012316758744418621,
-0.012856162153184414,0.01845923438668251,
0.010094957426190376,0.031212594360113144,
0.0020133773796260357,-0.02605796605348587,
0.02811521664261818,0.021822107955813408,
-0.03238911181688309,-0.03395067900419235,
-0.02204480953514576,0.029835015535354614,
-0.025904037058353424,-0.023526396602392197,
0.054791130125522614,-0.006373084615916014,
0.023001862689852715,-0.010883908718824387,
-0.03028140589594841,-0.03931237757205963,
-0.026734549552202225,0.03460035100579262,
0.022198963910341263,-0.0331583172082901,
0.021511202678084373,0.008084944449365139,
0.01648765243589878,0.003051657695323229,
-0.03958252817392349,0.027859719470143318,
0.003102389629930258,0.01337461732327938,
-0.013013673946261406,0.009449195116758347,
0.010583372786641121,0.009329899214208126,
0.012564086355268955,0.014307443052530289,
0.012451674789190292,0.014703301712870598,
-0.011326410807669163,0.011066104285418987,
-0.018180865794420242,-0.0060234107077121735,
0.01373752299696207,-0.04096953198313713,
-0.031665802001953125,-0.030057182535529137,
-0.012965216301381588,0.011289656162261963,
0.041842538863420486,-0.0013932522851973772,
0.012052633799612522,0.045538440346717834,
0.020344197750091553,-0.03829031437635422,
0.01307328138500452,0.012126664631068707,
0.020615601912140846,-0.02283524163067341,
0.003424198366701603,-0.012482247315347195,
-0.004520460497587919,-0.012154785916209221,
0.04083814099431038,0.009386632591485977,
-0.015458013862371445,0.0472983717918396,
-0.010553916916251183,-0.02954004891216755,
0.007676984649151564,-0.034064337611198425,
0.011251643300056458,0.02967868559062481,
-0.010493170469999313,0.044314973056316376,
-0.018839102238416672,-0.022093674167990685,
-0.0030684133525937796,0.0380997471511364,
-0.06454593688249588,0.0048806625418365,
0.013531357049942017,-0.009685615077614784,
-0.005195751786231995,-0.03533449396491051,
0.006335095502436161,-0.02579871006309986,
0.03278672322630882,-0.04478121176362038,
0.030638203024864197,-0.043769605457782745,
-0.00736612593755126,1.9453244021860883e-05,
-0.0020527932792901993,0.004302724730223417,
0.041497062891721725,-0.002937709679827094,
-0.018626229837536812,-0.033327553421258926,
0.0006357140373438597,0.004254179075360298,
0.007778767962008715,0.0133065739646554,
0.004190459381788969,0.03865521028637886,
0.03145457059144974,-0.002998870797455311,
-0.017983581870794296,-0.04018112272024155,
0.030284954234957695,0.01169847883284092,
-0.007773749530315399,0.008054395206272602,
0.0005882064579054713,0.01790887862443924,
-0.010435818694531918,-0.02121811732649803,
0.021484874188899994,0.01892184279859066,
-0.0032078875228762627,0.016068166121840477,
0.02401549741625786,-0.024250637739896774,
0.020537154749035835,-0.04235725477337837,
-0.014074364677071571,-0.011823108419775963,
-0.0469016507267952,0.020485922694206238,
-0.028997905552387238,-0.023333074524998665,
0.00250403699465096,0.00360211287625134,
-0.017818380147218704,0.03296799585223198,
-0.026626329869031906,0.00033612281549721956,
-0.009016022086143494,-0.019855359569191933,
-0.0013075941242277622,-0.002369740279391408,
-0.008787188678979874,-0.019579295068979263,
0.005338315386325121,-0.011410272680222988,
-0.01567097380757332,0.017439857125282288,
-0.009391658939421177,0.00666049774736166,
0.024994581937789917,-0.01795092411339283,
-0.004810301586985588,-0.03498047590255737,
-0.014427367597818375,0.02351304702460766,
-0.006207313388586044,-0.01039337832480669,
-0.0046051302924752235,0.003388299373909831,
-0.04805867373943329,0.004865249618887901,
0.005931546445935965,0.003706885501742363,
0.042213305830955505,-0.0016130311414599419,
-0.03248322755098343,-0.025951091200113297,
-0.02177472971379757,-0.0067587061785161495,
-0.0270560160279274,0.016227692365646362,
0.0014656077837571502,-0.0074239750392735004,
-0.003964687697589397,0.011054486967623234,
-0.0054869502782821655,-0.013794097118079662,
-0.00812982115894556,0.0038115340285003185,
0.0024820405524224043,-0.024540750309824944,
0.017670972272753716,0.017535725608468056,
0.03851314261555672,0.02457323484122753,
0.024577884003520012,-0.020525548607110977,
-0.01024720910936594,-0.004195254296064377,
0.009565683081746101,-0.018873680382966995,
0.01244539488106966,3.8186233723536134e-05,
0.00745577085763216,0.006404123269021511,
-0.024121426045894623,0.032797664403915405,
-0.017569296061992645,0.041591987013816833,
-0.03262660652399063,0.04643373191356659,
0.0106036476790905,0.021819597110152245,
0.005751489195972681,0.009455681778490543,
-0.023419927805662155,-0.007428357377648354,
0.01097893062978983,-0.028648780658841133,
0.008225193247199059,0.034843385219573975,
-0.006090033333748579,0.011680172756314278,
-0.005609759129583836,0.016991641372442245,
-0.029644746333360672,0.0133798997849226,
0.02264958620071411,-0.014872494153678417,
-0.03169689700007439,-0.011706766672432423,
-0.010121479630470276,0.010576830245554447,
0.0020679670851677656,0.028361400589346886,
0.008266227319836617,-0.0024963789619505405,
-0.012068009935319424,-0.03970572352409363,
0.006048598326742649,-0.013628432527184486,
-0.005132990423589945,0.03052639588713646,
-0.03273424878716469,-0.02587238699197769,
0.027189215645194054,-0.008051206357777119,
0.0006556524895131588,0.045685674995183945,
-0.02265193685889244,-0.02075391262769699,
0.023807428777217865,-0.013554529286921024,
-0.03249670937657356,0.016208499670028687,
0.0032531609758734703,0.010485737584531307,
0.003911897540092468,-0.04421752318739891,
-0.03124132752418518,-0.03833721950650215,
0.025857772678136826,-0.021420955657958984,
0.023825233802199364,-0.025743205100297928,
0.027365945279598236,-7.184017158579081e-05,
0.0072290292009711266,-0.02484261989593506,
0.03150913864374161,-0.05364396050572395,
-0.029471397399902344,0.030754664912819862,
0.027250565588474274,-0.00518786022439599,
0.032418008893728256,-0.02444376051425934,
-0.002182180294767022,0.042350489646196365,
-0.0044670444913208485,0.019797615706920624,
-0.021918946877121925,-0.028981197625398636,
-0.007622699253261089,-0.015706568956375122,
-0.012545138597488403,-0.005966285243630409,
0.04860183596611023,-0.006383418571203947,
0.029628323391079903,-0.00915190763771534,
0.007041728589683771,0.016243984922766685,
0.03659703955054283,0.00878171157091856,
0.014321627095341682,0.003872997360303998,
-0.008762646466493607,-0.03565456345677376,
0.008631441742181778,-0.03426835685968399,
0.03217092528939247,-0.0038607430178672075,
-0.05110743269324303,0.026764465495944023,
0.0019184158882126212,0.015628118067979813,
-0.03569278120994568,-0.03179425001144409,
-0.008776180446147919,0.009489313699305058,
-0.0032969375606626272,-0.0003480942395981401,
0.02123495377600193,-0.012104358524084091,
0.006158714648336172,0.003153204917907715,
-0.04128795489668846,0.03246835619211197,
0.006805387791246176,-0.03261458873748779,
0.013102518394589424,-0.014622447080910206,
-0.039038144052028656,0.001395195024088025,
-0.018526453524827957,0.02883308194577694,
0.01740575209259987,-0.04371018335223198,
0.01661001145839691,0.02574518881738186,
0.010002629831433296,-0.012848559767007828,
-0.0014208320062607527,-0.007667881902307272,
0.033148832619190216,-0.0068693608045578,
0.01259701419621706,0.012077254243195057,
-0.035592492669820786,-0.0028079382609575987,
0.012118062004446983,0.010875849053263664,
0.021431801840662956,0.012850825674831867,
-0.0017760477494448423,-0.007802675478160381,
0.019483264535665512,0.0067152236588299274,
-0.013788701966404915,0.008788789622485638,
-0.0005060260882601142,-0.011831045150756836,
-0.0024143680930137634,0.005923653952777386,
-0.026354609057307243,0.011960707604885101,
-0.003032960696145892,-0.02259465679526329,
-0.011522669345140457,-0.0170983225107193,
-0.0024591160472482443,-0.009772151708602905,
0.007342476863414049,-0.000653361901640892,
-0.0059655774384737015,0.022482603788375854,
0.01960180327296257,-0.021027008071541786,
-0.00348156807012856,-0.012346657924354076,
0.042079824954271317,-0.05789372697472572,
0.0210122000426054,0.03816480189561844,
0.00577212730422616,-0.01066497340798378,
-0.01634986139833927,-0.03379741683602333,
0.022425195202231407,0.015727590769529343,
-0.040958698838949203,-0.030879024416208267,
0.022293398156762123,-0.028970712795853615,
0.001934599131345749,-0.025801347568631172,
0.026284966617822647,0.021054640412330627,
0.023155659437179565,0.007579125929623842,
0.0017547529423609376,-0.0007129429141059518,
-0.012745424173772335,-0.003908488433808088,
0.0014347538817673922,0.016476353630423546,
0.032113950699567795,0.02153637446463108,
-0.01251527201384306,-0.014058101922273636,
0.019735243171453476,0.0035519665107131004,
-0.029572583734989166,-0.04128769412636757,
-0.010765695944428444,0.0299841295927763,
-0.015617219731211662,-0.05465547740459442,
0.0328487753868103,0.003068231977522373,
-0.006945144385099411,-0.005609054584056139,
0.004442695528268814,0.02089686132967472,
-0.01548796147108078,0.003581669181585312,
-0.018506087362766266,-0.007380870636552572,
-0.020490391179919243,-0.0016761964652687311,
-0.03634312003850937,0.016698449850082397,
0.0011221545282751322,-0.016544286161661148,
-0.015847228467464447,-0.03555874153971672,
0.038254767656326294,-0.03460073471069336,
0.020937759429216385,0.016744818538427353,
0.05259840190410614,0.04715174809098244,
-0.0015804975992068648,-0.03488512709736824,
0.023583421483635902,0.04882602393627167,
0.022247985005378723,0.025004742667078972,
0.004113197326660156,-0.011730026453733444,
0.04218929633498192,-0.015367968007922173,
0.005940531846135855,-0.021184545010328293,
0.005807008594274521,0.029803667217493057,
-0.01647624373435974,-0.0012136566219851375,
-0.013425243087112904,0.0036449176259338856,
0.018068132922053337,0.024752551689743996,
0.005752593744546175,0.008483299985527992,
0.021494032815098763,-0.00015155543223954737,
0.0021915417164564133,0.01543596014380455,
-0.005187493283301592,0.004927906207740307,
-0.01583784818649292,0.0329311303794384,
0.0012113784905523062,-0.02428417280316353,
-0.031769078224897385,-0.04146555811166763,
-0.016535112634301186,-0.02004844881594181,
-0.02317315898835659,0.025651419535279274,
-0.021327689290046692,-0.04288049414753914,
-0.004157812800258398,0.033308710902929306,
-0.003684727940708399,-0.022242870181798935,
0.03492821007966995,0.0371442511677742,
0.004775744862854481,-0.05724678933620453,
-0.030337633565068245,-0.034411050379276276,
0.04063249006867409,-0.02324696257710457,
-0.0027441836427897215,-0.0006523587508127093,
0.0066184657625854015,0.021207911893725395,
0.020568491891026497,-0.010860358364880085,
-0.04168521985411644,0.007638823706656694,
-0.021286804229021072,0.026200126856565475,
0.03019128367304802,0.003939597401767969,
-0.02074732445180416,0.03738533705472946,
0.008666873909533024,0.010453956201672554,
-0.008687688037753105,0.015743056312203407,
-0.007699884474277496,-0.007253538351505995,
0.0127208037301898,-0.020579872652888298,
-0.01877417601644993,-0.02077619358897209,
0.021818168461322784,0.006066001486033201,
-0.004315693397074938,-0.04163355380296707,
-0.01223794836550951,-0.012871448881924152,
-0.012316646985709667,0.020232362672686577,
-0.006367863621562719,0.00024242121435236186,
0.011558063328266144,0.00021544095943681896,
0.008853038772940636,-0.042145758867263794,
0.014236272312700748,-0.01184697076678276,
-0.002940385602414608,-0.0003285619313828647,
-0.0018199961632490158,0.02618739940226078,
0.028614535927772522,0.0192582905292511,
0.008303435519337654,0.050596415996551514,
0.03752601146697998,0.029768584296107292,
-0.01656581088900566,-0.0103227524086833,
-0.018158452585339546,-0.025385523214936256,
-0.0016550347208976746,-0.0014483475824818015,
-0.05270911753177643,-0.01638980768620968,
-0.018788235262036324,0.005780533887445927,
0.052204761654138565,0.023418165743350983,
0.010458988137543201,-0.023370200768113136,
-0.017493557184934616,-0.01283908449113369,
-0.044888686388731,0.006016706116497517,
0.01654842495918274,0.03404251113533974,
-0.003164958907291293,0.004571909084916115,
0.0006986430380493402,0.016344813629984856,
0.015014412812888622,0.03822118043899536,
0.023252421990036964,-0.006621832028031349,
0.039644334465265274,-0.024938127025961876,
-0.016903771087527275,0.002017071470618248,
-0.007031267508864403,-0.010639318265020847,
0.03177327290177345,-0.007671463303267956,
0.0005471794283948839,-0.025267625227570534,
-0.014465619809925556,-0.005082752089947462,
-0.016226530075073242,-0.01300281472504139,
0.0019425028003752232,-0.010041303001344204,
-0.04772147536277771,0.020103581249713898,
0.027502374723553658,-0.002273735124617815,
-4.1746134229470044e-06,-0.028895162045955658,
0.0029575377702713013,-0.011571045964956284,
-0.005507142283022404,0.008975890465080738,
-0.02403523027896881,-0.016297919675707817,
0.009559291414916515,-0.009726008400321007,
-0.009970344603061676,0.027576595544815063,
-0.02788548916578293,-0.009736479260027409,
0.02425229176878929,-0.012093708850443363,
0.0012873930390924215,0.01550458837300539,
-0.023311197757720947,0.0024348897859454155,
-0.014348548837006092,0.012239265255630016,
0.035247042775154114,0.014796174131333828,
0.01245314721018076,-0.013585545122623444,
-0.008113454096019268,0.0029561601113528013,
0.027512334287166595,-0.022405553609132767,
0.004808968864381313,0.04701359197497368,
-0.006973006762564182,-0.019891154021024704,
-0.0008626562193967402,0.014900470152497292,
-0.039337508380413055,0.003305805381387472,
-0.012910516932606697,-0.005200417712330818,
-0.048392605036497116,-0.0023626487236469984,
0.03177516534924507,-0.0009842092404142022,
0.014042428694665432,0.0015819643158465624,
0.010475513525307178,0.0012284807162359357,
0.02554979920387268,-0.010672562755644321,
0.0012720783706754446,0.026363443583250046,
-0.009602485224604607,-0.06879385560750961,
0.05920521914958954,0.040090419352054596,
-0.00498246680945158,0.024850258603692055,
-0.0035076013300567865,-0.019520297646522522,
0.02768009714782238,0.0012960574822500348,
-0.007252918556332588,0.017451845109462738,
0.014859765768051147,-0.01753639243543148,
-0.007911480031907558,-0.01461829710751772,
0.013019529171288013,-0.01229659840464592,
0.015518794767558575,-0.003480582730844617,
-0.01733456924557686,0.03316405415534973,
-0.015562884509563446,-0.02193140611052513,
0.02408681809902191,-0.005641177762299776,
-0.019255178049206734,-0.009318038821220398,
-0.017743928357958794,0.017913680523633957,
0.007582467515021563,-0.04994170367717743,
0.0012458462733775377,0.004070316441357136,
0.0008052423363551497,-0.00013962507364340127,
-0.023035870864987373,-0.004729032516479492,
-0.028169870376586914,-0.024116434156894684,
-0.0153264245018363,-0.0033548730425536633,
-0.05030788853764534,0.011594579555094242,
-0.025366004556417465,-0.02988533116877079,
0.005065391771495342,-0.039119116961956024,
-0.006057380698621273,-0.0007313641253858805,
0.007662302814424038,-0.006114239804446697,
-0.008945424109697342,0.022105036303400993,
0.05298770219087601,-0.002359207719564438,
-0.0025994540192186832,-0.05984210595488548,
0.014556595124304295,-0.02166632004082203,
0.024580014869570732,-0.018940387293696404,
0.005897299386560917,-0.009188199415802956,
0.02240177057683468,-0.002497919136658311,
-0.004234102088958025,0.045569855719804764,
-0.03306267783045769,0.02078191563487053,
-0.015157132409512997,-0.0028846587520092726,
0.03618404269218445,0.029356814920902252,
0.005860707722604275,-0.006796856876462698,
-0.023726636543869972,-0.02952527068555355,
0.017919233068823814,-0.033158816397190094,
0.011329499073326588,0.005880910903215408,
0.00024926860351115465,0.029683049768209457,
-0.021474039182066917,-0.03207564353942871,
-0.009232454001903534,-0.002719303360208869,
0.005562827456742525,0.04426434636116028,
0.006535748485475779,0.02491193823516369,
-0.01452573761343956,-0.04509013146162033,
0.006099345162510872,-0.004791657906025648,
0.010082915425300598,-0.008749001659452915,
-0.01768432930111885,0.029446261003613472,
0.005713327322155237,0.005357098300009966,
-0.0004604581044986844,-0.017267968505620956,
0.013297283090651035,-0.014902661554515362,
0.010155025869607925,-0.032341789454221725,
-0.0031978883780539036,0.01319738756865263,
-0.017026277258992195,0.006902584806084633,
-0.009167728014290333,-0.024707291275262833,
-0.019969340413808823,-0.00421533826738596,
-0.013197284191846848,0.01799183338880539,
-0.007672765292227268,-0.02236291766166687,
0.011027030646800995,0.06073565036058426,
0.006503344047814608,-0.024498548358678818,
0.012761637568473816,-0.021090950816869736,
-0.03441924601793289,0.0021845551673322916,
0.01465081237256527,-0.019281746819615364,
0.009465846233069897,0.02411920204758644,
0.017361819744110107,0.017856450751423836,
-0.008336103521287441,-0.025147181004285812,
0.01251914445310831,0.015533854253590107,
0.028839223086833954,0.0016116530168801546,
0.04882049560546875,-0.011952465400099754,
0.016430245712399483,0.0026322747580707073,
0.004553864244371653,0.006814056541770697,
0.0013315007090568542,-0.021247083321213722,
0.037061966955661774,0.007820815779268742,
0.03866052255034447,-0.01190836913883686,
-0.019618704915046692,-0.01443279255181551,
-0.029465219005942345,-0.006290205754339695,
-0.012534977868199348,0.04900309816002846,
0.0010235774097964168,-0.010856842622160912,
-0.012610922567546368,0.02602369524538517,
-0.012902271933853626,-0.01986725814640522,
-0.01908225566148758,-0.012054654769599438,
0.012672340497374535,0.04197114706039429,
-0.046209175139665604,0.0060594636015594006,
0.03082709200680256,-0.044141869992017746,
-0.010251995176076889,-0.02703438140451908,
-0.007486104033887386,-0.04521351680159569,
0.004411783535033464,-0.02354145422577858,
0.009273776784539223,-0.04378708824515343,
0.006508581805974245,0.0019966287072747946,
-0.02407611533999443,-0.0015853940276429057,
0.011141270399093628,0.04874919727444649,
-0.01011043693870306,-0.0021021694410592318,
-0.01618366129696369,0.028279950842261314,
-0.015693675726652145,-0.005423291586339474,
0.006370122078806162,0.013394283130764961,
0.03624199703335762,0.01713935099542141,
0.01705588772892952,-0.02656657248735428,
-0.05061262845993042,0.036235511302948,
-0.045245211571455,-0.020402368158102036,
0.003959171939641237,0.001367463730275631,
-0.03657352924346924,0.005478179547935724,
-0.013240371830761433,0.032301388680934906,
-0.00012616172898560762,-0.003698221640661359,
-0.004963462240993977,0.019036421552300453,
0.009160288609564304,0.009746062569320202,
0.010820520110428333,-0.0022162473760545254,
0.012277679517865181,-0.022080570459365845,
0.009943763725459576,-0.010556142777204514,
0.04341401904821396,0.027240173891186714,
-0.006546120159327984,-0.03967035561800003,
0.031570594757795334,-0.010606457479298115,
-0.016056006774306297,-0.01067624893039465,
-0.039960552006959915,0.01807565614581108,
-0.0028891151305288076,0.01008809357881546,
0.0021985145285725594,0.016533151268959045,
-0.001131272641941905,-0.04975450783967972,
-0.0355246439576149,-0.031641628593206406,
0.03992658853530884,0.01685461588203907,
0.04999829828739166,-0.02943267486989498,
-0.017841093242168427,0.007683636620640755,
0.014312662184238434,0.024983033537864685,
0.00948698353022337,0.005255823023617268,
0.011504963040351868,0.0004591534088831395,
0.039573799818754196,-0.018403464928269386,
0.04063086956739426,-0.025240208953619003,
0.024571364745497704,0.006617831997573376,
-0.03321288898587227,0.02699519321322441,
0.0192861370742321,-0.019171342253684998,
0.014935978688299656,0.022775329649448395,
-0.005073308479040861,-0.02922958694398403,
-0.017013022676110268,0.012142040766775608,
0.009987629018723965,0.019058769568800926,
0.029569778591394424,-0.031462717801332474,
0.005479566287249327,-0.01127785537391901,
-0.021988067775964737,0.0071634091436862946,
-0.01605810783803463,-0.015107658691704273,
0.032112762331962585,-0.022551996633410454,
0.020956670865416527,-0.03120669536292553,

pkj_actor,pkj_actor.weight
0.7605283260345459
0.11000949144363403
0.5552461743354797
0.27177694439888
-1.192122220993042
0.3113487660884857
0.08848892152309418
0.37193402647972107
0.1184757649898529
-0.007989834994077682
-0.7396259307861328
0.3740020990371704
0.8155728578567505
0.3129803240299225
0.35014820098876953
0.6346468925476074
-1.3668532371520996
-0.31262218952178955
-0.3846128582954407
0.11058245599269867
0.29275941848754883
-0.4702267050743103
-0.6674323678016663
0.6151593923568726
0.23905815184116364
-0.14934028685092926
-0.20598910748958588
-0.14310161769390106
0.972905695438385
0.20935098826885223
0.4729606509208679
-0.5532554984092712
-0.1453801393508911
-0.4404146373271942
-0.5721626281738281
0.8890604376792908
0.306135892868042
-0.17712542414665222
0.13061250746250153
0.3544950783252716
0.4470052421092987
0.23532283306121826
0.328215092420578
-0.4362855851650238
0.1491512656211853
-0.0192463006824255
0.23248937726020813
3.238921642303467
0.21450410783290863
0.2787659764289856
0.7770610451698303
0.4396349787712097
-0.34700924158096313
0.1345876306295395
0.45959869027137756
0.528949499130249
-0.4885347783565521
-0.08644410967826843
0.4806932210922241
0.8610714077949524
1.037330985069275
0.4250650405883789
-0.26991623640060425
0.13018713891506195
-0.9798371195793152
1.3862743377685547
0.05888302996754646
0.37664252519607544
0.2819705903530121
-0.5623213052749634
-0.4041137397289276
0.5592390298843384
0.0657883882522583
0.16739273071289062
0.3380836248397827
-0.41638171672821045
0.50612872838974
0.7465012073516846
-0.14800970256328583
0.5083426833152771
-0.906649649143219
1.3745503425598145
0.29719361662864685
-0.1673544943332672
-0.3990669548511505
-0.5788681507110596
0.2112581431865692
-0.09765629470348358
1.2478570938110352
0.9734033346176147
0.984759509563446
0.08228734135627747
0.32287901639938354
0.4548271596431732
-0.022965921089053154
-0.21804702281951904
0.6543070077896118
0.3348897397518158
-0.16206832230091095
0.5914727449417114
0.3266473710536957
0.23474593460559845
-0.46006807684898376
0.31034407019615173
0.09996655583381653
0.44568490982055664
0.29886263608932495
-0.2039150595664978
0.12758570909500122
-0.2071932554244995
0.006087961606681347
1.5793688297271729
0.6396499872207642
-0.000907926878426224
0.5175773501396179
0.11529418081045151
-0.9324841499328613
0.17768807709217072
-0.04965279996395111
0.5125564932823181
0.2035677433013916
0.01840185560286045
0.014168600551784039
0.06891394406557083
0.7283557653427124
0.1757488250732422
0.22507686913013458
0.4530453681945801
-0.4132767617702484
0.6080237030982971
0.01954934373497963
0.3738678991794586
-1.6184178590774536
0.264007031917572
-0.3236914873123169
-0.2337990701198578
-0.25841695070266724
0.11094164103269577
-0.20134831964969635
-0.16471342742443085
0.7045063376426697
0.22098161280155182
0.02400980517268181
-0.014744803309440613
-0.45474928617477417
0.3604828119277954
0.41902539134025574
0.14811210334300995
-1.3455027341842651
-0.32945308089256287
0.05184907093644142
0.9448032975196838
-0.34041205048561096
0.12293286621570587
-0.6331234574317932
0.46154385805130005
0.7978120446205139
-0.029604680836200714
-0.22992923855781555
0.0006682975217700005
-0.021243399009108543
0.06753308326005936
0.004960690159350634
-0.022925641387701035
0.021166743710637093
0.05856897681951523
-0.0052238283678889275
-0.03150608763098717
0.03930165246129036
-0.021465567871928215
-0.027219712734222412
-0.10935797542333603
-0.021438928321003914
-0.005844186060130596
-0.046614449471235275
-0.010239404626190662
0.10573069751262665
1.1442105770111084
-0.5010821223258972
-0.36012428998947144
0.8002305030822754
-0.1610110104084015
-1.3849462270736694
0.06300761550664902
0.4632112979888916
-0.5263178944587708
0.648331880569458
-0.2736351191997528
-0.048180416226387024
-0.0978640541434288
0.2205665409564972
0.8276670575141907
-1.4697052240371704
0.952244222164154
0.1057736799120903
0.16175545752048492
-0.02781618759036064
-0.007948837243020535
0.1258184313774109
0.16740281879901886
1.3382799625396729
1.0612555742263794
0.31894296407699585
-0.30858302116394043
0.5861022472381592
0.4257482886314392
0.5108599066734314
1.0903137922286987
0.01717214286327362
0.2348058968782425
-0.4743972718715668
0.49434664845466614
0.23250791430473328
-0.24416109919548035
-0.4061584174633026
0.5049744248390198
0.32928580045700073
-0.296233206987381
0.31129294633865356
0.5779824256896973
0.04032186046242714
0.025578603148460388
-0.5536556243896484
2.432713270187378
-0.8391129970550537
0.481462687253952
0.3048097491264343
0.8079118728637695
-0.7124798893928528
0.0876859575510025
0.16205920279026031
0.27295657992362976
-0.21304473280906677
0.13667719066143036
-0.27101972699165344
0.10182289034128189
1.1980485916137695
0.1407170295715332
0.2028786540031433
0.657224714756012
-0.5080134868621826
1.0202168226242065
-0.03100833110511303
0.2838815152645111
-0.0517323762178421
-0.32927587628364563
-0.1128058210015297
0.39256638288497925
0.569741427898407
0.3933558166027069
0.5921292304992676
0.35337597131729126
0.6659117341041565
0.34156787395477295
-0.7578039765357971
0.12283216416835785
-0.7600499391555786
-0.1604534387588501
-0.44576334953308105
0.042571961879730225
-0.6953403949737549
-0.20122778415679932
-0.40682244300842285
0.7070878744125366
0.9734739065170288
0.2175312042236328
0.5435763001441956
-0.1674465388059616
0.7772837281227112
-0.10647846758365631
0.2169177234172821
1.893312692642212
0.14709077775478363
0.8276529908180237
-0.2372482270002365
0.06750160455703735
0.4231220483779907
0.18360605835914612
-0.25273409485816956
0.11379300802946091
-0.37956807017326355
-0.1574648916721344
-0.0022460096515715122
0.12456372380256653
0.633743405342102
0.9933745265007019
-0.7200589179992676
0.2172815501689911
0.0839400514960289
0.7979740500450134
0.20643870532512665
0.1810227483510971
0.489152729511261
-0.6559177041053772
-0.26698625087738037
0.4517660439014435
0.05496249720454216
0.20385318994522095
-0.37994828820228577
0.39633989334106445
0.3894514739513397
0.37542885541915894
0.3546872138977051
-0.19741421937942505
-0.1555645614862442
0.7265496253967285
-0.35287949442863464
-0.07587509602308273
-0.7589057087898254
-0.27512457966804504
-0.34030622243881226
0.4759792685508728
0.40748417377471924
0.5130032896995544
0.3190058469772339
0.33571740984916687
0.2542988657951355
-0.416171669960022
-0.5499721169471741
0.7454034686088562
-0.8250938057899475
0.8547566533088684
0.3550758957862854
0.7039961218833923
-0.07151813060045242
0.2742860019207001
-0.12390003353357315
0.06690984964370728
0.7084221839904785
0.06456959247589111
0.09458890557289124
0.0006252172170206904
0.9191991686820984
0.7386382222175598
0.21222475171089172
1.4327116012573242
0.0852448046207428
-0.013406024314463139
0.009638039395213127
-0.04303097352385521
0.020886391401290894
-0.04405045881867409
0.000840867985971272
-0.07441059499979019
-0.004877475555986166
0.0023532910272479057
0.047815028578042984
-0.0728403776884079
0.021598437801003456
0.0061429934576153755
-0.05590125918388367
-0.011374691501259804
0.8786576390266418
0.5299363732337952
0.44963768124580383
0.07705765217542648
-0.8720033764839172
0.4976254999637604
-0.21208404004573822
-0.2965579628944397
-0.7350895404815674
-0.7539366483688354
-0.03286512568593025
0.5363315939903259
1.181566596031189
1.2098195552825928
0.637740433216095
-0.54109787940979
0.03593452274799347
-0.006260574329644442
-0.03929639607667923
0.0056837634183466434
0.030746620148420334
-0.1338612586259842
0.030498964712023735
-0.06719203293323517
0.049168676137924194
0.01110193319618702
-0.00806337594985962
-0.015161157585680485
0.015752043575048447
-0.08700279146432877
-0.06877449154853821
-0.00035079472581855953
0.6306484341621399
-0.1434451788663864
0.4143731892108917
-0.6220707297325134
-2.0761637687683105
0.11923599243164062
-0.20219196379184723
-0.11392270028591156
-0.47204193472862244
0.21772322058677673
0.10316489636898041
-0.3250567615032196
1.0237609148025513
-0.4015566110610962
0.1742737591266632
-0.3322337567806244
-0.833034873008728
1.7502399682998657
0.2286798506975174
0.869285523891449
0.24245315790176392
-1.1047884225845337
-0.9573470950126648
1.3074897527694702
0.4620719850063324
0.5379949808120728
-0.08091884106397629
-0.38854554295539856
0.45771151781082153
0.202076256275177
0.620675265789032
-0.37635791301727295
-0.47981908917427063
1.1148223876953125
-0.10103387385606766
-0.37714841961860657
0.7669036388397217
0.4915415942668915
-0.19907669723033905
0.3629787862300873
1.023751139640808
0.6248456239700317
-0.3523792028427124
0.06941615790128708
0.9129769206047058
0.31268709897994995
0.43435630202293396
1.4299298524856567
-1.9965702295303345
0.5489182472229004
-0.06467271596193314
-0.11334031820297241
-0.6622287631034851
-0.03953687474131584
-0.5072932243347168
-0.22441042959690094
0.6290939450263977
-0.44899147748947144
-0.1575484424829483
0.0736650824546814
-0.1944016069173813
-0.18806186318397522
-0.7509104013442993
-0.18995840847492218
-0.6019885540008545
0.655951976776123
0.3508121967315674
0.3947736322879791
-0.38256555795669556
-0.16239161789417267
-0.23062221705913544
0.5266780257225037
0.6202307939529419
0.24644380807876587
0.3869369328022003
-0.3404478430747986
0.8533767461776733
0.3648563325405121
0.2490219920873642
0.6099793314933777
-1.0193171501159668
0.8190987706184387
0.3542938232421875
0.6825291514396667
0.39912283420562744
0.17724493145942688
-0.29440298676490784
0.15539386868476868
0.7633174657821655
0.01936480775475502
-0.07687387615442276
-0.46900609135627747
0.6840835809707642
0.0869259312748909
0.15203705430030823
0.9079290628433228
0.6644294857978821
0.006366905756294727
0.025229742750525475
0.03500668704509735
0.23523208498954773
0.08190961182117462
-0.37758034467697144
-0.07183641195297241
0.05513391271233559
0.1512160450220108
-0.08990547060966492
0.09879236668348312
0.12462855130434036
-0.4487132430076599
-0.26487138867378235
-0.0003300062089692801
0.39320942759513855
0.6779847741127014
1.6545517444610596
-0.014593647792935371
-0.807472288608551
1.1208072900772095
-0.5021875500679016
0.1951960027217865
-0.7430737018585205
-0.31864044070243835
-0.09763097763061523
0.42255938053131104
0.8874685764312744
0.5773179531097412
0.7348263263702393
-0.6298930644989014
0.7275556325912476
1.112400770187378
0.27902790904045105
0.08224443346261978
0.764646053314209
0.6545228958129883
0.09444455057382584
-0.15367716550827026
0.2140917032957077
0.19081881642341614
0.5022521018981934
-0.08059713989496231
-0.0952637791633606
0.16571250557899475
0.10024341195821762
0.527121365070343
-0.12088044732809067
0.16342793405056
-0.2383158802986145
0.6673707962036133
-0.1403721570968628
0.4283934533596039
-0.3139651119709015
0.6502317786216736
0.38045769929885864
-0.19396716356277466
-0.20437051355838776
0.3307226598262787
0.35329580307006836
0.1501075029373169
0.126825749874115
-1.0866166353225708
-0.2860243022441864
-0.2835496664047241
-0.5487130284309387
1.440672755241394
-0.10848977416753769
-0.05278380215167999
0.27164387702941895
0.3667844831943512
-0.02142704650759697
0.09917306900024414
-0.1709943264722824
0.9607865810394287
0.12839889526367188
0.019637977704405785
0.0986776202917099
4.814394950866699
0.9551535248756409
0.3661839962005615
0.4749194383621216
0.5819066166877747
0.19538044929504395
-0.0962226465344429
0.17195045948028564
0.5079905986785889
-0.028703350573778152
0.05072890222072601
-0.3482914865016937
0.5846264362335205
0.007630836684256792
0.2528885006904602
-0.241232231259346
-0.200012668967247
0.08681200444698334
1.026872992515564
0.0880756601691246
0.333141952753067
0.3423169255256653
-0.2979676127433777
0.11547987163066864
0.5578629970550537
0.0729859471321106
-0.01827317848801613
-0.052780985832214355
0.1653069108724594
-0.11903726309537888
0.2564185559749603
0.3547484278678894
0.22146804630756378
-0.15429812669754028
0.5984591841697693
0.2526513338088989
-0.3059948980808258
-0.11301140487194061
-0.001995852217078209
0.15626771748065948
0.12065377831459045
0.5956488251686096
0.21701271831989288
0.019191382452845573
0.11802073568105698
0.38478294014930725
0.6005456447601318
0.7260848879814148
0.40101325511932373
-0.04081406071782112
0.4349901080131531
-0.29642364382743835
0.7096827030181885
0.12844011187553406
0.5018802881240845
0.15862029790878296
0.2313205748796463
0.08517211675643921
-0.2993968725204468
-0.08465214818716049
-1.3874502182006836
-0.5540096759796143
0.2223854809999466
0.09770296514034271
0.8755793571472168
0.59376060962677
0.3269384205341339
0.27332621812820435
0.5323531031608582
0.3143424689769745
0.6373942494392395
-0.2962567210197449
0.24823884665966034
0.06426100432872772
0.5245603919029236
-0.35407623648643494
-0.9595240354537964
-0.16474784910678864
-0.18146587908267975
0.1596144139766693
0.3930969536304474
0.533876359462738
0.13404937088489532
0.8299204707145691
0.416403591632843
-0.0944085493683815
0.2924920320510864
-0.1164851188659668
-0.322018563747406
0.37510666251182556
0.3793880045413971
-0.347126841545105
-0.32554173469543457
-0.09262699633836746
-0.0043760803528130054
-0.2011830359697342
0.1285560429096222
0.7125170826911926
0.4587318003177643
0.44206154346466064
-0.039066944271326065
0.24999403953552246
-0.04725880175828934
-0.23555617034435272
0.8782635927200317
0.124114990234375
0.18275773525238037
-0.11456230282783508
0.05998659506440163
0.06268157809972763
0.2913098931312561
0.3253398537635803
0.09800487011671066
-0.017657311633229256
0.029734065756201744
0.05319942161440849
-0.04168584197759628
0.01431798655539751
-0.04720521718263626
0.012590354308485985
0.03648493066430092
0.06285807490348816
-0.047038283199071884
-0.03766677901148796
-0.013421360403299332
0.05435597896575928
0.07420516759157181
-0.008491938933730125
0.06245572865009308
-0.23897647857666016
1.4143069982528687
-0.6273462772369385
-0.34017321467399597
-0.1373196840286255
0.1361839473247528
-1.3595253229141235
-0.10771758109331131
0.43087175488471985
-0.39050161838531494
1.052661418914795
-0.01981966942548752
-0.06855680048465729
-0.32828301191329956
0.24086765944957733
1.0428409576416016
0.3365260362625122
0.6639404296875
-0.049091700464487076
0.2402520626783371
0.25123757123947144
0.08588571846485138
-0.005933502223342657
0.09683755785226822
-0.01934446021914482
0.4417334496974945
0.01112419180572033
-0.2834644615650177
0.6227719187736511
0.22989359498023987
0.8081849217414856
1.3494266271591187
0.006541785318404436
-0.015294558368623257
-0.06870897114276886
0.49124497175216675
0.1270526945590973
-0.031051214784383774
-0.046705462038517
1.274164080619812
0.14102555811405182
-0.48797136545181274
-0.6474049091339111
-0.35202059149742126
0.32279500365257263
0.07611024379730225
-0.26897087693214417
3.4217870235443115
0.36727023124694824
0.9325280785560608
0.35225680470466614
0.3091782331466675
0.2700504660606384
0.38705897331237793
0.06212128698825836
-0.05412093922495842
0.4193304181098938
0.14764878153800964
0.26704686880111694
-0.10532034188508987
0.4540078938007355
0.34755173325538635
-0.10094023495912552
-0.007122052367776632
-0.279235303401947
0.6771625280380249
0.05079713463783264
0.4800034761428833
0.03346238657832146
-0.004571584518998861
0.39709097146987915
0.26348328590393066
0.09824859350919724
-0.29020142555236816
0.17007236182689667
-0.13249905407428741
0.03985204920172691
0.4631272852420807
0.5320745706558228
-0.2453397959470749
-0.26151928305625916
-0.1385691612958908
-0.47736743092536926
0.06627236306667328
-0.13716842234134674
0.09943551570177078
-0.40316691994667053
0.6019830703735352
0.13287393748760223
-0.025041747838258743
0.10977499932050705
-0.04574545472860336
0.28272029757499695
-0.1727352887392044
0.5226504802703857
1.6546090841293335
0.03647438436746597
1.1236103773117065
-0.31042954325675964
0.1803365796804428
-0.03983272612094879
0.28975537419319153
0.633173406124115
-0.08250807970762253
0.28152403235435486
-0.22368231415748596
0.16133293509483337
0.7710837721824646
0.04880603775382042
0.1233048290014267
0.44713225960731506
-0.44515717029571533
0.15555046498775482
1.4678648710250854
0.1291915476322174
0.5482316613197327
0.19457004964351654
-0.24835318326950073
-0.04715560004115105
0.4707583785057068
0.40954193472862244
0.23807291686534882
-0.3381747901439667
0.38948285579681396
-0.35661768913269043
0.1505841761827469
0.18065527081489563
-1.0633546113967896
-0.005764657165855169
0.2412126064300537
-0.24977271258831024
0.10285382717847824
-0.22324006259441376
-0.5323501825332642
-0.3237648010253906
1.0410442352294922
-0.12190815806388855
-0.32874611020088196
-0.49572429060935974
-0.25034692883491516
-0.24278408288955688
-0.18960748612880707
-0.2857510447502136
0.7459669709205627
1.07450532913208
0.5470858216285706
0.006523527204990387
0.4164889454841614
0.6685519218444824
0.09146178513765335
-0.0027463259175419807
-0.04972216114401817
0.45270445942878723
0.24447304010391235
-0.17925095558166504
-0.537247359752655
0.9919925928115845
0.35108521580696106
0.4596257209777832
0.608857274055481
0.022128235548734665
-0.07964800298213959
0.07902058213949203
0.07653649151325226
-0.002202362287789583
0.013340829871594906
0.005482860840857029
0.04891214519739151
-0.031221847981214523
0.08609231561422348
-0.0001230490015586838
0.06453419476747513
-0.010790384374558926
0.06249864771962166
0.026834595948457718
-0.07653331011533737
0.4906403422355652
0.4400670826435089
1.0796394348144531
0.1796383410692215
0.1390560120344162
0.5289208889007568
0.3441165089607239
-0.18296349048614502
0.5890499353408813
0.4338666498661041
0.014350883662700653
0.36714088916778564
0.35702258348464966
-0.003320071380585432
-0.45713573694229126
0.15397830307483673
-0.044714927673339844
-0.10982636362314224
0.04261980205774307
0.012400678358972073
0.014331864193081856
-0.07477203756570816
0.04686077684164047
-0.1503559648990631
0.016303611919283867
0.016456469893455505
0.0007278315024450421
-0.032636336982250214
-0.010245177894830704
-0.023493485525250435
0.06362149864435196
0.012836836278438568
-0.041927702724933624
-0.09079082310199738
0.32087332010269165
-0.5185678601264954
-0.14071913063526154
-0.18701305985450745
0.42471879720687866
0.4031326472759247
-0.45300331711769104
0.4739437699317932
-0.044962745159864426
-0.24084989726543427
0.36646729707717896
-0.44220325350761414
0.003266766434535384
0.4208759665489197
0.2819456160068512
0.9719263911247253
0.5905335545539856
0.6247369647026062
-0.007982397451996803
-0.3096576929092407
-0.12177155911922455
1.046684980392456
0.30642908811569214
0.16191181540489197
-0.3730855882167816
0.240548774600029
-0.28878259658813477
0.13494811952114105
-0.13648705184459686
-0.0754881352186203
0.7788053750991821
0.6751707792282104
-0.008888546377420425
0.11095350235700607
0.3166840374469757
0.006453720387071371
0.18676500022411346
0.3712806701660156
0.21155349910259247
0.48307687044143677
-0.19385114312171936
0.2407301962375641
0.4889127314090729
0.1281401664018631
0.7329135537147522
1.7008745670318604
-0.07417354732751846
-0.0894627794623375
-0.11588677763938904
-0.06071288138628006
-0.13911652565002441
0.020559728145599365
-0.12833403050899506
0.3081030547618866
0.18440891802310944
-0.3964332342147827
-0.48054444789886475
0.13331957161426544
-0.23951300978660583
-0.2178240567445755
-0.9205977320671082
-0.2959515452384949
0.07975536584854126
0.8351372480392456
0.22484663128852844
0.5549514293670654
0.07056311517953873
0.1687740683555603
-0.2055782824754715
0.6305623650550842
0.17342540621757507
-0.2959686815738678
0.12908747792243958
-0.3913708031177521
0.4965353310108185
0.24364858865737915
-0.06421513110399246
0.4448464512825012
0.7044804096221924
1.147294044494629
0.12273621559143066
0.7629499435424805
0.4342156946659088
0.16053439676761627
-0.02589591033756733
-0.14157429337501526
-0.26198381185531616
0.2645340859889984
-0.16532625257968903
-0.232018381357193
0.5287833213806152
0.11279921978712082
0.19099698960781097
0.8403012156486511
-0.020494407042860985
0.2897050082683563
0.20352403819561005
0.4183724522590637
-0.1654176563024521
0.012196259573101997
-0.07463379949331284
0.088269904255867
-0.1472340077161789
-0.019671138375997543
0.015453365631401539
-0.19392181932926178
-0.46879929304122925
0.04455224424600601
-0.4482867419719696
0.29192879796028137
0.8149009346961975
0.5752629637718201
3.1180224418640137
-0.054938651621341705
0.32387617230415344
0.392230361700058
0.19995374977588654
0.3581381142139435
0.45404186844825745
0.36730197072029114
0.15575090050697327
-0.2521355450153351
-0.5993666648864746
0.23064230382442474
0.39546123147010803
0.5270159244537354
0.09540380537509918
0.6303637027740479
0.033546220511198044
0.0929664820432663
0.3394516408443451
0.16484393179416656
0.04945102334022522
-0.05928758904337883
-0.7095479369163513
0.40914642810821533
0.7806700468063354
0.3286902904510498
1.0307774543762207
0.010540924035012722
-0.26375970244407654
0.6360124349594116
-0.38796648383140564
-0.5929305553436279
0.02253669500350952
0.5979941487312317
0.34306538105010986
0.05148479714989662
-0.7174884080886841
0.6316025853157043
0.2901014983654022
-0.17102792859077454
-0.033416833728551865
0.7323553562164307
0.14292873442173004
0.27878448367118835
-0.0646388828754425
0.06458760797977448
-0.40395528078079224
-0.1721353977918625
0.08981166779994965
0.4551566243171692
-0.347322553396225
-0.6237886548042297
0.5719459056854248
1.0188947916030884
0.25217485427856445
0.1258527785539627
-0.06037852168083191
0.36976704001426697
-0.05940844491124153
-0.1662483811378479
0.32188984751701355
4.133604049682617
-0.4724291265010834
0.037430744618177414
-0.11980947107076645
0.714728057384491
-0.3505041003227234
-0.33545148372650146
0.03385639563202858
0.208943173289299
-0.360066294670105
-0.03758542239665985
-0.2518005073070526
0.7195073962211609
0.2555137872695923
-0.06175637245178223
-0.5219281315803528
0.23501020669937134
-0.5781159996986389
0.3449888229370117
0.08025384694337845
0.22940312325954437
0.09503015130758286
-0.15464864671230316
0.15727129578590393
0.645891010761261
-0.006714493967592716
-0.12775225937366486
-0.6588956117630005
0.23982959985733032
-0.328667551279068
0.18783888220787048
0.28001001477241516
0.942395031452179
-0.07478530704975128
-0.1509508192539215
0.18127696216106415
-0.20323462784290314
0.1308593451976776
0.26901352405548096
-0.6451724171638489
0.3734248876571655
1.7885478734970093
0.4875280559062958
0.29925814270973206
-0.2505664825439453
0.37467819452285767
0.7849100828170776
0.37772026658058167
0.14100396633148193
-0.3159503638744354
0.19998784363269806
0.30323949456214905
0.6683831214904785
0.4058673679828644
0.06253518164157867
0.0320349782705307
1.150463342666626
-0.16630125045776367
0.2735515236854553
-0.11355739086866379
-0.008126476779580116
-0.3405434191226959
-0.25999605655670166
-0.06635541468858719
1.1118332147598267
-0.3457854688167572
0.05329176411032677
-0.08373130857944489
0.4527667462825775
-0.5573397278785706
0.09975921362638474
-0.23292213678359985
0.3021481931209564
-0.20322349667549133
-0.01406966894865036
0.003848002292215824
-0.3489883244037628
0.7915565371513367
-0.12330546230077744
-0.12567535042762756
0.4201804995536804
-0.09911938011646271
-0.042293209582567215
0.4496115744113922
0.5620698928833008
-0.46818211674690247
0.2413596361875534
-0.5425208806991577
-0.22874204814434052
0.0876135602593422
0.007904439233243465
-1.0985972881317139
0.02941647730767727
0.6735668778419495
0.3348076045513153
-0.4360639154911041
0.3818604052066803
0.10051456838846207
-0.1604192852973938
0.2469569742679596
-0.26715967059135437
0.01973072811961174
-0.03772325813770294
-0.5653014183044434
0.2591393291950226
-0.6617451906204224
-0.32225358486175537
-0.12209483236074448
0.22604204714298248
0.7892595529556274
-0.05202644690871239
0.21181941032409668
0.08357389271259308
-0.0005133032100275159
-0.02944362163543701
-0.012540538795292377
-0.08373694866895676
-0.009772499091923237
0.038076288998126984
-0.02156752347946167
-0.03144868090748787
0.008006216958165169
0.0762709304690361
-0.011854040436446667
0.058354128152132034
0.01553425844758749
-0.05026949942111969
-0.10956758260726929
0.07549984753131866
0.1131131649017334
1.1366652250289917
-0.2530026435852051
-0.3334973454475403
0.2655942738056183
-0.13830439746379852
-0.6513587236404419
-0.0007949246210046113
0.6097244620323181
-0.723677933216095
1.0540350675582886
-0.02800568751990795
-0.2932332158088684
-0.17883332073688507
0.11426852643489838
1.4903926849365234
-0.07189426571130753
-0.06981335580348969
-0.12356943637132645
0.4411817789077759
0.32712310552597046
0.17323462665081024
-0.7516805529594421
0.10965770483016968
1.6390910148620605
0.7519953846931458
0.089275062084198
-0.23978610336780548
0.7171631455421448
0.6221901178359985
0.7191769480705261
1.3318860530853271
-0.1402989625930786
0.4599379599094391
0.04093006253242493
-0.10805147141218185
0.36387839913368225
0.11227360367774963
-0.42425012588500977
2.20328688621521
-0.3174848258495331
-0.11909014731645584
-0.318981409072876
0.7289790511131287
0.25620022416114807
-0.18021850287914276
-0.4668894410133362
3.378371238708496
0.03393639251589775
-0.12065344303846359
0.13301429152488708
0.25588858127593994
0.10265053808689117
-0.01151234656572342
-0.6841407418251038
0.06917881220579147
-0.24345509707927704
0.24687983095645905
0.12864530086517334
0.598912239074707
0.6902384757995605
0.30458730459213257
-0.2375670075416565
0.2824605405330658
-0.7193003296852112
-0.223206028342247
-0.14873014390468597
0.18695266544818878
-0.14426089823246002
-0.11576948314905167
0.10044989734888077
0.19838207960128784
-0.15204545855522156
-0.47091832756996155
0.3541274070739746
-0.28613990545272827
0.3237486183643341
0.6651431322097778
0.04125429689884186
0.09457865357398987
-0.3262123763561249
-0.6761036515235901
-0.09767244011163712
-0.473943829536438
-0.3496744632720947
-0.7936892509460449
-0.44982320070266724
0.3273988366127014
0.7021762132644653
-0.07912031561136246
-0.17505629360675812
0.3653591275215149
0.7458304762840271
-0.15008071064949036
-0.21794834733009338
1.0861666202545166
-0.10328280925750732
0.44119924306869507
-0.45887425541877747
0.2055370807647705
0.11234220117330551
0.13832268118858337
0.3259073495864868
-0.11490790545940399
0.4002074599266052
-0.3143060803413391
0.36403608322143555
1.1739102602005005
-0.2151375263929367
-0.013460947200655937
0.08322644978761673
0.27790242433547974
-0.3386642634868622
0.6101261377334595
-0.019335521385073662
0.6818804740905762
-0.23221343755722046
-0.14966000616550446
0.3897797167301178
0.3471880853176117
0.2052333503961563
-0.057957861572504044
-0.059953004121780396
1.0960923433303833
-0.3701409101486206
0.03328508138656616
0.2362460047006607
0.36049818992614746
-0.6172956228256226
-0.1976609081029892
-0.006457336246967316
-0.19970354437828064
-0.0688336119055748
-0.44538450241088867
-0.1658984273672104
0.5208983421325684
-0.33550482988357544
-0.24762128293514252
-0.8719965815544128
0.04528005048632622
0.006998640485107899
-0.204050213098526
-0.3615151643753052
0.6104928851127625
0.05319094657897949
-0.13628964126110077
-0.6851407289505005
0.5634713768959045
-0.24761562049388885
-0.010243117809295654
-0.7028602361679077
-0.0037847240455448627
0.8963605165481567
0.11787180602550507
-0.2358967363834381
-0.35096147656440735
1.1419291496276855
0.6094447374343872
0.27788081765174866
0.747521698474884
-0.07397418469190598
0.015245957300066948
-0.056790776550769806
0.015507303178310394
0.0003824105369858444
0.017547177150845528
-0.026045871898531914
-0.02387528494000435
-0.062084175646305084
0.04566267505288124
-0.07728780061006546
-0.04814545065164566
-0.011691340245306492
-0.02812853455543518
0.00714093865826726
-0.03543781489133835
0.30636072158813477
-0.6943899393081665
0.9016206860542297
0.1002211943268776
0.021879389882087708
0.024863244965672493
0.36054539680480957
-0.09484262764453888
0.4002048075199127
0.2009274810552597
-0.441454142332077
0.5427413582801819
0.9358683824539185
-0.04128042235970497
-0.13574114441871643
0.6004647016525269
-0.03554510697722435
0.0036755921319127083
-0.033383507281541824
-0.03271293267607689
-0.08913517743349075
-0.04097963497042656
-0.05569949746131897
-0.06574589759111404
-0.06335257738828659
-0.05574845150113106
0.03607805818319321
0.007611664943397045
-0.060465358197689056
-0.04321594908833504
0.01461024209856987
-0.009811695665121078
0.33564984798431396
-0.4304695129394531
0.12629732489585876
-0.5569089651107788
-0.49031198024749756
0.44666263461112976
-0.08119577169418335
0.2825624644756317
-0.12240330874919891
0.013867329806089401
0.10954335331916809
0.11850203573703766
1.7384393215179443
-0.47791463136672974
0.06183163449168205
-8.745207742322236e-05
-0.5679321885108948
0.20257174968719482
0.5395702123641968
0.627984344959259
0.0092223035171628
-0.007370675448328257
-0.5044667720794678
0.8769242167472839
0.1664470136165619
-0.03884937986731529
-0.2978987991809845
0.1592419594526291
-0.2265673130750656
-0.01850491389632225
-0.3220616281032562
0.6460269093513489
0.2114371508359909
0.042518243193626404
-0.2312515825033188
0.04421986639499664
0.7623580098152161
0.43991872668266296
-0.5385379195213318
0.495719850063324
1.2264400720596313
0.5954765677452087
-0.10256484895944595
0.37007632851600647
0.7349702715873718
0.21092309057712555
0.32172736525535583
1.7242075204849243
-0.613975465297699
0.0581723153591156
-0.0927763432264328
-0.07276526093482971
-0.29299837350845337
0.1490383744239807
-1.096760630607605
0.35138848423957825
0.8972049355506897
-0.05221859738230705
-0.10215649008750916
-0.24119833111763
-0.10846991091966629
-0.39824506640434265
-0.7693246603012085
-0.08795736730098724
-0.3407725989818573
-0.483890175819397
0.2512921988964081
0.08220033347606659
-0.15282535552978516
0.04747019708156586
0.0784672349691391
0.4561111629009247
0.07634080946445465
-0.6139094233512878
0.0985618606209755
-0.27514782547950745
0.601584255695343
0.4829352796077728
-0.20292805135250092
0.9052034020423889
0.38095399737358093
0.11946424096822739
0.017752058804035187
0.5930478572845459
1.0655735731124878
0.09849071502685547
-0.4123166501522064
-0.15538105368614197
1.1457233428955078
-0.019963135942816734
-0.22185787558555603
-0.26673009991645813
0.7187336683273315
-0.13515174388885498
0.01909305341541767
0.8486059904098511
0.06875009834766388
-0.12206219881772995
0.04076572135090828
0.29622599482536316
0.07561559975147247
-0.3035913407802582
0.42304858565330505
0.5340601205825806
-0.34711670875549316
-0.03293992951512337
-0.09580346196889877
0.5656533241271973
0.09215132147073746
-0.030666617676615715
-0.033557940274477005
0.6712942123413086
0.45740634202957153
-0.042580414563417435
2.313302993774414
-0.14531610906124115
0.49118372797966003
-0.04517809674143791
-0.25095927715301514
0.25527751445770264
-0.005406611133366823
0.45773401856422424
-0.17350873351097107
-0.08303537219762802
1.2010732889175415
0.6197310090065002
-0.01355178002268076
0.6079362630844116
0.5037497282028198
0.9387819170951843
1.2073639631271362
0.18897071480751038
0.4910132586956024
0.44918879866600037
0.22051399946212769
0.06340255588293076
0.2231249064207077
0.16801977157592773
0.42833417654037476
0.16422350704669952
0.34056687355041504
-0.5121055245399475
-0.36939966678619385
0.6408616900444031
-0.5442805290222168
0.14226612448692322
-0.32782912254333496
0.8819266557693481
0.12206972390413284
0.5337560176849365
-0.16499541699886322
0.5280555486679077
0.2540309429168701
-0.4012933373451233
-0.0449545718729496
0.4554462134838104
0.668645977973938
-0.015037775039672852
-0.40464577078819275
-0.22768813371658325
-0.6760181784629822
-0.4656846523284912
-0.16690297424793243
1.3195528984069824
0.05424794182181358
-0.19372613728046417
0.19604893028736115
0.5326046347618103
0.06902192533016205
0.37048307061195374
0.0013493314618244767
-0.0009141690097749233
0.003082268638536334
-0.5493375658988953
0.06462793797254562
4.2739996910095215
1.0415120124816895
0.4058842062950134
0.5382863879203796
0.5855464935302734
-0.1097019761800766
0.047108400613069534
0.431997686624527
0.6166309714317322
-0.27137652039527893
-0.04306614398956299
-0.4225773215293884
0.7322390079498291
0.1546315997838974
-0.10579978674650192
-0.856490433216095
0.5360238552093506
0.3006775677204132
0.41922059655189514
0.13633988797664642
1.0019418001174927
0.3180568814277649
-0.18921762704849243
0.1987316608428955
0.5974227786064148
0.2431347668170929
-0.14929839968681335
-0.24195978045463562
0.30943936109542847
-0.08377284556627274
0.12283315509557724
0.06149109825491905
1.0726540088653564
-0.0500594861805439
0.3916754722595215
0.18994690477848053
-0.043497469276189804
0.08288894593715668
-0.17414888739585876
-0.5458368062973022
-0.014031401835381985
1.1019930839538574
0.8011854887008667
0.22624865174293518
0.06329843401908875
0.029118286445736885
0.5967289805412292
0.623603343963623
0.22755466401576996
0.34280315041542053
0.4167959988117218
-0.03964345157146454
0.7109564542770386
0.15994735062122345
0.021615471690893173
-0.07109614461660385
0.3417835235595703
-0.12703891098499298
0.09980026632547379
-0.24200528860092163
-0.7715798616409302
-0.3444623351097107
0.0404437892138958
-0.019631508737802505
2.087137460708618
0.21597109735012054
0.46718958020210266
0.9499828219413757
0.47947797179222107
0.017008619382977486
0.36942392587661743
-0.42699936032295227
0.2848058044910431
-0.052453357726335526
0.086053766310215
-0.42519474029541016
-0.5621517896652222
-0.05791546031832695
-0.5208632946014404
0.03995925188064575
0.5968669056892395
0.3202352225780487
0.575395941734314
0.7084309458732605
0.3057212829589844
-1.0127142667770386
0.17778557538986206
-0.45355433225631714
-0.07003128528594971
0.12060263752937317
0.5490953922271729
-0.5213660597801208
-0.5502094626426697
-0.06088704243302345
-0.1879422962665558
-0.43458735942840576
0.3793119788169861
0.2709459662437439
0.5859218239784241
0.629771888256073
-0.15286879241466522
-0.14600016176700592
0.16688579320907593
-0.1491709053516388
0.33294352889060974
0.1594095081090927
-0.13987454771995544
-8.096892270259559e-05
0.2681857943534851
-0.03804288059473038
-0.07601354271173477
0.2688550651073456
0.1817140281200409
0.009084250777959824
-0.024710677564144135
-0.039094243198633194
-0.010019426234066486
0.044467709958553314
-0.02593403309583664
-0.009036608971655369
-0.0900430828332901
0.009577004238963127
0.023900555446743965
-0.026304613798856735
-0.06326679140329361
-0.03305349498987198
0.014007054269313812
0.059345096349716187
0.012100654654204845
-0.4221358597278595
1.342315912246704
-0.4757513701915741
-0.3716105818748474
-0.35183006525039673
0.1714855581521988
-1.2022583484649658
-0.10327880084514618
0.3948272168636322
-0.4928407669067383
0.8866832852363586
-0.26388630270957947
0.0033914600498974323
0.0758717805147171
0.40207695960998535
1.193389654159546
-0.31776025891304016
0.3659636080265045
0.019119150936603546
0.37181758880615234
0.2947816550731659
0.08000188320875168
-0.41546696424484253
-0.08353108167648315
0.4339381456375122
0.28935661911964417
0.0226722564548254
-0.47597169876098633
0.37609249353408813
0.045323342084884644
0.7774546146392822
1.2243196964263916
-0.17904341220855713
0.0584394671022892
0.18636764585971832
0.7557047605514526
-0.01399696059525013
0.0026077646762132645
-0.10833658277988434
1.4921334981918335
0.15285532176494598
-0.08767246454954147
-0.49707117676734924
1.0165965557098389
0.020936179906129837
-0.49807271361351013
-0.24558648467063904
3.1189427375793457
0.6475633382797241
0.8142834305763245
0.2305021584033966
0.7382540702819824
0.4179333448410034
0.4645909368991852
0.008880547247827053
0.1674400418996811
0.24410231411457062
0.1472674459218979
0.14965057373046875
0.14207243919372559
0.455684632062912
0.3623380959033966
-0.5228634476661682
0.506179690361023
-1.022017478942871
0.22363145649433136
-0.014479430392384529
0.6328782439231873
-0.2674613296985626
-0.15369655191898346
0.19466891884803772
0.021995414048433304
0.22963222861289978
0.004046713933348656
0.3937033712863922
-0.13290153443813324
0.06963331997394562
0.04035245254635811
0.14641478657722473
0.12292001396417618
-0.2503563463687897
-0.3734396994113922
-0.39755114912986755
0.18079933524131775
-0.06272877752780914
0.13716094195842743
-0.3825026750564575
0.435321182012558
0.12807050347328186
0.14247557520866394
-0.16594967246055603
0.4493814706802368
0.4934157729148865
0.03298696503043175
-0.133830264210701
1.4275929927825928
0.0878506451845169
1.083295464515686
-0.2969965934753418
0.5932530760765076
0.1714128851890564
0.31784000992774963
0.12605340778827667
0.037554722279310226
0.2114049196243286
-0.5580215454101562
-0.008973976597189903
0.8407496213912964
0.1578911542892456
0.22893351316452026
0.27472347021102905
0.3685825765132904
0.31654778122901917
1.4921077489852905
0.12266600131988525
0.9333602786064148
0.15573418140411377
-0.2219705581665039
0.26019856333732605
0.7097094058990479
-0.04415101185441017
0.0701642781496048
-0.43258392810821533
0.7412738800048828
-0.24654047191143036
0.15974843502044678
-0.26732495427131653
-0.30189499258995056
0.09449389576911926
0.07709366083145142
-0.1441725641489029
0.6368900537490845
0.14751742780208588
-0.6230826377868652
-0.2170051634311676
1.1372452974319458
-0.21990936994552612
-0.06907397508621216
-0.6184513568878174
0.44835641980171204
-0.03139057010412216
-0.18739646673202515
-0.3994706869125366
1.3942383527755737
0.4490722417831421
0.8092648983001709
0.1269758939743042
0.7984092831611633
0.17434093356132507
-0.0026419467758387327
-0.4294234812259674
-0.19228476285934448
0.49299100041389465
0.7595519423484802
-0.04437504708766937
-0.7662563323974609
0.6729812026023865
0.19987726211547852
-0.06198904290795326
0.5625931024551392
0.01513033639639616
-0.05759655311703682
0.015360848978161812
-0.002086490159854293
-0.010888420045375824
0.09030042588710785
-0.05568036437034607
0.11958622187376022
0.09304749965667725
-0.017580542713403702
0.04411790147423744
-0.0019215578213334084
-0.007792340591549873
-0.0439566895365715
-0.05892287939786911
0.027881266549229622
0.611528754234314
0.4276788532733917
1.0450361967086792
0.32942909002304077
0.2829679250717163
0.3190338909626007
0.5289905071258545
0.2359427660703659
0.4410533607006073
-0.07920844107866287
-0.35411831736564636
0.522924542427063
0.7299265265464783
0.44313952326774597
-0.09205032140016556
0.601564884185791
0.010604866780340672
-0.030546830967068672
-0.05423542112112045
-0.10627315938472748
-0.07472346723079681
-0.03978421166539192
-0.045922089368104935
0.024717194959521294
-0.020453382283449173
-0.020288463681936264
-0.01698678731918335
-0.000124061742099002
-0.09738114476203918
0.032768264412879944
0.01745680160820484
0.07335598766803741
-0.1214555948972702
-0.1647842824459076
0.7621026039123535
-0.5771437287330627
-0.23532797396183014
0.1489991694688797
0.28180527687072754
0.24835534393787384
-0.5276177525520325
0.07233835756778717
0.1915121227502823
-0.2588585913181305
0.7128334641456604
-0.2752276659011841
0.4360114336013794
0.13859550654888153
0.12187181413173676
0.2130511999130249
0.4179573655128479
1.1780155897140503
0.06075483188033104
-0.6184927225112915
-0.3557564318180084
1.116815209388733
0.43989241123199463
0.39077329635620117
-0.11164216697216034
0.3248552680015564
-0.213967427611351
-0.037367429584264755
-0.42001011967658997
0.5368379950523376
-0.02542410045862198
0.4121812582015991
-0.19737081229686737
0.4049732983112335
0.316675066947937
0.3781466782093048
-0.2267789989709854
0.41933637857437134
0.33822137117385864
0.7159515619277954
-0.2588767111301422
0.3905372619628906
0.4671936631202698
0.08641398698091507
-0.15655380487442017
1.32375168800354
-0.7648707032203674
0.009578458033502102
0.012734448537230492
0.06335680186748505
-0.6817739605903625
0.4245040714740753
-0.7192844748497009
0.18136635422706604
0.7405762672424316
-0.2930484414100647
0.08874855190515518
0.032969556748867035
-0.1038968563079834
-0.037653569132089615
-0.48672962188720703
-0.6551614999771118
-0.5161195397377014
0.5526193976402283
0.12488198280334473
0.7679923176765442
0.14826655387878418
0.13800480961799622
-0.2697346806526184
0.43624356389045715
0.6104528903961182
-0.20059555768966675
0.15426623821258545
-0.42717409133911133
0.2860991358757019
0.05034700781106949
-0.43172401189804077
0.8180363774299622
-0.1867341250181198
0.6243352293968201
0.16772030293941498
0.9993265271186829
0.44758832454681396
-0.22720324993133545
-0.4315090775489807
-0.1553538292646408
0.1158488318324089
-0.21582506597042084
0.10130859911441803
-0.449907124042511
0.3848269283771515
-0.2428075224161148
-0.20011688768863678
0.703524649143219
0.41628897190093994
0.43401187658309937
0.4114038646221161
0.6715202331542969
-0.19411326944828033
-0.22076104581356049
0.05405917763710022
0.15348419547080994
-0.1867029368877411
0.13300453126430511
-0.40030989050865173
-0.12222914397716522
-0.30948182940483093
-0.11646673083305359
-0.08679478615522385
0.6063081622123718
0.43567726016044617
0.6771284341812134
3.2354891300201416
-0.06995555758476257
0.3777362108230591
0.2923564016819
0.06009833142161369
0.8794291615486145
0.5235660672187805
-0.061970990151166916
-0.24344605207443237
-0.45078805088996887
-0.056177154183387756
0.2262134850025177
0.19026851654052734
0.29965534806251526
0.3138040602207184
0.8963648080825806
0.7173678874969482
0.06962419301271439
0.6143842339515686
0.004056874662637711
-0.11274085193872452
-0.2322244793176651
0.09163768589496613
-0.04252639040350914
0.6049304008483887
0.32016509771347046
0.4370027184486389
-0.6200065612792969
-0.2446250170469284
0.6490986347198486
-0.5769839882850647
0.2074158936738968
-0.19240480661392212
0.5297061800956726
0.033593371510505676
0.29070186614990234
-0.19425369799137115
0.8253805041313171
0.43786436319351196
-0.06016663461923599
-0.19466717541217804
0.7969880700111389
0.5549589991569519
-0.044573258608579636
-0.16212697327136993
-0.5003026723861694
-0.5522444248199463
0.056616246700286865
-0.49973759055137634
1.394126534461975
-0.07236823439598083
0.15306493639945984
0.5803108215332031
0.7096734642982483
0.06602738052606583
0.5129033923149109
0.01178688369691372
1.369188666343689
0.0319124199450016
-0.5060510039329529
0.2915910482406616
3.8449044227600098
0.5457346439361572
0.38772743940353394
0.4979715645313263
0.6018184423446655
-0.4089832901954651
-0.39232099056243896
0.33588752150535583
0.19419021904468536
-0.335981547832489
0.12501586973667145
-0.48513272404670715
1.083885908126831
0.26796841621398926
-0.08525021374225616
-0.8993130326271057
0.5563275218009949
0.06269403547048569
0.8762553334236145
0.43215012550354004
0.5829077959060669
-0.12983228266239166
-0.35925325751304626
0.1540061980485916
0.8549757599830627
0.04996991530060768
-0.1245991513133049
-0.055620986968278885
0.6621057987213135
-0.14704367518424988
0.29114824533462524
0.14683008193969727
0.566738486289978
0.04018585756421089
0.11483421176671982
-0.0016687683528289199
-0.2869752049446106
-0.15204596519470215
-0.046564649790525436
0.17444249987602234
-0.17759452760219574
0.9635069966316223
0.9315171837806702
0.19591909646987915
0.13540516793727875
-0.18511147797107697
0.6853581070899963
0.5153425931930542
-0.4107174873352051
-0.367154598236084
0.05795332044363022
-0.45308342576026917
0.6384092569351196
0.0487210750579834
0.3321867287158966
-0.5951681733131409
0.85648113489151
-0.26341962814331055
-0.1005554124712944
0.19649866223335266
-0.8334090709686279
-0.31674519181251526
0.2743231952190399
-0.3768517076969147
2.1107230186462402
-0.06606822460889816
0.06664358079433441
0.27423712611198425
0.5434269309043884
0.07980938255786896
0.2747870981693268
-0.49346452951431274
-0.031508978456258774
0.061494212597608566
0.06424307078123093
-0.3695037364959717
-0.32235172390937805
0.2662181854248047
-0.7122662663459778
-0.33282405138015747
0.6111069321632385
0.112737737596035
0.1768825352191925
1.23492431640625
0.4464856684207916
-0.9471182823181152
0.4656607508659363
-0.15605241060256958
-0.1568363457918167
0.2802548110485077
0.200432687997818
-0.40689584612846375
-0.022115567699074745
0.3582908809185028
-0.2538004219532013
0.1260652393102646
0.5366514921188354
0.21009092032909393
0.2886415421962738
0.4457118809223175
-0.18333463370800018
0.23486629128456116
-0.3695566952228546
-0.2956770062446594
0.44990476965904236
0.20983783900737762
-0.22051194310188293
-0.06933818012475967
0.18569041788578033
0.22848981618881226
0.06396930664777756
0.17826980352401733
-0.3867211639881134
-0.0638127475976944
-0.10309524834156036
-0.040068186819553375
-0.02779376320540905
0.08929572254419327
-0.09024260938167572
-0.07108962535858154
0.020421814173460007
-0.003308145562186837
0.025125376880168915
-0.003934995271265507
0.07093650102615356
0.03321952372789383
0.031907740980386734
-0.07665989547967911
-0.020764175802469254
-0.3742319941520691
1.1717756986618042
-0.6487082839012146
-0.30875030159950256
0.4144321084022522
0.15591385960578918
-1.4062288999557495
-0.0037660286761820316
0.564890444278717
-0.7873589396476746
0.6005815863609314
-0.16155220568180084
0.09553234279155731
0.043085407465696335
0.3936801850795746
1.241767406463623
0.09809941053390503
0.03890467435121536
-0.21267038583755493
0.09445184469223022
0.18870888650417328
-0.07589751482009888
0.0031120488420128822
0.37993550300598145
0.715580403804779
0.4563450217247009
0.1946185678243637
-0.30856072902679443
0.20056982338428497
0.2170223444700241
0.7851279973983765
0.6251078248023987
-0.6230997443199158
0.30627819895744324
0.06427640467882156
0.31667283177375793
-0.17630672454833984
0.19734309613704681
-0.048323024064302444
1.6023095846176147
0.07728195935487747
0.018776344135403633
-0.6515368223190308
0.7774224281311035
0.19189496338367462
-0.33520007133483887
-0.5154975056648254
2.96889328956604
0.5201609134674072
0.5726752877235413
0.4618581533432007
0.49669888615608215
0.12812453508377075
0.04572472721338272
-0.39412230253219604
-0.0753098800778389
0.1933029145002365
0.01687014102935791
0.10331674665212631
0.01479106955230236
0.3294992446899414
0.286655068397522
-0.8242928385734558
0.4363589882850647
-0.8166007399559021
0.056154005229473114
-0.07290159910917282
0.3551991879940033
-0.03134090453386307
-0.06354285776615143
0.428256094455719
0.3419104814529419
0.47767454385757446
-0.15455876290798187
0.8591926693916321
-0.18565000593662262
0.11639454215765
0.2015138417482376
0.02229667268693447
-0.1076352447271347
-0.587977409362793
-0.34496137499809265
-0.42023766040802
0.06762983649969101
-0.04186874255537987
0.2861987352371216
-0.3086252808570862
0.8008632063865662
0.3906438648700714
0.23478999733924866
-0.02060883119702339
0.7675092816352844
0.37028104066848755
-0.2798428237438202
-0.4114273190498352
0.5935514569282532
-0.033570270985364914
0.6857094168663025
-0.3595888912677765
0.40301305055618286
-0.051393814384937286
0.3536819517612457
0.4136105477809906
-0.016907187178730965
0.310957133769989
-0.6519284844398499
0.5037797093391418
0.7745842933654785
0.22252017259597778
-0.08993846923112869
0.4592525064945221
0.4462783932685852
0.12105291336774826
1.6347521543502808
-0.022700797766447067
0.727092981338501
-0.37061673402786255
-0.227654367685318
-0.015418813563883305
0.5333847403526306
-0.08599339425563812
0.13133440911769867
-0.23208947479724884
0.8468183279037476
-0.2857203781604767
0.28268712759017944
-0.1947633922100067
-0.3889976441860199
-0.5734343528747559
-0.08396638929843903
0.001137115410529077
0.31232279539108276
-0.24271148443222046
-0.14873693883419037
-0.42491599917411804
1.2351973056793213
0.13223043084144592
-0.17426550388336182
-0.6311248540878296
0.49673670530319214
-0.0013174390187487006
0.0834992304444313
-0.799849271774292
0.809422492980957
0.23862655460834503
0.21376504004001617
-0.04307149723172188
0.4365846812725067
0.08781477063894272
0.038685623556375504
-0.17568328976631165
-0.022974882274866104
0.6558591723442078
0.5379937291145325
0.059389665722846985
-0.7373886704444885
0.5098472833633423
0.13304968178272247
0.29591724276542664
0.3895403742790222
0.028407612815499306
-0.040523577481508255
-0.03357540816068649
0.025602806359529495
0.04381667822599411
0.04961852356791496
0.003576446557417512
-0.05149892717599869
0.011494597420096397
-0.12013626843690872
0.04040607810020447
0.037601422518491745
0.01432492770254612
0.01641238108277321
0.08900491148233414
-0.012283816933631897
0.6818367838859558
0.31559669971466064
0.9103332757949829
0.22040818631649017
0.17378999292850494
-0.07429341971874237
-0.02316635474562645
-0.052235670387744904
0.3232456147670746
0.03172682225704193
-0.6408519744873047
0.1992456465959549
0.48013418912887573
0.4677381217479706
-0.31115084886550903
0.7162129878997803
0.02220994234085083
0.00285896728746593
-0.03456391394138336
-0.09635846316814423
-0.09184404462575912
-0.039783187210559845
-0.08742272108793259
-0.07238831371068954
0.02106369659304619
0.04079984128475189
0.05422590672969818
0.024396296590566635
-0.020604658871889114
0.04990437999367714
-0.04825400933623314
-0.005006671883165836
-0.11475761979818344
-0.24254198372364044
0.5226462483406067
-0.569159746170044
-0.23440782725811005
0.012642395682632923
0.12566354870796204
-0.008976357989013195
-0.20044764876365662
0.21689778566360474
0.04105876758694649
-0.42135173082351685
0.556319534778595
-0.35573139786720276
-0.017566271126270294
0.18131719529628754
0.05520298331975937
1.0613383054733276
0.6950362324714661
0.4321458041667938
-0.34950870275497437
-0.1252000629901886
-0.21241676807403564
1.191829800605774
0.2738133668899536
0.2453206479549408
0.0067184362560510635
0.5380415916442871
-0.5019046068191528
0.22678688168525696
-0.2324099987745285
0.14064738154411316
0.17920012772083282
0.2833869159221649
-0.1899389922618866
0.05706597492098808
0.24003206193447113
0.16622522473335266
0.06654687970876694
0.68498694896698
0.625978410243988
0.7299324870109558
-0.03387157618999481
0.5421047806739807
0.516751766204834
0.06765666604042053
0.11701042205095291
0.9697381258010864
-0.65816330909729
0.03196801617741585
-0.27306434512138367
-0.18433891236782074
-0.35901665687561035
0.29674795269966125
-1.063682198524475
-0.13544631004333496
0.34612929821014404
-0.2654421627521515
-0.034342337399721146
-0.03420903533697128
-0.12594209611415863
-0.051763493567705154
-0.4065436124801636
-0.6872811913490295
-0.28799131512641907
-0.045447684824466705
0.21278993785381317
0.3486883044242859
-0.12433191388845444
0.18327085673809052
-0.3521479070186615
0.703054666519165
0.6784833669662476
-0.06313713639974594
0.33504706621170044
-0.23680412769317627
0.1790156364440918
0.2342752367258072
-0.13710889220237732
0.47375574707984924
0.28610506653785706
0.18046540021896362
0.1812669038772583
0.6965752243995667
0.34567686915397644
-0.24882003664970398
-0.31554606556892395
0.37116774916648865
0.4845861792564392
-0.110389344394207
0.3433847725391388
-0.6749757528305054
0.28511208295822144
-0.2805347442626953
-0.11539111286401749
0.7410739064216614
0.2331014722585678
0.4092227518558502
0.07034384459257126
0.49718427658081055
-0.019251490011811256
-0.20371654629707336
-0.08718787878751755
0.3077428936958313
-0.1891547441482544
-0.07955749332904816
-0.4311038553714752
-0.0287330262362957
-0.37480229139328003
0.32496070861816406
-0.5444574356079102
1.2489306926727295
0.5419650077819824
0.4859882891178131
2.992780923843384
-0.07721944153308868
0.4674537181854248
0.22879350185394287
0.0677509605884552
0.4578659236431122
0.3129732608795166
-0.18833181262016296
0.1439686417579651
0.10860953480005264
0.05825304612517357
0.3898890018463135
0.32949623465538025
0.4953460097312927
1.0046980381011963
0.5389488935470581
1.728384017944336
0.25147098302841187
0.3370193541049957
0.4844452440738678
0.18592102825641632
0.09040601551532745
0.37851327657699585
0.2284126877784729
0.6759582161903381
0.2095440775156021
0.03542717918753624
-0.11977899074554443
-0.41418981552124023
1.0304611921310425
-0.2884739637374878
0.22073248028755188
-0.12762773036956787
0.9540283679962158
0.10977974534034729
0.28585004806518555
0.3042651414871216
0.5736904144287109
0.16729427874088287
-0.06294193118810654
-0.2513585388660431
0.8126281499862671
0.4257032573223114
-0.08776070177555084
-0.015395266003906727
-0.220771923661232
-0.02536488138139248
-0.1145111545920372
-0.10614951699972153
1.37630033493042
0.21272200345993042
-0.28861522674560547
0.33765724301338196
0.8763672113418579
0.40875178575515747
0.5142484903335571
0.20338954031467438
0.13787446916103363
-0.19545169174671173
-0.6733887195587158
0.11374430358409882
4.381772994995117
0.5003654956817627
0.01892939768731594
0.7417946457862854
0.9514315724372864
-0.3259163200855255
-0.18327981233596802
0.4786364436149597
0.6755472421646118
0.013041563332080841
-0.14820364117622375
-0.12200185656547546
0.7704488635063171
0.13429923355579376
-0.15598899126052856
-0.6583405137062073
0.8382881879806519
-0.22779786586761475
0.6891257166862488
0.45375776290893555
0.8236986398696899
0.2533005475997925
-0.3038465976715088
-0.07944291085004807
0.5283145904541016
0.31699493527412415
0.14634889364242554
-0.3329223692417145
0.5935160517692566
0.39700379967689514
0.11825058609247208
0.6117923259735107
0.8586289882659912
-0.376308798789978
-0.06139391288161278
0.3799803555011749
-0.14106827974319458
-0.020197859033942223
0.0477774441242218
-0.2786225378513336
-0.03915386646986008
0.21331849694252014
1.2863407135009766
0.20106340944766998
0.22767160832881927
0.2783481180667877
0.6110714077949524
0.5502184629440308
0.16130292415618896
-0.34037455916404724
0.8598007559776306
-0.21818344295024872
1.0179270505905151
0.5124667882919312
0.02044093795120716
-0.11888646334409714
0.7389399409294128
0.09803962707519531
0.10553780943155289
-0.09775315970182419
-1.0643380880355835
-0.0649057924747467
-0.02993517927825451
0.14216770231723785
1.803511142730713
0.3846549391746521
0.21280242502689362
1.0351743698120117
0.7183768153190613
-0.15637999773025513
0.1437602937221527
-0.32427647709846497
0.45683661103248596
-0.0485028401017189
0.024216286838054657
-0.5307554006576538
-0.6011230945587158
-0.3494933843612671
-0.40036144852638245
0.05495940148830414
0.7657280564308167
0.1716369390487671
0.07362572103738785
0.6476761102676392
0.6954825520515442
-0.7160842418670654
0.22576521337032318
-0.49669548869132996
-0.2502686381340027
0.08413493633270264
0.21630515158176422
-0.22596485912799835
-0.44818776845932007
-0.022169329226017
0.4125916361808777
-0.13895684480667114
0.6228777766227722
-0.021569116041064262
-0.1977762132883072
1.038515567779541
0.30815938115119934
0.02687457762658596
0.2694329619407654
-0.545783519744873
0.30729544162750244
0.11861968785524368
-0.03061346523463726
-0.09346554428339005
-0.024337656795978546
0.20999972522258759
0.4356316924095154
0.19446706771850586
0.48517870903015137
-0.03380381688475609
-0.049605634063482285
0.08930457383394241
0.043733660131692886
-0.05370360240340233
-0.055021077394485474
0.009064908139407635
0.011964340694248676
0.03449235484004021
0.12597446143627167
-0.018686769530177116
0.040513984858989716
-0.06964132934808731
0.021771159023046494
-0.0005267358501441777
-0.05093125253915787
-0.34650659561157227
1.4436770677566528
-0.5783623456954956
-0.43383342027664185
0.07964442670345306
0.06202312558889389
-1.4280307292938232
-0.22956040501594543
0.3475288450717926
-0.9345133900642395
0.8010295629501343
-0.17306751012802124
0.09723152220249176
-0.05315738916397095
0.3976980447769165
1.0804723501205444
-0.07991737127304077
0.12437281012535095
0.14426282048225403
0.3734179437160492
0.2815806567668915
0.2274744063615799
-0.25451016426086426
0.06738313287496567
0.059384677559137344
0.9152025580406189
-0.11559313535690308
-0.15467414259910583
0.5381321907043457
0.10671557486057281
0.5787733197212219
1.225273609161377
0.3853204846382141
-0.049597326666116714
0.11212809383869171
0.735589861869812
0.08180659264326096
-0.14275343716144562
-0.4450835883617401
1.8567546606063843
0.8985599279403687
-0.16584263741970062
-0.31936946511268616
0.8681634664535522
-0.11876463145017624
-0.3346707224845886
-0.4934613108634949
2.9697418212890625
0.3136743903160095
0.3867168128490448
1.003251314163208
1.1177765130996704
0.029998013749718666
0.27963998913764954
0.04495842754840851
0.2869168817996979
0.30313923954963684
0.1914404034614563
-0.11010854691267014
0.32760047912597656
0.6012118458747864
0.31602704524993896
-0.46877890825271606
0.7587156295776367
-0.9712956547737122
0.03935451805591583
-0.08841728419065475
0.8723673820495605
0.16564033925533295
-0.08740708231925964
0.41417303681373596
0.09097889065742493
-0.20305265486240387
0.2054959088563919
0.26914262771606445
0.034308962523937225
0.3364129364490509
0.09571532160043716
0.3024972379207611
0.022122634574770927
-0.2557191252708435
-0.44325461983680725
-0.13153494894504547
0.35288122296333313
-0.09345700591802597
-0.12571924924850464
-0.2906033992767334
0.38715776801109314
0.25282394886016846
0.11838565766811371
0.1366685926914215
0.8192487359046936
0.44627588987350464
-0.14537885785102844
-0.0921977162361145
1.2952462434768677
-0.5970185995101929
0.403289794921875
-0.2615775465965271
0.41055822372436523
-0.29859453439712524
0.15324127674102783
0.15433187782764435
0.15251478552818298
-0.029108885675668716
-0.437653124332428
0.10020223259925842
1.0702930688858032
0.2560618817806244
0.09712576866149902
0.253612220287323
0.4679677486419678
0.036927711218595505
1.664954423904419
0.16475243866443634
0.7987399101257324
0.21942640841007233
-0.18755373358726501
0.2310560941696167
0.7674157023429871
0.33108505606651306
-0.00528792105615139
-0.4062471389770508
0.9385007619857788
0.2537716329097748
0.17681728303432465
0.10349094122648239
-0.1759820580482483
-0.22719857096672058
0.10036922991275787
0.1618129312992096
0.6425763368606567
-0.23694965243339539
-0.3768860399723053
-0.5188465118408203
1.269882321357727
-0.0703386515378952
-0.12373596429824829
-0.6254562735557556
0.5208547115325928
0.5403395295143127
-0.4377664029598236
-0.4797193706035614
0.9704257845878601
0.5111744999885559
0.34404051303863525
0.22870318591594696
0.9164746999740601
0.18450860679149628
-0.018513714894652367
-0.04186788201332092
-0.30503153800964355
0.31468963623046875
0.561218798160553
-0.11066564917564392
-0.22307392954826355
0.9079342484474182
0.29986658692359924
0.060653116554021835
0.7005688548088074
-1.0567454410193022e-05
-0.06009265407919884
0.009663346223533154
0.020834846422076225
-0.060723017901182175
0.0018900129944086075
0.05154095217585564
0.05462418869137764
-0.020257826894521713
0.003703283378854394
-0.014776093885302544
-0.02453741990029812
-0.00801821704953909
-0.01124137919396162
0.010420011356472969
-0.052956659346818924
0.5679687261581421
0.26276087760925293
0.989553689956665
0.3659350872039795
-0.006407883949577808
-0.1323542445898056
0.45535218715667725
0.31183385848999023
0.6248815059661865
0.1995381861925125
-0.523269772529602
0.49378862977027893
0.33816418051719666
0.4021996259689331
-0.16975542902946472
0.9566150903701782
0.021816840395331383
-0.014338051900267601
-0.06587200611829758
-0.01689625158905983
-0.020293669775128365
-0.023839032277464867
-0.031742773950099945
-0.026230772957205772
0.03784148022532463
0.04780399799346924
-0.01796092838048935
-0.06421247124671936
0.09795945137739182
-0.029863640666007996
-0.07931530475616455
0.032051075249910355
-0.19757890701293945
-0.3497462570667267
0.7463580369949341
-0.4955534040927887
-0.6579582095146179
0.13595694303512573
0.21144935488700867
0.37926775217056274
-0.579743504524231
-0.061797887086868286
-0.25882717967033386
-0.31368574500083923
0.22859260439872742
-0.24825327098369598
0.347960889339447
0.02416793815791607
-0.18751871585845947
0.8860503435134888
0.6859803199768066
1.4892185926437378
0.24506154656410217
-0.23039431869983673
-0.7195746302604675
1.008534550666809
0.47303396463394165
0.6634108424186707
-0.3488003611564636
0.4842384457588196
-0.013923252001404762
-0.06152325123548508
0.01208878681063652
0.6539775133132935
0.06676510721445084
0.6658068895339966
0.05380746349692345
0.16018365323543549
0.1364928036928177
0.5100532174110413
0.015547948889434338
0.38759809732437134
0.308774471282959
1.0258458852767944
-0.27084773778915405
0.5970572829246521
0.5072860717773438
-0.009204868227243423
0.30342820286750793
1.3613096475601196
-1.1238842010498047
0.09135010838508606
-0.26574450731277466
-0.26272284984588623
-0.6144294738769531
-0.2571914494037628
-0.9348134398460388
0.32668039202690125
0.2636082172393799
-0.42782193422317505
0.0516536608338356
-0.0734858438372612
-0.15766628086566925
-0.08422882854938507
-0.754848062992096
-0.5654112696647644
-0.2987615466117859
0.49394506216049194
0.2169817090034485
0.9764580130577087
0.15551237761974335
0.16427524387836456
-0.08573802560567856
0.3414762020111084
0.24398273229599
0.10890646278858185
-0.011810322292149067
-0.061883192509412766
0.5190247893333435
-0.02596684731543064
-0.36188146471977234
0.9180864691734314
-0.025195512920618057
0.7931200265884399
0.04494284465909004
1.1862540245056152
0.397479385137558
0.17736342549324036
-0.5506715774536133
-0.13454823195934296
-0.05896446853876114
0.40739256143569946
-0.008591183461248875
-0.44588738679885864
0.5157808065414429
-0.12120919674634933
-0.2981174886226654
0.8294748663902283
0.14734065532684326
0.7365722060203552
0.4902057945728302
0.72030109167099
-0.04409325495362282
-0.11373085528612137
0.05377817153930664
0.8312104940414429
-0.1622839868068695
0.01384254451841116
-0.359493225812912
0.1927661895751953
0.005887025035917759
0.007916728965938091
-0.1501658856868744
0.3691564202308655
0.6057506203651428
0.1220695897936821
3.179765462875366
-0.0857037603855133
0.2782382071018219
0.3905019462108612
-0.041954733431339264
0.8437459468841553
0.5203540921211243
0.23762147128582
0.1652822643518448
-0.3776201903820038
-0.3741861581802368
0.7902430295944214
0.10304075479507446
0.8724990487098694
-2.928443193435669
-2.150655746459961
-2.554800033569336
-1.909710168838501
-4.23739767074585
-1.7058075666427612
-1.5001709461212158
-1.2654987573623657
-2.4312174320220947
-1.2029434442520142
-1.722551941871643
-0.6255268454551697
-1.8702419996261597
-1.5959386825561523
-1.8591550588607788
-4.724869251251221
-2.7781429290771484
-1.287826418876648
-1.6175603866577148
-1.7929855585098267
-1.4709190130233765
-1.3946973085403442
-0.3601255714893341
-1.5528405904769897
-1.7500814199447632
-0.7795430421829224
-0.6469004154205322
-1.2168807983398438
-1.483927607536316
-0.924942672252655
-1.7868046760559082
-0.33091533184051514
-0.4343729019165039
-0.6552059650421143
-0.5768064856529236
-1.2619160413742065
-0.6467733383178711
-0.1857941895723343
-0.8856896162033081
-0.917586624622345
-0.7432745099067688
-0.7529745697975159
-1.1664416790008545
-0.30743613839149475
-0.8216614723205566
-1.3784899711608887
-1.4674056768417358
-4.156113624572754
-3.3573813438415527
-2.938030481338501
-2.5464539527893066
-2.857947587966919
-4.424479007720947
-1.7040539979934692
-2.627180576324463
-2.263012647628784
-2.9350216388702393
-1.3906409740447998
-1.418103814125061
-2.0554282665252686
-2.422727346420288
-1.560710072517395
-1.468254566192627
-2.2422752380371094
-2.7591984272003174
-2.867938995361328
-2.054633378982544
-1.8428945541381836
-2.309115409851074
-1.2750208377838135
-1.130000114440918
-1.7378389835357666
-1.7424215078353882
-0.948213517665863
-0.6215786933898926
-1.6254245042800903
-1.7027195692062378
-1.3497861623764038
-1.9201128482818604
-0.8369081616401672
-3.3951714038848877
-1.7741484642028809
-1.5563583374023438
-0.6827556490898132
-2.0634546279907227
-0.9668429493904114
-0.9033743143081665
-0.6234872341156006
-1.784087061882019
-1.3562159538269043
-0.9350196719169617
-1.4892271757125854
-2.7281510829925537
-1.205325961112976
-1.6999175548553467
-1.4640265703201294
-1.2158955335617065
-2.9294497966766357
-1.1628299951553345
-1.6732672452926636
-1.6504664421081543
-1.3703367710113525
-0.9020147323608398
-1.470328450202942
-0.9502639174461365
-0.31329408288002014
-1.2966161966323853
-0.3087042272090912
-0.6021400094032288
-1.4161163568496704
-1.5976229906082153
-2.612014055252075
-2.679210662841797
-1.6885565519332886
-1.8374906778335571
-2.0007967948913574
-3.831054210662842
-1.6126066446304321
-1.3018977642059326
-1.7605944871902466
-2.1135146617889404
-1.7012468576431274
-1.4474862813949585
-0.5370172262191772
-1.9521738290786743
-1.8938835859298706
-1.7459869384765625
-4.011091232299805
-1.9858512878417969
-1.0389505624771118
-1.4346091747283936
-1.4559905529022217
-2.9990057945251465
-0.9620737433433533
-0.47212785482406616
-0.5929762125015259
-1.2014890909194946
-1.0900205373764038
-0.3127945363521576
-0.6939294934272766
-1.3278318643569946
-0.9846804141998291
-0.5078967809677124
-1.3489223718643188
-3.866342306137085
-3.0401499271392822
-3.4867115020751953
-1.8002514839172363
-4.2504448890686035
-2.0127711296081543
-1.6420724391937256
-2.2649760246276855
-3.0617964267730713
-1.382651686668396
-1.165276288986206
-1.2435091733932495
-2.858350992202759
-1.6570266485214233
-1.908913016319275
-2.38720440864563
-0.02112981677055359
0.033680301159620285
0.0021410570479929447
0.009977697394788265
0.034813567996025085
0.029276913031935692
-0.04065583646297455
0.021670978516340256
-0.10734231770038605
0.007316205650568008
0.03456367552280426
-0.013810697942972183
0.03913230076432228
-0.06845913082361221
-0.0008014753111638129
-0.002369926543906331
-0.016718661412596703
-0.504831075668335
0.03243856877088547
-0.03665199130773544
-0.3097207844257355
-0.22839803993701935
0.16920241713523865
-0.035622738301754
-0.33810004591941833
0.47774606943130493
-0.4702497720718384
-0.008672172203660011
-0.11838874965906143
-0.0695367157459259
-0.19038689136505127
-0.5670356154441833
-4.123565196990967
-1.9426389932632446
-1.340566873550415
-1.3704694509506226
-2.3820128440856934
-1.227424144744873
-0.7549989223480225
-0.9547230005264282
-1.8128275871276855
-1.502739667892456
-1.0183494091033936
-1.640378713607788
-3.00998592376709
-1.2898963689804077
-2.2873435020446777
-2.3529276847839355
-1.6574681997299194
-1.4288158416748047
-1.0868345499038696
-1.5303422212600708
-1.1016875505447388
-0.7808334231376648
-0.647462785243988
-1.6942509412765503
-1.5025445222854614
-0.6909229755401611
-1.413015604019165
-0.4043754041194916
-1.0709433555603027
-1.90259850025177
-1.2706321477890015
-4.560173511505127
-4.361881732940674
-3.524160146713257
-2.9326364994049072
-2.8486833572387695
-4.436385631561279
-2.7413485050201416
-1.997633457183838
-2.2497000694274902
-3.372091293334961
-2.021089792251587
-1.8433284759521484
-0.9969542622566223
-3.004149913787842
-1.8854641914367676
-1.9560779333114624
-2.856116533279419
-3.224954128265381
-3.2278170585632324
-1.7408459186553955
-1.7827192544937134
-2.0214743614196777
-1.603264331817627
-1.1843012571334839
-1.5695987939834595
-1.9853498935699463
-0.8788564205169678
-1.453904151916504
-1.3349422216415405
-2.9863078594207764
-1.3991477489471436
-1.9827691316604614
-1.9779400825500488
-3.259125232696533
-1.4999480247497559
-1.4942114353179932
-1.6931071281433105
-2.223130941390991
-1.1540136337280273
-0.5317885279655457
-1.646519660949707
-2.059455156326294
-1.1656410694122314
-1.8915915489196777
-0.3008977770805359
-2.4095890522003174
-1.8007700443267822
-1.9966322183609009
-4.203887462615967
-0.7125045657157898
-1.8431470394134521
-0.6322956681251526
-1.1342326402664185
-1.6723675727844238
-1.2788496017456055
-0.9602100253105164
-0.622621476650238
-0.945820152759552
-0.3276822865009308
-0.5883626937866211
-1.0503666400909424
-1.012101173400879
-0.6648960113525391
-1.3172305822372437
-0.27772605419158936
-0.9606536626815796
-2.330700397491455
-1.317330241203308
-1.672048568725586
-1.3224973678588867
-1.047181248664856
-1.2269628047943115
-1.3281478881835938
-1.1585661172866821
-0.8903346061706543
-0.8309353590011597
-1.4558085203170776
-0.7555524706840515
-0.8781308531761169
-1.7318977117538452
-0.3949968218803406
-2.8100950717926025
-2.4822354316711426
-1.9295357465744019
-1.7203447818756104
-2.1761701107025146
-1.1668701171875
-0.6764739155769348
-1.9594296216964722
-1.7356088161468506
-0.6301385164260864
-1.0507946014404297
-0.9183958768844604
-1.842653512954712
-1.7042940855026245
-1.6287152767181396
-2.639639139175415
-4.680547714233398
-2.074439525604248
-1.7688922882080078
-2.2549796104431152
-3.3982980251312256
-1.4412705898284912
-1.0242834091186523
-1.0167447328567505
-2.144252061843872
-2.011983871459961
-1.0868524312973022
-1.385545015335083
-3.5318987369537354
-1.4825234413146973
-2.2558434009552
-2.1309030055999756
-0.018610741943120956
-0.00024793826742097735
-0.010267634876072407
-0.043263837695121765
0.030185356736183167
-0.004920210689306259
0.042159274220466614
0.023852091282606125
0.09862635284662247
0.00019056943710893393
0.005990943405777216
-0.05149373784661293
-0.05800813063979149
0.040744051337242126
-0.008742167614400387
-0.01244080625474453
-1.9383563995361328
-1.0558100938796997
-2.115480422973633
-1.559389352798462
-3.912585735321045
-2.2929527759552
-1.7876160144805908
-1.3764711618423462
-2.613900661468506
-1.4103723764419556
-0.8845637440681458
-1.690184473991394
-1.7242474555969238
-1.443418264389038
-1.1093627214431763
-1.1260755062103271
0.0030615569557994604
0.08515843749046326
-0.09488517791032791
-0.0019177645444869995
0.017075002193450928
-0.039343055337667465
0.004219616763293743
-0.0003045183839276433
0.06608746945858002
-0.05567541345953941
0.019900579005479813
-0.01374070718884468
0.04719128459692001
-0.023533904924988747
0.05573755502700806
0.03413190692663193
-0.9554527401924133
-0.38456785678863525
-0.8948679566383362
-0.33373603224754333
-2.1969873905181885
-0.8439750075340271
-1.2175593376159668
-0.7531097531318665
-1.1999940872192383
-0.7628136873245239
-0.25947538018226624
-0.49139654636383057
-1.2432173490524292
-0.2819896936416626
-0.9821829795837402
-1.3026491403579712
-2.659424304962158
-2.94087815284729
-2.163501262664795
-1.93972647190094
-1.7206642627716064
-0.7040914297103882
-0.5240826606750488
-2.0784356594085693
-1.531561255455017
-0.9298060536384583
-0.7800599932670593
-1.4348814487457275
-1.1976300477981567
-1.0233101844787598
-1.6483718156814575
-0.5691677927970886
-3.5029256343841553
-1.4272129535675049
-0.9392093420028687
-0.977572500705719
-1.5259613990783691
-0.9443526268005371
-0.4211333692073822
-1.065925121307373
-1.6795680522918701
-1.3724645376205444
-0.5142210721969604
-1.6228148937225342
-1.6177359819412231
-0.9567062854766846
-1.9345195293426514
-2.390693426132202
-1.4621450901031494
-0.6773631572723389
-0.5155737996101379
-0.04375923052430153
-0.323770672082901
-0.46236294507980347
0.05534091219305992
-0.2607124149799347
-0.640860378742218
-0.22177526354789734
-0.19870087504386902
-0.292150616645813
-1.2701539993286133
-0.18548285961151123
-0.23301874101161957
-0.4402000308036804
-4.352321147918701
-2.681722402572632
-2.27624773979187
-1.8940833806991577
-2.6305654048919678
-1.827904224395752
-0.8059683442115784
-1.8519237041473389
-2.1866226196289062
-1.0887901782989502
-1.0726723670959473
-1.4699488878250122
-3.149308681488037
-1.6222267150878906
-1.9149785041809082
-1.6244597434997559
-4.01985502243042
-1.9050767421722412
-1.1824836730957031
-1.603721022605896
-2.1779863834381104
-1.0331212282180786
-0.40297794342041016
-0.9569343328475952
-1.4538788795471191
-1.3506999015808105
-0.8124935626983643
-1.648472785949707
-2.940001964569092
-1.0523850917816162
-1.622786521911621
-1.8743760585784912
-1.2986652851104736
-1.4737024307250977
-1.5902440547943115
-1.219667673110962
-1.0319197177886963
-0.9054514765739441
-1.0297108888626099
-1.183779239654541
-0.7623688578605652
-0.30461758375167847
-1.1828058958053589
-1.0011370182037354
-0.7714394330978394
-0.8649571537971497
-1.056341290473938
-1.096335768699646
-1.7848926782608032
-1.0240676403045654
-2.4974052906036377
-0.9649855494499207
-3.3959789276123047
-1.2406206130981445
-1.0748207569122314
-1.205229640007019
-1.7473360300064087
-0.8793370127677917
-0.7228411436080933
-1.0081349611282349
-1.142183542251587
-1.0688104629516602
-0.8078626394271851
-2.336230993270874
0.8163041472434998
0.9749089479446411
0.27476274967193604
0.48440077900886536
0.4533880650997162
0.2833535075187683
0.17763735353946686
-0.5113070607185364
0.2177611142396927
0.484518826007843
0.7502040266990662
-0.3383007347583771
-0.03264428302645683
0.23322375118732452
-0.2698911726474762
0.5539121627807617
-0.8687653541564941
-0.14225158095359802
-0.18649795651435852
0.5753283500671387
0.1367555558681488
0.40566352009773254
-0.05483786016702652
0.4099899232387543
0.07729417830705643
-0.025464195758104324
0.008117619901895523
0.6335080862045288
0.3239099681377411
0.26996758580207825
0.0718158632516861
-0.5936576128005981
-0.4685753583908081
-0.16479773819446564
-0.3395489752292633
1.3122974634170532
-0.1477992683649063
0.0911199226975441
0.05146158114075661
0.08341769129037857
0.32624679803848267
0.1647900491952896
0.0676492378115654
1.10316801071167
0.05299834534525871
0.16525448858737946
0.1737746000289917
4.438073635101318
1.1403406858444214
0.46165555715560913
0.7723460793495178
1.0441702604293823
-0.3309006989002228
-0.18665575981140137
0.15421760082244873
0.2234199047088623
0.23210236430168152
-0.021115751937031746
-0.28826195001602173
0.2831193804740906
-0.07498612999916077
0.09412317723035812
-0.3146919906139374
-0.05774559825658798
0.22156359255313873
0.6317946910858154
0.07461486011743546
0.5057367086410522
0.07864358276128769
-0.3890880346298218
0.01762673631310463
0.661716878414154
0.34838685393333435
0.00436819763854146
-0.1890583485364914
0.15055154263973236
0.3679580092430115
0.11343743652105331
0.4380079209804535
-0.1217137947678566
-0.07493504881858826
-0.15764911472797394
0.5022834539413452
-0.3757900595664978
0.021742617711424828
0.07147030532360077
-0.009395986795425415
0.10984986275434494
0.29948821663856506
0.5055068135261536
0.23605316877365112
-0.15457411110401154
0.5756217241287231
0.7019441723823547
0.3256456255912781
0.27343180775642395
0.1743031144142151
0.4663555920124054
-0.3837013244628906
0.8234713673591614
0.5504357218742371
0.5226069092750549
-0.1307888627052307
0.17308178544044495
0.043053578585386276
-0.06950163096189499
0.0973188504576683
-1.2310246229171753
-0.42307958006858826
0.11048232018947601
0.023408520966768265
0.8097134828567505
0.39907509088516235
0.4977566599845886
0.3146154284477234
0.8230714797973633
-0.10729300230741501
0.05837948992848396
-0.3940466046333313
-0.23775885999202728
0.25866106152534485
0.343394011259079
-0.07634865492582321
-0.9784416556358337
-0.14851069450378418
0.17816203832626343
-0.12157624214887619
0.37448614835739136
0.2771826982498169
0.44802218675613403
0.5970047116279602
0.717933714389801
-1.1080193519592285
-0.0860128253698349
-0.35570475459098816
-0.27287235856056213
0.004893273580819368
0.22772851586341858
-0.15301667153835297
-0.04238778352737427
-0.08591185510158539
0.36846840381622314
-0.3267460763454437
-0.029461871832609177
0.6533514857292175
0.22626960277557373
0.6419768333435059
0.46627673506736755
-0.20825080573558807
0.0027175829745829105
-0.0383429117500782
0.6672208309173584
0.16687151789665222
0.17053775489330292
-0.07776591926813126
0.02533016912639141
0.16173496842384338
0.031487155705690384
0.1304882913827896
-0.04845567047595978
0.03147994354367256
-0.03286540135741234
-0.00881598237901926
-0.0513739213347435
-0.020429862663149834
0.026364175602793694
-0.10896105319261551
0.005701275076717138
0.06480712443590164
-0.02258717268705368
-0.04297721013426781
-0.010359691455960274
-0.014315430074930191
-0.013697265647351742
-0.03695747256278992
-0.09416386485099792
-0.3115326166152954
1.4193668365478516
-0.6004928946495056
-0.30432119965553284
-0.01637810654938221
0.036446306854486465
-1.3533611297607422
-0.08674927055835724
0.32291141152381897
-0.11778223514556885
0.9030139446258545
-0.08058002591133118
0.019754132255911827
-0.2410593330860138
-0.17570024728775024
1.4014835357666016
-0.43003055453300476
-0.08992469310760498
-0.06815056502819061
0.22083185613155365
0.38556426763534546
0.3013875186443329
0.047582414001226425
-0.13430671393871307
-0.22488325834274292
0.44003230333328247
-0.020296962931752205
-0.11853614449501038
0.6040999293327332
0.274469256401062
0.7060953378677368
0.879710853099823
-0.026537293568253517
0.053579747676849365
-0.002798456232994795
0.49344751238822937
0.06468876451253891
0.05701494589447975
-0.30031976103782654
0.8270441889762878
0.793208658695221
-0.15697428584098816
-0.27454712986946106
-0.7576741576194763
0.2629411518573761
-0.024291938170790672
-0.5256636738777161
3.9681034088134766
0.700815737247467
0.6310813426971436
0.7270349264144897
0.4403150677680969
0.23924638330936432
0.37141841650009155
0.12278198450803757
-0.06627626717090607
0.3858068585395813
0.21112430095672607
0.3416367769241333
0.08415691554546356
0.4026847183704376
0.20782220363616943
-0.20150607824325562
-0.22404713928699493
-1.152327060699463
0.19922186434268951
0.02877543866634369
0.4059828519821167
0.04505555331707001
-0.022215869277715683
0.377776175737381
0.14473198354244232
-0.15797379612922668
-0.014457250013947487
0.11881422996520996
-0.289465993642807
0.07333053648471832
0.5422888398170471
0.28429079055786133
-0.17415744066238403
-0.2873624265193939
-0.43918803334236145
-0.31775861978530884
-0.04702134057879448
-0.040410250425338745
0.012470363639295101
-0.3311655521392822
0.25213682651519775
0.24599775671958923
0.19006694853305817
0.1871466487646103
-0.01143740676343441
0.7938464283943176
-0.18017148971557617
-0.131810262799263
1.2795944213867188
-0.0007091008592396975
1.0191630125045776
-0.2674991488456726
0.3327361047267914
-0.0462707094848156
0.398368775844574
0.7588737607002258
-0.09481263905763626
0.07709946483373642
-0.35029593110084534
0.18969781696796417
0.8234487175941467
0.04414168372750282
0.05645960569381714
0.3471464216709137
-0.8247820734977722
0.35899582505226135
1.3152297735214233
0.2436816692352295
0.7433344721794128
0.18859943747520447
-0.2938002049922943
0.002370365895330906
0.5840081572532654
0.3611876666545868
0.34103405475616455
-0.3726990818977356
0.17485199868679047
-0.1890810877084732
0.06441675871610641
0.39652806520462036
-1.2056875228881836
0.05947359651327133
0.14384271204471588
-0.3603493571281433
0.23323571681976318
-0.2585143446922302
-0.4848768413066864
-0.2519945204257965
0.8048015236854553
-0.050877656787633896
-0.2024260014295578
-0.6827972531318665
-0.6073052883148193
0.6015295386314392
-0.179596409201622
-0.5040202736854553
0.587512731552124
0.263968825340271
0.5213643908500671
-0.030309578403830528
0.34405651688575745
0.16280771791934967
0.04826275259256363
0.0021769970189779997
-0.20579840242862701
0.2199651002883911
0.587902843952179
0.03708302229642868
-0.02117353305220604
0.8201560378074646
0.459264874458313
0.4731100797653198
0.6603648066520691
-0.025496579706668854
0.0584411546587944
-0.0043500326573848724
-0.02831246331334114
-0.024277200922369957
0.03686260059475899
-0.007240539416670799
-0.04466291517019272
0.011533049866557121
-0.019365234300494194
0.018407227471470833
-0.04016900062561035
-0.01078240666538477
0.02279624529182911
-0.01811223477125168
-0.04392150416970253
0.4184286892414093
0.4300745129585266
0.8115843534469604
0.40155768394470215
0.2218744158744812
0.15195128321647644
0.14756596088409424
-0.010684278793632984
0.49849316477775574
0.3158518970012665
0.07982755452394485
0.5369638800621033
0.3717291057109833
0.10185690969228745
-0.23869939148426056
0.5043192505836487
-0.009048785082995892
-0.04900652542710304
-0.06522399187088013
-0.0007356606074608862
-0.004009160678833723
-0.09590359777212143
-0.10830742865800858
0.0038679984863847494
0.01923557184636593
-0.08195816725492477
-0.05229136347770691
-0.06862089037895203
0.0022309867199510336
-0.023432204499840736
-0.05179371312260628
0.06186135113239288
-0.2767646014690399
-0.2643861472606659
0.27827975153923035
-0.6018005609512329
-0.42738035321235657
0.3947994112968445
0.3653225600719452
0.4397400915622711
-0.32081785798072815
0.30849698185920715
-0.27561381459236145
-0.21046528220176697
0.2292315661907196
-0.38764941692352295
-0.125705286860466
0.207519993185997
0.017107302322983742
0.6212408542633057
0.5690897703170776
0.7354868054389954
0.09756185114383698
-0.31026405096054077
-0.37314361333847046
0.9111804366111755
0.2923023998737335
0.2816840410232544
-0.32045599818229675
-0.04365096613764763
0.015759436413645744
0.04493073746562004
-0.21737489104270935
-0.4613202214241028
-0.31697455048561096
0.3052656352519989
-0.11267831921577454
0.18182453513145447
0.18087483942508698
0.47881054878234863
0.21253953874111176
0.2827608287334442
0.18922843039035797
0.6854124069213867
0.0051168943755328655
0.6672723293304443
0.8464481830596924
0.12143374979496002
0.6135193109512329
1.6916868686676025
-1.115912914276123
0.04494030028581619
0.10281021893024445
0.050314418971538544
-0.5466281771659851
0.10248905420303345
-0.28286439180374146
0.3520232141017914
0.2685452401638031
-0.26865068078041077
-0.2707955539226532
-0.1371622234582901
-0.25851699709892273
-0.18811531364917755
-0.8770099878311157
-0.5935266613960266
-0.7717081904411316
0.3849678635597229
0.1479802131652832
0.35682252049446106
0.22236688435077667
0.37527894973754883
-0.29293176531791687
0.5262776017189026
0.15525516867637634
-0.053739599883556366
-0.05413980782032013
-0.17632798850536346
0.47210440039634705
0.24773964285850525
-0.25423794984817505
0.35508599877357483
-0.2758469879627228
0.6676520705223083
0.029749451205134392
0.730095624923706
0.4593140184879303
0.08026508241891861
-0.08344031125307083
-0.29211416840553284
-0.1300661414861679
0.1738273948431015
-0.1954081505537033
0.1259976625442505
0.6151512265205383
-0.0025405653286725283
0.1815078854560852
0.4444424510002136
0.2502835690975189
0.18728065490722656
0.44269853830337524
0.49643605947494507
-0.024921825155615807
-0.1633407026529312
-0.02381066605448723
0.12133068591356277
-0.09683449566364288
0.04413972795009613
-0.18173478543758392
-0.19345711171627045
-0.22047914564609528
-0.07570955902338028
-0.37466344237327576
0.8547778725624084
0.355339914560318
0.5249028205871582
3.1951498985290527
0.0394744873046875
0.3464891016483307
0.4016685485839844
0.0810290277004242
0.35795748233795166
0.3340680003166199
0.5623692870140076
0.5011247396469116
-0.19257253408432007
-0.31585395336151123
0.46393299102783203
0.2634231448173523
0.9443778395652771
0.4877639710903168
0.9673705697059631
0.21259786188602448
-0.05299921706318855
0.5280934572219849
0.16448736190795898
-0.009912433102726936
0.030927782878279686
0.0906023159623146
0.3166654407978058
0.5047131776809692
0.04869330674409866
0.433549702167511
-0.5770097374916077
0.013714279979467392
0.7948668599128723
-0.7095498442649841
-0.19678948819637299
-0.12073831260204315
0.6744645237922668
0.07079856097698212
0.6788648962974548
-0.2723834812641144
0.6994571685791016
0.5490967035293579
-0.1512944996356964
-0.20925481617450714
0.5894789099693298
0.0878341794013977
-0.034280888736248016
-0.4358450472354889
-0.5406864881515503
-0.6288114190101624
0.04197877645492554
-0.10234841704368591
1.1082271337509155
0.16165925562381744
-0.13209979236125946
0.31010639667510986
0.3372306525707245
0.33891722559928894
0.22678764164447784
0.06381860375404358
-0.2585298717021942
-0.06586097180843353
-0.5243855118751526
0.027446256950497627
4.49300479888916
0.23369944095611572
0.5544135570526123
0.0971825122833252
0.5293451547622681
-0.01295237336307764
-0.21027857065200806
0.2942214012145996
0.6322747468948364
0.037127722054719925
0.0530821792781353
-0.33974674344062805
0.87434321641922
0.5981505513191223
0.30343008041381836
-0.39558103680610657
0.4331228733062744
0.06134089082479477
0.3232249319553375
-0.14276443421840668
0.10905729234218597
-0.05807805806398392
-0.44247251749038696
0.03880270943045616
0.702844500541687
-0.10500737279653549
0.21100325882434845
0.010587095282971859
0.8019443154335022
0.2001848816871643
0.4535781145095825
0.3672023415565491
0.5338367819786072
0.008087987080216408
-0.09561271965503693
0.2911747395992279
-0.2585250735282898
0.18393570184707642
-0.33982548117637634
0.03098565898835659
-0.10836437344551086
1.1158570051193237
0.7893801331520081
0.9094483256340027
0.07597550749778748
0.19093823432922363
0.4558180868625641
0.3141370713710785
0.17182640731334686
-0.12750478088855743
0.3106032907962799
-0.16319510340690613
0.5033044219017029
0.3116317391395569
0.3286276161670685
-0.3760020434856415
0.3987455666065216
-0.11142686754465103
0.25093498826026917
-0.30647870898246765
-1.1344586610794067
-0.2506354749202728
0.49668872356414795
0.11943437159061432
2.4566195011138916
-0.02999555692076683
0.3443586826324463
0.4328327178955078
0.2232455015182495
-0.29375651478767395
0.07699090987443924
-0.3953876793384552
0.5280987024307251
0.43886828422546387
0.31195735931396484
-0.3439441919326782
-0.28158268332481384
0.009055006317794323
0.003791957627981901
0.2039903849363327
0.6032375693321228
0.30353790521621704
0.06980552524328232
0.8179351091384888
0.11641377955675125
-0.9271523952484131
0.1147664412856102
-0.05491553619503975
-0.02929658629000187
0.32063233852386475
0.3804531693458557
0.13047124445438385
-0.21755871176719666
0.3233558237552643
0.5003636479377747
-0.38416436314582825
0.5542948842048645
0.5128108859062195
0.1198173388838768
0.10168448835611343
-0.5076726675033569
0.07599212974309921
-0.08280998468399048
-0.29215124249458313
0.4280053377151489
0.2044333964586258
-0.09658332914113998
-0.00871274434030056
0.10480630397796631
0.3768914043903351
0.2339577078819275
0.3117868900299072
0.17190417647361755
-0.039152275770902634
-0.001002281904220581
0.021098798140883446
0.019758623093366623
-0.011638644151389599
-0.03137647360563278
-0.0340459905564785
-0.06519164144992828
0.00930160004645586
-0.017752470448613167
-0.09077606350183487
-0.07280002534389496
-0.02813100814819336
-0.029981238767504692
-0.061032846570014954
-0.018625997006893158
-0.50426185131073
1.284144639968872
-0.5264868140220642
-0.2901529371738434
0.2945956587791443
0.3396962881088257
-1.0060534477233887
-0.01802784390747547
0.53575599193573
-0.6400918364524841
0.7970552444458008
-0.3647887110710144
-0.5563682913780212
-0.4156446158885956
-0.07223248481750488
1.2244900465011597
-0.02612820453941822
-0.032563358545303345
-0.10788163542747498
0.3866351246833801
0.3329788148403168
0.01068788766860962
0.03583469241857529
0.08912282437086105
0.9143970608711243
0.5674639940261841
0.6777330636978149
-0.022033195942640305
0.5273025035858154
0.18220974504947662
0.6082240343093872
0.8742059469223022
-0.0538388229906559
0.26909273862838745
0.2807755768299103
-0.338198184967041
-0.16969110071659088
0.2753141224384308
-0.3687119483947754
1.0295990705490112
0.15608598291873932
0.10608120262622833
-0.5919163227081299
0.4247521162033081
-0.07156706601381302
-0.6327008605003357
-0.3141905665397644
3.238880157470703
0.4289776086807251
0.14014677703380585
0.15976113080978394
0.11144117265939713
0.29136088490486145
0.04154764115810394
0.13493506610393524
0.15596842765808105
0.30314502120018005
0.06137102469801903
0.09487610310316086
-0.2959466576576233
0.7218742370605469
0.5584251284599304
-0.31397151947021484
0.2090734988451004
-0.7070788741111755
0.11626213788986206
-0.3616694509983063
0.5644155144691467
0.005430061835795641
-0.15063942968845367
0.18401303887367249
0.3551098108291626
0.17932158708572388
0.14767365157604218
0.8367319703102112
-0.13046936690807343
0.42722490429878235
0.33357495069503784
-0.116055928170681
0.1972939521074295
-0.5066829323768616
-0.7097107172012329
-0.13121956586837769
-0.03990477696061134
-0.10843133926391602
-0.0846056118607521
-0.45114126801490784
0.5223351120948792
0.8332794904708862
-0.01607121340930462
-0.10314109921455383
0.3294050991535187
0.0699896439909935
-0.48756301403045654
-0.24419742822647095
0.993360698223114
-0.05871019512414932
0.9163285493850708
-0.41386088728904724
0.2131708562374115
0.417224258184433
0.1962132304906845
0.14472810924053192
-0.16856656968593597
-0.09703530371189117
-0.40559130907058716
0.4924549162387848
0.5139376521110535
0.07019251585006714
0.76749587059021
0.020244935527443886
0.09967388957738876
0.15843993425369263
1.7864465713500977
-0.07632414996623993
0.7556241750717163
0.08394335210323334
-0.1770087629556656
0.6196073889732361
0.15384647250175476
-0.0943329781293869
0.24718818068504333
-0.32127082347869873
0.285992294549942
0.009836459532380104
0.4529672861099243
0.24561436474323273
-0.47939378023147583
-0.13839899003505707
-0.063886858522892
-0.342151403427124
-0.36523863673210144
-0.45587703585624695
-0.41904371976852417
-0.20382463932037354
0.5441800951957703
0.02298901230096817
0.09615606814622879
-0.808643102645874
0.14538754522800446
-0.046912431716918945
-0.17390146851539612
-0.4131808876991272
0.5401541590690613
0.19288796186447144
0.20746691524982452
0.02454107254743576
0.40153610706329346
0.02219809778034687
-0.133778378367424
0.09687341004610062
0.0596279539167881
0.6839349269866943
0.6288752555847168
0.4231110215187073
0.03444111719727516
0.8352671265602112
0.45765769481658936
0.3778116703033447
0.324702650308609
0.007241027895361185
-0.002371150767430663
-0.0733356773853302
-0.013702359050512314
-0.09545639157295227
-0.016845636069774628
-0.05542115122079849
0.031798355281353
-0.06592324376106262
0.004597784951329231
0.06473468989133835
-0.000431174470577389
0.030100997537374496
0.008768574334681034
0.03542005270719528
-0.05525311455130577
0.5373086929321289
0.3592665493488312
0.8620332479476929
0.274122416973114
0.17446768283843994
0.08198053389787674
0.2651517391204834
0.07018860429525375
0.5934458374977112
-0.05112038552761078
-0.08582193404436111
0.36534038186073303
0.9485426545143127
0.614357590675354
-0.28107619285583496
0.6018000245094299
0.04218366742134094
-0.03614344075322151
-0.048200588673353195
-0.038788508623838425
-0.05291062593460083
-0.07363329827785492
0.01516259927302599
-0.06248501315712929
-0.03279358893632889
0.010642409324645996
0.04150533676147461
-0.08791211247444153
-0.061285194009542465
0.029062531888484955
-0.07318500429391861
0.09551148861646652
-0.09809135645627975
-0.18451686203479767
-0.06170273944735527
-0.58161860704422
-0.3658973276615143
0.0968579426407814
0.14892852306365967
0.07453557848930359
-0.20345203578472137
-0.5778979063034058
-0.4424894452095032
-0.3228510618209839
0.2884870171546936
0.19787710905075073
0.008403808809816837
0.056084346026182175
0.1848694533109665
0.44750404357910156
0.24643385410308838
0.3092305362224579
-0.341118186712265
-0.1668727546930313
-0.2714163064956665
1.1793506145477295
0.22705842554569244
0.617104172706604
-0.025685656815767288
0.3980284035205841
0.14875072240829468
0.29207202792167664
-0.13645707070827484
-0.1767863780260086
0.1288762092590332
-0.02012632042169571
0.049321070313453674
0.4088042974472046
0.27314409613609314
0.37703871726989746
0.3588947355747223
0.4594484865665436
0.579472541809082
0.8856511116027832
0.15006321668624878
0.7068737745285034
0.5992898344993591
0.07153497636318207
-0.1258896440267563
1.2276700735092163
-1.0323606729507446
0.17214567959308624
-0.32731351256370544
-0.5328800678253174
-0.5666340589523315
0.11111591011285782
-0.97579026222229
-0.04711640626192093
0.8210213780403137
-0.5759029388427734
-0.03457062318921089
-0.1699361801147461
-0.2187853455543518
-0.2901536524295807
-0.49775511026382446
-0.6252381801605225
-0.27258676290512085
0.31161484122276306
-0.000538683554623276
0.3797091245651245
-0.16769924759864807
0.1362559199333191
-0.11753006279468536
0.633831262588501
0.4245935082435608
0.07011540234088898
0.40027904510498047
-0.19673915207386017
0.6216142177581787
0.28136512637138367
-0.8272709846496582
0.4103047549724579
0.24784483015537262
0.7115863561630249
-0.10936839133501053
0.6484658718109131
0.5271893739700317
-0.17824217677116394
-0.0835835337638855
0.29280850291252136
0.4993512034416199
0.25317320227622986
0.0005717416061088443
-0.2356964647769928
0.9050499200820923
-0.016294654458761215
-0.5997207164764404
0.3835018575191498
0.17586539685726166
0.18250484764575958
-0.4419427514076233
0.4150984585285187
-0.14629366993904114
-0.07845183461904526
0.08981095254421234
0.1244025006890297
0.10565312951803207
0.05986548215150833
-0.27983227372169495
-0.1832060068845749
-0.09743009507656097
0.20451857149600983
-0.2594382166862488
0.5127923488616943
0.4515482485294342
0.340165913105011
3.0745022296905518
-0.11309666931629181
0.4807265102863312
0.26864486932754517
0.037967927753925323
0.5275176167488098
0.17429552972316742
-0.003644645679742098
0.509041965007782
0.039465904235839844
0.31638699769973755
0.3481700122356415
0.6718824505805969
0.9014486074447632
0.35021811723709106
0.6417851448059082
0.4374948740005493
0.5386865139007568
0.3345157504081726
-0.04046038165688515
0.23443147540092468
-0.39347532391548157
-0.12802277505397797
0.07492630183696747
0.7134631872177124
0.26048344373703003
0.545276403427124
0.025058075785636902
-0.6614848375320435
0.8310720920562744
-0.4214916527271271
-0.13168728351593018
-0.4957955777645111
0.48640719056129456
-0.13320906460285187
0.10834997892379761
-0.6794612407684326
0.9091013073921204
0.25521737337112427
-0.19388999044895172
-0.07227069139480591
0.6803176999092102
0.5214375853538513
-0.11540157347917557
-0.13241171836853027
-0.6760907769203186
-0.9143264293670654
-0.5122177004814148
-0.4363410472869873
1.2412654161453247
-0.27164679765701294
-0.4440031051635742
0.7144353985786438
0.4804443418979645
-0.15282614529132843
0.3321239650249481
0.20799559354782104
1.148667335510254
-0.04963873699307442
-0.5336596965789795
0.033701322972774506
4.250526428222656
0.6058294773101807
0.2310427725315094
0.8852075934410095
0.8821026086807251
-0.24688413739204407
-0.19562719762325287
0.5461992025375366
0.07983475923538208
-0.3995434641838074
-0.10692156106233597
-0.15712133049964905
1.055487871170044
0.3096309006214142
-0.08420247584581375
-0.6099995374679565
0.24026310443878174
0.0976099744439125
0.4268703758716583
0.2685610353946686
0.42258787155151367
-0.2015821933746338
-0.491540789604187
0.04794827103614807
0.8137387633323669
-0.15998435020446777
-0.14243753254413605
-0.17094512283802032
0.3752196431159973
-0.014712993055582047
0.158138245344162
0.4168050289154053
0.39328181743621826
-0.14528530836105347
0.09826547652482986
0.1709073930978775
-0.4163811206817627
-0.0971718356013298
-0.04502689465880394
-0.4997410178184509
0.011837995611131191
1.3652843236923218
0.5854929089546204
0.1114300936460495
0.1300549954175949
-0.13391466438770294
0.5449316501617432
0.4964132010936737
-0.36307451128959656
-0.49761781096458435
0.20798055827617645
-0.5020459890365601
0.7376759052276611
0.19704461097717285
-0.012083427049219608
-0.3346656560897827
0.30097830295562744
-0.4487324059009552
0.1100524514913559
0.005534118972718716
-0.9485926628112793
-0.418882817029953
-0.0075907837599515915
-0.1514003723859787
1.4438092708587646
0.021265121176838875
0.43738433718681335
0.3830731511116028
0.9437841176986694
0.019468897953629494
0.308254599571228
-0.007934212684631348
-0.24729706346988678
-0.16490529477596283
0.058113232254981995
0.1291828602552414
-0.4527154266834259
0.1789376437664032
-0.316189169883728
-0.5986647009849548
0.5966078639030457
0.29738059639930725
0.24556156992912292
0.9614768028259277
0.6789200901985168
-0.7896318435668945
0.2104380875825882
-0.6350146532058716
-0.3073063790798187
0.18334762752056122
-0.04794924706220627
-0.8172088265419006
0.021107038483023643
0.6062930226325989
-0.10796520113945007
-0.13040383160114288
0.40918323397636414
0.4768369495868683
0.6841392517089844
0.8468303680419922
0.17205795645713806
0.29016005992889404
0.16238544881343842
-0.11422915756702423
0.6805396676063538
-0.08609022200107574
-0.3228828012943268
-0.17178493738174438
-0.21216607093811035
0.12705287337303162
0.1210935190320015
-0.13446158170700073
-0.08467293530702591
8.626707858638838e-05
0.0176940206438303
-0.014836837537586689
0.055459603667259216
-0.11170677095651627
0.027241280302405357
-0.025916744023561478
-0.016905654221773148
0.1029735803604126
0.0008262860937975347
-0.12184029072523117
-0.048914067447185516
-0.04847805202007294
-0.0020113978534936905
0.045056961476802826
0.0855691060423851
-0.29261794686317444
1.378661036491394
-0.5928381085395813
-0.4025295078754425
0.06760226935148239
-0.0015855188248679042
-1.387284755706787
-0.06605827063322067
0.6569283604621887
-0.7943155765533447
0.8611293435096741
-0.24434751272201538
0.05583077296614647
-0.0562262199819088
-0.15753406286239624
1.5117663145065308
-0.09966681152582169
0.04318418726325035
-0.15310867130756378
0.20264802873134613
0.02906673401594162
0.08583495765924454
-0.3072400689125061
0.18571074306964874
1.153634786605835
0.36927661299705505
0.06304669380187988
-0.02369081787765026
0.24235676229000092
0.08381280303001404
0.6437149047851562
0.5943716764450073
-0.07656612247228622
0.3019304871559143
-0.08216410130262375
0.37932896614074707
0.047595374286174774
-0.1519947350025177
-0.19160443544387817
1.1989860534667969
-0.18502523005008698
-0.016699276864528656
-0.057957638055086136
0.11005185544490814
-0.039487093687057495
-0.06627567857503891
-0.9351740479469299
3.846888303756714
0.7191239595413208
0.6855334043502808
0.23433540761470795
0.47196438908576965
0.29579958319664
0.2361885905265808
-0.07531793415546417
-0.03445522487163544
0.03858916461467743
0.07914870232343674
0.18687452375888824
-0.11077378690242767
0.31552013754844666
0.24748027324676514
-0.3311031460762024
0.07154393941164017
-0.6925373077392578
0.18265026807785034
0.0011742317583411932
0.5182002186775208
-0.40896207094192505
-0.01446534413844347
0.10783515870571136
0.353071928024292
0.42244747281074524
-0.29624810814857483
0.5713831782341003
-0.18781735002994537
0.19306372106075287
0.09563407301902771
0.3889037072658539
0.021029487252235413
-0.38858556747436523
-0.43547236919403076
-0.4581891894340515
0.15696793794631958
0.002178814960643649
-0.2043837010860443
-0.3436824381351471
0.7629384398460388
0.5447328686714172
-0.02901555225253105
-0.30252304673194885
-0.10789544880390167
0.21315529942512512
-0.1930248886346817
-0.738178014755249
0.3720161020755768
-0.11310552805662155
0.6185021996498108
-0.2340845912694931
0.24980394542217255
0.44654542207717896
0.3635251820087433
0.06253350526094437
0.20655834674835205
0.30292731523513794
-0.41159889101982117
0.43595144152641296
0.8434993028640747
0.0872744619846344
0.05869652330875397
0.2347678393125534
0.25783124566078186
0.3744329810142517
1.5611530542373657
0.2653684914112091
0.7361940145492554
-0.14447687566280365
-0.27207812666893005
0.07791656255722046
0.6588777899742126
-0.09655847400426865
0.21204006671905518
-0.033710137009620667
0.3243148922920227
-0.4068129062652588
0.10945838689804077
0.48886704444885254
-0.16770364344120026
-0.412842333316803
-0.2731647193431854
-0.05292735621333122
0.02687993459403515
-0.06412258744239807
-0.49496182799339294
-0.46243324875831604
1.3542360067367554
-0.32457348704338074
-0.24002715945243835
-0.6417803764343262
-0.21098685264587402
-0.2267477661371231
-0.14316533505916595
-0.9226266741752625
0.11331695318222046
0.5197842717170715
0.27752092480659485
0.08383513242006302
0.33901405334472656
0.10052655637264252
0.018140925094485283
-0.6416717171669006
-0.001038965187035501
0.6347061991691589
0.2261890470981598
0.028266606852412224
0.05115808919072151
0.4883267283439636
0.05947034806013107
0.25195494294166565
0.2486579865217209
0.06838797777891159
-0.09227562695741653
-0.006779363378882408
-0.05187950283288956
0.07047396153211594
-0.048503052443265915
0.010772309266030788
-0.029373908415436745
0.02200639620423317
0.030027318745851517
0.04896068572998047
-0.02268783189356327
-0.08079031109809875
-0.004701734986156225
-0.03810403123497963
0.041177645325660706
0.6306090950965881
0.4804094433784485
0.9970791339874268
0.44306275248527527
0.1229269877076149
0.33825308084487915
0.2802483141422272
0.02462881989777088
0.5707718133926392
0.13586319983005524
-0.33079206943511963
0.44717299938201904
0.6761659383773804
0.09692246466875076
-0.6818553805351257
0.3447766900062561
-0.04952419921755791
0.019337447360157967
-0.004806969780474901
-0.049351610243320465
-0.017155377194285393
-0.128660187125206
-0.02599048614501953
-0.06510838121175766
-0.03680882975459099
0.0060049197636544704
-0.02830216847360134
0.01855967566370964
-0.07720299810171127
0.055012673139572144
-0.039985042065382004
0.010738369077444077
0.14393681287765503
-0.4573344886302948
0.27397620677948
-0.3742787837982178
-0.345013827085495
0.21272505819797516
0.6034537553787231
0.06418636441230774
-0.4361778795719147
0.0801539346575737
-0.15247881412506104
-0.16773435473442078
1.0068674087524414
-0.46842631697654724
0.14718523621559143
-0.19834458827972412
0.03691411390900612
0.5468697547912598
0.5947263240814209
0.5823816061019897
-0.6427031755447388
-0.27423354983329773
-0.28206926584243774
1.1991711854934692
-0.1618594229221344
0.15445750951766968
-0.024871431291103363
0.3304344415664673
-0.17284204065799713
0.04321420565247536
0.033195119351148605
0.19147495925426483
-0.3025568127632141
-0.07143187522888184
-0.34547021985054016
0.1012154370546341
0.22924721240997314
0.2106487900018692
-0.5152485966682434
0.609795093536377
1.073278784751892
0.8830468058586121
-0.15902118384838104
0.843124270439148
0.5162594318389893
0.19763818383216858
0.4937092661857605
1.0071959495544434
-0.6517402529716492
0.1499606966972351
0.14642339944839478
-0.14227426052093506
-0.671668291091919
0.2559201717376709
-1.1764520406723022
0.08586566895246506
0.8462193012237549
-0.006086121778935194
0.07489307224750519
-0.4485626816749573
-0.0332161970436573
-0.2911040186882019
-0.7842389941215515
-0.6847780346870422
-0.4877205193042755
0.534770667552948
0.23356348276138306
0.3743162155151367
-0.33223745226860046
0.04929238557815552
-0.6792783737182617
0.5620946884155273
0.7907940149307251
-0.413983553647995
0.09609048068523407
0.06527594476938248
0.08024175465106964
0.0937734916806221
-0.15482136607170105
-0.2045743465423584
-0.04866242781281471
0.7035387754440308
0.27385640144348145
0.6815395951271057
0.3105011582374573
0.13300494849681854
-0.4983938932418823
0.12568087875843048
1.1107139587402344
-0.15238985419273376
0.073895663022995
0.07731914520263672
0.3602682948112488
-0.30907827615737915
-0.07782650738954544
0.5028895735740662
-0.00674972590059042
0.4341537654399872
0.08684714138507843
0.4388076066970825
0.006852244026958942
-0.21803872287273407
0.031458780169487
-0.0657787173986435
-0.4917798340320587
0.010250098071992397
-0.1488892138004303
0.3136579096317291
-0.40516459941864014
-0.05032476410269737
-0.29684576392173767
-0.053761642426252365
0.40096384286880493
0.5859290957450867
3.0211386680603027
0.18559549748897552
0.41929906606674194
0.009135927073657513
-0.042705073952674866
0.363562673330307
0.24008643627166748
0.16948629915714264
0.06578966230154037
0.2750280797481537
0.5130454897880554
0.3155387341976166
0.14347143471240997
0.9861246347427368
0.4613305628299713
0.627490222454071
0.34761491417884827
0.0015476976986974478
0.5849310755729675
0.24711361527442932
-0.32170772552490234
0.1868055909872055
0.11502931267023087
0.35264572501182556
0.3637882173061371
-0.050448235124349594
-0.15763629972934723
-0.7365403175354004
0.1301632672548294
0.5854848027229309
-0.14207570254802704
0.21232950687408447
-0.16414597630500793
0.5170186758041382
0.0746900737285614
-0.06449908018112183
-0.30907881259918213
0.9175275564193726
0.08076056092977524
-0.3383029103279114
0.035870715975761414
0.5040185451507568
0.5742276906967163
-0.0863225981593132
-0.4759625196456909
-0.4954015612602234
-0.37231558561325073
-0.2994011342525482
-0.18085773289203644
0.7730365991592407
0.4145553708076477
0.05692821368575096
0.5549705028533936
1.1841341257095337
-0.04550088942050934
0.6063584685325623
-0.07415737956762314
0.02685631439089775
-0.15053068101406097
-0.6002029180526733
0.10213111340999603
4.519806861877441
0.4731977880001068
0.3560253977775574
-0.1506805121898651
0.5477056503295898
0.1556500643491745
-0.2183958888053894
-0.08280712366104126
0.3618272840976715
-0.05495689436793327
0.2579420506954193
-0.5645740032196045
1.0718210935592651
-0.16460858285427094
-0.2270146608352661
-0.27028197050094604
0.28837621212005615
-0.0072946613654494286
0.41539832949638367
-0.3123154044151306
0.4179895520210266
0.22644059360027313
-0.5380321145057678
-0.2103247195482254
0.4435930848121643
0.32164692878723145
-0.3763865828514099
-0.26968812942504883
0.5269212126731873
0.03256627544760704
0.6032264232635498
0.16231916844844818
0.7214237451553345
0.13255877792835236
-0.10801146924495697
-0.04291508346796036
-0.1838577687740326
4.083930980414152e-05
-0.22497546672821045
-0.004324985668063164
0.1472049355506897
0.28222960233688354
0.6702945828437805
0.8906576037406921
0.061270661652088165
0.2174302041530609
0.5865516066551208
0.5083323121070862
-0.16265669465065002
-0.589813232421875
0.09844810515642166
0.07706253230571747
0.7231627106666565
0.05447670817375183
0.39313843846321106
-0.2877572774887085
1.119124412536621
-0.0972980409860611
0.5479534268379211
-0.2326928675174713
-1.0010944604873657
-0.3097379207611084
0.26040786504745483
-0.20902705192565918
1.915123462677002
0.13901378214359283
-0.009016841650009155
0.3042176067829132
0.2933713495731354
0.2311558574438095
0.41912320256233215
-0.605941891670227
0.28150054812431335
0.1531427651643753
1.0118939876556396
-0.6211270093917847
-0.3861723244190216
-0.30805373191833496
-0.6103766560554504
0.23654992878437042
0.3963169455528259
0.3300561308860779
0.25282368063926697
1.4032930135726929
0.26487481594085693
-0.4766440689563751
0.17668691277503967
-0.676701545715332
-0.2981205880641937
0.6037842631340027
0.28035327792167664
-0.582146942615509
-0.18099462985992432
-0.11646759510040283
0.011189810000360012
-0.05480817332863808
0.32569432258605957
0.2573915719985962
0.14392206072807312
0.12841323018074036
-0.5119906067848206
0.17772962152957916
0.26840704679489136
-0.060167040675878525
0.4660409986972809
0.49427327513694763
0.605793833732605
-0.025671273469924927
-0.0031512677669525146
-0.1289193332195282
0.17961518466472626
0.36832669377326965
-0.06716734915971756
-0.0796002522110939
0.008244331926107407
0.06454247981309891
0.05941203981637955
0.0009637079201638699
-0.02377537451684475
-0.08086412400007248
0.08018110692501068
0.05879195034503937
-0.008091715164482594
-0.04753980413079262
-0.07161227613687515
0.06237305328249931
-0.03792271763086319
0.007277120836079121
-0.027949204668402672
-0.4286611080169678
1.2278305292129517
-0.40632280707359314
-0.2538451850414276
-0.40656915307044983
0.06392952054738998
-0.7322610020637512
-0.3594712018966675
0.15251722931861877
-0.5472516417503357
1.1581342220306396
-0.02044144831597805
-0.09213969111442566
-0.2497391253709793
0.32641807198524475
1.2053622007369995
0.09736493229866028
0.03650060296058655
-0.47101372480392456
0.2921168804168701
0.32134944200515747
0.015101047232747078
-0.17049124836921692
0.048818763345479965
0.010544569231569767
0.27623188495635986
0.6353392004966736
-0.19099338352680206
0.4534111022949219
0.18821556866168976
0.5315428376197815
0.7729401588439941
-0.0012066182680428028
-0.0035697922576218843
0.06661780178546906
0.06418343633413315
0.21567688882350922
-0.08385264873504639
-0.42318663001060486
2.2791173458099365
0.36658090353012085
0.23018629848957062
-0.9164959192276001
0.6699061989784241
0.04819298908114433
-0.401185542345047
-0.703615665435791
3.7184267044067383
0.37020111083984375
0.5591686367988586
0.27146369218826294
0.1476762592792511
0.17759613692760468
0.2645201086997986
-0.2552984356880188
0.07841343432664871
0.628316342830658
0.6872051358222961
-0.03101944550871849
0.16720062494277954
0.3438878357410431
0.4687388837337494
-0.2664490044116974
0.2254902869462967
-0.3604074716567993
0.3363650143146515
-0.6408414244651794
0.24794496595859528
-0.07664255797863007
0.0263264961540699
0.18964751064777374
0.29964014887809753
0.05630512163043022
-0.29436391592025757
0.5546597242355347
-0.17017610371112823
-0.14499489963054657
0.08769329637289047
0.021179869771003723
-0.13815340399742126
-0.33530527353286743
-0.45288845896720886
-0.3138115406036377
-0.38444751501083374
-0.07017415016889572
-0.06562149524688721
-0.420982301235199
0.8268146514892578
-0.04320734739303589
0.14059500396251678
0.023119933903217316
0.49780938029289246
0.6015221476554871
-0.2537890672683716
-0.25467875599861145
1.1857211589813232
-0.10033877938985825
0.7449107766151428
-0.5485175251960754
0.05484934151172638
-0.32841113209724426
-0.04202702268958092
0.1449374258518219
-0.12091772258281708
0.09707143902778625
-0.36143234372138977
0.16759197413921356
1.2073984146118164
-0.05548477545380592
0.46459299325942993
0.2039312720298767
0.5399945378303528
0.18357586860656738
1.637685775756836
-0.06392726302146912
0.7431945204734802
-0.12381092458963394
-0.5637217164039612
0.4264463186264038
0.3228398561477661
0.2011205106973648
-0.03512633219361305
-0.4016834497451782
0.8609941601753235
-0.4195077121257782
0.7518591284751892
-0.021096743643283844
-0.3264869153499603
-0.3700217604637146
-0.5271449685096741
-0.2110191434621811
-0.402751088142395
-0.14663387835025787
-0.2851438522338867
-0.2125152200460434
0.6037516593933105
0.14356115460395813
-0.07435151189565659
-0.8475128412246704
0.5062050223350525
0.43051910400390625
0.09931293874979019
-0.9743636846542358
0.8960116505622864
0.7694960832595825
0.5581948757171631
-0.36853960156440735
0.5396767258644104
0.18460993468761444
-0.2764267027378082
-0.4771295189857483
-0.061342753469944
0.548787534236908
0.7470143437385559
0.20578384399414062
-0.5940871834754944
0.5601574778556824
0.28604692220687866
0.5665576457977295
0.09930051118135452
0.029842093586921692
0.0023116287775337696
-0.016723914071917534
0.10857988148927689
-0.05857974663376808
-0.018873922526836395
0.0414259135723114
0.018138421699404716
-0.022900674492120743
-0.0359392985701561
0.0653863325715065
0.014101237989962101
0.0046966602094471455
0.047116536647081375
-0.0018661932554095984
0.08852613717317581
0.49918991327285767
0.3237456977367401
1.0212198495864868
0.1792079508304596
0.4331401586532593
-0.21208475530147552
-0.044338177889585495
-0.08380413055419922
0.6297114491462708
0.08464685082435608
-0.4700440466403961
0.3990668058395386
0.1792384833097458
0.39713719487190247
0.14740265905857086
0.4714410901069641
-0.09989690035581589
-0.006663403939455748
0.029936213046312332
0.005324169527739286
-0.046027109026908875
-0.015646234154701233
-0.029427682980895042
-0.010014239698648453
0.10604780167341232
-0.027430158108472824
-0.03324439749121666
-0.0471821054816246
0.10029139369726181
-0.003997132647782564
0.04559189826250076
0.028904052451252937
-0.21130183339118958
-0.25337615609169006
0.29238396883010864
-0.7344725131988525
-0.34523728489875793
-0.13816618919372559
0.06452728807926178
0.19713491201400757
-0.26282742619514465
0.08371740579605103
-0.1656033992767334
0.23307740688323975
0.304036021232605
-0.4146111309528351
-0.21057340502738953
0.2481038123369217
-0.1254219263792038
0.4445696175098419
0.06987065821886063
0.5930163860321045
-0.13896773755550385
-0.6015712022781372
-0.6120796799659729
0.8527350425720215
0.3418276607990265
0.22244244813919067
-0.33056363463401794
0.44651952385902405
-0.5143136382102966
0.4013133943080902
-0.3111283779144287
0.212540864944458
0.4480190873146057
0.6583951115608215
-0.4718211889266968
0.25766798853874207
0.34393399953842163
0.32211068272590637
-0.03200623765587807
0.29699817299842834
0.3367425501346588
0.6572908759117126
0.28492850065231323
0.36169183254241943
0.338877409696579
0.024310721084475517
-0.236820787191391
1.163403868675232
-0.3635677099227905
-0.3221188187599182
-0.0855642631649971
-0.23837433755397797
-0.2750282883644104
-0.10207781940698624
-0.9454359412193298
0.44910377264022827
0.27454623579978943
-0.3092310130596161
-0.2119118720293045
-0.002004582667723298
-0.0847238078713417
-0.01098776888102293
-0.6015912294387817
-1.0021660327911377
0.07969097048044205
0.5052502751350403
-0.1906650960445404
0.36219295859336853
0.19977721571922302
0.26402488350868225
-0.19983863830566406
0.35924074053764343
0.07107265293598175
-0.3340350091457367
0.6040771007537842
-0.2516120374202728
0.13322439789772034
0.287227600812912
-0.49254122376441956
0.3945314288139343
0.3559228777885437
0.8849491477012634
0.05380984768271446
0.7779618501663208
0.3802391290664673
0.1164555475115776
-0.2814052104949951
-0.12943974137306213
-0.18351265788078308
-0.09392969310283661
-0.07076714187860489
-0.28459176421165466
0.3867775499820709
-0.309607595205307
-0.3892468810081482
0.2065090388059616
-0.3879624307155609
0.22386610507965088
-0.20275133848190308
0.5793641805648804
-0.10194935649633408
-0.3228166997432709
0.05284356325864792
0.479184091091156
-0.18831321597099304
0.15106093883514404
-0.18730637431144714
0.4184790253639221
-0.16391721367835999
0.49566811323165894
-0.6172430515289307
-0.10580553114414215
0.5484082698822021
0.4622933864593506
2.8001461029052734
0.004926127381622791
0.42657896876335144
-0.2976757287979126
-0.5157849192619324
0.3027099370956421
0.7185845971107483
0.4304244816303253
-0.12415233999490738
-0.33734437823295593
-0.4755198359489441
0.19954726099967957
0.820709764957428
0.39615654945373535
-2.255727529525757
-2.1219146251678467
-1.1673747301101685
-1.5960675477981567
-4.4707489013671875
-1.3113608360290527
-1.2989931106567383
-0.6832740902900696
-1.5556529760360718
-1.0926463603973389
-2.0933568477630615
-0.6745120882987976
-1.8513063192367554
-1.572364091873169
-1.7094720602035522
-4.646748065948486
-3.10249924659729
-0.8657741546630859
-1.3382447957992554
-1.2062841653823853
-0.9504441618919373
-1.0740126371383667
-0.18301546573638916
-1.4413331747055054
-1.410902500152588
-0.7675390243530273
-0.5360201001167297
-1.3900244235992432
-1.2450181245803833
-0.9831207990646362
-1.6386046409606934
-0.2511252760887146
-0.21756313741207123
-0.6808928847312927
-0.12340939790010452
-0.8874621987342834
-0.5715512037277222
-0.36453738808631897
-0.653740644454956
-0.6793009042739868
-0.6290252804756165
-0.6462812423706055
-0.9230706095695496
-0.2239798754453659
-0.8226058483123779
-1.0792040824890137
-0.9914007186889648
-3.086977243423462
-2.7814996242523193
-2.8591761589050293
-1.8048218488693237
-2.342358112335205
-4.202380180358887
-1.3423104286193848
-1.535256028175354
-1.5061163902282715
-1.8178151845932007
-1.222579836845398
-1.4451607465744019
-1.7083170413970947
-2.3459906578063965
-1.6978285312652588
-2.000422477722168
-3.1905136108398438
-3.1345832347869873
-2.2221877574920654
-1.5936177968978882
-1.4470590353012085
-1.3238544464111328
-0.8733565211296082
-0.6836398243904114
-1.29664146900177
-1.3206969499588013
-1.0563372373580933
-0.4636847972869873
-2.076598882675171
-1.6508790254592896
-1.3991351127624512
-2.1679415702819824
-0.4543464481830597
-3.7060883045196533
-0.9924202561378479
-1.152506947517395
-0.12577834725379944
-1.1525120735168457
-0.48361921310424805
-0.7156231999397278
-0.36625415086746216
-1.5796849727630615
-1.1545318365097046
-0.8919057250022888
-1.6216626167297363
-2.723590850830078
-1.197900414466858
-1.1815869808197021
-1.0897526741027832
-0.9464569687843323
-2.228098154067993
-0.5684863924980164
-1.3487639427185059
-1.0680643320083618
-1.3290364742279053
-0.33790677785873413
-1.2094309329986572
-0.6983916163444519
-0.36318033933639526
-1.2195289134979248
-0.1584632247686386
-0.7545686960220337
-1.0798377990722656
-1.3909456729888916
-1.9983046054840088
-1.9957383871078491
-1.563362956047058
-0.9749053120613098
-1.691175937652588
-3.8411357402801514
-1.2283092737197876
-1.043774127960205
-1.1487904787063599
-1.4955192804336548
-1.4874886274337769
-1.3056697845458984
-0.2627333700656891
-1.922148585319519
-1.825762391090393
-1.4844704866409302
-4.127482891082764
-1.4875558614730835
-0.9452090859413147
-1.2907233238220215
-1.1077992916107178
-3.119626760482788
-0.4950177073478699
-0.5184934735298157
-0.20859427750110626
-0.9441898465156555
-0.8934860229492188
-0.4935109615325928
-0.6587784290313721
-1.0309480428695679
-0.8960849046707153
-0.4217776358127594
-1.5849612951278687
-3.5061721801757812
-2.6086795330047607
-2.6152772903442383
-1.1869922876358032
-3.6841559410095215
-1.3970891237258911
-1.3050737380981445
-1.5366545915603638
-1.9904502630233765
-1.2766149044036865
-1.672822117805481
-1.6886478662490845
-2.7872767448425293
-1.7845286130905151
-2.383289337158203
-3.324246883392334
-0.008583816699683666
-0.07618869096040726
-0.030835555866360664
-0.021381819620728493
-0.0675574541091919
0.07671099156141281
0.0369538739323616
0.013784956187009811
0.022118302062153816
-0.0043623908422887325
-0.062498338520526886
-0.02133367396891117
0.026370037347078323
-0.008093509823083878
0.02207639440894127
0.11742758750915527
-0.0761328786611557
-0.3391871750354767
0.04460253566503525
0.014551383443176746
-0.21733921766281128
-0.17309142649173737
0.3330957889556885
0.001573450630530715
-0.2746121287345886
0.3336275815963745
-0.330832302570343
0.10084809362888336
-0.06473296135663986
-0.014124950394034386
-0.21703560650348663
-0.267778605222702
-4.470946311950684
-1.086460828781128
-1.2696962356567383
-0.6549634337425232
-1.2537082433700562
-0.887455403804779
-0.7518919110298157
-0.6489516496658325
-1.5714256763458252
-1.3872857093811035
-0.8837782740592957
-2.1119282245635986
-3.0116703510284424
-1.3192150592803955
-1.9009222984313965
-1.8485801219940186
-0.9494331479072571
-1.1736723184585571
-0.3994625210762024
-1.1656816005706787
-0.7354397177696228
-0.7235925793647766
-0.4113779067993164
-1.3789905309677124
-1.2137781381607056
-0.615532636642456
-1.4756104946136475
-0.06186774745583534
-1.256587028503418
-1.3479245901107788
-0.9438540935516357
-3.624617099761963
-4.316911220550537
-3.029006004333496
-2.0993258953094482
-2.06384539604187
-3.789518117904663
-1.9837536811828613
-1.267887830734253
-1.239389181137085
-2.2937381267547607
-1.6938360929489136
-2.3884968757629395
-2.305792808532715
-2.556262731552124
-2.1510860919952393
-2.601484775543213
-3.3362088203430176
-3.4889097213745117
-2.3008298873901367
-1.486257791519165
-1.1524327993392944
-1.2609949111938477
-1.2400404214859009
-1.188262701034546
-1.216235876083374
-1.6321676969528198
-0.9824358820915222
-1.3744020462036133
-1.4899275302886963
-2.866764783859253
-1.3626928329467773
-2.1134543418884277
-1.5393482446670532
-3.1441850662231445
-0.985973596572876
-0.9619036316871643
-0.8894527554512024
-1.5922267436981201
-1.1295729875564575
-0.39057523012161255
-1.335950493812561
-1.7612323760986328
-1.2460761070251465
-1.964988112449646
-1.238974928855896
-2.1227376461029053
-1.5257281064987183
-2.0497231483459473
-3.4019620418548584
-0.7077656984329224
-1.3941164016723633
-0.46527403593063354
-0.9194323420524597
-1.0363258123397827
-0.8947849273681641
-0.41678598523139954
-0.38600650429725647
-0.6201164722442627
-0.1395455002784729
-0.09356911480426788
-0.8699378371238708
-0.8391010165214539
-0.6205352544784546
-1.609718918800354
-0.2409801334142685
-0.9601141214370728
-2.0137648582458496
-1.154491901397705
-1.3106375932693481
-0.5471522212028503
-0.84306800365448
-0.5097073316574097
-1.1037113666534424
-0.8715369701385498
-0.8257239460945129
-0.6397256851196289
-1.13424551486969
-0.6867489218711853
-0.8329047560691833
-1.981358289718628
-0.14919432997703552
-2.4538862705230713
-1.9133144617080688
-1.112918496131897
-1.2142366170883179
-1.2406861782073975
-1.089134693145752
-0.2225051373243332
-1.58700692653656
-1.3864192962646484
-0.9482647776603699
-0.9431151747703552
-1.1902748346328735
-2.0024802684783936
-1.528089165687561
-1.8280366659164429
-2.4511559009552
-4.5796942710876465
-1.434287428855896
-1.6016274690628052
-1.233360767364502
-2.6861684322357178
-0.8373491764068604
-1.1800459623336792
-0.30679333209991455
-1.7838597297668457
-1.738006591796875
-1.2340962886810303
-2.193986654281616
-3.2640180587768555
-1.4846986532211304
-1.9732520580291748
-2.339865207672119
-0.00720091862604022
0.04734840616583824
0.007355468347668648
0.03193213418126106
0.0661129280924797
-0.0626947432756424
0.050737760961055756
-0.03739058971405029
0.016141464933753014
-0.03294859454035759
-0.02256389521062374
-0.08516626805067062
0.06196100637316704
0.0157220009714365
-0.04349595680832863
0.03435681015253067
-1.511658787727356
-1.0289058685302734
-1.8255535364151
-1.2554177045822144
-3.7973315715789795
-1.45078706741333
-1.014570713043213
-0.6789746880531311
-1.5459325313568115
-0.9494705200195312
-0.5710463523864746
-1.3271517753601074
-1.4233925342559814
-1.4193357229232788
-1.3049756288528442
-1.6512371301651
-0.006438305601477623
-0.04272353649139404
0.07010268419981003
-0.0629291981458664
-0.0376012809574604
-0.026747319847345352
0.0849231630563736
-0.039005909115076065
-0.037274520844221115
0.05051465705037117
-0.08366012573242188
-0.005799058359116316
0.011368947103619576
0.02246151678264141
-0.07974255084991455
0.010785341262817383
-0.6751422882080078
-0.2963384985923767
-0.6234110593795776
-0.24109295010566711
-2.2399470806121826
-0.5120037794113159
-0.9349047541618347
-0.4453800916671753
-0.6816487312316895
-0.3532419204711914
-0.20775385200977325
-0.13463664054870605
-0.9697094559669495
-0.5506477952003479
-0.7803986668586731
-1.2860753536224365
-2.9790329933166504
-2.5645809173583984
-1.7276942729949951
-1.4749412536621094
-0.7581892013549805
-0.5732412934303284
-0.18719764053821564
-1.652685523033142
-1.273931622505188
-1.0941212177276611
-0.8190814256668091
-1.7351329326629639
-1.2607351541519165
-1.1949820518493652
-1.6674171686172485
-0.5715101361274719
-3.71038556098938
-0.8144161105155945
-0.8633324503898621
-0.5898432731628418
-0.9153735041618347
-0.7967488169670105
-0.622597336769104
-0.8859245777130127
-1.4838216304779053
-1.1098511219024658
-0.5200373530387878
-1.8848962783813477
-1.4998615980148315
-0.9604430198669434
-1.6489394903182983
-1.7851155996322632
-1.472244381904602
-0.26753079891204834
-0.32062262296676636
0.13443158566951752
-0.3211609721183777
-0.3483913838863373
0.10061301290988922
-0.29235008358955383
-0.41104331612586975
-0.15262897312641144
-0.22754649817943573
-0.35958826541900635
-1.2951254844665527
-0.2366674840450287
-0.08321146667003632
-0.36726686358451843
-4.582084655761719
-1.8317830562591553
-2.091776132583618
-1.0417248010635376
-1.3827768564224243
-1.3417023420333862
-0.5275756120681763
-1.5342286825180054
-1.7849652767181396
-1.206781268119812
-0.9645519256591797
-2.2873127460479736
-3.027808427810669
-1.6012295484542847
-2.277665853500366
-1.3651686906814575
-4.100170135498047
-1.2370893955230713
-0.8824859857559204
-1.1359666585922241
-1.2379493713378906
-0.5855461955070496
-0.44353243708610535
-0.6553472876548767
-1.2327264547348022
-1.1361141204833984
-0.7986459136009216
-1.9814027547836304
-2.877798557281494
-1.1141812801361084
-1.348351240158081
-1.4713199138641357
-0.9337977766990662
-1.119505524635315
-1.0490880012512207
-0.9563201665878296
-0.5932554006576538
-0.8881825804710388
-0.4786872863769531
-1.0824400186538696
-0.8177174925804138
-0.6087362170219421
-1.0245918035507202
-0.7821968793869019
-0.8169429302215576
-0.7463284730911255
-1.0821672677993774
-0.69312584400177
-1.508888840675354
-1.0637274980545044
-1.951977014541626
-0.8277193903923035
-3.645451307296753
-0.7629364728927612
-0.9456397891044617
-0.8908097743988037
-0.9715303778648376
-0.715066134929657
-0.7637124061584473
-0.9159533977508545
-0.9771747589111328
-0.899168074131012
-0.7072906494140625
-2.322038412094116
0.5215314030647278
0.7347221970558167
-0.14654478430747986
0.06926371157169342
0.6056353449821472
0.1379493921995163
-0.02808697707951069
0.2117658257484436
0.3754288852214813
0.21042466163635254
0.6069377064704895
0.4727671444416046
0.3303309381008148
0.17046357691287994
-0.5622086524963379
0.5907527804374695
-0.15125030279159546
-0.20972296595573425
-0.02263701520860195
0.6692101359367371
0.1946706473827362
0.3229728639125824
-0.7300554513931274
0.7463249564170837
0.2619057297706604
-0.20845578610897064
-0.3320690393447876
0.6354161500930786
0.18008843064308167
0.24005991220474243
0.005324372090399265
-0.02536572515964508
-0.5598215460777283
-0.263366162776947
-0.2859785556793213
1.1544498205184937
-0.002270813100039959
-0.32870927453041077
0.4198353588581085
0.7673978209495544
0.13050442934036255
0.2766192853450775
-0.015115560963749886
2.0081679821014404
0.04520367085933685
-0.3523085117340088
0.25019675493240356
4.3120012283325195
0.5833803415298462
-0.08399031311273575
-0.278495728969574
0.47109344601631165
-0.30587032437324524
-0.2612999975681305
0.25634098052978516
0.5683870911598206
0.02816483937203884
0.01784626580774784
-0.2547798156738281
0.8376392722129822
0.23458907008171082
-0.13312090933322906
-0.8290628790855408
0.3440868854522705
-0.24323493242263794
0.5661459565162659
-0.022545823827385902
0.29571714997291565
-0.19475197792053223
-0.6736456751823425
0.18922367691993713
0.551628828048706
-0.002005414804443717
-0.09130989015102386
-0.23969711363315582
0.3521770238876343
-0.14146724343299866
0.2732355296611786
0.3028219938278198
0.6434680819511414
0.022168351337313652
-0.11363973468542099
0.060915905982255936
-0.3299274146556854
0.12424205243587494
-0.10009845346212387
-0.22073966264724731
-0.17294012010097504
1.1129999160766602
0.6228029131889343
0.14244899153709412
0.19592280685901642
-0.038794077932834625
0.6437712907791138
0.6910268664360046
-0.27729228138923645
-0.7085986733436584
-0.02038559503853321
-0.3085240125656128
0.7883412837982178
0.10321557521820068
0.32598578929901123
-0.4148191213607788
1.0421452522277832
-0.4615035355091095
0.24186889827251434
0.16118183732032776
-0.362957626581192
-0.24319657683372498
0.2752542793750763
-0.38803720474243164
1.807281732559204
0.07258256524801254
0.19707201421260834
0.04275182634592056
0.3611146807670593
0.26677948236465454
0.41674870252609253
-0.3827075958251953
0.3851848244667053
0.1559773087501526
0.38605836033821106
-0.07036041468381882
-0.1959814578294754
0.11950180679559708
0.01137806661427021
-0.36293816566467285
0.308111310005188
0.29089540243148804
0.1931389719247818
0.5324106216430664
0.4209480881690979
-0.2889746427536011
0.38124963641166687
-0.3497617542743683
-0.11348676681518555
0.1135377436876297
0.5247297286987305
-0.8209620714187622
-0.23401802778244019
-0.12654322385787964
-0.025391826406121254
-0.19770142436027527
0.5421894788742065
0.08353204280138016
0.16845178604125977
0.31935402750968933
-0.3066190183162689
0.3019970655441284
-0.23652993142604828
-0.07508804649114609
0.5870822072029114
0.24158155918121338
-0.20571942627429962
-0.09887068718671799
0.3644525408744812
0.13334017992019653
0.22518706321716309
-0.17485114932060242
-0.3598155975341797
0.002028766553848982
0.017349092289805412
-0.03165418282151222
-0.02897920086979866
-0.04024170711636543
-0.05593007802963257
-0.019745714962482452
-0.051269255578517914
-0.0024745578411966562
-0.041299715638160706
-0.00923733226954937
-0.0286796186119318
0.06507262587547302
0.02114728093147278
-0.0722612589597702
-0.08604927361011505
-0.24613645672798157
0.9060156345367432
-0.4663366377353668
-0.4702513515949249
0.13643327355384827
-0.34085872769355774
-0.8818417191505432
-0.05596015974879265
0.24630992114543915
-0.5663435459136963
0.5940356850624084
-0.17217642068862915
-0.16351136565208435
0.19353000819683075
0.36033323407173157
1.461819052696228
0.15486441552639008
-0.04037568345665932
-0.13966874778270721
0.2877339720726013
0.48402920365333557
0.014575439505279064
-0.4938978850841522
0.15657839179039001
0.2978259027004242
0.5289472937583923
0.053477831184864044
-0.24568310379981995
0.3601685166358948
0.3643434941768646
0.8693279027938843
0.6721526980400085
-0.2515740990638733
0.7166546583175659
0.05054531991481781
0.018554622307419777
-0.09860213845968246
-0.12107246369123459
-0.10492059588432312
2.0696473121643066
-0.05608665198087692
-0.006275888066738844
-0.24866844713687897
0.9326648712158203
0.13588441908359528
0.2570975720882416
-0.8635261654853821
3.716390371322632
0.41089701652526855
0.2510159909725189
0.015901677310466766
0.1477476954460144
0.08828773349523544
0.11026804149150848
-0.4100952744483948
-0.020249010995030403
0.3557947278022766
0.3002449572086334
0.15165893733501434
-0.01939213089644909
0.43992966413497925
0.01095726527273655
-0.6192452311515808
0.4337565004825592
-0.5215102434158325
0.1348867416381836
-0.2865423560142517
0.6556885838508606
0.08350257575511932
0.008056476712226868
0.1965566873550415
0.16449280083179474
0.30080223083496094
-0.2805730402469635
0.4639095664024353
-0.19503068923950195
0.14736950397491455
0.4371253550052643
-0.1497463881969452
-0.136893168091774
-0.4668408930301666
-0.26987215876579285
-0.3725689947605133
0.03968871757388115
0.24606801569461823
-0.11349063366651535
-0.3938708007335663
0.5550715923309326
0.1645464450120926
-0.07061076164245605
-0.39950114488601685
0.4110525846481323
0.4835249185562134
-0.12478537857532501
-0.5650320649147034
0.9364109039306641
-0.5355048179626465
0.1880592703819275
-0.525246798992157
0.03819989413022995
-0.11403150111436844
0.26701056957244873
0.39440199732780457
-0.13624930381774902
0.33157068490982056
-0.29424577951431274
0.37731900811195374
0.9024794101715088
-0.18611940741539001
0.06682043522596359
0.27454209327697754
0.3018690049648285
-0.036505501717329025
0.411067396402359
-0.1627212017774582
0.5409475564956665
-0.46383413672447205
-0.1782335788011551
0.26019182801246643
0.3010396361351013
0.1794142723083496
-0.23010817170143127
-0.02837657369673252
1.0590966939926147
-0.475712388753891
0.3329094350337982
-0.0018614813452586532
-0.009367931634187698
-0.3269827663898468
-0.3384369909763336
-0.23569312691688538
-0.11724156886339188
-0.1741582602262497
-0.13555589318275452
-0.3030388355255127
1.086706280708313
-0.1989971548318863
-0.33339953422546387
-0.7586178183555603
0.36807289719581604
0.02193179540336132
0.17203389108181
-0.6855456233024597
0.9527064561843872
0.6600431799888611
0.3005603849887848
-0.8118892312049866
0.5564101338386536
0.35473528504371643
-0.03052295558154583
-0.8676323294639587
-0.11953704059123993
0.6347672343254089
0.5490113496780396
-0.12460596859455109
-0.35412725806236267
0.5596762299537659
0.3189446032047272
0.364610880613327
0.14170318841934204
-0.0881943330168724
0.0037141181528568268
-0.05169054493308067
-0.012596371583640575
-0.05501757934689522
0.022198494523763657
-0.020406197756528854
0.007313261274248362
0.0034416145645081997
-0.046490781009197235
-0.03943057730793953
0.1106567457318306
0.05220436677336693
0.046332746744155884
0.016912171617150307
0.049292609095573425
0.65675288438797
-0.032168805599212646
0.7750318050384521
0.028849896043539047
0.40979358553886414
-0.04092712327837944
-0.022215595468878746
0.17995281517505646
0.8094918131828308
0.059651635587215424
-0.6712808609008789
0.28106895089149475
0.5817807912826538
-0.1501581221818924
-0.1823229193687439
0.632034182548523
0.08491110801696777
0.036751579493284225
-0.007686779834330082
-0.014561859890818596
-0.07236570119857788
-0.023781076073646545
-0.03619473800063133
-0.06754117459058762
0.05445403978228569
0.02559705264866352
-0.009334665723145008
-0.04265177622437477
0.01375777181237936
0.06422215700149536
-0.05686025694012642
0.002240909729152918
0.07638617604970932
-0.4945012927055359
0.19812516868114471
-0.4636170566082001
-0.06303905695676804
0.20443964004516602
0.16451330482959747
0.4727988541126251
-0.4205659031867981
0.212861567735672
0.2750648856163025
-0.40209275484085083
0.9406871199607849
-0.43110576272010803
0.3660047650337219
-0.04650122672319412
-0.18569856882095337
0.4021424353122711
0.40163207054138184
0.5340878963470459
-0.36108362674713135
-0.47052252292633057
-0.13181357085704803
1.2804816961288452
0.3080974817276001
-0.2582079768180847
-0.04737868160009384
0.6129891276359558
-0.5918811559677124
0.1810082644224167
0.003625236451625824
0.6253202557563782
0.33356940746307373
0.39627936482429504
-0.16319343447685242
0.4268732964992523
0.1729593575000763
0.34552767872810364
-0.35383427143096924
0.4696885347366333
0.13824638724327087
0.9345582127571106
-0.08068788796663284
0.5497255325317383
0.38224396109580994
0.19096705317497253
0.8707607388496399
1.1336588859558105
-0.49392175674438477
0.25652262568473816
-0.38261541724205017
-0.10939311981201172
-0.7086280584335327
0.19732357561588287
-1.2244409322738647
-0.2198800891637802
0.7664332985877991
-0.12139635533094406
0.43365028500556946
-0.20212414860725403
-0.18801242113113403
-0.23020531237125397
-0.5543144345283508
-0.7076669931411743
0.06184683367609978
-0.1643817275762558
0.23539632558822632
0.49076488614082336
0.3592855632305145
0.09813814610242844
-0.5034139752388
0.5393091440200806
0.6725571751594543
-0.5942366719245911
0.14180855453014374
-0.22401730716228485
0.18189038336277008
0.2715216279029846
-0.16021768748760223
0.44443827867507935
0.30849575996398926
0.6044541597366333
0.2863699197769165
0.7574229836463928
0.692192554473877
-0.2570818066596985
-0.5694117546081543
0.2624393105506897
-0.007101066876202822
0.08679238706827164
0.41352400183677673
-0.4461337625980377
0.2878611385822296
-0.05992300063371658
0.366798460483551
0.30700358748435974
0.10066206008195877
-0.3188985586166382
0.06961334496736526
0.4207083582878113
-0.21116240322589874
-0.5271196365356445
-0.0657796636223793
0.46979233622550964
-0.2210589051246643
0.2800982594490051
-0.16903506219387054
0.4681941270828247
-0.117231585085392
0.10151049494743347
-0.4953901469707489
1.194901943206787
0.4739605486392975
0.17583245038986206
2.4663379192352295
0.03335900977253914
0.5144456028938293
0.0758691057562828
-0.27804988622665405
0.6732968688011169
0.7085658311843872
-0.09418819844722748
-0.16951017081737518
0.03242495283484459
-0.28534743189811707
0.1702505648136139
0.3176902234554291
0.5537847280502319
-3.213142156600952
-2.6518161296844482
-2.54748272895813
-2.1520841121673584
-4.98187255859375
-2.10099458694458
-1.5754715204238892
-1.3647741079330444
-2.6304657459259033
-1.4184784889221191
-2.233037233352661
-0.6140727400779724
-2.2342896461486816
-1.9201881885528564
-2.33860182762146
-5.914430141448975
-3.5380587577819824
-1.4799307584762573
-1.893692970275879
-1.9789763689041138
-1.5797624588012695
-1.5457061529159546
-0.4985545873641968
-1.9845449924468994
-2.0557451248168945
-1.0350587368011475
-0.886394202709198
-1.263179898262024
-1.831040382385254
-1.189218282699585
-2.130948781967163
-0.421879380941391
-0.6783942580223083
-0.8321526050567627
-0.590242862701416
-1.467808723449707
-1.063754916191101
-0.3783460259437561
-1.1310044527053833
-0.8936691880226135
-1.0973275899887085
-1.0489412546157837
-1.2721304893493652
-0.3144610524177551
-1.0101232528686523
-1.6640543937683105
-1.5540765523910522
-4.7233734130859375
-3.5991876125335693
-3.434283971786499
-2.613344192504883
-2.994295835494995
-5.162768363952637
-1.9260003566741943
-2.67079496383667
-2.3063414096832275
-3.0439233779907227
-1.6268861293792725
-1.7634329795837402
-2.203907012939453
-2.782522439956665
-1.9857374429702759
-2.17041015625
-3.1544435024261475
-3.5525004863739014
-3.210693120956421
-2.1590445041656494
-2.0620522499084473
-2.4767701625823975
-1.2645916938781738
-1.2512791156768799
-1.9186959266662598
-1.941552758216858
-1.3586479425430298
-0.8971536755561829
-2.1722543239593506
-1.939738392829895
-1.6415358781814575
-2.419555187225342
-0.7607759237289429
-4.241654872894287
-2.077388048171997
-1.833864450454712
-0.6764343976974487
-2.146613121032715
-1.1034259796142578
-1.033025860786438
-0.790130615234375
-2.1687822341918945
-1.67202889919281
-1.2438020706176758
-1.9728137254714966
-3.0243594646453857
-1.422852635383606
-1.85271418094635
-1.7298662662506104
-1.6003657579421997
-3.624629259109497
-1.3076852560043335
-1.9363515377044678
-2.0494863986968994
-1.7702809572219849
-0.9482432007789612
-1.6346014738082886
-1.1372541189193726
-0.5153486132621765
-1.5274648666381836
-0.2708784341812134
-0.8179050087928772
-1.6578069925308228
-1.9062308073043823
-3.0527946949005127
-2.8423023223876953
-2.051609992980957
-1.902165412902832
-2.1928861141204834
-4.488139629364014
-1.9368277788162231
-1.3729838132858276
-1.6941782236099243
-2.2137041091918945
-2.1444194316864014
-1.617666244506836
-0.4899907410144806
-2.2867038249969482
-2.409669876098633
-1.979762077331543
-4.856677532196045
-2.136495351791382
-1.3551872968673706
-1.7149869203567505
-1.6624847650527954
-3.6149520874023438
-1.3485362529754639
-0.5851206183433533
-0.633722186088562
-1.3504287004470825
-1.3948675394058228
-0.6453874707221985
-0.8379673361778259
-1.6017930507659912
-1.080506682395935
-0.6585533022880554
-1.8030108213424683
-4.175765514373779
-3.448000431060791
-3.7547659873962402
-1.7839241027832031
-4.819436550140381
-2.0833065509796143
-1.9063894748687744
-2.4057438373565674
-3.0621392726898193
-1.6497390270233154
-1.7149951457977295
-1.7936757802963257
-3.0433030128479004
-2.0945160388946533
-2.615633726119995
-3.3869247436523438
-0.045783255249261856
0.0028526221867650747
0.03564860299229622
0.09982748329639435
0.11900407820940018
0.009993956424295902
-0.013638094067573547
0.04578353092074394
-0.04249764606356621
-0.010231511667370796
0.005146695300936699
0.033364590257406235
-0.0749795138835907
-0.06742142140865326
-0.01794152520596981
0.016332942992448807
-0.09049566090106964
-0.8287206888198853
0.06819266080856323
-0.02905358374118805
-0.5284040570259094
-0.3366380035877228
0.3990991413593292
0.01897669956088066
-0.7061838507652283
0.49189597368240356
-0.7245663404464722
0.013381903991103172
-0.36214524507522583
-0.1170329749584198
-0.29546844959259033
-0.7712695598602295
-5.067062854766846
-2.282280683517456
-1.5127123594284058
-1.4785643815994263
-2.4268064498901367
-1.4242465496063232
-0.9662628769874573
-1.0928620100021362
-2.0089824199676514
-1.772121787071228
-1.2256499528884888
-2.389310121536255
-3.3684916496276855
-1.6038475036621094
-2.510204315185547
-2.188870668411255
-2.1174230575561523
-1.6083179712295532
-1.1861305236816406
-1.7259175777435303
-1.2675304412841797
-0.9908045530319214
-0.7680143117904663
-1.7727826833724976
-1.9021035432815552
-0.8622823357582092
-1.834333896636963
-0.16365376114845276
-1.3091055154800415
-1.9654351472854614
-1.3924810886383057
-4.88525915145874
-4.782969951629639
-3.8498544692993164
-2.795393705368042
-2.89005970954895
-4.924256801605225
-2.8696060180664062
-2.2176764011383057
-2.2080724239349365
-3.4399306774139404
-2.271670341491699
-2.4727182388305664
-1.9033194780349731
-3.1829426288604736
-2.4367516040802
-2.7108914852142334
-3.665194034576416
-3.9292101860046387
-3.857787847518921
-1.967376470565796
-1.9687811136245728
-2.1382744312286377
-1.655015230178833
-1.4223495721817017
-1.8637136220932007
-2.2352137565612793
-1.073821783065796
-1.8864109516143799
-1.5284793376922607
-3.3699662685394287
-1.6317267417907715
-2.472365379333496
-2.0832767486572266
-4.001293659210205
-1.5532199144363403
-1.4723799228668213
-1.7387703657150269
-2.3663902282714844
-1.359174132347107
-0.7498354911804199
-1.765008807182312
-2.500803232192993
-1.6529489755630493
-2.358999013900757
-0.7521811723709106
-2.723290205001831
-2.146467447280884
-2.5286967754364014
-4.43068265914917
-1.1270551681518555
-2.3313491344451904
-0.7917376756668091
-1.2626312971115112
-2.0587921142578125
-1.6385502815246582
-1.0077983140945435
-0.7378401160240173
-1.204209566116333
-0.5418125987052917
-0.7647377848625183
-1.1875405311584473
-1.2298110723495483
-0.9102926850318909
-1.7294411659240723
-0.1956019103527069
-1.3809115886688232
-2.6183228492736816
-1.723021149635315
-1.7305595874786377
-1.5900261402130127
-1.2284948825836182
-1.3134657144546509
-1.528420090675354
-1.3551111221313477
-1.2081308364868164
-1.0617358684539795
-1.521013855934143
-0.9436110854148865
-1.1144821643829346
-2.3514389991760254
-0.24222540855407715
-3.3828563690185547
-2.6723215579986572
-2.0609209537506104
-1.8736332654953003
-2.4267568588256836
-1.3650622367858887
-0.8303660154342651
-2.121502637863159
-1.9867656230926514
-0.8419101238250732
-1.1151816844940186
-1.272908329963684
-2.1290605068206787
-2.001044988632202
-2.099139451980591
-3.2361912727355957
-5.13322639465332
-2.386770725250244
-1.8466137647628784
-2.4641106128692627
-3.769200563430786
-1.7416493892669678
-1.3650504350662231
-1.0834436416625977
-2.3707692623138428
-2.292827606201172
-1.493792176246643
-2.0461347103118896
-3.927154064178467
-1.6994049549102783
-2.510345458984375
-2.6265552043914795
-0.025693772360682487
-0.00668815104290843
0.0031341963913291693
0.10179730504751205
-0.030929161235690117
0.029846912249922752
-0.0865171030163765
0.04953911527991295
0.06796146929264069
-0.05177954584360123
-0.061601586639881134
-0.026028573513031006
-0.04578765481710434
-0.06456631422042847
0.027866188436746597
0.08593452721834183
-2.0643155574798584
-1.3260031938552856
-2.19474458694458
-1.7042357921600342
-4.726268768310547
-2.48156476020813
-1.913830280303955
-1.442600965499878
-2.8132667541503906
-1.649918556213379
-1.1221680641174316
-1.8619118928909302
-1.8688629865646362
-1.759093999862671
-1.494158387184143
-1.43800950050354
-0.02567850425839424
0.05212129279971123
0.05752246081829071
-0.05542789399623871
-0.035078708082437515
0.07353785634040833
0.03708929196000099
0.019434452056884766
-0.013656405732035637
0.040527503937482834
0.00037133440491743386
0.08334144204854965
0.012165060266852379
0.05867508798837662
-0.0016221969854086637
-0.01710832677781582
-1.2553646564483643
-0.5308747291564941
-1.022899866104126
-0.37654823064804077
-2.8286542892456055
-0.9030770659446716
-1.3975180387496948
-0.8168907761573792
-1.5098432302474976
-0.945864737033844
-0.4346958100795746
-0.44844985008239746
-1.4894894361495972
-0.5140674114227295
-1.164881706237793
-1.660096287727356
-3.4204061031341553
-3.3816678524017334
-2.4134974479675293
-2.19480037689209
-1.818708896636963
-0.9543400406837463
-0.6386030912399292
-2.491375684738159
-1.7746162414550781
-1.1415759325027466
-1.0974527597427368
-1.7211209535598755
-1.5473374128341675
-1.4144991636276245
-1.946524977684021
-0.6182861328125
-4.3480353355407715
-1.7554298639297485
-1.0014634132385254
-1.0934563875198364
-1.6210041046142578
-1.210972785949707
-0.7174440026283264
-1.071308970451355
-1.99195396900177
-1.5967460870742798
-0.757254421710968
-2.2517611980438232
-1.8090571165084839
-1.065863847732544
-2.2719345092773438
-2.4045095443725586
-2.171596050262451
-0.8802204728126526
-0.7189707159996033
-0.11588071286678314
-0.5285757184028625
-0.5526077151298523
-0.10790063440799713
-0.39695000648498535
-0.8519279360771179
-0.31896084547042847
-0.2594442069530487
-0.4326811134815216
-1.683158278465271
-0.24219956994056702
-0.2215695083141327
-0.5741776823997498
-5.1415228843688965
-2.9167606830596924
-2.549600601196289
-2.086876392364502
-2.6001529693603516
-1.9347556829452515
-1.1194114685058594
-2.158043622970581
-2.361948013305664
-1.1462630033493042
-1.3349902629852295
-1.9374984502792358
-3.3978192806243896
-1.937853455543518
-2.4541330337524414
-1.4018261432647705
-4.849799633026123
-2.290910005569458
-1.2936875820159912
-1.959875464439392
-2.133708953857422
-1.2312040328979492
-0.6407883167266846
-1.0285415649414062
-1.6657302379608154
-1.4185887575149536
-1.0465834140777588
-2.247007369995117
-3.2645790576934814
-1.1212271451950073
-1.8558769226074219
-1.8190919160842896
-1.5134637355804443
-1.6974453926086426
-1.7665486335754395
-1.348914623260498
-1.4484152793884277
-1.1967966556549072
-1.015791416168213
-1.3929340839385986
-1.035609245300293
-0.7085542678833008
-1.4499461650848389
-1.1346650123596191
-0.8860184550285339
-1.0383570194244385
-1.3109991550445557
-1.3416433334350586
-1.910617709159851
-1.3778164386749268
-3.0850584506988525
-1.1614971160888672
-4.169429779052734
-1.5056030750274658
-1.2172976732254028
-1.4357657432556152
-1.8668895959854126
-1.0581984519958496
-1.1485064029693604
-1.266046404838562
-1.36479651927948
-1.3531168699264526
-1.063596487045288
-2.9493556022644043
0.24836906790733337
1.05029296875
1.3119521141052246
0.29938939213752747
0.4789069890975952
0.12407293915748596
0.6196283102035522
-0.4469605088233948
0.24515511095523834
0.20352646708488464
0.39163434505462646
0.2595871388912201
0.47220271825790405
0.36001625657081604
-0.03847094252705574
0.9548009037971497
-0.4065297842025757
-0.27650201320648193
-0.06502485275268555
0.5646327137947083
-0.004667087458074093
0.7544993758201599
-0.3885686695575714
0.45372724533081055
0.2529562711715698
-0.37313300371170044
-0.15238560736179352
0.4249258041381836
0.19274207949638367
-0.20472583174705505
0.2579803466796875
-0.8708221316337585
-0.6652335524559021
-0.2966826558113098
-0.6306360960006714
1.1971522569656372
0.10114336758852005
0.038718219846487045
0.13245895504951477
0.1835865080356598
0.21545076370239258
0.09799535572528839
-0.23918455839157104
0.010382212698459625
-0.08369053900241852
0.23161444067955017
0.29197245836257935
4.301566123962402
0.30035871267318726
0.6251220703125
0.8498950004577637
0.9828922748565674
-0.49137938022613525
-0.20829415321350098
0.5349716544151306
0.49830135703086853
-0.006741635035723448
0.04986950010061264
-0.017445316538214684
0.4900960624217987
0.4487265646457672
0.12130714952945709
-0.2828322947025299
0.3762388527393341
0.09804392606019974
0.48541969060897827
0.45194292068481445
1.0430727005004883
0.0742345005273819
-0.4459761679172516
-0.3158632516860962
0.513975203037262
-0.03973555192351341
-0.20519721508026123
0.16077370941638947
0.4951919913291931
-0.022193320095539093
0.18585188686847687
0.590712308883667
0.6268311142921448
-0.08635981380939484
-0.018332157284021378
0.4771380126476288
-0.6167404055595398
0.032323066145181656
-0.2424815148115158
-0.03340420499444008
-0.11413648724555969
1.062148928642273
0.617895781993866
0.09416213631629944
-0.10684683173894882
0.34142717719078064
0.580493688583374
0.41467973589897156
0.50375896692276
0.15804317593574524
0.8549241423606873
-0.5070643424987793
0.9832525253295898
0.4656740725040436
0.21883216500282288
-0.04422549903392792
0.17795228958129883
0.21471890807151794
-0.2572135329246521
-0.026409368962049484
-0.5574414134025574
-0.13335493206977844
0.0723324790596962
-0.251884400844574
2.160616874694824
0.04262566566467285
0.415966659784317
1.0036325454711914
0.7133983969688416
-0.13148842751979828
0.09940862655639648
-0.021799899637699127
-0.003226925851777196
0.12770074605941772
0.27023351192474365
-0.11000003665685654
-0.46240630745887756
0.1542622298002243
0.22025881707668304
-0.03853242099285126
0.441570907831192
0.07188000530004501
0.3822229206562042
0.6005938053131104
0.591856837272644
-0.7893719673156738
-0.06581716984510422
-0.35699233412742615
-0.5063254237174988
0.35585981607437134
0.37708038091659546
-0.6237794160842896
-0.2691633999347687
-0.005259856581687927
0.40733814239501953
-0.09059211611747742
0.22907905280590057
0.551420271396637
0.48071160912513733
1.2516201734542847
0.4419965147972107
-0.25433436036109924
0.3390800952911377
0.1146886795759201
0.6892348527908325
0.06139414384961128
0.06434743106365204
-0.06839572638273239
0.1348329484462738
0.22084052860736847
0.21183311939239502
0.266463965177536
0.44310262799263
0.03384590893983841
-0.017767738550901413
-0.009238427504897118
-0.030927907675504684
-0.014492787420749664
0.022893812507390976
-0.023244556039571762
-0.08259321004152298
-0.037618957459926605
-0.05127404257655144
0.05601368099451065
0.00448209885507822
0.005467517767101526
0.08198763430118561
-0.011438473127782345
-0.02319825254380703
-0.2295844852924347
1.4112045764923096
-0.6155558824539185
-0.3707787096500397
0.1649806797504425
-0.1317129284143448
-1.2809100151062012
-0.09172049909830093
0.4612003266811371
-1.2458827495574951
0.8312596678733826
-0.1568794846534729
-0.03540889173746109
-0.14186285436153412
-0.43119674921035767
1.6402331590652466
-0.2726067304611206
-0.048338621854782104
0.15092281997203827
-0.038214344531297684
0.30597516894340515
0.17471155524253845
0.01889018528163433
-0.1621289849281311
0.42277956008911133
0.4588247835636139
0.08375789225101471
0.03525248169898987
0.5631600618362427
0.2894192934036255
0.6562978625297546
1.006739854812622
-0.12498718500137329
0.4352266192436218
-0.4847467839717865
0.818840742111206
0.06676064431667328
0.01789640635251999
-0.43205782771110535
1.485099196434021
-0.004069636110216379
-0.3146807849407196
-0.002644877415150404
0.15886813402175903
0.1982540786266327
0.06410111486911774
-0.228006049990654
3.514585256576538
0.5104902982711792
0.628692626953125
0.8661063313484192
0.970039427280426
0.17063866555690765
0.26473256945610046
0.19823366403579712
0.0028063657227903605
0.3674217462539673
0.05365142971277237
0.28652632236480713
0.2093377709388733
0.7153258323669434
0.042839448899030685
-0.0812998116016388
0.4840105473995209
-0.6174861788749695
-0.13253872096538544
-0.127885639667511
0.2704736888408661
-0.22306601703166962
0.19954194128513336
0.30741164088249207
-0.02020825631916523
0.2791443467140198
-0.04338185116648674
0.12227681279182434
-0.3403112590312958
0.06460291147232056
0.5834676027297974
0.2828390598297119
0.3237224817276001
-0.5088891386985779
-0.5459952354431152
-0.4104497730731964
0.11947550624608994
0.16558565199375153
-0.14470234513282776
-0.2474784255027771
0.14906422793865204
0.38233229517936707
-0.1065879836678505
0.21535734832286835
0.32845306396484375
0.3198135793209076
-0.3068635165691376
0.13349083065986633
1.6393526792526245
0.17277687788009644
0.8257794976234436
-0.37940719723701477
0.3907212018966675
0.39597371220588684
0.5592057108879089
0.11934451013803482
0.027028968557715416
0.20365963876247406
-0.41388988494873047
-0.12157841771841049
1.1175713539123535
0.17320449650287628
0.08056733757257462
0.05760311707854271
-0.24781928956508636
0.40181872248649597
1.7034610509872437
0.24002428352832794
0.8461600542068481
-0.1022123321890831
-0.27296900749206543
-0.06199483573436737
0.7537896633148193
0.5238490104675293
0.03753259405493736
-0.4824110269546509
0.5537370443344116
-0.15146972239017487
0.03864458203315735
0.15517283976078033
-0.16945132613182068
-0.16781273484230042
0.25400200486183167
-0.34593984484672546
0.5741909146308899
-0.34659743309020996
-0.14257141947746277
-0.6061874628067017
1.0471487045288086
0.04690965637564659
-0.33341026306152344
-0.548046886920929
0.1264542192220688
-0.03769909590482712
-0.1632106900215149
-0.21105928719043732
0.38682788610458374
-0.05233452096581459
0.18647406995296478
0.4548596441745758
0.5710384249687195
0.19298706948757172
-0.17355036735534668
0.1757303923368454
-0.6669989228248596
0.6638249158859253
0.4902791380882263
-0.1636197715997696
0.11144286394119263
1.1195508241653442
0.4659856855869293
0.44420796632766724
0.6203907132148743
0.012196049094200134
0.018986115232110023
-0.02646714076399803
-0.044862184673547745
-0.03765249624848366
0.03259110450744629
-0.06208990514278412
0.05152805522084236
-0.02500949427485466
-0.0677475556731224
0.06757292151451111
0.024178192019462585
-0.028360115364193916
-0.07800891250371933
-0.00664917379617691
0.011546244844794273
0.6282134056091309
0.5265548825263977
1.1230075359344482
0.39236924052238464
0.20909474790096283
0.15056581795215607
0.25918200612068176
-0.14667585492134094
0.5493987798690796
0.07971280068159103
-0.15565824508666992
0.38736966252326965
0.9292004704475403
0.06956235319375992
-0.04080598056316376
0.8674420714378357
0.015483604744076729
-0.04886660352349281
-0.04955853894352913
0.10661016404628754
-0.046087004244327545
-0.02586100436747074
-0.06079588830471039
0.01971261017024517
-0.012920277193188667
-0.005497090518474579
0.029709916561841965
0.05310031771659851
0.02674620784819126
0.06393513828516006
-0.023759374395012856
0.030892519280314445
0.0792032927274704
0.039720047265291214
0.8977457284927368
-0.5241632461547852
-0.3492911756038666
0.06890614330768585
0.9265155792236328
0.014302905648946762
-0.6289476752281189
0.029913760721683502
-0.3452683687210083
-0.21596220135688782
0.8805621862411499
-0.24293886125087738
-0.11110590398311615
-0.27833738923072815
0.030982134863734245
0.4383191764354706
0.6685627102851868
1.343552589416504
-0.25980061292648315
-0.2342810481786728
-0.8664672374725342
0.8417484164237976
0.4609912633895874
0.045206401497125626
-0.12771184742450714
0.3245202898979187
-0.020895330235362053
0.12421084940433502
0.03579351305961609
-0.2341843992471695
-0.3841080069541931
0.31983473896980286
0.09879779070615768
-0.14530159533023834
0.46387213468551636
0.5812521576881409
0.11606503278017044
0.1857689470052719
0.26738885045051575
0.37831562757492065
0.12520729005336761
0.49842387437820435
0.7588894367218018
0.1297636479139328
0.6820085048675537
1.6098145246505737
-1.1417865753173828
0.13737787306308746
0.10028942674398422
-0.2448759227991104
-0.7095738053321838
-0.18303199112415314
-1.0164434909820557
-0.09956536442041397
0.6768075227737427
-0.34067627787590027
-0.0898827612400055
-0.35788965225219727
-0.19085346162319183
-0.08888325840234756
-0.8310144543647766
-0.23432177305221558
-0.40428128838539124
0.19115208089351654
0.44042354822158813
0.41870972514152527
-0.1616843342781067
0.23589201271533966
-0.3000785708427429
0.28046590089797974
0.5443863868713379
0.0002708215615712106
-0.14437171816825867
-0.4107086956501007
0.3102531433105469
0.270849347114563
-0.2825045585632324
0.32113638520240784
0.09219997376203537
0.7436510920524597
0.16621015965938568
1.0792393684387207
0.3061206340789795
-0.19435562193393707
-0.08050255477428436
-0.2657581865787506
0.0659438744187355
0.6908146142959595
0.003651847830042243
-0.0909544825553894
0.7755557298660278
0.12922847270965576
0.12376614660024643
0.7520123720169067
0.31196409463882446
0.42792314291000366
0.5121965408325195
0.7095524668693542
-0.019859464839100838
-0.3392792344093323
-0.08289577811956406
0.4771675765514374
0.0987151637673378
-0.08819684386253357
-0.159931480884552
0.39209604263305664
-0.015806520357728004
-0.03678883984684944
-0.32084810733795166
0.5460752248764038
0.38694220781326294
0.4653180241584778
3.309861183166504
-0.07751379907131195
0.5808693766593933
0.13595722615718842
0.15964242815971375
0.40748387575149536
0.11451331526041031
0.13623543083667755
-0.11360864341259003
-0.2904728055000305
0.028343014419078827
0.5395413041114807
0.30303433537483215
1.2553682327270508
1.2626376152038574
0.6338124871253967
0.5405083298683167
-0.095450259745121
1.0635374784469604
0.6788327693939209
0.22073985636234283
-0.25848162174224854
0.432563841342926
-0.1682969331741333
0.2805102467536926
-0.03389978036284447
0.02020351029932499
0.5570114254951477
-0.051763132214546204
0.49879008531570435
-0.17964568734169006
0.06489601731300354
-0.29376840591430664
0.46111926436424255
0.5696372985839844
0.14529399573802948
-0.3427214026451111
0.9933956861495972
0.20373080670833588
-0.1597016453742981
-0.4866862893104553
0.20679081976413727
0.49935486912727356
0.041088543832302094
0.22854694724082947
-0.9423995018005371
-0.36200451850891113
-0.40529802441596985
-0.45000576972961426
1.441189169883728
-0.13489796221256256
0.0757228285074234
0.6016666889190674
0.2094125747680664
-0.08011884987354279
-0.0956311747431755
-0.04653540998697281
1.287527322769165
0.024268025532364845
0.103063203394413
0.19464731216430664
4.301334381103516
1.016302227973938
0.1870759129524231
0.04526367411017418
0.28923824429512024
0.3476596474647522
0.07584625482559204
0.408441424369812
0.30587223172187805
0.02975173108279705
-0.16504691541194916
-0.04362352192401886
0.3173525333404541
0.2718639671802521
0.3003906309604645
-0.5886769890785217
-0.40117812156677246
-0.043171342462301254
0.9930800795555115
-0.22177544236183167
0.49588170647621155
0.45467379689216614
-0.3506239056587219
-0.10948106646537781
0.7795879244804382
0.10208293795585632
-0.37163904309272766
-0.1852884739637375
0.11408979445695877
0.18525558710098267
0.3026997148990631
0.640802800655365
-0.4195672273635864
0.046910904347896576
0.709450900554657
0.23273159563541412
-0.5047577023506165
0.07886924594640732
-0.37227368354797363
-0.08772227168083191
-0.08779361844062805
0.3545975387096405
0.9760794639587402
0.05464053153991699
0.25186675786972046
0.265312522649765
0.7645745873451233
0.9229968786239624
0.2651223838329315
0.19908760488033295
0.32490846514701843
-0.5727887153625488
0.6404408812522888
0.1755165457725525
0.2769639194011688
-0.34315988421440125
0.5593909025192261
-0.28165480494499207
0.12436921149492264
0.17987987399101257
-1.6675819158554077
0.08243265748023987
0.08415568619966507
0.1491996794939041
-0.18497644364833832
0.5068899989128113
0.3760779798030853
0.4707476496696472
0.18268384039402008
0.23914863169193268
0.3830203413963318
0.033113956451416016
-0.05802248418331146
0.44717395305633545
0.45214876532554626
-0.3601249158382416
-0.9772946238517761
-0.05427556112408638
0.18739502131938934
0.3257209360599518
0.19992415606975555
0.4386354982852936
0.06180712953209877
0.8167994618415833
0.3734414577484131
0.0778006911277771
0.3247714042663574
-0.5128082633018494
-0.39845532178878784
0.740752637386322
0.21191196143627167
-0.16968201100826263
-0.18775275349617004
-0.13428913056850433
0.3622299134731293
-0.7461444735527039
0.04763675853610039
0.8579546809196472
0.4548985958099365
0.2938636839389801
-0.5491626262664795
0.5843468904495239
0.23410992324352264
-0.17872968316078186
0.4048307240009308
0.5427849292755127
-0.12805090844631195
-0.04755116626620293
0.045585181564092636
0.17156176269054413
0.32679852843284607
0.32470935583114624
0.16014717519283295
-0.01436903141438961
0.07393371313810349
0.0863066092133522
0.04439695551991463
0.0124452393501997
-0.04520493373274803
-0.02422725223004818
-0.06024319306015968
0.0072069293819367886
-0.08758549392223358
0.004327910952270031
-0.004237734246999025
-0.023239703848958015
-0.04259270802140236
0.057098984718322754
-0.07381381094455719
-0.23816120624542236
1.2719717025756836
-0.6468134522438049
-0.39738988876342773
0.05137282609939575
-0.020123163238167763
-1.08489990234375
-0.06860729306936264
0.6155814528465271
-0.6570028066635132
0.8476400971412659
0.026399007067084312
-0.09460829198360443
-0.19510656595230103
0.39638739824295044
1.0433433055877686
0.495462566614151
0.4400434195995331
-0.0009781386470422149
0.16850927472114563
0.34250572323799133
-0.17869718372821808
-0.12192055583000183
0.2558790147304535
0.06435679644346237
0.49827638268470764
-0.22214868664741516
-0.2731460630893707
0.3872041404247284
0.4327722191810608
1.1606135368347168
1.3376786708831787
-0.0911426842212677
0.05350271612405777
0.11700249463319778
0.7456182837486267
0.0894833654165268
0.1259857565164566
0.04346143454313278
0.7178645730018616
1.4322148561477661
-0.7758204936981201
-0.394885390996933
-0.4883985221385956
0.6350870728492737
0.08944977074861526
-0.2616906762123108
3.557067632675171
0.2587318420410156
1.1157159805297852
0.00967284943908453
-0.04464440420269966
0.6705397963523865
0.4718978703022003
-0.1248800978064537
-0.26758790016174316
0.14943350851535797
0.09649989008903503
0.09119071066379547
-0.5813156366348267
0.5401355624198914
0.5573670268058777
-0.1526171863079071
-0.033435605466365814
-0.49755334854125977
0.788902759552002
-0.27941104769706726
0.4606059193611145
-0.08500518649816513
-0.009299354627728462
0.38247841596603394
0.3586185872554779
-0.22744077444076538
0.12777605652809143
0.5006682276725769
-0.22328664362430573
0.1845695525407791
0.21821963787078857
0.702453076839447
-0.5203468203544617
-0.3343701660633087
-0.34831273555755615
-0.4991592466831207
0.13936129212379456
0.15336205065250397
-0.10929185897111893
-0.1942185014486313
0.4416767656803131
0.2005889117717743
0.020475976169109344
0.23958510160446167
-0.24859558045864105
0.7777528762817383
-0.21361584961414337
0.42462876439094543
2.0592808723449707
0.1183721125125885
1.0692551136016846
-0.5590565204620361
0.10116050392389297
-0.18650050461292267
0.3516024649143219
0.42003464698791504
-0.16001929342746735
0.080783411860466
-0.49623629450798035
0.41240736842155457
0.6412898302078247
0.457309752702713
0.2927279770374298
0.45838576555252075
-0.8686249852180481
0.14160043001174927
1.528195858001709
-0.22649183869361877
0.6279760003089905
0.2910299599170685
-0.09484851360321045
0.08152830600738525
0.4516174793243408
0.11083614826202393
0.07628481835126877
-0.010006262920796871
0.23153698444366455
-0.15404653549194336
0.06938344985246658
0.061028480529785156
-1.6365574598312378
0.10383187979459763
0.0773404985666275
-0.43110501766204834
-0.19993337988853455
-0.1438238024711609
-0.40466734766960144
-0.4294297993183136
1.2357240915298462
-0.026480231434106827
-0.2556159496307373
-0.37462615966796875
-0.51084965467453
0.4148663282394409
-0.19223076105117798
-0.36169442534446716
0.8052791953086853
1.4609524011611938
0.3758523762226105
0.06752946972846985
0.39485740661621094
0.7990667819976807
-0.04446474462747574
-0.1940682828426361
-0.22289608418941498
0.5301730632781982
0.5658553838729858
-0.2573920488357544
-0.46890074014663696
0.6116801500320435
0.6071971654891968
0.5832628607749939
0.5132248401641846
-0.06672448664903641
0.06326843053102493
0.1337079107761383
-0.032863110303878784
-0.01564677432179451
0.011936426162719727
-0.01074888464063406
-0.01694657653570175
0.007464849390089512
-0.02182025834918022
-0.07504720985889435
-0.07373159378767014
-0.038794778287410736
-0.046790849417448044
-0.03308100998401642
0.013179384171962738
0.6320192813873291
0.4805088937282562
0.9409512281417847
-0.10011488199234009
-0.1810052990913391
0.6246623992919922
0.4353020489215851
-0.05048719793558121
0.7981149554252625
0.19751103222370148
-0.6529201865196228
-0.0836857333779335
0.31998521089553833
0.44104769825935364
-0.1368044912815094
0.04253993183374405
0.058752357959747314
0.04624446853995323
-0.04691724479198456
0.03896927461028099
-0.017153777182102203
-0.048580560833215714
-0.005230233538895845
-0.02932782471179962
-0.09133773297071457
-0.04957595095038414
-0.03709007799625397
0.032083068042993546
-0.03287174925208092
0.02361825853586197
-0.05783870071172714
-0.10361767560243607
-0.09182728826999664
-0.3190458416938782
0.6213844418525696
-0.6359393000602722
0.019841590896248817
-0.40615296363830566
0.4661470353603363
0.13140565156936646
-0.2250080108642578
0.3171108067035675
0.2564432621002197
-0.24451002478599548
0.2570331394672394
-0.08128537237644196
0.04943545162677765
0.39016488194465637
0.13630348443984985
1.4488672018051147
-0.07627762109041214
0.626702606678009
0.15817353129386902
-0.45391178131103516
-0.3991556167602539
1.2611234188079834
0.13946470618247986
0.31101152300834656
0.02015903778374195
0.13999316096305847
-0.3775261640548706
0.08359891921281815
0.102557472884655
-0.3736841678619385
0.9433342814445496
0.45096275210380554
-0.17987099289894104
0.10862457752227783
0.6863679885864258
0.04268793389201164
0.3916049599647522
0.7359354496002197
0.27105772495269775
0.37373045086860657
-0.5310367345809937
0.08480241894721985
0.30837225914001465
0.2805383801460266
0.6893202066421509
1.5317907333374023
0.013043842278420925
0.2141924500465393
0.16111129522323608
-0.04783220589160919
-0.5202000737190247
0.13089431822299957
-0.6047071218490601
-0.2089933454990387
0.22653456032276154
-0.5550632476806641
-0.42821621894836426
0.12512190639972687
-0.4308980703353882
-0.02044624462723732
-0.45208194851875305
-0.1944984346628189
-0.16796573996543884
0.7524804472923279
-0.032874274998903275
0.5153777003288269
0.2322423756122589
-0.02170209214091301
-0.2943028509616852
0.7882667779922485
0.004500688053667545
0.30490627884864807
-0.03343857824802399
-0.6081383228302002
0.10716509819030762
0.2869129180908203
0.3067784607410431
0.5743433237075806
0.5612502098083496
0.5483427047729492
0.15417632460594177
0.9437083005905151
0.6374022364616394
-0.09639301151037216
-0.12494728714227676
0.3331564664840698
-0.11283046007156372
-0.07925491780042648
-0.4637141227722168
-0.2274855077266693
0.3447195291519165
0.37440502643585205
0.12483835220336914
0.7238683104515076
0.06285128742456436
0.5146985054016113
-0.07834544777870178
0.42159557342529297
-0.14217281341552734
-0.15014159679412842
0.0356215164065361
0.14347942173480988
-0.07483217865228653
0.0003919211740139872
0.2943562865257263
-1.176849603652954
-0.19279666244983673
-0.1477087438106537
-0.5753251314163208
0.5709035992622375
0.7563400864601135
0.6061908602714539
2.9926607608795166
-0.0277833454310894
0.280830979347229
0.5513499975204468
0.3658057451248169
0.5604203939437866
0.5981388092041016
0.08840027451515198
-0.020260553807020187
0.3232727646827698
-0.42066895961761475
0.8387174606323242
0.46774160861968994
0.6124648451805115
-3.1294522285461426
-2.3278307914733887
-2.665020227432251
-2.0288116931915283
-4.840674877166748
-2.0817835330963135
-1.584240436553955
-1.379216194152832
-2.7844858169555664
-1.4073865413665771
-2.086778402328491
-0.5611838102340698
-2.168287992477417
-1.904120683670044
-2.250234603881836
-5.671591281890869
-3.371845245361328
-1.4895274639129639
-1.710524320602417
-1.9209619760513306
-1.5856211185455322
-1.6299234628677368
-0.4925670921802521
-1.8529057502746582
-1.9453048706054688
-0.9268922805786133
-0.8531295657157898
-1.2715786695480347
-1.7608407735824585
-1.1884751319885254
-2.0334882736206055
-0.2788622975349426
-0.6938614845275879
-0.7953839898109436
-0.6417636275291443
-1.3409101963043213
-0.9727646112442017
-0.38391977548599243
-1.0017943382263184
-0.9910509586334229
-0.993267834186554
-0.8733057975769043
-1.1994974613189697
-0.2725282609462738
-1.0274734497070312
-1.5559269189834595
-1.5270719528198242
-4.579691410064697
-3.6655690670013428
-3.2330846786499023
-2.60781192779541
-2.9637362957000732
-4.974163055419922
-1.9153412580490112
-2.6686503887176514
-2.428412914276123
-3.1616716384887695
-1.5933541059494019
-1.7923939228057861
-2.266261577606201
-2.728309392929077
-2.00339412689209
-1.9876958131790161
-3.1158194541931152
-3.2650349140167236
-3.1757705211639404
-2.077714443206787
-2.144636392593384
-2.615083694458008
-1.2365992069244385
-1.1810599565505981
-1.8743783235549927
-1.8711276054382324
-1.2290120124816895
-0.8216889500617981
-2.049368143081665
-1.9089784622192383
-1.5577653646469116
-2.3589491844177246
-0.7509205937385559
-4.028233051300049
-2.1051316261291504
-1.656076431274414
-0.6557773351669312
-2.381213903427124
-1.1194002628326416
-1.033729076385498
-0.7717925310134888
-2.0598771572113037
-1.7110233306884766
-1.133897066116333
-1.8404093980789185
-3.070068597793579
-1.475273609161377
-1.7842152118682861
-1.6786932945251465
-1.4478360414505005
-3.4911913871765137
-1.1783300638198853
-1.879289150238037
-1.9598445892333984
-1.6124898195266724
-0.9150153994560242
-1.6277797222137451
-1.1147934198379517
-0.41526004672050476
-1.4174154996871948
-0.2782662510871887
-0.7898166179656982
-1.5100897550582886
-1.8658963441848755
-2.933887004852295
-2.957583427429199
-1.9855624437332153
-1.9199451208114624
-2.192519187927246
-4.3653883934021
-1.930511474609375
-1.364984154701233
-1.8332334756851196
-2.2979249954223633
-2.0597918033599854
-1.5819042921066284
-0.5666434168815613
-2.1937096118927
-2.290388584136963
-1.9874738454818726
-4.666743278503418
-2.173712968826294
-1.1270402669906616
-1.7147098779678345
-1.6084381341934204
-3.460481643676758
-1.2219456434249878
-0.6276154518127441
-0.7389667630195618
-1.337697148323059
-1.3475481271743774
-0.3841414153575897
-0.80006343126297
-1.602089524269104
-1.0970507860183716
-0.6527933478355408
-1.6822316646575928
-4.018554210662842
-3.449455499649048
-3.761580467224121
-1.8164526224136353
-4.8853678703308105
-2.218351125717163
-1.7668190002441406
-2.53424334526062
-3.2522900104522705
-1.5592888593673706
-1.6054024696350098
-1.6507372856140137
-2.9989449977874756
-1.9635961055755615
-2.6029062271118164
-3.144336223602295
-0.04582047834992409
0.017853176221251488
-0.011198950000107288
-0.08574938774108887
0.04559748247265816
-0.02368321642279625
0.007378441747277975
-0.03737368807196617
-0.053654298186302185
-0.09526153653860092
-0.011580745689570904
0.06514884531497955
-0.06004440784454346
0.01775256358087063
-0.04418526217341423
0.05728081613779068
-0.017002714797854424
-0.778905987739563
0.02184622921049595
-0.08814705908298492
-0.5202962756156921
-0.286003440618515
0.2741527557373047
-0.012001232244074345
-0.5071579813957214
0.4944034814834595
-0.7604678869247437
0.00645284540951252
-0.20968231558799744
0.06703974306583405
-0.3851899206638336
-0.6377149820327759
-4.855009078979492
-2.224860429763794
-1.5033735036849976
-1.560103416442871
-2.5864195823669434
-1.4749774932861328
-0.9313064217567444
-1.0610404014587402
-1.9689677953720093
-1.5845900774002075
-1.2200207710266113
-2.094759225845337
-3.2599072456359863
-1.4942623376846313
-2.5083796977996826
-2.3209025859832764
-2.062702178955078
-1.5942093133926392
-1.283454179763794
-1.6479792594909668
-1.3101390600204468
-0.9477961659431458
-0.6058153510093689
-1.7744067907333374
-1.878653883934021
-0.9047609567642212
-1.481169581413269
-0.353157639503479
-1.353515625
-2.021127700805664
-1.3522311449050903
-4.879415035247803
-4.718845844268799
-3.770414352416992
-3.0374181270599365
-2.9637060165405273
-4.975978374481201
-2.8410849571228027
-2.2185826301574707
-2.3628029823303223
-3.7145655155181885
-2.240717887878418
-2.3826446533203125
-1.8218519687652588
-3.1593098640441895
-2.3656489849090576
-2.4782328605651855
-3.5429344177246094
-3.6605570316314697
-3.782320499420166
-1.9036070108413696
-1.9039713144302368
-2.3483991622924805
-1.6009035110473633
-1.3501859903335571
-1.8435075283050537
-2.1975719928741455
-0.9493808150291443
-1.738127589225769
-1.3711715936660767
-3.330352783203125
-1.6557692289352417
-2.466428518295288
-2.065415143966675
-3.9037246704101562
-1.529707431793213
-1.5581562519073486
-1.7691187858581543
-2.5572245121002197
-1.4955787658691406
-0.6451132297515869
-1.7278265953063965
-2.242269277572632
-1.6082006692886353
-2.229921817779541
-0.5737677216529846
-2.7285282611846924
-2.126448631286621
-2.412543296813965
-4.354346752166748
-0.9679983258247375
-2.1631906032562256
-0.6683284640312195
-1.2325102090835571
-1.965942621231079
-1.5669183731079102
-1.028717279434204
-0.5943812727928162
-1.2020254135131836
-0.5299856662750244
-0.7303527593612671
-1.1669487953186035
-1.1721307039260864
-0.8492476344108582
-1.616158366203308
-0.1853346973657608
-1.2615607976913452
-2.493704319000244
-1.5986926555633545
-1.7058707475662231
-1.6133774518966675
-1.0718092918395996
-1.3566535711288452
-1.5193653106689453
-1.3788434267044067
-1.0905650854110718
-1.069745659828186
-1.5163861513137817
-0.9427502751350403
-1.095363736152649
-1.9911164045333862
-0.2974250614643097
-3.268983840942383
-2.6845695972442627
-2.061260223388672
-1.8820183277130127
-2.4724605083465576
-1.3845078945159912
-0.7376565933227539
-2.1904397010803223
-2.002913475036621
-0.8949146866798401
-1.0605146884918213
-1.188228964805603
-2.2357494831085205
-1.9577624797821045
-2.052673578262329
-3.2436702251434326
-5.022204875946045
-2.3194549083709717
-1.885683298110962
-2.495312213897705
-3.913658857345581
-1.7837822437286377
-1.2496577501296997
-1.1068494319915771
-2.392334222793579
-2.1715211868286133
-1.4360742568969727
-1.750385046005249
-3.694195508956909
-1.7708497047424316
-2.4972422122955322
-2.6977570056915283
-0.023508276790380478
-0.0010166688589379191
-0.04453490301966667
-0.09267902374267578
-0.01425059325993061
0.02646338753402233
-0.014244051650166512
0.04605533182621002
0.019218720495700836
-0.10052046179771423
0.044363077729940414
-0.03496516868472099
0.07958193868398666
-0.016350774094462395
-0.022327348589897156
-0.07210519909858704
-2.0555200576782227
-1.191706657409668
-2.3165059089660645
-1.7221792936325073
-4.454004287719727
-2.521270275115967
-1.944491982460022
-1.4276398420333862
-2.9372220039367676
-1.5868879556655884
-1.0612304210662842
-1.807026982307434
-1.8348817825317383
-1.6420667171478271
-1.4105256795883179
-1.2143996953964233
0.00802802573889494
0.040808919817209244
0.015725890174508095
0.014529121108353138
0.005477676168084145
0.02511703222990036
-0.041583769023418427
-0.015340297482907772
0.06576638668775558
0.020096683874726295
0.0321020632982254
0.03229362517595291
-0.00287364493124187
-0.018019139766693115
0.004493246786296368
0.023133207112550735
-1.2150568962097168
-0.4340183734893799
-0.9699456095695496
-0.2880097031593323
-2.703415870666504
-1.0679155588150024
-1.4622328281402588
-0.8684965372085571
-1.5108457803726196
-0.9883126616477966
-0.3264787495136261
-0.5099274516105652
-1.3960764408111572
-0.5059477090835571
-1.1700937747955322
-1.4753236770629883
-3.294095277786255
-3.4047319889068604
-2.2478537559509277
-2.16750431060791
-2.010887861251831
-1.0024116039276123
-0.5798106789588928
-2.37451171875
-1.7873338460922241
-1.15227210521698
-1.039541482925415
-1.625465750694275
-1.502912163734436
-1.3323380947113037
-1.8611339330673218
-0.545131266117096
-4.066196441650391
-1.7905261516571045
-1.0891618728637695
-1.1606831550598145
-1.738944411277771
-1.1163392066955566
-0.6368736028671265
-1.0581380128860474
-1.933301329612732
-1.6254899501800537
-0.788449764251709
-2.070568084716797
-1.7328941822052002
-1.022006869316101
-2.276312828063965
-2.4060840606689453
-1.9869351387023926
-0.8045916557312012
-0.6127819418907166
-0.14842233061790466
-0.6013913154602051
-0.5431281328201294
0.06432493776082993
-0.3588394522666931
-0.8069862127304077
-0.35194259881973267
-0.25897112488746643
-0.37076643109321594
-1.590013861656189
-0.29517707228660583
-0.20473085343837738
-0.632477343082428
-4.875670909881592
-3.0479888916015625
-2.5165762901306152
-2.071124792098999
-2.8464725017547607
-1.920641541481018
-1.1494832038879395
-2.0932159423828125
-2.2483534812927246
-1.2564499378204346
-1.286891222000122
-1.8868402242660522
-3.333406448364258
-1.8296393156051636
-2.412358522415161
-1.5208185911178589
-4.631260395050049
-2.2894320487976074
-1.1850773096084595
-1.8453937768936157
-2.44222092628479
-1.2340635061264038
-0.5900467038154602
-1.0458056926727295
-1.5999292135238647
-1.3503464460372925
-0.9536394476890564
-2.078653335571289
-3.1540350914001465
-1.2376097440719604
-1.7628438472747803
-1.7570760250091553
-1.5246609449386597
-1.7420320510864258
-1.7849434614181519
-1.3917018175125122
-1.3774523735046387
-1.0643045902252197
-1.0092949867248535
-1.4143339395523071
-0.9723206758499146
-0.5884608030319214
-1.4875186681747437
-1.151110053062439
-0.9810483455657959
-1.032344937324524
-1.2465097904205322
-1.213758111000061
-1.961977243423462
-1.3119314908981323
-2.9853084087371826
-1.0544742345809937
-3.9771721363067627
-1.4719338417053223
-1.1899328231811523
-1.4580714702606201
-2.0408196449279785
-1.1550748348236084
-1.0651451349258423
-1.1453779935836792
-1.2177422046661377
-1.2345335483551025
-0.9500544667243958
-2.7492551803588867
-3.137226104736328
-2.514387845993042
-2.5866498947143555
-2.116487979888916
-5.228244781494141
-2.1281185150146484
-1.5726317167282104
-1.3178824186325073
-2.6301019191741943
-1.4809365272521973
-2.216078042984009
-0.5450592041015625
-2.1580629348754883
-1.9814165830612183
-2.248105764389038
-6.077720642089844
-3.6988677978515625
-1.5533639192581177
-1.874801754951477
-1.9498064517974854
-1.65139639377594
-1.7269554138183594
-0.49016815423965454
-2.027690887451172
-2.091278076171875
-1.1269443035125732
-0.9274510145187378
-1.373950719833374
-1.8166236877441406
-1.2191267013549805
-2.1490252017974854
-0.3231516480445862
-0.7047685980796814
-0.8818027973175049
-0.6312227249145508
-1.584102988243103
-0.9917855262756348
-0.4003787040710449
-1.1177630424499512
-0.9595623016357422
-1.0495015382766724
-1.0626155138015747
-1.3435471057891846
-0.3369395136833191
-0.9671445488929749
-1.6867173910140991
-1.5337671041488647
-4.8103837966918945
-3.6493079662323
-3.419191360473633
-2.638693332672119
-2.955932378768921
-5.24081563949585
-1.9863977432250977
-2.6380579471588135
-2.4113571643829346
-3.194884777069092
-1.6440938711166382
-1.7457575798034668
-2.199917793273926
-2.7871553897857666
-2.0283584594726562
-2.1152117252349854
-3.2331554889678955
-3.5324933528900146
-3.1476874351501465
-2.1636881828308105
-2.074244737625122
-2.5642282962799072
-1.3491079807281494
-1.3047363758087158
-2.0343310832977295
-1.9553143978118896
-1.1892588138580322
-0.8355311155319214
-2.21349835395813
-1.9910821914672852
-1.6716994047164917
-2.5187196731567383
-0.7262216210365295
-4.31903076171875
-2.141896963119507
-1.8942334651947021
-0.720770001411438
-2.384336233139038
-1.2523115873336792
-1.1514463424682617
-0.7830772399902344
-2.1781580448150635
-1.8084311485290527
-1.1700807809829712
-1.980677843093872
-3.0864455699920654
-1.4231781959533691
-1.8389686346054077
-1.7871813774108887
-1.7757771015167236
-3.6784775257110596
-1.2933375835418701
-1.990272879600525
-2.1620800495147705
-1.720004677772522
-0.9983962178230286
-1.7127494812011719
-1.2472054958343506
-0.5591273307800293
-1.6102542877197266
-0.3907433748245239
-0.8428723812103271
-1.6943358182907104
-1.986533761024475
-3.1156156063079834
-2.889145612716675
-2.1244492530822754
-1.9587626457214355
-2.189379930496216
-4.502520561218262
-1.8256832361221313
-1.4786169528961182
-1.8227094411849976
-2.3280527591705322
-2.101137399673462
-1.6062819957733154
-0.42621514201164246
-2.2605364322662354
-2.316495418548584
-2.0354197025299072
-4.899044513702393
-2.280880928039551
-1.3113157749176025
-1.7033261060714722
-1.7227303981781006
-3.6514506340026855
-1.373308777809143
-0.6242851614952087
-0.7343130111694336
-1.4242252111434937
-1.2904679775238037
-0.5432896018028259
-0.7758459448814392
-1.5739167928695679
-1.2071681022644043
-0.7088924646377563
-1.8831894397735596
-4.1243486404418945
-3.5847136974334717
-3.725140333175659
-1.841590166091919
-4.972017765045166
-2.1750009059906006
-1.8927690982818604
-2.501868486404419
-3.2850301265716553
-1.6572200059890747
-1.781542420387268
-1.7689845561981201
-3.1281545162200928
-2.081712245941162
-2.679408311843872
-3.3597443103790283
0.010311834514141083
-0.053593963384628296
-0.0440334752202034
0.06512857973575592
-0.05461844801902771
-0.018816713243722916
-0.057247940450906754
-0.04586978256702423
0.061254240572452545
-0.006832859478890896
0.011475805193185806
0.03898215293884277
-0.03369174152612686
-0.009984130971133709
-0.014142666943371296
0.015766466036438942
-0.019277380779385567
-0.9200466871261597
0.08398930728435516
-0.003782251849770546
-0.4541446566581726
-0.4606838822364807
0.4441513121128082
-0.14322452247142792
-0.6758118867874146
0.6173133254051208
-0.8428261280059814
-0.06316586583852768
-0.3895021080970764
-0.05322277173399925
-0.35357996821403503
-0.7183244228363037
-5.1525187492370605
-2.293070077896118
-1.639856219291687
-1.6089386940002441
-2.6006011962890625
-1.4292079210281372
-1.0509670972824097
-1.1120853424072266
-2.079160690307617
-1.8120671510696411
-1.3543039560317993
-2.3883705139160156
-3.3220560550689697
-1.560384750366211
-2.511082172393799
-2.3452529907226562
-2.1944549083709717
-1.7097779512405396
-1.2671951055526733
-1.6950870752334595
-1.3576077222824097
-1.0292727947235107
-0.7337469458580017
-1.8160781860351562
-2.0412755012512207
-0.9522407054901123
-1.814531683921814
-0.26631665229797363
-1.4696606397628784
-2.0813863277435303
-1.4357659816741943
-4.998849868774414
-4.886653900146484
-3.875648021697998
-2.8326995372772217
-2.937520980834961
-5.114171504974365
-2.888927459716797
-2.200700044631958
-2.2760567665100098
-3.613875389099121
-2.337475538253784
-2.5464820861816406
-1.991703987121582
-3.1113381385803223
-2.389073610305786
-2.6819100379943848
-3.6885015964508057
-4.067917346954346
-3.9573264122009277
-1.8779575824737549
-2.062662363052368
-2.3423988819122314
-1.73970365524292
-1.4469859600067139
-1.8875023126602173
-2.308701515197754
-1.061918020248413
-1.877186894416809
-1.5655517578125
-3.4571831226348877
-1.7270851135253906
-2.623014450073242
-2.1023805141448975
-4.03059720993042
-1.517025351524353
-1.546069622039795
-1.75493586063385
-2.5509676933288574
-1.4634042978286743
-0.7203548550605774
-1.7663580179214478
-2.422147512435913
-1.6760283708572388
-2.484860420227051
-0.805018424987793
-2.839822769165039
-2.158266067504883
-2.506831645965576
-4.434388637542725
-1.0747956037521362
-2.281275987625122
-0.8101566433906555
-1.212020754814148
-2.031121015548706
-1.5579098463058472
-1.1178631782531738
-0.6965957283973694
-1.2812774181365967
-0.43860870599746704
-0.7359197735786438
-1.312404990196228
-1.3232839107513428
-0.8590679168701172
-1.818529725074768
-0.2175038903951645
-1.4059494733810425
-2.6425483226776123
-1.623600959777832
-1.7701818943023682
-1.686124324798584
-1.24592125415802
-1.3811006546020508
-1.5633735656738281
-1.4543958902359009
-1.1798782348632812
-1.045251727104187
-1.6010843515396118
-1.019500494003296
-1.20585036277771
-2.423487901687622
-0.17396311461925507
-3.4947328567504883
-2.590358018875122
-2.122251272201538
-1.9061393737792969
-2.51894211769104
-1.39838445186615
-0.7529333829879761
-2.2279112339019775
-2.0054502487182617
-0.873433530330658
-1.0943572521209717
-1.249744176864624
-2.400033473968506
-1.9338246583938599
-2.150933265686035
-3.3125762939453125
-5.235922336578369
-2.462817907333374
-1.878504991531372
-2.558769941329956
-4.066285133361816
-1.819322109222412
-1.2707735300064087
-0.9839430451393127
-2.3055174350738525
-2.2670326232910156
-1.527640461921692
-1.9889267683029175
-3.7605230808258057
-1.806960940361023
-2.5128366947174072
-2.735948324203491
0.03016708232462406
-0.015738116577267647
0.07031968981027603
0.08040867745876312
-0.02096586860716343
0.05944480374455452
-0.029351836070418358
-0.00847560539841652
0.01182823907583952
-0.006767784245312214
-0.00911793950945139
-0.024470752105116844
-0.019237780943512917
0.005410831421613693
0.02082248032093048
-0.03162572905421257
-2.1150593757629395
-1.2127355337142944
-2.297550678253174
-1.670113205909729
-4.763152122497559
-2.491426706314087
-2.0020036697387695
-1.2656633853912354
-2.822396755218506
-1.7300275564193726
-1.116664171218872
-1.959425926208496
-1.7746678590774536
-1.7549841403961182
-1.4828394651412964
-1.4108772277832031
0.02579706907272339
-0.057635460048913956
0.014716901816427708
-0.0111495740711689
0.07330910861492157
-0.10993173718452454
-0.004547995515167713
-0.05441097170114517
0.0024687887635082006
0.015472443774342537
0.035330116748809814
0.03374790772795677
-0.01654704473912716
0.03131638094782829
0.06725701689720154
0.01094028539955616
-1.280897617340088
-0.4516206383705139
-1.0189268589019775
-0.39265701174736023
-2.927774667739868
-0.9655826091766357
-1.4854309558868408
-0.9966377019882202
-1.6716948747634888
-1.009781002998352
-0.31852537393569946
-0.49205997586250305
-1.547603964805603
-0.5510921478271484
-1.1966758966445923
-1.6597871780395508
-3.469613552093506
-3.470001220703125
-2.4131219387054443
-2.298701286315918
-1.9296445846557617
-0.9982699155807495
-0.5870189666748047
-2.484806537628174
-1.7647544145584106
-1.2974764108657837
-1.0516785383224487
-1.7499208450317383
-1.4510492086410522
-1.4626015424728394
-1.9000976085662842
-0.5662482976913452
-4.429740905761719
-1.7851639986038208
-1.158398151397705
-1.1281527280807495
-1.7686506509780884
-1.3539748191833496
-0.7420965433120728
-1.1211525201797485
-2.1001932621002197
-1.6121184825897217
-0.757909893989563
-2.483745574951172
-1.792194128036499
-1.1514099836349487
-2.3192660808563232
-2.5062310695648193
-2.1960651874542236
-0.8356425762176514
-0.7477537989616394
-0.1115870401263237
-0.6305590867996216
-0.5741440057754517
0.04547739773988724
-0.4165079593658447
-0.9079161286354065
-0.30725613236427307
-0.18653319776058197
-0.47350940108299255
-1.7034235000610352
-0.3258804976940155
-0.1692586988210678
-0.7180183529853821
-5.162859916687012
-2.9721505641937256
-2.5810186862945557
-2.090059757232666
-2.8837108612060547
-2.0328140258789062
-1.1277035474777222
-2.18080997467041
-2.344756841659546
-1.337376594543457
-1.3694837093353271
-2.105800151824951
-3.441925287246704
-1.9661760330200195
-2.529759407043457
-1.467355728149414
-4.9421186447143555
-2.2841286659240723
-1.259890079498291
-1.8830434083938599
-2.4622063636779785
-1.2136350870132446
-0.6558120250701904
-1.0433707237243652
-1.5390957593917847
-1.4744185209274292
-0.966309666633606
-2.368304491043091
-3.154952049255371
-1.3036081790924072
-1.7896734476089478
-1.898376226425171
-1.5714317560195923
-1.7075738906860352
-1.7616820335388184
-1.305123209953308
-1.4836426973342896
-1.2138335704803467
-0.961441695690155
-1.5304793119430542
-1.0747021436691284
-0.7193288207054138
-1.5694725513458252
-1.234887957572937
-1.0639917850494385
-1.159382939338684
-1.34799063205719
-1.4129486083984375
-2.077877998352051
-1.3958723545074463
-3.219571352005005
-1.1126114130020142
-4.244368076324463
-1.5982149839401245
-1.3399899005889893
-1.4067528247833252
-1.9492723941802979
-1.2304346561431885
-1.1891772747039795
-1.2318156957626343
-1.3269333839416504
-1.3785746097564697
-1.1349087953567505
-3.0091335773468018
-2.835113525390625
-2.0576112270355225
-2.3551344871520996
-1.8578826189041138
-4.164646148681641
-1.8268672227859497
-1.3103456497192383
-1.2060569524765015
-2.3338115215301514
-1.2167140245437622
-1.9515327215194702
-0.6508156061172485
-1.9903736114501953
-1.6586931943893433
-1.9435206651687622
-4.734686374664307
-2.8660528659820557
-1.1542444229125977
-1.3437526226043701
-1.5825984477996826
-1.3329668045043945
-1.2459535598754883
-0.3979794681072235
-1.6172174215316772
-1.6409389972686768
-0.8631307482719421
-0.7152645587921143
-1.1551322937011719
-1.3861634731292725
-0.9791894555091858
-1.7444618940353394
-0.3872256577014923
-0.44729161262512207
-0.5739602446556091
-0.4698864221572876
-1.0937961339950562
-0.748908519744873
-0.36153489351272583
-0.7594959139823914
-0.7851049900054932
-0.7402482628822327
-0.778857946395874
-0.7957175374031067
-0.1613781452178955
-0.751599907875061
-1.3666102886199951
-1.2879046201705933
-3.736985683441162
-3.215242624282837
-2.941089630126953
-2.3822693824768066
-2.707278251647949
-4.299833297729492
-1.7542328834533691
-2.371147394180298
-2.175624132156372
-2.683563709259033
-1.5231406688690186
-1.549826741218567
-1.9312812089920044
-2.4820711612701416
-1.750028371810913
-1.7605009078979492
-2.747790813446045
-2.827303647994995
-2.628842830657959
-1.8273630142211914
-1.855931282043457
-2.2437875270843506
-1.0069410800933838
-1.0151890516281128
-1.5848263502120972
-1.6379249095916748
-1.0737394094467163
-0.6701892614364624
-1.7589701414108276
-1.6499903202056885
-1.413153886795044
-2.014659881591797
-0.7461761236190796
-3.4097228050231934
-1.6158270835876465
-1.3346138000488281
-0.5580698251724243
-1.9979254007339478
-0.8669337630271912
-0.8110738396644592
-0.6834781169891357
-1.7802166938781738
-1.3549628257751465
-0.9280270934104919
-1.3196443319320679
-2.6096537113189697
-1.2231762409210205
-1.5763342380523682
-1.4198827743530273
-1.1889500617980957
-2.5873489379882812
-0.9721078276634216
-1.5893036127090454
-1.4812959432601929
-1.4166078567504883
-0.7468230128288269
-1.3246058225631714
-0.8762183785438538
-0.4760517477989197
-1.171967625617981
-0.17316102981567383
-0.6759033203125
-1.3709641695022583
-1.5502417087554932
-2.4257521629333496
-2.7002451419830322
-1.6822456121444702
-1.7462925910949707
-1.8622422218322754
-3.641371965408325
-1.8452037572860718
-1.102283000946045
-1.5945992469787598
-2.0629124641418457
-1.763224720954895
-1.2993779182434082
-0.45562544465065
-1.877618432044983
-1.9463845491409302
-1.789115309715271
-4.135698318481445
-2.0015456676483154
-1.0977604389190674
-1.4081987142562866
-1.3682632446289062
-2.8546972274780273
-0.991400957107544
-0.4280586838722229
-0.6226109266281128
-1.1962851285934448
-1.0190930366516113
-0.39725461602211
-0.6667962670326233
-1.2121845483779907
-0.9320306181907654
-0.5068472623825073
-1.2086154222488403
-3.755898952484131
-3.0987823009490967
-3.3127946853637695
-1.6530444622039795
-4.165083885192871
-2.022676706314087
-1.6419525146484375
-2.1395468711853027
-2.9087412357330322
-1.3835129737854004
-1.5532081127166748
-1.589859962463379
-2.861391305923462
-1.8625226020812988
-2.3632895946502686
-2.9434831142425537
0.04172534868121147
-0.04932265356183052
0.032467037439346313
0.014569307677447796
-0.039175573736429214
0.016605280339717865
0.03913061320781708
0.007608302868902683
-0.054443180561065674
0.04096384346485138
-0.0023178455885499716
-0.02769058384001255
0.06044282764196396
-0.05113738775253296
0.027796847745776176
0.02199033834040165
0.010651474818587303
-0.43686723709106445
-0.06215238943696022
0.04115339368581772
-0.2756986916065216
-0.28156906366348267
0.21809658408164978
0.03555391728878021
-0.27622121572494507
0.3366258442401886
-0.4315997362136841
-0.008345983922481537
-0.23905503749847412
0.019781049340963364
-0.249174103140831
-0.4291025698184967
-4.118701934814453
-1.8424031734466553
-1.1444388628005981
-1.1398764848709106
-2.2038655281066895
-1.0116498470306396
-0.894740104675293
-0.9021340608596802
-1.8177821636199951
-1.445887804031372
-0.9637126922607422
-1.600914478302002
-2.9290711879730225
-1.281345248222351
-2.148737907409668
-2.200432538986206
-1.5628093481063843
-1.24015212059021
-0.9553276300430298
-1.354257345199585
-0.9179553985595703
-0.8762560486793518
-0.5659748315811157
-1.520159125328064
-1.4291869401931763
-0.7059085369110107
-1.0800288915634155
-0.2591831088066101
-1.2605102062225342
-1.69859778881073
-1.174233317375183
-4.171119689941406
-4.276410102844238
-3.5003888607025146
-2.729548692703247
-2.6804745197296143
-4.288362503051758
-2.583784818649292
-1.9508026838302612
-2.0517189502716064
-3.0934813022613525
-2.040116548538208
-2.214081287384033
-1.7210432291030884
-2.880105495452881
-2.239360809326172
-2.3141109943389893
-3.3630356788635254
-3.077935218811035
-3.0321850776672363
-1.6005184650421143
-1.5437628030776978
-2.018310785293579
-1.3414851427078247
-1.1769996881484985
-1.6014840602874756
-1.940104365348816
-1.0281633138656616
-1.5326447486877441
-1.1933588981628418
-2.85455584526062
-1.4124784469604492
-2.202054023742676
-1.9884147644042969
-3.1911983489990234
-1.2883161306381226
-1.271821141242981
-1.487971544265747
-2.153002977371216
-1.397587537765503
-0.6400685906410217
-1.518447756767273
-1.9975351095199585
-1.471313714981079
-1.8953092098236084
-0.5890761613845825
-2.4011857509613037
-1.820252776145935
-2.170380115509033
-4.052255153656006
-0.6983686685562134
-1.715057611465454
-0.6544228792190552
-1.030450463294983
-1.5534074306488037
-1.2059926986694336
-0.7933154702186584
-0.5500012040138245
-0.9915945529937744
-0.41349098086357117
-0.5586811304092407
-0.9502322673797607
-0.9928247928619385
-0.6959162354469299
-1.1949108839035034
-0.32839128375053406
-0.9191786050796509
-2.2042882442474365
-1.3071492910385132
-1.5922490358352661
-1.2379876375198364
-0.8790299892425537
-0.9991612434387207
-1.2322653532028198
-0.9982960224151611
-0.9117571115493774
-0.8497655987739563
-1.287284255027771
-0.7614884972572327
-0.9064528942108154
-1.5906083583831787
-0.22757592797279358
-2.696591854095459
-2.268760919570923
-1.7785513401031494
-1.6729882955551147
-2.004936933517456
-1.2119933366775513
-0.7367156744003296
-1.9182815551757812
-1.6162654161453247
-0.7413902878761292
-0.9280737638473511
-1.0779199600219727
-1.9336252212524414
-1.7451928853988647
-1.8174993991851807
-2.8111729621887207
-4.58976411819458
-1.9587392807006836
-1.6170704364776611
-2.0553929805755615
-3.4374706745147705
-1.394108772277832
-1.0877225399017334
-1.025023102760315
-2.0283234119415283
-1.9903804063796997
-1.3037322759628296
-1.602881908416748
-3.228350877761841
-1.5203593969345093
-2.190300464630127
-2.383286476135254
-0.0805225670337677
0.09864606708288193
-0.008738146163523197
0.01840430498123169
0.019273223355412483
0.055934879928827286
0.014900768175721169
-0.014942429028451443
0.041095342487096786
0.00467668566852808
-0.03691145032644272
0.06835950165987015
-0.05190373584628105
0.023625563830137253
0.0263527799397707
-0.0009242739761248231
-1.737644076347351
-1.0295289754867554
-1.955452799797058
-1.5891838073730469
-3.7827863693237305
-2.0827651023864746
-1.6202062368392944
-1.212005376815796
-2.5023601055145264
-1.3240000009536743
-0.9470006227493286
-1.571762204170227
-1.6762032508850098
-1.4429781436920166
-1.0477406978607178
-1.2013957500457764
-0.028800813481211662
0.024195557460188866
0.06735071539878845
0.0009074888657778502
0.039546869695186615
-0.022073503583669662
-0.02650635503232479
0.042912811040878296
-0.060482122004032135
0.10511995851993561
-0.04903564602136612
8.515807166986633e-06
-0.0594002865254879
0.030364053323864937
-0.054093923419713974
0.007662574294954538
-0.8687712550163269
-0.40109479427337646
-0.758702278137207
-0.30209267139434814
-2.1580886840820312
-0.927598774433136
-1.1843358278274536
-0.5533127784729004
-1.1794923543930054
-0.6694989204406738
-0.3429379463195801
-0.5227458477020264
-1.095535159111023
-0.47512635588645935
-0.8764770030975342
-1.1132283210754395
-2.7146496772766113
-2.812411308288574
-2.0521459579467773
-1.8391261100769043
-1.659197211265564
-0.7151341438293457
-0.48203739523887634
-1.836323618888855
-1.4827167987823486
-1.0643922090530396
-0.8753799200057983
-1.4628337621688843
-1.1925820112228394
-1.1919684410095215
-1.497214436531067
-0.64860999584198
-3.3809757232666016
-1.24697744846344
-0.7603133916854858
-0.8580899834632874
-1.4734690189361572
-0.9368063807487488
-0.6009526252746582
-0.8803825378417969
-1.5713844299316406
-1.255541205406189
-0.5497418642044067
-1.6058379411697388
-1.552420973777771
-0.9478303790092468
-1.9239246845245361
-2.092287540435791
-1.266324758529663
-0.5199650526046753
-0.3975706696510315
-0.05160900950431824
-0.2876778841018677
-0.31635919213294983
0.012127374298870564
-0.3265990912914276
-0.5531399250030518
-0.20876215398311615
-0.16235844790935516
-0.26027458906173706
-1.247517704963684
-0.25213345885276794
-0.10784792900085449
-0.46142658591270447
-4.165665149688721
-2.5877299308776855
-2.14599871635437
-1.703853964805603
-2.5039708614349365
-1.5959094762802124
-1.0721793174743652
-1.82977294921875
-2.056980609893799
-1.2631467580795288
-1.0583959817886353
-1.6336158514022827
-3.0226409435272217
-1.6072144508361816
-2.1843836307525635
-1.5747796297073364
-3.957043409347534
-1.6944831609725952
-0.992985188961029
-1.3246433734893799
-2.0368123054504395
-0.9160493612289429
-0.5301092267036438
-0.8477101922035217
-1.3130549192428589
-1.1780211925506592
-0.8036788105964661
-1.5928089618682861
-2.6803574562072754
-1.039891242980957
-1.5212831497192383
-1.7617933750152588
-1.2570642232894897
-1.501050353050232
-1.3452470302581787
-1.2302953004837036
-0.9847424626350403
-1.0160398483276367
-0.8601117730140686
-1.1526434421539307
-0.7369241714477539
-0.5802919268608093
-1.1584151983261108
-0.8577301502227783
-0.7874361276626587
-0.8033779263496399
-0.9921376705169678
-0.9468480348587036
-1.7999688386917114
-1.0445111989974976
-2.4027674198150635
-0.7879063487052917
-3.2865209579467773
-1.1418980360031128
-1.0159941911697388
-1.0882834196090698
-1.6706180572509766
-0.7931843400001526
-0.9045546054840088
-0.9605813026428223
-1.0693843364715576
-1.0465772151947021
-0.7847214341163635
-2.076589822769165
-2.671692132949829
-2.1502206325531006
-1.4476746320724487
-1.9680562019348145
-4.181292533874512
-1.9553817510604858
-1.1828991174697876
-0.8620303869247437
-1.7798707485198975
-1.1909517049789429
-2.2527577877044678
-0.7182478904724121
-1.9975754022598267
-1.7632777690887451
-1.894586443901062
-4.6914215087890625
-2.865044116973877
-1.1793622970581055
-1.474839448928833
-1.4377806186676025
-1.1003035306930542
-1.2353074550628662
-0.2873203158378601
-1.6912959814071655
-1.6589159965515137
-0.9194048047065735
-0.7516903877258301
-1.1194190979003906
-1.3778525590896606
-1.0579181909561157
-1.7152787446975708
-0.3815958499908447
-0.458440899848938
-0.6344377398490906
-0.3707748353481293
-1.121593713760376
-0.6025118231773376
-0.4815971851348877
-0.8205551505088806
-0.6283987760543823
-0.7383145093917847
-0.7709569334983826
-0.7680314779281616
-0.1262264847755432
-0.7885213494300842
-1.3459964990615845
-1.196537971496582
-3.65533185005188
-3.215637683868408
-3.0156466960906982
-2.148923873901367
-2.8471765518188477
-4.29001522064209
-1.8837989568710327
-1.836418867111206
-1.5697144269943237
-2.3270390033721924
-1.5619699954986572
-1.744617223739624
-1.831770658493042
-2.421522378921509
-1.8895103931427002
-1.8560572862625122
-2.9107413291931152
-2.8692471981048584
-2.6244823932647705
-1.9890522956848145
-1.7777990102767944
-1.7515515089035034
-1.1025224924087524
-1.053835391998291
-1.5714048147201538
-1.4269345998764038
-1.230344295501709
-0.7904170751571655
-1.7942121028900146
-1.6504321098327637
-1.4363188743591309
-2.186248540878296
-0.6613796353340149
-3.360591173171997
-1.5528408288955688
-1.2859420776367188
-0.4157760739326477
-1.4265577793121338
-0.6996393203735352
-1.0096222162246704
-0.7425072193145752
-1.7281732559204102
-1.1618154048919678
-1.0373212099075317
-1.4297242164611816
-2.581855535507202
-1.2888249158859253
-1.5985630750656128
-1.383195400238037
-1.3066778182983398
-2.712756633758545
-0.9341123104095459
-1.6121723651885986
-1.3715589046478271
-1.4853354692459106
-0.706476092338562
-1.269546627998352
-0.8112807869911194
-0.5187488198280334
-1.093875527381897
-0.02717488817870617
-0.7417446970939636
-1.3265279531478882
-1.3527535200119019
-2.3340866565704346
-2.4920847415924072
-1.6644694805145264
-1.2311886548995972
-1.82744562625885
-3.5916857719421387
-1.885711908340454
-1.171522617340088
-1.1146960258483887
-1.7149593830108643
-1.6647270917892456
-1.4344435930252075
-0.34334319829940796
-2.0445902347564697
-2.038485050201416
-1.7651818990707397
-4.161399841308594
-1.8980586528778076
-1.0940465927124023
-1.5000327825546265
-1.4110360145568848
-2.8089654445648193
-1.0110161304473877
-0.32463034987449646
-0.3491150438785553
-0.9678088426589966
-1.0344079732894897
-0.6245908737182617
-0.7280868887901306
-1.335265040397644
-0.8413300514221191
-0.5377215147018433
-1.3417147397994995
-3.8122856616973877
-3.0881688594818115
-2.7853150367736816
-1.4652767181396484
-3.8674724102020264
-1.8068606853485107
-1.595733404159546
-1.9323229789733887
-2.3801467418670654
-1.4717789888381958
-1.7182987928390503
-1.5714930295944214
-2.8982787132263184
-1.9983911514282227
-2.5006752014160156
-2.957634449005127
0.02472296729683876
0.050331540405750275
-0.02771773189306259
0.03653416782617569
-0.02915654145181179
-0.05241698771715164
-0.00674279173836112
-0.029930217191576958
0.1487763226032257
-0.012016765773296356
0.011247506365180016
-0.0005168523639440536
0.02729138545691967
0.05680029094219208
0.016199596226215363
-0.013942105695605278
-0.06805181503295898
-0.47034531831741333
-0.06249362602829933
0.011019187979400158
-0.3059920072555542
-0.22081710398197174
0.2811650335788727
-0.1283506453037262
-0.27259665727615356
0.26958900690078735
-0.4366610646247864
0.09726504236459732
-0.13994668424129486
0.007709680125117302
-0.0832567811012268
-0.47296038269996643
-4.168818473815918
-1.646070122718811
-1.0359472036361694
-0.9674103260040283
-1.8219940662384033
-1.0141407251358032
-0.9593186974525452
-1.0731308460235596
-1.8085232973098755
-1.4077832698822021
-1.0406639575958252
-1.8403514623641968
-2.8343772888183594
-1.3813927173614502
-2.157822370529175
-2.038536310195923
-1.4395943880081177
-1.2280300855636597
-0.7407373189926147
-1.3293079137802124
-0.8744831085205078
-0.9753531813621521
-0.7391003370285034
-1.3879787921905518
-1.3214025497436523
-0.7532515525817871
-1.299318552017212
-0.12008799612522125
-1.23127281665802
-1.7800801992416382
-1.1076014041900635
-4.107810020446777
-4.176753997802734
-3.548942804336548
-2.1315419673919678
-2.2920472621917725
-3.9804258346557617
-2.565635919570923
-1.7422469854354858
-1.4778668880462646
-2.676213502883911
-2.108252763748169
-2.5669102668762207
-1.953165054321289
-2.925156354904175
-2.2687087059020996
-2.40395188331604
-3.33630633354187
-3.127835512161255
-3.0241570472717285
-1.6263636350631714
-1.43815279006958
-1.5055791139602661
-1.1242282390594482
-1.4212007522583008
-1.735322117805481
-1.9496504068374634
-1.0680969953536987
-1.5819907188415527
-1.1767029762268066
-2.803593873977661
-1.5028403997421265
-2.2931697368621826
-1.9163591861724854
-3.0957932472229004
-1.2612354755401611
-0.8835405111312866
-1.184151291847229
-1.8612394332885742
-1.2601711750030518
-0.5563598871231079
-1.3288953304290771
-2.0530433654785156
-1.3901352882385254
-1.9430081844329834
-0.8212571144104004
-2.3444595336914062
-1.954978346824646
-2.2667105197906494
-3.886014699935913
-0.8061971664428711
-1.7819797992706299
-0.7319825291633606
-0.9956966638565063
-1.5109989643096924
-1.276387095451355
-0.7094171047210693
-0.5570552945137024
-0.8273689150810242
-0.4167042374610901
-0.579305112361908
-0.8384668231010437
-0.9384970664978027
-0.7522460222244263
-1.374810814857483
-0.2806296944618225
-1.094128966331482
-2.2117409706115723
-1.4807864427566528
-1.5937182903289795
-1.1610982418060303
-0.8637011647224426
-0.8202133178710938
-1.2097978591918945
-0.9905164241790771
-1.0383336544036865
-0.8844083547592163
-1.2041736841201782
-0.7464606761932373
-0.9449262022972107
-1.4683496952056885
-0.0805656909942627
-2.825989007949829
-2.3102774620056152
-1.4558178186416626
-1.5251065492630005
-1.727129578590393
-1.2872583866119385
-0.8599972128868103
-1.49418044090271
-1.431695580482483
-0.9314373135566711
-1.0345836877822876
-0.8607007265090942
-1.9247305393218994
-1.7390077114105225
-1.8441879749298096
-2.6917026042938232
-4.382186412811279
-1.9522695541381836
-1.437382459640503
-1.5623588562011719
-2.922144889831543
-1.1734850406646729
-1.281050682067871
-0.7193465828895569
-1.9411933422088623
-1.7714201211929321
-1.325583815574646
-1.8285119533538818
-3.205127239227295
-1.5470150709152222
-2.281015396118164
-2.1963701248168945
-0.009974177926778793
0.08134918659925461
-0.09326626360416412
0.048406414687633514
0.018133070319890976
0.10727561265230179
-0.0011732429265975952
0.038799699395895004
-0.0384325310587883
-0.02312367781996727
-0.06521312147378922
0.05492901802062988
0.06594299525022507
-0.024632293730974197
-0.029175151139497757
-0.03191583603620529
-1.7793774604797363
-1.1718038320541382
-1.9688422679901123
-1.6496696472167969
-3.7195346355438232
-2.095898151397705
-1.1725046634674072
-0.892417848110199
-1.9561588764190674
-1.32045316696167
-1.1732237339019775
-1.5094441175460815
-1.7012170553207397
-1.481109619140625
-1.2420681715011597
-1.4078341722488403
-0.05261673405766487
0.014230008237063885
-0.0052060578018426895
0.04724203422665596
0.022467317059636116
-0.06582887470722198
-0.002147182822227478
0.004247115459293127
-0.0038397647440433502
-0.08269008994102478
-0.047900814563035965
0.0069147259928286076
0.02040499821305275
-0.049840934574604034
-0.009175990708172321
0.03777645528316498
-0.8255634307861328
-0.3621430993080139
-0.7833443284034729
-0.3275397717952728
-2.173081874847412
-0.8848167657852173
-1.0338205099105835
-0.531421422958374
-0.9539016485214233
-0.4949861466884613
-0.2663557827472687
-0.4823191463947296
-1.134584903717041
-0.47029247879981995
-0.8725476861000061
-1.2976481914520264
-2.7838377952575684
-2.834284782409668
-2.0859978199005127
-1.708315134048462
-1.2439966201782227
-0.6391111016273499
-0.554741382598877
-1.8882195949554443
-1.5312467813491821
-1.189029335975647
-1.0215306282043457
-1.5230985879898071
-1.3403615951538086
-1.1512103080749512
-1.4920473098754883
-0.5543718934059143
-3.4209728240966797
-1.1231685876846313
-0.6322478652000427
-0.8765884637832642
-1.1083085536956787
-0.9563038945198059
-0.8555023074150085
-0.9690698981285095
-1.5653177499771118
-1.1648943424224854
-0.5874313116073608
-1.5777978897094727
-1.5671888589859009
-0.9543262720108032
-1.9626985788345337
-2.12139630317688
-1.3287681341171265
-0.47183287143707275
-0.49339455366134644
-0.036843303591012955
-0.2770007252693176
-0.3499915301799774
-0.011736017651855946
-0.33186355233192444
-0.56449294090271
-0.14926761388778687
-0.12214549630880356
-0.130906343460083
-1.2902393341064453
-0.23362810909748077
-0.20817287266254425
-0.38824304938316345
-4.200069427490234
-2.5234506130218506
-1.9925159215927124
-1.395368218421936
-1.981096625328064
-1.4934085607528687
-0.9635398983955383
-2.0058581829071045
-2.1064655780792236
-1.2729488611221313
-1.156269907951355
-1.8764749765396118
-2.8809962272644043
-1.6300822496414185
-2.315091371536255
-1.4392716884613037
-3.841895818710327
-1.6948186159133911
-0.8497821688652039
-1.2402145862579346
-1.5571694374084473
-0.7663120031356812
-0.6565799713134766
-0.9608163237571716
-1.4790852069854736
-1.1775397062301636
-0.8160889744758606
-1.7295318841934204
-2.714210271835327
-1.066798210144043
-1.5777050256729126
-1.6243845224380493
-1.3364510536193848
-1.5107786655426025
-1.3025624752044678
-1.0716625452041626
-0.9084077477455139
-1.077517032623291
-0.7676278352737427
-1.134905457496643
-0.7117819786071777
-0.7454239130020142
-1.1823405027389526
-0.8016356229782104
-0.8006818294525146
-0.954932689666748
-0.9725942015647888
-0.8794251680374146
-1.724300742149353
-1.2742613554000854
-2.3470499515533447
-0.9185732007026672
-3.187746524810791
-1.1674093008041382
-0.9294575452804565
-1.1010711193084717
-1.2367662191390991
-0.879831850528717
-1.0237549543380737
-1.126054048538208
-1.0252492427825928
-1.044783353805542
-0.7946151494979858
-2.200761556625366
0.6375781893730164
0.7458956837654114
1.5028685331344604
0.3207208514213562
0.8138260245323181
0.36695510149002075
0.6995863914489746
0.09123386442661285
-0.591752827167511
0.442497581243515
0.2601654529571533
-0.12662062048912048
1.0062609910964966
0.3752099871635437
0.26374509930610657
0.4938840866088867
-0.18171510100364685
-0.23814299702644348
0.08828867971897125
0.8351190686225891
0.18522578477859497
0.7884480357170105
-0.2517310678958893
0.6827574968338013
0.07458847016096115
-0.4129020571708679
-0.38800865411758423
0.24889670312404633
0.38012272119522095
0.2878781855106354
0.3895120918750763
-0.822010338306427
-0.8385714292526245
-0.2563687860965729
-0.2491418421268463
1.479536533355713
-0.17435218393802643
-0.05543532222509384
0.39576783776283264
0.15705092251300812
-0.14364762604236603
-0.002705600578337908
-0.08163505047559738
1.2018593549728394
0.026238325983285904
-0.05682754889130592
0.3805128335952759
4.516542434692383
0.15449677407741547
0.4692215919494629
0.6507642269134521
1.0281494855880737
0.3486039638519287
-0.062373947352170944
0.8080461621284485
0.41403868794441223
-0.26477617025375366
-0.07444006204605103
-0.33786293864250183
0.32451140880584717
0.6937236785888672
0.5856056809425354
-0.17908789217472076
-0.6547894477844238
-0.0598774254322052
0.5680745840072632
0.5432648658752441
1.0442060232162476
0.09044859558343887
-0.19717440009117126
-0.1306513547897339
0.4728522002696991
0.033567048609256744
-0.1996614933013916
0.05402100458741188
0.06623353809118271
-0.08145509660243988
0.6403369307518005
0.5123991370201111
-0.363505482673645
0.08941786736249924
-0.0904550850391388
0.6331532597541809
-0.263875275850296
-0.35009512305259705
-0.27361026406288147
-0.12234953045845032
0.13173536956310272
1.7873684167861938
0.6135232448577881
0.4077097475528717
0.31578800082206726
0.5663830041885376
0.6458103060722351
0.9203671216964722
0.4159466624259949
0.3368299603462219
0.7904660105705261
-0.3236423432826996
1.1186755895614624
0.5960994362831116
0.1669851839542389
-0.2206076830625534
0.2765774428844452
0.01792859472334385
0.33575645089149475
0.13448384404182434
-1.8294148445129395
-0.4452914893627167
0.6000699400901794
0.030748452991247177
-0.20384609699249268
0.1854691207408905
0.5038114786148071
0.7534128427505493
0.9623357653617859
0.2211323231458664
-0.0009983825730159879
0.05774443969130516
0.11491715162992477
-0.44080445170402527
0.4407026171684265
-0.45193812251091003
-0.9861555099487305
0.5529503226280212
0.02874164655804634
0.6446232795715332
0.17487147450447083
0.21042421460151672
0.3053955137729645
0.4735056757926941
0.43464112281799316
-0.2354290634393692
-0.11999060958623886
-0.45268988609313965
-0.264202356338501
-0.204091414809227
0.32551392912864685
-0.32481083273887634
-0.13430669903755188
0.39319056272506714
-0.1183825135231018
-0.2627148926258087
-0.09283454716205597
0.2192230224609375
0.2287316471338272
0.9649357199668884
0.20715007185935974
-0.011612782254815102
0.37831124663352966
-0.1068747416138649
0.4436522126197815
-0.4941343665122986
0.08885731548070908
-0.06876064091920853
-0.258441299200058
0.7610856890678406
0.009906076826155186
0.5622818470001221
0.03919140622019768
0.05519198253750801
-0.02310178615152836
-0.02186637558043003
-0.06279259920120239
-0.026352517306804657
-0.048074860125780106
-0.00991051085293293
-0.036873746663331985
0.08543319255113602
-0.09035439044237137
-0.00515890633687377
0.02206978015601635
-0.0031064795330166817
-0.05937955528497696
0.023446673527359962
-0.04394417628645897
-0.28871384263038635
1.3820650577545166
-0.6983202695846558
-0.31503361463546753
-0.09375382959842682
-0.29150763154029846
-1.2584125995635986
-0.06870239228010178
0.04249316453933716
-0.6510785222053528
0.8091588616371155
-0.16214431822299957
-0.0911531150341034
-0.05645735189318657
0.2785876393318176
1.0676084756851196
0.33627182245254517
-0.02374497428536415
0.22111466526985168
0.10604012757539749
-0.5192475914955139
0.29859888553619385
-0.2667481601238251
0.25151196122169495
1.4015626907348633
0.3679162263870239
0.19691085815429688
-0.2681190073490143
0.8625474572181702
0.29093053936958313
1.108044147491455
1.5476815700531006
0.2176963835954666
-0.06241508945822716
-0.08575105667114258
1.1628614664077759
0.557888388633728
-0.060647957026958466
-0.18829092383384705
0.6587890386581421
-0.3001890778541565
-0.22845128178596497
-0.38568219542503357
-0.7370079755783081
0.19249504804611206
0.16528330743312836
-0.09606494754552841
4.025022029876709
0.03703884780406952
0.22839316725730896
0.8907796740531921
1.1001008749008179
0.16079126298427582
0.2382982224225998
0.21932850778102875
0.37200087308883667
-0.1318981945514679
0.2951308786869049
0.21271325647830963
-0.5365833044052124
0.8622941970825195
0.7965680956840515
0.15475499629974365
-0.3578900694847107
-0.2730230391025543
-0.19443151354789734
-0.06417110562324524
0.5518074631690979
-0.569916307926178
0.7071750164031982
0.12803633511066437
0.324593722820282
-0.03174722567200661
-0.19808414578437805
0.7539911270141602
-0.4881003499031067
0.1881665289402008
0.8288069367408752
0.6785708665847778
-0.3867965340614319
-0.25031718611717224
-0.56163489818573
-0.23691052198410034
0.41500404477119446
-0.5372399091720581
-0.1331808865070343
-0.3333078920841217
0.38915371894836426
0.5529274940490723
-0.047759007662534714
0.26937955617904663
-0.420414537191391
0.6314224600791931
-0.10834047198295593
0.30825871229171753
1.750704050064087
-0.2985859513282776
0.4988756477832794
-0.31702545285224915
0.37913334369659424
0.06643550097942352
-0.08861145377159119
0.07144898921251297
0.11470821499824524
0.27890899777412415
-0.5278930068016052
0.6328881978988647
0.4352414309978485
0.014972846023738384
0.6882230043411255
0.6041222810745239
-0.8644802570343018
0.1600293219089508
1.5744705200195312
0.1488661766052246
0.7623800039291382
0.018240658566355705
-0.13753642141819
0.29357436299324036
0.829099178314209
0.321096807718277
0.06464353203773499
-0.355410635471344
0.21279503405094147
-0.40864676237106323
0.5450831055641174
0.15289154648780823
-1.4779635667800903
0.11514703929424286
-0.006598914973437786
-0.00596691993996501
0.6392315030097961
-0.2407691329717636
-0.2026832401752472
-0.23601458966732025
0.8878206014633179
0.02335953153669834
-0.0004454208828974515
-0.45390263199806213
-0.6436187028884888
-0.0003492611867841333
0.03977980464696884
-0.3557571768760681
0.7218601107597351
0.703978419303894
0.22529572248458862
0.40757372975349426
0.6415748596191406
-0.31159940361976624
-0.2504194378852844
-0.12948377430438995
-0.13824988901615143
0.3133429288864136
0.47560301423072815
-0.21484996378421783
-0.3159744441509247
1.2452174425125122
0.38097667694091797
0.5830665230751038
0.42971551418304443
0.0006919590523466468
-0.011782171204686165
-0.06784979999065399
-0.00715669197961688
0.020649321377277374
0.03672102838754654
0.058249033987522125
0.04257136583328247
-0.059492290019989014
-0.007001611404120922
-0.06186327338218689
-0.07475442439317703
-0.09505210816860199
0.03757097199559212
0.07408256828784943
0.06174008920788765
0.5173148512840271
0.1939181238412857
1.0022372007369995
0.4254986047744751
0.34999343752861023
0.08388402312994003
0.13862192630767822
0.15166056156158447
0.12707754969596863
-0.009337241761386395
-0.31579869985580444
0.17316500842571259
1.3932949304580688
0.4012904465198517
0.06059075519442558
-0.12543533742427826
-0.008041667751967907
-0.10781963169574738
-0.03563953936100006
0.08235102891921997
-0.09818052500486374
-0.030548598617315292
-0.019945578649640083
-0.03944741189479828
-0.05446050688624382
-0.03275490552186966
-0.07435856759548187
0.010507450439035892
0.02057736925780773
0.04304572567343712
-0.09735880047082901
-0.054106704890728
0.02693566121160984
0.09863343089818954
0.8304140567779541
-0.532326340675354
-0.4929705858230591
0.16386377811431885
0.7697758078575134
-0.020489653572440147
-0.37520653009414673
-0.04041792452335358
0.046593569219112396
-0.2886228859424591
1.8611797094345093
-0.45980721712112427
0.5352504253387451
0.3033317029476166
-0.14171673357486725
0.5829113125801086
0.7143961191177368
1.3948156833648682
0.055963143706321716
-0.23785331845283508
-0.40321874618530273
0.9215425848960876
0.2948122024536133
0.5911462903022766
0.004274406936019659
-0.05916040390729904
-0.09417752176523209
0.3915896713733673
0.26250532269477844
-0.2182602733373642
0.5303444266319275
0.19184517860412598
0.04084457829594612
0.24718981981277466
0.37318286299705505
0.5954576730728149
-0.07386672496795654
0.5744594931602478
0.7795273661613464
0.15236152708530426
-0.10801482200622559
0.05317138880491257
0.9447027444839478
0.2115090787410736
0.6906293630599976
1.6447598934173584
-0.41232267022132874
-0.08034083247184753
-0.08711133152246475
-0.23502619564533234
-0.7117598652839661
-0.2041132152080536
-0.5590577125549316
0.3619687259197235
1.104201316833496
-0.6945164203643799
-0.18707892298698425
0.18332438170909882
-0.06829603016376495
-0.13023461401462555
-0.4455360174179077
-0.16013853251934052
-0.12136233597993851
0.12484581023454666
0.3585519790649414
0.5856061577796936
-0.5605016946792603
0.3255007266998291
-0.2807639539241791
0.6316086649894714
0.08371759951114655
-0.17027127742767334
0.3263304531574249
-0.6698453426361084
0.7550823092460632
0.2470042109489441
0.3667408227920532
0.7715821862220764
0.600648045539856
0.39834192395210266
0.061920683830976486
0.897611677646637
0.6768507957458496
0.1285172402858734
-0.10793156921863556
0.09330683946609497
0.6203599572181702
-0.19108173251152039
-0.07268277555704117
-0.311975359916687
1.0452308654785156
0.24813230335712433
0.12125055491924286
0.8134409189224243
0.2137477844953537
0.3297180235385895
0.2665248215198517
0.61805260181427
0.1478932499885559
-0.334688663482666
-0.1246509999036789
0.12685801088809967
-0.11592818796634674
0.04315963387489319
-0.11260144412517548
-0.8406822085380554
-0.4658099114894867
0.5937047600746155
-0.6012793779373169
0.6759088039398193
0.4817865788936615
0.29067927598953247
3.189018964767456
-0.16893181204795837
0.630829930305481
0.35507309436798096
0.23820506036281586
0.6997624039649963
-0.3194851577281952
0.4052869379520416
0.2326219230890274
0.026308249682188034
1.034010648727417
0.38083937764167786
0.5774907469749451
0.5972091555595398
0.7825255990028381
0.8927057385444641
-0.06669732183218002
0.448696106672287
0.6923398375511169
0.372223824262619
0.20268945395946503
-0.17209722101688385
0.2516624927520752
0.28752458095550537
0.6059988141059875
-0.1631440967321396
0.0534261018037796
0.6447358727455139
-0.12742742896080017
0.5825333595275879
-0.23391878604888916
0.2734469175338745
-0.11725437641143799
0.11887303739786148
-0.0049571567215025425
0.5422163009643555
-0.23895883560180664
0.5617639422416687
0.28633740544319153
0.19354744255542755
-0.10144635289907455
0.5248237252235413
0.5660908222198486
-0.037493690848350525
0.2625286877155304
-0.862947404384613
-0.42335745692253113
-0.3231356143951416
-0.3479972183704376
1.1835373640060425
0.04408860579133034
0.09463229030370712
0.11090394109487534
0.11113408952951431
0.2833866477012634
0.08464185148477554
0.20166434347629547
1.0695654153823853
0.11633272469043732
-0.1598811000585556
0.2116403579711914
4.4372239112854
0.8967119455337524
0.28684255480766296
0.027532709762454033
0.7114866971969604
0.003277248004451394
-0.25719764828681946
0.2639481723308563
0.2697138488292694
0.11860837787389755
0.012460121884942055
-0.0024174258578568697
0.2529285252094269
0.23720170557498932
0.14585913717746735
-0.6612786054611206
-0.28694528341293335
0.014079037122428417
0.6332867741584778
0.436798632144928
-0.08223811537027359
0.21793587505817413
-0.6951199769973755
-0.2439255714416504
0.8155357241630554
0.23111708462238312
-0.08234086632728577
0.014194074086844921
0.035511985421180725
0.5550402402877808
0.12228376418352127
0.5104351043701172
-0.20215080678462982
0.11852949112653732
0.10621125996112823
0.4954715669155121
-0.32041287422180176
0.054917797446250916
0.036088403314352036
-0.13674408197402954
0.25162580609321594
0.4813728332519531
1.1401684284210205
-0.11610091477632523
0.03460407629609108
-0.12849284708499908
0.37462544441223145
1.280746340751648
0.3496510982513428
-0.03981124609708786
1.299364686012268
0.2082516849040985
0.9455406665802002
-0.17295248806476593
0.049051910638809204
-0.35452577471733093
0.2661794126033783
-0.0535576194524765
-0.2700928747653961
0.2603837549686432
-1.1616058349609375
-0.06537511944770813
0.4175412356853485
-0.09333497285842896
0.1388387382030487
0.10858643800020218
0.23168794810771942
0.22536785900592804
0.6588908433914185
0.4705461263656616
0.44395071268081665
-0.13446001708507538
0.1641162782907486
0.18683940172195435
0.38885486125946045
-0.2220030426979065
-0.8648353219032288
-0.1623426377773285
0.32567164301872253
-0.01869526132941246
0.11070273816585541
0.24145261943340302
0.08393898606300354
0.7868660688400269
0.47127118706703186
-0.36332419514656067
0.07545377314090729
-0.41408005356788635
-0.5171618461608887
-0.05455325171351433
0.4253835380077362
-0.1534779965877533
-0.1300814151763916
-0.16027718782424927
0.48200133442878723
-0.1089722290635109
0.05373232439160347
0.3219155967235565
0.2730628252029419
0.5213720798492432
0.24740096926689148
0.1232113465666771
0.09249331802129745
-0.3267519772052765
0.2937385141849518
0.1841806024312973
-0.014004568569362164
0.07985420525074005
-0.09912186861038208
-0.03919778764247894
0.6420391798019409
0.47948625683784485
-0.06636183708906174
0.03704751282930374
-0.007081454619765282
-0.0022754943929612637
-0.0028629093430936337
-0.0017961853882297873
-0.0020069763995707035
0.007825475186109543
-0.04532559961080551
-0.007433373015373945
-0.05228038132190704
0.06756702065467834
0.11496350169181824
0.0021865612361580133
-0.02403646521270275
0.037586331367492676
-0.05429372191429138
-0.3650597631931305
1.474367380142212
-0.5664252638816833
-0.42319878935813904
-0.20585189759731293
-0.06241637095808983
-0.7554358243942261
-0.06980125606060028
0.26886653900146484
-0.8829296231269836
1.257198452949524
0.049981944262981415
-0.15949201583862305
-0.13105995953083038
0.45894190669059753
0.9960063099861145
0.23840045928955078
0.27052441239356995
0.04713546112179756
-0.009734752587974072
0.2359762191772461
0.2782752215862274
0.05618869885802269
-0.056545283645391464
0.0636090561747551
0.859662652015686
-0.049815788865089417
-0.2718431353569031
0.24632057547569275
0.26303720474243164
1.0046744346618652
1.1861493587493896
-0.14146026968955994
-0.14699777960777283
0.1661028414964676
0.29896727204322815
-0.08161388337612152
0.10898522287607193
-0.31270745396614075
0.7598050832748413
1.2621676921844482
-0.3869965076446533
-0.08606933057308197
-0.46524354815483093
0.5870975255966187
0.17813067138195038
-0.40738317370414734
3.767110586166382
0.20922985672950745
0.815718948841095
0.42729365825653076
0.4778796136379242
0.33142703771591187
0.40388864278793335
0.11260528862476349
0.06356647610664368
0.5499688982963562
0.18155381083488464
0.3203279674053192
0.009625885635614395
0.41802969574928284
0.44269469380378723
-0.3630484342575073
-0.10755603760480881
-0.23753535747528076
0.32310181856155396
-0.2832602560520172
0.30488646030426025
-0.2149505317211151
-0.0035096879582852125
-0.02653094008564949
0.39967280626296997
-0.12109193205833435
0.296712726354599
0.20781570672988892
-0.25259408354759216
0.055921003222465515
0.5380766987800598
0.49540257453918457
-0.286117285490036
-0.32632604241371155
-0.5056594014167786
-0.14845703542232513
-0.2793354392051697
-0.013509649783372879
-0.10759122669696808
-0.26077353954315186
0.2941558361053467
0.3438275158405304
-0.39879122376441956
0.03485211357474327
-0.27348223328590393
0.8104436993598938
0.01997463032603264
0.22428880631923676
1.8559578657150269
-0.1545080840587616
0.920828640460968
-0.26765358448028564
0.5341238975524902
-0.4064669907093048
0.14407677948474884
-0.16277608275413513
0.05487610399723053
-0.042943719774484634
-0.5936166048049927
0.3546934425830841
0.6805680990219116
0.4623463749885559
-0.09764565527439117
0.5209894180297852
-0.7476762533187866
0.41637668013572693
1.4367012977600098
-0.04037816449999809
0.8252014517784119
-0.20565851032733917
-0.18314127624034882
0.2784149944782257
0.7431303262710571
0.3255671560764313
-0.030992960557341576
-0.2296372801065445
0.29138246178627014
0.11863502115011215
0.022527962923049927
0.14572562277317047
-1.2899940013885498
-0.10569106787443161
-0.1754850447177887
-0.08422454446554184
-0.3755646049976349
-0.3869098424911499
-0.37991833686828613
-0.5220181345939636
0.34139880537986755
-0.11340371519327164
-0.33654698729515076
-0.3194343149662018
-0.8208363652229309
0.6463403105735779
-0.06966999173164368
-0.43476739525794983
0.6291127800941467
0.8731588125228882
0.8070212602615356
0.29587578773498535
0.11062681674957275
0.42301180958747864
0.2792988717556
-0.25042831897735596
-0.05699913948774338
0.31465888023376465
0.989285409450531
-0.10649332404136658
-0.3154451847076416
0.2733139395713806
0.4251703917980194
0.8120142817497253
0.5390541553497314
0.025158841162919998
-0.012124535627663136
-0.022337164729833603
0.04554698243737221
0.04568132013082504
0.06967015564441681
0.04143085330724716
-0.09850684553384781
0.03096015565097332
0.05300997570157051
0.009870046749711037
0.06326528638601303
-0.023902414366602898
0.010230830870568752
-0.08289208263158798
0.02868318185210228
0.645307183265686
0.45913952589035034
0.7020846605300903
0.6060975790023804
0.5692880153656006
0.15932416915893555
0.45990559458732605
0.12890496850013733
0.6499853134155273
0.07349758595228195
-0.13524025678634644
0.3435932993888855
0.3761151134967804
-0.015563314780592918
-0.26560500264167786
0.14211392402648926
0.007724897004663944
-0.014661761932075024
0.02217068523168564
-0.07792096585035324
0.0029677115380764008
-0.03158903867006302
-0.018482794985175133
-0.012331550009548664
0.017273012548685074
0.014582917094230652
0.01528971828520298
0.0073624723590910435
-0.019873976707458496
-0.08988408744335175
-0.07090016454458237
-5.01833637827076e-05
-0.27071234583854675
-0.09306933730840683
-0.11699149757623672
-0.4278750717639923
-0.2321043461561203
-0.5431234836578369
0.31137219071388245
0.5741279721260071
-0.49349236488342285
0.08122162520885468
-0.29225096106529236
-0.010036980733275414
0.22739863395690918
0.011895325966179371
-0.3333872854709625
0.3384241759777069
0.11311701685190201
0.730311393737793
0.5423979759216309
-0.13817203044891357
-0.09701593220233917
-0.5127973556518555
-1.0124439001083374
1.318839192390442
0.23843660950660706
0.4924483895301819
-0.18796956539154053
0.06525341421365738
-0.1880260705947876
0.11738172918558121
0.11634095758199692
-0.3281274437904358
0.45823556184768677
0.854353666305542
-0.2001333385705948
-0.3219301104545593
0.07692032307386398
0.5416837334632874
0.36319005489349365
0.19039760529994965
0.2762676775455475
0.7829459309577942
-0.0294528566300869
0.25528183579444885
0.21969135105609894
0.15951386094093323
0.6310767531394958
1.6382651329040527
-0.31742769479751587
-0.14189639687538147
-0.18026232719421387
-0.32120081782341003
-0.45638221502304077
-0.034647028893232346
-1.1556007862091064
0.6693910956382751
0.21994902193546295
-0.2592812180519104
-0.5513564348220825
0.027919800952076912
-0.06773382425308228
-0.10342076420783997
-0.5129163265228271
-0.2717464864253998
0.18600961565971375
0.4003663659095764
0.08743199706077576
0.11695198714733124
0.06687040627002716
0.14735111594200134
-0.20339763164520264
0.7596626877784729
0.11468459665775299
0.12410279363393784
0.025797635316848755
-0.5404565930366516
-0.02012135647237301
0.4144400656223297
0.36994469165802
0.5024982690811157
0.4416506588459015
0.6083950400352478
0.11527665704488754
0.4185555577278137
0.30703073740005493
0.10703803598880768
-0.4823072850704193
0.0015850840136408806
-0.18930169939994812
0.4242754876613617
-0.06086789071559906
-0.265867680311203
0.23694153130054474
0.2164631485939026
0.4209681749343872
0.7257389426231384
0.00953595619648695
0.8527474999427795
-0.1732308566570282
0.7294490337371826
-0.2927943766117096
-0.4179614186286926
0.4019228518009186
0.19912280142307281
0.03806982934474945
-0.087967649102211
0.438696026802063
-0.6532933115959167
-0.10464777052402496
0.09663476794958115
-0.49260202050209045
0.5468817949295044
0.7368254065513611
0.5509232878684998
2.8606626987457275
0.02296854369342327
0.4786017835140228
0.3096514642238617
0.1299118995666504
0.1590125858783722
0.40966078639030457
0.4738292992115021
0.0742611438035965
0.02923952415585518
-0.32068008184432983
0.9056077003479004
0.38398826122283936
0.6744552254676819
-3.104684591293335
-2.246965169906616
-2.5028905868530273
-1.9606482982635498
-4.60988712310791
-1.9977511167526245
-1.4443048238754272
-1.2237509489059448
-2.521904706954956
-1.3228936195373535
-2.0265917778015137
-0.6129356622695923
-2.060643196105957
-1.931394100189209
-2.124873161315918
-5.423779010772705
-3.2172772884368896
-1.2758631706237793
-1.645037055015564
-1.8098891973495483
-1.5451462268829346
-1.400433897972107
-0.37810659408569336
-1.727450966835022
-1.9597816467285156
-0.9738686680793762
-0.8209444284439087
-1.2568446397781372
-1.623749017715454
-1.1085734367370605
-1.994354009628296
-0.30391836166381836
-0.5631065368652344
-0.6388661861419678
-0.5316385626792908
-1.3305920362472534
-0.848136842250824
-0.4157799482345581
-0.9810653328895569
-0.8450501561164856
-0.9294089078903198
-0.8208300471305847
-1.1606011390686035
-0.24702171981334686
-0.9506198167800903
-1.5957454442977905
-1.4764219522476196
-4.323462963104248
-3.459171772003174
-3.1324777603149414
-2.5199663639068604
-2.8843822479248047
-4.756603240966797
-1.9047391414642334
-2.533095598220825
-2.2896106243133545
-2.977614641189575
-1.631902813911438
-1.6225944757461548
-2.102789878845215
-2.615879774093628
-1.9351389408111572
-1.943272590637207
-3.052443504333496
-3.0173425674438477
-3.0243945121765137
-2.0345394611358643
-2.002192735671997
-2.418234348297119
-1.1236340999603271
-1.152169942855835
-1.7993565797805786
-1.7718485593795776
-1.2206261157989502
-0.7980334758758545
-2.050081491470337
-1.8026869297027588
-1.4534056186676025
-2.1893675327301025
-0.7499277591705322
-3.7600717544555664
-1.757690668106079
-1.5978997945785522
-0.5987369418144226
-2.233283519744873
-0.9765214323997498
-1.0104584693908691
-0.7565498352050781
-1.8890860080718994
-1.4890365600585938
-1.0618361234664917
-1.6565793752670288
-2.808995008468628
-1.3748202323913574
-1.6722824573516846
-1.6052045822143555
-1.4647629261016846
-3.1091904640197754
-1.075254201889038
-1.7666091918945312
-1.8145393133163452
-1.6046102046966553
-0.8577953577041626
-1.5242223739624023
-0.978939950466156
-0.459454745054245
-1.3706941604614258
-0.25537243485450745
-0.778384804725647
-1.5036622285842896
-1.7542022466659546
-2.83963680267334
-2.71077036857605
-1.8109468221664429
-1.7944635152816772
-1.994266390800476
-4.072147369384766
-1.8295329809188843
-1.2658956050872803
-1.7541606426239014
-2.2687370777130127
-1.9687188863754272
-1.4904391765594482
-0.4546082019805908
-2.00972056388855
-2.156881332397461
-1.9233609437942505
-4.48568058013916
-2.2104015350341797
-1.1397758722305298
-1.5936708450317383
-1.5314444303512573
-3.252415418624878
-1.1498911380767822
-0.4417657256126404
-0.6951950192451477
-1.304550290107727
-1.1882661581039429
-0.43023553490638733
-0.777226984500885
-1.3788197040557861
-1.1299172639846802
-0.5442689657211304
-1.4650487899780273
-3.9902591705322266
-3.2494709491729736
-3.5373384952545166
-1.7027231454849243
-4.613729476928711
-2.075934648513794
-1.7128783464431763
-2.3937580585479736
-3.0665547847747803
-1.53727388381958
-1.6594822406768799
-1.6204595565795898
-2.964830160140991
-2.011197805404663
-2.489485740661621
-3.178084373474121
-0.023913731798529625
0.027780605480074883
0.019574524834752083
-0.04338159039616585
-0.03214382380247116
-0.052021659910678864
-0.029238654300570488
-0.05908948555588722
0.031172316521406174
-0.10980755090713501
0.024999191984534264
0.06142362952232361
0.04504341632127762
-0.007819972932338715
-0.06206151843070984
-0.0067992745898664
-0.03355540335178375
-0.624656617641449
-0.008641576394438744
0.024463169276714325
-0.3824375569820404
-0.2831588387489319
0.2742438316345215
-0.07245980203151703
-0.4000656008720398
0.5185548067092896
-0.5989930033683777
-0.04055115580558777
-0.3114042282104492
-0.02480531856417656
-0.28284767270088196
-0.6899071335792542
-4.584984302520752
-2.0712761878967285
-1.3375310897827148
-1.3455965518951416
-2.452352285385132
-1.305907130241394
-0.9585999846458435
-1.04058837890625
-1.9293442964553833
-1.5265042781829834
-1.1415519714355469
-1.9135234355926514
-3.099148750305176
-1.432266354560852
-2.293180227279663
-2.3293704986572266
-1.8552862405776978
-1.5021039247512817
-1.076779842376709
-1.5146793127059937
-1.1173551082611084
-0.9687056541442871
-0.7067926526069641
-1.6134741306304932
-1.7296582460403442
-0.7947413325309753
-1.3722325563430786
-0.28354954719543457
-1.3015331029891968
-1.933919072151184
-1.3381414413452148
-4.5303544998168945
-4.5354719161987305
-3.787917137145996
-2.86767315864563
-2.8440065383911133
-4.690577983856201
-2.8568859100341797
-2.01902174949646
-2.232064723968506
-3.33888578414917
-2.106451988220215
-2.4106922149658203
-1.8517719507217407
-2.938896656036377
-2.3254191875457764
-2.4231698513031006
-3.5175883769989014
-3.530388832092285
-3.3703434467315674
-1.7994340658187866
-1.7290985584259033
-2.2036550045013428
-1.4435759782791138
-1.4179811477661133
-1.8314440250396729
-2.079806327819824
-1.0335615873336792
-1.6362965106964111
-1.3273720741271973
-3.195425510406494
-1.5154045820236206
-2.401127338409424
-2.069826364517212
-3.640329122543335
-1.4883853197097778
-1.361271858215332
-1.6192830801010132
-2.307225465774536
-1.484886646270752
-0.6740978360176086
-1.66506028175354
-2.1939938068389893
-1.5411337614059448
-2.1933395862579346
-0.6426944136619568
-2.5824906826019287
-2.0898773670196533
-2.3024351596832275
-4.276646614074707
-0.7998864054679871
-2.004300832748413
-0.7288046479225159
-1.2092894315719604
-1.7223100662231445
-1.340440273284912
-0.8969243764877319
-0.68282151222229
-1.0715672969818115
-0.430555522441864
-0.6315076947212219
-1.1316821575164795
-1.1097846031188965
-0.8355715870857239
-1.4809024333953857
-0.26532822847366333
-1.165439486503601
-2.4348738193511963
-1.469327449798584
-1.7284117937088013
-1.3782541751861572
-1.0098575353622437
-1.21894371509552
-1.3747221231460571
-1.2727049589157104
-1.0217750072479248
-0.9261407256126404
-1.4421411752700806
-0.829044759273529
-1.0412631034851074
-1.9328442811965942
-0.20032833516597748
-3.10431170463562
-2.5091869831085205
-1.9614320993423462
-1.8122936487197876
-2.294008493423462
-1.3028885126113892
-0.7932717800140381
-2.0135385990142822
-1.8200448751449585
-0.905890166759491
-1.0584408044815063
-1.2258870601654053
-2.2165379524230957
-1.8582874536514282
-1.9394863843917847
-3.039726734161377
-4.858079433441162
-2.2243034839630127
-1.7814364433288574
-2.333275079727173
-3.6206793785095215
-1.48970627784729
-1.337052345275879
-0.9455335736274719
-2.2030701637268066
-2.1025021076202393
-1.4161652326583862
-1.8335528373718262
-3.4891576766967773
-1.6330429315567017
-2.3489608764648438
-2.4650256633758545
0.01796713098883629
-0.05361460894346237
0.017727740108966827
-0.014356551691889763
0.035700760781764984
0.053292423486709595
-0.0133689409121871
0.051929231733083725
0.02987162582576275
-0.014249356463551521
0.03019777126610279
0.006553406827151775
0.0027157310396432877
0.007193183992058039
-0.007762055844068527
-0.060339588671922684
-1.9690139293670654
-1.1383216381072998
-2.0751006603240967
-1.6439343690872192
-4.215783596038818
-2.343308687210083
-1.7406084537506104
-1.3485870361328125
-2.689915895462036
-1.5083284378051758
-1.0187950134277344
-1.6644902229309082
-1.783319115638733
-1.7030092477798462
-1.3169684410095215
-1.2730677127838135
-0.02557976543903351
-0.018687834963202477
0.034306611865758896
-0.0328688845038414
0.08105584233999252
-0.07361481338739395
-0.023598583415150642
0.004292780999094248
-0.025368617847561836
0.07131709903478622
-0.00873004924505949
0.002171538071706891
-0.050572469830513
-0.045291122049093246
0.042208436876535416
-0.08557974547147751
-1.1332465410232544
-0.3453856110572815
-0.8959735631942749
-0.33882081508636475
-2.559551954269409
-0.8928300142288208
-1.3129185438156128
-0.7923592329025269
-1.378988265991211
-0.8993606567382812
-0.31092697381973267
-0.5251278281211853
-1.2413674592971802
-0.4988667368888855
-1.0382651090621948
-1.335898995399475
-3.1023194789886475
-3.143672227859497
-2.13790225982666
-2.001678705215454
-1.8330633640289307
-0.7840495705604553
-0.47356149554252625
-2.1710846424102783
-1.6292425394058228
-1.1788448095321655
-0.9845330119132996
-1.6215494871139526
-1.32541823387146
-1.3634042739868164
-1.7748069763183594
-0.6004898548126221
-3.8669137954711914
-1.391875982284546
-0.898700475692749
-0.9558767080307007
-1.6594096422195435
-1.1187212467193604
-0.7038416862487793
-0.9980886578559875
-1.8409042358398438
-1.4015790224075317
-0.669886589050293
-1.896486759185791
-1.6460716724395752
-1.1169986724853516
-2.1498305797576904
-2.2869045734405518
-1.6719696521759033
-0.6916334629058838
-0.5753273367881775
-0.1353190690279007
-0.43830278515815735
-0.42918655276298523
0.08791660517454147
-0.27842995524406433
-0.610548198223114
-0.3156125843524933
-0.20831415057182312
-0.25981849431991577
-1.4489092826843262
-0.16026605665683746
-0.18397997319698334
-0.6083164811134338
-4.730490207672119
-2.918097496032715
-2.2755727767944336
-1.9319629669189453
-2.597806930541992
-1.7332621812820435
-1.097023606300354
-1.9374287128448486
-2.230771541595459
-1.2510067224502563
-1.2733179330825806
-1.819928765296936
-3.247642755508423
-1.7870259284973145
-2.3062031269073486
-1.4714126586914062
-4.303676128387451
-1.9868040084838867
-1.0156762599945068
-1.61625075340271
-2.189704179763794
-1.0212500095367432
-0.6133921146392822
-0.9755868911743164
-1.4143614768981934
-1.3290513753890991
-0.8843253254890442
-1.8853789567947388
-2.9844255447387695
-1.166916847229004
-1.7516380548477173
-1.9595972299575806
-1.4271234273910522
-1.6290634870529175
-1.572279691696167
-1.324619174003601
-1.2283153533935547
-1.0907907485961914
-0.9433066248893738
-1.292703628540039
-0.9265411496162415
-0.6011323928833008
-1.3916256427764893
-1.0788114070892334
-0.9428621530532837
-1.020558476448059
-1.1772096157073975
-1.0345379114151
-1.914589524269104
-1.2099615335464478
-2.7614240646362305
-1.00434410572052
-3.703240394592285
-1.3065353631973267
-1.1147359609603882
-1.1281700134277344
-1.7657376527786255
-0.9527176022529602
-1.0458611249923706
-1.1471540927886963
-1.1688228845596313
-1.2073986530303955
-0.9035685658454895
-2.464343309402466
0.4707687795162201
0.6110628843307495
0.5348160266876221
0.7472198009490967
0.5494648814201355
0.1961279809474945
0.04883898049592972
-0.24582462012767792
-0.47543197870254517
0.24001602828502655
0.3579854667186737
0.39421626925468445
0.5755168795585632
0.3036176860332489
-0.28568124771118164
0.6136971712112427
-0.35106319189071655
-0.047094862908124924
-0.04355018213391304
0.49099797010421753
0.12557540833950043
0.509393572807312
-0.7884751558303833
0.6581959128379822
0.41309893131256104
-0.08222433179616928
-0.219288632273674
0.08913358300924301
0.14437469840049744
-0.27576392889022827
0.008916815742850304
-0.442745566368103
-0.6220367550849915
-0.20093312859535217
-0.40214383602142334
1.4386733770370483
-0.005840013734996319
-0.3945516347885132
0.303195983171463
0.05530267953872681
0.30001044273376465
0.18603010475635529
-0.1275539994239807
-0.032017000019550323
-0.22107884287834167
-0.02890549600124359
0.04545687884092331
4.395782947540283
0.35884860157966614
0.10182778537273407
1.0811727046966553
1.0359439849853516
-0.026643965393304825
-0.19477947056293488
0.3404466509819031
0.4614075720310211
-0.2749614119529724
0.0282889436930418
-0.32411959767341614
0.7155748605728149
0.315663605928421
0.14219702780246735
-0.8963773846626282
0.4570583999156952
-0.18665474653244019
0.7480961680412292
0.3131859302520752
0.4401799738407135
0.32973775267601013
-0.15517792105674744
0.2010708749294281
0.7579180002212524
0.10905412584543228
0.07231449335813522
-0.04116524010896683
-0.05383211374282837
-0.06904340535402298
0.08419302850961685
0.3034997880458832
0.9849764108657837
0.0416218638420105
0.15897662937641144
0.4249272644519806
-0.3227175176143646
-0.03730909526348114
0.14699555933475494
-0.19178614020347595
-0.2005947232246399
1.5804187059402466
0.4534558057785034
0.022937539964914322
0.0491933599114418
0.6395753026008606
0.7032390832901001
0.8144487142562866
0.243891641497612
-0.15494126081466675
0.437184602022171
-0.5301833152770996
0.8329249620437622
0.6827988028526306
0.12103157490491867
-0.45539945363998413
0.09989199042320251
-0.163688063621521
-0.2525034248828888
0.19573959708213806
-0.16752876341342926
-0.5141456127166748
0.36939874291419983
-0.2264225035905838
2.142897129058838
0.12918949127197266
0.2601824402809143
0.5267571210861206
0.9214234352111816
-0.1513582170009613
0.21714265644550323
-0.21693375706672668
-0.18419478833675385
-0.25221019983291626
0.02020302228629589
-0.5176928043365479
-0.17026492953300476
0.035173069685697556
0.20556104183197021
-0.050056640058755875
0.5609987378120422
0.16943521797657013
0.14041101932525635
0.769871711730957
0.6881740689277649
-1.0724704265594482
0.014358890242874622
-0.4604065716266632
-0.24665620923042297
0.5183871388435364
0.5723399519920349
-0.7487722635269165
-0.3882841467857361
0.46206900477409363
0.13865958154201508
-0.39023423194885254
0.19381996989250183
0.3871745765209198
-0.11104554682970047
0.833827793598175
0.2800026535987854
0.0033478853292763233
0.5264515280723572
-0.26775190234184265
0.8181309700012207
-0.11884362250566483
-0.21980224549770355
0.02384757064282894
0.5987975001335144
0.5594021081924438
0.28687456250190735
0.35700342059135437
0.30506953597068787
-0.05972292274236679
-0.03128799796104431
-0.06332313269376755
0.0033215677831321955
-0.05168560519814491
-0.05269014090299606
-0.03278958424925804
0.030111920088529587
0.0011959931580349803
-0.059507694095373154
0.001874069799669087
-0.011622018180787563
-0.06660175323486328
-0.015796005725860596
0.012328440323472023
-0.0670650377869606
-0.424635112285614
1.3075201511383057
-0.7386671304702759
-0.38715898990631104
-0.04064932093024254
0.08899547159671783
-1.1826448440551758
-0.012229084968566895
0.632459282875061
-0.900016188621521
0.7862229943275452
-0.15156039595603943
0.030577484518289566
-0.06729166209697723
0.20563465356826782
1.1933293342590332
0.1519884467124939
0.1400803178548813
-0.11364366114139557
0.05960562825202942
0.25237902998924255
0.25393807888031006
-0.2574072480201721
0.17038773000240326
1.2377341985702515
0.4844164252281189
-0.10982382297515869
-0.3204723000526428
1.006651759147644
0.03162325918674469
1.0216704607009888
1.4683157205581665
0.09257740527391434
0.40000030398368835
-0.1308649182319641
0.40026023983955383
0.18873237073421478
-0.04456431046128273
-0.21167705953121185
0.3599914014339447
-0.3579007685184479
-0.0858517438173294
-0.41676661372184753
0.8840530514717102
-0.26977813243865967
0.3434384763240814
-0.24706602096557617
3.139003276824951
0.40277811884880066
0.3789355754852295
0.5337334275245667
0.5400494933128357
0.34800535440444946
0.4825378656387329
-0.1308286339044571
0.03153179958462715
-0.15274927020072937
0.35911762714385986
0.16150125861167908
-0.02896115556359291
0.6199274063110352
0.28554001450538635
-0.4669570326805115
0.5829409956932068
-0.8456623554229736
0.1372019648551941
0.006375167053192854
0.4872000515460968
0.10278764367103577
-0.0454842634499073
0.30805376172065735
0.29845595359802246
0.3614770770072937
-0.3189285099506378
0.564994752407074
-0.03966771811246872
0.7292014360427856
0.41077715158462524
0.41667449474334717
0.2300778180360794
-0.1312391459941864
-0.34338849782943726
-0.3019619882106781
0.17430055141448975
-0.25957897305488586
0.10645688325166702
-0.37064772844314575
0.5477227568626404
0.6195777654647827
-0.16944687068462372
-0.2960355281829834
0.44674062728881836
0.35565507411956787
-0.15837796032428741
0.2826334238052368
1.2678087949752808
-0.4203709065914154
0.7498335838317871
-0.19819670915603638
0.3218740224838257
0.4413107931613922
0.6034414768218994
0.2168213129043579
-0.12259266525506973
0.4331262409687042
-0.35472628474235535
0.2552494704723358
0.46594902873039246
0.01051461510360241
-0.05479533597826958
0.34476351737976074
0.3894307017326355
-0.050735101103782654
1.399043321609497
0.5231410264968872
0.8206937313079834
0.20060835778713226
-0.3061982989311218
0.05282050371170044
0.6133246421813965
0.22785058617591858
0.11499165743589401
-0.14467838406562805
0.056309059262275696
-0.44050300121307373
0.040687449276447296
-0.29778265953063965
-0.1642419546842575
-0.10880179703235626
0.36231109499931335
-0.3747657835483551
0.15996664762496948
-0.21636530756950378
-0.2455047070980072
-0.5961363315582275
0.7243132591247559
0.03261670470237732
-0.27185535430908203
-0.5247525572776794
0.2306453436613083
-0.13998524844646454
0.07671505957841873
-0.22997194528579712
1.2359511852264404
0.07179707288742065
0.30302417278289795
0.17235103249549866
0.35090172290802
-0.4500356614589691
0.07083173096179962
-0.18486729264259338
-0.20262542366981506
0.624048113822937
0.7354057431221008
-0.1937521994113922
-0.4924335479736328
1.2627935409545898
0.31169393658638
0.5447887182235718
0.5360490679740906
0.02857098914682865
0.06251322478055954
-0.0206423532217741
-0.01229992788285017
0.006222723983228207
-0.012817934155464172
-0.019398793578147888
-0.04012414813041687
-0.08143797516822815
0.04134000837802887
-0.014882154762744904
0.048808932304382324
-0.10283965617418289
0.05511322617530823
-0.05366018787026405
-0.08667057752609253
0.7241486310958862
0.1735316962003708
0.9564186334609985
0.4809274673461914
0.15789732336997986
0.577315628528595
0.3646121621131897
0.0794309675693512
0.5563976764678955
0.21418794989585876
-0.17532354593276978
0.09962092339992523
1.0716155767440796
-0.0980999693274498
-0.38891905546188354
0.5477479100227356
-0.09698057174682617
0.08616754412651062
-0.03979412466287613
0.04169178754091263
-0.06756559759378433
0.007861313410103321
-0.05807596817612648
0.01267335657030344
0.065236397087574
-0.09159674495458603
0.008162078447639942
-0.011691666208207607
-0.054725632071495056
0.04497617483139038
-0.09154800325632095
-0.014732876792550087
0.11657139658927917
-0.23882223665714264
0.42885902523994446
-0.46849459409713745
-0.2928769588470459
0.33792656660079956
0.4088601768016815
0.3395581543445587
-0.0005276845768094063
0.12471643835306168
-0.08532200753688812
-0.3906570374965668
1.2365883588790894
-0.4553215205669403
0.3383331596851349
0.2216385006904602
-0.29244276881217957
0.31581801176071167
0.43951454758644104
0.640392541885376
0.26799723505973816
-0.2376440316438675
-0.41100600361824036
1.3631415367126465
0.2892696261405945
0.36205145716667175
-0.029601115733385086
0.05645003542304039
-0.01291948463767767
0.05793698877096176
-0.2867629826068878
0.523488461971283
-0.034008484333753586
0.33577150106430054
-0.056041169911623
0.07249105721712112
0.5496010780334473
0.5000780820846558
-0.3909043073654175
0.5362865328788757
0.8284242749214172
0.5923474431037903
-0.12021341919898987
0.07455591857433319
1.0566374063491821
0.052182190120220184
0.6089704632759094
1.41841459274292
-0.9733390808105469
-0.15645834803581238
0.1721133589744568
0.03670361638069153
-0.398293137550354
0.3587810695171356
-1.2529101371765137
-0.11411149799823761
0.7541277408599854
-0.3517129123210907
0.05577661469578743
0.00412150239571929
0.024948330596089363
-0.2547265589237213
-0.5342357754707336
-0.5153914093971252
-0.4768443703651428
0.4440028965473175
0.19453595578670502
0.3219584822654724
-0.15047653019428253
0.2364674210548401
-0.3031627833843231
0.7192828059196472
0.7791659832000732
-0.26298829913139343
0.11538788676261902
-0.6608829498291016
0.8726764917373657
0.18774214386940002
0.2106841802597046
0.8297920823097229
0.2349773496389389
0.6351995468139648
0.055493541061878204
0.7893180847167969
0.904815673828125
-0.06756117939949036
-0.31470510363578796
0.28687945008277893
0.7037465572357178
-0.19770804047584534
0.27029168605804443
-0.44296273589134216
1.115090012550354
-0.22674399614334106
0.4332355558872223
0.9495094418525696
0.047065556049346924
0.3278459906578064
0.0929332971572876
0.5920712351799011
0.17198322713375092
-0.16610193252563477
-0.156065434217453
-0.039711844176054
-0.0003446568734943867
0.018287474289536476
-0.1668218970298767
-0.29800498485565186
-0.13968360424041748
0.29411983489990234
-0.22552190721035004
0.4731820821762085
0.4757753014564514
0.019812028855085373
3.0382914543151855
0.31951168179512024
0.5049181580543518
0.34853389859199524
0.2572454512119293
0.5626449584960938
0.03311726450920105
0.1567944884300232
0.015947092324495316
0.04241413623094559
0.7758179903030396
0.1930655986070633
0.07027825713157654
0.3082009553909302
0.886694073677063
0.6552841663360596
1.6391427516937256
0.01338525116443634
0.677276074886322
0.599400520324707
0.15458543598651886
-0.41692054271698
0.3622455894947052
-0.030911864712834358
0.6853841543197632
-0.60443115234375
-0.05987241119146347
0.14305327832698822
-0.2445559799671173
0.7324516773223877
0.0037268828600645065
0.06020311266183853
-0.059660252183675766
0.9472087025642395
0.20300494134426117
0.4990618824958801
0.031634777784347534
0.4407805800437927
0.23819735646247864
-0.17579732835292816
-0.20905598998069763
0.7729806303977966
0.6419917345046997
-0.032514024525880814
-0.045114997774362564
-0.9297749400138855
-0.16986262798309326
-0.1476811319589615
-0.2350357323884964
1.4810457229614258
0.06471235305070877
-0.04574628174304962
0.2734019160270691
0.0074062165804207325
0.5048291683197021
0.28605028986930847
0.08998480439186096
1.0821174383163452
-0.026800137013196945
0.11265620589256287
0.1968778371810913
4.651993751525879
0.6168645620346069
0.07859700173139572
0.5185765027999878
0.8145149946212769
0.1320682018995285
-0.4356277287006378
0.35595226287841797
0.4708651900291443
0.06555791944265366
0.04809566214680672
-0.30312955379486084
0.5366866588592529
0.10572724044322968
0.2815845310688019
-0.24662016332149506
-0.13665097951889038
-0.18995749950408936
0.3541470468044281
0.17365574836730957
0.8673080205917358
-0.015672437846660614
-0.5968824028968811
-0.32583820819854736
0.39512622356414795
0.1814102828502655
-0.013217559084296227
0.058585990220308304
0.3814338147640228
0.36484646797180176
0.20656180381774902
0.6743298172950745
-0.6661770343780518
0.17366228997707367
-0.17214107513427734
0.514049232006073
-0.3353534936904907
0.042130183428525925
-0.3179669678211212
0.08069905638694763
-0.05873534083366394
0.4483391046524048
0.706462025642395
0.03062211535871029
0.078093022108078
-0.03780463710427284
0.4285176396369934
1.182465672492981
0.43132877349853516
-0.06655602902173996
0.9578937292098999
-0.3850744068622589
1.0370335578918457
0.284293532371521
0.1404787003993988
0.1911913901567459
0.12393756955862045
0.07230696082115173
-0.3247620165348053
0.0064641511999070644
-0.984983503818512
-0.1595207154750824
0.32364049553871155
-0.14039362967014313
0.3859902024269104
0.3123719096183777
0.18667712807655334
1.0328967571258545
0.607355535030365
0.302700936794281
-0.03795147314667702
-0.08597408980131149
0.16467495262622833
0.36261337995529175
0.4795099198818207
-0.062089208513498306
-0.8975659608840942
-0.13249331712722778
0.31048744916915894
0.0034584281966090202
0.22846990823745728
-0.09295782446861267
-0.030272364616394043
0.5970445275306702
0.5063967704772949
-0.21499717235565186
0.04808597266674042
-0.3244921565055847
-0.30540359020233154
0.25522580742836
0.39641591906547546
-0.4573827087879181
-0.3659282326698303
-0.282874196767807
0.534005343914032
-0.03429335728287697
0.13323341310024261
0.1247309148311615
-0.0694069042801857
0.8184385299682617
0.21963830292224884
0.045820917934179306
0.23497238755226135
-0.27532392740249634
1.0145171880722046
0.2203291654586792
-0.04184604063630104
0.017076799646019936
-0.219600111246109
-0.16872461140155792
0.49687260389328003
0.41980376839637756
-0.02280057780444622
-0.054707128554582596
0.09632936120033264
0.008194921538233757
-0.0109274135902524
0.006698311772197485
0.024652188643813133
0.0037821312434971333
-0.020922280848026276
-0.0610809288918972
-0.06914814561605453
0.04989883676171303
0.02683199755847454
-0.060174476355314255
0.019636429846286774
-0.02643589861690998
-0.07608949393033981
-0.38310104608535767
1.4540843963623047
-0.6442423462867737
-0.2578820586204529
-0.2788550555706024
-0.16546368598937988
-1.4219516515731812
-0.05721026659011841
0.3301563560962677
-0.682542085647583
0.9340975284576416
-0.16191112995147705
-0.027407098561525345
-0.1003429964184761
-0.21855756640434265
1.448594331741333
0.16232071816921234
0.12677614390850067
-0.025974038988351822
0.17300041019916534
0.29411765933036804
0.06597642600536346
0.12794996798038483
-0.12579159438610077
0.06262444704771042
0.7810577154159546
0.046463124454021454
0.17672687768936157
0.2529294490814209
0.3033199906349182
1.050350546836853
0.9103468060493469
0.01748652756214142
0.0976235568523407
-0.2202538400888443
0.8559480309486389
0.24069157242774963
-0.012420877814292908
-0.2868525981903076
1.1422711610794067
0.9309896230697632
-0.4056243896484375
-0.06212401017546654
-0.8952355980873108
0.2636153995990753
0.010534454137086868
-0.4360674023628235
4.218050003051758
0.1878589689731598
0.5147237777709961
0.7094453573226929
1.0992002487182617
0.2748763859272003
0.22445820271968842
0.30154985189437866
0.4795682430267334
0.34188926219940186
0.1843016892671585
0.25474750995635986
-0.08396308124065399
0.4726724922657013
0.41344547271728516
0.003573226509615779
-0.29518529772758484
-0.28241589665412903
-0.11856172978878021
0.03653372824192047
0.63765549659729
0.1201208233833313
0.14584584534168243
0.44926658272743225
0.3003222644329071
-0.033071041107177734
0.1660606563091278
0.07832799106836319
-0.06604975461959839
0.0760100781917572
0.3729097545146942
0.3260517418384552
-0.27768391370773315
-0.47617191076278687
-0.42057403922080994
-0.3163606524467468
0.2605465054512024
0.05159669741988182
0.09958367794752121
-0.11354818195104599
0.7253003120422363
0.33872318267822266
-0.16214847564697266
0.07099278271198273
-0.09133272618055344
0.5795971751213074
-0.2352953851222992
0.047272879630327225
1.2325770854949951
-0.1719539761543274
0.5757768154144287
-0.3305094838142395
0.33721789717674255
-0.4473877251148224
0.10460598766803741
0.13462334871292114
0.07908429205417633
0.010916225612163544
-0.24738077819347382
0.04673226177692413
0.7260329723358154
0.3057331442832947
-0.03268633037805557
0.3675631880760193
-0.8171113729476929
-0.09436827898025513
1.507685899734497
-0.03378822281956673
0.6739882826805115
-0.028471874073147774
-0.21678690612316132
0.2878994643688202
0.8599184155464172
0.35401907563209534
-0.027748363092541695
-0.3514181077480316
0.13603410124778748
0.15404729545116425
0.22475990653038025
0.6720383167266846
-1.2045366764068604
-0.27835869789123535
0.13513484597206116
-0.09805367887020111
0.5061153769493103
-0.2705313563346863
-0.3082513213157654
-0.720531165599823
1.2244428396224976
-0.14132200181484222
-0.37935808300971985
-0.4692419171333313
-0.5397030115127563
0.2956668436527252
-0.086092509329319
-0.000835357466712594
0.09845959395170212
0.9448429942131042
0.48381075263023376
0.2928304672241211
0.9649472236633301
0.47172364592552185
-0.13214921951293945
0.17143727838993073
-0.30913016200065613
0.43592292070388794
0.8939042687416077
-0.12771503627300262
0.06017487868666649
0.5625929832458496
0.4583175778388977
0.8489718437194824
0.6578430533409119
0.10018869489431381
0.003921011928468943
0.030887354165315628
0.02360445447266102
0.04365335777401924
0.058839473873376846
0.043578680604696274
-0.029158124700188637
-0.040614742785692215
0.011638578027486801
-0.027148423716425896
-0.02565125934779644
-0.03747890144586563
-0.04553381726145744
-0.014891324564814568
0.0060304696671664715
0.38802409172058105
0.20105120539665222
1.1149101257324219
0.36404547095298767
0.5235010981559753
-0.03834238648414612
0.6501964330673218
0.2155144065618515
0.8144064545631409
0.17988987267017365
-0.08129200339317322
0.43668028712272644
0.3817722797393799
-0.01995563879609108
-0.2839986979961395
0.5822839736938477
-0.06925392150878906
0.03766871988773346
0.034055862575769424
-0.006120586302131414
-0.05816734954714775
-0.02170092612504959
-0.09847598522901535
-0.054341260343790054
0.031055141240358353
0.005982345435768366
0.04713436961174011
-0.012875787913799286
0.03661428764462471
0.028914036229252815
-0.054328542202711105
-0.01731528528034687
-0.14002725481987
-0.15000750124454498
0.8849387168884277
-0.47933027148246765
-0.18422552943229675
-0.37589582800865173
0.3714641332626343
0.152302548289299
-0.467908650636673
0.40914854407310486
0.024626323953270912
-0.1834818571805954
0.012366567738354206
-0.20183447003364563
-0.08843997865915298
0.16656789183616638
-0.11982984095811844
0.3742966651916504
0.550155758857727
1.5366791486740112
0.20195353031158447
-0.5447509288787842
-0.8581388592720032
0.8267999887466431
0.29959583282470703
-0.025770016014575958
-0.37656888365745544
0.3811379373073578
-0.23432216048240662
0.2007945328950882
0.10490439832210541
-0.7056743502616882
0.49793899059295654
0.6532577276229858
0.05567139387130737
0.07303670048713684
0.2202909290790558
0.20771031081676483
0.06616825610399246
0.06809881329536438
0.1489468514919281
0.6673892140388489
-0.022816527634859085
0.7922638654708862
0.3996008634567261
0.13395851850509644
0.8646447062492371
1.5589309930801392
-0.4122825264930725
-0.07954098284244537
-0.08509190380573273
-0.2462250143289566
-0.7284858822822571
-0.17320562899112701
-0.7284554243087769
0.14101649820804596
0.06989703327417374
-0.275890588760376
-0.18572138249874115
0.0302383191883564
-0.08865729719400406
-0.12342856824398041
-0.6131120920181274
-0.3655281662940979
0.006191825028508902
0.17579303681850433
0.24298256635665894
0.832294762134552
0.15361016988754272
0.3116210997104645
-0.05855115130543709
0.2472906857728958
0.2849135100841522
-0.004348739981651306
-0.02318800985813141
-0.09196826815605164
0.055489521473646164
0.34022578597068787
-0.2963576912879944
0.36742210388183594
0.5983219146728516
0.8952479362487793
-0.010120755061507225
1.183784008026123
0.3779771625995636
0.032812800258398056
-0.11497344076633453
-0.19534598290920258
-0.358309805393219
0.6376996636390686
-0.19263605773448944
0.28155097365379333
0.20144020020961761
0.08585260808467865
0.4132661819458008
0.6347256302833557
-0.12499693036079407
0.5946746468544006
0.23120078444480896
0.5993543267250061
-0.05004285275936127
-0.16425609588623047
-0.16157761216163635
0.30710822343826294
-0.1482160985469818
-0.08366677910089493
0.28057485818862915
-0.18763622641563416
0.03593749552965164
0.25123605132102966
-0.4778130054473877
0.7090312242507935
0.7368888258934021
0.15464907884597778
3.1698899269104004
-0.23829954862594604
0.5928503274917603
0.5953125953674316
0.3989763557910919
0.6140382289886475
0.5088772177696228
0.05442323163151741
-0.10087219625711441
-0.42763644456863403
-0.5077191591262817
0.8172516226768494
0.3393741846084595
1.4161769151687622
1.0899783372879028
0.9681569337844849
-0.019584180787205696
0.10415405035018921
0.939778208732605
0.437281996011734
0.11436166614294052
-0.07094153761863708
0.3309449255466461
0.050599366426467896
0.29092445969581604
0.28354254364967346
0.022843819111585617
-0.1865748167037964
-0.09727770835161209
1.16460382938385
-0.2763754427433014
0.16647687554359436
0.09504406899213791
0.2775624990463257
0.641670286655426
0.15067678689956665
-0.302241712808609
0.8000534176826477
0.11038772761821747
-0.4728725254535675
-0.27316147089004517
0.41265955567359924
0.350185364484787
-0.22165130078792572
-0.6274027228355408
-0.11643636971712112
-0.47490379214286804
-0.14663466811180115
-0.4231085181236267
1.0560295581817627
-0.1369532197713852
0.21876007318496704
0.34318965673446655
0.43674567341804504
-0.2939978241920471
0.10012520104646683
-0.10963086783885956
0.40311774611473083
-0.24847029149532318
-0.5611243844032288
0.21562957763671875
4.83553409576416
0.9482597708702087
0.35503414273262024
0.14131368696689606
0.5597110986709595
0.20533505082130432
0.03705432265996933
0.3747873902320862
0.4092342257499695
-0.13534611463546753
0.06591533124446869
-0.17899522185325623
0.7218400239944458
-0.0731947273015976
-0.07407405972480774
-0.3608472943305969
0.8123687505722046
0.15459109842777252
1.7622517347335815
-0.101051926612854
0.3510608971118927
0.3280705511569977
-0.18819057941436768
0.025110363960266113
0.685850977897644
0.14578227698802948
-0.24632179737091064
-0.043497614562511444
0.4208647906780243
0.06766283512115479
0.25733280181884766
0.6843350529670715
0.5355344414710999
-0.07804178446531296
0.7316440939903259
0.3739630877971649
-0.4573553800582886
0.08714064210653305
-0.08588729053735733
-0.04566601663827896
-0.0420771948993206
0.2378040850162506
0.857918918132782
0.22172318398952484
0.26815685629844666
0.5741000175476074
0.5429912805557251
0.3567278981208801
-0.10432687401771545
0.1868784874677658
0.3937724232673645
-0.017159229144454002
0.7097148895263672
-0.06880473345518112
0.7202737331390381
-0.043132781982421875
0.32901254296302795
-0.011615511029958725
-0.17365077137947083
-0.11354219913482666
-0.7321102619171143
-0.2701648771762848
0.10814095288515091
-0.09662823379039764
2.63360857963562
0.3649584650993347
0.5123242735862732
0.22055862843990326
0.439323753118515
0.3095165491104126
0.2724469304084778
-0.2063860446214676
0.18618041276931763
0.36320117115974426
0.3792169392108917
-0.40841400623321533
-0.36299440264701843
-0.3508327901363373
-0.4691181182861328
-0.01766218990087509
0.8819679021835327
0.46987098455429077
0.07863188534975052
0.7943827509880066
0.4473946988582611
-0.04199010506272316
0.09941580146551132
-0.2676936686038971
-0.2792705297470093
0.6760036945343018
0.0953778326511383
-0.5187626481056213
-0.2817986011505127
0.02876267582178116
-0.11551625281572342
-0.27598249912261963
0.26034119725227356
0.8686347007751465
0.32768046855926514
0.3191174864768982
-0.01908295415341854
0.3599621057510376
0.16856732964515686
0.13501179218292236
0.5564422011375427
0.5681524872779846
0.2074684053659439
-0.02384583279490471
0.13727021217346191
0.0472477562725544
0.0552556999027729
0.1506073921918869
0.39703720808029175
0.02930634468793869
-0.03211291506886482
0.014427633956074715
-0.04588959738612175
0.040777768939733505
0.0011077483650296926
0.003492385847494006
-0.0073047843761742115
0.016494089737534523
0.05232396349310875
-0.043925389647483826
0.09684834629297256
-0.002274751430377364
-0.0015152706764638424
-0.04216804727911949
-0.027645397931337357
-0.3254409730434418
1.4254411458969116
-0.512512743473053
-0.3988623023033142
-0.08281242847442627
-0.06745026260614395
-0.9906194806098938
-0.06123169884085655
0.16547691822052002
-1.1432284116744995
0.7499489784240723
-0.2755754888057709
-0.15887735784053802
-0.40122824907302856
-0.3131018280982971
1.1254112720489502
0.46642810106277466
0.26516351103782654
0.0392158180475235
0.15516561269760132
0.639580488204956
-0.11072076857089996
-0.07854552567005157
0.004232366569340229
-0.08600345253944397
0.5445529818534851
0.06640926003456116
0.1703195869922638
0.7547451257705688
0.09845702350139618
0.6550209522247314
0.9349125027656555
-0.20005187392234802
0.06858307123184204
-0.004024840891361237
0.2816246747970581
0.26023533940315247
-0.004160913173109293
-0.3316813111305237
1.2480467557907104
0.5571027994155884
-0.1298004537820816
-0.4076162874698639
0.37265366315841675
-0.13678115606307983
-0.292644739151001
-0.7211946845054626
4.008162498474121
0.28656256198883057
0.9362918734550476
0.35496285557746887
0.09975353628396988
0.5499595403671265
0.5038462281227112
0.08774025738239288
-0.0692766085267067
0.4525921046733856
0.057187072932720184
0.26570990681648254
-0.029385315254330635
0.408162385225296
0.29966720938682556
-0.24954093992710114
0.6020731329917908
-0.39708343148231506
0.29659560322761536
0.2826082408428192
0.3310963809490204
0.18704663217067719
-0.06741547584533691
0.31591981649398804
0.14601577818393707
-0.08007938414812088
-0.2400139719247818
0.2373647838830948
-0.016364753246307373
0.14427821338176727
0.12735092639923096
-0.08364905416965485
-0.009846578352153301
-0.3636874556541443
-0.21572694182395935
-0.12032004445791245
-0.03883012756705284
0.25945866107940674
0.03413441777229309
-0.3382658362388611
0.4859217405319214
-0.1780603677034378
-0.09922976046800613
0.21098385751247406
0.4589110016822815
0.5447421073913574
-0.502856433391571
-0.15226250886917114
1.3814641237258911
0.058248430490493774
1.2095208168029785
-0.4030705392360687
0.007824918255209923
-0.16887758672237396
0.13480940461158752
0.41907837986946106
0.07360648363828659
0.17359213531017303
-0.6440016627311707
0.11379289627075195
0.6015113592147827
0.14056365191936493
0.10567513108253479
0.45963168144226074
0.030834300443530083
0.21941928565502167
1.448030948638916
0.08460348844528198
0.5266703367233276
0.047599874436855316
-0.009190532378852367
0.21839602291584015
0.4048762619495392
0.25611621141433716
-0.12520496547222137
-0.14472827315330505
0.5871966481208801
-0.47403037548065186
0.21581535041332245
0.22672288119792938
-0.4789818525314331
0.03075779229402542
0.10755304992198944
-0.3715629279613495
-0.0465824231505394
-0.3355622887611389
-0.2735525965690613
-0.522086501121521
0.6848565340042114
0.0902210921049118
-0.48033401370048523
-0.4609099328517914
0.26238226890563965
0.27836939692497253
-0.3285757303237915
-0.5902153253555298
0.6702833771705627
1.2965675592422485
0.542133629322052
0.08500020205974579
0.4960838556289673
0.675588846206665
0.01886105164885521
0.09130024164915085
-0.04583655297756195
0.4221053421497345
0.21910716593265533
-0.03228861093521118
0.1411866694688797
0.9920732975006104
0.19438841938972473
0.16526003181934357
0.21660615503787994
0.05231202393770218
0.05337276682257652
-0.00722444336861372
0.015791792422533035
-0.026166293770074844
-0.02137688361108303
0.010697909630835056
0.07109483331441879
-0.017406217753887177
-0.017180049791932106
-0.013303391635417938
-0.03260548785328865
0.044995736330747604
-0.06639235466718674
-0.022539954632520676
0.026383545249700546
0.5775149464607239
0.38846850395202637
0.8504917621612549
0.10962216556072235
-0.034250080585479736
0.5418214201927185
0.18274810910224915
0.3371160626411438
0.8225952386856079
0.09880062192678452
-0.3344576954841614
0.43224769830703735
0.22617386281490326
0.2434445023536682
-0.1702374666929245
0.9439550042152405
-0.053998567163944244
-0.024588769301772118
0.0556606724858284
0.009260060265660286
0.014165597036480904
-0.01300076674669981
0.010793325491249561
-0.020633326843380928
-0.14596228301525116
0.02889213338494301
-0.08349780738353729
0.011981019750237465
-0.03465653210878372
0.052516911178827286
-0.07965284585952759
-0.036079879850149155
-0.20731815695762634
-0.2741483747959137
-0.10227475315332413
-0.5873028635978699
-0.16644516587257385
-0.6911842226982117
0.02541152946650982
0.4325712025165558
-0.3414800763130188
0.19813896715641022
-0.20439617335796356
-0.3424631953239441
0.2608533501625061
-0.49182528257369995
-0.17641553282737732
-0.043025191873311996
0.04525857791304588
1.821793794631958
0.3686661422252655
0.7404205799102783
0.015101187862455845
-0.22381463646888733
-0.4940178394317627
1.1785738468170166
0.25739169120788574
0.2735232710838318
-0.0697474554181099
0.27008312940597534
-0.37539365887641907
0.10648033767938614
-0.1346258670091629
0.34649378061294556
0.8682805299758911
0.1997329145669937
-0.026322899386286736
0.1634696125984192
0.6916489005088806
0.02219703234732151
0.26349157094955444
0.4992751479148865
0.28990381956100464
0.6423983573913574
0.04244598373770714
0.605509340763092
0.5951046943664551
0.02535754255950451
-0.030243879184126854
1.589343786239624
-0.0925166979432106
0.019356995820999146
-0.23053516447544098
-0.06986059248447418
-0.24783964455127716
-0.02470020204782486
-1.120344877243042
-0.07669347524642944
0.24552921950817108
-0.3389081656932831
-0.31194835901260376
-0.24818484485149384
-0.0683240294456482
-0.3377668857574463
-0.8404266834259033
-0.6970996260643005
-0.17423079907894135
0.797930121421814
0.32668405771255493
0.15448080003261566
0.2726227343082428
0.19647842645645142
-0.4382283687591553
0.5631423592567444
0.18219590187072754
-0.019920405000448227
0.014644552953541279
0.058677833527326584
0.4086228013038635
0.07873231917619705
-0.5368770956993103
0.3314588665962219
0.5563958883285522
0.3377450406551361
0.1486818939447403
1.0790436267852783
0.7793442010879517
0.007972018793225288
-0.530646026134491
-0.032524626702070236
-0.08767188340425491
-0.08001560717821121
0.13098135590553284
0.06305459141731262
0.74811190366745
-0.2765602767467499
-0.31159138679504395
0.2327589988708496
0.10415338724851608
0.28286686539649963
0.029954101890325546
0.4841822683811188
-0.3475067615509033
-0.23633898794651031
0.04911663010716438
0.10912866145372391
-0.17580246925354004
-0.13573819398880005
-0.48530569672584534
-0.14175188541412354
-0.45817098021507263
0.14119502902030945
-0.6250399351119995
0.848094642162323
0.8658410310745239
0.5732089281082153
2.8781654834747314
-0.14380045235157013
0.4122012257575989
0.4584369957447052
0.3108522891998291
0.7431157827377319
0.7593998312950134
0.18938983976840973
-0.10803468525409698
-0.008799584582448006
-0.3996397852897644
0.305072158575058
0.42754489183425903
1.3136675357818604
-3.1850991249084473
-2.4356207847595215
-2.7160398960113525
-2.1559183597564697
-5.279873371124268
-2.0620768070220947
-1.6513727903366089
-1.3527748584747314
-2.7908852100372314
-1.411769151687622
-2.2220377922058105
-0.5928441286087036
-2.1994197368621826
-2.0032997131347656
-2.2377829551696777
-6.193432331085205
-3.721816062927246
-1.52544367313385
-1.9538058042526245
-2.0953972339630127
-1.745145559310913
-1.7760348320007324
-0.43365219235420227
-1.9852527379989624
-2.069483518600464
-1.1408021450042725
-0.8384078741073608
-1.3002601861953735
-1.8394900560379028
-1.131234884262085
-2.222686529159546
-0.27560484409332275
-0.6994132995605469
-0.8015164732933044
-0.5993286967277527
-1.535486102104187
-0.9948196411132812
-0.32240158319473267
-1.08059561252594
-1.0074200630187988
-1.0635812282562256
-1.1208624839782715
-1.439224123954773
-0.265510231256485
-1.056032419204712
-1.6137627363204956
-1.649532675743103
-4.86992073059082
-3.567418098449707
-3.4370882511138916
-2.636160373687744
-2.9575905799865723
-5.318603038787842
-1.9501858949661255
-2.751350164413452
-2.5374536514282227
-3.2729697227478027
-1.6745625734329224
-1.6763213872909546
-2.2312653064727783
-2.830840587615967
-1.9440189599990845
-2.0843019485473633
-3.250227689743042
-3.519376754760742
-3.325061559677124
-2.1131906509399414
-2.1180291175842285
-2.6884219646453857
-1.3075051307678223
-1.3378037214279175
-1.9772652387619019
-2.0446667671203613
-1.2643508911132812
-0.7880675196647644
-2.2532622814178467
-2.0378193855285645
-1.6494601964950562
-2.434811592102051
-0.8344908356666565
-4.391998291015625
-2.266542673110962
-1.8509141206741333
-0.7568109035491943
-2.430145740509033
-1.2711563110351562
-1.027661681175232
-0.7549940943717957
-2.0571038722991943
-1.7943310737609863
-1.2847578525543213
-2.104891061782837
-3.1199100017547607
-1.4540183544158936
-1.8331916332244873
-1.7977765798568726
-1.5846779346466064
-3.776855945587158
-1.2755118608474731
-1.9633055925369263
-2.188697099685669
-1.706221342086792
-0.979569137096405
-1.7729308605194092
-1.1794952154159546
-0.5109609365463257
-1.6234465837478638
-0.462311327457428
-0.9225059747695923
-1.7338271141052246
-2.0566041469573975
-3.163440704345703
-2.920682430267334
-2.1325523853302
-2.023376941680908
-2.2851452827453613
-4.59922981262207
-1.8792002201080322
-1.292488694190979
-1.927794098854065
-2.4098970890045166
-2.1529746055603027
-1.599029779434204
-0.4511137306690216
-2.1451308727264404
-2.306842803955078
-1.9813672304153442
-4.875402927398682
-2.2189226150512695
-1.3660234212875366
-1.6991667747497559
-1.7713879346847534
-3.6769673824310303
-1.3637946844100952
-0.6170141100883484
-0.8067900538444519
-1.4567558765411377
-1.4468096494674683
-0.47025027871131897
-0.8100249171257019
-1.5803910493850708
-1.1758222579956055
-0.7523084282875061
-1.8836760520935059
-4.092661380767822
-3.5654070377349854
-3.84734845161438
-1.8638031482696533
-5.121607303619385
-2.209928512573242
-1.8882805109024048
-2.5367178916931152
-3.318061590194702
-1.6346104145050049
-1.7090460062026978
-1.7058204412460327
-3.1318886280059814
-2.0762763023376465
-2.624662160873413
-3.332857608795166
0.058136794716119766
0.04901665821671486
-0.013887040317058563
-0.023946693167090416
-0.010573954321444035
-0.05990543216466904
-0.0024007726460695267
-0.02601342462003231
0.06781980395317078
0.01008591242134571
-0.04235439375042915
0.047037579119205475
-0.08490324765443802
0.027704432606697083
-0.01580798625946045
0.02491050213575363
0.008967320434749126
-0.9645758867263794
-0.0007107412675395608
-0.004102068487554789
-0.5872563123703003
-0.3220836818218231
0.4153890013694763
-0.15912827849388123
-0.6316037774085999
0.6819781064987183
-0.9332806468009949
0.04601551219820976
-0.35925838351249695
-0.0817151740193367
-0.2670963704586029
-0.8168025612831116
-5.257708549499512
-2.26873779296875
-1.529954195022583
-1.6188111305236816
-2.6495580673217773
-1.5178937911987305
-0.9656978249549866
-0.9855419993400574
-2.1424148082733154
-1.8570537567138672
-1.2424830198287964
-2.3993003368377686
-3.426142930984497
-1.5889790058135986
-2.5873024463653564
-2.378697395324707
-2.2489418983459473
-1.7690414190292358
-1.4381240606307983
-1.7327462434768677
-1.4499545097351074
-0.9405891299247742
-0.6667933464050293
-1.9499255418777466
-2.0511350631713867
-0.8670387268066406
-1.7859925031661987
-0.2836967408657074
-1.3916555643081665
-2.048635244369507
-1.4048001766204834
-5.009917259216309
-4.901832103729248
-3.8567252159118652
-2.968319892883301
-2.873750686645508
-5.090454578399658
-2.9716947078704834
-2.144566297531128
-2.348196506500244
-3.6625425815582275
-2.2955546379089355
-2.509612560272217
-1.8315491676330566
-3.177393913269043
-2.2951037883758545
-2.610614776611328
-3.6449837684631348
-4.070805549621582
-3.9552252292633057
-1.9903991222381592
-2.055103063583374
-2.526784658432007
-1.7944327592849731
-1.4936800003051758
-1.9103960990905762
-2.300626516342163
-1.1491062641143799
-1.8195765018463135
-1.5765143632888794
-3.3939805030822754
-1.600449562072754
-2.523289680480957
-2.0396885871887207
-4.106983184814453
-1.6038380861282349
-1.6006594896316528
-1.778954267501831
-2.6697659492492676
-1.5200773477554321
-0.694206714630127
-1.7912508249282837
-2.4698166847229004
-1.6631077527999878
-2.376861810684204
-0.6810460686683655
-2.805936098098755
-2.1322784423828125
-2.529569625854492
-4.490711688995361
-1.0101531744003296
-2.297276020050049
-0.7561205625534058
-1.320203185081482
-2.1255619525909424
-1.7317793369293213
-1.1493691205978394
-0.757478654384613
-1.3271313905715942
-0.4823239743709564
-0.7460241317749023
-1.3108032941818237
-1.3248250484466553
-0.9521667957305908
-1.8249891996383667
-0.2071993499994278
-1.3451476097106934
-2.640826940536499
-1.565225601196289
-1.7828987836837769
-1.6661031246185303
-1.2667875289916992
-1.4091501235961914
-1.5755048990249634
-1.6070321798324585
-1.1009225845336914
-0.9547857046127319
-1.6251143217086792
-0.9818240404129028
-1.2741903066635132
-2.4414262771606445
-0.30291053652763367
-3.437777042388916
-2.813021659851074
-2.0633909702301025
-1.9100346565246582
-2.6264922618865967
-1.4004499912261963
-0.7377794981002808
-2.279015302658081
-2.018662929534912
-0.8385251760482788
-1.215299129486084
-1.3369920253753662
-2.204824209213257
-1.932868480682373
-2.2108287811279297
-3.3082802295684814
-5.18452262878418
-2.462308168411255
-1.973716139793396
-2.5833680629730225
-4.083285331726074
-1.890508770942688
-1.4003783464431763
-1.101318359375
-2.4731814861297607
-2.346217632293701
-1.5798300504684448
-1.9780341386795044
-3.876969814300537
-1.7361552715301514
-2.495684862136841
-2.686443328857422
-0.016623878851532936
0.06979118287563324
-0.0018977762665599585
0.04711668938398361
-0.02107774280011654
-0.07187022268772125
-0.0358523465692997
-0.013249678537249565
-0.06764737516641617
0.009639689698815346
-0.002216954715549946
0.054558441042900085
0.06326992809772491
-0.04745703935623169
-0.0018454304663464427
0.046682748943567276
-2.105210781097412
-1.173650860786438
-2.277219295501709
-1.7521700859069824
-4.867432117462158
-2.5253448486328125
-2.039525270462036
-1.476406216621399
-2.9919605255126953
-1.716878056526184
-1.0716303586959839
-1.9260029792785645
-1.943617343902588
-1.7775062322616577
-1.5312896966934204
-1.3742188215255737
-0.008238780312240124
0.010515447705984116
-0.003359881229698658
-0.07485239207744598
-0.00918863620609045
-0.015589150600135326
0.026942437514662743
-0.01272597536444664
-0.03453388065099716
-0.03487325459718704
-0.024913650006055832
0.03460656479001045
-0.01773412711918354
-0.009839163161814213
-0.006163851823657751
0.06337017565965652
-1.3248564004898071
-0.5120295286178589
-1.0160341262817383
-0.3950136601924896
-3.0156753063201904
-1.0346542596817017
-1.5896955728530884
-0.9503299593925476
-1.628629207611084
-1.0012316703796387
-0.3149547278881073
-0.4615361988544464
-1.5696415901184082
-0.5182511210441589
-1.1877963542938232
-1.6301966905593872
-3.4556655883789062
-3.5161948204040527
-2.4137117862701416
-2.273818016052246
-2.1155190467834473
-0.9734397530555725
-0.5654793381690979
-2.366579532623291
-1.84040367603302
-1.1945288181304932
-1.0936055183410645
-1.7192970514297485
-1.4688458442687988
-1.427437663078308
-2.0010159015655518
-0.5846290588378906
-4.486186504364014
-1.8164438009262085
-1.1164920330047607
-1.1092356443405151
-1.7592374086380005
-1.2324246168136597
-0.6427555680274963
-1.0501214265823364
-2.0254015922546387
-1.7728976011276245
-0.895912230014801
-2.450284719467163
-1.8471428155899048
-1.1680527925491333
-2.2833330631256104
-2.429746150970459
-2.2204132080078125
-0.9276396036148071
-0.7664662003517151
-0.2077166736125946
-0.7200372815132141
-0.6696860790252686
0.028252707794308662
-0.45669034123420715
-0.9311991930007935
-0.30794551968574524
-0.25629130005836487
-0.5230573415756226
-1.6731356382369995
-0.25745639204978943
-0.15137368440628052
-0.6396020650863647
-5.187724590301514
-2.89162015914917
-2.6002230644226074
-2.1790411472320557
-2.921152114868164
-2.1499361991882324
-1.0980987548828125
-2.0922489166259766
-2.3549554347991943
-1.3686788082122803
-1.3125237226486206
-2.0224781036376953
-3.4367730617523193
-1.8157724142074585
-2.457439661026001
-1.5612452030181885
-4.93742036819458
-2.354614734649658
-1.2150365114212036
-1.9514485597610474
-2.5588252544403076
-1.3097915649414062
-0.5728311538696289
-0.996345043182373
-1.6486183404922485
-1.449304461479187
-1.080572247505188
-2.3282477855682373
-3.23199462890625
-1.2357734441757202
-1.7969013452529907
-1.88541579246521
-1.5909249782562256
-1.7149229049682617
-1.770218014717102
-1.3247509002685547
-1.487402319908142
-1.2021137475967407
-1.093088984489441
-1.4498214721679688
-1.0824836492538452
-0.606475830078125
-1.5410228967666626
-1.2886279821395874
-1.0784412622451782
-1.0293999910354614
-1.418178915977478
-1.4136133193969727
-1.967939853668213
-1.4148718118667603
-3.305588722229004
-1.137860894203186
-4.3109846115112305
-1.646305799484253
-1.3562943935394287
-1.5287916660308838
-2.117553234100342
-1.1307474374771118
-1.0320807695388794
-1.1397852897644043
-1.3247015476226807
-1.2784830331802368
-1.1196156740188599
-3.0524349212646484
-3.1065356731414795
-2.4223172664642334
-2.544879674911499
-2.0203545093536377
-4.981825351715088
-1.8677046298980713
-1.5201036930084229
-1.3609119653701782
-2.644306182861328
-1.4143480062484741
-2.1509220600128174
-0.5628624558448792
-2.1798744201660156
-1.9242439270019531
-2.180572986602783
-5.634459495544434
-3.5408623218536377
-1.4523673057556152
-1.7552783489227295
-1.951924443244934
-1.4937330484390259
-1.5189785957336426
-0.44220924377441406
-1.8914499282836914
-1.9483941793441772
-1.0247915983200073
-0.853119969367981
-1.3137853145599365
-1.6556257009506226
-1.1967905759811401
-2.0740535259246826
-0.39545610547065735
-0.5590760707855225
-0.7616767883300781
-0.45588377118110657
-1.4852161407470703
-0.995549738407135
-0.31343764066696167
-0.964076578617096
-0.9740149974822998
-1.0153743028640747
-0.9856330156326294
-1.292734146118164
-0.28298506140708923
-0.9337518215179443
-1.5666884183883667
-1.5131722688674927
-4.463071823120117
-3.48998761177063
-3.250669240951538
-2.5485148429870605
-2.876441478729248
-5.052787780761719
-1.8638678789138794
-2.6342647075653076
-2.352168321609497
-3.0022165775299072
-1.658726692199707
-1.7252904176712036
-2.262143611907959
-2.663332462310791
-1.9277775287628174
-2.004369020462036
-3.1574795246124268
-3.3244385719299316
-2.9795401096343994
-2.0942020416259766
-2.0607430934906006
-2.4630744457244873
-1.386630892753601
-1.1787322759628296
-1.9214266538619995
-1.8265507221221924
-1.2610085010528564
-0.6466372609138489
-2.159818410873413
-2.0117480754852295
-1.6030267477035522
-2.3750433921813965
-0.7805960774421692
-4.144165515899658
-2.0445189476013184
-1.6354657411575317
-0.7308495044708252
-2.2201106548309326
-1.0701470375061035
-0.9936739802360535
-0.7298456430435181
-1.9622763395309448
-1.5588182210922241
-1.1390024423599243
-1.8118922710418701
-3.0656025409698486
-1.340728521347046
-1.7580351829528809
-1.650955080986023
-1.4607495069503784
-3.408082962036133
-1.1448712348937988
-1.8245354890823364
-1.9388339519500732
-1.5995298624038696
-0.8676275014877319
-1.622572660446167
-1.1492012739181519
-0.5224201679229736
-1.4323235750198364
-0.35238295793533325
-0.8532290458679199
-1.594076156616211
-1.8075697422027588
-2.910452365875244
-2.7982287406921387
-2.1030924320220947
-1.9412428140640259
-2.1011133193969727
-4.390061855316162
-1.7885422706604004
-1.34315824508667
-1.765634298324585
-2.3144595623016357
-2.017272710800171
-1.5727144479751587
-0.4318966269493103
-2.1372578144073486
-2.291567802429199
-1.9385637044906616
-4.737304210662842
-2.1636080741882324
-1.224124789237976
-1.6110097169876099
-1.6122628450393677
-3.495685577392578
-1.0348901748657227
-0.5822539925575256
-0.7813741564750671
-1.3138537406921387
-1.2217767238616943
-0.5559594631195068
-0.8125315308570862
-1.4784221649169922
-1.1568149328231812
-0.639349639415741
-1.7654391527175903
-4.053616523742676
-3.3864283561706543
-3.7466602325439453
-1.7314308881759644
-4.841623306274414
-2.1445517539978027
-1.7370315790176392
-2.323718786239624
-3.1292083263397217
-1.588034749031067
-1.66511869430542
-1.6516175270080566
-3.130887746810913
-2.053898334503174
-2.4797730445861816
-3.2252984046936035
-0.0044253612868487835
-0.06076892092823982
0.0322321280837059
0.02303096279501915
-0.014066153205931187
0.07523565739393234
0.00868596788495779
-0.015243764035403728
-0.040510281920433044
0.013180247507989407
-0.022680295631289482
-0.039700061082839966
0.00482268538326025
-0.0019582435488700867
-0.03841130807995796
0.015746884047985077
0.05797499790787697
-0.7322255373001099
0.00472337706014514
-0.019431831315159798
-0.5013256669044495
-0.327472448348999
0.30420488119125366
-0.07615512609481812
-0.47088000178337097
0.5381802320480347
-0.7182654738426208
0.016468433663249016
-0.1635400801897049
0.02221517637372017
-0.28696030378341675
-0.7376512289047241
-4.905907154083252
-2.0889732837677
-1.471961498260498
-1.470712661743164
-2.494751214981079
-1.3643543720245361
-0.8722306489944458
-0.941762387752533
-1.9964125156402588
-1.6175655126571655
-1.160278558731079
-2.217625856399536
-3.4103102684020996
-1.5574322938919067
-2.390244483947754
-2.380995273590088
-2.08986496925354
-1.5370805263519287
-1.2230087518692017
-1.627061367034912
-1.2074074745178223
-0.9918351769447327
-0.6423065066337585
-1.728982925415039
-1.8737095594406128
-0.830793559551239
-1.5753941535949707
-0.2878631055355072
-1.3504528999328613
-1.9592877626419067
-1.3613898754119873
-4.78366756439209
-4.731441974639893
-3.685035228729248
-2.8924567699432373
-2.775017023086548
-4.918081760406494
-2.7981040477752686
-2.0728695392608643
-2.110898971557617
-3.570160150527954
-2.2538485527038574
-2.382106304168701
-1.9036121368408203
-3.1022121906280518
-2.3563029766082764
-2.6721508502960205
-3.650225877761841
-3.836853504180908
-3.630688190460205
-1.8704454898834229
-1.8419265747070312
-2.2638561725616455
-1.6066786050796509
-1.3601973056793213
-1.7329939603805542
-2.1097447872161865
-1.008958101272583
-1.757575273513794
-1.4314343929290771
-3.361419439315796
-1.5652024745941162
-2.4827396869659424
-2.0764689445495605
-3.830852746963501
-1.5881792306900024
-1.525451898574829
-1.7142972946166992
-2.381204843521118
-1.478631854057312
-0.649667501449585
-1.638959527015686
-2.246011257171631
-1.524407148361206
-2.357147693634033
-0.7089546322822571
-2.580338716506958
-2.1009066104888916
-2.4845011234283447
-4.416191577911377
-0.8947702646255493
-2.1675143241882324
-0.7389537692070007
-1.210309386253357
-1.8817187547683716
-1.4668291807174683
-0.8964514136314392
-0.6300033926963806
-1.194130778312683
-0.38339370489120483
-0.6137531399726868
-1.2335362434387207
-1.1285831928253174
-0.8303781747817993
-1.6424946784973145
-0.21685850620269775
-1.3347729444503784
-2.4907963275909424
-1.5358730554580688
-1.6947885751724243
-1.4531134366989136
-1.1034135818481445
-1.2206581830978394
-1.409682035446167
-1.2412811517715454
-1.0345381498336792
-1.0555638074874878
-1.579048752784729
-0.8446728587150574
-1.1642311811447144
-2.1538009643554688
-0.2795172333717346
-3.217402458190918
-2.5649313926696777
-2.016270875930786
-1.8319239616394043
-2.3613357543945312
-1.3763036727905273
-0.8028941750526428
-2.248523235321045
-1.9261952638626099
-0.8727507591247559
-1.1414334774017334
-1.3746775388717651
-2.1571712493896484
-1.9350239038467407
-2.012284517288208
-3.223911762237549
-5.120781898498535
-2.283749580383301
-1.889792799949646
-2.457385540008545
-3.880218744277954
-1.628944993019104
-1.3268769979476929
-0.9599190950393677
-2.4215481281280518
-2.137411594390869
-1.4284354448318481
-1.8325583934783936
-3.793166399002075
-1.7409708499908447
-2.4719581604003906
-2.608414888381958
0.08689957112073898
-0.009079642593860626
-0.08066996932029724
0.021090902388095856
0.045644499361515045
-0.021063121035695076
-0.07585347443819046
0.02988688088953495
0.034762270748615265
0.03274080902338028
0.0296322051435709
-0.0481867752969265
0.036849625408649445
-0.008715911768376827
0.0003490339731797576
0.008620544336736202
-2.093984842300415
-1.0800856351852417
-2.194037914276123
-1.5778287649154663
-4.542804718017578
-2.433242082595825
-1.8989038467407227
-1.3061115741729736
-2.7775731086730957
-1.6731371879577637
-0.9678550958633423
-1.7542266845703125
-1.7257237434387207
-1.653662919998169
-1.509244441986084
-1.479823112487793
0.030343718826770782
-0.025058429688215256
0.0036539265420287848
0.02846572734415531
0.040005750954151154
0.09232299774885178
0.03611791133880615
0.0005696802982129157
-0.06500077247619629
0.03715753182768822
-0.005786384921520948
0.008888074196875095
0.04822608456015587
0.05456453189253807
0.04996613413095474
-0.011481385678052902
-1.1303876638412476
-0.5781745314598083
-0.9914634823799133
-0.31559011340141296
-2.7482433319091797
-0.9499913454055786
-1.358375072479248
-0.8458912372589111
-1.4052624702453613
-0.9037770628929138
-0.3664635717868805
-0.4417659640312195
-1.3357704877853394
-0.5573970675468445
-1.0817005634307861
-1.5736736059188843
-3.226008653640747
-3.2366321086883545
-2.2597076892852783
-2.1524815559387207
-1.9199918508529663
-0.9104616641998291
-0.5485439896583557
-2.3482089042663574
-1.697371006011963
-1.1946611404418945
-1.0084391832351685
-1.6581312417984009
-1.5132604837417603
-1.3105272054672241
-1.8487257957458496
-0.5380292534828186
-4.155953407287598
-1.6438138484954834
-1.0413991212844849
-1.0052777528762817
-1.6899257898330688
-1.237661361694336
-0.6864102482795715
-1.0248502492904663
-1.9148914813995361
-1.529355525970459
-0.658940315246582
-2.193466901779175
-1.7990586757659912
-1.203276515007019
-2.153292179107666
-2.4619884490966797
-1.941519021987915
-0.6982660889625549
-0.6388546824455261
-0.06920719891786575
-0.5715882778167725
-0.5712621808052063
0.03131711483001709
-0.4005438983440399
-0.8081843256950378
-0.2886121869087219
-0.20368587970733643
-0.3678746223449707
-1.5407829284667969
-0.25269120931625366
-0.16845744848251343
-0.621199369430542
-4.972907543182373
-2.858574151992798
-2.463467836380005
-1.9497567415237427
-2.739590644836426
-1.844247579574585
-1.0530856847763062
-1.9686273336410522
-2.346040964126587
-1.2993792295455933
-1.1949594020843506
-2.0303030014038086
-3.43977952003479
-1.810499906539917
-2.35834002494812
-1.5629726648330688
-4.691079616546631
-2.1191794872283936
-1.2008992433547974
-1.7346632480621338
-2.2934486865997314
-1.1668323278427124
-0.603481650352478
-0.9923170804977417
-1.5317224264144897
-1.4081616401672363
-0.9596193432807922
-2.1692280769348145
-3.1725704669952393
-1.294101357460022
-1.762344479560852
-1.9328645467758179
-1.5390905141830444
-1.6344101428985596
-1.68972647190094
-1.3527852296829224
-1.3188945055007935
-1.2190414667129517
-1.0284693241119385
-1.3872902393341064
-0.9820148348808289
-0.5523677468299866
-1.4258867502212524
-1.2134002447128296
-0.9837368726730347
-1.0402716398239136
-1.3241475820541382
-1.373155117034912
-1.9091850519180298
-1.4354159832000732
-3.0305490493774414
-1.048907995223999
-4.125524520874023
-1.4149644374847412
-1.2533966302871704
-1.423026442527771
-1.9419174194335938
-1.1546781063079834
-1.0711915493011475
-1.0716155767440796
-1.3061604499816895
-1.2279380559921265
-0.9839493632316589
-2.796041250228882
-3.1399636268615723
-2.4959094524383545
-2.7775983810424805
-2.1123149394989014
-4.831362247467041
-2.1499035358428955
-1.550085186958313
-1.392187237739563
-2.828023672103882
-1.486826777458191
-2.173043966293335
-0.5124378204345703
-2.2539117336273193
-1.9760147333145142
-2.3267099857330322
-5.79519510269165
-3.3730931282043457
-1.4758800268173218
-1.697479486465454
-1.962943196296692
-1.7299588918685913
-1.5601052045822144
-0.5044954419136047
-2.013976812362671
-2.037355899810791
-1.1344929933547974
-0.9063957929611206
-1.2658437490463257
-1.7737183570861816
-1.2940253019332886
-2.10211443901062
-0.3037916123867035
-0.7353731989860535
-0.6692466735839844
-0.7310049533843994
-1.5362827777862549
-1.026997447013855
-0.390312522649765
-1.2059953212738037
-0.9623827934265137
-1.0297110080718994
-0.9476913213729858
-1.1378049850463867
-0.31198471784591675
-1.0322731733322144
-1.7575392723083496
-1.5730820894241333
-4.79708194732666
-3.612072467803955
-3.331235408782959
-2.6746251583099365
-2.9810924530029297
-5.089515686035156
-2.0695536136627197
-2.609649896621704
-2.418661117553711
-3.271423816680908
-1.6150057315826416
-1.7214415073394775
-2.2282392978668213
-2.748675584793091
-2.0070061683654785
-2.050673007965088
-3.0906856060028076
-3.335517644882202
-3.169273614883423
-2.049954652786255
-2.1420586109161377
-2.8773317337036133
-1.28705894947052
-1.3118643760681152
-1.994179606437683
-2.034698486328125
-1.2458937168121338
-0.880264401435852
-2.1035635471343994
-1.800601601600647
-1.6494535207748413
-2.3092784881591797
-0.774789571762085
-3.966053009033203
-2.1759192943573
-1.7559775114059448
-0.748140811920166
-2.4225594997406006
-1.2033501863479614
-1.169956088066101
-0.843101978302002
-1.951823115348816
-1.6876771450042725
-1.1986738443374634
-1.7155784368515015
-2.923917055130005
-1.404698133468628
-1.8609790802001953
-1.804086446762085
-1.599362850189209
-3.525520086288452
-1.2230892181396484
-1.956966519355774
-2.12302827835083
-1.7952189445495605
-1.016119360923767
-1.683230996131897
-1.0704987049102783
-0.5913370847702026
-1.4866089820861816
-0.3378094434738159
-0.8883336782455444
-1.7163317203521729
-1.9043852090835571
-3.0824954509735107
-2.9728920459747314
-1.970821738243103
-1.9949145317077637
-2.149758815765381
-4.395555019378662
-1.987996220588684
-1.3287824392318726
-1.78208589553833
-2.4848215579986572
-2.232973098754883
-1.6118932962417603
-0.4469313621520996
-2.198956251144409
-2.3194847106933594
-2.1113924980163574
-4.7703423500061035
-2.2247087955474854
-1.288456678390503
-1.6775121688842773
-1.726881980895996
-3.3805577754974365
-1.4352469444274902
-0.5271000266075134
-0.7985215783119202
-1.338475227355957
-1.274146556854248
-0.5240956544876099
-0.7834494113922119
-1.5601142644882202
-1.1907293796539307
-0.8166364431381226
-1.7312889099121094
-4.160835266113281
-3.463742256164551
-3.810638666152954
-1.7703222036361694
-4.834916591644287
-2.2838613986968994
-1.725818395614624
-2.57100510597229
-3.283919095993042
-1.7133762836456299
-1.688763976097107
-1.7830246686935425
-3.1385226249694824
-1.9782254695892334
-2.572197914123535
-3.2099955081939697
-0.028266018256545067
-0.02167108654975891
0.07317361235618591
-0.13775239884853363
-0.003554639872163534
0.033945757895708084
0.036840394139289856
-0.05493568256497383
0.03396300971508026
-0.04909868538379669
-0.01344356406480074
-0.008036334067583084
0.04245276376605034
-0.0292949378490448
0.049267664551734924
0.002745365258306265
-0.03805537894368172
-0.8759610056877136
-0.07083270698785782
-0.04183167591691017
-0.47157126665115356
-0.370470255613327
0.4046109616756439
-0.1295306533575058
-0.6582350730895996
0.5371580123901367
-0.7911835312843323
0.03588412329554558
-0.32984429597854614
-0.08002915978431702
-0.33948880434036255
-0.6997497081756592
-4.792288303375244
-2.448776960372925
-1.3489205837249756
-1.5852069854736328
-2.6889638900756836
-1.5122028589248657
-1.0062055587768555
-1.147129774093628
-2.1258554458618164
-1.8412165641784668
-1.3066548109054565
-2.072918653488159
-3.182051420211792
-1.5119248628616333
-2.4971487522125244
-2.4500157833099365
-2.2085556983947754
-1.6014906167984009
-1.3719505071640015
-1.6954094171524048
-1.301091194152832
-0.9942396879196167
-0.7973082065582275
-1.6844468116760254
-1.8769786357879639
-0.886742889881134
-1.3810806274414062
-0.30450931191444397
-1.3151143789291382
-2.0195047855377197
-1.5509449243545532
-4.913278579711914
-4.707156181335449
-3.855546236038208
-2.921875238418579
-2.9327921867370605
-4.93405294418335
-3.056929588317871
-2.250581741333008
-2.32281231880188
-3.6421661376953125
-2.322086811065674
-2.552611827850342
-1.8422491550445557
-3.1340649127960205
-2.3786139488220215
-2.5352396965026855
-3.5367178916931152
-3.7006750106811523
-3.9654624462127686
-1.881296992301941
-1.9490811824798584
-2.5069777965545654
-1.6325761079788208
-1.5386617183685303
-1.961025357246399
-2.2517075538635254
-1.1774424314498901
-1.882538080215454
-1.3670377731323242
-3.2326481342315674
-1.6970328092575073
-2.5367159843444824
-2.1106021404266357
-3.9185168743133545
-1.5666956901550293
-1.4604096412658691
-1.7950174808502197
-2.6020612716674805
-1.484028697013855
-0.7345272898674011
-1.6700383424758911
-2.3558430671691895
-1.6613835096359253
-2.339785575866699
-0.6085852384567261
-2.812747001647949
-2.234370708465576
-2.4531657695770264
-4.548836708068848
-0.9830248355865479
-2.285978317260742
-0.8040958046913147
-1.282690167427063
-2.1030778884887695
-1.476330041885376
-1.1279443502426147
-0.6535707712173462
-1.2606841325759888
-0.560726523399353
-0.8067033886909485
-1.1789089441299438
-1.2073452472686768
-0.920877993106842
-1.58590829372406
-0.23177051544189453
-1.3262393474578857
-2.7131497859954834
-1.6176459789276123
-1.8517091274261475
-1.7542906999588013
-1.0961687564849854
-1.3267064094543457
-1.4794515371322632
-1.428245186805725
-1.1026842594146729
-1.1159807443618774
-1.635569453239441
-0.924135148525238
-1.1997302770614624
-2.001783847808838
-0.2354460060596466
-3.3702445030212402
-2.703049421310425
-2.162095785140991
-1.9446076154708862
-2.623975992202759
-1.4019775390625
-0.9166824817657471
-2.2008824348449707
-2.0243935585021973
-0.8645056486129761
-1.1592907905578613
-1.3004443645477295
-2.218689203262329
-2.017346143722534
-2.049567222595215
-3.2138309478759766
-5.065578460693359
-2.4424235820770264
-1.7330291271209717
-2.632632255554199
-3.976473093032837
-1.8669971227645874
-1.3321436643600464
-1.156972885131836
-2.384610414505005
-2.220806837081909
-1.5550235509872437
-1.8461968898773193
-3.711529016494751
-1.786571741104126
-2.5004701614379883
-2.7236886024475098
-0.024329153820872307
0.06178692728281021
0.009367192164063454
0.07345984131097794
0.11583985388278961
0.0380404107272625
-0.041123054921627045
-0.039330288767814636
-0.03066149167716503
0.012012825347483158
0.0304237212985754
0.012649508193135262
0.04808839410543442
-0.051020149141550064
-0.03512095659971237
-0.008992981165647507
-2.158928394317627
-1.236501932144165
-2.236313819885254
-1.6260508298873901
-4.614095687866211
-2.606935739517212
-2.0380027294158936
-1.4168660640716553
-3.079805850982666
-1.7509759664535522
-1.1459472179412842
-1.927038550376892
-1.9009085893630981
-1.762314796447754
-1.3797434568405151
-1.3094137907028198
-0.03331194072961807
-0.05061989650130272
0.016580946743488312
-0.011250713840126991
-0.03876885399222374
-0.03251113370060921
0.0583781935274601
0.02202930487692356
0.023432232439517975
0.006666169967502356
-0.002782645868137479
-0.010877784341573715
0.07662748545408249
-0.08370503783226013
0.034831780940294266
0.003015202935785055
-1.1778401136398315
-0.4147428572177887
-1.078855037689209
-0.29296454787254333
-2.6492722034454346
-1.05491042137146
-1.5021759271621704
-1.0458964109420776
-1.6367493867874146
-0.9565420746803284
-0.3780583143234253
-0.532477855682373
-1.4402352571487427
-0.5970118641853333
-1.2129727602005005
-1.4489288330078125
-3.2166054248809814
-3.4425199031829834
-2.3906989097595215
-2.2110700607299805
-2.182803153991699
-0.9026092290878296
-0.6319236159324646
-2.396649122238159
-1.8366949558258057
-1.2297626733779907
-1.0770227909088135
-1.6381123065948486
-1.391453504562378
-1.4027156829833984
-1.8301560878753662
-0.55275559425354
-4.1560163497924805
-1.8892844915390015
-0.9640280604362488
-1.071842908859253
-1.8123037815093994
-1.208175778388977
-0.8018556237220764
-1.1166820526123047
-1.950518012046814
-1.6273126602172852
-0.7226374745368958
-2.0978169441223145
-1.7780600786209106
-1.0278897285461426
-2.288390636444092
-2.5636537075042725
-1.9669458866119385
-0.8552232980728149
-0.8285242319107056
-0.12687543034553528
-0.5948413014411926
-0.5895681381225586
0.06349506229162216
-0.4728372395038605
-0.8974573612213135
-0.2998097240924835
-0.30317479372024536
-0.46035879850387573
-1.6012592315673828
-0.27460670471191406
-0.19192714989185333
-0.7160428166389465
-4.867780685424805
-3.119950532913208
-2.4840264320373535
-2.129754066467285
-3.1183793544769287
-2.0022084712982178
-1.2650374174118042
-2.164095163345337
-2.3593695163726807
-1.3372458219528198
-1.4299684762954712
-1.9020508527755737
-3.283853769302368
-1.8141558170318604
-2.3838043212890625
-1.5977325439453125
-4.6281304359436035
-2.3516554832458496
-1.1421197652816772
-1.9114965200424194
-2.49418044090271
-1.2688872814178467
-0.7212044596672058
-1.0475413799285889
-1.6550241708755493
-1.3528231382369995
-0.9652422070503235
-1.960721731185913
-3.0192928314208984
-1.204323172569275
-1.820101261138916
-1.9536325931549072
-1.6226102113723755
-1.8139630556106567
-1.797515630722046
-1.3224351406097412
-1.5126714706420898
-1.1551433801651
-1.0631303787231445
-1.437829613685608
-0.9843630194664001
-0.6953077912330627
-1.5077885389328003
-1.1495901346206665
-0.9992270469665527
-1.1600815057754517
-1.2920482158660889
-1.3494200706481934
-2.0714657306671143
-1.414597749710083
-3.143397808074951
-1.120079755783081
-3.888014316558838
-1.6120587587356567
-1.1480094194412231
-1.560379981994629
-2.075413942337036
-1.0931639671325684
-1.1567963361740112
-1.1162208318710327
-1.2812968492507935
-1.2649420499801636
-1.0594663619995117
-2.782287836074829
0.6903297305107117
0.542355477809906
0.9312296509742737
0.42208418250083923
0.7969467639923096
0.43390288949012756
-0.11124099791049957
-0.234242245554924
-0.11072313785552979
0.1469256430864334
0.49967536330223083
0.18837018311023712
0.39695706963539124
0.20827226340770721
-0.2713617980480194
0.5137932300567627
-0.12340578436851501
0.2961474061012268
-0.390755832195282
0.41933321952819824
0.1418788582086563
0.6665543913841248
-0.10838131606578827
0.8681550621986389
0.6235417723655701
-0.007428260520100594
-0.13503897190093994
0.3617517650127411
0.3128647208213806
-0.33674436807632446
-0.20294542610645294
-0.7112960815429688
-0.5268043875694275
-0.1747591644525528
-0.4618819057941437
1.5048084259033203
0.37644892930984497
0.20209971070289612
0.6286497116088867
0.4309483468532562
0.12388473749160767
0.08826259523630142
0.044286008924245834
0.06111367419362068
-0.1382886916399002
-0.3313648998737335
0.30359625816345215
4.442936420440674
0.4527478516101837
0.4195062220096588
0.9597368240356445
1.0763888359069824
0.2980484068393707
-0.14232248067855835
0.2831937074661255
0.29500824213027954
-0.10917297005653381
0.13624434173107147
-0.32086169719696045
0.938453197479248
0.35807913541793823
-0.2552187442779541
-0.44591420888900757
0.06110376492142677
-0.09075404703617096
0.2615913152694702
0.5546180605888367
0.7697136998176575
-0.15325327217578888
-0.7168400287628174
-0.094892717897892
0.8155674338340759
0.05453510582447052
0.008836701512336731
-0.11650874465703964
0.3697168231010437
-0.2873910665512085
0.036958444863557816
0.050078973174095154
0.9066184163093567
-0.15698672831058502
0.21774305403232574
-0.29260823130607605
-0.35733968019485474
-0.20692694187164307
-0.15361109375953674
-0.30171823501586914
-0.2078877091407776
0.7989201545715332
0.6042177677154541
0.04629451781511307
0.2972399592399597
0.5348144173622131
0.6798468828201294
0.45237696170806885
0.42917943000793457
-0.208244189620018
-0.08114238828420639
-0.5098499059677124
0.8516427278518677
0.2758716344833374
0.21675382554531097
-0.3694642186164856
0.23536837100982666
0.07726412266492844
-0.037728965282440186
0.2319248467683792
-0.8946958780288696
-0.4991924464702606
0.13376884162425995
-0.0067963064648211
1.980178952217102
-0.12565425038337708
0.12009210884571075
0.600541353225708
0.8344612121582031
0.5145792961120605
0.22284403443336487
-0.48277580738067627
0.05645506829023361
0.005367353558540344
0.31167498230934143
-0.1326473206281662
-0.5099470615386963
0.02362252026796341
-0.11511798202991486
-0.25377535820007324
0.47028446197509766
0.24000312387943268
0.018699506297707558
1.2489566802978516
0.5217772126197815
-0.2778347432613373
0.43485960364341736
-0.37590956687927246
-0.3216927647590637
0.1145821139216423
0.450988233089447
-0.09860946983098984
0.11212235689163208
0.24348843097686768
0.09668876230716705
-0.4935716986656189
0.513217031955719
0.3949410021305084
0.2787639796733856
0.3342703878879547
-0.16548332571983337
0.2386655956506729
-0.041516561061143875
-0.2662900686264038
0.5289521813392639
-0.17840458452701569
-0.11958512663841248
-0.0919535756111145
0.3017323911190033
0.3597772717475891
0.06586850434541702
0.23012226819992065
0.17661499977111816
-0.010204639285802841
-0.04945073276758194
0.056932490319013596
0.04862020164728165
-0.029272854328155518
-0.03211637958884239
0.006653663702309132
-0.06084012985229492
-0.09312653541564941
0.026263123378157616
-0.005855542607605457
-0.01700032316148281
-0.0005559341516345739
-0.06070121377706528
-0.010690323077142239
-0.041167743504047394
-0.3760586678981781
1.3829407691955566
-0.6401267647743225
-0.3403331935405731
-0.10434633493423462
0.08905738592147827
-1.143163800239563
-0.0909336656332016
0.5389528274536133
-0.6247889995574951
0.7929158806800842
-0.36635392904281616
0.12387645244598389
-0.1255275458097458
0.24220745265483856
1.3299778699874878
0.1542184054851532
0.19008807837963104
-0.3059944808483124
0.06885790079832077
0.04261534661054611
0.15123984217643738
-0.2412347048521042
0.24085360765457153
0.5903745293617249
0.5886753797531128
-0.038037873804569244
-0.1126878559589386
0.7300352454185486
0.360320508480072
0.6281000375747681
1.4725903272628784
-0.21749447286128998
-0.18782161176204681
-0.06437306106090546
0.6802552938461304
0.24783864617347717
0.1033228412270546
-0.06913845241069794
1.0601696968078613
-0.42204713821411133
-0.13215844333171844
-0.42830464243888855
0.3323039412498474
0.010866662487387657
-0.1748964786529541
-0.3607376515865326
3.3586902618408203
0.17961104214191437
0.33880001306533813
0.3402867913246155
0.7899208068847656
0.5046055316925049
0.13385356962680817
-0.4905538856983185
-0.09753850102424622
0.1049446165561676
-0.019330868497490883
-0.0472198985517025
-0.36666613817214966
0.5821929574012756
0.24721097946166992
-0.36868852376937866
0.12484527379274368
-0.29017531871795654
0.22121338546276093
-0.2802930772304535
0.2562502920627594
-0.45370423793792725
0.24172471463680267
0.5178776383399963
0.22274823486804962
0.39695826172828674
-0.36142799258232117
0.46163874864578247
-0.09113983809947968
0.2762361168861389
0.4564698040485382
-0.06711643934249878
0.35732343792915344
-0.2101513147354126
-0.6204116940498352
-0.30557146668434143
0.15328983962535858
0.2064036875963211
-0.15666785836219788
-0.3073385953903198
0.5197590589523315
0.23631662130355835
-0.19530591368675232
-0.28757092356681824
0.2617954611778259
0.42510905861854553
-0.23669137060642242
-0.07012355327606201
1.3178935050964355
-0.09006895869970322
0.7367386221885681
-0.18542461097240448
0.341088205575943
-0.4264746904373169
-0.08086231350898743
0.09981299936771393
-0.021098842844367027
0.051777537912130356
-0.5544444918632507
0.4500463008880615
0.746590793132782
-0.17743489146232605
0.00025775315589271486
0.2921346127986908
0.09211911261081696
0.20648148655891418
1.8422954082489014
0.17912492156028748
0.8354181051254272
-0.020312855020165443
-0.4573228359222412
0.07222611457109451
0.7403998374938965
0.4318581819534302
0.1239408403635025
-0.1527649164199829
0.40021002292633057
-0.40385860204696655
-0.044096194207668304
0.03903244435787201
-0.5497512817382812
-0.2587234079837799
-0.6797296404838562
0.046863310039043427
0.3002772033214569
-0.2505277991294861
-0.4205309748649597
-0.4233274459838867
1.1577428579330444
-0.37074390053749084
-0.35329654812812805
-0.7434049248695374
0.031258657574653625
0.008323260582983494
-0.21154311299324036
-0.584246039390564
0.9729453325271606
0.7883266806602478
0.46248626708984375
-0.2569480240345001
0.3193724751472473
0.3297155201435089
0.29538387060165405
-0.43956971168518066
-0.15057188272476196
0.3284399211406708
0.49226871132850647
-0.13982027769088745
-0.3566940724849701
1.2128081321716309
0.38010260462760925
0.18436917662620544
0.7571040391921997
-0.028849706053733826
0.00717203738167882
0.056977324187755585
-0.06408771872520447
-0.057003796100616455
0.0061651719734072685
-0.01717168465256691
0.03235679119825363
0.059516217559576035
0.08374026417732239
0.03464097902178764
-0.017354659736156464
-0.0691647082567215
-0.05017083138227463
0.04762871935963631
-0.08822941035032272
0.3825036883354187
0.42076584696769714
1.10460364818573
0.6267541646957397
0.5267618298530579
-0.16260740160942078
-0.18342295289039612
0.04010951146483421
0.4252786636352539
0.03286394476890564
-0.5736610293388367
0.14750246703624725
0.6950990557670593
-0.05920226871967316
-0.4323752224445343
0.3181420564651489
-0.1205754205584526
0.05440736189484596
0.02088756114244461
-0.01014669705182314
-0.06818082928657532
0.015319617465138435
-0.058499835431575775
-0.02057880163192749
0.043495576828718185
0.027217382565140724
0.04437137767672539
0.06021524965763092
0.02420247159898281
0.07305283099412918
-0.03532247617840767
-0.019042329862713814
-0.06573443859815598
-0.3797115087509155
0.7092097997665405
-0.3806474804878235
-0.4732051491737366
-0.44544899463653564
0.047927796840667725
-0.04910434037446976
-0.5434657335281372
-0.19448187947273254
0.1286727786064148
-0.011072455905377865
0.7183052897453308
-0.295883446931839
0.03918445110321045
0.197910875082016
-0.036445654928684235
0.3907574713230133
0.6178441047668457
0.7920231223106384
-0.2732708752155304
-0.24840721487998962
-0.32398363947868347
1.299871802330017
0.4778730869293213
0.49948766827583313
0.08365774154663086
0.09762264043092728
-0.28851598501205444
0.03967272862792015
-0.36820998787879944
0.16424135863780975
0.291841983795166
0.48238396644592285
-0.12003597617149353
0.09410155564546585
0.19283288717269897
0.7758061289787292
0.07995288819074631
0.7142447829246521
0.280864417552948
0.5535327792167664
-0.12032420188188553
0.34696629643440247
0.9135255813598633
0.03344276547431946
0.29971879720687866
1.473696231842041
-0.4300493896007538
-0.05828361213207245
-0.32160574197769165
-0.17672684788703918
-0.9214094877243042
-0.027621090412139893
-0.8715665340423584
-0.12326399236917496
0.5941513776779175
-0.4721527099609375
0.041985634714365005
0.0808962732553482
-0.20509827136993408
-0.4450499415397644
-0.588689923286438
-0.2979837656021118
-0.04039070010185242
0.38144755363464355
-0.14811934530735016
0.401760071516037
-0.14181628823280334
0.3022409975528717
-0.3285617530345917
0.5131770968437195
0.6593398451805115
-0.33190685510635376
0.17797896265983582
-0.2789497375488281
0.6877032518386841
0.24382826685905457
-0.2012331336736679
0.6342803835868835
0.2683461904525757
0.43898311257362366
0.026772238314151764
0.594182550907135
0.11601070314645767
0.08327600359916687
-0.24449943006038666
0.4168540835380554
0.20606353878974915
-0.40972715616226196
0.09069616347551346
-0.32967737317085266
0.9553475975990295
0.003158902283757925
0.11304918676614761
0.9564123153686523
-0.39688536524772644
0.2286510467529297
0.11320752650499344
0.5480616092681885
0.17148356139659882
-0.4358290135860443
-0.0992555245757103
-0.04828844591975212
0.028397005051374435
-0.04290466383099556
-0.07309766858816147
0.09505610167980194
-0.08941450715065002
0.03478968143463135
-0.08426234871149063
0.6170608997344971
0.5597224235534668
0.5482999682426453
3.2534804344177246
0.05356394127011299
0.506264865398407
0.259524405002594
-0.14487335085868835
0.4859845042228699
0.10037292540073395
0.339236855506897
0.1334500014781952
0.31287845969200134
0.07597830891609192
0.37549036741256714
0.05362694337964058
0.47726964950561523
-2.9688243865966797
-2.1472442150115967
-2.626300811767578
-1.976220726966858
-4.672840595245361
-1.8538509607315063
-1.5468642711639404
-1.3676689863204956
-2.5992558002471924
-1.2531055212020874
-1.8982365131378174
-0.5572109222412109
-1.943830132484436
-1.7017390727996826
-2.0321848392486572
-5.324616432189941
-3.069260835647583
-1.3529831171035767
-1.5475996732711792
-1.8326863050460815
-1.4787228107452393
-1.3624471426010132
-0.3345412611961365
-1.7361377477645874
-1.780697226524353
-0.9488946199417114
-0.7227084636688232
-1.1889166831970215
-1.575960397720337
-0.9886158108711243
-1.9284782409667969
-0.3367258608341217
-0.5060010552406311
-0.6250463724136353
-0.5502088665962219
-1.215778112411499
-0.7798088192939758
-0.1397685706615448
-0.8448551297187805
-0.9534993767738342
-0.9277427792549133
-0.8243685364723206
-1.1101423501968384
-0.2436920404434204
-0.8590294718742371
-1.5193144083023071
-1.4587939977645874
-4.212244510650635
-3.4098992347717285
-2.99882435798645
-2.5737814903259277
-2.7740538120269775
-4.745824337005615
-1.7364128828048706
-2.6037001609802246
-2.379315137863159
-3.1073713302612305
-1.464223027229309
-1.5433517694473267
-2.1806604862213135
-2.60528302192688
-1.7731857299804688
-1.7745829820632935
-2.808351516723633
-3.02487850189209
-2.9252023696899414
-1.9800297021865845
-1.946317195892334
-2.53566312789917
-1.1789417266845703
-1.0664453506469727
-1.8257046937942505
-1.8421562910079956
-1.1192371845245361
-0.7271738648414612
-1.9773496389389038
-1.8080215454101562
-1.4154168367385864
-2.123769998550415
-0.7574869394302368
-3.715054750442505
-1.8353883028030396
-1.5696125030517578
-0.705405592918396
-2.2686095237731934
-0.9737805724143982
-0.8793902397155762
-0.6989079117774963
-1.8607680797576904
-1.5674623250961304
-0.9732270240783691
-1.4871543645858765
-2.9057884216308594
-1.204063892364502
-1.6061536073684692
-1.6091053485870361
-1.2826344966888428
-3.2019333839416504
-1.0504568815231323
-1.7527779340744019
-1.8218201398849487
-1.4770464897155762
-0.7283748388290405
-1.5482473373413086
-1.0021133422851562
-0.3539498746395111
-1.2965391874313354
-0.3855961561203003
-0.7019187211990356
-1.5108448266983032
-1.6286289691925049
-2.7049942016601562
-2.8102264404296875
-1.8151805400848389
-1.8984375
-2.041531801223755
-4.071486473083496
-1.7092448472976685
-1.3308135271072388
-1.8551033735275269
-2.320355176925659
-1.882968544960022
-1.396446943283081
-0.5399217009544373
-1.9317057132720947
-2.0323779582977295
-1.82209312915802
-4.465433597564697
-2.0570521354675293
-1.049761414527893
-1.5239238739013672
-1.5852367877960205
-3.091841459274292
-1.0534312725067139
-0.5800573825836182
-0.7167062759399414
-1.4376929998397827
-1.1238577365875244
-0.3648410141468048
-0.7455734610557556
-1.446524739265442
-1.109076976776123
-0.6010661721229553
-1.4567643404006958
-3.9622209072113037
-3.0887417793273926
-3.6044790744781494
-1.777759075164795
-4.746861457824707
-2.0395872592926025
-1.6283596754074097
-2.4231040477752686
-3.1615450382232666
-1.434603214263916
-1.3410563468933105
-1.6075702905654907
-2.962575674057007
-1.8335438966751099
-2.355849266052246
-2.9123470783233643
-0.09381399303674698
-0.008884185925126076
-0.0853661298751831
-0.008128829300403595
-0.022598309442400932
0.012487928383052349
0.004504840355366468
0.03252558782696724
-0.0649193674325943
-0.08653221279382706
-0.05350761115550995
0.04439077153801918
-0.031466979533433914
0.09981714934110641
0.022841786965727806
-0.0036984276957809925
-0.02329474315047264
-0.6051408052444458
0.00949971005320549
-0.025877593085169792
-0.3760606050491333
-0.2583150267601013
0.2710409164428711
-0.0405048206448555
-0.38826021552085876
0.4731435775756836
-0.518733024597168
0.00578003516420722
-0.21988821029663086
0.006221076473593712
-0.266957551240921
-0.5990241765975952
-4.558504581451416
-1.989957571029663
-1.4244235754013062
-1.4502143859863281
-2.550238847732544
-1.3107842206954956
-0.7676578760147095
-0.9714415669441223
-1.8615766763687134
-1.6575688123703003
-1.056898832321167
-1.8182870149612427
-3.1332902908325195
-1.332295298576355
-2.3297817707061768
-2.201695203781128
-1.8493438959121704
-1.4908486604690552
-1.288193702697754
-1.5711183547973633
-1.1879726648330688
-0.8417374491691589
-0.562619686126709
-1.6982512474060059
-1.801729679107666
-0.6775010824203491
-1.3131754398345947
-0.37115317583084106
-1.260084629058838
-1.866141676902771
-1.2768887281417847
-4.614272117614746
-4.555057525634766
-3.516918420791626
-2.8819146156311035
-2.8224987983703613
-4.748899459838867
-2.8291730880737305
-2.035914182662964
-2.2271037101745605
-3.567657947540283
-2.1081275939941406
-2.153472661972046
-1.5243034362792969
-2.935854434967041
-2.2213900089263916
-2.238560438156128
-3.3689496517181396
-3.4227261543273926
-3.375831365585327
-1.7890117168426514
-1.732649564743042
-2.280461549758911
-1.4767142534255981
-1.222567081451416
-1.561529278755188
-1.909147024154663
-0.8926678895950317
-1.623734712600708
-1.2299939393997192
-3.171523332595825
-1.4932835102081299
-2.331698417663574
-2.0612242221832275
-3.557393789291382
-1.4485807418823242
-1.3749536275863647
-1.6162405014038086
-2.381890296936035
-1.2525819540023804
-0.5222073793411255
-1.7868164777755737
-2.217891216278076
-1.3982466459274292
-2.100450038909912
-0.4604872465133667
-2.483396053314209
-1.9597026109695435
-2.271012306213379
-4.254627704620361
-0.7851572036743164
-1.937537670135498
-0.6047553420066833
-1.0683000087738037
-1.6700233221054077
-1.4106253385543823
-0.9158723950386047
-0.6843022704124451
-1.005509853363037
-0.35615628957748413
-0.5152105689048767
-1.0671039819717407
-1.0637444257736206
-0.7759618163108826
-1.4467859268188477
-0.45206958055496216
-1.0615664720535278
-2.3759796619415283
-1.407997727394104
-1.6441020965576172
-1.3909481763839722
-1.066680908203125
-1.229267954826355
-1.2901471853256226
-1.3083547353744507
-0.9385245442390442
-0.8794294595718384
-1.4580880403518677
-0.8633556365966797
-0.9018856883049011
-1.8866231441497803
-0.32443469762802124
-2.872748851776123
-2.4044766426086426
-1.9403761625289917
-1.6645338535308838
-2.375687599182129
-1.263209342956543
-0.7184439897537231
-2.1215574741363525
-1.806856393814087
-0.6717110276222229
-0.9646106958389282
-1.2482727766036987
-2.0689101219177246
-1.7320560216903687
-1.815058946609497
-3.0241496562957764
-4.848085880279541
-2.1514556407928467
-1.845921277999878
-2.4404401779174805
-3.8443961143493652
-1.6128376722335815
-1.075075626373291
-1.0048794746398926
-2.1964731216430664
-2.138389825820923
-1.2974319458007812
-1.4851479530334473
-3.572636842727661
-1.5482264757156372
-2.2598140239715576
-2.679766893386841
-0.014456217177212238
0.07832561433315277
0.005445940885692835
-0.008694843389093876
0.03924556449055672
0.0018459184793755412
0.016619279980659485
0.0849766656756401
0.12756942212581635
-0.024179691448807716
-0.005207933019846678
0.06533513218164444
-0.055363982915878296
0.049973584711551666
0.013795290142297745
-0.012611993588507175
-1.8824677467346191
-1.073940634727478
-2.06833553314209
-1.633917212486267
-4.211212158203125
-2.233891487121582
-1.885878324508667
-1.3340507745742798
-2.8618714809417725
-1.5102227926254272
-0.817897617816925
-1.655157208442688
-1.7291078567504883
-1.5158743858337402
-1.2955268621444702
-1.3217350244522095
-0.03722609952092171
-0.06449513137340546
0.005420079920440912
0.03602457419037819
-0.07817142456769943
0.022429026663303375
0.06177416816353798
0.03202144429087639
-0.014016123488545418
-0.06976251304149628
-0.018868455663323402
0.02916371077299118
-0.026095330715179443
0.033192917704582214
0.018624773249030113
0.03686221316456795
-1.1100102663040161
-0.3733876347541809
-0.8059412837028503
-0.3047136068344116
-2.4118335247039795
-0.9195042252540588
-1.2352358102798462
-0.8336412310600281
-1.4464210271835327
-0.836167573928833
-0.2847612202167511
-0.5209863185882568
-1.239995002746582
-0.49665671586990356
-0.9722036123275757
-1.3607385158538818
-2.9486019611358643
-3.172114849090576
-2.1356990337371826
-2.06978702545166
-1.8653041124343872
-0.7607869505882263
-0.5037336945533752
-2.114027261734009
-1.5683144330978394
-0.9995787143707275
-0.9300684928894043
-1.5599579811096191
-1.3074654340744019
-1.2368965148925781
-1.7145079374313354
-0.6700314879417419
-3.855426073074341
-1.4536572694778442
-0.97362220287323
-1.084299087524414
-1.7227413654327393
-1.1337188482284546
-0.6084370017051697
-0.9747289419174194
-1.7170319557189941
-1.4350982904434204
-0.6124312281608582
-1.8176906108856201
-1.748467206954956
-1.0014559030532837
-2.011589765548706
-2.316005229949951
-1.599267601966858
-0.7232841849327087
-0.5882893204689026
-0.16916191577911377
-0.46980494260787964
-0.46058157086372375
-0.009693941101431847
-0.29938003420829773
-0.6692434549331665
-0.16572991013526917
-0.16242869198322296
-0.2774929106235504
-1.3716974258422852
-0.2093666046857834
-0.11768613755702972
-0.5034025311470032
-4.589722633361816
-2.7708723545074463
-2.3553237915039062
-1.9708356857299805
-2.8588199615478516
-1.8098224401474
-1.0342391729354858
-1.9386271238327026
-2.111783266067505
-1.1608484983444214
-1.091593861579895
-1.698692798614502
-3.2219159603118896
-1.7338486909866333
-2.1092138290405273
-1.6066814661026
-4.225335597991943
-1.9773792028427124
-1.043444275856018
-1.6054269075393677
-2.2833197116851807
-1.0868008136749268
-0.42322447896003723
-1.0190129280090332
-1.4675929546356201
-1.3372992277145386
-0.8362782597541809
-1.8470290899276733
-2.9243624210357666
-1.093898057937622
-1.6377832889556885
-1.85714590549469
-1.312923550605774
-1.569115161895752
-1.624007225036621
-1.2961021661758423
-1.1807892322540283
-1.0843284130096436
-0.9520568251609802
-1.2454535961151123
-0.9073382616043091
-0.5431877970695496
-1.261907935142517
-1.2209498882293701
-0.9221742749214172
-0.9155385494232178
-1.147324800491333
-1.1809544563293457
-1.9156349897384644
-1.129899263381958
-2.804532289505005
-0.9436484575271606
-3.6042327880859375
-1.3097814321517944
-1.2092363834381104
-1.208379864692688
-1.9291492700576782
-0.9690871834754944
-0.8997283577919006
-1.0903691053390503
-1.128271460533142
-1.1724492311477661
-0.8917326331138611
-2.439927816390991
0.6231136322021484
0.5476697683334351
0.30848875641822815
0.060158878564834595
0.5941877961158752
0.4118410050868988
-0.009349054656922817
-0.1146569773554802
0.09980446100234985
-0.11615028977394104
0.3917350769042969
-0.17031148076057434
0.4269159734249115
0.2809024453163147
-0.010050198994576931
0.5278158187866211
0.13464920222759247
0.1153440773487091
-0.35866397619247437
0.25860244035720825
0.040447816252708435
0.28586336970329285
-0.12708334624767303
0.945070743560791
0.36076977849006653
-0.037828151136636734
-0.372613787651062
0.11930813640356064
0.18303707242012024
-0.02859034761786461
0.17795543372631073
-0.9322760105133057
-0.30043062567710876
-0.2743072509765625
-0.30737075209617615
1.343672752380371
0.14917577803134918
-0.003043781267479062
0.6523897647857666
0.34314578771591187
0.1280575543642044
0.0740361139178276
0.03963887318968773
1.1220405101776123
0.09445206075906754
-0.21799606084823608
0.31598132848739624
4.496603012084961
0.6901319622993469
0.3037102222442627
0.4434402883052826
0.7210332155227661
0.05262312293052673
-0.2979755401611328
0.32723090052604675
0.41065409779548645
-0.15161456167697906
-0.14735114574432373
-0.0860370323061943
0.5159996151924133
0.31114572286605835
0.1512221246957779
-0.4388309717178345
-0.3556615710258484
-0.1667855829000473
0.5200887322425842
0.39797255396842957
0.3245532810688019
-0.04556512087583542
-0.37264180183410645
-0.024178076535463333
0.8621946573257446
-0.12198418378829956
-0.029108935967087746
-0.10309762507677078
-0.07488603889942169
0.0896669551730156
0.25362616777420044
0.3662233352661133
-0.17805735766887665
-0.06028210371732712
-0.3174963891506195
0.05316201597452164
-0.19663362205028534
-0.059720683842897415
-0.04239116236567497
0.2782939672470093
-0.0411565788090229
0.8261287808418274
0.9506729245185852
0.14583148062229156
0.2631762623786926
0.5381597280502319
0.42466506361961365
0.26011213660240173
0.21730127930641174
-0.2820657789707184
0.21492892503738403
0.16333875060081482
0.7323621511459351
0.2509443759918213
0.17165742814540863
-0.5241988301277161
0.5564429759979248
-0.1272229701280594
0.017862802371382713
0.46424469351768494
-1.1104949712753296
-0.1888812780380249
0.10170738399028778
-0.1310880333185196
0.4549849033355713
0.24262961745262146
-0.004961636383086443
0.3283381760120392
0.3866456151008606
0.2446647584438324
0.11162057518959045
-0.1041766032576561
0.07756438851356506
0.13055941462516785
0.1037217229604721
-0.2909553349018097
-0.8200536966323853
-0.0003945950011257082
-0.024732334539294243
0.3064456284046173
0.34318211674690247
0.21341082453727722
0.037658631801605225
1.072788119316101
0.17611064016819
-0.03264367952942848
0.46790799498558044
-0.5864884257316589
-0.5297243595123291
0.13200047612190247
0.49622610211372375
-0.13090462982654572
-0.027190472930669785
-0.12886713445186615
-0.0461864210665226
-0.49288812279701233
0.10412201285362244
0.3368147015571594
0.2794022262096405
0.6082594990730286
-0.039746396243572235
0.1951431930065155
-0.03290829434990883
-0.17554321885108948
0.5023292899131775
-0.0779024139046669
-0.10998241603374481
0.02811090089380741
0.042215745896101
0.4814929962158203
-0.38502901792526245
0.20102456212043762
0.0036194240674376488
0.0019900610204786062
0.05835069715976715
-0.060214295983314514
-0.01119567546993494
0.05126682668924332
0.029475398361682892
-0.06793341785669327
-0.042791448533535004
0.07307243347167969
-0.00838402658700943
0.03548606485128403
-0.051122523844242096
-0.028129035606980324
-0.07744953036308289
0.009694298729300499
0.023484887555241585
-0.20663024485111237
1.2692360877990723
-0.6805042624473572
-0.2816981077194214
0.40340670943260193
0.032537803053855896
-0.7773547768592834
-0.007844255305826664
0.6626619696617126
-0.2973136007785797
0.9929175972938538
0.07360135763883591
-0.15409749746322632
-0.13240142166614532
0.29964491724967957
1.2366852760314941
0.14478178322315216
-0.007947572506964207
-0.25411340594291687
0.10191383212804794
0.28453826904296875
-0.1378152072429657
-0.05145401507616043
0.2749802768230438
0.18249355256557465
0.36824682354927063
-0.27124035358428955
-0.3195604681968689
0.7036194205284119
0.3082263171672821
0.48166510462760925
1.3859277963638306
0.07000557333230972
0.41436004638671875
-0.056730810552835464
0.15664169192314148
-0.12534449994564056
0.2063908576965332
-0.14418846368789673
0.7552046179771423
0.08652185648679733
-0.7072009444236755
-0.3379956781864166
-0.5182786583900452
0.29808148741722107
-0.17154757678508759
-0.31371426582336426
3.844507932662964
0.28602850437164307
0.41217273473739624
0.4119955599308014
0.39881688356399536
0.21450026333332062
0.0785071924328804
-0.07411110401153564
0.16379593312740326
0.05961443856358528
0.31731897592544556
0.22645509243011475
-0.5898032784461975
0.9761717915534973
0.38453006744384766
-0.15176455676555634
0.02906552143394947
-0.345621794462204
0.05966852232813835
-0.019723935052752495
0.3795354664325714
0.11031995713710785
-0.15584857761859894
0.12193749099969864
0.5453722476959229
0.021810511127114296
0.0628383681178093
0.6180731058120728
-0.17389895021915436
0.13960951566696167
0.24205951392650604
0.5011377334594727
-0.42358270287513733
-0.3935258090496063
-0.3824315667152405
-0.29361239075660706
-0.1831102818250656
-0.3832734227180481
-0.08077127486467361
-0.32807430624961853
0.5996474623680115
0.31484875082969666
-0.12900705635547638
0.21203111112117767
-0.11392343789339066
0.5646334886550903
-0.25931817293167114
0.281414657831192
1.7149856090545654
-0.10753840953111649
0.5611904859542847
-0.34603938460350037
0.1709776222705841
-0.09054463356733322
0.3106861114501953
0.12070730328559875
-0.049036264419555664
0.16548725962638855
-0.2244645655155182
0.4666767120361328
0.6671393513679504
0.10332773625850677
0.42374345660209656
0.5128310918807983
-0.403849720954895
-0.00796196237206459
1.3389432430267334
0.05521474406123161
0.6003534197807312
0.0037806450854986906
-0.1946934014558792
0.35817500948905945
0.42549771070480347
-0.033814653754234314
0.13996174931526184
-0.17442409694194794
0.267349511384964
-0.339480996131897
0.09664932638406754
0.10808835178613663
-1.3812298774719238
-0.3772095739841461
-0.12984400987625122
-0.0305128525942564
-0.21641287207603455
-0.5642321705818176
-0.051628828048706055
-0.5127293467521667
0.6358775496482849
-0.05109896510839462
-0.1667192429304123
-0.49915438890457153
-0.48764941096305847
0.4124052822589874
-0.32104796171188354
-0.44676464796066284
0.7941570281982422
0.7746711373329163
0.18121333420276642
-0.0844375416636467
0.34576407074928284
0.5558270215988159
-0.06121699884533882
-0.20996713638305664
-0.12702269852161407
0.37844035029411316
0.6546861529350281
0.005219015292823315
-0.3948231339454651
1.3799853324890137
0.6147030591964722
0.3023574650287628
0.5294129252433777
-0.04214276373386383
0.01177150383591652
0.0163614209741354
0.038861360400915146
0.08435817807912827
-0.029509223997592926
-0.05799306556582451
0.00043956300942227244
-0.06268984079360962
-0.016244128346443176
0.01755426824092865
0.04821261763572693
-0.04847409576177597
0.04639541730284691
-0.038337256759405136
-0.010440569370985031
0.5022286176681519
0.35177233815193176
0.7835879921913147
0.36696040630340576
0.3792012929916382
-0.027190735563635826
0.37984398007392883
0.28516334295272827
0.38166162371635437
0.17152927815914154
-0.2041509747505188
0.09677351266145706
0.6388283371925354
0.4711740016937256
-0.249701589345932
0.09902030229568481
-0.037380900233983994
0.013980956748127937
-0.08477698266506195
0.0747077539563179
-0.09589619934558868
-0.18460442125797272
-0.023747749626636505
-0.020281407982110977
0.016757430508732796
-0.03232671692967415
-0.04374440014362335
0.01354953832924366
0.004541443660855293
-0.016790373250842094
-0.0808587297797203
0.03131495788693428
0.18396256864070892
-0.4560684859752655
-0.2591704726219177
-0.5272993445396423
0.07705463469028473
0.0663803443312645
0.10488714277744293
0.4315388798713684
-0.15472006797790527
0.12239307910203934
0.17089997231960297
-0.16177122294902802
0.6759898066520691
-0.2038227617740631
0.05760006234049797
0.31179386377334595
-0.17160259187221527
0.743601381778717
0.5825908780097961
0.31662437319755554
-0.1592341661453247
-0.22656458616256714
-0.6561257243156433
1.213343620300293
0.30248063802719116
0.45110344886779785
-0.08153282850980759
-0.05791015177965164
-0.05369926989078522
-0.057860519737005234
0.07291524112224579
-0.01802685670554638
0.52447509765625
0.35103556513786316
-0.2775181531906128
0.10762181878089905
0.29737791419029236
0.27795907855033875
0.2881540060043335
0.5590498447418213
-0.043982360512018204
0.4379214942455292
-0.4982858896255493
0.105995774269104
0.9381315112113953
0.27512311935424805
0.6388275027275085
1.754909634590149
-0.09607990831136703
0.20676852762699127
-0.23878349363803864
-0.47847241163253784
-0.5525250434875488
0.3460051119327545
-0.6518809795379639
-0.005571122746914625
0.22285649180412292
-0.6102328896522522
-0.5671818256378174
0.0735236331820488
-0.16664782166481018
-0.18141525983810425
-0.7622056007385254
-0.18106088042259216
-0.016079073771834373
0.2834460139274597
0.14151929318904877
0.09275595098733902
-0.19609558582305908
-0.17927126586437225
-0.4286828339099884
0.8327184319496155
0.33336782455444336
0.13397617638111115
-0.05334734544157982
-0.5332035422325134
0.7278609275817871
0.2624804377555847
0.13100072741508484
0.46861642599105835
0.49707046151161194
0.4638020992279053
0.1828468143939972
0.39433473348617554
0.7545376420021057
-0.2931096851825714
-0.46875590085983276
0.31539687514305115
-0.1897813081741333
-0.20522165298461914
-0.5810291171073914
-0.21789273619651794
0.9370588064193726
0.2601943612098694
-0.09742706269025803
0.8764039278030396
0.21689774096012115
0.39308619499206543
-0.005528333131223917
0.5829298496246338
-0.09362538903951645
-0.23553499579429626
0.10989471524953842
0.22305984795093536
-0.2191985696554184
0.09872148931026459
0.12432233989238739
-0.4332984983921051
-0.22048155963420868
0.0987444669008255
-0.6481971740722656
0.3100854456424713
0.5039868354797363
0.27196621894836426
3.050124168395996
-0.2731952965259552
0.35106366872787476
0.36562609672546387
0.07962183654308319
0.40848737955093384
0.20720377564430237
0.04253201559185982
0.26700282096862793
0.2898847758769989
-0.23473131656646729
0.4486914277076721
0.395160436630249
0.6836349368095398
1.3081415891647339
0.9855059385299683
1.1582863330841064
0.07929928600788116
0.5829500555992126
0.6794114708900452
-0.17281001806259155
-0.14507706463336945
0.4075789451599121
-0.1864711493253708
0.3019647002220154
-0.47513166069984436
0.44648513197898865
0.36263731122016907
-0.08047541230916977
0.6279747486114502
-0.004083720035851002
0.1186099722981453
-0.0369836799800396
1.0784966945648193
-0.016652263700962067
0.282633513212204
0.2327210009098053
0.7725563645362854
0.500298798084259
-0.31169459223747253
-0.24029956758022308
0.02915121056139469
0.851072371006012
-0.07001326978206635
0.16728629171848297
-1.1602087020874023
-0.20439794659614563
-0.04893526807427406
-0.34963396191596985
1.4226016998291016
-0.023438751697540283
-0.15661503374576569
0.38044464588165283
-0.06894679367542267
0.22813309729099274
0.11320164054632187
-0.1655845195055008
0.7835267782211304
-0.05336548388004303
-0.09387222677469254
0.020223388448357582
4.740262985229492
1.394342064857483
0.35587167739868164
0.1818472445011139
0.5216317176818848
0.19195391237735748
-0.23371350765228271
0.02207561396062374
0.8006113171577454
-0.18273615837097168
0.08032377064228058
-0.19483985006809235
0.37732672691345215
0.40717941522598267
0.16138027608394623
-0.4642821252346039
-0.1723763793706894
-0.03655610606074333
1.3674911260604858
-0.15648292005062103
0.6186030507087708
0.35654088854789734
-0.35996654629707336
-0.06534901261329651
0.5746877789497375
-0.07895194739103317
-0.13459725677967072
-0.06938377022743225
0.1404111534357071
-0.050711553543806076
0.29565709829330444
0.5047268867492676
0.15440598130226135
-0.05326423794031143
0.4794444143772125
-0.12990398705005646
0.0640941858291626
0.08392278850078583
-0.39430296421051025
0.1408555805683136
-0.07542185485363007
0.8357807397842407
1.0187180042266846
-0.022482266649603844
0.14666925370693207
-0.41229939460754395
0.4954635202884674
1.0657973289489746
0.26619648933410645
-0.049520622938871384
0.10383540391921997
0.027046406641602516
0.7129341959953308
0.02254221960902214
0.3360689580440521
0.03751348331570625
0.06004623696208
0.16264919936656952
-0.39652708172798157
-0.06485574692487717
-1.4761632680892944
-0.135118305683136
0.3369516432285309
-0.01750543899834156
0.5821462273597717
0.9678682684898376
0.00040656657074578106
0.7728874087333679
0.42355528473854065
0.3879856467247009
0.5208380222320557
-0.3672872483730316
0.21059919893741608
0.3369572162628174
0.20758529007434845
-0.4274888336658478
-1.1446120738983154
0.20907442271709442
0.0356619656085968
0.1502574235200882
0.270842969417572
0.5085603594779968
0.04385582357645035
0.9807842373847961
0.394267737865448
-0.3209131062030792
0.06545722484588623
-0.08114391565322876
-0.1305937021970749
0.4073886573314667
0.5082099437713623
-0.29776808619499207
-0.3492567539215088
0.2048906832933426
0.3858475089073181
-0.1467975378036499
-0.09494304656982422
0.16096334159374237
0.46058470010757446
0.25840380787849426
-0.42353495955467224
0.27168843150138855
0.07691628485918045
-0.5403359532356262
0.8895484805107117
0.37202340364456177
-0.0762735977768898
-0.11241093277931213
0.07637719064950943
0.079950250685215
0.26843637228012085
0.3741331100463867
0.11776324361562729
0.04497343674302101
-0.005892408080399036
-0.034047745168209076
0.03982016071677208
0.07269267737865448
0.01214247103780508
0.044760219752788544
0.01235260907560587
0.033715665340423584
0.04502806439995766
0.06420119106769562
-0.07928712666034698
-0.007831232622265816
0.0574791245162487
-0.008906019851565361
-0.005222167819738388
-0.13533689081668854
1.2023240327835083
-0.5556043386459351
-0.35515296459198
0.13191314041614532
0.34660211205482483
-1.2125600576400757
-0.03665979579091072
0.6780757308006287
-0.6211467385292053
1.1110175848007202
0.008421996608376503
0.07385091483592987
-0.2078421413898468
0.43278300762176514
1.1819924116134644
0.33598488569259644
0.6000449657440186
-0.45489972829818726
0.5112543106079102
0.2546243667602539
-0.21094326674938202
0.09436113387346268
0.0006815376109443605
0.5881190896034241
0.5917173624038696
-0.23344001173973083
-0.32055041193962097
0.17974916100502014
0.32845139503479004
1.0742701292037964
1.45600426197052
0.036701418459415436
-0.19724343717098236
0.505932629108429
0.5922322273254395
-0.00735298078507185
0.02258520945906639
-0.33319544792175293
0.8516848683357239
0.28112611174583435
-0.38817816972732544
-0.44254350662231445
-0.262478232383728
0.5513115525245667
-0.006822832394391298
-0.32062774896621704
3.406003475189209
-0.021824104711413383
0.823907196521759
0.14768417179584503
0.24789220094680786
0.1078006774187088
0.3040669858455658
-0.09427107125520706
0.38563212752342224
0.2817072570323944
0.0717359185218811
0.12424621731042862
-0.3042719066143036
0.6082268357276917
0.42601463198661804
-0.24633800983428955
0.09216654300689697
-0.13822698593139648
0.879080057144165
-0.11243924498558044
1.0926121473312378
0.05922449007630348
-0.3081628084182739
0.4829808175563812
0.1430499404668808
0.34569549560546875
-0.218806654214859
0.304006427526474
-0.03924206271767616
-0.020512649789452553
0.6394970417022705
0.5393474102020264
-0.35896676778793335
-0.3010483682155609
-0.19547389447689056
-0.19628481566905975
0.27906477451324463
-0.20588341355323792
0.1850130558013916
-0.12344298511743546
0.27604150772094727
0.3202126622200012
-0.1208571046590805
0.37290075421333313
0.03278784453868866
0.5367094278335571
0.028386149555444717
0.5449627041816711
1.4992663860321045
0.07774214446544647
0.8789049983024597
-0.7100779414176941
0.181654691696167
-0.1421830803155899
-0.021511845290660858
0.38394895195961
-0.10380367189645767
0.07290347665548325
-0.3056707978248596
-0.09972125291824341
0.7142412066459656
0.1367114931344986
0.3114108741283417
0.48567840456962585
-0.19112595915794373
0.14351418614387512
1.7291259765625
0.005668105557560921
0.4746847152709961
0.3699953556060791
-0.35045909881591797
0.2494450956583023
0.48822277784347534
0.12195546925067902
-0.004563889931887388
-0.4043639302253723
0.0600142665207386
-0.2291901856660843
0.1646517813205719
-0.10521873831748962
-1.0997921228408813
-0.09429740160703659
-0.012015778571367264
0.05635352432727814
0.055254749953746796
-0.39028024673461914
-0.16026552021503448
-0.46698349714279175
1.041600227355957
0.07020819932222366
-0.22798073291778564
-0.2657310962677002
-0.1014367863535881
0.16651703417301178
0.014977819286286831
-0.11456133425235748
0.7562798857688904
0.7244200110435486
0.7062142491340637
-0.3280433416366577
0.6456651091575623
0.452777624130249
-0.21694713830947876
-0.013580655679106712
-0.3057889938354492
1.0153446197509766
0.8027547001838684
-0.205545574426651
-0.5554782152175903
0.49464908242225647
0.6138508915901184
0.6703596115112305
0.6547427773475647
-0.0034447903744876385
-0.009930185973644257
-0.012564748525619507
-0.06389743089675903
-0.050113677978515625
0.048015475273132324
-0.054898638278245926
-0.01670212484896183
-0.03613017499446869
0.028910521417856216
-0.1025598794221878
0.037157800048589706
0.061912886798381805
-0.056336577981710434
0.033126432448625565
0.05846259370446205
0.6631697416305542
0.3967187702655792
0.9043908715248108
0.1168614849448204
0.30712172389030457
0.5457445979118347
0.160292387008667
0.22018790245056152
0.6752544045448303
-0.09593378007411957
-0.3514419198036194
0.07889625430107117
0.4826398491859436
0.07939024269580841
-0.3412482440471649
0.20618346333503723
0.09782418608665466
0.03224484249949455
0.019434140995144844
0.013619539327919483
-0.04424281790852547
-0.052811767905950546
0.009821501560509205
0.020208826288580894
-0.030397338792681694
0.06175275892019272
-0.05634734407067299
-0.007433649152517319
-0.027825726196169853
0.008994384668767452
-0.0485912561416626
0.051747821271419525
-0.02443935163319111
-0.16123108565807343
0.5351688265800476
-0.444629967212677
-0.09717568755149841
-0.01589955948293209
0.055434856563806534
0.36159661412239075
-0.4923490583896637
0.162866473197937
0.18545345962047577
-0.24441495537757874
0.6032916307449341
-0.25198689103126526
0.023595955222845078
0.38124653697013855
0.012512154877185822
1.9001669883728027
0.19826041162014008
0.9434194564819336
-0.03139886260032654
-0.21901287138462067
-0.40655046701431274
0.9822447896003723
0.32980579137802124
0.1843094825744629
-0.14528591930866241
0.004053355194628239
-0.22945576906204224
0.17156882584095
-0.07018202543258667
-0.3789641261100769
0.5318800210952759
0.7611986398696899
-0.07755158841609955
0.6449115872383118
0.2147134691476822
0.05546228960156441
0.247251495718956
0.3982531428337097
0.551712155342102
0.5245482921600342
-0.20242784917354584
0.09683416038751602
0.501690685749054
0.097161665558815
0.7335633635520935
1.6762951612472534
-0.053278662264347076
0.15729698538780212
0.004738418385386467
-0.03783394396305084
-0.39625242352485657
-0.16263188421726227
-0.6688470244407654
0.04176264628767967
0.5838931798934937
-0.4731004536151886
-0.43284595012664795
0.15598152577877045
0.10143432766199112
-0.1938418596982956
-0.6398413181304932
-0.21593211591243744
0.23686610162258148
1.101564645767212
-0.13995665311813354
0.9976915717124939
0.0259263813495636
-0.10519582033157349
-0.0322951078414917
0.49392157793045044
0.4686451554298401
-0.1274562031030655
0.2108885794878006
-0.5805271863937378
-0.01966470666229725
0.40785473585128784
0.28621920943260193
0.4373113811016083
0.5874845385551453
1.38933265209198
-0.25049951672554016
0.9605803489685059
0.48100557923316956
-0.11357912421226501
-0.3639787435531616
-0.24614374339580536
0.07904987782239914
0.3834626078605652
-0.1447165161371231
-0.2789573073387146
0.3333565294742584
0.24677300453186035
0.2933318614959717
0.725153923034668
0.009163067676126957
0.2404971867799759
0.29213857650756836
0.4953588843345642
0.08502276986837387
-0.23277723789215088
0.11687520146369934
0.09584420174360275
-0.1163530945777893
-0.020758751779794693
0.22944548726081848
-0.475954532623291
-0.23531080782413483
0.19912463426589966
-0.5056314468383789
0.8679133653640747
0.7971129417419434
0.5700124502182007
2.977229118347168
0.029091501608490944
0.2906724512577057
0.6204322576522827
-0.3050437271595001
0.7871673703193665
0.5939022302627563
-0.21349450945854187
-0.14914020895957947
-0.31212085485458374
-0.10302862524986267
0.6551557183265686
0.2890934348106384
0.6160983443260193
-3.0424859523773193
-2.36337947845459
-2.5728793144226074
-2.062640428543091
-4.561520576477051
-2.0446810722351074
-1.5671074390411377
-1.3125594854354858
-2.5669009685516357
-1.2839710712432861
-2.0590460300445557
-0.6581321358680725
-2.1278796195983887
-1.7174683809280396
-2.1816043853759766
-5.423546314239502
-3.178001642227173
-1.4325605630874634
-1.6259596347808838
-1.841255784034729
-1.4577572345733643
-1.4609482288360596
-0.36198386549949646
-1.8535869121551514
-1.8897459506988525
-0.9264932870864868
-0.8284929990768433
-1.2041958570480347
-1.724258542060852
-1.071449637413025
-1.9952281713485718
-0.45908084511756897
-0.5914140939712524
-0.7063121795654297
-0.5609590411186218
-1.385493278503418
-0.7864802479743958
-0.30414557456970215
-0.9634332656860352
-0.8522053956985474
-0.9610239267349243
-0.9158996343612671
-1.058755874633789
-0.24942608177661896
-0.9240498542785645
-1.4868346452713013
-1.3846724033355713
-4.362334251403809
-3.545466661453247
-3.156061887741089
-2.576864004135132
-2.9100711345672607
-4.810802936553955
-1.936152696609497
-2.6180121898651123
-2.2546327114105225
-3.0472896099090576
-1.5682827234268188
-1.6815276145935059
-2.1606173515319824
-2.6306569576263428
-1.892038106918335
-1.876938819885254
-2.9627578258514404
-3.123626232147217
-2.98911714553833
-2.0604140758514404
-2.065967321395874
-2.4312925338745117
-1.100247859954834
-1.248612642288208
-1.8132559061050415
-1.779314637184143
-1.2098134756088257
-0.8218194842338562
-1.8647103309631348
-1.751793622970581
-1.5156080722808838
-2.193591594696045
-0.7480073571205139
-3.7517776489257812
-1.9104137420654297
-1.7165639400482178
-0.6373549103736877
-2.12490177154541
-1.0689082145690918
-1.025803565979004
-0.7519859671592712
-1.9505168199539185
-1.6039685010910034
-1.114063024520874
-1.5312711000442505
-2.842529058456421
-1.3624519109725952
-1.830486536026001
-1.622693657875061
-1.3929928541183472
-3.172772169113159
-1.181536316871643
-1.718393325805664
-1.8822077512741089
-1.5828889608383179
-0.8548950552940369
-1.4864137172698975
-1.0199079513549805
-0.5689051151275635
-1.387088418006897
-0.3597356677055359
-0.797442615032196
-1.4957586526870728
-1.7894299030303955
-2.791919469833374
-2.8773553371429443
-1.8024293184280396
-1.9271858930587769
-2.0657832622528076
-4.115347862243652
-1.789018154144287
-1.2668319940567017
-1.709545612335205
-2.1712636947631836
-1.942250370979309
-1.4343634843826294
-0.529463529586792
-2.0332136154174805
-2.176067352294922
-1.9705324172973633
-4.508489608764648
-2.1070051193237305
-1.1409891843795776
-1.6494795083999634
-1.54617178440094
-3.1227850914001465
-1.2285089492797852
-0.47966545820236206
-0.6609936952590942
-1.3079661130905151
-1.2119872570037842
-0.4474734961986542
-0.7281448245048523
-1.453473448753357
-1.085738182067871
-0.6368518471717834
-1.4742732048034668
-4.017908573150635
-3.3198964595794678
-3.624533176422119
-1.7602015733718872
-4.640640735626221
-2.1630523204803467
-1.7691731452941895
-2.403696060180664
-3.1520159244537354
-1.53326416015625
-1.5085653066635132
-1.6294795274734497
-3.0325422286987305
-1.8634264469146729
-2.392008066177368
-2.988828659057617
0.04105064272880554
0.08660167455673218
0.0356583334505558
-0.0403234139084816
0.009510652162134647
-0.03792048245668411
-0.017032304778695107
-0.06280740350484848
0.05813838914036751
0.010373403318226337
0.03215331956744194
-0.014254803769290447
-0.05847727507352829
0.07085719704627991
-0.014250977896153927
-0.04282795637845993
-0.079256571829319
-0.6824232339859009
0.007931345142424107
-0.08700194209814072
-0.45510369539260864
-0.2955910563468933
0.30375954508781433
-0.11226891726255417
-0.4349483251571655
0.459512859582901
-0.5050932765007019
0.023284558206796646
-0.2813151180744171
-0.03596758097410202
-0.23413607478141785
-0.5800180435180664
-4.544846057891846
-2.2096824645996094
-1.3024094104766846
-1.4653974771499634
-2.483869791030884
-1.317379355430603
-0.8555999398231506
-1.056089162826538
-2.042043447494507
-1.6591116189956665
-1.2004157304763794
-1.8996868133544922
-3.137054204940796
-1.3747906684875488
-2.480984926223755
-2.3429181575775146
-2.0048487186431885
-1.4097466468811035
-1.2138817310333252
-1.5890743732452393
-1.0840345621109009
-0.9358568787574768
-0.6208034157752991
-1.7461726665496826
-1.6564956903457642
-0.8696049451828003
-1.3597533702850342
-0.27386900782585144
-1.2928030490875244
-2.0396292209625244
-1.2567310333251953
-4.708877086639404
-4.537907123565674
-3.7711589336395264
-2.862518310546875
-2.849849224090576
-4.7146806716918945
-2.96258544921875
-2.097537040710449
-2.2693371772766113
-3.4971299171447754
-2.210862159729004
-2.3700170516967773
-1.7037416696548462
-3.070319652557373
-2.277773141860962
-2.373911142349243
-3.452726125717163
-3.563082456588745
-3.548074245452881
-1.7497103214263916
-1.905349612236023
-2.238206386566162
-1.6396408081054688
-1.3918179273605347
-1.812235951423645
-2.112449884414673
-1.0533487796783447
-1.6827621459960938
-1.3925976753234863
-3.099120855331421
-1.5623129606246948
-2.403148889541626
-2.099968910217285
-3.6427834033966064
-1.4984772205352783
-1.454776406288147
-1.6570998430252075
-2.3833155632019043
-1.4361381530761719
-0.6566806435585022
-1.6963235139846802
-2.3130252361297607
-1.4583507776260376
-2.0167126655578613
-0.5168460607528687
-2.6182899475097656
-2.0544326305389404
-2.265239715576172
-4.348331928253174
-0.8576889038085938
-2.085174322128296
-0.7148810625076294
-1.172641634941101
-1.8587833642959595
-1.4650970697402954
-0.954300045967102
-0.6255329847335815
-1.0400503873825073
-0.41456955671310425
-0.5938056111335754
-1.0108667612075806
-1.100114107131958
-0.7906160354614258
-1.4843783378601074
-0.21712514758110046
-1.2171176671981812
-2.5759403705596924
-1.4825283288955688
-1.6889485120773315
-1.5095080137252808
-1.010026216506958
-1.3132009506225586
-1.4676876068115234
-1.2949025630950928
-1.0405045747756958
-1.0564638376235962
-1.5180758237838745
-0.8985450863838196
-1.0073773860931396
-1.857439637184143
-0.288603276014328
-3.1813154220581055
-2.5085530281066895
-2.0370066165924072
-1.8167510032653809
-2.3543009757995605
-1.3136966228485107
-0.825606644153595
-2.0005054473876953
-1.8394232988357544
-0.7954521775245667
-1.137408971786499
-1.200209140777588
-2.1407318115234375
-1.7732326984405518
-1.9126229286193848
-3.1017346382141113
-4.849943161010742
-2.272331476211548
-1.8840051889419556
-2.4229722023010254
-3.6246392726898193
-1.6366405487060547
-1.224304437637329
-1.1251955032348633
-2.178598403930664
-2.072783946990967
-1.3836861848831177
-1.77683687210083
-3.576432466506958
-1.6120036840438843
-2.3945577144622803
-2.553241491317749
-0.0103796711191535
0.06526531279087067
-0.024582162499427795
0.05996265262365341
-0.004777573514729738
-0.04256390407681465
0.06009294465184212
0.08016256242990494
-0.001807507942430675
0.02874131314456463
-0.09669305384159088
0.046878665685653687
-0.004422641824930906
0.04850481078028679
-0.021252736449241638
-0.03877335041761398
-2.0341238975524902
-1.2058768272399902
-2.1053895950317383
-1.5986155271530151
-4.2079758644104
-2.378751277923584
-1.8990230560302734
-1.3089051246643066
-2.679802179336548
-1.5910727977752686
-1.0601109266281128
-1.7084901332855225
-1.8130906820297241
-1.5712019205093384
-1.3538150787353516
-1.340824007987976
3.850156190310372e-06
-0.03424462303519249
-0.0017340686172246933
-0.05524951219558716
0.004197108093649149
-0.007025725208222866
-0.02681916207075119
-0.0216812863945961
0.024548977613449097
-0.007968684658408165
0.025735929608345032
-0.052767373621463776
-0.09262317419052124
-0.014977673068642616
-0.03230829909443855
-0.02861129306256771
-1.1232569217681885
-0.34927356243133545
-0.9134238958358765
-0.34396103024482727
-2.4596147537231445
-0.9752556085586548
-1.3482916355133057
-0.7757882475852966
-1.4519634246826172
-0.811378538608551
-0.26989126205444336
-0.5827634334564209
-1.283362865447998
-0.4895237982273102
-1.0320734977722168
-1.3285577297210693
-2.9757933616638184
-3.1602883338928223
-2.3258986473083496
-2.0934109687805176
-1.861959457397461
-0.9074050784111023
-0.6097987294197083
-2.3392245769500732
-1.625361680984497
-1.117651343345642
-1.001430869102478
-1.592648983001709
-1.3497153520584106
-1.3019787073135376
-1.6847710609436035
-0.6490043997764587
-3.7848947048187256
-1.548567533493042
-0.8483342528343201
-0.91884845495224
-1.6350140571594238
-1.0768743753433228
-0.6957483887672424
-1.0860071182250977
-1.8366612195968628
-1.3968639373779297
-0.6884015798568726
-1.9034126996994019
-1.6838868856430054
-1.0337954759597778
-2.06929349899292
-2.3675014972686768
-1.7232040166854858
-0.6782451272010803
-0.5479028820991516
-0.11457544565200806
-0.4289119839668274
-0.5406581163406372
0.07240555435419083
-0.4603229761123657
-0.830242931842804
-0.2787240743637085
-0.17706409096717834
-0.3350830376148224
-1.4628119468688965
-0.287298321723938
-0.17890016734600067
-0.5553646087646484
-4.630516052246094
-2.9329640865325928
-2.379204750061035
-1.944691777229309
-2.7845582962036133
-1.7918330430984497
-1.1289949417114258
-2.0378684997558594
-2.2387425899505615
-1.2443710565567017
-1.2639989852905273
-1.7163256406784058
-3.2752017974853516
-1.7660053968429565
-2.2406134605407715
-1.625274419784546
-4.390827655792236
-2.066113233566284
-1.1202476024627686
-1.7071861028671265
-2.312328577041626
-1.0621014833450317
-0.6210986971855164
-1.0190173387527466
-1.5536929368972778
-1.3352965116500854
-0.9028604626655579
-1.8899959325790405
-2.866882801055908
-1.1139594316482544
-1.80082368850708
-1.8666248321533203
-1.464384913444519
-1.6292561292648315
-1.5827966928482056
-1.2698277235031128
-1.2787325382232666
-1.1419638395309448
-0.9608925580978394
-1.2013731002807617
-0.9342919588088989
-0.5716881155967712
-1.3346726894378662
-1.0689507722854614
-0.9284306764602661
-0.9445651769638062
-1.2008780241012573
-1.143243432044983
-1.936082363128662
-1.1879335641860962
-2.7984840869903564
-1.0441548824310303
-3.6656651496887207
-1.3491637706756592
-1.171041488647461
-1.3030920028686523
-1.821773648262024
-1.0714770555496216
-0.9389480352401733
-1.1772090196609497
-1.2512986660003662
-1.2020066976547241
-1.0125571489334106
-2.507904529571533
-3.104041337966919
-2.4232189655303955
-2.473504066467285
-2.0675125122070312
-4.850345134735107
-1.974910020828247
-1.5628501176834106
-1.2311991453170776
-2.5324814319610596
-1.429727554321289
-2.1198134422302246
-0.6146811246871948
-2.219923257827759
-1.9200477600097656
-2.2867026329040527
-5.750296115875244
-3.4467151165008545
-1.4088385105133057
-1.6044588088989258
-1.933085560798645
-1.5537986755371094
-1.5436469316482544
-0.40683668851852417
-1.9026604890823364
-1.916015386581421
-0.9520635604858398
-0.9212518930435181
-1.2823971509933472
-1.714043140411377
-1.1472795009613037
-2.0912766456604004
-0.3000548183917999
-0.573453426361084
-0.744384229183197
-0.5019697546958923
-1.3529033660888672
-0.8356066346168518
-0.3649645149707794
-1.025704026222229
-0.8845702409744263
-1.0549266338348389
-0.9937969446182251
-1.2199493646621704
-0.3150719404220581
-0.9763974547386169
-1.6021597385406494
-1.425426721572876
-4.452296257019043
-3.540091037750244
-3.3498809337615967
-2.535137891769409
-2.9260168075561523
-5.062755107879639
-1.9957705736160278
-2.532679557800293
-2.302091598510742
-3.0007364749908447
-1.689204454421997
-1.7543789148330688
-2.2158114910125732
-2.881291389465332
-2.0054585933685303
-2.0731987953186035
-3.1609158515930176
-3.3380112648010254
-3.0580499172210693
-2.117833137512207
-2.0319368839263916
-2.495863676071167
-1.221361756324768
-1.1855179071426392
-1.85085928440094
-1.8850287199020386
-1.2826136350631714
-0.8033064007759094
-2.1437716484069824
-1.8451989889144897
-1.6177066564559937
-2.381425380706787
-0.6653700470924377
-4.073050022125244
-1.9287505149841309
-1.6798624992370605
-0.6439265608787537
-2.1908950805664062
-1.0462063550949097
-1.0836772918701172
-0.796950101852417
-2.0045313835144043
-1.6334946155548096
-1.1521891355514526
-1.8478819131851196
-2.9304537773132324
-1.4560492038726807
-1.6831958293914795
-1.6464813947677612
-1.4891223907470703
-3.343113899230957
-1.0901689529418945
-1.7840988636016846
-2.0421273708343506
-1.646114468574524
-0.8493563532829285
-1.5384989976882935
-1.001276969909668
-0.5696617364883423
-1.4761067628860474
-0.2843000590801239
-0.8699954152107239
-1.590746521949768
-1.8444745540618896
-2.965700626373291
-2.896070957183838
-1.9245579242706299
-1.8867491483688354
-2.0675864219665527
-4.317215919494629
-1.9383950233459473
-1.2496213912963867
-1.6544790267944336
-2.236083745956421
-2.0647566318511963
-1.5376447439193726
-0.4116526246070862
-2.1656975746154785
-2.2936782836914062
-2.0037410259246826
-4.660377025604248
-2.132688283920288
-1.1949058771133423
-1.5064831972122192
-1.5715924501419067
-3.446692705154419
-1.1725361347198486
-0.5878034234046936
-0.5939546227455139
-1.226584792137146
-1.2159630060195923
-0.552015483379364
-0.8244075775146484
-1.5337637662887573
-1.0844318866729736
-0.657697856426239
-1.6932941675186157
-4.081583023071289
-3.302839517593384
-3.5279195308685303
-1.7453160285949707
-4.7679219245910645
-2.077786684036255
-1.6736024618148804
-2.398469924926758
-3.1066455841064453
-1.6261223554611206
-1.6787598133087158
-1.6674915552139282
-3.117893934249878
-2.02494740486145
-2.5857484340667725
-3.294240713119507
0.00895064789801836
-0.05350673943758011
0.01878325827419758
0.03501161187887192
0.10045339912176132
0.0702543556690216
0.059875983744859695
-0.013023117557168007
-0.0552469901740551
-0.009092967957258224
-0.026972971856594086
-0.0032250629737973213
-0.02108868770301342
-0.03504330664873123
0.03275328874588013
0.006576475687325001
-0.010210581123828888
-0.6852565407752991
0.03490353003144264
-0.06311316043138504
-0.4458863437175751
-0.33846330642700195
0.3802869915962219
-0.08960610628128052
-0.5081413388252258
0.42942914366722107
-0.6521407961845398
0.035806503146886826
-0.23693333566188812
-0.02468990720808506
-0.3162210285663605
-0.6348689198493958
-4.866199016571045
-2.0842435359954834
-1.4334259033203125
-1.3723552227020264
-2.3943848609924316
-1.2441816329956055
-0.9255915880203247
-1.039698600769043
-2.0320887565612793
-1.7295864820480347
-1.2750318050384521
-2.1991171836853027
-3.2822535037994385
-1.4831792116165161
-2.3466358184814453
-2.348330497741699
-1.9658856391906738
-1.475462794303894
-1.1288261413574219
-1.6265103816986084
-1.173410177230835
-1.038339614868164
-0.6517888903617859
-1.735673427581787
-1.776827335357666
-0.8579613566398621
-1.6331067085266113
-0.1305469572544098
-1.2624719142913818
-1.8938031196594238
-1.3619253635406494
-4.745201587677002
-4.747129917144775
-3.7718236446380615
-2.9013941287994385
-2.8368682861328125
-4.755682945251465
-2.800079345703125
-2.1305177211761475
-2.2585227489471436
-3.440403461456299
-2.24542498588562
-2.4610888957977295
-2.069181203842163
-3.020292282104492
-2.5147998332977295
-2.6209335327148438
-3.617295026779175
-3.7886345386505127
-3.628732919692993
-1.8795312643051147
-1.8851536512374878
-2.1277341842651367
-1.5613538026809692
-1.4207597970962524
-1.8283284902572632
-2.0544018745422363
-1.0059207677841187
-1.7574034929275513
-1.4094854593276978
-3.2495057582855225
-1.6348450183868408
-2.435314416885376
-2.1230478286743164
-3.7570102214813232
-1.5314457416534424
-1.3887107372283936
-1.6911715269088745
-2.3366546630859375
-1.4278661012649536
-0.7872816324234009
-1.7114545106887817
-2.2766714096069336
-1.555739402770996
-2.3451807498931885
-0.7209621667861938
-2.6747653484344482
-2.141744613647461
-2.4762799739837646
-4.328508377075195
-0.9494568109512329
-2.1977837085723877
-0.7408573627471924
-1.098779320716858
-1.8787158727645874
-1.4841065406799316
-0.9165188670158386
-0.684214174747467
-1.1134865283966064
-0.4598466753959656
-0.6019880175590515
-1.132960319519043
-1.171388864517212
-0.831013560295105
-1.5921306610107422
-0.26445043087005615
-1.3294200897216797
-2.526850700378418
-1.515520453453064
-1.7266731262207031
-1.467714786529541
-1.050668478012085
-1.1652058362960815
-1.368595004081726
-1.4056957960128784
-1.1767163276672363
-0.9496217966079712
-1.4447782039642334
-0.9812528491020203
-1.0996861457824707
-2.160768985748291
-0.15704451501369476
-3.245783567428589
-2.6448845863342285
-1.9190490245819092
-1.8175501823425293
-2.3015401363372803
-1.4284535646438599
-0.8286921977996826
-2.1179685592651367
-1.9034260511398315
-0.9663373827934265
-1.0561943054199219
-1.2044016122817993
-2.2710843086242676
-1.9428046941757202
-2.1414506435394287
-3.102200984954834
-5.059892177581787
-2.2744641304016113
-1.8080235719680786
-2.3617682456970215
-3.787280321121216
-1.6534669399261475
-1.3301310539245605
-0.9870967268943787
-2.2521204948425293
-2.1382153034210205
-1.5280301570892334
-1.8946762084960938
-3.7286200523376465
-1.754691481590271
-2.5560648441314697
-2.623649835586548
0.025478888303041458
0.0019737975671887398
-0.02965642139315605
0.03236846998333931
-0.018565157428383827
-0.03001127392053604
0.007005481049418449
-0.02226627804338932
-0.016063135117292404
0.039040885865688324
0.004521617665886879
0.0037679087836295366
-0.022020364180207253
-0.02441747859120369
-0.09503432363271713
-0.0288032665848732
-2.0072033405303955
-1.2924262285232544
-2.2106053829193115
-1.5846846103668213
-4.531857490539551
-2.3767454624176025
-1.797574520111084
-1.2543060779571533
-2.7669754028320312
-1.5421810150146484
-1.0582101345062256
-1.7518049478530884
-1.8528529405593872
-1.7537739276885986
-1.5447332859039307
-1.4327415227890015
0.043118156492710114
-0.050277452915906906
-0.09798962622880936
0.0761980414390564
-0.012632184661924839
-0.05850997194647789
0.02776108868420124
0.030117318034172058
0.03631974756717682
-0.0024991000536829233
0.005442697089165449
-0.013630875386297703
-0.021245980635285378
-0.033107370138168335
0.03597832843661308
-0.04467786103487015
-1.1027518510818481
-0.43693581223487854
-0.9610702991485596
-0.2857784330844879
-2.7013652324676514
-0.9909208416938782
-1.3490115404129028
-0.8258028626441956
-1.5155439376831055
-0.8768916130065918
-0.34137916564941406
-0.5434888005256653
-1.3677096366882324
-0.6502655744552612
-1.0995208024978638
-1.604988932609558
-3.299381732940674
-3.267922878265381
-2.3063433170318604
-2.094621181488037
-1.7966110706329346
-0.8727608919143677
-0.5688372254371643
-2.325458526611328
-1.6527011394500732
-1.2315336465835571
-0.9787521958351135
-1.7229371070861816
-1.3690282106399536
-1.3529489040374756
-1.9124940633773804
-0.4936455190181732
-4.1261444091796875
-1.6045955419540405
-1.0222902297973633
-1.019853949546814
-1.7522104978561401
-1.17622971534729
-0.7470253109931946
-1.090612769126892
-1.8703685998916626
-1.535640835762024
-0.712009847164154
-2.1409223079681396
-1.7058568000793457
-1.0612144470214844
-2.2719359397888184
-2.2538135051727295
-1.8608338832855225
-0.7559909224510193
-0.5812234878540039
-0.04325228929519653
-0.5133201479911804
-0.48611077666282654
-0.000753343163523823
-0.386358380317688
-0.7727255821228027
-0.2377200573682785
-0.20865127444267273
-0.4565125107765198
-1.5607408285140991
-0.2649090588092804
-0.10016047209501266
-0.5827364921569824
-4.966827869415283
-2.9413769245147705
-2.4071738719940186
-1.9359489679336548
-2.671382188796997
-1.8789957761764526
-1.162716269493103
-2.1580142974853516
-2.264157295227051
-1.3593549728393555
-1.3050957918167114
-2.0323426723480225
-3.2700705528259277
-1.910414695739746
-2.3695716857910156
-1.5183558464050293
-4.640345573425293
-2.133240222930908
-1.1334136724472046
-1.7154687643051147
-2.20847749710083
-1.094059705734253
-0.6492534279823303
-1.0359454154968262
-1.5697567462921143
-1.3819888830184937
-0.9198606610298157
-2.1538867950439453
-3.0211198329925537
-1.2906755208969116
-1.772722601890564
-1.8765801191329956
-1.5221855640411377
-1.6324219703674316
-1.6575497388839722
-1.2770063877105713
-1.3180955648422241
-1.196561336517334
-0.9965670704841614
-1.3441866636276245
-0.9860854148864746
-0.7610810399055481
-1.4349380731582642
-1.1418755054473877
-0.9461602568626404
-1.0508623123168945
-1.1983593702316284
-1.1689229011535645
-1.9977631568908691
-1.3440110683441162
-2.850778818130493
-1.0378912687301636
-3.9786758422851562
-1.4047635793685913
-1.164671540260315
-1.3199607133865356
-1.8799750804901123
-1.0097081661224365
-1.1099727153778076
-1.2524622678756714
-1.2360323667526245
-1.2366750240325928
-1.052316665649414
-2.6894867420196533
-2.7035393714904785
-1.9862934350967407
-2.0701420307159424
-1.8045369386672974
-3.8954226970672607
-1.8728281259536743
-1.2660001516342163
-1.0068072080612183
-1.9794293642044067
-1.1133171319961548
-1.8539730310440063
-0.640763521194458
-1.8920209407806396
-1.646573781967163
-1.8328624963760376
-4.387587070465088
-2.6033225059509277
-1.1207023859024048
-1.2745444774627686
-1.4800678491592407
-1.1263564825057983
-1.1525993347167969
-0.36167606711387634
-1.4759224653244019
-1.5192148685455322
-0.8605621457099915
-0.7579419612884521
-1.0466474294662476
-1.3172084093093872
-0.8476417660713196
-1.6264921426773071
-0.35063326358795166
-0.2672497630119324
-0.5812720060348511
-0.36870208382606506
-0.9787202477455139
-0.6161393523216248
-0.27298852801322937
-0.8181925415992737
-0.5984823107719421
-0.5399666428565979
-0.7021175026893616
-0.7312090396881104
-0.04627281799912453
-0.8408125638961792
-1.1746686697006226
-1.0767157077789307
-3.437833309173584
-3.139737367630005
-2.8238277435302734
-2.3014473915100098
-2.592158555984497
-4.0121073722839355
-1.7826255559921265
-1.9744560718536377
-1.8565157651901245
-2.368129253387451
-1.4949523210525513
-1.592742681503296
-1.7894620895385742
-2.4002366065979004
-1.659661889076233
-1.6754839420318604
-2.6140880584716797
-2.6611897945404053
-2.5729267597198486
-1.8438419103622437
-1.7735896110534668
-1.881674885749817
-1.0154645442962646
-0.9629876017570496
-1.5341757535934448
-1.443242073059082
-1.079027771949768
-0.6930207014083862
-1.707025170326233
-1.5322993993759155
-1.2829715013504028
-1.955991268157959
-0.5901592373847961
-3.0952060222625732
-1.4962199926376343
-1.270719289779663
-0.4597671329975128
-1.576120376586914
-0.7430447936058044
-0.8284071683883667
-0.6826549768447876
-1.6798145771026611
-1.2005085945129395
-0.8446053266525269
-1.3370064496994019
-2.4676666259765625
-1.215796709060669
-1.5086193084716797
-1.3446152210235596
-1.123119831085205
-2.324803590774536
-0.970750629901886
-1.4529801607131958
-1.3553720712661743
-1.3560025691986084
-0.7203288674354553
-1.1778873205184937
-0.7265487909317017
-0.4424656331539154
-0.962480366230011
-0.008536438457667828
-0.6503905057907104
-1.2809362411499023
-1.3647533655166626
-2.194089651107788
-2.4763052463531494
-1.5879541635513306
-1.648413896560669
-1.7973779439926147
-3.4097213745117188
-1.6852084398269653
-1.1394785642623901
-1.3184970617294312
-1.7190192937850952
-1.5268080234527588
-1.3184973001480103
-0.5056158304214478
-1.9292210340499878
-1.9140174388885498
-1.695404291152954
-3.9651272296905518
-1.7637659311294556
-0.9760254621505737
-1.3036924600601196
-1.2323122024536133
-2.6850342750549316
-0.7798320651054382
-0.35458341240882874
-0.45248305797576904
-0.9539158344268799
-0.9846876859664917
-0.3460136950016022
-0.6579586267471313
-1.1779111623764038
-0.9070868492126465
-0.5383620262145996
-1.2046087980270386
-3.5501673221588135
-2.8941948413848877
-3.0859313011169434
-1.552772879600525
-3.8892180919647217
-1.880802035331726
-1.5589540004730225
-1.9628740549087524
-2.5059244632720947
-1.3394157886505127
-1.531880497932434
-1.5226861238479614
-2.8198184967041016
-1.7646945714950562
-2.261953592300415
-2.891434907913208
-0.040508098900318146
-0.05759737640619278
0.038309402763843536
0.0038211492355912924
0.01471793744713068
0.0013379548909142613
-0.03138907998800278
0.03445439413189888
-0.00010641433618729934
-0.030049199238419533
0.041059739887714386
-0.006481152027845383
0.03554414212703705
-0.042741868644952774
-0.03862705081701279
0.06105104833841324
-0.07089253515005112
-0.34995272755622864
-0.026996677741408348
-0.07744298130273819
-0.2876725494861603
-0.1686130315065384
0.21945513784885406
-0.07253407686948776
-0.29257428646087646
0.24110020697116852
-0.33717286586761475
-0.026076246052980423
-0.1768314093351364
-0.012619080021977425
-0.11626029014587402
-0.42356881499290466
-3.8479390144348145
-1.57248055934906
-1.1092449426651
-1.0099351406097412
-1.9043431282043457
-0.9959395527839661
-0.9109942317008972
-0.9604118466377258
-1.6940298080444336
-1.3175244331359863
-0.8865363001823425
-1.5946438312530518
-2.787177801132202
-1.2417333126068115
-2.1104423999786377
-2.123105049133301
-1.357302188873291
-1.1630524396896362
-0.7602077126502991
-1.236444354057312
-0.7584611177444458
-0.8650990128517151
-0.6244984865188599
-1.3411332368850708
-1.1843104362487793
-0.5906360149383545
-1.0430244207382202
-0.12280630320310593
-1.0713852643966675
-1.617496371269226
-1.044816255569458
-3.9881858825683594
-4.187142372131348
-3.4130139350891113
-2.6582493782043457
-2.5194029808044434
-3.927598237991333
-2.540369749069214
-1.943692684173584
-1.9323512315750122
-2.84540057182312
-1.9856789112091064
-2.2761192321777344
-1.6367204189300537
-2.831871271133423
-2.0667614936828613
-2.2585854530334473
-3.121135711669922
-2.9008569717407227
-2.722297430038452
-1.492485523223877
-1.4697383642196655
-1.6044344902038574
-1.2853204011917114
-1.2558555603027344
-1.5456771850585938
-1.7669508457183838
-0.9755215644836426
-1.4168775081634521
-1.0546393394470215
-2.767112970352173
-1.383388638496399
-2.109877586364746
-1.7500206232070923
-2.9018495082855225
-1.20164155960083
-1.0960570573806763
-1.334174633026123
-1.8341217041015625
-1.2823816537857056
-0.6660052537918091
-1.4831647872924805
-1.9091287851333618
-1.26511549949646
-1.6692125797271729
-0.6431047916412354
-2.246175527572632
-1.736551284790039
-2.0433170795440674
-3.8543224334716797
-0.6291051506996155
-1.6044957637786865
-0.6901566386222839
-1.0802125930786133
-1.4241271018981934
-1.0904948711395264
-0.7528486847877502
-0.5080183744430542
-0.7788557410240173
-0.3856399655342102
-0.49929919838905334
-0.8139100670814514
-0.8598998785018921
-0.6792240738868713
-1.203109860420227
-0.3531944453716278
-0.9220952987670898
-2.000044107437134
-1.314842700958252
-1.476911187171936
-1.0421984195709229
-0.8433050513267517
-0.782714307308197
-1.0834600925445557
-0.9404930472373962
-0.9392692446708679
-0.8318389058113098
-1.1016196012496948
-0.7456145286560059
-0.7835582494735718
-1.2779330015182495
-0.1381208598613739
-2.601318597793579
-2.2713394165039062
-1.5946415662765503
-1.476867914199829
-1.745442509651184
-1.0866955518722534
-0.6891127824783325
-1.689096212387085
-1.4708548784255981
-0.7322033047676086
-0.9677584171295166
-0.8990092277526855
-1.7309906482696533
-1.6386165618896484
-1.6913846731185913
-2.5705673694610596
-4.380397796630859
-1.777084469795227
-1.4886337518692017
-1.8175721168518066
-3.0038256645202637
-1.164405345916748
-1.1520329713821411
-0.8044570684432983
-1.9459326267242432
-1.7504940032958984
-1.1553618907928467
-1.5571322441101074
-3.1456687450408936
-1.3887475728988647
-2.19123911857605
-2.2986745834350586
-0.05654953047633171
-0.039744049310684204
0.040861114859580994
0.008260127156972885
0.03150037303566933
0.0014085801085457206
-0.054944347590208054
-0.05661478638648987
0.040006134659051895
-0.03518151864409447
0.030502883717417717
-0.001906655845232308
0.005054584704339504
-0.03652690351009369
-0.022134240716695786
-0.01894671469926834
-1.6897300481796265
-1.1209838390350342
-1.9534451961517334
-1.5956108570098877
-3.4633240699768066
-1.932632327079773
-1.4975976943969727
-1.070071816444397
-2.0565080642700195
-1.1978386640548706
-1.0485848188400269
-1.3894662857055664
-1.5679583549499512
-1.3902229070663452
-1.0609406232833862
-1.2622483968734741
-0.05010461062192917
-0.058598797768354416
0.06421450525522232
0.04628797620534897
0.0586758553981781
0.000704912468791008
0.06999805569648743
-0.02467171661555767
0.0037309937179088593
-0.053290046751499176
0.1153949573636055
0.006760722491890192
0.029966304078698158
0.039900150150060654
-0.007158658467233181
0.015815697610378265
-0.7647242546081543
-0.3683497905731201
-0.7616051435470581
-0.28155165910720825
-1.9776971340179443
-0.8044865727424622
-1.0396389961242676
-0.48909667134284973
-0.8765949010848999
-0.48186999559402466
-0.21061190962791443
-0.4064567983150482
-1.0483191013336182
-0.37647727131843567
-0.8189338445663452
-1.0961263179779053
-2.713414430618286
-2.617750644683838
-1.9821232557296753
-1.7259061336517334
-1.3164664506912231
-0.6756874918937683
-0.47157591581344604
-1.7618931531906128
-1.338287353515625
-1.13880455493927
-0.8828356862068176
-1.3313887119293213
-1.2205328941345215
-1.041290283203125
-1.4092872142791748
-0.7135677337646484
-3.0619843006134033
-1.0834510326385498
-0.7264600396156311
-0.8223468661308289
-1.1958469152450562
-0.8688278198242188
-0.535198450088501
-0.9385024905204773
-1.5979259014129639
-1.060936450958252
-0.4588688910007477
-1.4161920547485352
-1.4071483612060547
-0.8798752427101135
-1.8794903755187988
-2.100043773651123
-1.3376240730285645
-0.445549339056015
-0.31148025393486023
-0.08662116527557373
-0.24296747148036957
-0.31676185131073
0.024199722334742546
-0.27470776438713074
-0.43610602617263794
-0.17191056907176971
-0.1535664200782776
-0.10141748189926147
-1.1077096462249756
-0.17571692168712616
-0.17340095341205597
-0.40661492943763733
-3.997311592102051
-2.4907267093658447
-2.0158143043518066
-1.5904114246368408
-2.0548901557922363
-1.4835361242294312
-0.9240783452987671
-1.79396390914917
-1.9519661664962769
-1.179418683052063
-1.166922926902771
-1.5926676988601685
-2.8477017879486084
-1.5228590965270996
-2.1031668186187744
-1.4557666778564453
-3.6366841793060303
-1.5883057117462158
-0.8968055844306946
-1.282181978225708
-1.703914761543274
-0.8742387294769287
-0.5444226264953613
-0.8301479816436768
-1.3558653593063354
-1.1202524900436401
-0.7136831283569336
-1.489080786705017
-2.6142771244049072
-0.9740215539932251
-1.5652297735214233
-1.7302656173706055
-1.0698338747024536
-1.3189245462417603
-1.3068592548370361
-1.0756603479385376
-0.9343148469924927
-0.8985540270805359
-0.8900732398033142
-1.0320008993148804
-0.7233512997627258
-0.5402488112449646
-1.171089768409729
-0.6880724430084229
-0.7350088357925415
-0.7937071919441223
-0.8552318215370178
-0.8239136934280396
-1.6412112712860107
-1.0014996528625488
-2.0593454837799072
-0.7967216372489929
-3.0001490116119385
-1.025387167930603
-0.8463298678398132
-0.9852294921875
-1.3100802898406982
-0.7797274589538574
-0.885994553565979
-0.9321154356002808
-1.0481383800506592
-0.9231235384941101
-0.7243872880935669
-1.9291539192199707

linear_actor,linear_actor.weight
-4.6858038902282715
-3.2753138542175293
-4.052682399749756
-3.3711252212524414
-3.3226304054260254
-3.2489891052246094
0.27494996786117554
-3.620648145675659
-3.348369598388672
-3.19800066947937
-3.101344347000122
0.08702167868614197
-2.769348382949829
0.3747595548629761
-3.3607287406921387
-3.607330799102783
0.12432663142681122
0.23314033448696136
-0.017286267131567
-0.008242316544055939
-4.05319881439209
-3.124886989593506
0.016298823058605194
-3.802234649658203
-3.4022862911224365
-3.1303160190582275
0.2841256856918335
0.2297494113445282
-0.16135989129543304
-2.921220541000366
0.144931361079216
-3.048860549926758
-3.557488203048706
0.11073064804077148
0.012074505910277367
0.04135529696941376
-4.584794521331787
-3.180243730545044
-3.8946292400360107
-3.154831886291504
-3.5630555152893066
-3.046238899230957
-0.051324352622032166
-3.6942059993743896
-3.2878715991973877
-3.2812161445617676
-2.985313653945923
0.07433340698480606
-2.741074562072754
-0.23133569955825806
-3.4906747341156006
-3.618645668029785
0.08110468834638596
0.11742918938398361
0.029323123395442963
-0.17199787497520447
-4.0529093742370605
-3.3308191299438477
0.04278154298663139
-4.020598888397217
-3.186516046524048
-3.361406087875366
0.3515385091304779
0.07584371417760849
0.08385678380727768
-3.0480260848999023
0.18272316455841064
-3.0186736583709717
-3.438950300216675
-0.05025305971503258
0.03974822908639908
-0.09494715183973312
-4.495941162109375
-3.2769954204559326
-3.997955560684204
-3.2581045627593994
-3.4228413105010986
-3.4349451065063477
-0.24610015749931335
-3.433651924133301
-3.188652276992798
-3.1086416244506836
-3.017601251602173
0.24629035592079163
-2.888265371322632
0.2487407624721527
-3.49971604347229
-3.690627336502075
-0.042797110974788666
0.26492810249328613
0.024049174040555954
0.23593994975090027
-4.073690891265869
-3.044574499130249
0.08057090640068054
-4.04530668258667
-3.439878463745117
-3.238927125930786
0.07535184919834137
0.08830845355987549
0.07788965106010437
-2.9619123935699463
-0.17995266616344452
-2.959322214126587
-3.469853162765503
-0.03196623921394348
0.2662274241447449
0.059006597846746445
-4.523364543914795
-3.1255786418914795
-3.9972996711730957
-3.178858995437622
-3.616759777069092
-3.2440176010131836
0.15925590693950653
-3.5169973373413086
-3.3518807888031006
-3.081087589263916
-2.958357334136963
-0.35278305411338806
-2.809232473373413
0.012680098414421082
-3.7207369804382324
-3.7015199661254883
0.1531037837266922
-0.110972099006176
0.0628320723772049
0.03197641670703888
-4.0096964836120605
-3.2243502140045166
0.05381479114294052
-3.6465251445770264
-3.2465739250183105
-3.356663465499878
-0.1420699954032898
-0.10225241631269455
0.41109418869018555
-3.0406930446624756
0.03675709292292595
-3.2170908451080322
-3.385880947113037
0.18595749139785767
-0.050590407103300095
0.06193036586046219
