Layer,Parameter Name,Values

log_std,log_std
0.0
0.0
0.0
0.0

conv0_actor,conv0_actor.weight
4.491785526275635,

conv1_actor,conv1_actor.weight
-0.047510113567113876,-0.08598767220973969,0.0037293988279998302,-0.33765098452568054,
0.16043752431869507,-0.4177926778793335,0.026399007067084312,-0.029486320912837982,
0.11664572358131409,0.09516105055809021,0.1322750598192215,-0.2732413411140442,
-0.07780978083610535,0.16460472345352173,0.0005856608040630817,0.037908636033535004,
-0.6872953772544861,-1.338410496711731,-1.7392899990081787,-2.2841298580169678,
-1.3815139532089233,-1.8482614755630493,-1.6625455617904663,-1.9896124601364136,
-1.3165193796157837,-2.3618595600128174,-1.964375615119934,-2.158132791519165,
-0.7087275981903076,-2.0905542373657227,-2.194145679473877,-0.1681123822927475,
-0.09118222445249557,0.38992923498153687,-0.17245270311832428,-0.22154828906059265,
0.11701343953609467,-0.040174778550863266,0.1383521407842636,-0.06880934536457062,
0.08381151407957077,0.1708233505487442,0.14281831681728363,-0.06331899762153625,
-0.14288613200187683,-0.04233395680785179,0.019760560244321823,0.05768326297402382,
-0.9123698472976685,-1.6066945791244507,-1.8857790231704712,-1.93552565574646,
-0.6539960503578186,-1.7281016111373901,-2.3085734844207764,-1.3424170017242432,
-0.7547609210014343,-2.512908935546875,-2.570399284362793,-0.19599999487400055,
-1.3560240268707275,-2.23644757270813,-2.4186813831329346,-0.45939144492149353,
0.01661561243236065,-0.39451223611831665,-0.052877333015203476,0.12283023446798325,
-0.10141902416944504,-0.10948643833398819,-0.13226644694805145,-0.10722886025905609,
-0.10581157356500626,0.03460279479622841,-0.15492072701454163,-0.032661810517311096,
-0.10806794464588165,0.16702288389205933,0.056172676384449005,0.05693858861923218,
-0.40164825320243835,-0.9768708348274231,-2.0550880432128906,-2.911412477493286,
-0.21233905851840973,-1.4287950992584229,-1.939299464225769,-2.8333606719970703,
-0.473066508769989,-2.136564254760742,-2.411501407623291,-2.205151081085205,
-0.7901325821876526,-1.8872244358062744,-2.382004737854004,-2.0386099815368652,
-0.030537471175193787,-0.022124871611595154,-0.14150282740592957,-0.2932003140449524,
0.16586977243423462,-0.20490925014019012,-0.29112547636032104,-0.05536011606454849,
0.041572391986846924,-0.17824062705039978,0.12301035225391388,0.1987942010164261,
-0.25332313776016235,-0.007812716998159885,0.18695832788944244,0.3453085720539093,
0.3650129437446594,-0.5125877857208252,1.4400376081466675,4.826982498168945,
0.11792545020580292,-0.03458971902728081,1.5366802215576172,4.795647621154785,
-0.050799865275621414,-0.6095836162567139,1.0434072017669678,4.368520736694336,
0.9704470038414001,1.0574578046798706,1.1911040544509888,3.716301918029785,
-0.1477959156036377,0.340910404920578,-0.0672253742814064,0.19397446513175964,
-0.17842376232147217,-0.18643979728221893,-0.06508073210716248,-0.49752146005630493,
-0.06291855871677399,0.03203056752681732,-0.04055304452776909,-0.06806347519159317,
0.01869848184287548,-0.08448904007673264,0.25165560841560364,-0.050971951335668564,
1.126572847366333,3.2002172470092773,2.5881335735321045,-1.19852876663208,
1.232495903968811,3.4931657314300537,3.3398261070251465,-0.5139517188072205,
1.5661661624908447,3.682595729827881,3.576181650161743,-0.6547197103500366,
1.2670974731445312,3.7221693992614746,2.8753983974456787,-0.8418981432914734,
0.34385302662849426,0.021456796675920486,-0.09719664603471756,0.06469699740409851,
0.3285056948661804,0.039345163851976395,-0.10410917550325394,0.03209187462925911,
0.1580924242734909,-0.23439952731132507,0.00627727247774601,0.3628459572792053,
0.006164779420942068,-0.1306326538324356,0.1042049378156662,-0.22161473333835602,
0.8961643576622009,3.100318431854248,3.3054230213165283,1.0653175115585327,
0.6378641128540039,2.5830485820770264,3.2276980876922607,0.40386509895324707,
0.3256789743900299,0.16561803221702576,1.0827981233596802,-1.2078901529312134,
-0.3278612196445465,-0.6042208671569824,-0.7465904355049133,-1.543871521949768,
0.28449058532714844,0.06650229543447495,0.229167178273201,0.4691414535045624,
0.18881350755691528,0.15000395476818085,0.1327066868543625,0.18341468274593353,
-0.1675683856010437,0.07121723890304565,0.09729985147714615,-0.1783117651939392,
0.055809661746025085,-0.4175700545310974,-0.042352329939603806,-0.13727310299873352,
-0.4137299656867981,-2.6239936351776123,-2.9920783042907715,-3.0105061531066895,
-0.30824363231658936,-1.296504259109497,-1.8587039709091187,-3.3741633892059326,
0.3838631510734558,0.7237101197242737,-0.005833729170262814,-2.7479970455169678,
-0.13879549503326416,1.5004158020019531,0.21267609298229218,-2.5062718391418457,
0.037001319229602814,-0.16993498802185059,0.04680392146110535,-0.047089025378227234,
-0.09958881884813309,0.1005137711763382,0.2123289853334427,-0.1066407710313797,
0.10062871873378754,-0.07708016037940979,0.13157443702220917,-0.0368746854364872,
-0.11634618788957596,-0.07823126018047333,-0.13983362913131714,0.3155047595500946,
0.29532599449157715,1.4617283344268799,1.997729778289795,-0.30860185623168945,
1.3762753009796143,2.165444850921631,2.7461097240448,1.5714882612228394,
1.692055106163025,3.731722354888916,3.755631446838379,3.8305823802948,
1.4116631746292114,3.2990760803222656,3.6484851837158203,4.192526817321777,
-0.41887038946151733,0.023318829014897346,-0.21642214059829712,0.10931260138750076,
-0.18552686274051666,-0.389278382062912,0.23558011651039124,-0.33014336228370667,
-0.6565311551094055,0.13053032755851746,0.1905318945646286,-0.0459272526204586,
-0.23312807083129883,-0.1812897026538849,-0.013219373300671577,0.03224242478609085,
0.8911606669425964,4.141438007354736,4.039100170135498,2.5070531368255615,
1.0260356664657593,4.349109172821045,4.69580602645874,1.9319247007369995,
1.4272035360336304,4.024789810180664,4.470246315002441,3.419856309890747,
2.098080635070801,4.297082424163818,4.363384246826172,3.0137577056884766,
-0.0773717388510704,-0.08519046008586884,-0.2427833378314972,-0.15049533545970917,
0.07846079021692276,0.33496469259262085,0.25583288073539734,-0.23828384280204773,
0.3039790093898773,-0.04615311697125435,0.03351835161447525,-0.19861820340156555,
-0.01584821380674839,-0.009358805604279041,0.36001089215278625,0.045335326343774796,
-0.8850579261779785,-0.22644852101802826,-0.8733922839164734,-2.3904006481170654,
-1.3646275997161865,-1.2653460502624512,-1.7656285762786865,-2.7339584827423096,
-1.3381459712982178,-2.7801218032836914,-2.7054824829101562,-2.7340505123138428,
-1.5850398540496826,-2.4385509490966797,-3.1049015522003174,-2.3253464698791504,
-0.23069041967391968,-0.386819064617157,0.09814261645078659,-0.17232933640480042,
-0.00511199003085494,0.06404640525579453,0.24138784408569336,-0.10520979762077332,
-0.07358250766992569,-0.07614695280790329,0.07235496491193771,0.39193248748779297,
0.35305550694465637,0.12177930772304535,0.11149770766496658,0.00899701938033104,
0.43739205598831177,2.2265126705169678,2.662799596786499,0.3786389231681824,
1.5954267978668213,3.12162446975708,3.1247191429138184,0.7546985149383545,
1.6583807468414307,3.431582450866699,4.04326057434082,1.0061198472976685,
1.2928756475448608,3.9464564323425293,3.6098687648773193,0.08002018183469772,
0.29414206743240356,-0.08894824981689453,0.1444123536348343,0.10874244570732117,
0.013673743233084679,-0.10654818266630173,0.040926381945610046,-0.23420442640781403,
-0.10241172462701797,-0.06482270359992981,0.3357522189617157,0.00072111637564376,
0.05899692326784134,-0.11125879734754562,-0.08230571448802948,0.004697523545473814,
-0.40413951873779297,-2.620997428894043,-2.7011353969573975,-2.2037713527679443,
-0.998150646686554,-2.32161545753479,-3.0597968101501465,-2.5023193359375,
-0.8426067233085632,-0.529556393623352,-0.9997345209121704,-1.0938421487808228,
-0.7362779974937439,-1.219529628753662,-1.1733460426330566,-1.9536091089248657,
-0.07784218341112137,-0.040620796382427216,0.14950859546661377,0.023741183802485466,
-0.3242490291595459,-0.0757276639342308,0.05957123264670372,0.06405322998762131,
-0.17960257828235626,0.17262645065784454,0.09381038695573807,0.08468181639909744,
0.08551089465618134,-0.031389836221933365,-0.05605383962392807,-0.02091369219124317,
0.49639055132865906,0.541031539440155,2.17297101020813,4.655370235443115,
1.0120474100112915,2.7365593910217285,3.123953104019165,4.102201461791992,
1.4929280281066895,3.6989095211029053,3.8375229835510254,1.806976079940796,
1.3256713151931763,3.7615203857421875,3.11212158203125,1.0965224504470825,
-0.1750355064868927,0.16328370571136475,-0.07370220124721527,0.09199129045009613,
0.11594653129577637,-0.13151700794696808,0.03366576507687569,0.2147146612405777,
0.06499994546175003,-0.09915187954902649,-0.0689232125878334,0.5587883591651917,
-0.220650777220726,-0.11338312178850174,0.27107664942741394,-0.0433955043554306,
-0.3040085732936859,-0.35794588923454285,-0.8486428260803223,-2.134687662124634,
-0.7497057318687439,-1.164744257926941,-1.10853111743927,-1.8178437948226929,
-1.6017630100250244,-2.531477689743042,-2.4698140621185303,0.6477953791618347,
-1.6553332805633545,-2.889948844909668,-2.256563901901245,0.6666016578674316,
0.020163921639323235,-0.15605145692825317,-0.2529010772705078,-0.36536234617233276,
-0.005961844697594643,-0.20083032548427582,-0.23798047006130219,0.23474812507629395,
0.10298803448677063,0.20807558298110962,-0.08615785092115402,-0.09637144953012466,
0.3561292290687561,0.04537287726998329,-0.004796287510544062,0.1448877900838852,
0.9754072427749634,3.730393648147583,4.333742618560791,4.078756809234619,
0.9199811816215515,4.05732536315918,4.52169132232666,4.057058811187744,
1.0494608879089355,3.6242854595184326,2.734987497329712,0.33574604988098145,
1.1668418645858765,3.547729015350342,2.6872005462646484,0.45378103852272034,
0.026666169986128807,0.4755883514881134,0.39249077439308167,-0.1215694472193718,
-0.10351772606372833,-0.0705609917640686,0.020710565149784088,-0.06218157336115837,
-0.0648663118481636,0.3207138180732727,0.10897447168827057,0.10408773273229599,
-0.1874200403690338,-0.18178418278694153,0.16802336275577545,-0.15968039631843567,
1.4622398614883423,3.470700263977051,3.827624559402466,3.602855682373047,
0.9281435012817383,3.027376413345337,4.380744457244873,4.20465612411499,
0.5724076628684998,-0.38219231367111206,1.6462496519088745,4.134207725524902,
0.5617222785949707,-0.36524444818496704,-0.11516492068767548,3.3228046894073486,
0.34910279512405396,0.21251550316810608,0.07404699921607971,0.13500761985778809,
-0.1541004627943039,0.5684739351272583,0.07734745740890503,0.4606093168258667,
0.3219285309314728,0.11576841026544571,0.06044842302799225,-0.18535275757312775,
0.18817292153835297,0.037207942456007004,0.22958216071128845,0.11955128610134125,
0.8772657513618469,3.847646713256836,4.425441741943359,2.0005853176116943,
1.335952639579773,3.615076780319214,4.454558849334717,3.788813829421997,
1.7355012893676758,4.018802642822266,3.6165261268615723,4.042544364929199,
1.199963927268982,2.3512215614318848,2.621126651763916,4.113740921020508,
-0.07284542918205261,-0.04163025692105293,0.41731181740760803,-0.23629158735275269,
-0.08373555541038513,0.19504396617412567,-0.09469551593065262,0.12306591123342514,
-0.028382649645209312,0.04911843687295914,-0.4385168254375458,-0.030995354056358337,
0.28282004594802856,0.17858083546161652,-0.16941751539707184,0.19064675271511078,
-0.3051617443561554,-0.36164388060569763,-0.44952335953712463,-0.9850155115127563,
-0.7430617809295654,-0.8456259965896606,-1.147393822669983,-1.933414340019226,
-0.5822886824607849,-0.44002506136894226,-0.8505827784538269,-2.462918996810913,
-1.307092308998108,-0.722226083278656,-0.7642363905906677,-2.3358025550842285,
-0.226344034075737,0.021536454558372498,0.2092154175043106,-0.09568476676940918,
0.1678522676229477,-0.1733178347349167,0.03702886775135994,0.019834088161587715,
0.15483435988426208,0.2061505913734436,0.21111924946308136,0.20782434940338135,
-0.06924916803836823,0.08561331778764725,0.236599400639534,0.06649670749902725,
1.1649690866470337,3.6803534030914307,4.239438533782959,1.805749535560608,
1.577215552330017,4.184098243713379,4.52376651763916,3.1754541397094727,
1.540374755859375,3.317909002304077,4.089685916900635,4.0952067375183105,
1.3626456260681152,3.1775455474853516,3.6017420291900635,3.3109383583068848,
-0.040845178067684174,-0.1676028072834015,0.2601374685764313,0.23945380747318268,
-0.12312203645706177,-0.10828904807567596,-0.17876067757606506,0.28378474712371826,
-0.2905680239200592,-0.17832858860492706,0.10290955007076263,-0.06533496826887131,
-0.012903024442493916,0.08594519644975662,0.09308963268995285,0.2200642228126526,
0.5024865865707397,0.9384655356407166,2.1050713062286377,3.949026346206665,
-0.40999874472618103,-0.5240078568458557,0.5463241338729858,3.803208112716675,
-1.3484737873077393,-1.845320224761963,-1.0256541967391968,0.9407424926757812,
-0.9061105847358704,-1.727964997291565,-1.9596443176269531,-0.1493075042963028,
0.21190842986106873,0.024911154061555862,0.10708480328321457,0.265774130821228,
0.0995795950293541,-0.07379729300737381,0.05465114116668701,-0.05619817599654198,
-0.03277016058564186,0.10498928278684616,0.3418554365634918,0.09745147079229355,
-0.14065703749656677,-0.09716606885194778,0.09599924087524414,0.07639651000499725,
-0.16383345425128937,-0.2899582087993622,-0.47717398405075073,-1.7303887605667114,
-0.37524062395095825,-0.3115818202495575,-1.20333731174469,1.1316834688186646,
-0.9153295755386353,-1.643195629119873,-0.7840878367424011,2.8859689235687256,
-1.0854932069778442,-1.6701102256774902,-1.4609878063201904,2.5136477947235107,
0.22302739322185516,-0.17755472660064697,-0.03250405937433243,0.21975214779376984,
0.05896667391061783,0.19194233417510986,-0.008363699540495872,-0.06957720220088959,
0.02867993339896202,-0.1350395232439041,0.11386171728372574,0.07826250791549683,
-0.026266921311616898,-0.07219357788562775,-0.1061181128025055,0.22131915390491486,
-0.6239163875579834,-1.5883554220199585,-1.9631290435791016,-2.135770082473755,
-1.4876717329025269,-1.8553613424301147,-2.7762787342071533,-2.3234076499938965,
-0.4275342524051666,-2.557295083999634,-2.7332544326782227,-0.1299489140510559,
-0.7229721546173096,-2.0420656204223633,-1.9886808395385742,0.4711809456348419,
0.22435685992240906,-0.04073088616132736,-0.18378740549087524,-0.002022357191890478,
0.09370016306638718,-0.10237197577953339,-0.11860913783311844,0.24106711149215698,
-0.16151373088359833,-0.06101344898343086,0.36042386293411255,-0.0018777551595121622,
-0.1806177794933319,-0.01761581189930439,0.14411893486976624,-0.023970628157258034,
-0.3184106647968292,0.7609211802482605,1.3496631383895874,2.2089385986328125,
1.3994979858398438,2.2219409942626953,3.3308095932006836,3.724278688430786,
1.280081033706665,4.111393451690674,4.38987398147583,4.016971111297607,
1.5260646343231201,3.8252246379852295,3.8569765090942383,3.1076810359954834,
0.3165261745452881,0.15271921455860138,-0.10069681704044342,-0.5134162306785583,
-0.14901003241539001,-0.18592478334903717,0.19671738147735596,-0.06648867577314377,
0.2679138779640198,0.012130511924624443,0.03541930392384529,-0.00449157552793622,
-0.1506214737892151,-0.0034730995539575815,0.14702658355236053,-0.019410019740462303,
0.3772282004356384,0.3703126013278961,1.4570279121398926,4.493146896362305,
0.44302472472190857,0.2846753001213074,0.7830946445465088,4.582327365875244,
-0.7696791887283325,-0.8459713459014893,0.511574923992157,4.2709574699401855,
-0.14759205281734467,-0.4666021764278412,-0.3055475950241089,3.4037766456604004,
0.23599673807621002,-0.14375731348991394,-0.26322615146636963,-0.11335129290819168,
-0.009424770250916481,0.07555045932531357,0.030132662504911423,0.0008172660600394011,
-0.09231949597597122,-0.0862312838435173,-0.08838744461536407,-0.20248530805110931,
-0.21953997015953064,0.13655100762844086,-0.14492924511432648,0.3506390154361725,
1.4274122714996338,3.3105506896972656,4.221877574920654,3.815261125564575,
0.8539476990699768,3.238058567047119,3.8605422973632812,3.8047802448272705,
0.1773405522108078,-0.6563898324966431,0.6374247670173645,0.5378669500350952,
-0.28933605551719666,-1.2896095514297485,-0.7657082676887512,-0.2854745388031006,
0.18838587403297424,0.10398684442043304,-0.13315467536449432,-0.2748613953590393,
0.11534683406352997,0.20976755023002625,0.010938085615634918,0.36122170090675354,
0.06488702446222305,-0.06603901833295822,-0.027427954599261284,0.29018208384513855,
-0.008174306713044643,-0.017593899741768837,-0.13364897668361664,-0.01299266330897808,
1.2445963621139526,3.642155170440674,4.095524787902832,3.4778623580932617,
1.23270583152771,3.1360065937042236,4.03062629699707,3.7643094062805176,
0.7596995234489441,1.471482276916504,2.6232852935791016,1.9548804759979248,
0.6856622099876404,1.0675928592681885,1.0884596109390259,0.7375262379646301,
-0.17475171387195587,-0.1133832037448883,0.07771829515695572,-0.0025326726026833057,
-0.22547198832035065,0.04617922753095627,-0.29646292328834534,-0.2411542534828186,
-0.1134469136595726,0.17161531746387482,-0.13307905197143555,-0.014110133983194828,
-0.10436089336872101,0.1570802479982376,0.34134218096733093,-0.07747703045606613,
0.8232761025428772,1.3559842109680176,2.779021739959717,4.612457275390625,
0.660396933555603,0.31025999784469604,1.8740782737731934,4.508485317230225,
-0.5682104825973511,-1.265835165977478,0.1016945093870163,1.7612193822860718,
-0.010820232331752777,-0.9688271284103394,-1.2856627702713013,1.040814995765686,
0.08345189690589905,-0.2683635354042053,0.014123629778623581,-0.1371472179889679,
-0.09232530742883682,-0.08518847823143005,0.07043576240539551,0.06089402362704277,
-0.1060892790555954,0.016077810898423195,0.4479576349258423,0.11784230172634125,
-0.19049595296382904,-0.024240711703896523,-0.19164155423641205,0.045166369527578354,
1.2560908794403076,3.930996894836426,3.8184454441070557,3.245798110961914,
1.2458449602127075,3.088820457458496,3.7630245685577393,4.129062175750732,
0.679358184337616,0.8976714015007019,1.9801923036575317,3.9663705825805664,
0.5039315819740295,0.7292329668998718,0.9281209111213684,3.310657024383545,
0.04952596127986908,-0.07806088030338287,0.10218999534845352,0.30822744965553284,
0.034976180642843246,0.19851872324943542,-0.029312336817383766,-0.052319396287202835,
0.08194996416568756,-0.3917204737663269,0.1748654991388321,0.1611575484275818,
-0.02870136871933937,-0.28920239210128784,0.11915317177772522,0.07491432875394821,
0.028711125254631042,-0.21099384129047394,0.9317601919174194,4.939623832702637,
0.5435503721237183,0.33821776509284973,1.2717280387878418,4.799572944641113,
1.6183130741119385,2.533367872238159,2.87180233001709,4.0818772315979,
1.1808923482894897,1.314968466758728,1.437671184539795,3.595529556274414,
-0.2375621199607849,0.23192159831523895,0.018432866781949997,-0.011571060866117477,
-0.06368676573038101,0.28558626770973206,0.23138214647769928,-0.12535719573497772,
-0.07363589853048325,0.15557067096233368,-0.02616489678621292,-0.11028981953859329,
0.27300140261650085,-0.1713484227657318,0.3667837977409363,-0.13183905184268951,
-0.300039678812027,-0.1519991159439087,-0.9364112615585327,-3.276909351348877,
1.2501060962677002,1.277616262435913,0.8516958355903625,-2.907356023788452,
1.3178855180740356,2.577826976776123,1.286537766456604,-0.8558822870254517,
1.4497166872024536,3.7026233673095703,2.7693676948547363,-0.37253519892692566,
-0.27606311440467834,-0.08341606706380844,0.02482360415160656,-0.3037134110927582,
-0.08296360075473785,0.00030252302531152964,-0.09556930512189865,-0.005758106708526611,
-0.08096824586391449,0.1531139761209488,0.011669410392642021,-0.24021786451339722,
-0.3523372709751129,-0.25056278705596924,0.13523618876934052,0.32622578740119934,
1.2722164392471313,3.3264057636260986,3.625506639480591,1.0428751707077026,
1.2897053956985474,3.571899175643921,4.329296112060547,1.2320556640625,
1.3214943408966064,4.120666027069092,4.348525047302246,0.6522570848464966,
1.0765131711959839,3.11118483543396,2.7698965072631836,0.48006129264831543,
0.10506497323513031,0.08874794095754623,0.11625313758850098,0.13179856538772583,
0.10592108964920044,0.17800301313400269,-0.30347758531570435,0.10567186772823334,
0.47708871960639954,-0.014912834390997887,-0.00017124497389886528,0.3064379394054413,
-0.006498569156974554,0.007885993458330631,-0.2384292334318161,-0.16151367127895355,
1.1841844320297241,3.837728500366211,4.070560932159424,4.596111297607422,
0.8300843238830566,2.432161808013916,4.010682106018066,4.29578161239624,
0.44833773374557495,-0.07474368810653687,0.7324591279029846,0.7648934721946716,
0.28469374775886536,-0.611873209476471,-0.2004183530807495,-0.09818024188280106,

conv2_actor,conv2_actor.weight
0.01813477650284767,-0.01772238127887249,
0.016246234998106956,-0.026639074087142944,
-0.003387888427823782,-0.026756973937153816,
-0.004141082987189293,-0.025362653657794,
-0.004903003573417664,0.03184356167912483,
-0.01355038583278656,-0.024958165362477303,
-0.034638989716768265,-0.015948336571455002,
-0.016404451802372932,-0.0011537648970261216,
0.003053033957257867,0.014050793834030628,
-0.02556695230305195,0.009067143313586712,
0.019366968423128128,-0.006136002019047737,
0.004032549913972616,-0.021485667675733566,
0.007934962399303913,0.011525404639542103,
0.007750852033495903,-0.011207901872694492,
0.02398357354104519,-0.025947466492652893,
-0.0013731226790696383,-0.02265280671417713,
-0.03174770623445511,-0.013751596212387085,
0.00824647769331932,0.004866241943091154,
0.0039015808142721653,0.00796982366591692,
-0.011944163590669632,-0.008150804787874222,
-0.01979527249932289,0.010366423055529594,
0.013459758833050728,0.018843263387680054,
-0.010490254499018192,-0.007851643487811089,
0.07142580300569534,-0.02112737111747265,
-0.00996862631291151,-0.013532265089452267,
0.03886663168668747,0.02535415254533291,
0.0218371395021677,0.005580959841609001,
0.013819236308336258,-0.030141960829496384,
0.017551014199852943,-0.005948962178081274,
-0.03536409139633179,0.002113661030307412,
-0.028530161827802658,0.045520614832639694,
0.011364299803972244,-0.01324879564344883,
0.020938482135534286,0.01262403093278408,
0.04131665453314781,-0.006133335642516613,
-0.00964554212987423,0.011639688163995743,
-0.021938765421509743,-0.007205905392765999,
-0.009724133647978306,-0.0030345553532242775,
0.006570113822817802,-0.007281874772161245,
-0.035420406609773636,0.0071677700616419315,
-0.009882764890789986,-0.005032970570027828,
-0.036947231739759445,-0.026804912835359573,
-0.043983448296785355,-0.00914754904806614,
-0.02238205447793007,0.0006098782178014517,
0.021126480773091316,-0.047677189111709595,
0.03979239612817764,0.005314470734447241,
0.03966407850384712,0.02759685553610325,
-0.013602079823613167,-0.011886653490364552,
0.005961707327514887,-0.03898444026708603,
0.003345499513670802,-0.024294335395097733,
0.039580635726451874,0.0400572270154953,
-0.0004970353911630809,-0.010983038693666458,
-0.047689758241176605,0.030078090727329254,
0.012869933620095253,0.03725971281528473,
0.009358908049762249,-0.02196238562464714,
-0.017906585708260536,0.006998916156589985,
0.01731024868786335,0.006284336093813181,
-0.01082159485667944,-0.012709659524261951,
-0.030958671122789383,-0.009814999997615814,
0.028018265962600708,0.0345400907099247,
0.0068987407721579075,0.018261518329381943,
-0.010102306492626667,-0.03865218535065651,
0.007603690959513187,-0.0005619939183816314,
-0.013865106739103794,0.006933621596544981,
-0.0020878484938293695,-0.03509417548775673,
0.0025976451579481363,0.001766456407494843,
-0.031092330813407898,-0.03352556377649307,
-0.02241462655365467,-0.0016908181132748723,
0.007955560460686684,-0.009051480330526829,
0.005987185053527355,-0.015437315218150616,
0.007629775442183018,-0.03354908153414726,
-0.029000885784626007,-0.005738251376897097,
0.042670268565416336,0.013128502294421196,
-0.025267014279961586,-0.011221998371183872,
0.041808851063251495,0.024760637432336807,
-0.03380531072616577,-0.007823645137250423,
-0.01650979369878769,0.0235916655510664,
0.015252855606377125,-0.0401875339448452,
-0.005646497942507267,0.011928464286029339,
0.0023820726200938225,-0.025722481310367584,
-0.0410466268658638,0.019878407940268517,
0.03902474790811539,-0.015119088813662529,
0.015930265188217163,0.007069708313792944,
0.009778670966625214,-0.0024610154796391726,
0.012787781655788422,-0.01296675018966198,
-0.039772991091012955,0.01403825730085373,
0.04157187417149544,0.02368437685072422,
0.0293512511998415,0.00043868724605999887,
-0.01705036871135235,-0.014536177739501,
0.02714606747031212,-0.018989257514476776,
-0.004053499549627304,-0.0037191410083323717,
-0.03339869901537895,-0.02899499051272869,
0.019570665434002876,0.009689860977232456,
0.05006108805537224,0.02917475998401642,
0.003608566941693425,-0.00909504946321249,
-0.006412527523934841,-0.024181105196475983,
0.0207210760563612,0.021004170179367065,
-0.028014108538627625,-0.03064018487930298,
0.024985847994685173,-0.008990691974759102,
0.03544746711850166,0.031019117683172226,
-0.0013661663979291916,0.006183917168527842,
0.003418215084820986,-0.041273560374975204,
0.02537642978131771,0.009780519641935825,
-0.05438577011227608,-0.01447847206145525,
-0.0014517121016979218,-0.0043065850622951984,
-0.02307218872010708,0.012971624732017517,
0.026558656245470047,0.006605398841202259,
-0.00028622447280213237,-0.017043586820364,
0.0020142109133303165,0.0176245030015707,
0.013834832236170769,0.007111219689249992,
-0.029763437807559967,0.0009349687024950981,
0.010092533193528652,-0.027139835059642792,
0.005527472123503685,0.011790147051215172,
-0.007184633985161781,-0.0012176824966445565,
-0.047480203211307526,0.06066388264298439,
0.023753982037305832,0.01260107010602951,
0.0012625321978703141,0.05873596668243408,
0.032528556883335114,-0.010356338694691658,
0.02743292786180973,0.004346206784248352,
0.007075924891978502,-0.02359873056411743,
0.05573296919465065,-0.05441258102655411,
0.011363117024302483,-0.03732502460479736,
0.023375824093818665,0.002112405840307474,
0.019600678235292435,0.0023084809072315693,
0.005169759504497051,0.017110440880060196,
0.003356090048328042,0.02148033119738102,
0.018603332340717316,-0.021379198879003525,
0.016129422932863235,0.020983917638659477,
-0.004250831436365843,-0.0015973434783518314,
-0.0004410354304127395,-0.0023242344614118338,
-0.029379280284047127,-0.0003703250549733639,
0.04730517789721489,0.019866902381181717,
-0.05100104212760925,0.019035445526242256,
-0.009336898103356361,0.011032519862055779,
0.01888716220855713,-0.003930571023374796,
0.008808651939034462,0.025061411783099174,
0.010890024714171886,0.003048225771635771,
0.041455984115600586,-0.04021131247282028,
0.009246123023331165,-0.044229261577129364,
-0.0024035160895437002,0.02358625829219818,
-0.01593135856091976,0.016774863004684448,
0.021919386461377144,-0.03625061362981796,
0.004855743143707514,0.013038446195423603,
-0.013586616143584251,0.014500152319669724,
-0.03452027216553688,-0.01038510911166668,
-0.006497087888419628,0.03699973225593567,
-0.005326339974999428,-0.04341892525553703,
0.03380921483039856,-0.007853987626731396,
-0.02922898717224598,-0.0420820377767086,
0.0016070123529061675,0.014118398539721966,
0.016696356236934662,0.02025844156742096,
-0.03192618861794472,-0.013194059953093529,
-0.027204927057027817,0.01880343072116375,
-0.025200137868523598,0.01063606422394514,
0.0141989691182971,-0.013588134199380875,
0.008502250537276268,-0.02224649116396904,
-0.00020344847871456295,-0.02029191516339779,
0.00850143376737833,0.00928507000207901,
0.006646253634244204,0.01897362247109413,
-0.03199579194188118,0.003231345908716321,
-0.01853611320257187,-0.0010502258082851768,
0.003705541603267193,-0.06737714260816574,
-0.029306378215551376,0.004760182928293943,
-0.0028372835367918015,-0.01645374298095703,
0.019682714715600014,0.012019583024084568,
0.003891789587214589,0.02058195136487484,
-0.015044852159917355,-0.023073291406035423,
-0.008217761293053627,-0.008606362156569958,
0.031291913241147995,0.021968862041831017,
0.0003726409049704671,0.010126065462827682,
-0.004825008101761341,-0.0012173957657068968,
0.009077741764485836,0.036455098539590836,
-0.0518273189663887,-0.00939377211034298,
0.030072150751948357,-0.0006134527502581477,
-0.030780425295233727,0.026513032615184784,
0.0059754266403615475,0.0151499193161726,
0.0026422927621752024,0.023451367393136024,
-0.014575323089957237,0.01816057227551937,
-0.01719442568719387,-0.04123280569911003,
0.010285282507538795,0.004697045311331749,
0.029305029660463333,0.006113692186772823,
0.04800982028245926,0.022070612758398056,
-0.0017952994676306844,-0.0071069891564548016,
-0.012140222825109959,-0.008968321606516838,
2.8271451810724102e-05,-0.009120501577854156,
-0.02517457865178585,0.009601186029613018,
-0.013177919201552868,0.013017100282013416,
0.0051589664071798325,0.0499541237950325,
0.03202090039849281,-0.007151993457227945,
0.03354647755622864,-0.009119564667344093,
-0.005536011420190334,0.021965114399790764,
0.019627725705504417,-0.016458122059702873,
0.00319270440377295,0.02463025227189064,
-0.036631181836128235,0.055378444492816925,
-0.011418565176427364,0.013585827313363552,
0.010431666858494282,-0.0023035025224089622,
-0.001835592556744814,0.009708121418952942,
0.004394983407109976,-0.005791527219116688,
-0.016268638893961906,-0.012289543636143208,
-0.012909968383610249,-0.03300967440009117,
0.00837115291506052,-0.008525409735739231,
-0.009454315528273582,0.00817152950912714,
-0.00438980245962739,0.010602072812616825,
0.0021813020575791597,0.01225566677749157,
0.011388203129172325,0.0052557578310370445,
0.011965738609433174,-0.016306139528751373,
0.025216449052095413,-0.0028738107066601515,
0.0005594296380877495,0.015754207968711853,
-0.005518051795661449,0.0014041049871593714,
-0.056273628026247025,-0.03010501153767109,
0.004924588371068239,0.04043117165565491,
0.009224540553987026,-0.0024294722825288773,
-0.0012170074041932821,0.001287839375436306,
0.0016269385814666748,0.006844296585768461,
-0.003929042257368565,0.009387285448610783,
-0.018795739859342575,-0.01981227472424507,
0.033751171082258224,-0.03077506273984909,
0.04873314127326012,0.00833316333591938,
-0.006436334457248449,-0.02509809471666813,
0.007253509946167469,0.013550803065299988,
0.03338126838207245,-0.005369237158447504,
0.01316638384014368,-0.008174307644367218,
-0.019677435979247093,-0.000889868475496769,
0.05244152247905731,0.019014965742826462,
-0.03152472898364067,-0.04211021959781647,
0.0005227221408858895,-0.011494611389935017,
-0.028232162818312645,-0.0034415347035974264,
-0.013728479854762554,0.013951846398413181,
-0.0011475908104330301,-0.002107047475874424,
0.024109330028295517,-0.002533321501687169,
-0.026034506037831306,0.033739328384399414,
0.015112653374671936,0.015948645770549774,
-0.025554176419973373,0.016883686184883118,
0.009228033013641834,0.022995207458734512,
0.008806816302239895,-0.01379422564059496,
0.036913346499204636,0.030195247381925583,
0.03989147022366524,0.025463668629527092,
-0.020948920398950577,0.030863536521792412,
-0.016825418919324875,-0.005930163431912661,
-0.008368561044335365,0.04180968925356865,
-0.01042701955884695,0.018246831372380257,
0.0382147841155529,0.002981061115860939,
0.002262002555653453,0.010476481169462204,
-0.017941920086741447,0.0149378702044487,
-0.015441052615642548,-0.013578488491475582,
0.012597290799021721,-0.0212715957313776,
-0.016201002523303032,0.0063444217666983604,
-0.017147157341241837,0.051979031413793564,
-0.0009610701818019152,0.013510512188076973,
0.02739199995994568,-0.06612176448106766,
-0.01876101642847061,0.022260764613747597,
-0.028993936255574226,-0.031119856983423233,
0.02439003810286522,0.007545274216681719,
-0.0006243265816010535,-0.02944009006023407,
0.018857352435588837,-0.009545957669615746,
0.007518860045820475,-0.0020822384394705296,
0.0001394174323650077,0.0003933735715691,
-0.005837017670273781,0.012664176523685455,
-0.03571940213441849,-0.006954581011086702,
0.0057301390916109085,-0.01977776549756527,
-0.0025704961735755205,-0.004668183624744415,
0.038117799907922745,0.010964052751660347,
0.0031821387819945812,0.025555575266480446,
0.007690378464758396,-0.006496679037809372,
0.010574905201792717,-0.0053606219589710236,
-0.0725349634885788,-0.00029675179393962026,
0.012210113927721977,0.0023510647006332874,
-0.0016439458122476935,-0.004048237111419439,
-0.0282551571726799,-0.007100054062902927,
0.007371729239821434,0.06453628093004227,
0.014161028899252415,0.011417549103498459,
0.014385608024895191,-0.006207020487636328,
-0.01647416315972805,0.03865375742316246,
0.016549132764339447,0.012916497886180878,
-0.008680414408445358,-0.03228697553277016,
0.0015430833445861936,0.001826872699894011,
-0.02280854433774948,0.009017307311296463,
-0.013837833888828754,0.012517905794084072,
-0.001617765286937356,-0.022066382691264153,
-0.016635283827781677,-0.015880154445767403,
0.014987782575190067,-0.02306419052183628,
-0.014096756465733051,0.002274517435580492,
0.028279457241296768,-0.005688541568815708,
0.0002201218158006668,0.014315526932477951,
-0.010510087944567204,-0.02262916974723339,
-0.006464594975113869,-0.011826434172689915,
0.00655724760144949,0.02891690284013748,
-0.019358713179826736,0.006504335440695286,
-0.022335587069392204,-0.021295640617609024,
-0.03684551641345024,-0.0227130725979805,
0.034620240330696106,-0.018539583310484886,
0.03403479605913162,-0.033474039286375046,
0.029412874951958656,0.007585502695292234,
0.034983787685632706,0.012838034890592098,
0.010275552049279213,0.013010265305638313,
-0.004751093219965696,0.0034885008353739977,
-0.014974863268435001,-0.020144334062933922,
-0.020361166447401047,-0.005761457607150078,
0.005886786617338657,-0.00892198272049427,
0.01312591228634119,0.03788160905241966,
0.004017492290586233,0.018976619467139244,
-0.00308439414948225,-0.0038662308361381292,
-0.01288000401109457,-0.0056893969886004925,
0.012561788782477379,-0.03825614973902702,
0.0019728525076061487,-0.05610578507184982,
-0.0021632839925587177,0.019879896193742752,
0.014929329976439476,-0.06369183957576752,
0.03502041473984718,-0.0025369557552039623,
0.003245807718485594,-0.010162892751395702,
0.04121587797999382,-0.058341048657894135,
0.017210301011800766,-0.024074135348200798,
-0.005444382783025503,0.027470111846923828,
-0.0028246643487364054,-0.018634039908647537,
-0.027388321235775948,0.03375726193189621,
0.0003482211322989315,-0.016346042975783348,
0.0075590037740767,-0.007293918170034885,
-0.04333965480327606,0.011833855882287025,
0.0037592854350805283,-0.017054980620741844,
-0.0005350520368665457,0.02921895869076252,
-0.04530284181237221,-0.01305617019534111,
-0.018565408885478973,-0.003021352691575885,
-0.0068652271293103695,0.022566409781575203,
0.04260025918483734,-0.03269532322883606,
-0.010226727463304996,-0.053178779780864716,
0.002602302236482501,-0.0070680114440619946,
0.0028838536236435175,-0.00490691140294075,
-0.010752321220934391,0.017627306282520294,
-0.0018287594430148602,-0.002245626412332058,
0.022531211376190186,0.013256642036139965,
-0.03316818177700043,0.03634177893400192,
0.02656746655702591,-0.009945877827703953,
0.009349084459245205,0.024140633642673492,
0.0001580540556460619,-0.014211220666766167,
-0.04506067559123039,-0.02027793414890766,
0.0210484080016613,0.007034201640635729,
0.020085623487830162,-0.024288343265652657,
-0.06964930891990662,0.007468723691999912,
-0.016937019303441048,0.0154587896540761,
0.03673193231225014,-0.0138833774253726,
-0.009424788877367973,0.0019288765033707023,
0.0025494471192359924,0.0002950495691038668,
-0.004403704311698675,0.017034083604812622,
0.046467479318380356,0.018170610070228577,
-0.027742208912968636,0.009818377904593945,
0.03766319900751114,0.03988758847117424,
-0.016939042136073112,-0.012324118055403233,
-0.009564314037561417,0.006423810962587595,
-0.005026822444051504,0.030609741806983948,
0.011097337119281292,0.0026045937556773424,
0.003309811931103468,-0.02337375469505787,
-0.0020181317813694477,-0.005507525056600571,
-0.008910994976758957,-0.0012362790293991566,
0.0006259707733988762,0.004714613780379295,
-0.010478924959897995,0.012661047279834747,
-0.005237423349171877,0.03844384104013443,
0.054504845291376114,-0.0034885085187852383,
-0.025808095932006836,-0.008516497910022736,
0.010906130075454712,-0.019212741404771805,
-0.004675294738262892,0.022507136687636375,
0.02048768848180771,-0.02890968509018421,
-0.003432030323892832,-0.02344096265733242,
0.018676364794373512,-0.0015303260879591107,
0.0028720537666231394,-0.014529070816934109,
-0.04361174628138542,0.010707523673772812,
-0.022211775183677673,-0.035772815346717834,
0.012311291880905628,-0.01347355917096138,
-0.0016112154116854072,-0.035211578011512756,
0.03653885796666145,-0.0040577733889222145,
0.034417543560266495,-0.0004399205790832639,
0.0402301624417305,0.022799020633101463,
-0.001161161926575005,0.0021219828631728888,
-0.030162783339619637,0.028751417994499207,
0.0018334860214963555,-0.005656060762703419,
-0.02350672520697117,0.022079788148403168,
0.0034603190142661333,-0.0200066976249218,
0.0037588742561638355,-0.006381861865520477,
0.040638118982315063,0.008915111422538757,
0.02285074256360531,0.008738670498132706,
0.022910311818122864,-0.024294132366776466,
0.009139278903603554,-0.0018834054935723543,
0.017154574394226074,-0.006325863767415285,
0.007983717136085033,-0.011576009914278984,
0.011829283088445663,-0.019063226878643036,
0.001655776984989643,0.003434517653658986,
0.025006046518683434,0.028369015082716942,
0.004732396453619003,0.014941764995455742,
0.038401514291763306,0.024495897814631462,
0.0005260473699308932,0.029481016099452972,
0.012186204083263874,0.0189497247338295,
0.019310496747493744,-0.02622755616903305,
0.006811568047851324,-0.03561624512076378,
0.01710496097803116,-0.041874561458826065,
0.014592895284295082,-0.015137051232159138,
-0.04304060712456703,-0.012434606440365314,
0.025922000408172607,-0.04592060297727585,
0.020382337272167206,-0.026792408898472786,
-0.01520833931863308,-0.022564170882105827,
0.04449683427810669,-0.030417943373322487,
-0.0079564917832613,-0.03186045214533806,
0.00028095481684431434,0.019695525988936424,
0.037787098437547684,0.006329793948680162,
-0.014875093474984169,-0.01459189597517252,
-0.004010470118373632,-0.007297104224562645,
-0.025849713012576103,0.013435632921755314,
0.028199829161167145,0.005104402080178261,
0.02360331453382969,0.015485493466258049,
-0.02774788811802864,-0.029415767639875412,
0.009788154624402523,-0.021071061491966248,
0.027420729398727417,-0.017270738258957863,
-0.007061472628265619,0.015763845294713974,
-0.013439786620438099,0.02303456701338291,
0.00675359508022666,-0.011248212307691574,
-0.004650092218071222,0.03954146057367325,
-0.01882236637175083,0.007257330697029829,
0.017485538497567177,0.023132706061005592,
0.019415291026234627,-0.0056426371447741985,
0.010132220573723316,-0.008991299197077751,
0.01349320262670517,-0.0095983212813735,
-0.009301935322582722,0.01452978327870369,
-0.04494522511959076,0.03975219652056694,
0.02823815681040287,0.014202074147760868,
-0.031068973243236542,-0.02635987661778927,
-0.0013955025933682919,0.01118410099297762,
0.006381772458553314,-0.0003881535376422107,
-0.0044822124764323235,0.004415698349475861,
-0.015532868914306164,-0.0013823608169332147,
0.006444680970162153,0.014317451044917107,
0.025035550817847252,0.000713486282620579,
0.001552141853608191,0.012070531956851482,
0.022663084790110588,0.03748477250337601,
0.04822111502289772,-0.002653953153640032,
0.018801379948854446,-0.004265562165528536,
0.014472031965851784,-0.060594890266656876,
0.004918854217976332,-0.01977274939417839,
0.013598604127764702,-0.00811134185642004,
0.024846229702234268,0.0015920308651402593,
-6.664606917183846e-05,-0.0020908324513584375,
-0.013064727187156677,-0.011372880078852177,
-0.007914602756500244,0.007182781118899584,
0.011574985459446907,0.03633502498269081,
-0.01831085793673992,-0.0358135923743248,
0.0035330725368112326,0.02180110290646553,
0.003662649542093277,-0.017013007774949074,
-0.012658153660595417,0.01428571343421936,
-0.016570324078202248,-0.01968996599316597,
0.003985213115811348,0.005055142566561699,
0.020800884813070297,-0.024697428569197655,
-0.03813318535685539,0.013581246137619019,
-0.010007274337112904,0.007590156514197588,
-0.03667756915092468,0.009397484362125397,
-0.027099354192614555,-0.02540704794228077,
0.009439668618142605,-0.0005609731888398528,
-0.013926377519965172,-0.0337211936712265,
-0.01658106967806816,0.03934350982308388,
-0.03667471557855606,0.021899767220020294,
0.011890005320310593,0.01612541824579239,
0.026444481685757637,-0.045359011739492416,
-0.001742460299283266,-0.020770231261849403,
0.0010030290577560663,0.0007838674355298281,
-0.013656018301844597,0.018718333914875984,
0.04763121157884598,-0.006308284122496843,
-0.01495555229485035,0.022963417693972588,
-0.01571463979780674,7.125862612156197e-05,
-0.014113076031208038,0.012455604039132595,
0.021142156794667244,0.014945250004529953,
-0.029346488416194916,-0.048571012914180756,
-0.026171952486038208,0.0771198719739914,
0.008017475716769695,-0.02920488826930523,
0.02806037850677967,0.019560180604457855,
0.011613029055297375,-0.00534082343801856,
-0.014285330660641193,0.029807988554239273,
0.06029655411839485,0.01382521353662014,
0.03230101615190506,0.05808958411216736,
-0.03527605161070824,0.017256025224924088,
-0.006718575023114681,-0.049158841371536255,
-0.01605454832315445,0.00014322495553642511,
0.039151281118392944,0.0016052268911153078,
0.031023722141981125,0.013727930374443531,
0.04547220841050148,0.015488014556467533,
0.02378459833562374,0.0347384475171566,
-0.007611930835992098,0.033263109624385834,
-0.00892577413469553,0.0011691682739183307,
-0.025078704580664635,0.009815223515033722,
0.004098332021385431,0.00947699137032032,
0.0047010388225317,0.010846436955034733,
0.010203675366938114,-0.0009748652228154242,
-0.0007533664465881884,-0.03736110404133797,
-0.0010150724556297064,0.013662704266607761,
0.020079057663679123,-0.0016614553751423955,
0.0011131117353215814,0.04217520356178284,
0.000631319941021502,0.02594701200723648,
-0.04102239012718201,-0.010983247309923172,
0.02902083843946457,-0.014672070741653442,
0.037483297288417816,0.04502496123313904,
-0.008335070684552193,0.013552050106227398,
-0.019339559599757195,-0.027499206364154816,
0.01438232883810997,0.04357961565256119,
-0.04565059393644333,0.01790446601808071,
-0.004463959485292435,0.0014069871976971626,
0.0023549951147288084,0.0010449716355651617,
-0.005242170765995979,0.00924687273800373,
0.016988757997751236,-0.045951977372169495,
-0.029171474277973175,0.02256954461336136,
0.009813741780817509,-0.010850445367395878,
0.02488299272954464,-0.014062787406146526,
0.025249850004911423,-0.01714506186544895,
-0.008756465278565884,-0.023514050990343094,
0.008965574204921722,-0.00564871821552515,
0.018484463915228844,-0.03927692770957947,
0.018840452656149864,0.028326425701379776,
-0.025453997775912285,-0.01859601028263569,
0.03642599657177925,0.012493926100432873,
-0.042311303317546844,-0.004834963008761406,
0.022766510024666786,-0.02903830073773861,
-0.022130396217107773,-0.00016991188749670982,
-0.012748179025948048,0.0013288239715620875,
-0.05768091231584549,0.005544913001358509,
-0.031492359936237335,0.009478864260017872,
0.03030538186430931,-0.018095629289746284,
0.014941351488232613,0.027492737397551537,
0.0008141655707731843,-8.56588885653764e-05,
-0.01789683662354946,-0.012977748177945614,
0.020342251285910606,-0.0020715915597975254,
-0.010769293643534184,-0.0068100132048130035,
0.038917288184165955,-0.0030093586537986994,
-0.029050301760435104,0.05601423978805542,
-0.015413479879498482,0.028202468529343605,
-0.041350603103637695,0.035832252353429794,
-0.0151054160669446,-0.03778507560491562,
0.02274300716817379,-0.0030143894255161285,
-0.020289011299610138,0.0071859210729599,
0.005296952556818724,0.030043521896004677,
-0.036019984632730484,0.01467206422239542,
-0.04288272187113762,-0.017767377197742462,
0.015996966511011124,0.006127516273409128,
-0.04656464233994484,-0.024357585236430168,
-0.03143852576613426,0.0018024197779595852,
0.0027155280113220215,0.009704885073006153,
0.05895883962512016,0.003809981280937791,
0.0529017373919487,0.0038209231570363045,
-0.01955176517367363,-0.022748233750462532,
-0.01620243303477764,0.024988004937767982,
-0.028249140828847885,0.004421118181198835,
0.0052080657333135605,-0.07040325552225113,
-0.018335437402129173,0.007761689834296703,
0.022280888631939888,-0.008504004217684269,
0.006823973264545202,-0.022481918334960938,
0.028724869713187218,-0.015536525286734104,
-0.019383808597922325,-0.02146204747259617,
-0.014848614111542702,0.018651608377695084,
-0.013316728174686432,0.036913808435201645,
-0.020207012072205544,0.014677995815873146,
-0.012680169194936752,-0.000819931214209646,
-0.02899879589676857,0.01676633022725582,
-0.01577342301607132,0.02214309573173523,
-0.01918567717075348,-0.008769547566771507,
0.052357111126184464,-0.008108642883598804,
-0.0020295563153922558,-0.01765451580286026,
-0.018389863893389702,-0.01769336499273777,
0.050964612513780594,0.05086451396346092,
0.01869526505470276,0.004127645865082741,
0.012818044051527977,-0.026009349152445793,
-0.010432192124426365,-0.04762009158730507,
0.0173611082136631,0.03131033107638359,
0.014316711574792862,0.046158257871866226,
0.0024046613834798336,-0.028384586796164513,
0.06864646077156067,-0.018657458946108818,
-0.017282316461205482,-0.005224583670496941,
-0.031504567712545395,-0.006513067055493593,
-0.021787220612168312,0.014033776707947254,
0.017202824354171753,0.010500015690922737,
0.02481035515666008,-0.08208804577589035,
-0.004958982113748789,-0.004115155432373285,
0.013958845287561417,0.015235532075166702,
-0.017450829967856407,-0.033330757170915604,
-0.012419704347848892,-0.03315432369709015,
-0.019937332719564438,0.02658390812575817,
-0.028953364118933678,0.03429363667964935,
0.0037843568716198206,0.025436757132411003,
0.042481474578380585,0.028371645137667656,
-0.0029403655789792538,0.01681990921497345,
0.014898927882313728,0.01140688732266426,
-0.036124423146247864,2.1776999346911907e-05,
0.02160216122865677,0.009103266522288322,
-0.032157380133867264,-0.045072585344314575,
-0.010188661515712738,-0.02689395844936371,
0.00698221055790782,0.036099985241889954,
0.022995149716734886,-0.05251043662428856,
0.0065536522306501865,-0.018708152696490288,
-0.021339477971196175,0.02393193356692791,
0.011072859168052673,0.008068272843956947,
-0.005586454179137945,-0.017466634511947632,
0.01651664450764656,0.021481074392795563,
0.0023976729717105627,-0.043101150542497635,
0.03461411967873573,-0.048221100121736526,
-0.030320318415760994,-0.012328056618571281,
0.01534957904368639,0.03464252129197121,
0.0030185552313923836,0.018407823517918587,
-0.030404435470700264,-0.0007694472442381084,
-0.013112768530845642,0.061094578355550766,
-0.003193745156750083,0.007756686769425869,
-0.03531074896454811,0.02165835350751877,
-0.0031511960551142693,0.03899821639060974,
-0.014574560336768627,0.01655765250325203,
0.028562935069203377,-0.022662749513983727,
0.0013627744046971202,0.0008151145884767175,
0.0020804733503609896,0.0024794384371489286,
0.031030353158712387,0.025506556034088135,
0.036512911319732666,-0.0405917689204216,
0.039814963936805725,-0.016853630542755127,
-0.021315820515155792,0.004500739276409149,
-0.019271690398454666,0.032321996986866,
-0.019759824499487877,-0.007646186277270317,
-0.006614984478801489,-0.0017494523199275136,
-0.008662484586238861,-0.0122255003079772,
0.02360611967742443,0.00079870515037328,
0.008586443960666656,-0.04413226619362831,
-0.03620736300945282,-0.013631333597004414,
-0.029171258211135864,-0.0019558523781597614,
-0.002677765442058444,0.010996167548000813,
-0.03789843991398811,-0.014504047110676765,
0.017563775181770325,-0.02296523191034794,
-0.02169862575829029,0.016557348892092705,
-0.020256536081433296,-0.025139527395367622,
-0.02329232357442379,0.01317460648715496,
-0.023552056401968002,-0.017021315172314644,
0.016511036083102226,0.04155145585536957,
-0.016203386709094048,-0.0002502809220459312,
-0.028108153492212296,0.018112588673830032,
0.0642700046300888,-0.010119452141225338,
0.010964181274175644,0.04733118414878845,
0.008439085446298122,0.005243960302323103,
0.002305512549355626,-0.013426097109913826,
-0.009357198141515255,-0.011194051243364811,
0.05064643919467926,0.014730623923242092,
0.03295256942510605,0.027257278561592102,
-0.016983577981591225,0.016947632655501366,
-0.02301882952451706,0.0009125562501139939,
0.008185375481843948,0.010086211375892162,
0.022134259343147278,0.00614186841994524,
0.02476527728140354,-0.00667916564270854,
0.03994949162006378,-0.003705542301759124,
-0.022789334878325462,0.009228271432220936,
0.03971201181411743,-0.004618304315954447,
-0.015400986187160015,-0.0021284499671310186,
0.03514552116394043,-0.034660570323467255,
-0.032134030014276505,0.03622687608003616,
0.01689186878502369,0.035025905817747116,
0.005518645979464054,-0.0012907680356875062,
-0.03464770317077637,0.0009277104982174933,
-0.02900003083050251,0.05284883826971054,
-0.010938302613794804,-0.013087850995361805,
-0.0025679778773337603,0.007558851502835751,
0.012958632782101631,-0.02665557898581028,
0.013982534408569336,0.00796518474817276,
0.03093927726149559,-0.031502533704042435,
0.02526042051613331,-0.02623005583882332,
0.0007056549657136202,-0.047333527356386185,
0.006646031513810158,-0.01708311028778553,
0.014806433580815792,-0.030690541490912437,
-0.022985022515058517,0.007913604378700256,
0.0037632272578775883,-0.021074818447232246,
-0.003112267469987273,0.020130623131990433,
0.02022828720510006,-0.01108565740287304,
-0.01780027709901333,0.026364708319306374,
0.011173284612596035,0.011063380166888237,
0.01143574807792902,-0.021521205082535744,
0.010976920835673809,-0.0019228309392929077,
-0.014773121103644371,-0.012317313812673092,
-0.02328924462199211,0.023420047014951706,
-0.03379226475954056,-0.029755711555480957,
0.013962140306830406,0.009359846822917461,
-0.0010131573071703315,0.01059027947485447,
0.00386811257340014,-0.012562252581119537,
-0.004433221183717251,-0.027648160234093666,
0.007697375025600195,-0.014654031954705715,
-0.0027685435488820076,-0.025125231593847275,
-0.02958797477185726,0.029952723532915115,
-0.04092220962047577,-0.0022225482389330864,
-0.00016131039592437446,-0.017041170969605446,
-0.04284117370843887,-0.0056471251882612705,
-0.001398608204908669,-0.003203226951882243,
0.03961572423577309,0.026230480521917343,
-0.021511321887373924,0.011164577677845955,
-0.006856661755591631,0.01851588673889637,
0.02062458172440529,0.02828025072813034,
-0.03218448534607887,-0.029217148199677467,
0.019484691321849823,-0.005297916475683451,
-0.014066265895962715,0.006255944725126028,
-0.0012561340117827058,-0.07022727280855179,
0.01912614330649376,0.030171817168593407,
0.019787529483437538,0.015355394221842289,
-0.018612146377563477,0.01616911217570305,
0.014328616671264172,-0.007374088745564222,
0.0015626203967258334,-0.006532425060868263,
0.028627585619688034,-0.02159767597913742,
0.03154654800891876,0.03338935226202011,
0.008813485503196716,-0.0336063914000988,
0.013916869647800922,0.012987818568944931,
0.015502386726439,0.020810695365071297,
-0.002854379825294018,-0.007335575297474861,
0.01176205649971962,-0.01697576977312565,
0.021226173266768456,0.0314035527408123,
0.010225865989923477,-0.010376624763011932,
0.030232468619942665,0.006324405316263437,
0.002016609301790595,-0.04583042487502098,
-0.00011843874381156638,-0.037626128643751144,
-0.017219936475157738,-0.0010708278277888894,
0.02542843669652939,0.019415900111198425,
0.01538603100925684,-0.02345048449933529,
-0.004873332567512989,-0.005200517363846302,
0.02561984397470951,0.020353000611066818,
0.013930278830230236,-0.007385439705103636,
0.030202344059944153,0.011307097040116787,
0.008756265975534916,-0.01843629591166973,
-0.03243859112262726,-0.021081650629639626,
0.005501522682607174,-0.005128269549459219,
-0.008876507170498371,0.03353872150182724,
-0.009516546502709389,-0.015871858224272728,
0.028625214472413063,-0.02005823887884617,
-0.014700347557663918,-0.01750282570719719,
-0.007659763563424349,-0.031935032457113266,
-0.032200708985328674,-0.02129286900162697,
0.027109602466225624,0.01136859878897667,
-0.01468267384916544,0.01652374491095543,
0.011209750548005104,0.04920874163508415,
0.01956205815076828,-0.008364220149815083,
0.02923434227705002,-0.015338794328272343,
0.012510274536907673,0.022845719009637833,
0.030110467225313187,0.0007058988558128476,
-0.011482666246592999,0.009931369684636593,
0.039035726338624954,0.04684959724545479,
-0.02142971009016037,0.027066415175795555,
-0.021641874685883522,-0.01149140764027834,
0.011479156091809273,-0.002368053188547492,
0.019533487036824226,0.019803084433078766,
-0.003347533056512475,-0.02443898655474186,
-0.029637228697538376,0.006954969372600317,
-0.034251563251018524,-0.013211860321462154,
0.0054311128333210945,-0.02938953787088394,
0.004490592051297426,0.013213276863098145,
0.006143352948129177,-0.026906365528702736,
0.005030627362430096,-0.003768910188227892,
0.055722951889038086,-0.015685198828577995,
-0.01123738195747137,0.02745000272989273,
0.03449256345629692,-0.010313061065971851,
-0.0037239249795675278,0.003981022164225578,
0.011615980416536331,-0.026506178081035614,
0.003232661634683609,0.019626552239060402,
0.031249819323420525,0.03258027136325836,
0.01263764500617981,0.02004997991025448,
0.011065978556871414,-0.039923131465911865,
0.02253059111535549,-0.06439797580242157,
0.009404229931533337,0.010605785064399242,
-0.029076194390654564,0.022877469658851624,
0.002847611205652356,-0.007711892481893301,
0.01907895691692829,0.03718769922852516,
-0.0054262494668364525,0.01802648790180683,
-0.009448009543120861,-0.013823747634887695,
-0.02092423103749752,0.04233589395880699,
-0.005697928369045258,-0.006441785022616386,
0.006541802082210779,-0.0061170137487351894,
0.0012021127622574568,-0.007988407276570797,
0.00925126951187849,0.01550778467208147,
0.006181163713335991,-0.02862289920449257,
-0.018049336969852448,-0.014865899458527565,
-0.01915278099477291,0.02839047461748123,
-0.023917092010378838,-0.004768655635416508,
0.001732554635964334,0.014292368665337563,
-0.00636692950502038,0.04984939098358154,
0.03164946287870407,0.019880834966897964,
0.00993440207093954,-0.0002436147624393925,
0.023066168650984764,-0.008667469024658203,
-9.40653626457788e-05,-0.024631323292851448,
-0.02963126450777054,-0.019696688279509544,
-0.009803430177271366,0.02359926514327526,
-0.0027334822807461023,0.016363419592380524,
0.012522589415311813,-0.009092849679291248,
0.02885325998067856,-0.003338785143569112,
0.004387799650430679,0.05374538153409958,
0.01274051796644926,0.013544980436563492,
0.010904636234045029,0.02060231938958168,
0.04062508046627045,-0.01671840250492096,
0.03046974539756775,0.01069806981831789,
0.0007825777283869684,0.012088984251022339,
-0.0041664037853479385,-0.0025119769852608442,
-0.027125658467411995,0.003102939808741212,
0.013493168167769909,0.01326792873442173,
0.014771799556910992,0.004585220478475094,
0.01052468828856945,0.0458928719162941,
-0.019465293735265732,0.009213279001414776,
-0.004197089001536369,-0.006758100353181362,
-0.017032397910952568,-0.005887777544558048,
0.016140103340148926,-0.015848007053136826,
0.00735669257119298,0.011653903871774673,
0.005653514992445707,0.001068281359039247,
-0.037163905799388885,-0.016908230260014534,
-0.0015631529968231916,0.0009743089322000742,
0.0017589821945875883,-0.023477714508771896,
0.018225885927677155,0.04466518014669418,
0.02484883926808834,0.03913016989827156,
0.014160994440317154,-0.018105125054717064,
-0.023815548047423363,-0.024691209197044373,
0.006624728906899691,0.0342111699283123,
-0.0027947791386395693,0.01368190161883831,
0.03917872533202171,0.0007004392682574689,
0.017236363142728806,-0.04907318204641342,
-0.012063040398061275,0.015459030866622925,
-0.012152057141065598,-0.017574617639183998,
-0.008079149760305882,-0.029905809089541435,
-0.011203519999980927,0.0041006687097251415,
0.0266020018607378,0.02079213224351406,
0.028810864314436913,-0.0011603470193222165,
0.024001169949769974,0.030661657452583313,
0.023158278316259384,-0.041160766035318375,
-0.012701871804893017,0.03894821181893349,
0.02270400896668434,-0.001765921013429761,
-0.03344504535198212,0.007276149000972509,
-0.02934143878519535,0.006839093752205372,
-0.0027165671344846487,0.01875477470457554,
-0.04591379687190056,0.04410203918814659,
0.027437057346105576,0.0065066078677773476,
0.04621659591794014,-0.00046786130405962467,
-0.0017129561165347695,-0.020282499492168427,
-0.031175633892416954,0.032232627272605896,
-0.00863365363329649,-0.004726579878479242,
0.013349605724215508,-0.018067391589283943,
0.00024009673506952822,-0.0001170359319075942,
-0.004919853527098894,0.011043863371014595,
0.014660200104117393,-0.009692689403891563,
-0.026406923308968544,0.01705785281956196,
-0.0029975336510688066,-0.0044313352555036545,
0.009048199281096458,-0.02503935620188713,
-0.019471971318125725,-0.024571919813752174,
0.027614695951342583,-0.0415315218269825,
-0.013847371563315392,-0.023570695891976357,
0.009264770895242691,0.021313559263944626,
0.052928779274225235,0.0192634928971529,
0.008725552819669247,0.0006971348775550723,
0.013885729014873505,-0.010847500525414944,
0.026437722146511078,-0.030528659000992775,
0.002507114550098777,0.025773100554943085,
-0.027269452810287476,0.02976459078490734,
0.008900269865989685,0.025697389617562294,
-0.01744692027568817,0.02282104827463627,
0.04030447453260422,0.02882973663508892,
0.0033359318040311337,0.014023500494658947,
0.005282084923237562,-0.03985856845974922,
0.045942049473524094,0.007508961483836174,
-0.0196472629904747,0.005926364567130804,
-0.005609702784568071,0.012653812766075134,
-0.009632294997572899,0.014791389927268028,
-0.004419815726578236,-0.026279587298631668,
0.01463418547064066,0.030364885926246643,
0.00018809370521921664,-0.01458976324647665,
0.007845216430723667,0.005414539482444525,
0.013686438091099262,-0.007397325709462166,
0.03226299583911896,-0.037074048072099686,
-0.018416158854961395,-0.0036901296116411686,
-0.007712157443165779,0.018559975549578667,
0.00489621888846159,-0.003748370101675391,
0.010409249924123287,0.039197102189064026,
-0.02438538148999214,0.00488756038248539,
-0.027902385219931602,-0.045699696987867355,
-0.06927379220724106,-0.02208855375647545,
-0.025396322831511497,0.014004497788846493,
-0.011164114810526371,-0.009236259385943413,
0.03946922719478607,-0.026085762307047844,
0.0036394379567354918,0.0217390488833189,
-0.021161168813705444,0.01394942868500948,
0.009986278600990772,-0.02534843608736992,
-0.008692222647368908,-0.01816217042505741,
0.0020844496320933104,-0.0002523985749576241,
-0.03189362585544586,-0.0317097082734108,
0.01887248270213604,-0.03211858868598938,
-0.013513392768800259,-0.004817381035536528,
-0.024025222286581993,0.023426545783877373,
0.0017437624046579003,-0.009862377308309078,
-0.026719912886619568,-0.026085563004016876,
-0.002882105065509677,-0.03815719112753868,
0.016188284382224083,-0.004762918688356876,
-0.0013174833729863167,0.05671500414609909,
-0.03427185118198395,-0.03128565102815628,
-0.024912424385547638,0.03423352167010307,
-0.008683303371071815,-0.00029386155074462295,
0.01566563919186592,0.011976503767073154,
0.004336065612733364,-0.01676597073674202,
-0.019545521587133408,0.025717200711369514,
0.010547882877290249,0.010813386179506779,
-0.006996223237365484,-0.0021151225082576275,
-0.01022697426378727,0.006863143295049667,
0.01747404970228672,0.005092543549835682,
0.024492502212524414,0.02220548503100872,
0.024430425837635994,0.019541792571544647,
-0.02906729094684124,0.0035455094184726477,
-0.01566806249320507,0.011802076362073421,
-0.005116159562021494,0.0028078891336917877,
0.009763425216078758,-0.015609512105584145,
0.013061652891337872,-0.008127234876155853,
0.02830532006919384,0.010202975012362003,
0.03214782848954201,-0.011304843239486217,
0.02333100698888302,-0.01177729107439518,
0.0060019041411578655,0.000570689095184207,
-0.0214442927390337,0.028503824025392532,
0.013953550718724728,0.00823905784636736,
-0.0012562749907374382,-0.015734711661934853,
-0.008073750883340836,-0.05466234311461449,
-0.025389250367879868,-0.007910565473139286,
-0.028794215992093086,-0.03149472549557686,
-0.04537498950958252,0.019123204052448273,
0.02259753830730915,-0.04374957084655762,
0.03245162218809128,-0.026690449565649033,
-0.014529109932482243,-0.01839948631823063,
0.004427923355251551,-0.0006482145399786532,
-0.026631789281964302,0.027926621958613396,
-0.022489536553621292,-0.015149992890655994,
0.00283259735442698,0.022522902116179466,
-0.028806617483496666,-0.004839881788939238,
0.013739557936787605,-0.07003764063119888,
0.018991103395819664,0.0020735436119139194,
-0.03519875928759575,-0.02661590278148651,
0.00580013869330287,0.025920283049345016,
-0.007350492756813765,0.030879538506269455,
-0.015161307528614998,0.019430356100201607,
-0.012544672004878521,0.018916158005595207,
-0.027697646990418434,-0.04043404385447502,
0.0002627100911922753,-0.007150058634579182,
0.018063722178339958,-0.059888385236263275,
-0.003893608460202813,0.024633975699543953,
0.012486489489674568,0.022934436798095703,
-0.0031602634117007256,0.01737891510128975,
0.02281847968697548,-0.003122930647805333,
0.014581511728465557,0.015092962421476841,
0.041015636175870895,-0.04654676839709282,
-0.0024001675192266703,-0.017584320157766342,
-0.00340411439538002,-0.013004358857870102,
-0.022336693480610847,0.011452853679656982,
-0.003951199818402529,-0.010088294744491577,
0.01663433015346527,-0.00796701293438673,
0.0059474497102200985,0.001438639359548688,
-0.017084643244743347,0.01972627080976963,
-0.037338677793741226,0.02804761379957199,
0.004616789054125547,0.004927974194288254,
0.027927396818995476,0.003559499280527234,
-0.0067006382159888744,0.0020109722390770912,
-0.03775439411401749,0.01247295644134283,
0.0012831075582653284,-0.02511192113161087,
-0.009814763441681862,-0.029766058549284935,
0.030589783564209938,-0.02581058442592621,
0.03320300951600075,0.016872713342308998,
0.026747969910502434,0.02876369096338749,
0.0024732090532779694,0.04242248833179474,
-0.01000048965215683,-0.042028237134218216,
0.01941954530775547,-0.004311366938054562,
-0.013735022395849228,0.03173306956887245,
0.026140863075852394,0.016968822106719017,
-0.029567183926701546,0.03903570398688316,
-0.00016733750817365944,-0.017145831137895584,
0.0184121485799551,-0.020009713247418404,
-0.039039112627506256,-0.00717917550355196,
-0.0023338934406638145,0.0025775390677154064,
0.004828745499253273,0.020711367949843407,
0.03024953044950962,0.0037717188242822886,
-0.035287197679281235,-0.006106603890657425,
-0.017144279554486275,-0.015588635578751564,
0.003064576303586364,-0.011104922741651535,
0.01856374181807041,-0.0002719394105952233,
0.039926573634147644,0.021831447258591652,
0.02323118783533573,0.007631252985447645,
-0.03100457787513733,-0.0013993362663313746,
0.011254621669650078,-0.00253550847992301,
0.025629576295614243,0.003837734926491976,
0.023524487391114235,0.010162378661334515,
-0.004510017111897469,-0.005189696326851845,
0.022594455629587173,0.00951501727104187,
-0.02686498500406742,-0.03461269289255142,
-0.0051927207969129086,-0.0057721324265003204,
0.048967525362968445,0.05387106165289879,
-0.03310215100646019,-0.038298897445201874,
0.01167295966297388,0.016178607940673828,
0.029133649542927742,-0.008029872551560402,
-0.04883536696434021,0.019185619428753853,
0.005936942528933287,-0.014462944120168686,
0.018953630700707436,0.0074730534106493,
0.010506895370781422,0.0278976671397686,
-0.017845522612333298,0.01405203528702259,
-0.01301661692559719,0.022546950727701187,
-0.000328995258314535,0.012444408610463142,
-0.013703083619475365,0.008450275287032127,
0.010519927367568016,0.009958995506167412,
0.03303765878081322,0.011657265946269035,
-0.013440934009850025,0.011734478175640106,
-0.03472612798213959,-0.011571518145501614,
-0.0055169351398944855,0.026286127045750618,
0.011548603884875774,-0.02244325913488865,
-0.019794028252363205,0.011280870996415615,
-0.006676652934402227,0.02688249573111534,
0.032532960176467896,0.0006986007210798562,
-0.02794555202126503,0.017750801518559456,
-0.0029484143014997244,-0.027327176183462143,
0.019674042239785194,0.025889556854963303,
0.002581362146884203,-0.040315188467502594,
-0.017215536907315254,0.014543076977133751,
0.0031645111739635468,0.02508348785340786,
0.005635506473481655,-0.02561980113387108,
-0.008729378692805767,0.011004321277141571,
0.031737618148326874,-0.023342452943325043,
-0.015194817446172237,-0.0051539246924221516,
0.024547725915908813,0.019480932503938675,
-0.02355271205306053,0.01934780180454254,
-0.005071782972663641,-0.014571713283658028,
0.0029493074398487806,-0.02628093771636486,
-0.003506382927298546,-0.03258506581187248,
0.04583984240889549,-0.032550424337387085,
-0.013101509772241116,-0.022486558184027672,
0.00738407950848341,0.02782820723950863,
-0.012219992466270924,0.005616500973701477,
0.032454632222652435,-0.004265943076461554,
-0.0124782370403409,0.0368821807205677,
0.023603102192282677,-0.00034869639785028994,
-0.00429824274033308,-0.01811067946255207,
-0.02120864950120449,0.010281442664563656,
0.004837569780647755,0.004746947903186083,
-0.03977720066905022,0.006955624092370272,
0.001717545441351831,-0.00011389692372176796,
-0.005651239771395922,-0.0016012672567740083,
-0.00889261532574892,-0.01731771230697632,
0.013173156417906284,-0.04882108420133591,
0.02857986092567444,-0.02798323705792427,
0.03546055033802986,-0.015159402042627335,
0.018724631518125534,-0.00718911224976182,
0.02791532129049301,-0.025582607835531235,
0.00777885876595974,-0.03154385834932327,
0.02556217648088932,-0.013276412151753902,
-0.007135086692869663,-0.01150490716099739,
-0.01394535694271326,0.034330449998378754,
0.0009462693124078214,-0.012585533782839775,
0.004641036503016949,0.0043566785752773285,
0.03726302832365036,0.037471652030944824,
0.02667979709804058,-0.024565018713474274,
-0.013953481800854206,0.022601479664444923,
-0.03118528425693512,0.026706373319029808,
0.019982323050498962,0.03241727128624916,
-0.03286954388022423,0.02360457181930542,
0.01651858538389206,0.005468313582241535,
-0.02343137189745903,0.04944474250078201,
0.037763647735118866,0.012182239443063736,
0.017266107723116875,-0.0013460610061883926,
-0.04657694324851036,-0.014573304913938046,
0.025888806208968163,-0.0014501595869660378,
-0.006306101568043232,0.006575639825314283,
0.02534288354218006,-0.0013913527363911271,
-0.013425938785076141,0.009869027882814407,
0.007036860100924969,0.014706721529364586,
0.021301157772541046,0.02173505164682865,
-0.02680121175944805,0.027899473905563354,
-0.014731217175722122,0.002569365780800581,
-0.07610683143138885,0.022453242912888527,
0.06985810399055481,0.02553064003586769,
-0.020833777263760567,-0.01476866751909256,
-0.016591085121035576,-0.058518022298812866,
-0.0017943085404112935,0.015890371054410934,
-0.02333785593509674,0.048806145787239075,
-0.039052076637744904,-0.012074226513504982,
-0.018587619066238403,-0.007575205527245998,
-0.02051549218595028,-0.015215286985039711,
0.025216544046998024,0.020174426957964897,
0.012703276239335537,0.01881445199251175,
0.02430272288620472,0.023085111752152443,
0.0038913399912416935,-0.00949945766478777,
-0.029333055019378662,0.013947064988315105,
-0.014182562939822674,-0.006309095304459333,
0.016372552141547203,-0.026397479698061943,
0.020318955183029175,0.03767109662294388,
0.004789137747138739,0.04150804504752159,
0.005811935756355524,0.0165571141988039,
0.025343360379338264,-0.020638899877667427,
0.028180066496133804,-0.02664363384246826,
0.017295362427830696,-0.00783468410372734,
-0.007808097172528505,0.03479780629277229,
-0.005225006025284529,0.03440786898136139,
0.02643771842122078,-0.052521951496601105,
0.01643088459968567,-0.01735060289502144,
-0.009043244644999504,0.007350021041929722,
-0.0028026027139276266,-0.017030375078320503,
0.014316095970571041,0.024787897244095802,
-0.01262598019093275,-0.003951774910092354,
0.0021459797862917185,0.042540714144706726,
-0.022443024441599846,-0.010670293122529984,
-0.0007702218135818839,-0.004220767877995968,
0.025191443040966988,-0.021528102457523346,
-0.0004972150200046599,-0.012731448747217655,
-0.003446762217208743,0.016912095248699188,
-0.00019802710448857397,-0.00353520130738616,
0.024708550423383713,0.016311224550008774,
0.025835659354925156,0.035466231405735016,
-0.016181422397494316,-0.041601307690143585,
-0.004063537809997797,0.03221437335014343,
0.029034020379185677,0.02894793637096882,
0.03181760013103485,-0.0243816114962101,
0.002548663876950741,-0.0054654390551149845,
0.0038098494987934828,-0.007701076567173004,
-0.008396410383284092,0.00018017232650890946,
-0.03688009828329086,-0.007163930684328079,
-0.02644220180809498,-0.002003744710236788,
0.026375945657491684,-0.0022761595901101828,
-0.014750324189662933,0.015929507091641426,
0.026729343459010124,-0.006054790690541267,
0.021291041746735573,-0.012670806609094143,
-0.01698484644293785,-0.024196602404117584,
-0.012681533582508564,0.016947919502854347,
-0.030546052381396294,-0.0291524026542902,
0.00791869405657053,-0.017064891755580902,
0.0035441729705780745,0.056365203112363815,
0.010969497263431549,0.002883541863411665,
0.012083946727216244,-0.017996426671743393,
-0.0010831041727215052,0.016483571380376816,
0.032350655645132065,0.005190118681639433,
0.00013348873471841216,0.026708528399467468,
0.009869491681456566,-0.007870331406593323,
0.020007336512207985,-0.0009248277056030929,
0.0034187915734946728,0.0034450108651071787,
-0.01332702673971653,-0.0008452070178464055,
0.04439519718289375,0.0346246138215065,
-0.037355273962020874,-0.048966627568006516,
-0.0040331133641302586,0.008603392168879509,
-0.004579167813062668,0.01465408131480217,
0.02107379399240017,-0.03942454978823662,
0.022527551278471947,0.012903206050395966,
-0.011803735978901386,0.007896225899457932,
-0.006078039295971394,0.01561913825571537,
-0.000976929091848433,0.025729507207870483,
-0.02262970618903637,0.01742980070412159,
0.02087312750518322,-0.027146166190505028,
0.03686780110001564,-0.013695278204977512,
0.03180845081806183,0.017315715551376343,
0.02099667303264141,0.04201768711209297,
-0.003964749164879322,0.01903364062309265,
-0.04178708791732788,0.0038693922106176615,
0.02690022811293602,-0.012477712705731392,
-0.0033831147011369467,0.00920894555747509,
0.015979887917637825,-0.013245608657598495,
-0.01957477629184723,0.021593449637293816,
-0.027983713895082474,-0.024585597217082977,
0.010658422484993935,-0.014499352313578129,
-0.01608087494969368,-0.0609707273542881,
-0.00235939072445035,0.006421581842005253,
-0.008712350390851498,-0.019542470574378967,
0.015632620081305504,-0.00726385647431016,
0.024110347032546997,0.017760446295142174,
0.008780062198638916,0.006933311000466347,
0.017653625458478928,-0.0299360454082489,
0.02004404179751873,0.0340338759124279,
0.009651482105255127,-0.02316170744597912,
-0.009305221028625965,-0.001154975383542478,
0.011511287651956081,0.017629243433475494,
-0.031025785952806473,0.0025912830606102943,
0.014562963508069515,0.0026120287366211414,
0.03230644762516022,0.015076440759003162,
-0.007633266970515251,-0.006724985782057047,
0.010232705622911453,0.03453141450881958,
-0.001447024056687951,-0.013790507800877094,
-0.0013620674144476652,0.043632254004478455,
0.007641576696187258,-0.01098087802529335,
0.0193342175334692,0.039981625974178314,
-0.007853837683796883,0.0069631123915314674,
-0.0008562722359783947,0.00782743003219366,
0.016984371468424797,0.015909230336546898,
-0.004874697420746088,-0.03444385156035423,
0.03179336339235306,-0.04421968758106232,
0.018700629472732544,0.008942656219005585,
-0.011224468238651752,-0.002841496141627431,
-0.0320059210062027,0.023304548114538193,
0.012364204972982407,-1.1316286872897763e-05,
0.008172883652150631,0.027094947174191475,
0.029492218047380447,-0.010763830505311489,
-0.01874924637377262,0.021930580958724022,
-0.015863489359617233,-0.04230039566755295,
-0.02304254099726677,-0.004125264007598162,
-0.011983864940702915,-0.008873321115970612,
0.007969986647367477,-0.033291883766651154,
-0.024914024397730827,-0.01638653315603733,
0.019393811002373695,-0.0011827554553747177,
0.019496100023388863,0.023362113162875175,
-0.009445007890462875,-0.015660641714930534,
0.03205323591828346,-0.01513260044157505,
-0.049195144325494766,0.024829016998410225,
0.04271536320447922,0.021959535777568817,
0.0008390434668399394,-0.02692265622317791,
-0.045899923890829086,0.019001539796590805,
0.01915173977613449,-0.015561864711344242,
-0.01469624787569046,-0.0350448302924633,
-0.02748609334230423,0.014639731496572495,
0.004639936611056328,0.047024305909872055,
0.017125172540545464,0.007025453262031078,
0.014290422201156616,-0.01131418440490961,
0.0037292083725333214,0.009508906863629818,
0.023179372772574425,-0.028602302074432373,
-0.022829608991742134,0.02827032469213009,
0.00016653613420203328,-0.03564776852726936,
-0.018318258225917816,0.04141005873680115,
0.0019939667545259,-0.040377337485551834,
-0.02575271762907505,0.015984544530510902,
-0.0013433287385851145,0.030131613835692406,
0.002523265779018402,0.015251337550580502,
-0.04501155763864517,0.03820618987083435,
0.025092052295804024,-0.016936425119638443,
-0.00016271269123535603,-0.018545309081673622,
0.013428345322608948,-0.0020785084925591946,
0.015426399186253548,-0.034463703632354736,
0.012098844163119793,-0.0021771425381302834,
0.03984520584344864,0.05390048027038574,
-0.04373544082045555,0.007975276559591293,
0.008678579702973366,0.03620998188853264,
-0.0020868328865617514,0.021010883152484894,
-0.019009578973054886,-0.006576048210263252,
-0.02583964541554451,0.004429150838404894,
-0.05685346946120262,0.02727007493376732,
0.01287171058356762,0.013349701650440693,
-0.007140375208109617,0.02407226338982582,
0.051345344632864,0.0077612390741705894,
0.0025497162714600563,-0.0004584597481880337,
-0.04188170284032822,0.02842630445957184,
-0.003356293076649308,-0.05356433987617493,
0.026097839698195457,0.0029300316236913204,
-0.007923931814730167,-0.013775492087006569,
0.025627601891756058,0.009782083332538605,
0.003134976141154766,-0.03588224947452545,
-0.01829451508820057,-0.00141253846231848,
-0.024424072355031967,-0.00398440845310688,
-0.010122675448656082,0.0011483001289889216,
-0.0384659469127655,-0.00862191990017891,
-0.012149193324148655,0.008193803951144218,
0.0008354331948794425,-0.02141210436820984,
-0.018054448068141937,0.009732243604958057,
0.03806784376502037,0.009087638929486275,
0.006432976108044386,-0.00265997345559299,
0.01256373431533575,0.0017096822848543525,
0.02362118475139141,-0.008276736363768578,
0.0010747825726866722,-0.01620585098862648,
-0.026228198781609535,0.005529188551008701,
-0.007023159880191088,-0.04624044522643089,
0.004768661223351955,-0.0034892288967967033,
-0.009151621721684933,-0.005529056768864393,
0.025993946939706802,0.011904699727892876,
0.021656189113855362,0.030376579612493515,
-0.024649349972605705,0.003458188148215413,
0.07799211889505386,0.0344066359102726,
0.015035891905426979,-0.019525868818163872,
0.02743549831211567,-0.037022143602371216,
-0.024625683203339577,-0.009820378385484219,
0.04267058148980141,0.06720893085002899,
-0.013318540528416634,-0.018181808292865753,
-0.012642274610698223,0.020088596269488335,
0.008719537407159805,-0.0034764462616294622,
0.01381213404238224,-0.038272760808467865,
0.006287903990596533,-0.010806065052747726,
-0.017393684014678,-0.008012079633772373,
0.01644624024629593,-0.03498097136616707,
0.0213138647377491,0.012220163829624653,
0.007152222562581301,0.00028362582088448107,
-0.009453332051634789,-0.00786180142313242,
-0.007916315458714962,0.011231997981667519,
-0.004960863851010799,0.00823904387652874,
0.002026562113314867,-0.04000508040189743,
-0.015573210082948208,0.03359402343630791,
-0.0008483004639856517,0.020533718168735504,
-0.013972810469567776,0.014496361836791039,
-0.01640665903687477,0.020609496161341667,
-0.009774238802492619,-0.02382710576057434,
-0.022390231490135193,-0.0006369640468619764,
-0.025983097031712532,-0.002139965770766139,
0.01489912811666727,0.008081481792032719,
0.020462172105908394,-0.039902541786432266,
-0.028355833142995834,0.01335968915373087,
0.006905936636030674,-0.01877763494849205,
-0.014149004593491554,-0.005060580093413591,
0.02134622074663639,-0.017405958846211433,
-0.046905796974897385,-0.030842095613479614,
-0.02659386210143566,-0.02419574372470379,
0.0020339321345090866,-0.019478166475892067,
0.014929837547242641,-0.025128280743956566,
0.011366372928023338,0.031456973403692245,
0.009033506736159325,0.007785737048834562,
0.008563806302845478,-0.004525018390268087,
-0.0020275076385587454,0.01839573122560978,
0.008369010873138905,-0.042613379657268524,
0.0016662897542119026,-0.00862389151006937,
-0.012118103913962841,-0.027346108108758926,
-0.03333629295229912,-0.013608521781861782,
0.02033095434308052,-0.04655110836029053,
0.02055337466299534,0.04190460219979286,
0.007699112873524427,0.011883516795933247,
0.0008954502991400659,0.012083151377737522,
0.006009130273014307,0.007974386215209961,
-0.016946787014603615,-0.028014039620757103,
-0.03376532346010208,0.01763959228992462,
0.021389048546552658,0.00032880803337320685,
-0.013929305598139763,-0.008290682919323444,
-0.01927245408296585,0.02032117173075676,
-0.016222508624196053,-0.019385075196623802,
-0.017487119883298874,-0.01420758105814457,
0.023085303604602814,-0.009693716652691364,
0.021400930359959602,-0.0012819113908335567,
-0.006548247300088406,-0.022235143929719925,
-0.0272231362760067,-0.021883968263864517,
0.008449344895780087,-0.00800547655671835,
0.022483432665467262,-0.0280862245708704,
0.008948572911322117,-0.011837916448712349,
0.010151077061891556,-0.037848908454179764,
-0.0023464018013328314,0.011552155017852783,
0.005402144510298967,-0.01150595210492611,
-0.003266375046223402,0.02755925990641117,
0.024609796702861786,-0.04828863963484764,
-0.005526521243155003,0.005456943996250629,
0.02201259694993496,-0.01555666234344244,
-0.0059728012420237064,-0.008456005714833736,
0.006543450057506561,0.019009867683053017,
-0.02268373593688011,-0.029782770201563835,
-0.006114982068538666,-0.002926369197666645,
-0.026592498645186424,0.01852475479245186,
-0.01653738133609295,-0.01497593056410551,
0.007778706960380077,0.025510193780064583,
-0.020199481397867203,-0.018937386572360992,
-0.04677996784448624,-0.00822632946074009,
0.005852345377206802,-0.006354974582791328,
-0.012488219887018204,0.006230889819562435,
0.004465898964554071,0.0004913206794299185,
0.009182504378259182,0.03260170295834541,
0.009160465560853481,0.02229643240571022,
-0.002957936143502593,-0.005122920498251915,
-0.01869085617363453,-0.019352564588189125,
0.022361505776643753,0.009093872271478176,
0.012270470149815083,0.02206624113023281,
-0.013097847811877728,-0.02130662091076374,
0.03234408050775528,-0.0060349819250404835,
-0.0249235350638628,-0.044126734137535095,
0.015705659985542297,-0.034140970557928085,
0.020262645557522774,0.019053243100643158,
-0.024531466886401176,-0.008581613190472126,
0.011903513222932816,0.020196624100208282,
0.021114032715559006,0.009061872027814388,
-0.03102589026093483,0.009252846240997314,
-0.017882954329252243,0.013006569817662239,
0.023510508239269257,0.015489166602492332,
-0.013930600136518478,-0.0025416361168026924,
-0.03435029089450836,0.0316586047410965,
-0.006281155161559582,0.02127278782427311,
-0.03160570561885834,-0.009590798057615757,
0.03338490054011345,-0.019720153883099556,
0.039794452488422394,0.026395248249173164,
-0.027534840628504753,0.006938796956092119,
0.0031348939519375563,0.029129302129149437,
0.03544286638498306,-0.05540081486105919,
-0.0007529097492806613,-0.027737081050872803,
-0.01840413548052311,-0.044467631727457047,
0.029977785423398018,0.017358727753162384,
0.0006580878398381174,0.028786057606339455,
-0.031101670116186142,-0.001291819615289569,
0.03109152428805828,-0.004403665196150541,
0.01914428547024727,0.017386419698596,
-0.018787601962685585,0.018856534734368324,
0.014196649193763733,-0.030964994803071022,
-0.020997196435928345,0.06404852867126465,
-0.007233674172312021,-0.002115795621648431,
0.012456897646188736,0.015239487402141094,
0.0057664476335048676,-0.015887735411524773,
0.025147804990410805,0.009888571687042713,
-0.03298976272344589,-0.036903493106365204,
-0.005595762748271227,0.03758229315280914,
0.016751831397414207,-0.0010607934091240168,
0.001098285662010312,0.03154705464839935,
-0.027516668662428856,-0.005961257964372635,
0.0012626165989786386,0.019373232498764992,
0.007224367465823889,0.013856646604835987,
-0.014124656096100807,0.06854773312807083,
-0.002448165323585272,-0.0034443032927811146,
-0.017637325450778008,0.052679628133773804,
-0.0020317230373620987,-0.02382737025618553,
-0.0040733702480793,0.00898963026702404,
-0.0008579366840422153,-0.019165582954883575,
0.019455645233392715,-0.0056528267450630665,
0.0031512852292507887,0.021809445694088936,
-0.04429206624627113,-0.002849771874025464,
0.0020195895340293646,0.006556170526891947,
0.007081897463649511,0.0013412217376753688,
-0.027141740545630455,0.0172001700848341,
-0.00341246766038239,-0.007134464103728533,
-0.007758446503430605,0.025988196954131126,
-0.037391096353530884,0.02461414597928524,
0.008698437362909317,-0.028931034728884697,
0.0012275550980120897,0.02897130884230137,
-0.007430373225361109,-0.005331059452146292,
-0.020636992529034615,0.024656949564814568,
-0.0230832751840353,-0.007348864804953337,
-0.003356560366228223,-0.01134828757494688,
0.02365194261074066,-0.01845461316406727,
0.021013548597693443,-0.0018652592552825809,
0.010275606997311115,0.0025963089428842068,
0.04351838678121567,0.03713526204228401,
-0.026610616594552994,0.005507985595613718,
0.00010584061965346336,0.02413405105471611,
-0.03863553702831268,0.008371441625058651,
0.01530272327363491,-0.0027497713454067707,
-0.008148621767759323,-0.01871074177324772,
-0.0036115406546741724,-0.024528583511710167,
0.0064976634457707405,0.02067308872938156,
0.0021586529910564423,0.04276779294013977,
0.02616526186466217,0.061099424958229065,
-0.004028039053082466,-0.005927287042140961,
0.004390396177768707,-0.03152560442686081,
-0.032534170895814896,-0.021139634773135185,
0.002305692294612527,0.02284039370715618,
0.030830003321170807,-0.01387384906411171,
-0.005147917196154594,-0.018364865332841873,
0.014581677503883839,0.02243255265057087,
0.02158721163868904,-0.007051951251924038,
0.00309204775840044,-0.05207149684429169,
0.00899892020970583,-0.0197440292686224,
-0.03535058721899986,0.03673277050256729,
-0.03119092807173729,-0.00042496182140894234,
-0.0008291146950796247,0.008869758807122707,
0.015035288408398628,-0.013353106565773487,
0.021090727299451828,-0.00040069519309327006,
-0.001966954441741109,0.015367573127150536,
-0.005629001185297966,0.019537294283509254,
0.020064087584614754,-0.0007040303898975253,
0.006026111077517271,0.02638528309762478,
-0.0012359125539660454,0.02319551445543766,
0.015517144463956356,0.03536161780357361,
-0.002314815064892173,-0.03281465917825699,
-0.005098435096442699,-0.0033532262314110994,
0.010136222466826439,-0.009027485735714436,
0.016318757086992264,0.00599904777482152,
-0.025825146585702896,0.017023621127009392,
-0.01598731428384781,-0.01798402890563011,
-0.005066368263214827,-0.04476523771882057,
0.011810646392405033,0.03315480798482895,
0.0062162866815924644,1.9795830667135306e-05,
0.03576633334159851,-0.015727879479527473,
-0.006334366742521524,-0.03523477911949158,
0.009151359088718891,-0.007597292773425579,
0.0023779377806931734,-0.0492188036441803,
-0.027851630002260208,0.028243832290172577,
0.04053548350930214,-0.0008468655869364738,
0.01811792142689228,0.007595431059598923,
0.02149152383208275,0.011908878572285175,
-0.03092588111758232,0.01158848125487566,
-0.00555472681298852,0.006966557819396257,
0.00012895542022306472,-0.041420768946409225,
-0.02428358606994152,0.005088559351861477,
0.005338126327842474,-0.017064649611711502,
-0.012016348540782928,-0.04615335911512375,
-0.010486475192010403,-0.0031461992766708136,
-0.013271349482238293,-0.006797814276069403,
-0.022812893614172935,-0.0061283474788069725,
0.028131164610385895,0.012727179564535618,
-0.014162364415824413,0.0016813636757433414,
-0.00943080149590969,-0.014329704456031322,
0.008852782659232616,-0.013930690474808216,
-0.010036471299827099,-0.03814173489809036,
-0.01121019572019577,0.013989327475428581,
-0.019044725224375725,-0.025002818554639816,
0.017408577725291252,0.031962305307388306,
0.033249631524086,-0.052743371576070786,
-0.0025090770795941353,0.021737398579716682,
0.020866937935352325,0.02344110980629921,
0.01639307290315628,-0.011206724680960178,
-0.004360729828476906,0.012632928788661957,
-0.020196421071887016,0.034066375344991684,
0.0007357334834523499,-0.023801762610673904,
-0.002750843297690153,0.016341647133231163,
0.018697187304496765,0.00373678095638752,
0.0266833808273077,-0.006564538925886154,
0.04723545163869858,-0.002652600174769759,
-0.02982713095843792,0.014510618522763252,
0.028261234983801842,-0.006741025485098362,
0.02293006330728531,0.018659183755517006,
-0.006083936430513859,0.005025085527449846,
0.03341551870107651,0.026263637468218803,
0.01785186678171158,-0.02328474260866642,
0.02949787862598896,0.004806548822671175,
-0.0024297377094626427,-0.006679877173155546,
-0.00871043000370264,0.033288806676864624,
0.03439681604504585,-0.0124950110912323,
-0.030829230323433876,0.004975092597305775,
0.010611358098685741,-0.009336385875940323,
0.037555452436208725,-0.017483482137322426,
0.026753636077046394,0.008714553900063038,
0.008326669223606586,-0.009618251584470272,
-0.011906120926141739,-0.03492620587348938,
-0.012639551423490047,-0.03330032154917717,
-0.042243532836437225,0.005445454269647598,
-0.0072339363396167755,0.0051643019542098045,
-0.006822687573730946,-0.023578397929668427,
0.014017210341989994,-0.02041373960673809,
0.015997422859072685,-0.008361169137060642,
-0.015183079056441784,-0.026706840842962265,
0.021221257746219635,0.032796379178762436,
0.031223902478814125,0.01264879945665598,
-0.02628318965435028,-0.026116151362657547,
-0.011168044991791248,0.04011077806353569,
-0.032803814858198166,0.009469004347920418,
-0.01180501189082861,0.006526611279696226,
-0.00046854058746248484,-0.009910824708640575,
-0.014494245871901512,0.008993051014840603,
0.020272862166166306,-0.03555769845843315,
-0.004701472818851471,0.003106697928160429,
0.026619788259267807,-0.005247815046459436,
-0.025924310088157654,-0.02456495352089405,
0.006955605465918779,0.0446811206638813,
-0.015200729481875896,0.01599322445690632,
-0.030354900285601616,0.020167915150523186,
0.008384205400943756,-0.009057926014065742,
-0.018658220767974854,-0.01258875522762537,
-0.018026093021035194,-0.025502510368824005,
-0.007621637545526028,0.010144527070224285,
0.014167076908051968,0.00997436698526144,
-0.019685758277773857,-0.01129947230219841,
0.04362628608942032,-0.013656746596097946,
0.011763493530452251,0.04758485034108162,
0.0399315319955349,-0.03775402531027794,
-0.034896861761808395,0.023450227454304695,
-0.009263268671929836,0.009722314774990082,
0.02691500261425972,0.019795866683125496,
-0.00839183572679758,-0.02251264452934265,
-0.011303999461233616,0.006790139712393284,
0.006888441275805235,0.013601965270936489,
0.034866198897361755,0.02037772536277771,
-0.0015108556253835559,0.0078033823519945145,
-0.021037930622696877,-0.022816380485892296,
0.006766411010175943,-0.0077470215037465096,
-0.03003261424601078,0.014930104836821556,
-0.008239549584686756,0.022803515195846558,
0.028284631669521332,-0.000858810031786561,
0.03554878383874893,0.02922073006629944,
-0.00905357114970684,0.03967495635151863,
0.0023825052194297314,-0.009700927883386612,
-0.016830256208777428,0.004866333212703466,
-0.06930306553840637,0.010462390258908272,
-0.012932227924466133,-0.016958564519882202,
-0.003188839415088296,-0.015500536188483238,
-0.018389565870165825,-0.024243496358394623,
0.015278132632374763,0.018565502017736435,
0.015814827755093575,0.030430573970079422,
0.01690109446644783,0.0005873120971955359,
-0.04626709222793579,-0.012263089418411255,
-0.012737548910081387,0.02305769920349121,
-0.02402077428996563,-0.01702503301203251,
-0.0028474447317421436,0.019968613982200623,
0.010718580335378647,-0.0525878481566906,
0.027827933430671692,0.01796654984354973,
-0.011504942551255226,0.004977650940418243,
-0.012984718196094036,-0.006708268076181412,
-0.012498695403337479,-0.03037939965724945,
-0.026037445291876793,0.028162404894828796,
-0.029040776193141937,-0.014594893902540207,
-0.015851987525820732,-0.010706229135394096,
0.039231326431035995,-0.023030387237668037,
0.0027922361623495817,-0.014127916656434536,
-0.020467976108193398,-0.021074902266263962,
-0.04720107838511467,-0.024699538946151733,
-0.02921334281563759,-0.0021531577222049236,
-0.01571139134466648,0.024483775720000267,
-0.002552309539169073,-0.008467309176921844,
-0.007186999544501305,0.029271017760038376,
0.011899850331246853,0.002576458500698209,
0.021213283762335777,0.012542862445116043,
0.030477210879325867,-0.019969141110777855,
-0.0009657395421527326,0.015827689319849014,
0.01975042000412941,-0.018717952072620392,
-0.004197217989712954,-0.016110187396407127,
0.006328348070383072,-0.015999779105186462,
0.015322430059313774,0.009544040076434612,
0.014953034929931164,0.005794378463178873,
0.0009162521455436945,-0.05434534326195717,
0.028624216094613075,0.012157789431512356,
-0.0349126011133194,-0.004755980335175991,
-0.009301755577325821,-0.024846410378813744,
0.015555689111351967,0.012620593421161175,
0.0339326448738575,0.02210778370499611,
-0.01696775108575821,-0.03127937391400337,
-0.001232799724675715,0.00035085497074760497,
0.01269441843032837,-0.001816391828469932,
0.008260938338935375,0.028834108263254166,
-0.00010194225615123287,0.035028014332056046,
0.0033064221497625113,0.017399141564965248,
0.00810933206230402,0.021031055599451065,
0.010652853175997734,0.00043970925617031753,
0.004363473504781723,0.007966306060552597,
-0.009641285985708237,-0.03633875027298927,
-0.01842017099261284,-0.010807170532643795,
0.019490761682391167,0.017339009791612625,
-0.00039415055653080344,0.016216086223721504,
-0.013966004364192486,0.030704660341143608,
-0.05293208733201027,-0.060152702033519745,
-0.02014295756816864,-0.04226529970765114,
-0.009778155945241451,0.008971091359853745,
-0.008122227154672146,-0.003825254738330841,
-0.02820518985390663,-0.01357193198055029,
0.020168831571936607,0.010753143578767776,
0.02480963058769703,0.06695995479822159,
-0.03810148686170578,0.02908739075064659,
0.014131134375929832,-0.024209678173065186,
0.06877271085977554,-0.00953940860927105,
-0.041113730520009995,0.01897960528731346,
0.030100902542471886,0.04088139533996582,
-0.02686372585594654,0.0315474234521389,
-0.018577879294753075,-0.00890488550066948,
-0.008777456358075142,-0.0009275026386603713,
0.0028215579222887754,-0.001922297989949584,
-0.006044087000191212,-0.011903385631740093,
-0.018537044525146484,-0.005947973113507032,
0.0030351909808814526,0.023690277710556984,
0.011949345469474792,-0.03212527930736542,
0.018003029748797417,-0.01806267723441124,
-0.03881695121526718,-0.02659432403743267,
0.011465699411928654,0.0243221502751112,
-0.0034273015335202217,0.004279803019016981,
-0.018021199852228165,-0.01967862993478775,
-0.02356008253991604,0.019826874136924744,
0.0037793274968862534,-0.040013790130615234,
0.016676699742674828,0.006514434237033129,
0.01800728589296341,-0.051848139613866806,
-0.01663980633020401,0.0037923958152532578,
0.0035396460443735123,-0.08566486835479736,
0.008733757771551609,-0.004809780512005091,
-0.03585623577237129,0.011137883178889751,
0.04388481006026268,0.011884919367730618,
-0.017809860408306122,-0.013670644722878933,
-0.01581849716603756,-0.003673086641356349,
0.011631140485405922,0.014827972277998924,
0.005233313888311386,0.010265166871249676,
0.03693298250436783,-0.014478650875389576,
-0.01277741976082325,0.012540029361844063,
-0.06043824926018715,-0.033435020595788956,
-0.039545729756355286,-0.03800959885120392,
0.0086508858948946,0.02079346589744091,
0.02129543200135231,-0.033973511308431625,
-0.006296113599091768,-0.020744994282722473,
0.006314071826636791,-0.027360456064343452,
-0.0223806444555521,0.017256250604987144,
0.0032498021610081196,0.005040563177317381,
0.010407700203359127,-0.0035081785172224045,
0.008761421777307987,-0.015357245691120625,
0.01120203547179699,-0.01745511032640934,
-0.028649862855672836,0.015767069533467293,
0.02419448457658291,0.002883150242269039,
-0.019654054194688797,0.013190495781600475,
0.008365605026483536,0.007651045918464661,
-0.061983563005924225,0.009303243830800056,
-0.030419759452342987,-0.023292960599064827,
0.02102810889482498,-0.017137177288532257,
-0.038342222571372986,0.02710350789129734,
0.039859894663095474,-0.017696507275104523,
0.0382089726626873,-0.010237123817205429,
0.0226241797208786,-0.010801256634294987,
0.002105351537466049,-0.027852628380060196,
0.008775574155151844,-0.012535600923001766,
-0.009660576470196247,-0.018713990226387978,
-0.0029338716994971037,0.004987092688679695,
0.01103285700082779,-0.018842697143554688,
0.003870174055919051,0.003275294089689851,
0.007181849796324968,0.03216792270541191,
0.04351348057389259,-0.005458862986415625,
-0.017775295302271843,0.013420271687209606,
-0.00455078948289156,0.01220871414989233,
-0.027994191274046898,0.04080339893698692,
0.022548925131559372,-0.007522013038396835,
-0.029547128826379776,0.010765967890620232,
0.014180454425513744,-0.003142918460071087,
-0.0050431955605745316,0.031099779531359673,
0.008081968873739243,0.010944030247628689,
-0.011146106757223606,0.029360592365264893,
-0.015387347899377346,-0.0027492211665958166,
0.012875702232122421,-0.0031079710461199284,
0.05781906470656395,-0.0581488162279129,
0.005002357065677643,0.016210850328207016,
0.01161170657724142,-0.04754379391670227,
-0.007627943996340036,0.0099679259583354,
-0.05015380680561066,0.010893790051341057,
-0.02499268390238285,0.013689206913113594,
0.0006303625414147973,-0.009475219063460827,
-0.008502348326146603,0.02513069286942482,
-0.01536882296204567,0.0353277362883091,
0.020203985273838043,0.025691349059343338,
-0.039204295724630356,0.02043170854449272,
-0.052266765385866165,0.014410079456865788,
-0.026808490976691246,-0.03364967554807663,
0.0003606873215176165,0.00649320799857378,
-0.009246881119906902,0.0038337167352437973,
0.019422316923737526,-0.01610630936920643,
-0.022969963029026985,0.01932879351079464,
-0.013063340447843075,0.008778507821261883,
0.010257161222398281,-0.008600512519478798,
0.014182796701788902,0.04791655018925667,
0.006460674572736025,0.004710791632533073,
0.0016892339335754514,0.001812795177102089,
0.007937991991639137,0.012280309572815895,
0.0031548901461064816,-0.003519980935379863,
0.011285416781902313,0.008546674624085426,
-0.024645498022437096,0.017734311521053314,
0.00913708470761776,-0.025044333189725876,
-0.011979365721344948,-0.03113858960568905,
-0.026792582124471664,-0.003697532694786787,
0.005052607040852308,0.0025059329345822334,
0.01052902452647686,-0.0016269413754343987,
-0.0007570855668745935,-0.009642185643315315,
0.0022875661961734295,0.0035167974419891834,
-0.0028521001804620028,0.030779333785176277,
0.012600565329194069,0.026081278920173645,
-0.05214008316397667,0.013766779564321041,
0.04726486653089523,0.005031940061599016,
-0.02292945608496666,0.027362344786524773,
0.0033671970013529062,0.01554571371525526,
0.007536848075687885,0.005470707546919584,
0.018897343426942825,-0.006876194849610329,
0.013931628316640854,0.04362194612622261,
0.04878363758325577,0.03968886286020279,
0.022977696731686592,-0.02924298122525215,
0.01428917609155178,-0.011375210247933865,
0.02022727206349373,0.019098157063126564,
-0.02006417140364647,0.019902875646948814,
0.007510227616876364,0.009558075107634068,
-0.01853071339428425,-0.0057868980802595615,
-0.009643218480050564,0.02548961527645588,
-0.005146692506968975,-0.03843468055129051,
-0.033118754625320435,-0.004632551223039627,
-0.00625021243467927,-0.031204640865325928,
-0.022628089413046837,0.023584140464663506,
0.008635517209768295,-0.02041192166507244,
-0.012682650238275528,-0.021101733669638634,
-0.0032811861019581556,0.045075710862874985,
0.00481115048751235,-0.03625931590795517,
-0.016665367409586906,-0.004355763550847769,
0.013013526797294617,0.015044479630887508,
-0.021936524659395218,-0.009438490495085716,
0.0510491319000721,-0.00024343763652723283,
0.02511567808687687,0.039281245321035385,
-0.015317896381020546,0.022779710590839386,
-0.03042198158800602,0.007114845793694258,
0.02701565809547901,-0.0014276052825152874,
0.025243796408176422,-0.02814568020403385,
-0.018597668036818504,-0.029774541035294533,
-0.009543664753437042,0.0035140688996762037,
1.065432797986432e-06,-0.019888460636138916,
0.025575637817382812,-0.014789406210184097,
0.0002496149390935898,0.018542388454079628,
0.025979826226830482,-0.0014957103412598372,
0.020329436287283897,0.03481387719511986,
-0.0007884835358709097,0.03965119272470474,
0.024143073707818985,-0.018228966742753983,
-0.010221008211374283,0.000968441367149353,
-0.009913552552461624,0.010788148269057274,
-0.012830046936869621,-0.00628458708524704,
0.05065754055976868,-0.0016959381755441427,
-0.056402288377285004,0.0013262665597721934,
0.002611518371850252,-0.016069844365119934,
0.03572368621826172,0.0006457564304582775,
-0.02012217789888382,0.05503971129655838,
0.010679849423468113,0.0034462129697203636,
-0.016865894198417664,-0.013723911717534065,
-0.02515861578285694,0.02816660702228546,
-0.007792585529386997,-0.0013852543197572231,
-0.02216843143105507,0.03992621600627899,
0.0030364866834133863,-0.018365832045674324,
-0.01825200393795967,0.014334983192384243,
0.003770807757973671,-0.008075420744717121,
0.008258684538304806,-0.035504426807165146,
-0.013811769895255566,0.010789109393954277,
-0.016816245391964912,-0.02988743968307972,
0.029569989070296288,-0.051168292760849,
0.05463425815105438,0.013666688464581966,
0.008451845496892929,-0.01025755237787962,
0.033871520310640335,0.025923866778612137,
-0.004298708401620388,0.049281977117061615,
0.0029419877100735903,0.00529788201674819,
0.010454701259732246,-0.02568754181265831,
-0.02515675500035286,0.00874563679099083,
-6.421475700335577e-05,-0.009654966183006763,
0.03027944453060627,-0.010291245765984058,
-0.001502838684245944,-0.01767350733280182,
-0.0018156616715714335,-0.011599346064031124,
-0.03358323499560356,0.048093948513269424,
0.023141341283917427,-0.0011543036671355367,
-0.005872134584933519,-0.005609297659248114,
0.00972223561257124,0.007163747679442167,
-0.04246122017502785,-0.001499204896390438,
-0.013148553669452667,0.007990607991814613,
-0.022646157070994377,-0.04206647723913193,
-0.015384307131171227,0.009113996289670467,
-0.0032297291327267885,-0.049223076552152634,
0.04775989055633545,-0.005828286521136761,
0.005715124309062958,0.01141260378062725,
-0.04614739492535591,0.0020227914210408926,
0.006790447980165482,-0.04332517832517624,
0.0224022027105093,-0.02338704839348793,
0.01733800582587719,0.020384203642606735,
-0.0179643202573061,0.010773271322250366,
-0.02031455747783184,-0.0012388722971081734,
0.020010005682706833,-0.003088864032179117,
0.045225031673908234,-0.0016367945354431868,
-0.013298613019287586,0.013730527833104134,
-0.008884221315383911,-0.018669577315449715,
-0.01652761921286583,0.01315945666283369,
-0.027979018166661263,0.010536336340010166,
0.025238685309886932,0.038267724215984344,
-0.012712432071566582,-0.014203237369656563,
0.019534597173333168,9.180110646411777e-05,
0.0005912714987061918,0.03392758220434189,
0.034685444086790085,0.013869785703718662,
0.00523966271430254,-0.009190945886075497,
-0.007391977123916149,0.021992361173033714,
-0.009796113707125187,0.005311133340001106,
0.004658800084143877,0.03481077775359154,
0.038697630167007446,-0.042303405702114105,
0.04011998698115349,-0.009120728820562363,
0.03511444479227066,-0.007333681918680668,
0.043300945311784744,0.0003794717777054757,
0.011170447804033756,0.00814438983798027,
0.022215615957975388,-0.0019117321353405714,
-0.03168206661939621,0.011522549204528332,
0.018584951758384705,0.018804293125867844,
-0.04297541454434395,0.002555795246735215,
-0.012201044708490372,0.02738318033516407,
-0.020217617973685265,-0.015391824766993523,
-0.01579049974679947,-0.008787715807557106,
-0.023928754031658173,-0.002779401605948806,
0.014851296320557594,0.008543831296265125,
0.016546981409192085,0.001832266105338931,
0.0023957511875778437,0.025517933070659637,
0.0026378370821475983,-0.0011882844846695662,
-0.003721057903021574,-0.011912661604583263,
-0.02210712805390358,-0.013332733884453773,
0.007780411280691624,-0.017208434641361237,
0.0013125367695465684,0.0030269057024270296,
0.031612809747457504,0.012709435075521469,
-0.0015550904208794236,0.01204289123415947,
0.039450470358133316,-0.007599771488457918,
-0.007158196065574884,-0.024513622745871544,
0.008054369129240513,0.016555139794945717,
-0.008160230703651905,0.023574592545628548,
0.028912179172039032,-0.0002031041804002598,
-0.011422482319176197,0.012091956101357937,
-0.009907317347824574,-0.010950101539492607,
0.021033577620983124,0.0041793095879256725,
-0.01393723301589489,0.029728729277849197,
0.0018540688324719667,0.0008372950251214206,
-0.022223614156246185,-0.032433681190013885,
-0.027110662311315536,-0.0240783728659153,
0.010859568603336811,0.037591345608234406,
-0.03426068648695946,-0.030205344781279564,
-0.03258724883198738,0.017628084868192673,
0.02115759439766407,0.024069683626294136,
0.008310158737003803,0.018475810065865517,
-0.006067434325814247,0.01209084503352642,
0.007237164303660393,-0.007244483567774296,
-0.003067316487431526,-0.0002469845348969102,
-0.01770944893360138,-0.025063766166567802,
0.030255215242505074,-0.02550024725496769,
-0.035879947245121,0.01601051539182663,
-0.011892874725162983,0.003629447892308235,
-0.010084114037454128,0.019375940784811974,
-0.008574713952839375,0.007408402394503355,
-0.016595682129263878,0.0042381929233670235,
0.010573990643024445,-0.00885056983679533,
-0.033988989889621735,-0.011378363706171513,
0.014993478544056416,0.031097525730729103,
-0.026393195614218712,-0.008135119453072548,
-0.018137380480766296,-0.009297261014580727,
-0.03965190798044205,0.03254811838269234,
0.012495080009102821,0.014461384154856205,
-0.017767785117030144,-0.004995869938284159,
0.02767512947320938,0.01892787590622902,
-0.0128498375415802,0.02560645155608654,
0.007654979825019836,0.017300214618444443,
-0.025661557912826538,0.027535971254110336,
0.010879481211304665,-0.017838893458247185,
0.00598257826641202,0.009987670928239822,
-0.02223614975810051,0.0014451632741838694,
-0.01168115809559822,-0.005063496995717287,
-0.011805908754467964,0.01179305650293827,
-0.061625365167856216,-0.00848627183586359,
-0.018156414851546288,0.0009252654854208231,
0.01690170355141163,0.017178256064653397,
-0.024100853130221367,0.01427401416003704,
0.03624476492404938,0.029682934284210205,
-0.04187740758061409,-0.028216255828738213,
0.024999378249049187,0.028107866644859314,
0.023701496422290802,-0.018497876822948456,
-0.017563549801707268,-0.0012013756204396486,
0.014582033269107342,0.020827097818255424,
0.004096348769962788,0.0022354265674948692,
0.011315004900097847,0.04018860310316086,
0.014768237248063087,0.007287637330591679,
0.011457987129688263,-0.033779166638851166,
-0.04177314415574074,-0.026112545281648636,
-0.014153929427266121,-0.014212770387530327,
0.032846175134181976,-0.008132055401802063,
0.010393666103482246,0.018160084262490273,
0.03201964497566223,-0.028956593945622444,
-0.00928207952529192,0.03999717906117439,
-0.0015977713046595454,0.038616668432950974,
0.010037831030786037,0.021398445591330528,
-0.001511869952082634,-0.002570013515651226,
-0.02421403117477894,-0.026584841310977936,
-0.029915498569607735,-0.020115898922085762,
-0.016192957758903503,-0.017582768574357033,
-0.0018852486973628402,-0.015656251460313797,
0.017342867329716682,-0.03615231439471245,
0.002216857858002186,0.04239894822239876,
-0.0016828397056087852,-0.005575495772063732,
0.011190944351255894,0.013301375322043896,
-0.002415809780359268,0.044464416801929474,
0.03419630229473114,-0.0030871841590851545,
-0.03236973658204079,0.002000960987061262,
0.015083804726600647,0.006251663435250521,
-0.03428778424859047,-0.03217218071222305,
0.004277895670384169,-0.017764773219823837,
0.016176877543330193,0.023668302223086357,
0.03190779685974121,-0.024264005944132805,
0.01920943893492222,-0.06112905219197273,
0.017061002552509308,0.03916827589273453,
-0.03646225854754448,-0.026402879506349564,
-0.005058682523667812,0.035406310111284256,
0.007809241767972708,0.013851861469447613,
-0.017116613686084747,0.004289711359888315,
0.008412190712988377,0.04419105872511864,
0.023599302396178246,0.010939248837530613,
-0.023429395630955696,-0.0010846193181350827,
0.04104908928275108,0.0070747677236795425,
-0.015059567987918854,-0.016471130773425102,
0.012310945428907871,-0.01575421914458275,
-0.026437364518642426,-0.009512418881058693,
0.010078930296003819,0.005405046511441469,
0.0039008241146802902,0.02506869286298752,
0.002310780342668295,0.012979153543710709,
-0.0012186304666101933,-0.02953300252556801,
-0.008333404548466206,-0.010826131328940392,
-0.027840539813041687,0.0038992618210613728,
-0.03921139985322952,-0.029047610238194466,
-0.01225318294018507,0.011335104703903198,
0.0007535848999395967,0.003242658218368888,
-0.009366098791360855,-0.02303485944867134,
0.010482743382453918,0.006126123946160078,
-0.018071983009576797,0.007700121030211449,
-0.0002941013080999255,-0.003461900632828474,
-0.03435015678405762,-0.026599101722240448,
0.02851300872862339,-0.03494725376367569,
0.036180973052978516,-0.005005904473364353,
-0.02194487676024437,0.022130867466330528,
0.033832624554634094,-0.00025849265512079,
0.027458177879452705,0.029280979186296463,
0.03484196588397026,0.028870761394500732,
-0.013119538314640522,0.018388893455266953,
-0.0012163182254880667,0.054541751742362976,
-0.03300603851675987,-0.015814460813999176,
-0.02840491198003292,0.01531069353222847,
0.020298587158322334,-0.0022829691879451275,
-0.019152110442519188,0.022754285484552383,
0.0009386584279127419,-0.013894892297685146,
0.01524064876139164,0.0008333363803103566,
-0.0175747312605381,0.007981961593031883,
0.00039204652421176434,0.02742885798215866,
0.008258513174951077,0.0007699832203797996,
0.02577098459005356,0.013320762664079666,
-0.01212738174945116,0.031077278777956963,
-0.005251442082226276,-0.03787475451827049,
-0.004969229456037283,-0.004364917986094952,
0.0379154272377491,-0.021389415487647057,
0.0032964933197945356,-0.02066841907799244,
-0.027064796537160873,-0.018110763281583786,
0.016406577080488205,0.025318140164017677,
0.014566394500434399,0.010863970033824444,
0.026031887158751488,-0.010844860225915909,
-0.03518008440732956,0.004517629276961088,
-0.025515632703900337,-0.00911239068955183,
0.03403816744685173,-0.00920407846570015,
-0.018765486776828766,-0.013304317370057106,
0.015246432274580002,0.017346801236271858,
-0.011913783848285675,-0.007131526712328196,
0.014427443034946918,0.014978940598666668,
-0.056391164660453796,0.005407135002315044,
-0.03170743212103844,-0.015007608570158482,
-0.026390554383397102,0.0009744192357175052,
-0.03594663366675377,0.018358251079916954,
0.021143218502402306,-0.029320379719138145,
0.014842239208519459,-0.02163701131939888,
0.04739798605442047,0.028898021206259727,
-0.00044982400140725076,0.01675279624760151,
0.01622147671878338,0.03004327230155468,
-0.015014839358627796,-0.013271101750433445,
-0.004010394215583801,0.027851903811097145,
0.0241006501019001,-0.007387806195765734,
-0.0013774068793281913,0.021129023283720016,
0.002983968937769532,0.019607998430728912,
-0.04758801683783531,0.008745123632252216,
0.021783720701932907,-0.0318133719265461,
0.010990616865456104,0.008449201472103596,
0.009367798455059528,-0.012052290141582489,
0.01535486988723278,0.01490823458880186,
0.011167580261826515,0.001208122237585485,
0.03132706135511398,0.01717390865087509,
-0.00857307855039835,-0.017338866367936134,
0.01785055175423622,-0.018253013491630554,
-0.022797370329499245,0.01468329131603241,
-0.004332072101533413,0.00025757873663678765,
-0.018303479999303818,0.01705780439078808,
0.056694239377975464,0.049065668135881424,
-0.013942944817245007,0.005906232167035341,
-0.02257952094078064,0.026885969564318657,
0.04605896398425102,-0.022710131481289864,
0.028928078711032867,-0.007991455495357513,
0.036251530051231384,0.0013880468904972076,
0.0013259805273264647,0.0011063492856919765,
-0.014838598668575287,-0.03839177265763283,
-0.0026962924748659134,0.008618366904556751,
0.0344572439789772,0.012030470184981823,
0.005170835182070732,0.013764364644885063,
-0.0006863740272819996,-0.026587054133415222,
0.011431513354182243,-0.004035064950585365,
-0.04238147288560867,-0.011698083020746708,
-0.036144837737083435,0.022330982610583305,
-0.0009152877610176802,0.04787681624293327,
0.024381889030337334,0.02047128789126873,
0.0038569876924157143,0.03498280420899391,
0.028030579909682274,0.013570335693657398,
-0.007363520096987486,0.029990730807185173,
-0.03349924832582474,0.03198665380477905,
0.02267102710902691,-0.006526296958327293,
-0.0364798866212368,0.02919621765613556,
0.01944613829255104,-0.0009184149093925953,
0.03370478376746178,0.012862728908658028,
0.010481196455657482,0.009231469593942165,
0.002772187115624547,-0.016480954363942146,
0.00048743427032604814,-0.01199201587587595,
-0.011208354495465755,-0.020006928592920303,
-0.015958907082676888,0.025246798992156982,
0.014802802354097366,-0.0308340173214674,
-0.023283986374735832,-0.030193928629159927,
0.008760291151702404,-0.020031362771987915,
-0.02300085686147213,-0.00637435307726264,
0.008977790363132954,-0.018181372433900833,
-0.018062902614474297,-0.026605498045682907,
0.010517091490328312,0.008421029895544052,
-0.06354597955942154,-0.008977708406746387,
-0.0029352549463510513,-0.03561996668577194,
0.004506020341068506,-0.02668159455060959,
-0.005075486842542887,0.012919727712869644,
-0.016330964863300323,0.0044253733940422535,
0.03364531323313713,-0.005671480670571327,
-0.032498713582754135,-0.014861947856843472,
0.01668904535472393,-0.00040672547766007483,
-0.014199463650584221,-0.024064259603619576,
0.014484094455838203,0.029758809134364128,
-0.03155612573027611,0.059581607580184937,
-0.021913709118962288,0.0006921194726601243,
0.005005284212529659,0.028826052322983742,
-0.007155099883675575,0.017019124701619148,
0.026843756437301636,-0.005205277353525162,
-0.0236012302339077,0.00215148669667542,
0.012389345094561577,-0.0034991225693374872,
0.025575151666998863,-0.036605268716812134,
-0.035786546766757965,-0.010415837168693542,
-0.015605363994836807,-0.008068535476922989,
-0.00483659328892827,0.007006016559898853,
0.012614812701940536,-0.005724955350160599,
0.04223557561635971,-0.012756121344864368,
0.006142653990536928,-0.0008374422322958708,
-0.017494801431894302,-0.015292434953153133,
0.030793938785791397,0.016734391450881958,
-0.01673112064599991,0.012856819666922092,
-0.006493328604847193,-0.001483374391682446,
0.0015131235122680664,0.0017802075017243624,
-0.034034714102745056,-0.010729102417826653,
0.025507718324661255,0.028668301180005074,
0.0019282615976408124,0.015863019973039627,
0.014993797987699509,-0.022028936073184013,
-0.018227914348244667,-0.022424569353461266,
-0.015557313337922096,0.020001137629151344,
-0.036290984600782394,-0.017482174560427666,
0.00781997386366129,0.012657702900469303,
0.028083978220820427,0.0011116006644442677,
-0.0243395883589983,-0.02035551890730858,
-0.0020344911608844995,0.016351399943232536,
0.011497512459754944,0.014302270486950874,
-0.030745092779397964,0.025111448019742966,
0.02827512100338936,0.021787971258163452,
0.00956894550472498,0.016167502850294113,
-0.021991508081555367,-0.02522715926170349,
0.013966158963739872,0.0014684367924928665,
-0.04268649220466614,-0.027462176978588104,
-0.00030911556677892804,0.0165175162255764,
-0.008928285911679268,-0.010114042088389397,
0.0028521311469376087,-0.026422029361128807,
-0.003550964407622814,-0.014837414026260376,
0.028393028303980827,-0.006276991218328476,
0.00228315987624228,0.007361282594501972,
-0.011286655440926552,0.019393369555473328,
0.00643140496686101,-0.010252065025269985,
0.011419834569096565,-0.0005513378418982029,
-0.033481087535619736,0.004011068027466536,
-0.015402616932988167,0.024120060727000237,
-0.009575603529810905,-0.02751363068819046,
0.010785107500851154,0.01673797331750393,
-0.012210444547235966,-0.032622821629047394,
-0.05857190489768982,-0.0011428950820118189,
0.03368334099650383,-0.017130520194768906,
-0.028855957090854645,-0.02351776696741581,
-0.005493448581546545,-0.000991008011624217,
-0.014395028352737427,-0.006766702979803085,
-0.0008177155978046358,-0.00647215498611331,
0.008175467140972614,0.004114902578294277,
-0.012396544218063354,-0.0044401949271559715,
-0.010571629740297794,0.013490598648786545,
-0.0362045019865036,0.013105723075568676,
-0.05801517888903618,0.004689567256718874,
0.020349524915218353,0.0031857152935117483,
-0.028320515528321266,0.021566318348050117,
0.01841617561876774,-0.012278434820473194,
0.022773999720811844,0.01761513762176037,
-0.016930053010582924,0.002648297231644392,
0.009000342339277267,0.004183567129075527,
-0.015753883868455887,-0.0026204807218164206,
0.015694634988904,0.015164248645305634,
0.0034981784410774708,0.009263279847800732,
0.0027990001253783703,-0.023463355377316475,
0.00896853394806385,-0.057616379112005234,
0.02944904752075672,0.03964696452021599,
-0.04704218730330467,0.057907313108444214,
-0.008332248777151108,0.027311932295560837,
-0.027806907892227173,-0.019826732575893402,
0.003089865203946829,-0.04174850136041641,
0.005715709645301104,0.012722521089017391,
0.031216979026794434,-0.014044603332877159,
0.025054339319467545,-0.004061076790094376,
-0.0016872293781489134,0.009402789175510406,
-0.017773792147636414,-0.002375739859417081,
0.03041459247469902,0.016677936539053917,
0.017686637118458748,0.010222621262073517,
0.039575207978487015,0.03180268779397011,
-0.0004306304035708308,-0.0294962078332901,
0.012386594898998737,0.0044498625211417675,
0.01805596984922886,-0.011533538810908794,
0.017231473699212074,-0.015923036262392998,
0.02488299086689949,-0.0541778989136219,
0.007000448647886515,0.005864002276211977,
0.005234731361269951,-0.02630113996565342,
0.0018313751788809896,-0.006804870907217264,
0.01847253181040287,0.04116441309452057,
-0.029845740646123886,0.005562919657677412,
-0.00840725190937519,0.03961183503270149,
0.04219220206141472,0.005901074502617121,
0.024411741644144058,-0.021766450256109238,
-0.03375398367643356,0.02304929681122303,
-0.007092995103448629,0.030884770676493645,
-0.031462427228689194,0.008375732228159904,
0.027993224561214447,-0.0029306989163160324,
0.015059510245919228,0.04270034655928612,
0.012384737841784954,0.012844130396842957,
0.03668437525629997,-0.014929593540728092,
-0.006107183638960123,0.022014889866113663,
0.0069727823138237,-0.02296116203069687,
-0.007259417325258255,0.01739649660885334,
-0.004959338344633579,-0.014092795550823212,
-0.010998830199241638,-0.022189214825630188,
-0.030717885121703148,0.029665911570191383,
0.00016766213229857385,-0.0037571375723928213,
0.004717339761555195,0.0005964729352854192,
0.0026265832129865885,0.005897491239011288,
0.011686178855597973,-0.00479121832177043,
-0.017360301688313484,0.01713644526898861,
0.006647901143878698,-0.006306561175733805,
-0.012785302475094795,-0.0245075523853302,
-0.0046516102738678455,-0.00584429083392024,
-0.0015021534636616707,-0.016260599717497826,
-0.0017195908585563302,-0.001999516040086746,
0.025634679943323135,-2.030284122156445e-05,
0.004359301645308733,0.005773664452135563,
0.01759806089103222,-0.009070449508726597,
0.05091151222586632,-0.008522335439920425,
-0.03728342428803444,-0.009115456603467464,
-0.02556096389889717,-0.016043443232774734,
-0.005214291159063578,-0.011416776105761528,
0.03804246336221695,0.012778439559042454,
0.025752469897270203,0.03586737811565399,
-0.016007235273718834,-0.02057632990181446,
-0.021790698170661926,-0.005050826817750931,
-0.0031258973758667707,0.031124982982873917,
-0.05509749427437782,-0.018590083345770836,
0.02761843614280224,0.015776075422763824,
-0.01821845769882202,0.015753941610455513,
0.01224533375352621,-0.0019562465604394674,
-0.0021688726264983416,0.05119728296995163,
-0.008735258132219315,0.006685157772153616,
0.028619451448321342,-0.03638523444533348,
-0.01757073402404785,-0.029229892417788506,
-0.021387537941336632,0.0141312126070261,
-0.0005524769658222795,-0.03898746892809868,
-0.008172452449798584,-0.026365268975496292,
-0.0001743403699947521,0.008642157539725304,
0.026447420939803123,-0.006530533079057932,
0.0012605221709236503,0.00608074851334095,
-0.05797877907752991,-0.016113944351673126,
0.025189759209752083,0.04734484478831291,
-0.023913871496915817,0.02603030763566494,
0.046393848955631256,-0.039088305085897446,
0.031631045043468475,0.009835013188421726,
-0.022181520238518715,0.04858073219656944,
-0.015750465914607048,0.003985429648309946,
0.023056654259562492,-0.01450754702091217,
0.005473618861287832,-0.0284827072173357,
0.004088872112333775,-0.01452706754207611,
0.016232632100582123,-0.020646413788199425,
0.0357842780649662,-0.010267836041748524,
0.013960245996713638,-0.0030964594334363937,
-0.01139751821756363,-0.01328746136277914,
0.03911476954817772,-0.016458401456475258,
-0.013005155138671398,0.0048770783469080925,
0.0075666820630431175,0.006165081635117531,
-0.019499890506267548,0.03590793535113335,
-0.01708383671939373,-0.011558783240616322,
0.003720143111422658,0.013593930751085281,
-0.0064432015642523766,-0.029414717108011246,
0.03917281702160835,0.018156392499804497,
-0.015136731788516045,-0.04238469898700714,
0.015833742916584015,0.010495462454855442,
-0.004244406707584858,0.026386553421616554,
-0.0437186025083065,-0.013459494337439537,
-0.015249369665980339,0.019008124247193336,
-0.007014380767941475,-0.009962310083210468,
0.0070471311919391155,0.024943847209215164,
0.0018947870703414083,-0.00960912462323904,
-0.013243590481579304,0.003228225512430072,
0.00898465234786272,0.005140063818544149,
0.008211727254092693,-0.01612137071788311,
0.007490148302167654,-0.010609178803861141,
0.03195010870695114,-0.02186233177781105,
-0.02000345289707184,0.030495552346110344,
0.022332560271024704,-0.029225340113043785,
0.015085873194038868,-0.012513892725110054,
0.012066910974681377,-0.04674575477838516,
0.02047266624867916,0.010161392390727997,
0.013944550417363644,-0.023387866094708443,
-0.04244864732027054,0.02402573637664318,
-0.0018353593768551946,0.005841566249728203,
0.019762855023145676,-0.008209108375012875,
0.0009116053697653115,-0.004583828616887331,
0.023411870002746582,0.007001029327511787,
-0.018468333408236504,0.01396810170263052,
0.025313958525657654,-0.013433026149868965,
-0.0044077495113015175,-0.007991781458258629,
0.01786152645945549,-0.02593427523970604,
0.01193369273096323,0.0038305490743368864,
-0.0031464621424674988,-0.002877982333302498,
0.005452906712889671,-0.03393606096506119,
-0.009583468548953533,0.016726016998291016,
0.02197452262043953,-0.033399201929569244,
-0.015448659658432007,-0.007066374644637108,
-0.01672726683318615,-0.0030452015344053507,
-0.023341026157140732,-0.017350008711218834,
0.013042534701526165,0.024704862385988235,
0.021204419434070587,0.013048477470874786,
-0.010648460127413273,-0.01365662831813097,
-0.009541524574160576,-0.031545817852020264,
-0.014553243294358253,-0.0013943559024482965,
0.014844071120023727,0.030861450359225273,
-0.0025597703643143177,-0.0168757326900959,
0.004388182889670134,0.02487802319228649,
-0.0062862238846719265,-0.047160305082798004,
2.804624273267109e-05,0.04883722960948944,
-0.04363959655165672,0.024337610229849815,
-0.003998604603111744,-0.031018201261758804,
-0.0015111040556803346,0.004208466503769159,
-0.019276179373264313,-0.008619146421551704,
-0.027439549565315247,0.0315009281039238,
-0.0024715138133615255,-0.0013893754221498966,
-0.006293181795626879,0.023699460551142693,
-0.015010030940175056,0.0025152016896754503,
0.010242953896522522,-0.003630734048783779,
-0.017283212393522263,0.023849662393331528,
0.009662668220698833,0.001139846513979137,
-0.008269572630524635,0.014886543154716492,
0.05690322443842888,0.03277010843157768,
0.022112183272838593,0.019320113584399223,
0.03552774339914322,0.020425641909241676,
-0.0075410944409668446,0.004943877924233675,
-0.0008036041399464011,0.005320735275745392,
-0.011719762347638607,0.018588339909911156,
0.030040672048926353,0.017578041180968285,
0.018878282979130745,0.0021626916714012623,
0.048291005194187164,0.0014385392423719168,
-0.002678853226825595,-0.020290018990635872,
0.04062032699584961,-0.0022975504398345947,
0.004427156411111355,-0.008016361854970455,
-0.017620064318180084,0.02608824521303177,
-0.03331989794969559,-0.0479520745575428,
-0.030493974685668945,0.003677700413390994,
0.025306550785899162,0.006483839359134436,
-0.020126529037952423,-0.015987427905201912,
0.0021680768113583326,0.016240503638982773,
-0.018743833526968956,-0.001283452846109867,
0.0030060801655054092,-0.02155095897614956,
-0.007304239086806774,-0.016118336468935013,
0.013717344962060452,0.0179227776825428,
0.0020737950690090656,0.003493796568363905,
0.009020857512950897,0.0015342849073931575,
9.080364543478936e-05,-0.03456299006938934,
0.006305713672190905,-0.03419221192598343,
-0.01418038085103035,0.01141273695975542,
-0.030455417931079865,0.006052928976714611,
0.012022444978356361,0.005206238944083452,
-0.007388942874968052,0.02081778086721897,
-0.018256573006510735,-0.024576198309659958,
-0.0051199342124164104,-0.040872834622859955,
-0.019982660189270973,0.027376146987080574,
-0.022759584710001945,0.04799854755401611,
0.0367811918258667,-0.021007495000958443,
0.030195239931344986,-0.004847357515245676,
-0.0038252281956374645,-0.03301021829247475,
0.014620764181017876,0.030051641166210175,
-0.0009591225534677505,-0.015776999294757843,
0.02201969549059868,0.00968914944678545,
0.014694798737764359,-0.005546996835619211,
0.00388770061545074,-0.004346839617937803,
0.004093559458851814,-0.005963497329503298,
0.0064239646308124065,0.008171262219548225,
0.009914466179907322,0.032549064606428146,
0.03162878006696701,-0.011247362941503525,
-0.012817665003240108,0.008072533644735813,
0.021456623449921608,-0.005885343067348003,
-0.05164830759167671,0.027674386277794838,
0.01502155140042305,0.006298663094639778,
0.005435345694422722,0.021311571821570396,
0.002298296894878149,0.01516751665621996,
0.025532903149724007,-0.031063497066497803,
0.014456338249146938,-0.007380952127277851,
-0.016217505559325218,0.016495490446686745,
-0.006505305878818035,-0.008994054049253464,
-0.006148217711597681,-0.0030310729052871466,
-0.04486175626516342,0.004694794304668903,
-0.004667534958571196,0.016855774447321892,
0.012604868039488792,0.020710980519652367,
0.02299853041768074,-0.03031749464571476,
0.009831756353378296,-0.02843676507472992,
0.019236993044614792,0.020094625651836395,
-0.016279632225632668,0.0038537741638720036,
0.01809392310678959,0.06256081908941269,
-0.0016225781291723251,0.004007906652987003,
0.047554679214954376,-0.011197962798178196,
0.03484153002500534,-0.00392802432179451,
0.00018413881480228156,0.040757160633802414,
0.01559691783040762,0.027632636949419975,
0.0022788364440202713,-0.05516715347766876,
-0.010022890754044056,0.014091890305280685,
-0.02363773249089718,0.012766067869961262,
-0.012038426473736763,-0.0030151528771966696,
0.013421423733234406,0.039186637848615646,
-0.01531296968460083,0.013226454146206379,
-0.021517526358366013,-0.010648252442479134,
0.0013384675839915872,-0.041159141808748245,
-0.019663343206048012,0.04312651976943016,
-0.011659116484224796,0.01802671328186989,
0.026258641853928566,-0.00012949576193932444,
-0.005857125855982304,0.024546029046177864,
-0.0012890287907794118,0.0007405561627820134,
-0.026966214179992676,0.00496088108047843,
-0.0017043756088241935,0.08535061031579971,
-0.0046401359140872955,0.027663499116897583,
-0.018938006833195686,-0.01562703773379326,
-0.005152943544089794,0.022259565070271492,
0.017780926078557968,0.029410474002361298,
-0.016082290560007095,-0.010901111178100109,
0.036339789628982544,0.007333382498472929,
-0.025922447443008423,0.013725250028073788,
-0.0057113030925393105,-0.01771518588066101,
0.006373011507093906,-0.017899595201015472,
-0.04350453242659569,-0.004061810206621885,
0.013469599187374115,0.011216973885893822,
-0.006623927503824234,0.014396069571375847,
-0.02907543256878853,0.028928721323609352,
-0.015202370472252369,-0.0028692514169961214,
0.007955605164170265,-0.0004336540587246418,
-0.013069003820419312,0.014917109161615372,
0.03184910863637924,0.04447983205318451,
0.02737203612923622,0.019133858382701874,
0.016915742307901382,-0.01592809520661831,
-0.037522830069065094,-0.029410457238554955,
-0.016371898353099823,0.013495285995304585,
0.04816514998674393,-0.0008273867424577475,
0.036501429975032806,-0.026232920587062836,
-0.004462825134396553,-0.04708103835582733,
0.0010882625356316566,0.018373390659689903,
-0.015685150399804115,0.018082214519381523,
0.01958000473678112,-0.007758407387882471,
-0.03411142900586128,-0.007915151305496693,
0.008431589230895042,0.040562860667705536,
-0.02386835217475891,-0.015253759920597076,
-0.021488718688488007,0.02313985675573349,
0.0006538727320730686,-0.041636645793914795,
-0.016936881467700005,0.00776613038033247,
-0.00036568997893482447,0.02211647853255272,
-0.024373624473810196,-0.0005304585793055594,
0.018958095461130142,0.009465725161135197,
-0.04708641767501831,0.020079314708709717,
-0.03777383640408516,-0.01880161464214325,
-0.02715105377137661,-0.01834886148571968,
-0.0011269907699897885,0.017858542501926422,
0.04301914945244789,0.022292060777544975,
-0.009885180741548538,0.0015911773080006242,
-0.015131841413676739,-0.0008782852091826499,
-0.009902045130729675,-0.03957135230302811,
0.0240143071860075,0.0024791110772639513,
0.007484023459255695,0.025705836713314056,
-0.0492403469979763,-0.0011552851647138596,
-0.01115065161138773,-0.042909614741802216,
0.015144696459174156,0.03585870563983917,
-0.010496329516172409,-0.019325360655784607,
-0.010311577469110489,0.028877906501293182,
0.01161212008446455,0.031074723228812218,
0.0020472609903663397,-0.0005507273599505424,
0.03494640067219734,0.023739544674754143,
0.003032378386706114,0.01956872269511223,
-0.026738425716757774,-0.033581070601940155,
-0.02631901577115059,-0.009636284783482552,
0.007570409681648016,0.010273372754454613,
-0.010980497114360332,0.021423636004328728,
0.010118242353200912,-0.025710640475153923,
-0.019047249108552933,0.01816176064312458,
0.023412521928548813,0.012193991802632809,
-0.04417448863387108,0.01635773479938507,
-0.03220474720001221,0.03786351531744003,
0.03341539949178696,0.00963215809315443,
0.004012341611087322,0.03670267388224602,
0.005003866273909807,0.01043897494673729,
-0.017897648736834526,0.02757122367620468,
0.002727778162807226,0.0025117965415120125,
0.016055917367339134,-0.0009613091824576259,
0.01780138723552227,0.005452202633023262,
0.03851332142949104,-0.0005930550396442413,
-0.040090411901474,-0.009768678806722164,
0.0062911477871239185,0.006548323668539524,
0.03506036475300789,-0.013866808265447617,
-0.03232273459434509,-0.009516870602965355,
-0.03487759828567505,-0.045508626848459244,
0.006718769203871489,-0.013597678393125534,
0.007915987633168697,-0.013421852141618729,
0.04150969162583351,-0.0022795479744672775,
0.008196262642741203,-0.04769926890730858,
0.016652889549732208,-0.015982449054718018,
0.009943567216396332,0.00910927727818489,
-0.03558272123336792,0.002768869511783123,
-0.010507646016776562,-0.006445887964218855,
0.006632283329963684,-0.013743313029408455,
0.00764055922627449,-0.009172489866614342,
0.011859087273478508,0.0013101501390337944,
-0.0021885274909436703,-0.011311577633023262,
0.0032286522909998894,-0.048509810119867325,
-0.0031188346911221743,0.012426159344613552,
-0.030703870579600334,-0.0061210826970636845,
0.008012787438929081,0.0172723438590765,
-0.012246974743902683,-0.015588471665978432,
0.021608000621199608,-0.011240439489483833,
-0.02579226903617382,-0.0014249907108023763,
0.00486184936016798,-0.030897242948412895,
0.0014578176196664572,-0.008300282061100006,
-0.03657873347401619,-0.0271022729575634,
-0.002808939665555954,0.012265650555491447,
-0.023916123434901237,0.03550389036536217,
0.016836557537317276,-0.023691296577453613,
-0.010363714769482613,0.012209550477564335,
-0.004253735300153494,-0.009129391051828861,
0.01832515001296997,-0.03456847742199898,
-0.007526470348238945,0.004130776505917311,
0.016093691810965538,0.004701447207480669,
-0.04877893254160881,-0.0393313504755497,
0.016790403053164482,-0.008115732111036777,
-0.0004135523922741413,-0.029321148991584778,
-0.007544014602899551,-0.019844233989715576,
-0.015090420842170715,0.014480515383183956,
-0.02318025752902031,0.004094826523214579,
-0.022200383245944977,0.0014558675466105342,
-0.007152848411351442,-0.0240264143794775,
0.021793533116579056,0.015236864797770977,
0.02069460041821003,-0.0052139232866466045,
-0.002360382117331028,-0.00698073348030448,
-0.021975288167595863,0.006965450942516327,
-0.0395866297185421,-0.0358380526304245,
-0.004477075766772032,0.004011175129562616,
-0.014237736351788044,-0.021841321140527725,
-0.012503646314144135,0.01795409806072712,
-0.0029859731439501047,-0.018039539456367493,
-0.03483530133962631,-0.002584942616522312,
0.0169068593531847,0.01661396399140358,
-0.00536551745608449,-0.006783338729292154,
-0.028564270585775375,0.02793165110051632,
-0.00019066331151407212,0.023141011595726013,
0.008666771464049816,0.023215048015117645,
-0.028258120641112328,-0.0005138669512234628,
-0.004669082351028919,0.03086077608168125,
0.0030299369245767593,-0.01244792528450489,
-0.01880144141614437,0.024936161935329437,
-0.04900876432657242,0.020477410405874252,
-0.0035164826549589634,0.021191928535699844,
0.03645210713148117,-0.012371229007840157,
0.05843879655003548,0.03012075275182724,
-0.014428667724132538,0.01268643606454134,
-0.018870001658797264,-0.015486069023609161,
-0.0406370647251606,-0.009315014816820621,
0.03940810635685921,-0.03834674507379532,
0.03937457129359245,-0.025420963764190674,
0.012898500077426434,-0.027981456369161606,
-0.03243017941713333,0.006161204073578119,
0.0033951762598007917,0.024544764310121536,
-0.002474928740411997,0.02493540570139885,
0.010467919521033764,-0.037773117423057556,
0.01114233024418354,-0.0010756177362054586,
0.045193906873464584,0.012570894323289394,
0.0005874662892892957,0.0021657960023730993,
0.010123364627361298,-0.0029729490634053946,
0.039290472865104675,-0.009704424068331718,
0.009591164998710155,-0.02098800241947174,
-0.007695437408983707,-0.027978133410215378,
-0.010473144240677357,-0.016541440039873123,
0.018059423193335533,-0.030434953048825264,
0.02054879628121853,-0.01715235784649849,
0.02005254663527012,-0.01862969994544983,
0.0021782417315989733,-0.04036027193069458,
0.015561814419925213,-0.040619734674692154,
-0.07465291768312454,0.027145342901349068,
-0.005191935691982508,0.015270066447556019,
0.011669676750898361,0.004681404214352369,
-0.004993906710296869,-0.015206911601126194,
0.011988942511379719,-0.05019555240869522,
-0.008013344369828701,0.005153319798409939,
-0.003958425484597683,0.0016852706903591752,
-0.03645165637135506,-0.05113217234611511,
-0.049789465963840485,0.017018157988786697,
-0.021067475900053978,0.0016967736883088946,
0.03432846441864967,0.005478176288306713,
-0.011814883910119534,-0.026155220344662666,
-0.04736950993537903,-0.0013104547979310155,
-0.0051019079983234406,0.015237340703606606,
0.01948871836066246,-0.020833292976021767,
-0.013947210274636745,-0.011091061867773533,
0.028596414253115654,0.014584691263735294,
0.013876335695385933,0.01435383316129446,
0.026187190786004066,0.017184121534228325,
-0.020990032702684402,-0.008649896830320358,
-0.026807419955730438,-0.01152840442955494,
-0.013495796360075474,0.014625492505729198,
0.02223065495491028,-0.015822019428014755,
-0.0028053128626197577,-0.023381374776363373,
-0.006330196280032396,-0.010750261135399342,
0.03352174907922745,0.02844761312007904,
-0.014297526329755783,-0.013553948141634464,
0.0005112970829941332,0.006045998074114323,
-0.0047563472762703896,-0.010633244179189205,
0.0005169071373529732,-0.0023697989527136087,
0.009973553940653801,0.005294288974255323,
-0.008518317714333534,-0.0057850610464811325,
-0.022672705352306366,-0.009071363136172295,
0.02651115506887436,0.013921178877353668,
-0.002543447772040963,0.0127507783472538,
0.0017053794581443071,-0.010526650585234165,
-0.010996891185641289,-0.01575390063226223,
0.0013140742667019367,-0.02611054666340351,
-0.04712815582752228,0.033560656011104584,
-0.034345097839832306,0.004886478651314974,
0.020227743312716484,0.02119748480618,
0.0019027638481929898,-0.006408838555216789,
0.03795317932963371,0.030788926407694817,
0.028388962149620056,0.0033634218852967024,
-0.013390222564339638,-0.017048940062522888,
-0.007859572768211365,0.027693184092640877,
0.04611559584736824,0.009026860818266869,
-0.03726950287818909,0.0413752980530262,
-0.0011910743778571486,-0.010393264703452587,
0.0025148254353553057,-0.010705458000302315,
-0.022235030308365822,-0.002652579452842474,
0.004599255509674549,-0.01666807010769844,
0.0021306960843503475,-0.01164680439978838,
-0.010184836573898792,0.014692459255456924,
0.016631441190838814,0.006317547056823969,
-0.03541049361228943,0.019550256431102753,
-0.010576634667813778,0.025401057675480843,
-0.01324909646064043,-0.035279981791973114,
0.012605216354131699,-0.01233824621886015,
0.020085271447896957,-7.516329060308635e-05,
0.024259528145194054,-0.020971694961190224,
-0.0067306035198271275,-0.021914275363087654,
-0.019915154203772545,0.006081513594835997,
-0.019874610006809235,-0.015399374067783356,
-0.014870306476950645,0.014030513353645802,
-0.0004183434066362679,-0.01734604313969612,
-0.020879102870821953,0.007266281172633171,
-0.010298325680196285,0.03987530991435051,
0.007894880138337612,0.029371753334999084,
-0.013838602229952812,-0.009171828627586365,
-0.01964510977268219,0.03653666004538536,
0.013101517222821712,0.0003851790097542107,
0.02809484302997589,-0.02772338315844536,
-0.004780050367116928,-0.011337224394083023,
-0.008509870618581772,-0.007097902707755566,
-0.04097598046064377,-0.018695754930377007,
0.0037256451323628426,-0.00010932858276646584,
0.012241778895258904,-0.012660777196288109,
-0.00041416636668145657,0.0001737135899020359,
-0.039772164076566696,-0.000290247262455523,
0.02352011203765869,-0.012346921488642693,
-0.010682370513677597,0.018081899732351303,
0.010275375097990036,-0.004966470412909985,
-0.020336439833045006,0.02624746784567833,
0.011999865062534809,0.023601200431585312,
0.0077462829649448395,-0.018488211557269096,
0.0035783941857516766,-0.011910153552889824,
-0.01079231221228838,0.025641124695539474,
0.009095371700823307,-0.03921187296509743,
0.02513289451599121,-0.004219138994812965,
-0.004445768892765045,-0.02507966011762619,
0.00867085438221693,-0.008049938827753067,
0.009274808689951897,-0.0012670059222728014,
-0.028951866552233696,0.0322263166308403,
0.010908416472375393,-0.0024449003394693136,
0.030013596639037132,0.005424561910331249,
0.015608078800141811,-0.011739235371351242,
-0.006211334839463234,0.016519157215952873,
0.01374706719070673,-0.026361409574747086,
0.02263149991631508,0.016137124970555305,
-0.007772295735776424,0.017846420407295227,
0.014629753306508064,0.010621616616845131,
-0.0175090953707695,0.030008867383003235,
0.000811094359960407,-0.016503935679793358,
0.007423946633934975,-0.017039159312844276,
-0.015405414626002312,0.0008708201348781586,
-0.05158448591828346,0.009987970814108849,
0.046471741050481796,-0.017057212069630623,
0.021096155047416687,0.007414426188915968,
-0.000407638173783198,-0.0006408257177099586,
-0.01178524550050497,0.01715712435543537,
0.017220111563801765,0.027212878689169884,
0.002684464678168297,0.022844631224870682,
0.003109653014689684,-0.027085205540060997,
0.0006824799929745495,-0.03921780362725258,
0.033197589218616486,0.017561528831720352,
-0.035696424543857574,-0.009846152737736702,
0.015566370449960232,-0.026759736239910126,
-0.006943740416318178,0.011641629971563816,
-0.02610635757446289,0.056888457387685776,
-0.008766910061240196,0.03685836121439934,
0.01578315533697605,0.004042729735374451,
0.0023837785702198744,0.006396741606295109,
-0.023774273693561554,-0.038040149956941605,
0.0008241996401920915,-0.013492973521351814,
-0.04445018246769905,0.00013021381164435297,
0.010385650210082531,0.004562925547361374,
-0.037819504737854004,-0.0384073406457901,
-0.00014563597505912185,0.02099689468741417,
0.03597033768892288,0.012133396230638027,
0.0358542799949646,0.024469830095767975,
-0.01430418062955141,-0.015041761100292206,
-0.0021174815483391285,0.028797214850783348,
0.005449316464364529,-0.03427409753203392,
-0.021820345893502235,-0.014903032220900059,
0.017117252573370934,-0.02576434426009655,
-0.022631842643022537,-0.020412283018231392,
-0.011424219235777855,0.037594638764858246,
0.007362882606685162,-0.03407704085111618,
-0.0169536005705595,-0.037971217185258865,
0.003397854510694742,0.014576497487723827,
-0.0032780992332845926,0.012160022743046284,
-0.004250607918947935,0.010624122805893421,
-0.035682111978530884,0.0046430532820522785,
-0.010568942874670029,0.0007275976822711527,
-0.012404038570821285,-0.04008791595697403,
0.014925198629498482,-0.0045279269106686115,
-0.010586954653263092,-0.03171686828136444,
0.0024642248172312975,0.023097742348909378,
0.0005849943845532835,-0.02739110216498375,
-0.0010499423369765282,0.037191130220890045,
0.023291852325201035,0.012095955200493336,
0.00879192166030407,0.004194994457066059,
-0.003533654846251011,-0.053913816809654236,
-0.017947372049093246,-0.031185556203126907,
-0.008342738263309002,-0.015227747149765491,
0.007586674299091101,-0.004342386964708567,
0.03256133571267128,0.017551222816109657,
0.023646539077162743,-0.03422592207789421,
0.0033361867535859346,-0.02757677435874939,
-0.04167699068784714,-0.019186850637197495,
0.014984946697950363,-0.011482341215014458,
0.03977498784661293,0.00019943532242905349,
-0.023020988330245018,-0.020704209804534912,
-0.022789577022194862,0.028202518820762634,
-0.00022362862364389002,-0.017951153218746185,
0.00041907012928277254,0.04495110362768173,
0.02343268133699894,0.020198354497551918,
-0.033481501042842865,0.011310153640806675,
-0.02974800206720829,0.015211603604257107,
0.03847327455878258,0.025797927752137184,
-0.018371054902672768,0.007315120194107294,
0.019639471545815468,-0.006755988113582134,
-0.02764417976140976,0.019704265519976616,
-0.01158191543072462,0.05048998445272446,
-0.033154748380184174,-0.02183721773326397,
0.01290373969823122,2.854693593690172e-05,
-0.0018893941305577755,0.03465880826115608,
-0.005175760481506586,-0.03297189623117447,
0.021075595170259476,0.013246092945337296,
-0.0008469073800370097,-0.03910272568464279,
0.017511311918497086,-0.01820533722639084,
0.009466033428907394,0.018459198996424675,
0.03270144388079643,0.03216233849525452,
0.021106114611029625,-0.003310329979285598,
-0.00594777287915349,-0.011682159267365932,
0.012090688571333885,0.006265417207032442,
-0.033070892095565796,0.014788131229579449,
-0.01570289023220539,-0.01543293334543705,
-0.025471694767475128,0.015411307103931904,
-0.0639352798461914,0.0004727780178654939,
-0.009718377143144608,-0.010719416663050652,
0.006211237516254187,-0.011433366686105728,
-0.01798361726105213,0.007815956138074398,
-0.020808929577469826,-0.011695141904056072,
-0.0063371919095516205,-0.03557214140892029,
-0.006852937396615744,0.027922844514250755,
-0.002989160129800439,8.412020542891696e-05,
0.016626065596938133,-0.02911188453435898,
-0.018292628228664398,-0.011659589596092701,
0.025820331647992134,0.020603585988283157,
-0.014317957684397697,-0.0006430053035728633,
-0.022396864369511604,0.0175787266343832,
-0.0300397127866745,-0.005414753220975399,
0.01845017820596695,0.01949104480445385,
-0.026133980602025986,0.016320325434207916,
0.02071060799062252,0.017277255654335022,
0.0037656789645552635,0.006821317132562399,
0.029517726972699165,0.007789554074406624,
-0.012820815667510033,-0.0026953977067023516,
-0.01291257981210947,-0.03722989559173584,
0.03267628327012062,0.0036510585341602564,
0.008718560449779034,0.0206390880048275,
-0.05868501961231232,0.010400358587503433,
-0.02666100300848484,-0.018110213801264763,
-0.005989565048366785,0.00592417549341917,
0.032376836985349655,-0.009354474022984505,
-0.03048364259302616,-0.007127785123884678,
-0.026655593886971474,0.022603314369916916,
0.00038137909723445773,-0.005247775930911303,
0.013437782414257526,-0.018997900187969208,
-0.004657385870814323,-0.012989850714802742,
0.004425186198204756,-0.00314768822863698,
0.014752835035324097,0.04639802500605583,
0.026361696422100067,-0.007662338204681873,
-0.0036272320430725813,-0.007967370562255383,
-0.041807692497968674,0.033039309084415436,
-0.011707065626978874,-0.02000286802649498,
0.026841124519705772,0.0034498441964387894,
0.03404177352786064,-0.007484420668333769,
0.00664099957793951,0.024226350709795952,
0.021987250074744225,-0.006118600256741047,
0.03272796422243118,0.027326412498950958,
0.04300738871097565,-0.012735220603644848,
0.018048720434308052,0.020267151296138763,
0.0037893052212893963,0.0324149914085865,
0.03954975679516792,0.00043216385529376566,
0.005516222678124905,0.01418785285204649,
0.013184748589992523,-0.007185693830251694,
-0.042141541838645935,0.014873985201120377,
-0.04410771280527115,-0.01754259318113327,
-0.03475096449255943,-0.004913742188364267,
0.02749057300388813,0.021965768188238144,
-0.036415304988622665,-0.005423532798886299,
0.034502554684877396,-0.06436661630868912,
-0.0013075887691229582,-0.03725625202059746,
0.018657581880688667,-0.02448626235127449,
-0.028861403465270996,-0.001912066712975502,
0.03321969881653786,0.012276098132133484,
0.0357527956366539,0.011092805303633213,
-0.009510540403425694,0.006435714196413755,
0.008147107437252998,0.02131623588502407,
0.0567772351205349,0.0017218614229932427,
0.013504884205758572,0.006962362211197615,
-0.049607519060373306,0.011749034747481346,
0.007751044817268848,0.02052883431315422,
-0.035635724663734436,0.0297276359051466,
-0.03849267587065697,-0.021453889086842537,
-0.01805148832499981,-0.007399784401059151,
-0.01878669671714306,-0.014364488422870636,
-0.004767203703522682,0.0038534405175596476,
0.01487991213798523,-0.0217282697558403,
0.011219176463782787,0.03264095261693001,
0.0032156938686966896,0.015376069582998753,
0.004324952140450478,-0.03305025026202202,
-0.014494932256639004,0.006687006913125515,
-0.014363355934619904,-0.00021381412807386369,
0.004450855776667595,0.006000813562422991,
-0.004312934819608927,0.013519377447664738,
-0.00040791777428239584,-0.0020823560189455748,
-0.02615932561457157,-0.06855235248804092,
0.02334238961338997,-0.013710008934140205,
0.003233831375837326,-0.04148465394973755,
0.009357190690934658,0.005064088851213455,
0.005962181370705366,-0.01244642399251461,
0.0110829072073102,-0.01706128939986229,
0.047545868903398514,0.004188037943094969,
-0.016726767644286156,-0.003140862099826336,
0.00045856749056838453,0.02096734568476677,
-0.02611408196389675,-0.02197306603193283,
-0.0017740305047482252,0.00543229142203927,
-0.023746293038129807,-0.02393805794417858,
-0.012397262267768383,-0.008928646333515644,
-0.007011779583990574,0.019334208220243454,
-0.05116141214966774,0.04297270625829697,
0.017224030569195747,-0.03108080103993416,
-0.028694646432995796,0.017138507217168808,
-0.009979771450161934,-0.05423801392316818,
0.0013126847334206104,0.023024266585707664,
-0.0033507253974676132,-0.032100457698106766,
-0.013030287809669971,0.014322490431368351,
-0.008167698048055172,-0.02091483399271965,
0.006662639323621988,0.006734292488545179,
0.010831093415617943,-0.023046918213367462,
0.006677636411041021,0.04420899227261543,
0.015904953703284264,-0.014716551639139652,
0.014628521166741848,-0.021839722990989685,
0.0005571835790760815,-0.013195200823247433,
-0.016360469162464142,0.04476217180490494,
-0.009781766682863235,-0.013138461858034134,
-0.013941003940999508,-0.022018255665898323,
-0.008416496217250824,-0.0038908515125513077,
0.004778812173753977,0.025444908067584038,
-0.00308115198276937,-0.006518431473523378,
0.03591432049870491,0.02001691423356533,
0.0018650380661711097,0.01237413939088583,
-0.0061534554697573185,-0.01123813446611166,
0.006978963501751423,-0.01477155089378357,
0.03209119290113449,0.04276217147707939,
-0.006997119635343552,-0.0018590216059237719,
-0.020383479073643684,0.010487426072359085,
0.024127474054694176,0.05555803328752518,
0.006716888397932053,0.00465854536741972,
-0.03009589947760105,-0.035436201840639114,
0.016471877694129944,0.02071349509060383,
-0.039759159088134766,-0.003614984219893813,
0.013936925679445267,0.0036680190823972225,
0.0026016482152044773,0.017158299684524536,
-0.011607871390879154,-0.01823107898235321,
0.015068602748215199,-0.01621400937438011,
-0.009184321388602257,0.012980056926608086,
-0.011147885583341122,-0.06484504044055939,
0.03680488094687462,-0.012310541234910488,
0.0485832504928112,-0.016767827793955803,
0.042492274194955826,-0.011103359051048756,
-0.01845441944897175,-0.013083163648843765,
0.01847812347114086,0.04965493083000183,
-0.0404883548617363,0.008608244359493256,
0.032947126775979996,-0.007087116129696369,
-0.03125045821070671,0.010050416924059391,
0.005084985867142677,0.008299620822072029,
-0.046298835426568985,0.020596297457814217,
-0.0072051226161420345,-0.001452707452699542,
-0.03055652044713497,0.012447552755475044,
0.010486418381333351,0.004017842933535576,
0.030553916469216347,0.02207210846245289,
-0.023990139365196228,0.02434372343122959,
-0.006605942267924547,0.015072532929480076,
0.007437387481331825,0.019576413556933403,
-0.02352708950638771,-0.03964356333017349,
0.004947071895003319,0.040142450481653214,
-0.0037232646718621254,-0.03707772120833397,
-0.04010796919465065,0.03419192507863045,
-0.010248574428260326,0.000293119897833094,
-0.028117995709180832,0.0369773730635643,
-0.028610166162252426,-0.05750075355172157,
-0.008863253518939018,-0.0191151462495327,
-0.050052106380462646,-0.038919392973184586,
-0.021288691088557243,-0.022896476089954376,
-0.0017095278017222881,-0.027178363874554634,
0.008547862060368061,0.0012100753374397755,
-0.036632537841796875,0.023994311690330505,
-0.011617083102464676,0.051859211176633835,
-0.0074684531427919865,0.005037135444581509,
-0.009643731638789177,-0.011272174306213856,
-0.004416496958583593,-0.013961350545287132,
-0.0029248716309666634,-0.011625529266893864,
-0.013965444639325142,0.02775927260518074,
0.00037604712997563183,0.00047672216896899045,
0.02902141772210598,0.0033190546091645956,
-0.015567445196211338,0.013199678622186184,
0.015327178873121738,0.008003480732440948,
-0.022330179810523987,0.0046318708918988705,
-0.0050667631439864635,-0.007189500145614147,
0.010680198669433594,-0.007996510714292526,
-0.042131777852773666,-0.035550761967897415,
-0.04231633245944977,0.00874312873929739,
-0.027619896456599236,0.005177211947739124,
-0.026959633454680443,0.012769206427037716,
-0.021447328850626945,0.0036811253521591425,
-0.01533606555312872,0.043110206723213196,
-0.01708500273525715,-0.017420997843146324,
-0.02890772558748722,0.009101342409849167,
-0.01392707321792841,0.022013194859027863,
-0.02735460363328457,0.004063333384692669,
0.006171044427901506,0.017139747738838196,
0.05157196894288063,0.026228507980704308,
-0.022946063429117203,0.0005943105788901448,
0.009297804906964302,0.004597188904881477,
0.01891346275806427,0.013859606347978115,
-0.02980104275047779,-0.014380278997123241,
-0.0041428785771131516,-0.016261646524071693,
0.036198366433382034,0.0021290031727403402,
-0.0047232406213879585,0.02833988517522812,
0.012466398999094963,-0.007852560840547085,
-0.03961871936917305,0.016574887558817863,
0.04187639802694321,-0.004133928567171097,
-0.027155978605151176,0.0077478522434830666,
-0.024594422429800034,-0.001148166717030108,
-0.054375238716602325,-0.005526391323655844,
-0.019951479509472847,-0.010038716718554497,
0.008903645910322666,0.008520277217030525,
-0.007651553489267826,-0.007440573535859585,
-0.0015974568668752909,-0.011069501750171185,
0.023331377655267715,0.022608580067753792,
0.00018127552175428718,0.026500776410102844,
0.054374031722545624,-0.041034117341041565,
-0.005845393519848585,-0.025425544008612633,
-0.007862994447350502,0.008840478025376797,
0.002339721890166402,0.005316919181495905,
-0.0045915707014501095,-0.0019296102691441774,
0.030198393389582634,0.02018282376229763,
-0.037343572825193405,0.01659522019326687,
0.02785048633813858,0.011385603807866573,
-0.04124225676059723,0.029914353042840958,
-0.011072196997702122,0.02256091497838497,
-0.010934827849268913,0.0017124873120337725,
0.03342727944254875,-0.0008838294306769967,
-0.007976171560585499,0.004289465490728617,
-0.001948291203007102,-0.007930243387818336,
-0.002011761534959078,-0.007674731779843569,
0.021214807406067848,-0.005129692610353231,
-0.027892718091607094,-0.008434329181909561,
0.022444861009716988,0.021472839638590813,
-0.013415838591754436,0.015797844156622887,
-0.0006057759164832532,0.015266240574419498,
-0.0013247154420241714,-0.0098891481757164,
0.01304983627051115,-0.0024158693850040436,
0.0019656324293464422,-0.012145627290010452,
0.047071002423763275,-0.004681872203946114,
0.002465116558596492,0.004769226536154747,
-0.013263915665447712,-0.011881318874657154,
-0.02924402430653572,-0.0016280028503388166,
-0.028793245553970337,0.010334452614188194,
0.0004774815170094371,-0.042520586401224136,
-0.01215772982686758,0.005363429896533489,
0.001132481382228434,-0.002211090410128236,
0.03168840706348419,-0.004654604475945234,
-0.009255072101950645,0.013356556184589863,
-0.0009512826800346375,0.008177506737411022,
0.033304329961538315,0.02893950417637825,
0.019508767873048782,-0.016906842589378357,
0.01725068874657154,0.0016134559409692883,
0.008656795136630535,0.005845572799444199,
0.03168852627277374,-0.008178414776921272,
-0.0028337258845567703,-0.00021449654013849795,
0.010108038783073425,0.0220811627805233,
0.027332806959748268,0.016826726496219635,
0.006693325005471706,-0.01706172339618206,
0.0179235078394413,-0.003977736458182335,
-0.013760862872004509,-0.013541505672037601,
-0.0010046397801488638,-0.023337887600064278,
0.026731474325060844,0.0023688669316470623,
-0.008690686896443367,-0.003646077588200569,
0.014929455704987049,0.014960217289626598,
0.0400436632335186,-0.031307343393564224,
-0.002708238083869219,0.03913712128996849,
-0.04870963841676712,-0.043663330376148224,
-0.018094487488269806,0.005774565506726503,
0.018655672669410706,-0.006147928535938263,
-0.009554884396493435,-0.03392019122838974,
-0.018583431839942932,-0.004653943236917257,
0.011670426465570927,-0.013366586528718472,
0.014750735834240913,-0.0004569593002088368,
-0.009271528571844101,0.005198739469051361,
-0.03066571243107319,-0.022171471267938614,
-0.011632148176431656,-0.005425796378403902,
0.023535827174782753,-0.053424421697854996,
0.020553680136799812,-0.0037153444718569517,
-0.047876402735710144,0.00697153527289629,
0.021609826013445854,0.010882283560931683,
0.026704255491495132,0.004187173210084438,
0.033997710794210434,0.0025477230083197355,
0.023212097585201263,0.013607603497803211,
0.022947557270526886,0.04405997693538666,
-0.03270081803202629,0.04608248919248581,
-0.027991358190774918,0.02015889622271061,
0.0015952115645632148,-0.043401431292295456,
0.010554537177085876,-0.04647389054298401,
-0.040932826697826385,0.012967691756784916,
0.027247745543718338,-0.033904872834682465,
0.04683598875999451,0.00405736593529582,
0.011728568002581596,0.008265572600066662,
0.004325299058109522,0.003047148697078228,
-0.04303525760769844,-0.0003879601426888257,
-0.00037669387529604137,0.0031685803551226854,
0.01937495544552803,-0.01470088865607977,
0.033976417034864426,-0.02677050605416298,
-0.012182654812932014,-0.029569143429398537,
0.03756053373217583,0.004351045470684767,
0.016344500705599785,0.0009468880598433316,
0.006944805383682251,0.005625362973660231,
-0.01515281107276678,0.001101912697777152,
0.0034785743337124586,0.004543005954474211,
-0.0012262227246537805,0.026353465393185616,
-0.0029340379405766726,-0.005721165332943201,
0.02355232462286949,0.004115845542401075,
0.06674981117248535,-0.007228328846395016,
0.008520014584064484,-0.013344623148441315,
0.006532627623528242,0.003290184773504734,
-0.005624193698167801,0.04087609052658081,
-0.005728318355977535,-0.010964879766106606,
-0.005014515947550535,-0.02005225606262684,
-0.033541981130838394,-0.004237070679664612,
0.008233162574470043,0.028619416058063507,
0.006113136652857065,-0.01683986745774746,
0.0165773406624794,-0.020514855161309242,
-0.015051796101033688,-0.02147744409739971,
-0.016449470072984695,0.0044226995669305325,
0.028961781412363052,-0.03150580823421478,
0.02260245569050312,-0.018057547509670258,
-0.027204828336834908,0.020914293825626373,
0.018245471641421318,-0.021147698163986206,
-0.03461294248700142,-0.020384617149829865,
0.03228660672903061,-0.05198412761092186,
-0.01833428628742695,0.020308684557676315,
0.02991403639316559,-0.0020861951634287834,
0.004448508843779564,0.03198007494211197,
-0.04932936653494835,0.01414559781551361,
-0.021275915205478668,-0.010177887976169586,
0.02338320203125477,-0.021743357181549072,
-0.024526072666049004,0.054008424282073975,
0.0498691126704216,-0.04361442103981972,
-0.030234333127737045,-0.00417826185002923,
-0.010640689171850681,-0.00826084055006504,
-0.008255836553871632,-0.012253598310053349,
0.04449602961540222,-0.04025225341320038,
-0.014257912524044514,-0.007376491092145443,
0.03468351066112518,-0.004756429232656956,
-0.02393767051398754,-0.029311075806617737,
0.012047501280903816,-0.0032128950115293264,
-0.017913034185767174,-0.01820981688797474,
-0.0013221410335972905,0.01771140843629837,
-0.06123289465904236,-0.007859902456402779,
-0.01771898940205574,0.005300858058035374,
0.026216870173811913,-0.029928218573331833,
-0.007991036400198936,-0.04666038602590561,
0.025668110698461533,0.038891565054655075,
-0.0012211784487590194,-0.0005794832832179964,
0.004849561955779791,0.011761504225432873,
-0.006267542019486427,-0.002004035050049424,
0.010358725674450397,-0.03848959505558014,
-0.005659918766468763,0.013072292320430279,
-0.007248993031680584,0.01959013007581234,
0.03654339164495468,-0.009140482172369957,
0.025258300825953484,0.02808181755244732,
0.017109567299485207,0.015317738056182861,
0.0014110659249126911,-0.002775520319119096,
-0.006433831062167883,-0.03992118313908577,
-0.034687139093875885,-0.013346157968044281,
0.0747716873884201,-0.013341458514332771,
0.019950952380895615,0.02194097638130188,
-0.047438617795705795,0.01568969152867794,
-0.0250236839056015,0.006190686486661434,
0.011579346843063831,-0.030010955408215523,
0.05673421919345856,-0.018538281321525574,
0.03856417164206505,0.016211867332458496,
-0.018912605941295624,0.05137813836336136,
-0.0045100050047039986,-0.02868596650660038,
0.009358374401926994,0.014004784636199474,
-0.0003017417329829186,0.03129785135388374,
0.023372145369648933,0.04110116884112358,
0.017928825691342354,-0.025291824713349342,
0.036014705896377563,0.004319207742810249,
0.03143639117479324,-0.00417193491011858,
-0.03821749985218048,-0.021642815321683884,
0.013804810121655464,-0.023088399320840836,
0.01087143924087286,-0.016711458563804626,
-0.034711435437202454,0.03213576599955559,
0.02212914265692234,-0.024147704243659973,
-0.000531765865162015,-0.01251231785863638,
0.001978157786652446,0.02296045422554016,
0.03282637894153595,-0.024294665083289146,
0.021836528554558754,-0.014750855043530464,
0.015274311415851116,0.02204263210296631,
0.011788683012127876,0.001972575904801488,
0.04604153335094452,0.02392626740038395,
-0.01940162293612957,0.0046588825061917305,
0.008891157805919647,0.014025728218257427,
-0.004542067646980286,-0.003038636641576886,
-0.0033774692565202713,0.043580424040555954,
-0.025121992453932762,0.017051134258508682,
-0.021380318328738213,-0.007106269244104624,
-0.020613763481378555,-0.011002208106219769,
0.012946034781634808,-0.009824822656810284,
-0.015264855697751045,0.022351212799549103,
-0.05036066845059395,-0.01311649288982153,
-0.04476914927363396,0.0015625011874362826,
0.01656106859445572,-0.0028934914153069258,
0.013528652489185333,0.02441086433827877,
-0.039546359330415726,-0.01039861049503088,
-0.0020327293314039707,-0.046599529683589935,
-0.030728120356798172,-0.030081503093242645,
0.021296236664056778,-0.028008105233311653,
0.038397278636693954,0.011444563046097755,
0.03643004968762398,-0.0009921694872900844,
0.007791469339281321,-0.006374446675181389,
0.016212724149227142,-0.01883010007441044,
-0.020155085250735283,-0.006773711647838354,
0.02455967850983143,0.03508308529853821,
0.00836950819939375,0.0036099811550229788,
0.025919858366250992,-0.04777569696307182,
-0.0004892822471447289,-0.016184397041797638,
-0.01205072458833456,0.03743772953748703,
0.008239745162427425,0.02966819889843464,
-0.014568977057933807,0.0010142556857317686,
0.01159659679979086,0.022444237023591995,
0.029330536723136902,0.014212255366146564,
-0.006952241528779268,0.01937827281653881,
0.004608862567692995,0.012311899103224277,
-0.025370031595230103,-0.02752102166414261,
-0.003785328008234501,-0.036217037588357925,
-0.007478457875549793,0.03552796319127083,
-0.044053904712200165,0.0019757109694182873,
0.0007964721880853176,-0.0112918084487319,
0.03201327100396156,-0.016908660531044006,
-0.0091513367369771,0.03657001629471779,
0.012412887997925282,0.005855741910636425,
-0.023967579007148743,0.0034434362314641476,
-0.017169630154967308,-0.023710427805781364,
0.03252066299319267,0.011336302384734154,
0.02249445579946041,-0.030054926872253418,
-0.0011092160129919648,-0.005272235721349716,
0.006224204786121845,-0.0014131029602140188,
-0.007588145323097706,-0.017279021441936493,
0.01064918003976345,-0.0020219821017235518,
0.002613571472465992,-0.015131154097616673,
0.00991063006222248,0.0155159467831254,
-0.002610038034617901,-0.0466606579720974,
0.01016022264957428,0.016624221578240395,
-0.0008304027142003179,-0.03743712231516838,
-0.029405608773231506,0.03607219457626343,
0.011672912165522575,-0.0069196149706840515,
-0.03922570124268532,0.013639730401337147,
0.06058388203382492,-0.014758407138288021,
0.027779901400208473,0.0075743114575743675,
0.01064210757613182,0.027652863413095474,
0.018063459545373917,-0.04765422269701958,
0.0247944425791502,-0.001852576737292111,
-0.0023957204539328814,0.01895083300769329,
-0.008601299487054348,-0.032935597002506256,
-0.05260599032044411,-0.024173904210329056,
-0.0113302543759346,-0.019983787089586258,
0.020581625401973724,0.010621302761137486,
0.018703727051615715,0.015341557562351227,
0.013524048961699009,-0.0020672662649303675,
-0.016262898221611977,-0.006184179801493883,
0.016577374190092087,0.010840179398655891,
-0.009074113331735134,-0.008115417324006557,
-0.008991274982690811,0.001668437267653644,
-0.015258260071277618,-0.027953553944826126,
-0.020462049171328545,-0.03893711417913437,
0.004593640565872192,0.005862099584192038,
0.01715829223394394,0.026192596182227135,
0.052395522594451904,0.018040664494037628,
-0.012890484184026718,0.025042634457349777,
-0.04601336270570755,0.05381515994668007,
-0.03698280081152916,-0.01733541674911976,
-0.01329461857676506,-0.011907010339200497,
0.03250189125537872,0.03725067153573036,
0.06279776990413666,-0.0012062503956258297,
-0.013392557390034199,0.006291770841926336,
-0.0075019788928329945,-0.002300493884831667,
-0.01770007610321045,-0.007397762034088373,
-0.030819617211818695,0.05419037118554115,
-0.011868546716868877,-0.010166686028242111,
0.0048138294368982315,-0.026255745440721512,
0.009398063644766808,-0.0023580200504511595,
0.014958021230995655,0.0002320481144124642,
-0.02809254638850689,0.0028545677196234465,
-0.0024320506490767,0.009661772288382053,
0.0025350707583129406,-0.03141867741942406,
0.0006260958034545183,0.007311356719583273,
5.7565088354749605e-05,0.005621008574962616,
0.007794859819114208,0.012234276160597801,
-0.001740998006425798,-0.01304397638887167,
0.02080838941037655,-0.025622284039855003,
-0.011029554530978203,-0.0018469729693606496,
-0.0348658561706543,0.00894197542220354,
-0.002174022374674678,0.009857491590082645,
-0.03242916986346245,0.014088288880884647,
-0.00022159462969284505,-0.003909785766154528,
0.012292429804801941,-0.008789277635514736,
-0.000555623322725296,0.04528849571943283,
0.004014006815850735,-0.0019012688426300883,
0.015048795379698277,0.012348449788987637,
0.03365100175142288,0.026965945959091187,
0.028406601399183273,-0.02022218517959118,
0.01936488226056099,-0.04371725022792816,
-0.019119616597890854,0.002616564277559519,
-0.004842673894017935,0.021054605022072792,
-0.05696568638086319,0.006851841229945421,
0.030458852648735046,-0.005868752487003803,
-0.04454933851957321,-0.02364097535610199,
0.002664499916136265,-0.017721904441714287,
0.026620158925652504,0.005917294416576624,
0.0017209050711244345,0.01983078196644783,
-0.02460883930325508,0.02427612617611885,
0.027459248900413513,-0.014263048768043518,
-0.028103994205594063,0.03518785908818245,
-0.017203155905008316,-0.005342606920748949,
-0.010654524900019169,-0.004733992740511894,
-0.049175288528203964,0.046943895518779755,
0.02362583950161934,-0.010008190758526325,
0.020812489092350006,0.016900964081287384,
-0.008056992664933205,0.02020207978785038,
-0.0032822105567902327,0.014895115979015827,
0.009932012297213078,0.028660202398896217,
0.01483194064348936,-0.01529761590063572,
0.004405580926686525,0.008071673102676868,
-0.03902735188603401,-0.03284059092402458,
-0.03875795006752014,-0.002074082149192691,
0.02250593714416027,0.01087280735373497,
0.0014291569823399186,0.01232441421598196,
0.013261646963655949,-0.03114103339612484,
-0.026882916688919067,0.007731919642537832,
0.007409457117319107,-0.01802617311477661,
-0.028675436973571777,0.053921185433864594,
-0.030757157132029533,-0.025199299678206444,
0.024994734674692154,-0.0003803065628744662,
0.010046682320535183,0.05187811702489853,
0.02514030411839485,-0.03470844402909279,
0.004485363140702248,-0.002574340905994177,
0.023672504350543022,-0.008646981790661812,
0.019012929871678352,-0.02887124754488468,
-0.03211924061179161,0.03439886122941971,
-0.027170397341251373,0.04044877737760544,
0.03191760554909706,-0.00441882386803627,
0.02556210197508335,0.013435124419629574,
-0.007447178941220045,0.029241563752293587,
-0.01371503621339798,-0.016401229426264763,
0.018399063497781754,-0.003821788588538766,
0.004179843235760927,0.011759580112993717,
-0.03064166195690632,0.003019471652805805,
-0.04142612963914871,0.007888130843639374,
-0.002794880187138915,-0.011713615618646145,
0.012310700491070747,0.006038249004632235,
-0.035278454422950745,-0.0036795514170080423,
0.02233021892607212,0.024275904521346092,
0.021849632263183594,-0.032953567802906036,
-0.029747188091278076,-0.0146259730681777,
-0.0190377589315176,0.00924600288271904,
-0.00839232187718153,-0.0011313151335343719,
-0.012248512357473373,-0.0007970755686983466,
-0.002856555627658963,-0.04282888025045395,
0.011914488859474659,0.0004654426593333483,
-0.0002662883198354393,-0.020658425986766815,
0.009155703708529472,-0.017478851601481438,
-0.013925760984420776,0.03606298938393593,
0.002260960405692458,0.004401294980198145,
0.031775981187820435,0.0008547879406251013,
0.01361839845776558,-0.01507615391165018,
-0.009569648653268814,0.014336718246340752,
0.02144503779709339,0.03620067983865738,
-0.0018879977287724614,0.0019925886299461126,
0.024555888026952744,-0.005678847897797823,
0.008332915604114532,0.029909895732998848,
0.020164521411061287,-0.030216164886951447,
0.024369513615965843,-0.021991688758134842,
0.009586487896740437,-0.006945529021322727,
0.015340198762714863,0.022589169442653656,
0.03706246614456177,-0.0008311901474371552,
-0.029067371040582657,-0.019612938165664673,
-0.0039806123822927475,-0.003531163325533271,
-0.0050850482657551765,-0.02005781978368759,
0.03266529366374016,0.020063282921910286,
0.007497740443795919,0.014560661278665066,
0.023177647963166237,0.011896845884621143,
0.021735545247793198,-0.005015005823224783,
-0.029343323782086372,-0.029416216537356377,
0.004750887863337994,0.03238474950194359,
-0.0245472751557827,0.006295120343565941,
-0.02629556879401207,-0.037060245871543884,
0.001438985113054514,0.015475633554160595,
-0.011409041471779346,0.012060862965881824,
-0.02648545615375042,-0.019584551453590393,
-0.03683096170425415,-0.04694401100277901,
0.03748437762260437,0.023944810032844543,
0.021549994125962257,-0.036583006381988525,
-0.014374436810612679,-0.020767144858837128,
-0.04289407283067703,-0.029856136068701744,
0.0032689247746020555,-0.030688997358083725,
-0.06674449890851974,0.009346188977360725,
-0.002044406021013856,-0.006454245187342167,
-0.0012551832478493452,0.009536133147776127,
0.0004421641933731735,0.0077470457181334496,
0.02507806196808815,-0.040365904569625854,
0.02955550327897072,-0.02710133232176304,
-0.005334919318556786,0.0052098766900599,
-0.01919461041688919,0.01792282797396183,
0.03659847378730774,-0.04038771241903305,
0.04692301154136658,-0.011530347168445587,
0.00462973490357399,0.014624380506575108,
0.0008051528711803257,0.0035498349461704493,
-0.034924283623695374,0.009751914069056511,
-0.04380771145224571,-0.02134598046541214,
0.033896468579769135,-0.006213026121258736,
0.01606840454041958,0.022073237225413322,
0.03452971205115318,0.02026497945189476,
0.010523597709834576,0.02466849982738495,
-0.030693747103214264,-0.008831765502691269,
-0.0054621221497654915,0.013349185697734356,
-0.026351073756814003,-0.021820034831762314,
0.028213942423462868,-0.029987838119268417,
-0.010398807004094124,-0.021561026573181152,
0.042566075921058655,-0.0195672158151865,
-0.03500855341553688,0.002325757872313261,
-0.021658679470419884,0.03139404207468033,
0.02881077118217945,-0.030727839097380638,
-0.02296638861298561,-0.022258497774600983,
0.00022109904966782779,0.01780511811375618,
-0.0042860545217990875,0.0051437122747302055,
-0.017253929749131203,-0.009949966333806515,
-0.004258171189576387,0.02501855604350567,
-0.006753790192306042,-0.00429260078817606,
-0.0025030351243913174,-0.041054628789424896,
-0.0013062424259260297,-0.026798374950885773,
-0.01774788461625576,-0.019519483670592308,
0.006503337062895298,0.06174805760383606,
0.006549421232193708,-0.018371012061834335,
0.011595339514315128,-0.0017407662235200405,
0.0027533001266419888,-0.001367113902233541,
0.046640511602163315,0.007864898070693016,
-0.021653657779097557,0.010015293955802917,
0.034344661980867386,0.008671164512634277,
-0.04019045829772949,-0.02417772449553013,
-0.008706518448889256,-0.0011444996343925595,
-0.006946503184735775,-0.011884746141731739,
0.04201960936188698,-0.010634585283696651,
-0.019371915608644485,-0.02291158214211464,
0.0129059087485075,0.000633477873634547,
-0.011826382018625736,0.03648873046040535,
0.027612753212451935,-0.011305732652544975,
0.00913318246603012,-0.004380864091217518,
-0.02632339671254158,0.029228420928120613,
0.01871548406779766,-0.01971489191055298,
-0.013914115726947784,0.012137523852288723,
0.053461141884326935,0.025967415422201157,
0.02318684570491314,-0.007195907179266214,
-0.04586445167660713,-0.028830956667661667,
0.007710173726081848,-0.009693185798823833,
0.024612855166196823,0.01357622817158699,
0.007748187519609928,0.029542366042733192,
0.033586665987968445,-0.018914170563220978,
-0.0013009656686335802,-0.020327309146523476,
-0.0524744838476181,-0.01870819181203842,
0.007608567830175161,0.013451386243104935,
0.031768277287483215,-0.012065699324011803,
0.021138451993465424,0.018035689368844032,
0.0035011956933885813,0.013797764666378498,
-0.009453125298023224,-0.0037567599210888147,
0.035667162388563156,0.03350896015763283,
-0.015514343976974487,0.007814503274857998,
-0.04196735844016075,0.004842178896069527,
0.006202979013323784,-0.004906998947262764,
-0.0026048077270388603,-0.0008212202810682356,
0.0030454741790890694,0.014572788029909134,
0.002840244211256504,-0.0019952787552028894,
-0.006279308814555407,0.03019796870648861,
-0.024849649518728256,-0.029643302783370018,
-0.006569365505129099,-0.01847538724541664,
0.03235350176692009,-0.007010403089225292,
0.019753461703658104,0.009187075309455395,
0.018862692639231682,-0.013218899257481098,
-0.041951704770326614,0.030298283323645592,
0.03273357078433037,-0.038711391389369965,
0.02082478068768978,-0.011245117522776127,
0.03758765384554863,0.0130058154463768,
-0.0024676139000803232,-0.012155291624367237,
-0.044331617653369904,-0.02812753990292549,
0.0004949882859364152,-0.02457379922270775,
0.0370769165456295,0.04469238966703415,
0.022735126316547394,0.006795800756663084,
-0.01490549836307764,-0.008919242769479752,
-0.0362013541162014,0.013020681217312813,
0.00999355036765337,-0.0016101772198453546,
0.02615337260067463,-0.007438805419951677,
0.02377685159444809,-0.012097623199224472,
0.04275044426321983,-0.026575874537229538,
0.018925804644823074,0.016202757135033607,
-0.01687271147966385,0.0033739018253982067,
-0.015153341926634312,-0.02590244635939598,
-0.001557940966449678,0.008757843635976315,
-0.028197357431054115,0.008055377751588821,
-0.0206738393753767,-0.05047764256596565,
-0.03614932671189308,0.014665474183857441,
0.004681113176047802,0.021652262657880783,
0.003962368238717318,0.0013942510122433305,
0.009746180847287178,0.034453533589839935,
-0.01699572242796421,-0.0324554406106472,
-0.025099122896790504,0.009530019015073776,
0.009638289920985699,0.014474605210125446,
0.04906187579035759,-0.01351243257522583,
0.004330881871283054,-0.017740365117788315,
0.0057375761680305,0.018634021282196045,
-0.024368785321712494,0.014906701631844044,
0.009226763620972633,0.029063764959573746,
-0.004042315762490034,5.1151768275303766e-05,
-0.005671719089150429,0.012577156536281109,
-0.02151024527847767,-0.008921414613723755,
-0.004536847583949566,0.0005926780286245048,
-0.0028728623874485493,0.016503067687153816,
0.0220551285892725,-0.021108100190758705,
0.03387098386883736,0.04482816159725189,
0.035233303904533386,0.012057234533131123,
0.012162414379417896,-0.003797742770984769,
-0.016817603260278702,-0.018849315121769905,
0.038769304752349854,0.019110064953565598,
-0.0271616168320179,0.0036050190683454275,
-0.0433029867708683,-0.008284768089652061,
-8.806575351627544e-05,0.020734939724206924,
0.012044441886246204,-0.021671079099178314,
0.007802317850291729,0.014647729694843292,
0.0017905569402500987,0.01959201879799366,
-0.007111305370926857,-0.02515820600092411,
0.0008285954827442765,0.020165588706731796,
0.007298137526959181,-0.026454132050275803,
0.01688322052359581,-0.019426889717578888,
0.002722999081015587,0.028467653319239616,
-0.015550416894257069,0.06597558408975601,
0.023073984310030937,-0.0056612081825733185,
-0.03051930107176304,0.024402618408203125,
-0.016511835157871246,0.011789659038186073,
0.021463532000780106,-0.025507193058729172,
0.034399695694446564,-0.019414091482758522,
-0.03355866298079491,-0.019631102681159973,
0.008641356602311134,-0.035044312477111816,
0.02909374050796032,0.01960441842675209,
0.04337884485721588,-0.0031324406154453754,
-0.0005651115789078176,-0.011368000879883766,
-0.02068287506699562,0.001699441927485168,
0.0031799161806702614,0.004908135160803795,
0.009256716817617416,-0.008567031472921371,
-0.011941520497202873,-0.006499864626675844,
-0.0107149388641119,0.025522734969854355,
-0.0017205225303769112,0.004247552249580622,
-0.013915357179939747,-0.020318713039159775,
-0.02087206020951271,0.004180245101451874,
0.007011926732957363,0.025540059432387352,
-0.00010196812218055129,-0.0028274143114686012,
0.029868219047784805,0.007283914368599653,
0.02418285794556141,-0.037282027304172516,
-0.012122005224227905,-0.037217073142528534,
-0.00027807443984784186,-0.009675819426774979,
0.026504898443818092,-0.002434707013890147,
0.039388250559568405,-0.014644021168351173,
-0.019371312111616135,0.03691878542304039,
0.003159895306453109,0.02113565430045128,
-0.015374898910522461,-0.02438230626285076,
0.009708322584629059,0.006363759282976389,
-0.013940620236098766,0.014210579916834831,
0.019565826281905174,-0.0016452280106022954,
0.02323741465806961,0.031186025589704514,
-0.010286285541951656,-0.00918734259903431,
-0.03215216100215912,0.0031315500382333994,
-0.04144351929426193,0.002217769855633378,
0.005747929681092501,-0.0006640410283580422,
0.009461487643420696,-0.016362590715289116,
0.01939108967781067,0.005295282229781151,
-0.010361261665821075,0.016540270298719406,
0.010656656697392464,-0.0016208873130381107,
0.0008416894124820828,0.021590907126665115,
0.009866614826023579,-0.011951002292335033,
-0.0033309448044747114,-0.004313847981393337,
0.010601640678942204,-0.04689572751522064,
0.019154086709022522,-0.04605158045887947,
0.007053800392895937,-0.01812223345041275,
-0.01132386364042759,0.007274651899933815,
0.026979675516486168,-0.002284393645823002,
0.011591380462050438,-0.004934603814035654,
-0.00919746607542038,0.033995818346738815,
-0.028240103274583817,0.013311748392879963,
0.0015406276797875762,0.006796430330723524,
0.02982960268855095,0.001602670643478632,
0.01243552379310131,-0.02074448950588703,
0.012695805169641972,0.05081174895167351,
-0.00749286450445652,0.05091721564531326,
-0.0056039877235889435,0.014037813991308212,
0.021768497303128242,-0.02817835472524166,
-0.04016318544745445,0.012357467785477638,
0.007574938237667084,0.012602400965988636,
-0.040283653885126114,0.05811898410320282,
-0.007950372993946075,-0.0012416377430781722,
0.0342382937669754,0.02522236667573452,
0.02658091112971306,-0.01826675608754158,
-0.0014437547652050853,-0.006231959443539381,
-0.018460098654031754,-0.01770029403269291,
-0.042415592819452286,0.002066181041300297,
0.0004065916291438043,0.013960286043584347,
-0.009949732571840286,0.010450055822730064,
0.0023982550483196974,0.021513279527425766,
0.008847185410559177,-0.017163215205073357,
0.007581452839076519,0.05165182426571846,
-0.007373709697276354,0.01486754696816206,
0.003218802623450756,0.007345347199589014,
-0.020824596285820007,-0.019975274801254272,
-0.012244511395692825,-0.021458610892295837,
0.011254122480750084,0.006683340761810541,
0.018697090446949005,-0.007133278995752335,
-0.0019613534677773714,-0.03611721470952034,
0.023387562483549118,-0.019853871315717697,
-0.023892581462860107,0.02667965739965439,
-0.012380304746329784,0.01454542949795723,
0.0032081310637295246,-0.003351141232997179,
0.019895896315574646,0.001228700508363545,
-0.02722136117517948,0.0014315375592559576,
0.007691211067140102,-0.034153569489717484,
-0.0046511548571288586,-0.0054198019206523895,
-0.02303280495107174,0.007676534820348024,
0.027320072054862976,-0.0002458532399032265,
0.0008167417836375535,-0.025907980278134346,
-0.004198571667075157,-0.0010604310082271695,
-0.017342817038297653,0.038592297583818436,
0.028880922123789787,0.004293343517929316,
0.024919621646404266,-0.015822123736143112,
0.01595565862953663,0.013407871127128601,
0.01670577935874462,-0.01944209448993206,
-0.0007244311273097992,-0.009181216359138489,
-0.009179451502859592,0.016337214037775993,
-0.02243000641465187,-0.004647898022085428,
0.01128908060491085,-0.022769013419747353,
-0.014250713400542736,-0.009241768158972263,
0.04081166535615921,0.004346647299826145,
0.016941118985414505,0.0067040822468698025,
0.004275695886462927,-0.014571377076208591,
-0.0031347027979791164,0.02907910943031311,
0.04098013415932655,0.03213327005505562,
0.0017261231550946832,-0.008044499903917313,
0.04560701549053192,-0.005550862289965153,
-0.01868293806910515,0.0011654586996883154,
0.013726158998906612,-0.008081851527094841,
0.027000924572348595,-0.004661379382014275,
-0.02980218082666397,-0.019055167213082314,
-0.020953133702278137,-0.022817939519882202,
-0.02397540770471096,0.013823194429278374,
0.007965206168591976,0.013891108334064484,
0.010041761212050915,-0.027334369719028473,
0.036569368094205856,-0.0305375624448061,
0.018476180732250214,0.0030100145377218723,
0.010213485918939114,-0.03224308788776398,
0.0009821851272135973,0.00296544237062335,
-0.015982570126652718,-0.0332077294588089,
-0.04757426679134369,0.019896375015378,
-0.015162280760705471,0.002186509082093835,
0.003624505130574107,-0.015364203602075577,
0.03206843137741089,-0.0010170668829232454,
0.013264058157801628,-0.05268489941954613,
-0.05183333531022072,-0.004093055613338947,
-0.02368331514298916,0.03801437467336655,
0.009341221302747726,0.009648769162595272,
0.021696478128433228,-0.0030440392438322306,
-0.014018077403306961,0.02591528743505478,
-0.011119919829070568,-0.015758641064167023,
-0.014745686203241348,-0.005598327610641718,
0.03945893421769142,-0.007852964103221893,
-0.022153330966830254,-0.01466785091906786,
-0.028953291475772858,-0.03376101702451706,
0.013316969387233257,0.0026581708807498217,
-0.003969974350184202,-0.02199356071650982,
-0.005902556702494621,0.03603650629520416,
-0.0027449990157037973,0.01878492534160614,
0.04679220914840698,0.0019571431912481785,
0.0348823182284832,0.052208311855793,
0.01848708838224411,0.01414268184453249,
-0.026648811995983124,0.016256673261523247,
0.013684521429240704,0.005259017460048199,
0.019893839955329895,0.01189141720533371,
-0.015879416838288307,0.0011914606438949704,
-0.02262089028954506,-0.0008273200946860015,
-0.006891412660479546,0.013703646138310432,
-0.003759618615731597,-0.018024999648332596,
-0.0023937157820910215,0.04819348081946373,
-0.004499354399740696,-0.011970491148531437,
0.007420415058732033,0.003831501118838787,
-0.007383821066468954,-0.0230477936565876,
-0.0025455341674387455,-0.01488499529659748,
0.04872940480709076,0.020244618877768517,
-0.033506304025650024,0.015130733139812946,
0.023188237100839615,-0.012670302763581276,
-0.012837211601436138,0.038911305367946625,
0.014338919892907143,0.016617169603705406,
0.015160667710006237,0.07846908271312714,
0.0013756589032709599,-0.05928909778594971,
0.003119410714134574,-0.028863463550806046,
0.037043482065200806,0.02705770917236805,
-0.026894524693489075,-0.03593495115637779,
-0.008567780256271362,-0.010298648849129677,
-0.0018413909710943699,-0.006009708624333143,
-0.024998676031827927,0.020911775529384613,
0.013687281869351864,-0.01589551568031311,
0.005537513177841902,-0.03009195812046528,
-0.018988246098160744,-0.007190943695604801,
-0.009113166481256485,0.02649695985019207,
-0.007498201914131641,-0.02980019524693489,
-0.017444729804992676,-0.05120779201388359,
0.0006204159581102431,-0.03146718069911003,
-0.009023881517350674,-0.01640201546251774,
0.018007762730121613,-0.04172045737504959,
-0.015113025903701782,-0.016049619764089584,
0.018104063346982002,0.03373916447162628,
0.02744757942855358,-0.005182746332138777,
0.015299494378268719,-0.020357007160782814,
-0.024904130026698112,-0.019618170335888863,
-0.026454897597432137,0.013758720830082893,
0.019126253202557564,-0.011715295724570751,
-0.019458036869764328,-0.015849361196160316,
-0.006126393564045429,-0.010963541455566883,
-0.004054941236972809,0.016621727496385574,
0.0015589924296364188,0.01041741669178009,
0.01949583925306797,0.0014668151270598173,
0.012075161561369896,0.0001885120291262865,
-0.017070522531867027,-0.033889833837747574,
0.020142167806625366,-0.03587069362401962,
0.003631260711699724,-0.026152685284614563,
0.005753414239734411,-0.007506015710532665,
0.027472052723169327,0.01818663440644741,
-0.012683146633207798,-0.000407275598263368,
-0.00976142194122076,-0.0040182629600167274,
-0.015079368837177753,0.011409986764192581,
0.017805293202400208,-0.0021815081126987934,
0.04068854823708534,-0.01868796907365322,
0.011645585298538208,0.004674891009926796,
0.010722354054450989,-0.019081275910139084,
-0.02499561198055744,0.025746341794729233,
-0.02048741653561592,-0.02274114266037941,
-0.023810220882296562,-0.003097692970186472,
-0.007031705696135759,-0.008309769444167614,
-0.02577328123152256,0.01863774098455906,
-0.00945835467427969,-0.02013365365564823,
-0.012488237582147121,-0.017909932881593704,
-0.009190893732011318,-0.04717821627855301,
-0.015698162838816643,0.027382537722587585,
-0.007448700722306967,0.005209061782807112,
-0.021134143695235252,-0.00701573072001338,
-0.00679879542440176,-0.010311427526175976,
0.026656633242964745,-0.002458967501297593,
-0.008404452353715897,-0.0024204894434660673,
0.011805078014731407,0.020606638863682747,
-0.0016651289770379663,0.053871843963861465,
0.0003423052839934826,-0.04767142981290817,
-0.013527721166610718,-0.027693795040249825,
0.017042528837919235,0.01469484344124794,
-0.014145509339869022,0.017621047794818878,
0.002389867091551423,0.01892988383769989,
0.028264174237847328,-0.016843101009726524,
-0.015510247088968754,0.04054468125104904,
0.04183729365468025,0.026356717571616173,
0.020881744101643562,0.02490490861237049,
-0.05473159998655319,-0.021423131227493286,
0.02664279006421566,0.041178762912750244,
-0.010740329511463642,0.026130057871341705,
0.023181643337011337,0.025001447647809982,
0.036636337637901306,0.03242563083767891,
-0.05866527184844017,-0.0007236574892885983,
-0.024808935821056366,-0.0003181162755936384,
-0.001791559741832316,-0.02176734060049057,
0.005529968533664942,0.020043741911649704,
0.0480717308819294,-0.007281675469130278,
0.019863644614815712,-0.0048263040371239185,
0.001804459490813315,0.02008310705423355,
0.02831125818192959,-0.0030854311771690845,
-0.018689289689064026,0.0268782377243042,
-0.013571789488196373,0.0031104995869100094,
-0.015736056491732597,0.001360899768769741,
0.003529865061864257,0.026989618316292763,
0.0296340174973011,0.028214391320943832,
0.011465298011898994,-0.005710962228477001,
-0.015672940760850906,-0.040398385375738144,
-0.005410413723438978,-0.01401921734213829,
-0.027002235874533653,0.011189158074557781,
-0.03685350716114044,0.013692243956029415,
-0.012920798733830452,-0.007909349165856838,
0.01912052370607853,0.056343924254179,
0.011656801216304302,-0.014553564600646496,
0.06068839505314827,-0.013877639546990395,
0.0026143069844692945,-0.00014733518764842302,
-0.018146773800253868,-0.018051426857709885,
-0.0057977717369794846,0.012589649297297001,
-0.005201245192438364,-0.003332854248583317,
0.03541779890656471,0.006720551755279303,
-0.02374822273850441,0.020857147872447968,
0.024301132187247276,0.017492005601525307,
-0.02695845440030098,-0.01363515853881836,
-0.030071498826146126,-0.010332738049328327,
-0.005619095638394356,-0.012324227951467037,
-0.010775862261652946,0.008952065370976925,
-0.0008432009490206838,-0.0032657987903803587,
0.025313572958111763,0.03648916259407997,
-0.015184340998530388,0.013471259735524654,
0.021286649629473686,-0.00623926380649209,
0.021483780816197395,-0.011952859349548817,
-0.024306930601596832,0.03937150165438652,
-0.018384527415037155,0.003709668992087245,
-0.014579025097191334,0.012890112586319447,
0.0014774479204788804,-0.054126862436532974,
-0.01079613994807005,-0.004322506487369537,
-0.003376111388206482,-0.0027589567471295595,
-0.005072570871561766,-0.00198310986161232,
-0.028055617585778236,0.0049085430800914764,
0.022062070667743683,-0.024045098572969437,
-0.036092787981033325,0.017879905179142952,
0.0023976212833076715,-0.0209833774715662,
0.002692184643819928,0.021602019667625427,
0.029265599325299263,0.025158880278468132,
0.006428724620491266,0.0014963089488446712,
-0.007425122894346714,-0.006457372102886438,
-0.02031766064465046,0.03585359454154968,
0.01829712837934494,0.020367009565234184,
-0.0073550064116716385,-0.035836562514305115,
0.001572737586684525,-0.0031648525036871433,
-0.02645486779510975,-0.0021553493570536375,
0.02190929651260376,-0.012370419688522816,
0.00425894558429718,-0.027951696887612343,
-0.056013040244579315,-0.020910577848553658,
-0.008105270564556122,0.009950789622962475,
0.032779108732938766,0.024433815851807594,
-0.0005011673201806843,-0.01711132936179638,
0.012017671950161457,-0.02208022028207779,
-0.02879977412521839,-0.032192815095186234,
0.007408246863633394,0.004929383285343647,
-0.008119639940559864,-0.02493330091238022,
0.041499994695186615,-0.03439642861485481,
-0.035903919488191605,-0.04019562900066376,
-0.03788765147328377,-0.0015314274933189154,
0.04147249460220337,0.011211012490093708,
-0.03144798427820206,-0.022261492908000946,
-0.0182464811950922,-0.014104741625487804,
0.019637836143374443,0.029674747958779335,
0.0230088010430336,-0.0038637500256299973,
-0.028346307575702667,-0.015445850789546967,
0.00977250188589096,0.018311986699700356,
-0.010255860164761543,0.017909759655594826,
-0.011229181662201881,0.00172197085339576,
-0.0072911991737782955,-0.003203808329999447,
0.013284697197377682,-0.0064363800920546055,
-0.02557876892387867,0.007462732959538698,
-0.006854742765426636,0.019885485991835594,
-0.03177778050303459,0.0046548969112336636,
0.034118443727493286,0.05578724294900894,
-0.02221742644906044,-0.01690557412803173,
0.0018251588335260749,-0.013696372509002686,
0.04126520827412605,-0.009763618931174278,
0.012453741393983364,-0.025737015530467033,
-0.027082882821559906,0.026435425505042076,
-0.0005070744664408267,0.000757685222197324,
-0.016588209196925163,0.039973534643650055,
0.002253137296065688,-0.024014949798583984,
-0.01848793588578701,0.014650962315499783,
0.04998454451560974,-8.53789460961707e-05,
-0.005427551455795765,-0.015190490521490574,
-0.03251989185810089,0.00838396605104208,
-0.003922793548554182,0.0020092253107577562,
-0.0015827675815671682,-0.04761853069067001,
0.02739826962351799,0.01780962012708187,
0.004447705578058958,0.004454843699932098,
-0.011570156551897526,-0.01621217653155327,
-0.010920530185103416,-0.008902712725102901,
0.011215670965611935,0.023463284596800804,
-0.04032224789261818,-0.012532798573374748,
-0.012477626092731953,0.003571515204384923,
-0.012949171476066113,-0.042565423995256424,
0.004666687920689583,-0.007876540534198284,
0.005807123612612486,-0.024127274751663208,
0.0356806218624115,-0.012286605313420296,
-0.017030900344252586,-0.005261667538434267,
0.05224155634641647,0.016380660235881805,
-0.019104575738310814,0.047942619770765305,
-0.011092538945376873,-0.006304069887846708,
-0.0040661985985934734,-0.059042442589998245,
0.012104729190468788,0.007018346339464188,
0.04360540583729744,0.010444086976349354,
0.016328886151313782,-0.020464155822992325,
-0.02791091799736023,-0.0004888478433713317,
0.043938230723142624,0.007956125773489475,
-0.012587915174663067,0.03588653355836868,
-0.0124971279874444,0.022649439051747322,
0.008556942455470562,-0.012955295853316784,
0.012118197046220303,0.0022641830146312714,
0.013409022241830826,0.015366286039352417,
-0.001941082184202969,0.02806968428194523,
-0.020271722227334976,-0.04058903083205223,
0.006766447331756353,0.0021853598300367594,
0.011265473440289497,0.009607709012925625,
0.02493552304804325,-0.0003078721056226641,
-0.01942218281328678,-0.014171523042023182,
0.02969937212765217,-0.018234990537166595,
0.01919882744550705,-0.02913135662674904,
0.0203932486474514,-0.007735446561127901,
0.020380591973662376,-0.04058638960123062,
-0.007457489613443613,-0.0023328722454607487,
0.0001764148910297081,0.00033828496816568077,
-0.0021928984206169844,-0.02059311605989933,
0.031314920634031296,-0.01993568427860737,
0.005297699477523565,-0.018653880804777145,
0.016844743862748146,0.001505599357187748,
-0.01672317460179329,-0.004478917457163334,
0.015504492446780205,-0.01611526496708393,
-0.010852926410734653,0.017054058611392975,
0.03219710662961006,0.01767192780971527,
-0.02647893689572811,0.016217613592743874,
-0.03827275335788727,0.020475441589951515,
0.02764301188290119,-0.02039197087287903,
0.008461489342153072,0.001479699625633657,
-0.008007277734577656,0.01764628104865551,
0.015089518390595913,-0.018617698922753334,
0.005624941550195217,-0.009223487228155136,
0.01423619594424963,0.014111044816672802,
-0.0004331386589910835,-0.01261880062520504,
-0.002464545425027609,-0.03355611860752106,
-0.004921194165945053,0.01731264591217041,
-0.0033748021814972162,-0.004640433471649885,
-0.0034293814096599817,0.010730165988206863,
0.032444484531879425,0.008429194800555706,
0.003975176252424717,-0.014253130182623863,
-0.019654110074043274,0.005191455595195293,
0.0011319860350340605,-0.026105530560016632,
-0.02803979441523552,0.034785669296979904,
0.007606985047459602,-0.02258608490228653,
-0.06090952828526497,0.0007699962588958442,
0.009012688882648945,0.012717064470052719,
0.025190193206071854,0.044388897716999054,
0.043387312442064285,-0.01813375949859619,
-0.00634060287848115,0.001567593775689602,
0.021465545520186424,0.015242813155055046,
-0.0323248952627182,0.02871432527899742,
-0.011293751187622547,0.01608544960618019,
0.0063120718114078045,-0.022240204736590385,
-0.03061116300523281,0.020158180966973305,
0.02578115276992321,0.04035882651805878,
0.013821081258356571,0.009845137596130371,
0.02670915797352791,0.023921439424157143,
-0.0017609861679375172,0.013353795744478703,
-0.008384240791201591,0.013683557510375977,
0.02439839392900467,-0.016765430569648743,
-0.015981044620275497,-0.010977133177220821,
0.015247521921992302,-0.02847139909863472,
0.009404071606695652,0.0033030142076313496,
0.013072810135781765,0.008112275041639805,
0.00223692343570292,0.014888400211930275,
0.02953079529106617,-0.01975885033607483,
-0.009974370710551739,-0.02277822233736515,
-0.039545752108097076,-0.017562761902809143,
-0.007100429851561785,-0.012982302345335484,
-0.0036523030139505863,-0.016362322494387627,
0.007591168861836195,0.035908784717321396,
0.014803783036768436,-0.005709357559680939,
0.01418472733348608,0.014685148373246193,
-0.011263455264270306,0.010561241768300533,
-0.022669058293104172,0.012852031737565994,
-0.017741957679390907,-0.04761010780930519,
0.03099820390343666,0.0075997221283614635,
-0.0017321594059467316,-0.008835195563733578,
0.026325885206460953,0.010583186522126198,
0.020827190950512886,0.03097580187022686,
0.03077242523431778,-0.00632138317450881,
-0.0001127880605054088,0.014504964463412762,
0.006173835601657629,0.048331961035728455,
0.03463954105973244,0.03462599962949753,
-0.05181962251663208,-0.026517540216445923,
-0.023173552006483078,0.007822269573807716,
-0.01434667780995369,0.003347570775076747,
0.03552073612809181,0.044466450810432434,
0.035680606961250305,0.031430792063474655,
0.0022158350329846144,0.020860323682427406,
-0.024202361702919006,0.0342579148709774,
-0.010046003386378288,0.03593028336763382,
0.005517332348972559,0.011344951577484608,
0.002254423452541232,-0.0015916164265945554,
-0.016193121671676636,-0.003678780747577548,
-0.005750549491494894,0.00892825610935688,
0.005082339514046907,-0.02617059275507927,
-0.008823352865874767,-0.014502303674817085,
0.007766419555991888,-0.0002806932316161692,
0.00575886620208621,0.01835552230477333,
-0.006855892017483711,-0.034132249653339386,
-0.003559078322723508,0.008089746348559856,
-0.025964755564928055,0.035567428916692734,
-0.010478943586349487,-0.034284044057130814,
-0.029563039541244507,-0.002069939626380801,
-0.03771617263555527,-0.03356529027223587,
0.01302757766097784,-0.008492215536534786,
0.03325285762548447,0.00641325069591403,
-0.013966786675155163,0.017850561067461967,
0.05112629011273384,0.019631441682577133,
0.009445545263588428,-0.01890621893107891,
-0.01160598173737526,0.011810308322310448,
-0.020966308191418648,0.011475162580609322,
0.034394193440675735,0.0007513976306654513,
-0.004796488210558891,0.005514555610716343,
-0.01952270232141018,0.0030614060815423727,
-0.0028717617969959974,-0.05842207372188568,
-0.019124800339341164,0.020316194742918015,
0.0375845693051815,-0.01881580427289009,
0.020740708336234093,-0.010378925129771233,
0.0011221054010093212,-0.02744838409125805,
0.0170553270727396,-0.01211575698107481,
0.028404422104358673,0.032741110771894455,
-0.008499996736645699,-0.005711894948035479,
0.016951309517025948,-0.004022612236440182,
0.016221007332205772,0.013166625052690506,
-0.022089777514338493,0.013070759363472462,
0.0005787761765532196,-0.021872418001294136,
0.010114825330674648,-0.017485015094280243,
0.016646336764097214,-0.00030357413925230503,
-0.011541238985955715,-0.01762267015874386,
-0.03230658173561096,0.0025753232184797525,
0.014683899469673634,-0.042733024805784225,
-0.017312105745077133,0.027778780087828636,
-0.008199885487556458,0.015243642963469028,
-0.0027222391217947006,-0.002426690421998501,
0.02933375909924507,-0.007278320845216513,
-0.022611161693930626,-0.005230954382568598,
0.02332318015396595,0.0391269251704216,
-0.00038482717354781926,0.007143273483961821,
-0.05903543904423714,0.019158611074090004,
0.0020951286423951387,-1.3499710803444032e-05,
0.03775026276707649,0.010720285587012768,
-0.02282012067735195,-0.004569248296320438,
0.014327511191368103,0.019237810745835304,
0.016231311485171318,-0.00032842581276781857,
0.013543232344090939,-0.0019850695971399546,
0.005439150147140026,-0.019877677783370018,
-0.028570525348186493,0.03707592561841011,
0.00661446712911129,-0.018942439928650856,
-0.007334236521273851,-0.020318366587162018,
0.004803991876542568,-0.03740989416837692,
-0.0010117392521351576,-0.0035263891331851482,
-0.0361473485827446,0.03256946802139282,
0.0055051459930837154,-0.005381154362112284,
-0.007767992559820414,0.025974469259381294,
-0.007510468363761902,-0.03821972385048866,
-0.04659833386540413,-0.03128240257501602,
0.030494961887598038,0.02729928493499756,
-0.030787337571382523,-0.003728371113538742,
0.009844413958489895,-0.022530673071742058,
0.0020322140771895647,-0.04779769107699394,
-0.056127361953258514,-0.003207175526767969,
0.052254337817430496,-0.03572584316134453,
0.019546758383512497,0.06715144217014313,
-0.0076362574473023415,0.03101133368909359,
0.035240691155195236,0.004151673521846533,
0.004180934280157089,0.01158710103482008,
0.011865845881402493,0.023615989834070206,
0.036520663648843765,-0.005947309546172619,
0.0076354434713721275,-0.012999376282095909,
-0.0226240586489439,0.00536782993003726,
-0.019977759569883347,0.038179583847522736,
0.030314354225993156,-0.013493930920958519,
-0.02326592057943344,-0.013150401413440704,
-0.04113779589533806,0.03957030549645424,
0.012614402920007706,0.012375579215586185,
0.025751033797860146,-0.0015415253583341837,
-0.011363143101334572,-0.0017156093381345272,
-0.04082508385181427,-0.004414866212755442,
0.010357330553233624,0.005463572219014168,
-0.014499201439321041,-0.01606452651321888,
0.05474232882261276,0.006703379563987255,
-0.04148673266172409,-0.03361382707953453,
0.002043274464085698,-0.010379786603152752,
-0.013607093133032322,-0.03194063529372215,
-0.00515176635235548,-0.02136439085006714,
0.0027063905727118254,-0.008956173434853554,
-0.01666093058884144,-0.018513286486268044,
0.009050285443663597,-0.005135528743267059,
0.030253984034061432,-0.034155432134866714,
-0.004717337433248758,0.0006309266318567097,
-0.026753846555948257,-0.006968155037611723,
0.042413413524627686,-0.008640363812446594,
-0.03924672305583954,-0.02732749655842781,
-0.050574056804180145,-0.0344342365860939,
-0.0038573727943003178,-0.012455719523131847,
-0.014431462623178959,0.012842554599046707,
-0.03980840742588043,0.046603091061115265,
-0.0025827104691416025,-0.0077599636279046535,
0.0010875007137656212,-0.02336745522916317,
0.0006766286096535623,-0.02189444750547409,
0.043997131288051605,0.026468252763152122,
-0.0034639709629118443,-0.04754507914185524,
-0.016125578433275223,0.0010076394537463784,
0.005007363855838776,-0.007302022539079189,
0.005141772795468569,-0.05641816556453705,
-0.015322165563702583,0.015425052493810654,
0.027805650606751442,-0.0074427807703614235,
0.014047631062567234,0.02010565809905529,
-0.014055795967578888,-0.03058774769306183,
0.02712169475853443,0.011193545535206795,
0.0011054032947868109,0.021542446687817574,
-0.021610870957374573,0.002315901918336749,
-0.012118931859731674,-0.022577060386538506,
-0.003262120997533202,-0.010777215473353863,
0.025012563914060593,0.01187374722212553,
0.014948693104088306,0.0465528704226017,
-0.020868880674242973,-0.008338388055562973,
-0.0066594937816262245,0.01383870281279087,
3.4556291211629286e-05,-0.06587660312652588,
-0.027785535901784897,0.020486120134592056,
-0.004046688787639141,0.016159582883119583,
-0.04021254926919937,-0.005819625686854124,
-0.014576594345271587,-0.0238896943628788,
0.0159565731883049,-0.0222702044993639,
0.007108768448233604,-0.0014420310035347939,
0.0004429820692166686,0.0010515785543248057,
0.032810308039188385,0.0405237041413784,
0.034966085106134415,-0.022813785821199417,
0.005105344578623772,0.011746314354240894,
0.03126354143023491,0.003564894199371338,
0.017072578892111778,0.009698689915239811,
-0.023216230794787407,0.03250284120440483,
0.019151194021105766,-0.01791406236588955,
-0.02095857635140419,0.041032738983631134,
-0.029998769983649254,0.007426499854773283,
-0.021176962181925774,0.009082072414457798,
0.012635153718292713,0.006619378924369812,
0.026220563799142838,-0.016680175438523293,
-0.0024889870546758175,-0.03131457418203354,
-0.0222551878541708,-0.0350414514541626,
0.05893302708864212,-0.007764306850731373,
0.00560899218544364,0.006402891594916582,
-0.009252838790416718,-0.029258698225021362,
-0.022728480398654938,0.025395149365067482,
-0.04644279554486275,-0.01648627035319805,
0.025127863511443138,-0.010108131915330887,
0.03738871216773987,0.009952256456017494,
0.03881943225860596,0.034787990152835846,
0.012914977967739105,0.04858529940247536,
0.021500809118151665,-0.04179646447300911,
0.00954086147248745,0.00015389676264021546,
0.02496257983148098,0.003828521119430661,
-0.008696401491761208,-0.035034824162721634,
-0.005390663631260395,0.021066633984446526,
0.024891486391425133,-0.05638565495610237,
-0.011138364672660828,-0.00739770382642746,
0.022632790729403496,-0.011318156495690346,
-0.004288562573492527,-0.0007649169419892132,
0.016770850867033005,-0.005828525871038437,
-0.005816719960421324,-0.00976817961782217,
-0.02644335851073265,-0.017371775582432747,
0.03099900484085083,-0.0013403642224147916,
-0.00902086403220892,-0.009895935654640198,
0.02063567005097866,0.01929236203432083,
-0.01222782302647829,-0.026902712881565094,
0.005130670499056578,-0.0028770235367119312,
-0.004443359561264515,0.012751522473990917,
-0.002940964652225375,0.050607696175575256,
0.017244644463062286,0.03518840670585632,
-0.01639108918607235,-0.001529161585494876,
-0.0030278190970420837,-0.012208809144794941,
0.006546399090439081,0.007713546976447105,
-0.011581499129533768,-0.022302499040961266,
0.02318073809146881,-0.005395205691456795,
-0.024122022092342377,0.00980259571224451,
0.02349063754081726,-0.015202369540929794,
0.006480966228991747,0.039239607751369476,
0.00444007245823741,-0.012782366015017033,
0.023975443094968796,0.035163991153240204,
0.017323099076747894,0.010913742706179619,
0.017599502578377724,-0.015200694091618061,
0.02082797698676586,-0.014080801978707314,
0.005167725030332804,0.02910430356860161,
0.0263386033475399,0.0029062009416520596,
-0.017358746379613876,-0.023540645837783813,
-0.013604910112917423,-0.015268387272953987,
-0.0031114036682993174,-0.005842817481607199,
-0.020045356824994087,0.013015447184443474,
0.005892517976462841,0.007991431280970573,
0.0060033369809389114,0.005883794743567705,
-0.016763417050242424,-0.022875912487506866,
0.007977353408932686,0.03535167872905731,
-0.030512429773807526,0.01607896201312542,
0.012126356363296509,0.0233346838504076,
-0.036396026611328125,0.021908024325966835,
0.0019818434957414865,0.030267274007201195,
-0.004328645765781403,0.011469912715256214,
-0.015093755908310413,0.025667866691946983,
0.013489278964698315,0.00858829915523529,
0.00010840144386747852,-0.01177273690700531,
0.009630821645259857,-0.025740405544638634,
-0.005864941515028477,-0.05484938248991966,

pkj_actor,pkj_actor.weight
0.020590106025338173
0.07404191046953201
-0.08411398530006409
-0.007618088740855455
0.0030334643088281155
0.057834140956401825
-0.030929185450077057
-0.0520046092569828
-0.07686137408018112
0.03183852881193161
0.02642754837870598
-0.03003089688718319
0.01714751310646534
-0.02054706960916519
-0.0022465279325842857
0.032600268721580505
0.04710348695516586
-0.12533721327781677
0.027072768658399582
-0.012788224034011364
0.030322322621941566
0.02887280099093914
-0.013542942702770233
0.019245026633143425
0.038852158933877945
-0.019431088119745255
-0.023213420063257217
0.028883108869194984
0.05156856030225754
0.0276326984167099
-0.03636465221643448
0.03039930947124958
-0.010078094899654388
0.0232732892036438
-0.008358670398592949
-0.004246236756443977
-0.009419307112693787
0.009380902163684368
-0.012681177817285061
0.02676898054778576
-0.05471033975481987
0.03391546383500099
0.02173050120472908
0.02174670621752739
0.05883260443806648
0.0503598153591156
0.03555598855018616
0.011269633658230305
-0.3058205842971802
-0.15860122442245483
-0.7455623745918274
-1.4481797218322754
-0.5162879228591919
0.09631980955600739
-0.72906094789505
-0.7413589954376221
-0.3841457664966583
0.20865851640701294
-0.7825347781181335
-0.5237367749214172
-0.6202149987220764
-0.5448765754699707
-0.7697268724441528
-0.48467782139778137
-0.17105931043624878
-0.03790820389986038
-0.05880039930343628
-0.5160254240036011
-0.2807060480117798
-0.015421177260577679
-0.2294141948223114
0.06144174188375473
-0.29187774658203125
0.007277534808963537
0.020077692344784737
0.05902199447154999
-0.2068217396736145
-0.15521933138370514
-0.24244558811187744
-0.5741512775421143
-0.05238074064254761
-0.06431069225072861
-0.07599148154258728
-0.5591644048690796
-0.1530151218175888
0.012663991190493107
-0.035062532871961594
-0.043813955038785934
-0.13495104014873505
0.013892107643187046
-0.0292653851211071
-0.12523490190505981
-0.05499066412448883
0.0330190472304821
-0.10470156371593475
-0.1412394940853119
0.08355696499347687
0.026294823735952377
0.05013493821024895
0.10524804145097733
0.05579961836338043
0.029886990785598755
0.030070487409830093
-0.04776585474610329
0.008173121139407158
-0.032171186059713364
-0.07294516265392303
0.012071291916072369
0.0963045060634613
0.07667908072471619
-0.024915916845202446
0.06449026614427567
-0.2229739874601364
0.1209040954709053
-0.18778637051582336
-0.4748519957065582
-0.1500275582075119
0.0023844570387154818
-0.6229517459869385
-0.26781490445137024
-0.2071342170238495
-0.13614699244499207
-0.4025633633136749
-0.2057802975177765
-0.2508941888809204
-0.3180848956108093
-0.45903682708740234
-0.5640780925750732
-0.5505557656288147
0.08402150869369507
-0.42954620718955994
-1.366292953491211
-0.6215258836746216
-0.15630434453487396
-0.5060661435127258
-1.0813837051391602
-0.8008559942245483
-0.22296664118766785
-0.3712027370929718
-1.1620546579360962
-1.1453150510787964
-0.8300904035568237
-1.1005312204360962
-1.0659524202346802
-0.043290503323078156
0.08334863930940628
0.024842068552970886
0.05256524682044983
0.05700205639004707
-0.039767973124980927
-0.08287911862134933
-0.001375606399960816
0.009952242486178875
0.017689891159534454
-0.017431214451789856
0.036148473620414734
-0.04759209230542183
-0.0027603511698544025
0.01581740751862526
-0.009476358070969582
-0.221270352602005
-0.048799559473991394
-0.17777769267559052
-0.35970741510391235
-0.265817791223526
0.07169844955205917
-0.3250561058521271
-0.18014101684093475
-0.21460376679897308
-0.16645874083042145
-0.0752180740237236
0.042829252779483795
-0.18232876062393188
-0.3864811062812805
-0.42156606912612915
-0.6980171799659729
-0.1189015656709671
0.08662387728691101
-0.0396677702665329
-0.005840113386511803
-0.10999494791030884
-0.010040706023573875
-0.034930888563394547
0.04203207418322563
0.02376544661819935
-0.009447352029383183
0.02362729050219059
0.02587204985320568
0.004913199692964554
0.012998903170228004
-0.019978603348135948
-0.08902355283498764
-0.20101721584796906
-0.1630723625421524
-0.375741183757782
-1.2882800102233887
-0.35075822472572327
0.23483866453170776
-0.5701524615287781
-0.661657989025116
-0.43138983845710754
0.41755539178848267
-0.6563604474067688
-0.351289838552475
-0.4721086621284485
-0.29186493158340454
-0.5832306146621704
-0.5571631789207458
-0.009319406002759933
0.02944790944457054
0.04406734183430672
0.010780299082398415
-0.021755438297986984
0.023178666830062866
0.00886993482708931
0.013925442472100258
-0.023237140849232674
0.14388172328472137
-0.09185471385717392
0.012516429647803307
-0.022689104080200195
-0.025729602202773094
-0.015130290761590004
0.06930851191282272
-0.3735034465789795
-0.14492858946323395
-0.4220447242259979
-1.599966049194336
-0.4131092429161072
0.050352077931165695
-0.3903420865535736
-0.2673974335193634
-0.5631965398788452
0.24911972880363464
-0.716212809085846
-0.6778807640075684
-0.4042932987213135
-0.4693711996078491
-0.7622523307800293
-0.6288682222366333
-0.420184463262558
-0.11887136846780777
-0.4346716105937958
-1.1742446422576904
-0.3622055947780609
0.34872347116470337
-0.3203846216201782
-0.2166285514831543
-0.461040735244751
0.3158315122127533
-0.6382630467414856
-0.35839203000068665
-0.3947087228298187
-0.4193775951862335
-0.6639060974121094
-0.47643691301345825
-0.352079302072525
0.13038527965545654
-0.42631852626800537
-1.5376436710357666
-0.49983543157577515
0.1302691400051117
-0.5575895309448242
-0.23694302141666412
-0.5509543418884277
-0.18578150868415833
-0.7793657779693604
-0.7404875159263611
-0.3803841173648834
-0.4849335849285126
-0.7751522064208984
-0.6300109028816223
0.014894985593855381
0.012361443601548672
0.0151047483086586
0.057275183498859406
-0.04019210860133171
0.017438331618905067
0.0048471675254404545
-0.013067743740975857
0.004740023985505104
-0.031076865270733833
-0.029902786016464233
-0.023068245500326157
-0.04176715016365051
-0.023659517988562584
-0.022315101698040962
-0.058570053428411484
-0.3107104003429413
-0.05890127643942833
-0.4747825264930725
-1.3020801544189453
-0.5847612023353577
0.2686944305896759
-0.6372615694999695
-0.28716686367988586
-0.4912169277667999
-0.10279806703329086
-0.27833133935928345
-0.5555765628814697
-0.4338265359401703
-0.5752896070480347
-0.8774197101593018
-0.6787071228027344
0.05923851951956749
0.04582391306757927
-0.2237524390220642
-0.4627566933631897
-0.11799637228250504
0.10062572360038757
-0.05627245828509331
-0.2713751196861267
-0.07209315150976181
0.17884504795074463
-0.03723963722586632
-0.056117087602615356
-0.04280239716172218
0.056186433881521225
-0.09146878123283386
-0.02471093460917473
-0.08363122493028641
0.016043798997998238
0.052654482424259186
-0.1209302693605423
-0.009148454293608665
0.05001106113195419
0.12564986944198608
-0.11814948916435242
0.06264788657426834
0.03959432989358902
-0.008334347978234291
-0.04254217818379402
0.0023133240174502134
-0.06938119232654572
-0.04729123041033745
-0.05822807550430298
-0.02737189643085003
-0.07654261589050293
0.02399471215903759
0.05851207301020622
-0.021331286057829857
0.0013183016562834382
-0.05012258514761925
-0.04618719220161438
0.05380821228027344
0.024517282843589783
0.023431435227394104
-0.00547187402844429
-0.010837648995220661
-0.03824023902416229
-0.0018744945991784334
-0.0062997895292937756
-0.2868775725364685
0.04215121269226074
-0.29439353942871094
-0.8854367733001709
-0.4559779763221741
0.09926928579807281
-0.09333613514900208
-0.5107501149177551
-0.33784475922584534
0.03194818273186684
-0.17003364861011505
-0.23642697930335999
-0.13144150376319885
-0.5319100022315979
-0.6499479413032532
-0.7803855538368225
-0.3200296461582184
-0.26204708218574524
-0.6304267048835754
-1.1867331266403198
-0.32452598214149475
0.2008180022239685
-0.3236059546470642
-0.575667679309845
-0.3060236871242523
0.2462393194437027
-0.31911805272102356
-0.24924355745315552
-0.4858279228210449
-0.4694707989692688
-0.6181307435035706
-0.241619274020195
-0.04472639039158821
0.0449124313890934
-0.25024864077568054
-0.9548532366752625
-0.07307415455579758
0.1941535919904709
-0.1470753699541092
-0.2851773798465729
-0.3959469795227051
0.1827031373977661
-0.3363392651081085
-0.4003984332084656
-0.2689804434776306
-0.2274574488401413
-0.36598044633865356
-0.1245892122387886
-0.11722532659769058
0.03755230829119682
-0.3889639973640442
-1.3118090629577637
-0.22749100625514984
0.31162694096565247
-0.058732129633426666
-0.10812404006719589
-0.41031715273857117
0.2969832718372345
-0.09295590221881866
-0.28292980790138245
-0.25253820419311523
-0.33032798767089844
-0.5058302283287048
-0.45227834582328796
-0.2119983434677124
-0.16432493925094604
-0.665898323059082
-1.0929601192474365
-0.2559622824192047
0.2643074095249176
-0.48695826530456543
-0.4856467545032501
-0.37874284386634827
0.4839530885219574
-0.3727650046348572
-0.0881345272064209
-0.3545275032520294
-0.4125731587409973
-0.42011404037475586
-0.2065051645040512
-0.13312767446041107
-0.0435420460999012
-0.21877992153167725
-1.033133864402771
-0.20889681577682495
0.36547228693962097
-0.428189218044281
-0.2375149130821228
-0.32272031903266907
0.5423337817192078
-0.06333741545677185
-0.17962276935577393
-0.16542713344097137
-0.32027721405029297
-0.3690482974052429
-0.48297154903411865
-0.20330697298049927
-0.11457086354494095
-0.7293774485588074
-1.5538877248764038
-0.44101056456565857
0.2994353175163269
-0.999970018863678
-0.8307095170021057
-0.3306370675563812
0.00019984881510026753
-0.929315984249115
-0.5235275626182556
-0.6386813521385193
-0.4961177706718445
-0.7020410895347595
-0.4640495181083679
-0.11480289697647095
-0.10544487088918686
0.12632344663143158
0.1553165167570114
-0.2427353858947754
0.016903841868042946
-0.1353069245815277
0.18931928277015686
-1.8721013475442305e-05
0.03373127803206444
-0.07092063128948212
-0.14132267236709595
-0.21759799122810364
-0.08053389191627502
-0.218770369887352
-0.23352588713169098
-0.3498624265193939
-0.05564195290207863
-0.4824182093143463
-0.9500795006752014
-0.3728345036506653
-0.07486804574728012
0.06491261720657349
-0.223984032869339
-0.5780399441719055
-0.2781188488006592
-0.3173682689666748
-0.1378861963748932
-0.29495856165885925
-0.5090774297714233
-0.5705584287643433
-0.8815906047821045
-0.15402132272720337
-0.18259726464748383
-0.6505396366119385
-1.4750728607177734
-0.3232552409172058
0.06037336215376854
-0.6498291492462158
-0.48674923181533813
-0.40509849786758423
0.23524120450019836
-1.0291204452514648
-0.592818558216095
-0.49659791588783264
-0.4121304750442505
-0.6642537713050842
-0.31008410453796387
-0.058346156030893326
-0.015485226176679134
-0.012027593329548836
-0.013111830689013004
-0.03443619981408119
-0.07611846178770065
-0.04213697835803032
-0.004341429099440575
0.01860257238149643
0.0082596056163311
-0.0589342899620533
-0.019045403227210045
-0.04470321908593178
-0.041971586644649506
-0.08482622355222702
-0.008235027082264423
-0.014251116663217545
-0.06286240369081497
-0.015042521990835667
-0.019023174419999123
-0.013480722904205322
-0.01661589741706848
-0.028035292401909828
-0.02084668166935444
-0.04705282673239708
-0.014265642501413822
0.0003681066446006298
-0.036767516285181046
0.008837609551846981
0.02261570654809475
0.013049092143774033
0.003317825263366103
0.037389278411865234
0.0519079826772213
-0.010535976849496365
-0.024858055636286736
-0.08786870539188385
-0.013943158090114594
-0.0655059739947319
0.04383660852909088
0.05751201882958412
0.019746199250221252
0.05431997776031494
-0.019698360934853554
0.030164556577801704
-0.03424758464097977
-0.0720500722527504
0.04871159791946411
-0.30625319480895996
-0.218202605843544
-1.0861477851867676
-1.7199280261993408
-0.4591900706291199
-0.22715643048286438
-0.7832306623458862
-0.9018703103065491
-0.4297863841056824
-0.2585631012916565
-0.653446614742279
-0.5222804546356201
-0.632416844367981
-0.632849931716919
-0.8467962741851807
-0.5049951672554016
-0.13994421064853668
-0.14432233572006226
-0.016123156994581223
-0.5617377161979675
-0.3716932535171509
-0.25612881779670715
0.0687427893280983
0.08842214196920395
-0.3333370089530945
-0.13719171285629272
0.24362525343894958
0.23586979508399963
-0.29330939054489136
-0.25198426842689514
-0.3912216126918793
-0.5612561702728271
-0.029454810544848442
-0.04309890419244766
-0.009107165969908237
-0.5738748908042908
-0.25140947103500366
-0.09060794115066528
0.020400390028953552
-0.1716044843196869
-0.19956712424755096
-0.17748713493347168
0.41519615054130554
0.07829729467630386
-0.09805872291326523
-0.06066541001200676
-0.22637686133384705
-0.2597486972808838
-0.1323508769273758
-0.09221874177455902
0.04809248819947243
0.09731677174568176
0.05073270946741104
-0.05843541398644447
-0.04601922258734703
0.022604383528232574
-0.011585759930312634
-0.061307668685913086
-0.0023917106445878744
-0.04002240672707558
-0.010985632427036762
0.012363668531179428
-0.023574424907565117
-0.0027317001949995756
-0.20494979619979858
-0.21956676244735718
-0.2270199954509735
-0.6473379731178284
-0.34008657932281494
-0.16898813843727112
-0.47288164496421814
0.04829028621315956
-0.303331196308136
-0.2571924328804016
-0.3474542498588562
-0.045893728733062744
-0.3781971037387848
-0.5435221195220947
-0.7097488641738892
-0.7833261489868164
-0.7010186314582825
-0.35162970423698425
-0.6102675795555115
-1.5904217958450317
-0.8699371218681335
-0.5224653482437134
-0.9056535959243774
-1.044593334197998
-0.9643977284431458
-0.49735748767852783
-0.7512025237083435
-1.0386555194854736
-1.4554612636566162
-1.0346957445144653
-1.2568941116333008
-1.0934876203536987
0.002503162482753396
-0.0669943317770958
-0.01749197393655777
0.021575018763542175
0.03375456854701042
-0.03398037329316139
-0.04665498435497284
0.01868210732936859
0.05967087671160698
-0.026641514152288437
-0.0724039152264595
0.0005558327538892627
-0.009401030838489532
-0.001625626813620329
-0.09922605007886887
0.014333822764456272
-0.07722411304712296
0.06644880771636963
-0.16222085058689117
-0.5819374918937683
-0.4992181658744812
-0.10084101557731628
0.07058170437812805
-0.030708085745573044
-0.3520413339138031
-0.2225632518529892
0.07539400458335876
0.14600755274295807
-0.15949729084968567
-0.33712083101272583
-0.5238789916038513
-0.8543376922607422
0.029976608231663704
0.006092050112783909
-0.017442364245653152
0.019602887332439423
-0.05685456842184067
0.021953536197543144
-0.012008205987513065
-0.09260227531194687
-0.07713675498962402
0.004838553722947836
-0.009712642058730125
0.02414650283753872
-0.0037349241320043802
-0.07766906917095184
0.024595122784376144
-0.012730978429317474
-0.2195669412612915
-0.2001335173845291
-0.3760811388492584
-1.4348504543304443
-0.48869284987449646
-0.1599370241165161
-0.2627565860748291
-0.6439477801322937
-0.39118024706840515
0.030930588021874428
-0.4466696083545685
-0.3897905647754669
-0.5569112300872803
-0.4304226338863373
-0.6496846079826355
-0.663635790348053
-0.014032028615474701
0.009239950217306614
0.07275727391242981
-0.03421106934547424
-0.03413383290171623
-0.06631363183259964
-0.007870486006140709
-0.02399779111146927
0.06362111121416092
0.01758226938545704
-0.01911032572388649
0.12285860627889633
-0.03739752247929573
0.023234160616993904
-0.00272501353174448
0.04600038751959801
-0.3543913662433624
-0.34078362584114075
-0.3856584131717682
-1.7841570377349854
-0.46828827261924744
-0.22505950927734375
-0.3605254888534546
-0.38817039132118225
-0.7088015079498291
-0.28096112608909607
-0.5543472766876221
-0.6315820217132568
-0.6336236000061035
-0.5255316495895386
-0.9323729872703552
-0.7867090106010437
-0.4099622666835785
-0.19450928270816803
-0.5570619106292725
-1.460439682006836
-0.4702428877353668
-0.12979646027088165
-0.3477119207382202
-0.4488624632358551
-0.524109423160553
-0.1819271445274353
-0.23819608986377716
-0.29654547572135925
-0.5115585327148438
-0.45696908235549927
-0.7606863379478455
-0.6694761514663696
-0.4000735282897949
-0.18950045108795166
-0.5366354584693909
-1.591985821723938
-0.6031172871589661
-0.3904731571674347
-0.7724780440330505
-0.3497638404369354
-0.6789491772651672
-0.330765038728714
-0.42928001284599304
-0.6569069027900696
-0.47769755125045776
-0.6930436491966248
-0.877517819404602
-0.9482329487800598
0.018953250721096992
-0.007364169228821993
-0.03022138960659504
0.023639395833015442
-0.0024194561410695314
0.017713923007249832
0.01287049613893032
-0.01663704216480255
0.016151893883943558
-0.06520146131515503
-0.01456339843571186
0.06816307455301285
-0.004275999031960964
-0.003576258197426796
0.04773430898785591
0.050721243023872375
-0.47673293948173523
-0.25194352865219116
-0.4932062327861786
-1.4965869188308716
-0.6944560408592224
-0.15407830476760864
-0.5055872797966003
-0.3397469222545624
-0.7075505256652832
-0.4398402273654938
-0.3799329996109009
-0.5057740211486816
-0.5697253942489624
-0.6534693837165833
-0.9131494164466858
-0.9502741694450378
0.022246001288294792
-0.013149251230061054
-0.25739720463752747
-0.6491528153419495
-0.15851984918117523
0.11420179903507233
-0.05546536296606064
-0.4186835289001465
-0.038482505828142166
0.04473312944173813
0.24896961450576782
-0.09744250029325485
-0.015617611818015575
-0.044973988085985184
-0.2983420491218567
-0.08773282170295715
-0.09942367672920227
0.023280205205082893
0.11420872062444687
-0.24720953404903412
-0.01711907610297203
0.09956935048103333
0.4094230830669403
-0.1449080854654312
-0.0760079026222229
0.044084664434194565
-0.05247988551855087
-0.04872468113899231
0.057281773537397385
0.0028863120824098587
-0.017078494653105736
-0.0274769626557827
0.065526083111763
-0.005479530431330204
0.0018257369520142674
0.04369238018989563
0.021540721878409386
0.052613332867622375
-0.0013913912698626518
0.0687321200966835
0.002579624531790614
0.03218841925263405
0.020824536681175232
0.03124338388442993
0.07832913845777512
0.0017181150615215302
0.010533884167671204
0.05024198815226555
-0.3578704297542572
-0.1507626175880432
-0.3867807686328888
-0.7963244915008545
-0.6222495436668396
-0.24047687649726868
-0.22819393873214722
-0.1507018506526947
-0.4478459060192108
-0.2771593928337097
-0.2289116531610489
-0.34872961044311523
-0.209243044257164
-0.6452960968017578
-0.8950980305671692
-0.8924881219863892
-0.33882936835289
-0.2797103822231293
-0.7848218679428101
-1.3926159143447876
-0.4451628029346466
-0.12726637721061707
-0.23040838539600372
-0.6995457410812378
-0.343799889087677
-0.1817682832479477
-0.1452387571334839
-0.27303141355514526
-0.6375810503959656
-0.599311351776123
-0.6654883623123169
-0.27680590748786926
-0.03462633863091469
-0.0063318852335214615
-0.2032625377178192
-1.163234829902649
-0.2029746025800705
-0.013955874368548393
-0.18045298755168915
-0.5685771703720093
-0.43581658601760864
-0.02498299814760685
0.1619802713394165
-0.24174673855304718
-0.4471364915370941
-0.1997263878583908
-0.43755248188972473
-0.30865463614463806
-0.027242770418524742
-0.10459882766008377
-0.423019677400589
-1.3855600357055664
-0.34333887696266174
-0.05659912899136543
-0.10484767705202103
-0.32547345757484436
-0.5193234086036682
-0.017728395760059357
0.2711433172225952
-0.1394636034965515
-0.3963405191898346
-0.32217466831207275
-0.5904503464698792
-0.5380517244338989
-0.33585411310195923
-0.16324745118618011
-0.7877591252326965
-1.4094479084014893
-0.2983957827091217
-0.3213585913181305
-0.44808441400527954
-0.675883948802948
-0.48593127727508545
-0.1720968335866928
-0.27931129932403564
-0.25973471999168396
-0.41505151987075806
-0.44340822100639343
-0.4590596854686737
-0.2352086454629898
-0.20412875711917877
-0.09035197645425797
-0.3809858560562134
-1.172276496887207
-0.22835904359817505
-0.05272994935512543
-0.40485724806785583
-0.42082470655441284
-0.3408033549785614
-0.017333077266812325
0.21904736757278442
-0.001974742393940687
-0.4338672161102295
-0.2737552523612976
-0.5563843250274658
-0.6146305799484253
-0.2678903043270111
-0.2115483582019806
-0.8838250041007996
-1.70051908493042
-0.4156375527381897
-0.04827048256993294
-0.8415083885192871
-0.8949494361877441
-0.40229591727256775
-0.3971029222011566
-1.0244718790054321
-0.5733145475387573
-0.6227560043334961
-0.6096817255020142
-0.6502726078033447
-0.4849751889705658
-0.1869727373123169
-0.04609357565641403
-0.059165552258491516
0.19940292835235596
-0.2632049024105072
0.026642778888344765
0.0574430450797081
0.5557357668876648
-0.10264977067708969
-0.014988921582698822
-0.07062332332134247
-0.3014579713344574
-0.2251732051372528
-0.040991440415382385
-0.1318492442369461
-0.3291964828968048
-0.34359225630760193
-0.13123925030231476
-0.44588178396224976
-1.0338821411132812
-0.6833868026733398
-0.290414422750473
-0.023791121318936348
-0.17913703620433807
-0.6500126719474792
-0.4668805003166199
0.05268377438187599
-0.047782979905605316
-0.4141797125339508
-0.6677746772766113
-0.7764213681221008
-0.8850429654121399
-0.18456430733203888
-0.1316394805908203
-0.8843053579330444
-1.6127678155899048
-0.40296703577041626
-0.3722042739391327
-0.7041571736335754
-0.7480412721633911
-0.42021703720092773
-0.2976282835006714
-0.7909359335899353
-0.4769604504108429
-0.6509514451026917
-0.5502477288246155
-0.5673959851264954
-0.34299081563949585
-0.003245837055146694
0.0018375342478975654
0.004927970934659243
-0.018169308081269264
0.04033632576465607
-0.022326231002807617
0.023661555722355843
-0.019818471744656563
-0.000500162597745657
0.07109683007001877
0.022242601960897446
0.008631167002022266
-0.04569001868367195
0.07298196107149124
0.02796878293156624
0.031268950551748276
-0.02775692567229271
-0.008047956973314285
-0.016905570402741432
-0.06983332335948944
-0.004378918092697859
-0.03902830928564072
-0.0042816526256501675
-0.03272831812500954
0.10384325683116913
-0.1156831681728363
-0.006048675160855055
-0.0001570283784531057
-0.031410764902830124
-0.007426386699080467
-0.014602347277104855
0.016694633290171623
0.020507685840129852
0.01725774072110653
0.0013669467298313975
-0.10367157310247421
-0.032608214765787125
-0.08491110801696777
-0.039629340171813965
-0.051416799426078796
0.024089094251394272
-0.04813343286514282
0.005675889551639557
0.02793985977768898
0.02727212943136692
-0.01896912045776844
-0.04864255711436272
0.06491310149431229
-0.363618940114975
-0.1589750051498413
-1.016402244567871
-1.7817281484603882
-0.4590801000595093
0.08485043048858643
-0.5383749008178711
-0.9424542784690857
-0.37195634841918945
0.07480590045452118
-0.5160676836967468
-0.6907365322113037
-0.7106598615646362
-0.4498007893562317
-0.8106133937835693
-0.4649478495121002
-0.11485756188631058
-0.05210701376199722
-0.13598237931728363
-0.42977175116539
-0.3099062740802765
-0.14766201376914978
0.5234143733978271
0.11093517392873764
-0.27953094244003296
-0.1754673570394516
0.7965517044067383
0.1280355304479599
-0.47174271941185
-0.289894700050354
-0.18222582340240479
-0.4528662860393524
-0.03628532588481903
0.016434496268630028
-0.010064799338579178
-0.568964958190918
-0.22410467267036438
0.03308320418000221
-0.020351707935333252
0.047279950231313705
-0.1951560229063034
-0.0004074149765074253
0.8071617484092712
0.018112177029252052
-0.08395004272460938
-0.15406452119350433
-0.2240968644618988
-0.24192818999290466
0.007241601590067148
-0.04650617763400078
0.137241393327713
0.022303959354758263
0.03810853138566017
0.07033402472734451
0.040108341723680496
0.04837251827120781
0.04087068885564804
0.01083257608115673
0.009863787330687046
0.007528146728873253
0.04821056127548218
-0.03165614232420921
0.05376247689127922
-0.07771443575620651
-0.13931836187839508
-0.1108318492770195
-0.3072582483291626
-0.4505782723426819
-0.3432941138744354
0.07720892876386642
-0.05085677281022072
0.013515595346689224
-0.15285839140415192
-0.05840691179037094
0.016130000352859497
-0.037472791969776154
-0.4708511233329773
-0.4178883135318756
-0.6196680068969727
-0.5853477120399475
-0.5100338459014893
-0.11721788346767426
-0.25509849190711975
-1.4499846696853638
-0.6872315406799316
-0.005881038028746843
-0.22445258498191833
-0.8201014399528503
-0.8293232917785645
-0.10140706598758698
-0.045018259435892105
-0.7195730805397034
-1.71308171749115
-0.7297045588493347
-0.7590001225471497
-0.9895850419998169
-0.004627658519893885
0.027350924909114838
-0.04445803910493851
-0.011201759800314903
-0.04958521947264671
0.007096940651535988
0.011695196852087975
0.04534013941884041
-0.028695499524474144
0.07964357733726501
-0.01971621997654438
-0.04227122291922569
0.03705141320824623
0.044515062123537064
-0.010978138074278831
-0.03182310238480568
-0.07127376645803452
-0.0862293466925621
-0.13561996817588806
-0.2757440209388733
-0.37617671489715576
-0.20627957582473755
0.5572121739387512
-0.05693156272172928
-0.348989874124527
-0.01859956979751587
0.5405218601226807
0.14444178342819214
-0.2528119683265686
-0.4438436031341553
-0.25817736983299255
-0.7676551342010498
0.0228092260658741
0.015379971824586391
-0.060890477150678635
0.05722351372241974
0.017834065482020378
0.028047336265444756
0.005866431165486574
0.02389502339065075
-0.04701865464448929
0.013855119235813618
-0.04836850240826607
-0.034800123423337936
0.008124026469886303
-0.05454503744840622
0.03551306575536728
0.03180071711540222
-0.25721871852874756
-0.19009028375148773
-0.1925191432237625
-1.5021905899047852
-0.38557329773902893
-0.00869195070117712
0.6130585074424744
-0.6596405506134033
-0.47918006777763367
0.36759650707244873
0.15521880984306335
-0.4411448538303375
-0.6691610217094421
-0.38189709186553955
-0.42170554399490356
-0.4144003689289093
0.01065310649573803
-0.04641740769147873
-0.06542767584323883
-0.019537441432476044
0.024497758597135544
0.07112284004688263
0.007445120252668858
-0.0021678984630852938
0.09881587326526642
0.043720465153455734
0.027877934277057648
0.007695866283029318
-0.05357680469751358
-0.08555406332015991
-0.058929864317178726
-0.01606915146112442
-0.40223151445388794
-0.1553005427122116
-0.20840144157409668
-1.8102155923843384
-0.4638268053531647
-0.0921427309513092
0.2158166617155075
-0.4321715533733368
-0.6001110672950745
0.08666953444480896
0.044791512191295624
-0.4981854557991028
-0.8288540244102478
-0.3280619978904724
-0.2662099599838257
-0.8142756819725037
-0.25868406891822815
0.00031538106850348413
-0.4217911958694458
-1.3045270442962646
-0.4275323152542114
0.1608053296804428
-0.23027732968330383
-0.3133086562156677
-0.5642951726913452
0.28920653462409973
0.24201488494873047
-0.32124707102775574
-0.4782062768936157
-0.30131131410598755
-0.6538358926773071
-0.581972599029541
-0.3027174472808838
-0.09540330618619919
-0.3896632194519043
-1.5622951984405518
-0.48587891459465027
-0.15368381142616272
-0.23986856639385223
-0.15107007324695587
-0.7427170872688293
-0.04053879156708717
0.30651405453681946
-0.3766253590583801
-0.6749251484870911
-0.3936205506324768
-0.26458296179771423
-0.7191439867019653
0.009180945344269276
0.058949071913957596
0.040116433054208755
-0.04292261227965355
-0.04394141584634781
-0.008722744882106781
-0.03554396703839302
-0.09227515757083893
0.02545035630464554
0.04143206402659416
-0.023558560758829117
-0.05261390656232834
-0.03843525052070618
-0.0412021204829216
-0.053837236016988754
0.038782279938459396
-0.33441829681396484
-0.11410927772521973
-0.21627214550971985
-1.5414108037948608
-0.6136837005615234
-0.0029895033221691847
0.039400022476911545
-0.4335453510284424
-0.6137211322784424
-0.028273170813918114
0.30128902196884155
-0.2592485249042511
-0.7689195871353149
-0.3271981179714203
-0.19680817425251007
-0.6893552541732788
0.17780664563179016
-0.03576762601733208
-0.20394159853458405
-0.5719311237335205
-0.10136923938989639
0.025620758533477783
-0.09947331249713898
-0.24646559357643127
0.01386865135282278
0.5085902810096741
0.083232581615448
-0.1315959095954895
-0.09266819059848785
-0.11919406801462173
-0.282976895570755
-0.10377676039934158
-0.12132028490304947
0.009133930318057537
0.19386805593967438
-0.2804575562477112
0.018226686865091324
0.1270744502544403
0.3358912467956543
-0.14464206993579865
-0.025092685595154762
0.014493170194327831
-0.04627086594700813
-0.021594353020191193
0.01894567348062992
0.012430029921233654
-0.1040586605668068
-0.08356188237667084
-0.015536060556769371
-0.023940924555063248
0.04947700724005699
-0.02526060864329338
0.04412474110722542
0.03182116150856018
0.009462949819862843
0.04028462618589401
0.023363301530480385
0.03216832876205444
0.013581144623458385
-0.007106870412826538
0.06748683005571365
0.03167444095015526
0.029768839478492737
0.010033328086137772
-0.26790618896484375
-0.08631130307912827
-0.14583833515644073
-0.7217130064964294
-0.5563659071922302
-0.0848514661192894
0.4379507899284363
-0.02356555312871933
-0.46346309781074524
0.08033164590597153
0.14483322203159332
-0.23702874779701233
-0.24883921444416046
-0.5663966536521912
-0.8741368055343628
-0.7172529697418213
-0.29595187306404114
-0.1579064279794693
-0.7188998460769653
-1.4137142896652222
-0.4191058874130249
0.07405231148004532
-0.2833091616630554
-0.5194348692893982
-0.4541158080101013
0.09168735146522522
-0.020216548815369606
-0.35148414969444275
-0.5691405534744263
-0.43810534477233887
-0.5002889037132263
-0.38905221223831177
-0.059400904923677444
0.028764961287379265
-0.16913063824176788
-1.0885581970214844
-0.20031723380088806
-0.08001255989074707
-0.107622891664505
-0.38014405965805054
-0.3685830533504486
0.3692752420902252
0.7822614908218384
-0.18792009353637695
-0.3863949775695801
-0.23723481595516205
-0.12340416014194489
-0.26993322372436523
-0.09881938993930817
-0.08904817700386047
-0.44752737879753113
-1.372292160987854
-0.34162962436676025
0.10842230170965195
0.3720814287662506
-0.2639061212539673
-0.46067818999290466
0.5236344337463379
0.8221642971038818
0.10830776393413544
-0.4546450972557068
-0.23006050288677216
-0.2509090304374695
-0.3783527910709381
-0.28212153911590576
-0.12131262570619583
-0.7724777460098267
-1.2862979173660278
-0.412190705537796
-0.06385967135429382
-0.625251829624176
-0.5540270805358887
-0.39377766847610474
0.19427672028541565
-0.0011489565949887037
-0.3410260081291199
-0.5187481641769409
-0.30209359526634216
-0.3191496431827545
-0.15725775063037872
-0.16982214152812958
-0.09938967972993851
-0.13755203783512115
-1.1845860481262207
-0.2787647545337677
0.12947353720664978
-0.23929570615291595
-0.32850080728530884
-0.37021341919898987
0.23530220985412598
0.7584831714630127
-0.04975440725684166
-0.388293594121933
-0.2209031730890274
-0.30593863129615784
-0.6863337159156799
-0.2227194905281067
-0.1683913916349411
-0.8528634309768677
-1.7975413799285889
-0.4943093955516815
0.05878492444753647
-0.31470075249671936
-0.9769231081008911
-0.3751360774040222
0.13924731314182281
-0.7421612739562988
-0.8190087080001831
-0.6991302967071533
-0.5780140161514282
-0.76446533203125
-0.5176314115524292
-0.16749927401542664
-0.06092003732919693
-0.029400505125522614
0.3279629945755005
-0.2200748175382614
-0.12213427573442459
0.1319313943386078
0.5067164897918701
-0.030621832236647606
0.014145605266094208
-0.06738544255495071
-0.2092241793870926
-0.2327888458967209
-0.06445395946502686
-0.24320288002490997
-0.40783849358558655
-0.32725146412849426
-0.13538481295108795
-0.15255849063396454
-0.8587402105331421
-0.5150152444839478
-0.04053696244955063
0.504102349281311
0.1147531121969223
-0.593505859375
-0.060955148190259933
0.6535017490386963
-0.018093034625053406
-0.5314529538154602
-0.2324514240026474
-0.36129531264305115
-0.6752042174339294
-0.13426631689071655
-0.23803330957889557
-0.7398366332054138
-1.6263017654418945
-0.3572329878807068
-0.10948144644498825
-0.48543551564216614
-0.6297138333320618
-0.428756982088089
-0.05810762569308281
-0.2133485972881317
-0.6375762224197388
-0.46022307872772217
-0.36453354358673096
-0.3479471206665039
-0.48013627529144287
0.03903017193078995
-0.03401612862944603
-0.017256829887628555
0.00846096407622099
-0.042312074452638626
0.04214010015130043
0.004586710594594479
0.016243815422058105
-0.12986725568771362
-0.024353303015232086
-0.005158617626875639
0.012519313022494316
-0.00399604020640254
0.051725298166275024
-0.003684023395180702
0.003186376066878438
-0.08515569567680359
-0.012078582309186459
0.017595574259757996
-0.006244082003831863
-0.06769667565822601
0.04481302946805954
-0.04795271158218384
0.02954399213194847
0.04628101736307144
-0.0039702532812952995
0.027182482182979584
0.031183786690235138
-0.026540739461779594
-0.05150110274553299
-0.007706817239522934
-0.025341037660837173
0.06253203749656677
-0.0041745794005692005
-0.07899418473243713
0.07567042112350464
-0.036325499415397644
0.047189440578222275
0.02031349204480648
0.04217441380023956
0.029367471113801003
-0.03338245674967766
-0.022124318405985832
0.015291767194867134
-0.021814333274960518
-0.023061588406562805
0.014129738323390484
-0.017317626625299454
-0.3051973283290863
-0.08283156156539917
-0.7988203763961792
-1.543526530265808
-0.4506930410861969
-0.05848825350403786
-0.6020976305007935
-0.829452395439148
-0.4705657362937927
-0.062468644231557846
-0.6262065172195435
-0.511631429195404
-0.49895989894866943
-0.5251234769821167
-0.7900763750076294
-0.5218534469604492
-0.07805562019348145
-0.05029864236712456
-0.1610141396522522
-0.45678165555000305
-0.2699836492538452
-0.1036645695567131
0.1460621953010559
0.04696653038263321
-0.31177255511283875
-0.05377040058374405
0.3379468321800232
0.17255030572414398
-0.31282952427864075
-0.17958736419677734
-0.4287151098251343
-0.5126215815544128
-0.0666731745004654
0.0030749128200113773
0.005844630300998688
-0.5315174460411072
-0.17870742082595825
-0.06933919340372086
-0.03476288542151451
-0.0577344074845314
-0.21904098987579346
-0.18397322297096252
0.4157881438732147
-0.013103670440614223
-0.11655528843402863
-0.060088470578193665
-0.2954476475715637
-0.17093874514102936
0.043202709406614304
0.04156839847564697
0.05071598291397095
-0.010233781300485134
0.01251804456114769
0.004765836987644434
0.007993193343281746
0.024806806817650795
-0.01610439270734787
0.07237062603235245
-0.02303112857043743
0.037631724029779434
0.08625993877649307
0.04650435224175453
-0.06371037662029266
-0.009014919400215149
-0.06357094645500183
-0.10862128436565399
-0.12048952281475067
-0.5406785607337952
-0.31466078758239746
-0.12334942817687988
-0.48966699838638306
-0.1342727690935135
-0.20485126972198486
-0.24343858659267426
-0.16896957159042358
-0.13995832204818726
-0.21822339296340942
-0.40600261092185974
-0.5500308871269226
-0.6774538159370422
-0.6119357347488403
-0.21527104079723358
-0.5610496997833252
-1.4299088716506958
-0.7771286964416504
-0.26395660638809204
-0.7336198687553406
-1.0415678024291992
-0.8321697115898132
-0.3576958179473877
-0.40607649087905884
-1.1382323503494263
-1.3110730648040771
-0.9166140556335449
-1.239580512046814
-1.0960848331451416
-0.01865009032189846
0.018011081963777542
0.021662497892975807
-0.04431220144033432
0.0036169495433568954
0.0819489061832428
0.04273442551493645
0.043587859719991684
-0.029501473531126976
0.0669270008802414
-0.013091783970594406
0.053496699780225754
0.028388360515236855
-0.007332942448556423
0.038665901869535446
0.06156732141971588
-0.1839759349822998
-0.1161685511469841
-0.20123091340065002
-0.3881477415561676
-0.3187108039855957
-0.16291029751300812
0.08573370426893234
-0.0386764258146286
-0.2638513147830963
-0.12387888878583908
-0.0018225499661639333
0.1531314253807068
-0.23925864696502686
-0.3648398220539093
-0.505759060382843
-0.7615450024604797
-0.009314912371337414
0.06803511083126068
-0.009694595821201801
-0.021792005747556686
0.03256089612841606
0.06799674779176712
-0.04122953116893768
0.01733633503317833
0.07815227657556534
0.04902367666363716
0.03872508555650711
-0.03160134702920914
-0.009931323118507862
-0.03709791600704193
0.04232819750905037
-0.0705101415514946
-0.24348820745944977
-0.16752789914608002
-0.3352811634540558
-1.3404541015625
-0.4090835154056549
-0.18081817030906677
0.06944555789232254
-0.6359009742736816
-0.4345172345638275
0.1359468400478363
-0.3558487594127655
-0.5344249606132507
-0.4956119656562805
-0.36828625202178955
-0.6736443042755127
-0.5539485812187195
-0.0008186552440747619
0.017544448375701904
-0.024163680151104927
0.02011442370712757
0.087260901927948
0.07726649194955826
0.008179903030395508
-0.021761387586593628
-0.00822729617357254
0.04283802583813667
-0.024657810106873512
-0.027775254100561142
-0.03273048251867294
0.0024328005965799093
-0.010038243606686592
0.05155402794480324
-0.4613126218318939
-0.18953099846839905
-0.30444076657295227
-1.555115818977356
-0.42511680722236633
-0.24597513675689697
-0.15886059403419495
-0.40945327281951904
-0.6407467126846313
-0.10718750953674316
-0.4842882454395294
-0.6341390609741211
-0.467492014169693
-0.5479503870010376
-0.7312451601028442
-0.6543592810630798
-0.42854732275009155
-0.13648289442062378
-0.4639688730239868
-1.1760298013687134
-0.4657987952232361
0.08263586461544037
-0.2120455801486969
-0.41869550943374634
-0.6834205389022827
0.009776495397090912
-0.0969306007027626
-0.4047909080982208
-0.5643559694290161
-0.365307480096817
-0.6683045625686646
-0.6663088798522949
-0.22575567662715912
-0.10782809555530548
-0.5032898187637329
-1.4327512979507446
-0.5278424024581909
-0.19316518306732178
-0.5592886209487915
-0.3038184940814972
-0.6957910060882568
-0.26523858308792114
-0.17945174872875214
-0.7377905249595642
-0.48801180720329285
-0.5954742431640625
-0.7198819518089294
-0.7949566841125488
-0.0200818944722414
-0.01779283955693245
-0.03204333782196045
0.023157984018325806
0.004516145214438438
-0.01323131937533617
0.07655543833971024
0.08563646674156189
0.012442548759281635
-0.05615672841668129
0.0324067622423172
0.011409380473196507
0.018375540152192116
-0.0702567920088768
-0.03615761920809746
-0.029061250388622284
-0.4776013493537903
-0.20662154257297516
-0.4657146632671356
-1.3302757740020752
-0.6048423647880554
-0.09458976984024048
-0.4400104284286499
-0.40013933181762695
-0.6946204900741577
-0.2683684229850769
-0.1458081156015396
-0.5524166822433472
-0.5706644058227539
-0.6021252870559692
-0.849127471446991
-0.8208458423614502
0.008630036376416683
0.03523680195212364
-0.25878778100013733
-0.5055222511291504
-0.06144978851079941
-0.03501356020569801
-0.04661491885781288
-0.3177788555622101
-0.019954990595579147
0.13045409321784973
0.09200136363506317
-0.025353174656629562
-0.029335832223296165
-0.095364049077034
-0.20043103396892548
-0.07898876070976257
-0.11989112198352814
-0.015071758069097996
0.14456436038017273
-0.25885602831840515
0.010255055502057076
0.11403622478246689
0.2782168388366699
-0.030566643923521042
-0.05471593141555786
0.05004112794995308
-0.02865852415561676
-0.10330858081579208
-0.025546390563249588
-0.020788921043276787
-0.10474833846092224
-0.02059246227145195
-0.0014091090997681022
0.058287911117076874
-0.05349645018577576
0.06757601350545883
0.02151676081120968
-0.013239331543445587
-0.041748203337192535
0.008263049647212029
0.0035669931676238775
0.02079792506992817
-0.02752557210624218
0.0207754485309124
0.03609737753868103
0.007415229920297861
0.01726676896214485
-0.019647374749183655
-0.3996381163597107
-0.11559687554836273
-0.25927871465682983
-0.8736541867256165
-0.5330279469490051
-0.09183014184236526
-0.12513098120689392
-0.2570369839668274
-0.483012855052948
-0.16014233231544495
-0.1931973248720169
-0.30704447627067566
-0.1766476333141327
-0.642575740814209
-0.8794490098953247
-0.7588319182395935
-0.36048078536987305
-0.30590561032295227
-0.6974937915802002
-1.1515475511550903
-0.47794437408447266
0.15531642735004425
-0.27671653032302856
-0.6503592729568481
-0.3627137243747711
0.0043588662520051
-0.11065047979354858
-0.3061846196651459
-0.5011813640594482
-0.5259021520614624
-0.650515079498291
-0.37285858392715454
0.005536569282412529
-0.003154970007017255
-0.1561155617237091
-1.003065586090088
-0.15799443423748016
-0.12911982834339142
-0.2699654996395111
-0.5472944974899292
-0.40316301584243774
0.15094202756881714
0.17014674842357635
-0.23427505791187286
-0.29497063159942627
-0.1675434112548828
-0.43894079327583313
-0.2350660264492035
-0.08993539214134216
-0.011764608323574066
-0.3960832357406616
-1.2469855546951294
-0.2031855583190918
-0.0007427596719935536
-0.06630128622055054
-0.33704495429992676
-0.6220688223838806
0.03786099702119827
0.3564271926879883
-0.3022351861000061
-0.3986022174358368
-0.2679395377635956
-0.5912508964538574
-0.5059560537338257
-0.30418097972869873
-0.07072480022907257
-0.7138566970825195
-1.1422500610351562
-0.30521270632743835
-0.16300082206726074
-0.3840496838092804
-0.6326825618743896
-0.3966343402862549
0.006995650473982096
-0.20526306331157684
-0.24659909307956696
-0.32724544405937195
-0.4487956762313843
-0.4969044625759125
-0.1206335723400116
-0.16884176433086395
-0.06672997027635574
-0.30751436948776245
-0.9527571797370911
-0.2932203710079193
0.04844323545694351
-0.3661244213581085
-0.47995224595069885
-0.2734617590904236
0.032950107008218765
0.2856323719024658
-0.1071421205997467
-0.3212725520133972
-0.22214435040950775
-0.5087453126907349
-0.5393997430801392
-0.2298296093940735
-0.13301095366477966
-0.7791104912757874
-1.5621285438537598
-0.41470640897750854
0.0371965654194355
-0.8700193762779236
-0.8089955449104309
-0.47719529271125793
-0.1647389829158783
-0.9296150207519531
-0.48591890931129456
-0.632614016532898
-0.5547352433204651
-0.6498463749885559
-0.5239567160606384
-0.14879047870635986
-0.1423766314983368
0.03392508625984192
0.37172919511795044
-0.30334097146987915
-0.16840051114559174
0.1937568634748459
0.47957104444503784
-0.09006039053201675
-0.08043163269758224
-0.10969775915145874
-0.22642256319522858
-0.23775134980678558
-0.08415207266807556
-0.2823638319969177
-0.320710688829422
-0.40329915285110474
-0.09700382500886917
-0.3811957538127899
-0.9546428322792053
-0.49185502529144287
-0.18507760763168335
0.10456864535808563
-0.2053329050540924
-0.686683714389801
-0.31860852241516113
0.24273136258125305
-0.18677926063537598
-0.37867283821105957
-0.6326863169670105
-0.770508348941803
-0.8816973567008972
-0.20748168230056763
-0.19775550067424774
-0.8051085472106934
-1.4005851745605469
-0.27065688371658325
-0.26260000467300415
-0.7078083157539368
-0.6543827056884766
-0.45527440309524536
-0.28493961691856384
-0.6640379428863525
-0.5841376781463623
-0.4732931852340698
-0.45693621039390564
-0.5588117241859436
-0.2540489733219147
0.08743717521429062
0.0600401908159256
0.03932351619005203
0.014331582933664322
0.005081246141344309
-0.032539211213588715
0.05630294606089592
0.013068092055618763
0.0352855809032917
-0.037913545966148376
-0.02653789520263672
0.0020781951025128365
-0.025822635740041733
-0.004080392885953188
0.01108655147254467
-0.07145339250564575
0.08249567449092865
-0.014660174027085304
0.012017548084259033
0.13016127049922943
-0.03011336736381054
0.07182710617780685
-0.07182548940181732
0.005296341609209776
-0.0013055716408416629
-0.09746135771274567
-0.05378230661153793
0.0447586365044117
-0.07532431185245514
-0.029519814997911453
0.0674339011311531
0.004583083558827639
0.04105064645409584
0.018853457644581795
0.027634339407086372
0.0028748763725161552
0.03785354271531105
0.03250568360090256
-0.00298122176900506
0.060543451458215714
0.06045939400792122
0.03989529609680176
0.032260168343782425
0.11988023668527603
-0.027248669415712357
-0.05026914179325104
-0.04418957233428955
-0.023796262219548225
-0.38987597823143005
-0.13081865012645721
-0.8573331832885742
-1.6806150674819946
-0.47449713945388794
-0.2724347710609436
-0.7157285213470459
-0.8488360047340393
-0.4667263329029083
-0.2895502746105194
-0.7059176564216614
-0.5242105722427368
-0.6980178952217102
-0.746936023235321
-0.7845226526260376
-0.4974153935909271
-0.16157683730125427
-0.08783721178770065
-0.14785203337669373
-0.5033998489379883
-0.3502197861671448
-0.16145138442516327
0.10174332559108734
0.12664976716041565
-0.3018852472305298
-0.013467039912939072
0.35953617095947266
0.2316024899482727
-0.3713747262954712
-0.2836107313632965
-0.3639003336429596
-0.5322920680046082
-0.002405330305919051
0.11062708497047424
0.00033802323741838336
-0.48366591334342957
-0.2735927999019623
-0.1353008896112442
0.0651271641254425
-0.09642064571380615
-0.2491752952337265
-0.0563042126595974
0.44337889552116394
0.07839100807905197
-0.044307101517915726
0.03481915220618248
-0.224713996052742
-0.16135461628437042
-0.006304729264229536
-0.024907492101192474
0.0018960611196234822
0.021035894751548767
-0.026716265827417374
0.0245413426309824
-0.01094063650816679
0.0624132975935936
-0.02567669004201889
0.05372457578778267
0.07606670260429382
-0.023810647428035736
-0.04787995293736458
0.031056445091962814
-0.049724508076906204
-0.007567605935037136
-0.11492620408535004
-0.15392272174358368
-0.11948548257350922
-0.5697558522224426
-0.3546314835548401
-0.162238210439682
-0.46920526027679443
0.009355910122394562
-0.28292539715766907
-0.20022834837436676
-0.3464580774307251
-0.08096478134393692
-0.44929832220077515
-0.39797621965408325
-0.6728561520576477
-0.6356778144836426
-0.6563209891319275
-0.2959595024585724
-0.6816502809524536
-1.6183266639709473
-0.8667412996292114
-0.584478497505188
-0.8005858659744263
-0.9376522898674011
-0.9631111025810242
-0.5631471276283264
-0.7215617299079895
-1.033501148223877
-1.4577770233154297
-1.0359097719192505
-1.2632688283920288
-1.1668331623077393
-0.022352522239089012
0.059818416833877563
-0.055667050182819366
-0.003124829614534974
-0.0018804222345352173
-0.0013116496847942472
-0.035342782735824585
-0.015123470686376095
0.010213213972747326
0.008893647231161594
-0.04714677482843399
0.04071315750479698
0.03311789035797119
-0.059590622782707214
0.031743187457323074
-0.026335468515753746
-0.13244739174842834
-0.05026116594672203
-0.2486194372177124
-0.5611974596977234
-0.451739639043808
-0.120637908577919
0.08288954943418503
0.0825565755367279
-0.41180285811424255
-0.25059717893600464
0.141656756401062
0.24193410575389862
-0.20243306457996368
-0.45772671699523926
-0.4739302694797516
-0.747177004814148
0.07221746444702148
-0.0885118693113327
0.014024575240910053
0.10732605308294296
0.020909693092107773
0.04163821414113045
-0.06253816187381744
-0.020680148154497147
0.013078160583972931
0.0555129200220108
-0.010375798679888248
-0.016580795869231224
0.042906083166599274
-0.011508402414619923
-0.04678700491786003
0.01683931052684784
-0.28917253017425537
-0.18545031547546387
-0.38435113430023193
-1.4578347206115723
-0.4412190616130829
-0.1685604453086853
-0.24909277260303497
-0.6403288841247559
-0.5168904662132263
-0.03396766260266304
-0.44506198167800903
-0.3909738063812256
-0.6209437847137451
-0.5857749581336975
-0.6222054362297058
-0.5926074385643005
-0.0003697523206938058
0.019991379231214523
0.05231449007987976
0.002755319233983755
-0.004278897307813168
-0.004593600519001484
-0.02236686646938324
0.0029294751584529877
0.030052512884140015
0.07588814198970795
-0.0078896414488554
0.07253488153219223
0.06843072175979614
-0.00297842756845057
-0.05495966970920563
0.008137189783155918
-0.4148114025592804
-0.2589763402938843
-0.4457774758338928
-1.7519406080245972
-0.5735333561897278
-0.2558844983577728
-0.38973939418792725
-0.35707157850265503
-0.7049659490585327
-0.2371072769165039
-0.6130459904670715
-0.6568266153335571
-0.655430793762207
-0.5156072378158569
-0.7766550183296204
-0.8223795294761658
-0.3680225908756256
-0.15137262642383575
-0.5534951686859131
-1.4587708711624146
-0.36147281527519226
-0.0803312137722969
-0.19800405204296112
-0.42646506428718567
-0.5695644617080688
-0.22428685426712036
-0.21553201973438263
-0.18283796310424805
-0.5846983194351196
-0.43567225337028503
-0.8674726486206055
-0.652997612953186
-0.30729854106903076
-0.13589276373386383
-0.48057448863983154
-1.6239066123962402
-0.5712155103683472
-0.4693160355091095
-0.7169744968414307
-0.247874453663826
-0.7199142575263977
-0.40048152208328247
-0.40726304054260254
-0.6736719012260437
-0.5233522653579712
-0.6383659243583679
-0.8133907914161682
-0.9588053822517395
-0.003057748544961214
-0.006057153455913067
0.09022259712219238
-0.025275345891714096
-0.0013643690617755055
-0.0041989050805568695
-0.03778892010450363
-0.017264559864997864
0.009739997796714306
0.0012017983244732022
0.052416812628507614
-0.08613982051610947
0.006899526342749596
-0.001944394432939589
-0.05219387635588646
0.04525735229253769
-0.46558281779289246
-0.1903022974729538
-0.5727596282958984
-1.584169626235962
-0.7053965926170349
-0.14283844828605652
-0.5109142661094666
-0.35908761620521545
-0.6899943947792053
-0.37168431282043457
-0.354061484336853
-0.3845278322696686
-0.6216441988945007
-0.5309531092643738
-0.8790326118469238
-0.9183540344238281
0.08438555896282196
0.023759622126817703
-0.2560640871524811
-0.6856066584587097
-0.1211855486035347
-0.019345302134752274
-0.08477302640676498
-0.3044332265853882
-0.08078737556934357
0.10423631221055984
0.22584228217601776
-0.06563753634691238
0.017282536253333092
-0.036112066358327866
-0.30026161670684814
-0.07081235945224762
-0.15916435420513153
-0.07479456812143326
0.14258462190628052
-0.2342446744441986
-0.06790930032730103
0.0971166342496872
0.2851940095424652
-0.08202557265758514
-0.11069661378860474
-0.03475933149456978
-0.029861029237508774
0.012132502160966396
0.015466167591512203
-0.09888426959514618
-0.07258037477731705
-0.0786997601389885
0.021424487233161926
0.02731608785688877
-0.02377670630812645
-0.01726902648806572
0.012097353115677834
0.014183682389557362
0.062242474406957626
0.06579989939928055
-0.015434309840202332
0.008557246066629887
-0.03291931748390198
0.021955076605081558
0.048142943531274796
-0.010356216691434383
-0.009463315829634666
-0.050583261996507645
-0.3644564747810364
-0.07071264088153839
-0.3335460424423218
-0.8540241718292236
-0.5350473523139954
-0.2388220727443695
-0.14747275412082672
-0.12742260098457336
-0.46630924940109253
-0.2536381483078003
-0.2904832065105438
-0.3058111369609833
-0.1760169267654419
-0.7942109704017639
-0.983000636100769
-0.8437859416007996
-0.4323474168777466
-0.2616663873195648
-0.8121628761291504
-1.4026570320129395
-0.46348363161087036
-0.08081886172294617
-0.3570285439491272
-0.5774640440940857
-0.39735278487205505
-0.2238423228263855
-0.21504980325698853
-0.2981073558330536
-0.6640924215316772
-0.5684309601783752
-0.7000851035118103
-0.3534207344055176
-0.048592448234558105
0.008372828364372253
-0.24883417785167694
-1.1540586948394775
-0.16047509014606476
-0.03872181102633476
-0.27839601039886475
-0.5737348794937134
-0.4032887816429138
-0.06487663835287094
0.14186140894889832
-0.15400882065296173
-0.44625216722488403
-0.21771949529647827
-0.3816322684288025
-0.28379783034324646
-0.007969618774950504
-0.06951002776622772
-0.4411991536617279
-1.4511269330978394
-0.3128463923931122
0.018878091126680374
-0.13120277225971222
-0.3064520061016083
-0.5991947650909424
0.04371538385748863
0.29031607508659363
-0.06196899339556694
-0.3919696807861328
-0.3731536269187927
-0.6154219508171082
-0.5952253341674805
-0.30779507756233215
-0.18169467151165009
-0.7712991237640381
-1.3722991943359375
-0.28948116302490234
-0.2237127721309662
-0.4996187090873718
-0.690203845500946
-0.46711763739585876
-0.08059436827898026
-0.37323710322380066
-0.21173638105392456
-0.47890639305114746
-0.513318657875061
-0.5328921675682068
-0.13658751547336578
-0.2153068631887436
-0.06043252721428871
-0.2620372176170349
-1.2137236595153809
-0.26460787653923035
0.01867591217160225
-0.4524264931678772
-0.40801724791526794
-0.35946744680404663
-0.009805186651647091
0.2765641510486603
-0.003802480408921838
-0.36457881331443787
-0.2855425179004669
-0.5507674813270569
-0.6419397592544556
-0.2282884120941162
-0.20852240920066833
-0.8089631795883179
-1.7257658243179321
-0.47067975997924805
-0.08186166733503342
-0.9476631879806519
-0.9758269190788269
-0.3803664445877075
-0.43355464935302734
-0.9963626265525818
-0.6073248982429504
-0.7060392498970032
-0.6167767643928528
-0.714758574962616
-0.44517627358436584
-0.2036052942276001
-0.06560772657394409
-0.03953798487782478
0.2726810872554779
-0.2863125503063202
-0.02089092507958412
0.09831073880195618
0.5139990448951721
-0.16353140771389008
-0.024915874004364014
-0.10537244379520416
-0.1649610996246338
-0.20136186480522156
-0.025392189621925354
-0.22224362194538116
-0.30478668212890625
-0.39434313774108887
-0.12012502551078796
-0.4498984217643738
-1.0544439554214478
-0.5817295908927917
-0.27006399631500244
-0.026087695732712746
-0.13009041547775269
-0.6777722835540771
-0.35903704166412354
0.056135330349206924
-0.06646458804607391
-0.3858969211578369
-0.631337583065033
-0.8072007894515991
-0.9092780351638794
-0.19039501249790192
-0.16373451054096222
-0.7650803327560425
-1.6791983842849731
-0.3948978781700134
-0.43411511182785034
-0.6946777701377869
-0.7157273292541504
-0.37264806032180786
-0.4323655068874359
-0.7314165234565735
-0.38792312145233154
-0.5336882472038269
-0.6012386679649353
-0.5499910116195679
-0.26480504870414734
-0.06038852035999298
0.018160857260227203
0.003601525444537401
-0.04702601954340935
0.01153173204511404
0.06617018580436707
0.0015982631593942642
-0.0032521493267267942
0.015243652276694775
-0.0392654724419117
-0.05972978472709656
0.07027263194322586
-0.06173425167798996
0.03253784030675888
3.175602978444658e-05
-0.03157849609851837
0.06911826878786087
4.325115878600627e-05
-0.059404585510492325
-0.053354449570178986
-0.015076542273163795
0.04970330744981766
-0.02284391038119793
-0.010369681753218174
-0.010492285713553429
0.039649371057748795
-0.009130681864917278
0.03899494186043739
0.054149944335222244
-0.03366288170218468
0.01377366203814745
0.031430330127477646
0.10433926433324814
0.039784498512744904
-0.010037677362561226
0.0017852801829576492
0.03588014096021652
0.059946220368146896
-0.12322399765253067
0.045557618141174316
0.074824757874012
-0.03394418582320213
0.04538312554359436
0.029195314273238182
-0.06433895230293274
0.09319013357162476
0.03783673048019409
0.0038126904983073473
0.2885962426662445
0.04069654643535614
0.8688667416572571
1.3159252405166626
0.3492741286754608
-0.21675540506839752
-0.23943400382995605
0.9636478424072266
0.4217377007007599
-0.07404739409685135
-0.22345244884490967
0.5391222834587097
0.5694366693496704
0.46249711513519287
0.6877996325492859
0.4314305782318115
0.053440336138010025
0.22038725018501282
-0.04150807112455368
0.3543061912059784
0.2858470678329468
0.06744809448719025
-0.46430855989456177
-0.4141083359718323
0.2786802351474762
0.16481192409992218
-0.24675238132476807
-0.2998908460140228
0.46375057101249695
0.2527622878551483
0.2430417537689209
0.40220990777015686
-0.07106324285268784
0.015920788049697876
0.05969136208295822
0.3593503534793854
0.034261468797922134
0.09653840959072113
0.04947293549776077
-0.14488030970096588
0.09770957380533218
0.008782224729657173
-0.4900854527950287
-0.30692335963249207
0.06741571426391602
0.17390209436416626
0.12738201022148132
0.06293223798274994
0.0033842904958873987
0.01573406346142292
0.0072971913032233715
-0.05698695406317711
9.460409637540579e-05
-0.0589466355741024
-0.0049291648901999
-0.001343894749879837
0.004157025367021561
0.029223289340734482
0.013458526693284512
0.049945980310440063
0.051860079169273376
0.014965715818107128
0.003288483712822199
0.050097957253456116
-0.03053448349237442
-0.049344003200531006
0.08166319876909256
0.2041310966014862
0.31418126821517944
-0.10713332146406174
0.130608469247818
-0.14061543345451355
0.24282300472259521
0.2313695102930069
0.2777999937534332
0.10093749314546585
0.4826526939868927
0.44849246740341187
0.4308529794216156
0.6172810792922974
0.3752916157245636
0.1242704913020134
0.5240911841392517
1.234346628189087
0.8302850127220154
0.39318200945854187
0.015639176592230797
0.7883799076080322
0.8496854305267334
0.4520481526851654
0.04558781534433365
0.6121174097061157
1.506887435913086
0.9748151302337646
0.8644410371780396
1.073428750038147
0.014635588973760605
-0.0004453072033356875
-0.07159917801618576
-0.05018205940723419
-0.0039123971946537495
0.02638562023639679
-0.0739048570394516
0.10037697851657867
0.03635279834270477
-0.08270923793315887
-0.019603848457336426
-0.06845735758543015
-0.046470481902360916
-0.0652911588549614
-0.01920323073863983
-0.08458459377288818
0.029929814860224724
0.06329075247049332
0.12343204021453857
0.260148286819458
0.3779168426990509
0.10342337191104889
-0.5175521373748779
-0.2570262551307678
0.2811971604824066
0.14642556011676788
-0.027553586289286613
-0.2616085410118103
0.3736863136291504
0.468740314245224
0.3836880326271057
0.5170295238494873
-0.019514402374625206
-0.004574700724333525
-0.025612011551856995
-0.012728971429169178
-0.0014989756746217608
-0.05577202886343002
0.06098935380578041
-0.09133590012788773
0.01285584643483162
0.05140528455376625
0.009012268856167793
-0.01733321323990822
0.014718028716742992
0.09000436961650848
-0.049929697066545486
-0.008974330499768257
0.19995124638080597
0.2721930146217346
0.33209192752838135
1.0418840646743774
0.2711285352706909
0.03596574813127518
-0.09936364740133286
0.43046456575393677
0.43426185846328735
-0.19193433225154877
-0.2377382218837738
0.3443332612514496
0.6939858198165894
0.269301176071167
0.40205004811286926
0.48602935671806335
0.0032799120526760817
0.015123064629733562
-0.012148063629865646
0.026238558813929558
0.03746652230620384
0.0028726584278047085
-0.04030126705765724
-0.07554017752408981
-0.006136707030236721
-0.019551949575543404
0.04351793974637985
0.08457157760858536
-0.029377954080700874
-0.006724064704030752
0.04940370097756386
0.03326607123017311
0.27094632387161255
0.23464354872703552
0.41481173038482666
1.5223346948623657
0.5056129693984985
0.17788079380989075
-0.11823161691427231
0.42606717348098755
0.5685809254646301
0.18824337422847748
-0.14536568522453308
0.3855782747268677
0.7766667008399963
0.5175669193267822
0.6294916868209839
0.5006557703018188
0.29184508323669434
0.2294108122587204
0.3344928026199341
1.1444706916809082
0.4326966404914856
0.13847139477729797
-0.2265903800725937
0.14064635336399078
0.5584724545478821
0.15464052557945251
-0.17210109531879425
-0.14266203343868256
0.3284786343574524
0.33277252316474915
0.5498226881027222
0.5535348653793335
0.11814649403095245
0.1497173309326172
0.46336716413497925
1.345658779144287
0.4902195930480957
0.13013803958892822
0.1632087081670761
0.09847885370254517
0.587307333946228
0.30437803268432617
-0.09981277585029602
0.33757081627845764
0.5166091918945312
0.7632750272750854
0.5446054935455322
0.710873544216156
-0.022060507908463478
-0.006596433464437723
-0.016859613358974457
0.008976073935627937
0.02985464595258236
0.05518773943185806
0.003920243587344885
0.06747116148471832
-0.03178046643733978
0.04335974529385567
-0.05928323045372963
-0.01586858369410038
0.03387622907757759
0.014004259370267391
0.015032995492219925
-0.002574478043243289
0.15387430787086487
0.06161021068692207
0.49617302417755127
1.139009714126587
0.5960479974746704
-0.05740734934806824
-0.19462759792804718
0.2374926656484604
0.6050058007240295
0.3812912106513977
-0.1538780927658081
0.11516465246677399
0.8005034327507019
0.6523855924606323
0.6609746217727661
0.8188984990119934
-0.08011970669031143
0.007508416660130024
0.07918933779001236
0.364881694316864
0.16324318945407867
-0.1163177490234375
0.06046764552593231
0.25396695733070374
0.010135364718735218
-0.1337122917175293
-0.5691871047019958
-0.0238614734262228
-0.00196156557649374
0.035418801009655
0.04224244877696037
0.055781152099370956
0.035442057996988297
0.06752803176641464
-0.14983142912387848
0.11438333243131638
0.042371444404125214
-0.09542936831712723
-0.44611284136772156
0.053746599704027176
0.07383496314287186
-0.0277804397046566
0.015441608615219593
0.0301789753139019
-0.023929640650749207
-0.02225973643362522
0.11645592749118805
0.09118132293224335
-0.08559667319059372
0.02738484926521778
-0.03774094954133034
0.013917786069214344
0.06191161274909973
-0.005099309142678976
-0.0017323411302641034
0.010246926918625832
0.013732563704252243
-0.028363745659589767
0.026018638163805008
-0.07749416679143906
-0.05338168516755104
-0.0431220605969429
-0.0715465322136879
0.0050102416425943375
0.07961156219244003
0.08386418968439102
0.3794431984424591
0.44618162512779236
0.417290061712265
-0.07698305696249008
-0.3306555449962616
0.020948685705661774
0.5016822218894958
0.19366195797920227
-0.04639173299074173
0.2065298706293106
0.365801602602005
0.711340069770813
0.6629928350448608
0.7657472491264343
0.3579062521457672
0.4205522835254669
0.6358155608177185
1.0919088125228882
0.34887000918388367
-0.24477417767047882
-0.25286927819252014
0.6536338329315186
0.3831780254840851
0.05185263231396675
-0.37282446026802063
0.21868304908275604
0.4945325553417206
0.34506121277809143
0.47871753573417664
0.3339505195617676
0.012512371875345707
-0.09389375150203705
0.19212380051612854
0.9084105491638184
0.24395883083343506
-0.030405037105083466
0.25760096311569214
0.13118784129619598
0.4175662100315094
-0.05941934883594513
-0.30872470140457153
-0.2129281908273697
0.30036479234695435
0.17609961330890656
0.2255636602640152
0.10752315074205399
-0.0588175468146801
0.03213466331362724
0.4106922447681427
1.1011929512023926
0.2556173801422119
-0.1288129836320877
-0.05652700364589691
0.28017711639404297
0.3154184818267822
-0.013435936532914639
-0.3317038118839264
-0.2667395770549774
0.3384312093257904
0.2714533805847168
0.3506719470024109
0.23191054165363312
0.3490511476993561
0.23433294892311096
0.5374636650085449
0.9933691024780273
0.31846463680267334
0.07848501950502396
0.13192400336265564
0.32245072722435
0.4739269018173218
-0.13378962874412537
-0.34728479385375977
0.11298195272684097
0.37582093477249146
0.3025144934654236
0.25368815660476685
0.2459266036748886
0.14319029450416565
-0.08296460658311844
0.13636676967144012
0.9463968276977539
0.30941230058670044
-0.09069772809743881
-0.05298050120472908
0.2040555775165558
0.3496539890766144
-0.019512519240379333
-0.3801831007003784
-0.19202040135860443
0.19778229296207428
0.28787675499916077
0.2971634864807129
0.43800482153892517
0.17364777624607086
0.1607542484998703
0.7196131348609924
1.5296860933303833
0.3622020483016968
-0.194186732172966
-0.014961756765842438
0.8271594643592834
0.3880743980407715
0.06049267202615738
0.000842513982206583
0.6323662996292114
0.5754522085189819
0.5665621161460876
0.7235203385353088
0.497760146856308
0.1443115919828415
0.09557628631591797
-0.10521520674228668
-0.2038159817457199
0.15838544070720673
0.03348768129944801
-0.010201754048466682
-0.5361600518226624
0.07574193924665451
0.00616068672388792
0.13734543323516846
0.11611480265855789
0.29257380962371826
0.09962974488735199
0.19041989743709564
0.24741923809051514
0.22730593383312225
0.18260101974010468
0.6130156517028809
0.9228745102882385
0.635511040687561
0.18937815725803375
-0.6572287082672119
-0.19406449794769287
0.6240863800048828
0.5062420964241028
-0.1416688710451126
-0.47665759921073914
0.47356724739074707
0.6183446645736694
0.5024306774139404
0.7053428888320923
0.0723605751991272
0.20066724717617035
0.6620248556137085
1.354263186454773
0.20100663602352142
0.13201752305030823
0.5646215677261353
0.491738498210907
0.423861563205719
-0.366725891828537
0.14810273051261902
0.11252530664205551
0.39314061403274536
0.31223264336586
0.4312822222709656
0.2453710287809372
0.040298942476511
-0.02969488315284252
0.06498224288225174
0.09765279293060303
0.0012339518871158361
-0.03776407614350319
0.003711136057972908
-0.025431141257286072
-0.00913531519472599
-0.023205092176795006
-0.06451407819986343
-0.027380041778087616
-0.03023236244916916
0.06524160504341125
-0.08707844465970993
0.0001179471510113217
-0.006343272514641285
0.003981112036854029
0.006475846748799086
0.004549594130367041
0.02682151459157467
-0.009199233725667
0.0015380479162558913
0.017600396648049355
0.028139496222138405
0.01332300715148449
0.029977809637784958
-0.01237726490944624
0.012157969176769257
0.016986947506666183
0.05299053713679314
-0.03796263411641121
-0.049020517617464066
0.0229287538677454
0.06027381122112274
0.006128681357949972
-0.046566035598516464
0.03254008665680885
0.03641141206026077
-0.07270635664463043
0.07256902009248734
0.04474915564060211
0.021356122568249702
-0.03712579235434532
0.045501016080379486
-0.03005763329565525
-0.04157945513725281
0.02815472148358822
0.31512248516082764
0.1413470357656479
0.6884110569953918
1.3254599571228027
0.4115584194660187
-0.034724246710538864
-0.48638981580734253
0.8915488719940186
0.40358519554138184
-0.033947400748729706
-0.167981818318367
0.46108394861221313
0.6301906704902649
0.4869007170200348
0.6338474750518799
0.5198916792869568
0.22900910675525665
0.10697143524885178
-0.020118100568652153
0.296588271856308
0.14275991916656494
0.1029423326253891
-0.46269845962524414
-0.4721629321575165
0.21486586332321167
0.1330661028623581
-0.2958604097366333
-0.352206826210022
0.49297788739204407
0.3778612017631531
0.2770040035247803
0.454725056886673
0.057588785886764526
-0.014935927465558052
-0.04246843233704567
0.36543360352516174
0.11652345210313797
0.198612779378891
0.06541146337985992
0.019000932574272156
0.14298130571842194
0.11943535506725311
-0.44331979751586914
-0.37021997570991516
0.06665115803480148
0.13430194556713104
0.23838630318641663
0.1275620460510254
-0.04105374217033386
-0.0411829873919487
0.02581687457859516
-0.09412715584039688
-0.06110754981637001
-0.09362497925758362
-0.012378442101180553
-0.09970113635063171
0.054429829120635986
-0.014272665604948997
0.057798732072114944
0.00859579537063837
-0.03034272789955139
-0.012227652594447136
-0.03754033148288727
0.016026129946112633
0.059927985072135925
0.08653414249420166
-0.16992010176181793
0.22345338761806488
0.1940460503101349
-0.11124903708696365
0.3197944760322571
-0.20889444649219513
0.2984805405139923
0.1958971619606018
0.39325791597366333
-0.15121841430664062
0.5312592387199402
0.5263689756393433
0.4465086758136749
0.5343374609947205
0.42983463406562805
0.22767354547977448
0.30666542053222656
1.0123450756072998
0.8698212504386902
0.3514903783798218
-0.02137317694723606
0.5423288345336914
0.9238760471343994
0.4637565314769745
0.006855667103081942
0.4204025864601135
1.341067910194397
1.043238878250122
0.9747652411460876
1.0980486869812012
0.053853634744882584
0.015293106436729431
-0.014689899049699306
-0.007424038369208574
-0.009046049788594246
0.014371183700859547
-0.06186389550566673
0.000365079496987164
0.0330742672085762
-0.049709901213645935
-0.00018005534366238862
0.0235021710395813
-0.024973582476377487
0.014626670628786087
-0.016652507707476616
-0.016978103667497635
0.16087646782398224
0.14551399648189545
-0.09333052486181259
0.127375990152359
0.40813449025154114
0.044896844774484634
-0.43121254444122314
-0.35213908553123474
0.16518276929855347
0.17161594331264496
-0.0063834055326879025
-0.3466368019580841
0.2535638213157654
0.43308159708976746
0.45185011625289917
0.612122654914856
0.059670865535736084
-0.03642180189490318
0.0014430771116167307
0.05367296189069748
-0.05693976581096649
-0.036925915628671646
-0.038398634642362595
-0.07292700558900833
-0.05372963473200798
-0.08056624233722687
0.01976102404296398
0.00225143413990736
0.05682961270213127
-0.011462039314210415
-0.028640082105994225
0.09183799475431442
0.27161017060279846
0.2728478014469147
0.48127347230911255
0.9042811989784241
0.28934046626091003
0.024283645674586296
-0.4223650097846985
0.3076722323894501
0.45386528968811035
-0.24141940474510193
-0.13295027613639832
0.06613174825906754
0.7019084692001343
0.4568423628807068
0.31102684140205383
0.4605335593223572
-0.02889149822294712
0.03655432164669037
0.011356091126799583
-0.000260646891547367
0.01533892098814249
-0.003590375417843461
-0.04284736141562462
-0.022256003692746162
0.08558417111635208
0.05512865260243416
0.018307533115148544
0.08296061307191849
-0.05502631515264511
0.02357570081949234
-0.05743401125073433
-0.015523876063525677
0.29522284865379333
0.2086983621120453
0.3113912045955658
1.4932924509048462
0.5185831785202026
0.16235844790935516
-0.46356502175331116
0.16958914697170258
0.584977924823761
0.20919618010520935
0.02348645217716694
-0.04656413942575455
0.7071105241775513
0.5233468413352966
0.5435448288917542
0.5678810477256775
0.41010355949401855
0.2689862549304962
0.2235649973154068
1.1309436559677124
0.3873291313648224
0.1629181057214737
-0.37380754947662354
0.00572724174708128
0.4603586494922638
0.062375523149967194
-0.21977351605892181
-0.35695475339889526
0.3941485285758972
0.2715429961681366
0.6410960555076599
0.576202929019928
0.24387314915657043
0.24270614981651306
0.1201624795794487
1.263717770576477
0.454209566116333
0.18964926898479462
0.07526055723428726
-0.09087905287742615
0.6145244836807251
0.3933146297931671
-0.018340010195970535
-0.03258874639868736
0.5138668417930603
0.6870883703231812
0.6025457978248596
0.6915784478187561
0.010052967816591263
0.06389650702476501
-0.010755136609077454
0.07180469483137131
-0.052296314388513565
-0.018500011414289474
-0.027949878945946693
-0.01274202112108469
0.014009746722877026
-0.012282334268093109
0.04745011031627655
0.003942679148167372
0.020138688385486603
-0.04162662848830223
0.06679923087358475
0.05298878252506256
0.23211859166622162
0.1677841693162918
0.32288995385169983
1.0293338298797607
0.63779217004776
-0.006955023854970932
-0.13073818385601044
-0.021989135071635246
0.5761206150054932
0.2900851368904114
-0.14230911433696747
-0.045788541436195374
0.8663408756256104
0.6146020889282227
0.7063352465629578
0.7958747744560242
-0.08347485214471817
0.0022250686306506395
-0.03856055811047554
0.3733847737312317
0.07530705630779266
-0.043552350252866745
-0.20003701746463776
0.1454024314880371
-0.0316915400326252
-0.22420664131641388
-0.3251921236515045
-0.03138843923807144
0.048295408487319946
-0.04263409227132797
0.028803784400224686
0.07929091155529022
0.04023652523756027
0.07266280055046082
-0.066787950694561
0.11575524508953094
-0.0421694852411747
-0.041008111089468
-0.5098508596420288
0.15542837977409363
-0.064382404088974
-0.05716214329004288
0.10241642594337463
0.030087336897850037
-0.02376944199204445
0.07016033679246902
0.008983050473034382
0.0008349163690581918
-0.07705207914113998
-0.03366044536232948
-0.020944269374012947
-0.04278095066547394
0.023249339312314987
-0.04570820927619934
0.016153939068317413
-0.0224098339676857
-0.012336698360741138
-0.07253523916006088
-0.1272258311510086
0.04714867100119591
0.04211396351456642
0.09219186753034592
-0.09848999977111816
0.02814413234591484
0.24423503875732422
0.08556735515594482
0.023981569334864616
0.33851391077041626
0.5621958374977112
0.026881707832217216
-0.2836017906665802
-0.14682693779468536
0.48410752415657043
0.22244545817375183
0.005237989593297243
0.0809757336974144
0.3583662509918213
0.6116653680801392
0.7780758142471313
0.762546956539154
0.37204238772392273
0.49392640590667725
0.4642864465713501
1.092700481414795
0.29430606961250305
0.09428400546312332
-0.47668951749801636
0.703336775302887
0.3961738049983978
-0.018358351662755013
-0.2955409586429596
0.25622373819351196
0.48957982659339905
0.46285247802734375
0.4290728271007538
0.3330672085285187
-0.009433368220925331
-0.024830378592014313
0.025247612968087196
0.8027511239051819
0.11687299609184265
9.158236207440495e-05
-0.1503278762102127
0.21835128962993622
0.22821830213069916
-0.023904886096715927
-0.36397358775138855
-0.290906697511673
0.23678888380527496
0.1654788851737976
0.3315396308898926
0.11252452433109283
0.007554817013442516
0.07724788039922714
0.22534261643886566
1.0988346338272095
0.1953994780778885
-0.010827582329511642
-0.3408067524433136
-0.0007514753378927708
0.30195116996765137
-0.07698538899421692
-0.28068414330482483
-0.33599424362182617
0.32049861550331116
0.17221809923648834
0.4139505922794342
0.2828007638454437
0.32114657759666443
0.2084304392337799
0.6012057065963745
1.0736969709396362
0.37249991297721863
0.12122579663991928
-0.2159406542778015
0.3364312946796417
0.3717615306377411
-0.20225180685520172
-0.26426494121551514
0.1039549857378006
0.3674982488155365
0.41108766198158264
0.27514925599098206
0.18408891558647156
0.22158277034759521
0.008889385499060154
-0.07581647485494614
1.0188757181167603
0.20879115164279938
-0.15701551735401154
-0.14067970216274261
0.10304160416126251
0.3277933895587921
-0.16089947521686554
-0.15867745876312256
-0.28577134013175964
0.21254795789718628
0.26100438833236694
0.36555150151252747
0.47104838490486145
0.2524550259113312
0.13646286725997925
0.6287658214569092
1.5628421306610107
0.4585089683532715
-0.15134744346141815
-0.2447204291820526
0.8103093504905701
0.3329528868198395
0.058982666581869125
-0.10679366439580917
0.36994144320487976
0.5497862696647644
0.6266326904296875
0.665719211101532
0.4722036123275757
0.0713166818022728
0.13105130195617676
-0.12873877584934235
-0.3172908127307892
0.22185136377811432
-0.02809608168900013
-0.17079177498817444
-0.5655620098114014
-0.13905471563339233
-9.331320325145498e-05
0.19306311011314392
0.08777446299791336
0.29436957836151123
0.0554426945745945
0.1746930480003357
0.19719599187374115
0.4774361550807953
0.10108066350221634
0.3540249168872833
0.7778106927871704
0.6702524423599243
0.20689061284065247
-0.6021991968154907
-0.6301560401916504
0.5502588152885437
0.5495961308479309
-0.11178899556398392
-0.5362327098846436
0.45293089747428894
0.710809051990509
0.5764909982681274
0.6784706711769104
0.12915420532226562
0.18745574355125427
0.7183856964111328
1.2773935794830322
0.19688081741333008
0.14314408600330353
0.131408229470253
0.41906189918518066
0.4380456805229187
-0.25949564576148987
0.30981215834617615
-0.010642487555742264
0.4794022738933563
0.4041845500469208
0.4953446388244629
0.2205580621957779
0.041624344885349274
-0.05444224178791046
-0.020498257130384445
0.0985613539814949
0.03316204994916916
-0.09485185891389847
0.00717712240293622
-0.05685167759656906
0.052299510687589645
-0.03103949874639511
-0.07171758264303207
0.04638156667351723
0.04347653687000275
0.042419932782649994
0.0012763713020831347
-0.007458580657839775
-0.006549123674631119
0.015171361155807972
0.003834512084722519
-0.09544728696346283
0.0010711527429521084
-0.04812611639499664
-0.06122898682951927
-0.05399026349186897
0.050120335072278976
0.05995948240160942
0.011775045655667782
-0.0017132264329120517
-0.040755126625299454
0.03713453561067581
0.04965934902429581
-0.023692697286605835
0.04077496379613876
-0.06438424438238144
-0.03686462715268135
0.004852043464779854
0.007920198142528534
0.04788585752248764
-0.015693938359618187
-0.013234465382993221
-0.07707933336496353
0.07214273512363434
-0.0427585132420063
0.07228824496269226
-0.027706323191523552
0.00990218110382557
-0.01481311023235321
-0.004465974401682615
0.30396583676338196
-0.011263580992817879
0.8965840935707092
1.4153015613555908
0.33241772651672363
-0.14819586277008057
0.022572636604309082
0.9260930418968201
0.425124853849411
-0.021929368376731873
-0.30138516426086426
0.4675668478012085
0.5369425415992737
0.5400128364562988
0.5348204970359802
0.4989932179450989
0.13479720056056976
0.15109749138355255
-0.07326729595661163
0.38850241899490356
0.19879727065563202
0.15535403788089752
-0.5033377408981323
-0.5122469067573547
0.20225749909877777
0.12416931986808777
-0.2468973845243454
-0.4081954061985016
0.5405335426330566
0.22608792781829834
0.28407999873161316
0.45656099915504456
-0.016061313450336456
0.012837236747145653
0.04685341566801071
0.3893105089664459
0.02211368829011917
0.14897575974464417
0.043378230184316635
0.0077802580781280994
0.10758692026138306
0.03608594089746475
-0.5082427859306335
-0.4476054310798645
0.028297504410147667
0.13107556104660034
0.29758813977241516
0.14457814395427704
-0.016674919053912163
0.10836847871541977
-0.06804751604795456
-0.07028981298208237
-0.022769974544644356
-0.012610622681677341
-0.08411137014627457
-0.05188673362135887
-0.022532423958182335
0.047920580953359604
-0.04806368052959442
0.03233662247657776
0.03282150626182556
-0.05886352062225342
-0.002488436410203576
0.015972208231687546
-0.008573555387556553
-0.08812088519334793
-0.022961480543017387
0.18161261081695557
0.27132871747016907
-0.07269731909036636
0.17889682948589325
-0.31561478972435
0.1707514077425003
0.1955573707818985
0.3277449607849121
-0.13136960566043854
0.5602419972419739
0.5128393173217773
0.4812788963317871
0.6216968297958374
0.4586329758167267
0.22526627779006958
0.4707621932029724
1.1790066957473755
0.8157094717025757
0.4384317696094513
0.08402558416128159
0.8826262354850769
0.7906309366226196
0.4682692289352417
0.04392947629094124
0.27400606870651245
1.6854887008666992
0.9531247615814209
0.9666754007339478
1.1065701246261597
-0.028230134397745132
-0.0022227636072784662
0.012125127948820591
-0.04087068885564804
-0.013338432647287846
-0.05208372697234154
0.00432043569162488
-0.021359652280807495
0.007163850590586662
-0.05541321635246277
-0.010726870968937874
0.018556183204054832
0.037086907774209976
-0.16296055912971497
0.02553997002542019
-0.019523300230503082
0.046493787318468094
0.11418072879314423
0.20410218834877014
0.22595706582069397
0.4206375181674957
0.15174199640750885
-0.49605047702789307
-0.31669166684150696
0.19845706224441528
0.16928645968437195
0.05631163716316223
-0.3592454195022583
0.2960611879825592
0.4046083390712738
0.39282023906707764
0.5782279968261719
0.05387027934193611
-0.007289515808224678
-0.029375366866588593
0.004446434322744608
-0.05693785101175308
-0.046579036861658096
0.02477460540831089
0.03808055445551872
-0.0046851010993123055
0.029481885954737663
-0.021455781534314156
-0.01385999470949173
0.01965574361383915
0.01969050243496895
-0.0826156735420227
0.00020021814270876348
0.1383504569530487
0.29160571098327637
0.3581090569496155
0.9874367713928223
0.3766022026538849
0.02322167158126831
0.09762969613075256
0.316263347864151
0.4109652042388916
-0.3201959729194641
-0.26213333010673523
0.18519996106624603
0.6721875667572021
0.39090976119041443
0.31984013319015503
0.4582688510417938
0.04612432047724724
-0.027863699942827225
0.04109077528119087
-0.006593616213649511
-0.03149832412600517
-0.009167902171611786
0.012153545394539833
0.018327530473470688
-0.06459920853376389
-0.07654286175966263
0.012828298844397068
-0.02080780640244484
-0.08000997453927994
0.006973505951464176
-0.051217950880527496
0.007282501086592674
0.4585580825805664
0.21439562737941742
0.38212916254997253
1.5415879487991333
0.4271858036518097
0.21006932854652405
-0.17784444987773895
0.4026196002960205
0.5880520939826965
0.14163967967033386
-0.06556975841522217
0.1348642259836197
0.7252224683761597
0.5879404544830322
0.5643632411956787
0.532419741153717
0.4328506886959076
0.2144317328929901
0.3389262557029724
1.1136548519134521
0.3431342840194702
0.1278459131717682
-0.07574436813592911
0.25874948501586914
0.48607930541038513
0.11308001726865768
-0.23096418380737305
-0.3413696587085724
0.42437639832496643
0.3319986164569855
0.6365433931350708
0.5544881224632263
0.21896561980247498
0.14428092539310455
0.42016756534576416
1.33659827709198
0.4948861598968506
0.13294018805027008
0.13448698818683624
0.014169580303132534
0.636551022529602
0.2625977098941803
-0.06683191657066345
-0.021198874339461327
0.5335842370986938
0.6497034430503845
0.6191107034683228
0.60379558801651
-0.07187996059656143
-0.04043574258685112
-0.08065719902515411
-0.06119630113244057
-0.007427985314279795
0.02698701061308384
-0.01118518691509962
0.022344667464494705
0.034168366342782974
0.027447400614619255
-0.07149673998355865
-0.05843975022435188
-0.010365373454988003
-0.0976044088602066
0.06096218153834343
0.010870135389268398
0.27311602234840393
0.1328599601984024
0.5681458711624146
1.0694000720977783
0.7011260390281677
0.024921685457229614
-0.07623016089200974
0.24560585618019104
0.7226040363311768
0.2496277540922165
-0.17748410999774933
-0.15476687252521515
0.7665470838546753
0.6877052783966064
0.6803542971611023
0.7495155334472656
-0.062407463788986206
0.023455511778593063
0.023678448051214218
0.3323758542537689
0.05191943421959877
-0.1876237541437149
0.1841081827878952
0.20437495410442352
0.0703013613820076
-0.24275361001491547
-0.46937572956085205
0.095389224588871
0.07017184048891068
-0.021381452679634094
0.12766733765602112
0.00524702575057745
0.06005485728383064
0.08692716062068939
-0.07773216813802719
0.08739457279443741
-0.016642272472381592
-0.04861537739634514
-0.4086567759513855
0.0755588710308075
0.0696462094783783
0.012972531840205193
0.071663498878479
0.003909717779606581
-0.08053704351186752
0.019864995032548904
0.10870130360126495
-0.05040876939892769
0.01773776113986969
-0.037986159324645996
-0.007799291983246803
-0.044129256159067154
-0.019338907673954964
0.0696808323264122
-0.07525012642145157
0.039879538118839264
0.11801177263259888
0.010943271219730377
0.034360405057668686
-0.007503466680645943
0.014555463567376137
0.003641582792624831
-0.00562992924824357
0.08769801259040833
0.1119062677025795
0.028452660888433456
0.24370059370994568
0.5399148464202881
0.5471434593200684
-0.08791488409042358
-0.26029014587402344
-0.23132410645484924
0.4623962640762329
0.3150138556957245
0.04472481459379196
0.10338470339775085
0.3498152494430542
0.6599743962287903
0.716581404209137
0.6959154009819031
0.412208616733551
0.3184634745121002
0.6266661286354065
1.03054940700531
0.36371639370918274
-0.06901446729898453
-0.017862511798739433
0.6044178009033203
0.38607293367385864
0.0067369043827056885
-0.3682384490966797
0.3230278193950653
0.5734792351722717
0.4858974516391754
0.42970138788223267
0.3961099684238434
-0.014066027477383614
-0.03946424648165703
0.18460091948509216
0.9186985492706299
0.13581189513206482
-0.0012081993045285344
0.1977655589580536
0.2816145122051239
0.2731230556964874
-0.041358496993780136
-0.42861589789390564
-0.3145105540752411
0.27442771196365356
0.16078069806098938
0.3365732431411743
0.05368063598871231
0.048219356685876846
0.08647274225950241
0.2927834689617157
1.0927833318710327
0.15098197758197784
-0.09706894308328629
-0.0065983799286186695
0.17294283211231232
0.3829744756221771
-0.15925192832946777
-0.4850499927997589
-0.4533630311489105
0.3555361330509186
0.1817820817232132
0.3565782606601715
0.22702470421791077
0.3171263635158539
0.20573395490646362
0.5689927339553833
1.0259058475494385
0.3359808623790741
-0.10195785015821457
0.34950608015060425
0.48190659284591675
0.40126755833625793
-0.15848098695278168
-0.3697739243507385
0.046877793967723846
0.4135087728500366
0.37767893075942993
0.3228291869163513
0.2272716760635376
0.14727696776390076
-0.09161535650491714
0.07473359256982803
1.0083900690078735
0.19334863126277924
-0.282805472612381
0.04027384892106056
0.13256533443927765
0.22770561277866364
-0.046371545642614365
-0.33995112776756287
-0.3975459039211273
0.22197826206684113
0.19041749835014343
0.44674158096313477
0.4496082365512848
0.24606133997440338
0.12168502807617188
0.7735399603843689
1.5775566101074219
0.3536897599697113
-0.27948421239852905
0.21812757849693298
0.8439281582832336
0.36330917477607727
-0.005798043217509985
-0.15536260604858398
0.444186270236969
0.5438439249992371
0.6279984712600708
0.6493919491767883
0.45688021183013916
0.12042521685361862
0.13348619639873505
-0.15735816955566406
-0.18407484889030457
0.19761085510253906
0.021762212738394737
-0.014053414575755596
-0.5543572902679443
0.1300145834684372
-0.027306778356432915
0.1894458681344986
0.11685218662023544
0.27384060621261597
0.07167233526706696
0.08390966802835464
0.2937372922897339
0.40584853291511536
0.175323024392128
0.5259775519371033
0.9597656726837158
0.5464372634887695
0.25773853063583374
-0.628201961517334
-0.40850406885147095
0.5263485908508301
0.42237427830696106
-0.23241621255874634
-0.5046961903572083
0.5294080376625061
0.7039903402328491
0.6208256483078003
0.8205942511558533
0.09611178189516068
0.21853938698768616
0.6081708073616028
1.3067418336868286
0.25023534893989563
0.11216317117214203
0.6003476977348328
0.6241841316223145
0.39153853058815
-0.2932340204715729
0.12350040674209595
-0.07190126180648804
0.39187929034233093
0.3838752508163452
0.425911545753479
0.24128399789333344
-0.04829215258359909
-0.039267562329769135
-0.024684499949216843
-0.005745009984821081
-0.008815091103315353
-0.01691379025578499
0.07713542878627777
-0.013041086494922638
0.05362869054079056
0.018513068556785583
0.03346015885472298
-0.053111255168914795
0.015262349508702755
0.05587190389633179
0.06409861892461777
0.04476826637983322
-0.011919504031538963
-0.04739711061120033
0.06642230600118637
0.0004838893946725875
0.06223107501864433
-0.04033173993229866
0.019231775775551796
-0.05459960922598839
0.029532162472605705
-0.048272185027599335
-0.029665179550647736
0.09690046310424805
-0.03773407265543938
-0.01128561794757843
0.015488970093429089
-0.006198327522724867
0.05199700966477394
-0.02164119854569435
0.02148180641233921
0.03176408261060715
0.015372228808701038
0.05687738582491875
-0.052602969110012054
-0.018648939207196236
-0.03722552955150604
-0.015955233946442604
-0.05997594818472862
0.017854388803243637
0.054337549954652786
-0.02341855689883232
-0.025977259501814842
-0.00425085611641407
0.19866228103637695
0.06549639999866486
0.8316579461097717
1.400625467300415
0.4894876182079315
-0.17982129752635956
0.31936338543891907
1.0126932859420776
0.4035685360431671
-0.12947869300842285
0.6599550843238831
0.7019984722137451
0.5122733116149902
0.44256582856178284
0.7485331892967224
0.46809133887290955
0.1732075959444046
0.2075061947107315
-0.06676923483610153
0.3715347945690155
0.25066956877708435
0.0644267275929451
-0.5855970978736877
-0.24181829392910004
0.25507456064224243
0.11302110552787781
-0.13673989474773407
-0.20523497462272644
0.5598694086074829
0.26037752628326416
0.14852626621723175
0.4053145945072174
0.014223865233361721
-0.013074466958642006
0.05907609686255455
0.3671018183231354
0.05815315246582031
0.15263891220092773
-0.04605444520711899
0.04214797914028168
0.07147077471017838
0.24036532640457153
-0.6554388999938965
-0.22913986444473267
-0.009661709889769554
0.0923566073179245
0.24075251817703247
0.09555584192276001
-0.03564887493848801
-0.02277621440589428
-0.038703951984643936
-0.06375889480113983
0.08706110715866089
0.029547030106186867
0.017846429720520973
-0.03322533518075943
-0.00653179781511426
0.007474488578736782
0.09040641784667969
-0.03937465697526932
0.059768181294202805
-0.03831436112523079
-0.04202526807785034
0.03715702146291733
0.01993839256465435
0.0793454721570015
0.09587021172046661
0.2851194441318512
0.22700269520282745
-0.009466426447033882
0.45691123604774475
-0.12376729398965836
0.19867059588432312
0.22447320818901062
0.2349698394536972
-0.01197142619639635
0.49702784419059753
0.49356764554977417
0.3521691858768463
0.6123849153518677
0.3884143829345703
0.24097855389118195
0.4618293344974518
1.4471707344055176
0.8493449091911316
0.39945074915885925
0.18923377990722656
1.5415027141571045
0.8229345679283142
0.41205087304115295
-0.024728430435061455
1.1905102729797363
1.3199692964553833
1.009289026260376
0.9057436585426331
1.0429553985595703
0.002962464699521661
-0.012301530689001083
-0.014063947834074497
-0.05780252441763878
0.03537443280220032
0.040856145322322845
0.024041797965765
0.02524738758802414
-0.054255641996860504
-0.07341963797807693
0.005370673723518848
0.02149059809744358
0.003956763539463282
0.018538568168878555
-0.021227996796369553
-0.03184113651514053
0.06368067860603333
0.15744127333164215
0.07955730706453323
0.3561541736125946
0.434312641620636
0.23066017031669617
-0.5690324902534485
-0.04888986796140671
0.20388543605804443
0.22430679202079773
-0.11720891296863556
-0.2493709921836853
0.3043656051158905
0.47003281116485596
0.3632464110851288
0.5659803748130798
-0.05010616406798363
0.019519418478012085
0.02172928862273693
0.002782868454232812
-0.06222446262836456
0.018557066097855568
0.058063656091690063
0.007194179575890303
0.023046426475048065
-0.10040266066789627
0.011557117104530334
-0.07289483398199081
-0.015628160908818245
0.03260544314980507
-0.019122162833809853
-0.03355126827955246
0.25406530499458313
0.34461086988449097
0.3045114278793335
1.1249489784240723
0.30321916937828064
0.0898604765534401
0.11730258911848068
0.7631491422653198
0.40810778737068176
-0.1966492086648941
0.3632567226886749
0.3533046841621399
0.6503216028213501
0.34244272112846375
0.3834764361381531
0.39991024136543274
-0.038820527493953705
0.05167136713862419
-0.10421832650899887
-0.0019123542588204145
-0.04047185182571411
0.011097218841314316
-0.045929085463285446
-0.033684466034173965
-0.05717447027564049
0.04351985082030296
0.019234605133533478
-0.047811947762966156
0.017346134409308434
-0.03234807029366493
0.05378502979874611
-0.08328205347061157
0.3510502874851227
0.2639142572879791
0.4142765998840332
1.5635650157928467
0.5054811835289001
0.10003180801868439
0.05029238760471344
0.623123288154602
0.6093757152557373
0.14134056866168976
0.25227922201156616
0.7187308669090271
0.6700002551078796
0.4516507387161255
0.579612135887146
0.6237086057662964
0.42659109830856323
0.26850035786628723
0.3609134554862976
1.0036275386810303
0.4155503511428833
-0.12490656226873398
0.4256262183189392
0.22644659876823425
0.4013891816139221
0.03603506460785866
0.05966385081410408
0.07824970781803131
0.4127980172634125
0.20535331964492798
0.6478537321090698
0.4997890591621399
0.19520512223243713
0.11048807948827744
0.5202318429946899
1.2826234102249146
0.4445632994174957
0.005138333886861801
0.6356557607650757
0.32678261399269104
0.6640328168869019
0.30260002613067627
-0.002663419581949711
0.7543627619743347
0.5697051882743835
0.7138112187385559
0.4952854812145233
0.7932658195495605
0.030675439164042473
-0.1110309511423111
-0.03204065188765526
-0.03746126592159271
-0.03184664994478226
-0.018954770639538765
-0.023308487609028816
0.0003179266641382128
0.021558605134487152
-0.09855075180530548
0.03899656608700752
0.004038152750581503
0.01290907897055149
-0.0658193901181221
-0.012064884416759014
-0.00827769935131073
0.26527824997901917
0.1562267392873764
0.4888286590576172
1.2158265113830566
0.6691960096359253
-0.015263736248016357
0.4442547857761383
0.5703716278076172
0.5901083946228027
0.38023608922958374
-0.11612000316381454
0.4877358675003052
0.7732709646224976
0.6559919118881226
0.6428596377372742
0.8421028852462769
-0.0688009113073349
0.029224563390016556
0.06721072643995285
0.35827067494392395
0.11132871359586716
-0.1256106048822403
-0.06577479094266891
0.22084012627601624
0.12437852472066879
-0.06786258518695831
-0.26911142468452454
-0.04177384823560715
0.017940690740942955
0.0077050295658409595
0.18427200615406036
0.027644362300634384
0.07014748454093933
-0.014464975334703922
0.010072732344269753
0.06646604835987091
-0.06890901923179626
-0.16296148300170898
-0.3788379430770874
0.06474582105875015
-0.006365365348756313
-0.08965730667114258
0.012450102716684341
0.0771254375576973
-0.05585712194442749
-0.04788851737976074
0.0009008686174638569
0.004940244369208813
-0.01772318407893181
0.05324667692184448
-0.045346517115831375
0.018016329035162926
-0.07019539922475815
-0.0433458536863327
0.035964250564575195
-0.03272378072142601
0.03301956132054329
-0.020405998453497887
-0.02403653971850872
0.04737948253750801
0.003241928992792964
0.06888705492019653
-0.010040201246738434
0.08248381316661835
0.2629668116569519
0.05976090207695961
0.20477993786334991
0.6177403926849365
0.5156345367431641
-0.12463434785604477
0.05029824376106262
0.3704417943954468
0.4070328176021576
0.35423195362091064
0.1949683129787445
0.20078922808170319
0.3763275146484375
0.6493740081787109
0.6417573094367981
0.6448473334312439
0.42398086190223694
0.30509698390960693
0.5763156414031982
1.0480997562408447
0.41083651781082153
-0.1765003353357315
0.26349779963493347
0.5551657676696777
0.39617711305618286
0.08584229648113251
0.21272891759872437
0.3613084852695465
0.4781637191772461
0.4726193845272064
0.41779008507728577
0.31329891085624695
-0.0007002929341979325
-0.04243692383170128
0.2120255082845688
0.9441752433776855
0.0936741828918457
-0.016390323638916016
0.22163373231887817
0.31149017810821533
0.31533944606781006
-0.14514929056167603
-0.2414541244506836
0.03546910732984543
0.19980043172836304
0.21213898062705994
0.24787583947181702
0.29931640625
0.006695044692605734
0.1285984218120575
0.3593687117099762
1.046793818473816
0.21682612597942352
-0.14574384689331055
0.19532418251037598
0.3436264991760254
0.3197217285633087
-0.05833476036787033
-0.21847863495349884
-0.10517679154872894
0.34694400429725647
0.2341775894165039
0.31371429562568665
0.3592550456523895
0.3633175194263458
0.22219106554985046
0.570484459400177
0.9817363023757935
0.40932518243789673
-0.006223807577043772
0.5188645720481873
0.36317771673202515
0.4206713140010834
-0.15042957663536072
0.12712375819683075
0.1474713534116745
0.4297380745410919
0.34179481863975525
0.28596973419189453
0.22613875567913055
0.1461164355278015
0.007710486650466919
0.13464410603046417
0.9836342334747314
0.2218547761440277
-0.13128070533275604
0.3474830687046051
0.2510346472263336
0.28107041120529175
-0.0662374421954155
-0.02332446351647377
0.028347956016659737
0.2294851392507553
0.2697640061378479
0.2529856860637665
0.42191267013549805
0.2193066030740738
0.10953931510448456
0.7016255259513855
1.527593731880188
0.387728750705719
-0.1942623108625412
0.6373927593231201
0.8510256409645081
0.37412863969802856
0.11200151592493057
0.67067551612854
0.6329692006111145
0.5227354168891907
0.6193127632141113
0.7103561758995056
0.4241032302379608
0.03879803046584129
0.05158480256795883
-0.08976078033447266
-0.09908868372440338
0.24395957589149475
0.07546917349100113
0.015610942617058754
-0.42867210507392883
0.05750138685107231
-0.01795288547873497
0.15234839916229248
0.0677398145198822
0.33725789189338684
0.1283176839351654
0.18856793642044067
0.20040370523929596
0.3596639335155487
0.06405303627252579
0.5276184678077698
0.9082291722297668
0.5578542947769165
0.16430217027664185
-0.5187302827835083
0.10329052805900574
0.5541900992393494
0.5209053158760071
-0.1884698122739792
-0.17430894076824188
0.48857030272483826
0.6918298006057739
0.509376049041748
0.7416819334030151
0.10742364823818207
0.20728115737438202
0.6384568810462952
1.346177577972412
0.19859059154987335
0.10191889852285385
0.65403151512146
0.6625876426696777
0.45629075169563293
-0.24341076612472534
0.7387126684188843
0.5088261961936951
0.45102453231811523
0.35362130403518677
0.47602277994155884
0.22401918470859528
0.02752070128917694
0.008856376633048058
0.04968844726681709
0.07878842949867249
-0.04324962571263313
0.060427453368902206
0.04034522920846939
-0.02670694887638092
-0.10481052845716476
0.03652001917362213
-0.12097451835870743
-0.07249798625707626
0.05324849486351013
-0.03265039995312691
0.03478330373764038
0.0317310132086277
-0.02710423804819584
-0.02065850980579853
-0.05431688204407692
0.0024754502810537815
0.020831214264035225
0.07418069988489151
-0.08849365264177322
0.0667356625199318
0.0015331924660131335
0.0399751141667366
0.02883448638021946
-0.10863321274518967
0.02519870735704899
0.0604516826570034
-0.0503225214779377
-0.010457371361553669
-0.07933057099580765
-0.023791860789060593
-0.0436343215405941
-0.04707348719239235
-0.010879965499043465
-0.0333453044295311
-0.04498353973031044
0.013653596863150597
0.01534929871559143
0.08067985624074936
-0.014778143726289272
-0.008281121030449867
0.03591490536928177
-0.02979358844459057
-0.00890361424535513
-0.020907815545797348
-0.4281363785266876
-0.15582922101020813
-0.9794987440109253
-1.6728403568267822
-0.4788181483745575
-0.35123130679130554
-0.7911363244056702
-0.872460126876831
-0.4539112448692322
-0.33700597286224365
-0.7608466744422913
-0.5662407279014587
-0.7155439257621765
-0.6207822561264038
-0.9294995069503784
-0.5037732720375061
-0.1791049987077713
-0.14916785061359406
-0.024528488516807556
-0.5597755908966064
-0.39044058322906494
-0.196261927485466
0.051478274166584015
0.20643216371536255
-0.3833589553833008
-0.042082279920578
0.272940993309021
0.1526631861925125
-0.318574458360672
-0.29341819882392883
-0.3852456510066986
-0.6829785108566284
-0.0430825799703598
0.04114401713013649
-0.0034212630707770586
-0.5473785996437073
-0.13938038051128387
-0.17417235672473907
0.011883562430739403
-0.19066180288791656
-0.1920969933271408
-0.10962916910648346
0.3839866816997528
0.06921331584453583
-0.07153122127056122
-0.08522411435842514
-0.20038676261901855
-0.19469332695007324
-0.026225874200463295
-0.044704217463731766
0.029859347268939018
0.09958194941282272
0.007470303680747747
-0.018721867352724075
-0.0634748712182045
0.10463754832744598
-0.04034128785133362
-0.05427305027842522
0.08610427379608154
0.030256785452365875
-0.011397844180464745
0.019404666498303413
0.03688230738043785
0.0647849589586258
-0.1097797155380249
0.02755287103354931
-0.13201354444026947
-0.6790840029716492
-0.35662075877189636
-0.15381872653961182
-0.47230103611946106
-0.031027356162667274
-0.29231423139572144
-0.3138580918312073
-0.3706410825252533
-0.033530041575431824
-0.41358429193496704
-0.42251721024513245
-0.6289815306663513
-0.7315701246261597
-0.6215668320655823
-0.2579750418663025
-0.6721086502075195
-1.5227901935577393
-0.8372541069984436
-0.45794448256492615
-0.8706159591674805
-1.0949760675430298
-0.9081438183784485
-0.5495617389678955
-0.7944753766059875
-1.0517734289169312
-1.4487923383712769
-1.0443001985549927
-1.2351675033569336
-1.2282321453094482
0.0413372777402401
-0.03836805373430252
-0.0007963820826262236
0.06108514219522476
0.004853948950767517
0.012250415049493313
-0.006098393816500902
-0.06289808452129364
0.08325542509555817
-0.05165942758321762
0.1407410353422165
-0.0015124609926715493
-0.0641530305147171
0.007965042255818844
-0.044614966958761215
-0.04652554541826248
-0.11871349066495895
-0.19349431991577148
-0.29946401715278625
-0.495277464389801
-0.3452148139476776
-0.0338108204305172
0.05793014541268349
0.008374860510230064
-0.3411523401737213
-0.20158566534519196
-0.07467827945947647
0.2580617070198059
-0.21874995529651642
-0.3784293830394745
-0.5430071949958801
-0.8185551166534424
0.028637273237109184
0.019188832491636276
-0.011104739271104336
-0.08186504989862442
-0.0849272832274437
-0.031239211559295654
-0.003587250364944339
-0.007756606210023165
0.023977885022759438
0.0330670066177845
-0.0013272061478346586
0.08261768519878387
0.06769094616174698
0.03249022364616394
0.02537873201072216
-0.03428634628653526
-0.2578873634338379
-0.2472330629825592
-0.5027562379837036
-1.5484490394592285
-0.4831937849521637
-0.10506445169448853
-0.32330062985420227
-0.6317152976989746
-0.5177594423294067
-0.012180323712527752
-0.5391702651977539
-0.5630145072937012
-0.6177558898925781
-0.4405986964702606
-0.6743266582489014
-0.6176208257675171
0.07463797181844711
0.06967388093471527
-0.03010101057589054
-0.004699499811977148
-0.010011835023760796
-0.05247144401073456
0.004157182760536671
0.06784457713365555
0.06854796409606934
-0.054387208074331284
0.06447509676218033
0.08586633950471878
-0.017292875796556473
0.0022888544481247663
0.027157746255397797
-0.04095691442489624
-0.42948484420776367
-0.2482752799987793
-0.4225529432296753
-1.7530113458633423
-0.5294118523597717
-0.2622203528881073
-0.47104978561401367
-0.4361661672592163
-0.7051315903663635
-0.25238025188446045
-0.6675083041191101
-0.5787181258201599
-0.6685032844543457
-0.49608856439590454
-0.821526050567627
-0.847866952419281
-0.3359019458293915
-0.11341291666030884
-0.5617192983627319
-1.4440178871154785
-0.40190163254737854
-0.1844250112771988
-0.37580370903015137
-0.4034566581249237
-0.6094636917114258
-0.18687331676483154
-0.3679421544075012
-0.25532257556915283
-0.6401172280311584
-0.3742857277393341
-0.8904857039451599
-0.7287867069244385
-0.4036341905593872
-0.22142618894577026
-0.5587698817253113
-1.6403254270553589
-0.5796505808830261
-0.4451611638069153
-0.7337808012962341
-0.30793675780296326
-0.7474743723869324
-0.39747366309165955
-0.5166987180709839
-0.6041383147239685
-0.5431445240974426
-0.5764371752738953
-0.8420876860618591
-0.9413484334945679
0.07557232677936554
0.01534207258373499
0.0446290597319603
0.06623613834381104
-0.08285979926586151
0.026962531730532646
0.019780874252319336
-0.004410413559526205
-0.0360264852643013
-0.002016994636505842
0.06947372108697891
-0.056901972740888596
-0.017715007066726685
0.07340102642774582
0.03313111141324043
-0.06265659630298615
-0.4419611394405365
-0.18208789825439453
-0.5076119303703308
-1.4608807563781738
-0.6358095407485962
-0.25386375188827515
-0.5762853622436523
-0.30072247982025146
-0.6677005887031555
-0.40363529324531555
-0.4003354012966156
-0.4999566972255707
-0.644953727722168
-0.5053726434707642
-0.9291118383407593
-0.8914802670478821
0.08044460415840149
0.03643571585416794
-0.23455394804477692
-0.5545040369033813
-0.14833861589431763
0.039015453308820724
-0.07797742635011673
-0.374770849943161
-0.09604980796575546
0.15110792219638824
0.025143589824438095
-0.009255161508917809
-0.1158284917473793
-0.09288244694471359
-0.2620876431465149
0.015585765242576599
-0.14174693822860718
-0.03493921831250191
0.17100436985492706
-0.22413228452205658
-0.07310351729393005
0.03361586481332779
0.35551247000694275
-0.2578394114971161
-0.00787353515625
0.06763801723718643
-0.03591511771082878
-0.011068159714341164
0.006398191209882498
-0.0757073312997818
-0.15214838087558746
-0.07619521021842957
0.009613280184566975
-0.04463595151901245
-0.04168089106678963
0.10201612114906311
-0.005832311697304249
0.04612341895699501
-0.0038801487535238266
0.0070701842196285725
-0.10576315224170685
0.0614442303776741
0.008794721215963364
0.031297001987695694
0.053785599768161774
-0.0462334007024765
-0.032763659954071045
0.07068155705928802
-0.3197961747646332
-0.1522802710533142
-0.2780929207801819
-0.9113748073577881
-0.6318312883377075
-0.29367437958717346
-0.28153952956199646
-0.2056233286857605
-0.4150146245956421
-0.33554452657699585
-0.18093103170394897
-0.3711223900318146
-0.24583767354488373
-0.6773150563240051
-0.8719472885131836
-0.8705153465270996
-0.37452974915504456
-0.3449352979660034
-0.7675096392631531
-1.356221079826355
-0.5069006085395813
-0.17727124691009521
-0.27278557419776917
-0.6619617342948914
-0.377463698387146
-0.2388477474451065
-0.253703773021698
-0.2679382264614105
-0.5521788001060486
-0.5535009503364563
-0.6419556140899658
-0.30518731474876404
-0.020074207335710526
-0.02327916957437992
-0.26534706354141235
-1.1523798704147339
-0.17425578832626343
-0.14069831371307373
-0.13176670670509338
-0.5186532735824585
-0.409757524728775
0.02330278977751732
0.02905084937810898
-0.2347032129764557
-0.34173309803009033
-0.20490100979804993
-0.39888760447502136
-0.3035394251346588
-0.08172052353620529
-0.07746919244527817
-0.3492162525653839
-1.3789007663726807
-0.2650681734085083
-0.04058161750435829
-0.21235445141792297
-0.302179753780365
-0.5699211955070496
-0.0009572607232257724
0.23443734645843506
-0.14643441140651703
-0.39617741107940674
-0.31105631589889526
-0.6256012320518494
-0.45218420028686523
-0.29235997796058655
-0.06286173313856125
-0.7732758522033691
-1.314590334892273
-0.30934396386146545
-0.18262411653995514
-0.5581942200660706
-0.6126714944839478
-0.47129321098327637
-0.10869177430868149
-0.25189539790153503
-0.2242080569267273
-0.44088202714920044
-0.4640904366970062
-0.46875420212745667
-0.2214655578136444
-0.14631439745426178
-0.11061228811740875
-0.3032609224319458
-1.135745644569397
-0.22784292697906494
0.0015753020998090506
-0.413685142993927
-0.41102924942970276
-0.36402320861816406
-0.02378000319004059
0.12798817455768585
-0.10023560374975204
-0.440628319978714
-0.3436599671840668
-0.5468056797981262
-0.5265527963638306
-0.2625437378883362
-0.22671683132648468
-0.7739813327789307
-1.7299073934555054
-0.5111251473426819
-0.11016009002923965
-0.9702969193458557
-0.9070500135421753
-0.492742657661438
-0.4406050741672516
-1.0097614526748657
-0.5815855860710144
-0.6816189289093018
-0.6295589804649353
-0.8191075921058655
-0.4849434792995453
-0.2569490075111389
-0.10060510039329529
0.03634955734014511
0.22906756401062012
-0.2502862215042114
-0.09868138283491135
0.131585031747818
0.4791020154953003
-0.11091135442256927
0.015029678121209145
-0.1354323774576187
-0.2689722776412964
-0.24412420392036438
-0.01238225307315588
-0.30369043350219727
-0.36102941632270813
-0.3011518120765686
-0.15908239781856537
-0.424647718667984
-0.976567268371582
-0.6624655723571777
-0.2820611298084259
-0.10542349517345428
-0.16029156744480133
-0.7281028032302856
-0.4990239143371582
-0.04128038510680199
-0.04067784547805786
-0.38429975509643555
-0.5997437238693237
-0.8092854619026184
-0.9590581059455872
-0.16493502259254456
-0.10940604656934738
-0.8174843192100525
-1.5857640504837036
-0.28187084197998047
-0.3705283999443054
-0.6632184386253357
-0.6502716541290283
-0.5097504258155823
-0.38807806372642517
-0.9281948208808899
-0.5071990489959717
-0.5537692308425903
-0.4105035066604614
-0.49482741951942444
-0.38531383872032166
-0.025791091844439507
-0.022550394758582115
-0.01609930768609047
-0.024877497926354408
-0.01941097341477871
0.03040299005806446
-0.0012052839156240225
-0.010251673869788647
0.03789207711815834
-0.06694821268320084
-0.07091791182756424
-0.013519035652279854
-0.036172159016132355
-0.043063435703516006
-0.02553624100983143
-0.009332722052931786
-0.09038480371236801
0.03966999426484108
0.011289249174296856
-0.03931731358170509
-0.020686805248260498
0.02463962696492672
-0.08724754303693771
-0.06852685660123825
0.018650762736797333
0.05403827875852585
-0.03733145073056221
-0.022898094728589058
-0.08714327961206436
0.019554417580366135
0.016772398725152016
0.024676136672496796
0.01388305053114891
0.09042322635650635
-0.09252110868692398
0.07026204466819763
-0.02242416702210903
-0.12340475618839264
-0.0020881027448922396
0.03410746902227402
0.008106942288577557
-0.036182235926389694
0.034009575843811035
-0.09011512249708176
0.04562287777662277
-0.0017400248907506466
0.004657820798456669
0.026951637119054794
0.34323641657829285
0.22413499653339386
0.6460269689559937
1.337095856666565
0.44566184282302856
-0.052344948053359985
-0.28149017691612244
1.0012857913970947
0.4162358045578003
-0.05565588176250458
-0.13863660395145416
0.44775813817977905
0.5159748196601868
0.5401825904846191
0.7040400505065918
0.3805103302001953
0.16965501010417938
0.1189403086900711
-0.10419262200593948
0.28364628553390503
0.2215825766324997
0.10604984313249588
-0.5726550221443176
-0.4056214392185211
0.26604244112968445
0.021167628467082977
-0.27988219261169434
-0.42270544171333313
0.498012512922287
0.25021618604660034
0.27343958616256714
0.4124593138694763
0.03332776576280594
0.029633648693561554
-0.03500078245997429
0.33199000358581543
0.029174547642469406
0.18048317730426788
-0.06155763566493988
0.01715024560689926
0.0768967717885971
0.03905824199318886
-0.49229541420936584
-0.41155359148979187
0.004739421885460615
0.06986618041992188
0.2692651152610779
0.05163265019655228
0.0010499920463189483
0.026448199525475502
0.051333021372556686
-0.07674016803503036
-0.02309528924524784
0.041382916271686554
0.010013774037361145
-0.09857596457004547
0.08003612607717514
0.07517760992050171
-0.0013558208011090755
-0.04026544839143753
0.057234928011894226
0.0447094552218914
-0.051624588668346405
-0.010598818771541119
0.05900738015770912
0.009520882740616798
-0.06424294412136078
0.17673726379871368
0.1270047277212143
-0.1561048924922943
0.22371059656143188
-0.1380634754896164
0.2864193618297577
0.20475751161575317
0.3834882378578186
-0.021051140502095222
0.5825409293174744
0.39569249749183655
0.4432459771633148
0.5811079740524292
0.511238694190979
0.2521948516368866
0.5009013414382935
0.9396653175354004
0.8407076597213745
0.3754296600818634
0.18768927454948425
0.420886754989624
0.8281188011169434
0.4628511667251587
0.2838537096977234
0.3450543284416199
1.7442222833633423
0.959343433380127
0.9917281866073608
1.2060391902923584
0.014507037587463856
0.07043144106864929
-0.017795434221625328
-0.03697638213634491
0.04159501567482948
0.03412695974111557
0.027355369180440903
0.07208048552274704
0.06202782317996025
0.04175908491015434
-0.03475610911846161
-0.05080331861972809
-0.0183090940117836
0.005245294887572527
-0.011138278059661388
0.01686883345246315
0.07956238090991974
0.1938420683145523
0.049296267330646515
0.031643420457839966
0.39194419980049133
0.1205187514424324
-0.4231366217136383
-0.3269309401512146
0.15302173793315887
0.181282639503479
0.028550343587994576
-0.26401156187057495
0.28026461601257324
0.5344017744064331
0.3419276773929596
0.5468356609344482
-0.023563483729958534
-0.0837535485625267
0.0073477826081216335
0.00977399107068777
0.053738225251436234
0.041127029806375504
-0.04908500984311104
0.09250674396753311
-0.041175972670316696
-0.07995054125785828
-0.1022709384560585
0.10424687713384628
-0.04605838656425476
-0.022186610847711563
-0.03220449760556221
-0.03831108659505844
0.23401185870170593
0.302611380815506
0.4279469847679138
0.9623950123786926
0.3735314607620239
0.029493365436792374
-0.36495161056518555
0.4712783694267273
0.4301547110080719
-0.2709128260612488
-0.028411367908120155
0.07936045527458191
0.644974946975708
0.4371394217014313
0.22971513867378235
0.4825443625450134
-0.004371308255940676
0.011958700604736805
-0.05999062582850456
0.005074765533208847
-0.0016911348793655634
0.03515419363975525
0.03210403770208359
-0.09121602028608322
0.004822414834052324
0.08666034042835236
-0.017752960324287415
0.04240897670388222
-0.0256442092359066
0.018141495063900948
0.03817504644393921
0.04169262945652008
0.48326376080513
0.20163634419441223
0.4186647832393646
1.542584776878357
0.505288302898407
0.15282921493053436
-0.42192432284355164
-0.01506310235708952
0.5902065634727478
0.010175036266446114
0.12183278053998947
-0.01541418582201004
0.7410048842430115
0.4565943777561188
0.6321911811828613
0.43355679512023926
0.5126128792762756
0.27144667506217957
0.31872788071632385
1.1858383417129517
0.48465150594711304
-0.028433479368686676
-0.3045555353164673
0.13142560422420502
0.37712356448173523
0.01724589616060257
-0.16929492354393005
-0.286131352186203
0.37742963433265686
0.4082486927509308
0.5144604444503784
0.6133690476417542
0.31622445583343506
0.2052554339170456
0.330680787563324
1.3392971754074097
0.4669702649116516
-0.0029722684994339943
0.17238886654376984
-0.19646935164928436
0.6565252542495728
0.31292498111724854
0.12570612132549286
-0.027003752067685127
0.6004651188850403
0.6485241055488586
0.6746820211410522
0.7148002982139587
-0.09410528093576431
-0.05852074921131134
-0.02495063841342926
-0.055261898785829544
0.07433886080980301
0.04323878884315491
-0.050168007612228394
0.0017885512206703424
-0.039601489901542664
0.018518783152103424
0.007796385791152716
-0.014216439798474312
-0.01779600791633129
0.0623522624373436
-0.048351652920246124
0.04402889311313629
0.3188350796699524
0.21590763330459595
0.37835124135017395
0.9964195489883423
0.5916850566864014
-0.1289898157119751
0.0190581101924181
-0.02343800850212574
0.6683417558670044
0.27206405997276306
0.08854356408119202
-0.0919099971652031
0.797883927822113
0.6827537417411804
0.7012532949447632
0.8353433012962341
-0.04118676483631134
0.08424291014671326
0.10699234157800674
0.36809131503105164
0.13782408833503723
-0.09460460394620895
-0.13433429598808289
0.2849217355251312
0.13604280352592468
-0.18900439143180847
-0.4211798310279846
0.07752802968025208
0.08955100178718567
0.04269873723387718
0.002240433357656002
0.03120417147874832
0.016270836815238
0.09636016935110092
-0.10828423500061035
0.0651775375008583
0.03492843732237816
-0.12298238277435303
-0.3931496739387512
0.17987419664859772
0.06099250167608261
-0.10245201736688614
0.04994875192642212
0.10942241549491882
-0.0606207437813282
-0.048997070640325546
0.09540524333715439
-0.025193415582180023
0.005057414993643761
0.006612379569560289
0.010928776115179062
-0.06845195591449738
0.008509952574968338
-0.07642606645822525
-0.011887812055647373
-0.07236412167549133
-0.023972028866410255
0.03976530209183693
0.04490548372268677
0.024912556633353233
0.007855361327528954
-0.032694172114133835
-0.006186883430927992
-0.054582443088293076
0.4308418035507202
0.10635808110237122
0.057094935327768326
0.27014005184173584
0.5678454637527466
-0.22172468900680542
-0.21791841089725494
-0.22943565249443054
0.40458130836486816
0.2867569625377655
0.04565936699509621
0.19688710570335388
0.3877337872982025
0.5856305956840515
0.6092634797096252
0.7564777731895447
0.42363399267196655
0.43885311484336853
0.5134445428848267
1.167659044265747
0.34513917565345764
-0.020019756630063057
-0.38896700739860535
0.6600417494773865
0.3961482048034668
-0.07166939228773117
-0.2905988097190857
0.24951572716236115
0.5111846327781677
0.48539116978645325
0.41337138414382935
0.34385669231414795
0.037888821214437485
0.019986113533377647
0.03406120836734772
0.9275934100151062
0.05801462009549141
-0.10345878452062607
0.05309925228357315
0.3124814033508301
0.3139416575431824
-0.14017832279205322
-0.3319231867790222
-0.34754806756973267
0.2827586531639099
0.19109250605106354
0.39006665349006653
0.21919916570186615
0.10373450070619583
0.10347753018140793
0.2896932363510132
1.1060031652450562
0.19501993060112
-0.13749311864376068
-0.1350678652524948
0.04978780820965767
0.29453185200691223
-0.16464903950691223
-0.29807791113853455
-0.339636892080307
0.3231422007083893
0.20459163188934326
0.41914239525794983
0.317018985748291
0.32385462522506714
0.3400934934616089
0.63483065366745
1.0297555923461914
0.37107136845588684
0.09969457983970642
-0.14639905095100403
0.44831523299217224
0.45075690746307373
-0.22534212470054626
-0.3106933832168579
0.07791157066822052
0.39308962225914
0.363072007894516
0.3542832136154175
0.19076843559741974
0.2017742544412613
0.03277437761425972
0.0033966617193073034
1.0153534412384033
0.2740732431411743
-0.23055048286914825
-0.10380419343709946
0.10983594506978989
0.24274727702140808
-0.09935148805379868
-0.24458907544612885
-0.35441309213638306
0.2302575409412384
0.20365801453590393
0.25999942421913147
0.5014314651489258
0.16838040947914124
0.23298494517803192
0.6781027317047119
1.6062214374542236
0.39090150594711304
-0.13239413499832153
-0.27124062180519104
0.7199628353118896
0.37734946608543396
-0.03362168371677399
-0.2430545836687088
0.4236356317996979
0.4526011049747467
0.5876504778862
0.6490482091903687
0.46905505657196045
0.09035922586917877
0.14978495240211487
-0.21865423023700714
-0.29221880435943604
0.17220979928970337
0.030950680375099182
-0.11794896423816681
-0.6650077700614929
0.11454243957996368
-0.04809575900435448
0.23839794099330902
0.044418808072805405
0.33880358934402466
0.10043915361166
0.1708274483680725
0.22718928754329681
0.5070073008537292
0.1941940039396286
0.3323625922203064
0.8216235041618347
0.5713797807693481
0.08107960969209671
-0.6260597109794617
-0.6750340461730957
0.5452000498771667
0.5074586868286133
-0.08875282853841782
-0.39642825722694397
0.45889589190483093
0.6956121921539307
0.5111532807350159
0.7362672686576843
0.2032368928194046
0.2643618583679199
0.6585181951522827
1.2886826992034912
0.15428771078586578
0.20665614306926727
0.2755729854106903
0.46822550892829895
0.5431585311889648
-0.1472361832857132
0.2584175765514374
-0.05483371019363403
0.3888654410839081
0.42410799860954285
0.4993134140968323
0.25263234972953796
0.06381560862064362
0.04774252697825432
-0.024426527321338654
-0.016007956117391586
0.04457363858819008
0.007199746556580067
-0.04159976541996002
0.022829797118902206
0.11001987010240555
0.007199748884886503
-0.03914448991417885
0.035530008375644684
-0.012589764781296253
-0.00726025365293026
0.017099197953939438
-0.04530918225646019
-0.017619429156184196
-0.02061896212399006
-0.05293620750308037
0.056101370602846146
-0.005805529188364744
-0.005656239110976458
-0.016410810872912407
0.007077800575643778
-0.02409452572464943
0.011984748765826225
0.03878552466630936
0.004576248116791248
0.04524025693535805
0.02357788197696209
0.013904783874750137
-0.004796384833753109
0.007118601817637682
-0.004946605768054724
-0.02259877696633339
-0.040438782423734665
0.004839526489377022
0.007463127374649048
0.003063417039811611
-0.042134884744882584
0.065677709877491
0.11457740515470505
-0.012544929049909115
-0.003103583585470915
0.03995512053370476
0.0035699717700481415
0.001347591751255095
0.022746535018086433
0.25252509117126465
0.12698200345039368
0.8678062558174133
1.300194263458252
0.4461255669593811
0.1074245423078537
0.6036397218704224
0.9034340381622314
0.4299165606498718
0.006450256798416376
0.7122281193733215
0.6426756978034973
0.5615959763526917
0.533574640750885
0.5461535453796387
0.39205992221832275
0.13728255033493042
0.03168728947639465
0.13544170558452606
0.46392279863357544
0.27075067162513733
0.14867165684700012
0.13808727264404297
-0.009510954841971397
0.2957858741283417
0.045095689594745636
-0.25195419788360596
-0.0027860726695507765
0.544130265712738
0.38603219389915466
0.14176440238952637
0.43273916840553284
-0.07366175204515457
-0.02649500034749508
0.07706929743289948
0.37404969334602356
0.06830538064241409
0.09284406155347824
0.006136270705610514
0.1083165779709816
0.10473043471574783
0.15809009969234467
-0.25147226452827454
-0.11554240435361862
0.044672392308712006
0.10350652039051056
0.20369359850883484
0.06566967070102692
-0.021649958565831184
0.12739212810993195
0.008906361646950245
-0.047806546092033386
-0.05379225313663483
0.03425535187125206
-0.01595759019255638
0.010203941725194454
0.03924531489610672
0.015533801168203354
-0.09252991527318954
-0.008609231561422348
0.022563738748431206
-0.038945477455854416
0.02439229004085064
-0.0291705634444952
0.01683729700744152
0.09158070385456085
0.08589012175798416
0.35486406087875366
0.16319431364536285
-0.05794483423233032
0.5843632817268372
0.05022501200437546
0.1974961906671524
0.26508256793022156
0.19984018802642822
0.03757781535387039
0.5628965497016907
0.5114821195602417
0.37265270948410034
0.5395076870918274
0.3572027385234833
0.25223836302757263
0.5946963429450989
1.5252963304519653
0.7306774854660034
0.3714939057826996
0.7095170021057129
1.3756641149520874
0.949385404586792
0.410459965467453
0.7514860033988953
1.2475528717041016
1.5373812913894653
0.9204670786857605
0.9029295444488525
1.1370863914489746
-0.0199967660009861
-0.07785788178443909
-0.014809256419539452
-0.04102422669529915
0.04096609726548195
0.013147681951522827
-0.011981201358139515
-0.07237348705530167
-0.06344248354434967
-0.0874299556016922
0.009958568029105663
-0.010740892961621284
-0.037197843194007874
-0.11216678470373154
0.03795455023646355
0.06467696279287338
0.04081781581044197
0.12080363184213638
0.1534377932548523
0.32956886291503906
0.3954244554042816
0.09402188658714294
0.08710522949695587
-0.049446847289800644
0.1892285794019699
0.11371994018554688
0.0069753993302583694
-0.11448671668767929
0.4090833067893982
0.45452064275741577
0.2988639175891876
0.562957227230072
-0.07060118764638901
0.01721300557255745
0.04999181628227234
0.0283295139670372
0.06368522346019745
0.002335864119231701
-0.033508043736219406
0.022434476763010025
-0.038593877106904984
0.08272825926542282
-0.005452435463666916
-0.07312095910310745
0.014487509615719318
0.0292765311896801
-0.04624413698911667
0.002619836712256074
0.13420113921165466
0.2472836822271347
0.43110838532447815
1.0929008722305298
0.3485391139984131
0.2122936248779297
0.2990424931049347
0.7368285059928894
0.3778418302536011
-0.08418528735637665
0.4600725471973419
0.3529638350009918
0.6773083806037903
0.43816837668418884
0.3414565622806549
0.46788331866264343
0.012358034029603004
0.04614528641104698
0.008203897625207901
-0.1020318940281868
-0.05065202713012695
0.0023905804846435785
-0.04306451976299286
-0.04338577017188072
-0.025976235046982765
-0.024846399202942848
0.00893959030508995
-0.12611013650894165
0.04427837207913399
0.04545128345489502
0.020771794021129608
-0.0349285826086998
0.18964816629886627
0.15005913376808167
0.34018591046333313
1.5837537050247192
0.3942181169986725
0.25814396142959595
0.32925909757614136
0.6591250896453857
0.63457852602005
0.15717194974422455
0.6850572228431702
0.9389275908470154
0.6780311465263367
0.5120542049407959
0.6374941468238831
0.5204874873161316
0.2801772952079773
0.17200809717178345
0.4326493740081787
1.1370512247085571
0.45444780588150024
0.18218058347702026
0.272871732711792
0.26947447657585144
0.42404016852378845
0.09151273220777512
0.2740519940853119
0.16526098549365997
0.35467225313186646
0.25248610973358154
0.5920239090919495
0.44243738055229187
-0.011762740090489388
0.11939109116792679
0.5338532328605652
1.3040488958358765
0.47852852940559387
0.3608763515949249
0.7934610843658447
0.4554886817932129
0.6058602333068848
0.31720170378685
0.5123288631439209
0.9122633934020996
0.5719884634017944
0.6128934025764465
0.6180617213249207
0.7877583503723145
0.01654134877026081
-0.0011085346341133118
0.010191262699663639
0.0005283289938233793
0.04730260372161865
-0.07156345248222351
0.055059876292943954
-0.029965432360768318
-0.07947047054767609
-0.027926569804549217
0.008395477198064327
-0.01657703146338463
-0.003777830395847559
0.00832956749945879
0.032621148973703384
-0.019393455237150192
0.13224296271800995
0.24087843298912048
0.3565426468849182
1.1563414335250854
0.42953479290008545
0.32718679308891296
0.6553574204444885
0.610531210899353
0.6622536778450012
0.331039696931839
0.5398709774017334
0.6437526345252991
0.7932329773902893
0.6887256503105164
0.7593205571174622
0.8267621397972107
-0.06842262297868729
0.005124461837112904
0.09681939333677292
0.39782124757766724
0.11922480911016464
-0.006932210177183151
-0.021631259471178055
0.18351978063583374
-0.013690516352653503
-0.19291095435619354
-0.12190952152013779
-0.03447578847408295
0.01464479323476553
0.08493094146251678
0.10538873076438904
0.09960153698921204
-0.005660065915435553
0.08275112509727478
0.009088090620934963
0.16296786069869995
-0.011996470391750336
0.02343694679439068
-0.36783871054649353
-0.02037794142961502
-0.024337036535143852
-0.011077722534537315
-0.04564718157052994
0.058105167001485825
-0.1346195787191391
0.022684497758746147
0.04527251422405243
-0.009519638493657112
-0.06838231533765793
-0.00933153461664915
-0.0423673652112484
-0.07397995889186859
0.07297728955745697
-0.06896044313907623
-0.0018746440764516592
-0.004173722118139267
-0.009327500127255917
-0.0001159862003987655
-0.021223463118076324
-0.023284807801246643
0.0291485246270895
-0.0037273054476827383
-0.02285825088620186
0.01659291796386242
0.12038274854421616
0.12209044396877289
0.14414283633232117
0.5194246172904968
0.5011046528816223
0.1889542192220688
0.3292533755302429
0.26455798745155334
0.4148826599121094
0.13473929464817047
0.09682946652173996
0.19719459116458893
0.413626104593277
0.6985527276992798
0.616570770740509
0.6763474345207214
0.38940900564193726
0.24654781818389893
0.6237865090370178
1.0262504816055298
0.302686482667923
0.1035662516951561
0.3436107933521271
0.5185554623603821
0.29283809661865234
0.06997531652450562
0.3307001292705536
0.4068216383457184
0.4718460142612457
0.2991698980331421
0.380214124917984
0.33502745628356934
-0.015785375609993935
-0.1195363774895668
0.15644961595535278
0.8130699992179871
0.18082013726234436
8.835340850055218e-06
0.1650867909193039
0.2770550847053528
0.22165311872959137
-0.07720855623483658
0.05922670662403107
0.04883982986211777
0.30622172355651855
0.2546159625053406
0.3533862829208374
0.24142961204051971
-0.06651032716035843
-0.0552811324596405
0.37158432602882385
0.9947912693023682
0.155864417552948
-0.1474013775587082
0.11903390288352966
0.37773293256759644
0.34861618280410767
-0.09113532304763794
-0.2305484265089035
0.1106172651052475
0.30793583393096924
0.24868743121623993
0.36966097354888916
0.41905686259269714
0.3031916320323944
0.2052665799856186
0.5857782959938049
1.076486349105835
0.34531813859939575
0.17925602197647095
0.5527017116546631
0.3565186560153961
0.39172399044036865
-0.027945086359977722
0.28229084610939026
0.18780572712421417
0.40601328015327454
0.2616404592990875
0.3598939776420593
0.19368965923786163
0.0787661150097847
0.027660062536597252
0.12899373471736908
1.014999508857727
0.2577223479747772
-0.05661921575665474
0.3276846408843994
0.22538639605045319
0.2740114629268646
-0.026627598330378532
-0.024600042030215263
0.13925182819366455
0.21867062151432037
0.19620157778263092
0.29527196288108826
0.4358356297016144
0.19243529438972473
0.18560649454593658
0.815199613571167
1.5497040748596191
0.36309605836868286
0.08438104391098022
0.6728536486625671
0.7604332566261292
0.360384076833725
0.026533951982855797
0.7157937288284302
0.7061280608177185
0.49883195757865906
0.525500476360321
0.6351398229598999
0.4310755431652069
0.10326217114925385
0.133271723985672
0.029219023883342743
-0.12205584347248077
0.21609088778495789
-0.013846890069544315
-0.1343107372522354
-0.4431035816669464
0.0952262356877327
-0.03784337639808655
-0.04939129948616028
0.13117435574531555
0.23991242051124573
0.08383015543222427
0.23020151257514954
0.1793416291475296
0.17665275931358337
0.06860052794218063
0.38898178935050964
0.8407134413719177
0.5923165678977966
0.1705484837293625
0.15207627415657043
0.10082578659057617
0.5120213627815247
0.4265483021736145
-0.04178689420223236
-0.002073135692626238
0.5294677019119263
0.633922278881073
0.48888063430786133
0.755478024482727
-0.0022240837570279837
0.2606055438518524
0.6718806624412537
1.2569010257720947
0.1909414827823639
0.2858578562736511
0.5614327192306519
0.6898674964904785
0.3683706223964691
0.07208734005689621
1.103819727897644
0.6754059195518494
0.3414309620857239
0.3319859206676483
0.5637362599372864
0.216851145029068
0.04435887187719345
0.011156801134347916
-0.042606744915246964
0.008302867412567139
0.05025371536612511
-0.09086287021636963
-0.08151284605264664
0.020752528682351112
-0.013256666250526905
0.019114386290311813
-0.07861384004354477
0.012501600198447704
-0.012513745576143265
0.0812995657324791
-0.040357619524002075
-0.013044897466897964
-0.04197898134589195
-0.03179324045777321
0.014015302062034607
-0.08306678384542465
0.07520555704832077
-0.06856691837310791
0.015376857481896877
0.00968316663056612
0.04095727577805519
0.0595269650220871
0.03241119533777237
-0.013299702666699886
0.028850357979536057
-0.01362413726747036
-0.053141817450523376
0.022966355085372925
-0.049792975187301636
0.0405786857008934
-0.027745498344302177
0.03606221452355385
-0.015231114812195301
0.018414044752717018
0.004327838309109211
-0.05970616266131401
5.384511314332485e-05
-0.016191868111491203
0.06404589116573334
-0.030415231361985207
0.03242577239871025
-0.006535250693559647
0.030025532469153404
-0.006055868696421385
0.4325476884841919
0.18243105709552765
0.7060180902481079
1.1991082429885864
0.4383467733860016
0.30855792760849
0.5622307062149048
0.6080082654953003
0.4835052192211151
0.4320945143699646
0.6116587519645691
0.7574136257171631
0.5533105731010437
0.4475032389163971
0.6571277379989624
0.41709741950035095
0.09841319173574448
0.07729233801364899
-0.04444364085793495
0.45554104447364807
0.21454502642154694
0.2490294873714447
0.43060073256492615
-0.02483247220516205
0.16741478443145752
-0.009533078409731388
0.5756739377975464
0.01888960599899292
0.6491304039955139
0.3008502125740051
0.1656099557876587
0.43834972381591797
-0.02989669144153595
-0.024009494110941887
-0.021120673045516014
0.356808066368103
0.07152256369590759
0.09446912258863449
0.17219562828540802
0.4089279770851135
0.15578804910182953
0.04208766296505928
0.3972931504249573
0.05484076216816902
0.0848073959350586
0.08477048575878143
0.14943468570709229
0.14276501536369324
-0.003681092755869031
-0.022374404594302177
-0.02988298423588276
-0.006416266784071922
-0.01815980114042759
-0.04060329124331474
0.02124546281993389
-0.0593533031642437
0.014823599718511105
0.040467821061611176
0.04956834763288498
-0.030920201912522316
0.07186301797628403
0.03907235711812973
-0.03173470497131348
-0.007325671147555113
0.05787990987300873
-0.08730514347553253
-0.02943076752126217
0.4575868546962738
0.14486631751060486
0.2039029747247696
-0.1989012360572815
0.08240391314029694
0.27651092410087585
0.15340927243232727
0.26425114274024963
0.09166823327541351
0.5303045511245728
0.5284340977668762
0.43635839223861694
0.6084110736846924
0.27816784381866455
0.19264012575149536
0.6545012593269348
0.9174470901489258
0.7357121109962463
0.47634628415107727
0.15836195647716522
-0.17343519628047943
1.0045485496520996
0.43616732954978943
0.40409037470817566
-0.3219177722930908
2.2836437225341797
1.0142990350723267
0.9714505672454834
1.1665294170379639
-0.03115466982126236
0.02294415421783924
0.036669179797172546
0.04811443015933037
0.06534001231193542
0.01569763384759426
-0.055157702416181564
0.028229203075170517
0.00932805985212326
0.005654528271406889
-0.046039700508117676
0.006535511929541826
0.02884526550769806
0.08882900327444077
-0.08162076026201248
0.007729673758149147
-0.029171722009778023
0.10360930114984512
0.14686723053455353
0.46509185433387756
0.3879556655883789
0.05253599211573601
0.3844926059246063
-0.058533720672130585
0.1993056684732437
0.16454002261161804
0.21587824821472168
0.0907040536403656
0.5841745138168335
0.46986594796180725
0.34703320264816284
0.5352658033370972
-0.07888778299093246
0.03730025887489319
0.010457918047904968
0.042318858206272125
-0.038638629019260406
0.024675341323018074
0.014648335985839367
0.008542273193597794
0.01715056225657463
-0.02945851907134056
-0.015999572351574898
0.033815838396549225
-0.04824446886777878
-0.020009972155094147
0.0874459370970726
0.028792355209589005
0.274659663438797
0.3044383227825165
0.7233153581619263
1.058964729309082
0.387744277715683
0.20643654465675354
0.9336704611778259
-0.2549039423465729
0.3746112883090973
0.23789450526237488
0.13162143528461456
0.38485124707221985
0.8346580862998962
0.42903247475624084
0.4322274327278137
0.5336152911186218
0.034401968121528625
0.05986127257347107
0.015142818912863731
-0.061415791511535645
-0.01307430025190115
0.017967185005545616
-0.033628422766923904
-0.026163633912801743
-0.0029294081032276154
0.009416865184903145
-0.01665327697992325
-0.052923914045095444
0.006455739960074425
-0.02069881185889244
-0.030857374891638756
0.006569478660821915
0.2155330330133438
0.26170024275779724
0.6793228387832642
1.075276255607605
0.569944441318512
0.2780298590660095
0.9433861374855042
0.2921195328235626
0.5489206314086914
0.2509135901927948
0.08390259742736816
-0.28647997975349426
0.7452031970024109
0.4655960202217102
0.6138753890991211
0.6148372888565063
0.29321280121803284
0.2899114489555359
0.5450488924980164
0.8289699554443359
0.3440496325492859
0.5031870007514954
0.12052024900913239
0.3835096061229706
0.4406253695487976
0.299948513507843
0.44421350955963135
-0.210004061460495
0.3547438979148865
0.258975088596344
0.6642775535583496
0.5717967748641968
0.09288591146469116
0.04870116338133812
0.43837079405784607
1.0674182176589966
0.515147864818573
0.32458728551864624
-0.18132592737674713
0.4798656404018402
0.7419241070747375
0.33394721150398254
0.3377477526664734
-0.3276348412036896
0.7710273265838623
0.5795959234237671
0.6695011854171753
0.7090733647346497
0.034957580268383026
-0.03861701115965843
0.049337174743413925
-0.07140008360147476
-0.015357023105025291
0.017435714602470398
0.04229797422885895
0.02767009101808071
0.05120716243982315
0.012558523565530777
0.020259298384189606
0.009864306077361107
-0.009482775814831257
-0.0007188079180195928
-0.06815295666456223
-0.07640112191438675
0.1332080066204071
0.18929381668567657
0.6094094514846802
1.168178677558899
0.5090622305870056
0.3535493314266205
-0.09269990772008896
0.30254900455474854
0.6917887926101685
0.2948370575904846
0.41314035654067993
-0.38679590821266174
0.9072246551513672
0.6721864938735962
0.689372181892395
0.7809339761734009
-0.08138277381658554
0.0831795260310173
-0.009641350246965885
0.5011869072914124
0.1387551724910736
0.06801558285951614
0.2101968228816986
0.25196391344070435
-0.046988870948553085
0.19034425914287567
0.522057294845581
0.3808245062828064
0.024540618062019348
-0.00859454832971096
0.0665142610669136
-0.01885632984340191
0.12005814909934998
0.010411649942398071
0.15869763493537903
0.0923435389995575
0.034862030297517776
0.19875411689281464
0.330844908952713
0.17834237217903137
0.09430065751075745
-0.06635589897632599
-0.002638221485540271
0.0490339957177639
-0.04367588832974434
-0.04737282544374466
0.02740028314292431
0.07127617299556732
-0.022269967943429947
0.03686424717307091
0.0017498383531346917
0.030816758051514626
0.08459442853927612
0.01773124374449253
0.024348299950361252
0.019509384408593178
0.009654841385781765
0.09128676354885101
0.11262194812297821
0.09106890857219696
0.052660636603832245
0.023042675107717514
-0.0436876006424427
0.01841914653778076
0.1729055494070053
0.06772966682910919
0.46251988410949707
0.5311081409454346
0.449588418006897
0.19532231986522675
0.29614460468292236
-0.2324216663837433
0.4152117073535919
0.12174727022647858
-0.13310697674751282
0.21635763347148895
0.5558351278305054
0.690538763999939
0.5878652334213257
0.7758083343505859
0.43876349925994873
0.1484103500843048
0.5642012357711792
0.7937130928039551
0.38590285181999207
0.817131757736206
0.6937506198883057
0.3392547070980072
0.3869032859802246
0.47209736704826355
0.7353413105010986
0.24978694319725037
0.4849499762058258
0.24881410598754883
0.5291063189506531
0.34691110253334045
-0.04866061732172966
-0.0322895310819149
0.07168300449848175
0.7256021499633789
0.043621886521577835
0.054352402687072754
0.5689860582351685
0.4924066364765167
0.25100767612457275
0.14709191024303436
0.44687774777412415
-0.07024630904197693
0.21264968812465668
0.08739962428808212
0.3224602937698364
0.09724151343107224
0.01968870498239994
0.030677922070026398
0.14639759063720703
0.987772524356842
0.17121674120426178
0.2927019000053406
0.5993807911872864
0.4166358411312103
0.39958176016807556
0.1852838546037674
0.5648976564407349
0.0028371175285428762
0.36761343479156494
0.21878580749034882
0.43698230385780334
0.3560856878757477
0.40873342752456665
0.20376886427402496
0.41450345516204834
1.0843135118484497
0.25752827525138855
0.18853485584259033
0.5430161356925964
0.3004995584487915
0.3747641444206238
0.5173079967498779
0.5720733404159546
0.5654982924461365
0.4106704592704773
0.18070796132087708
0.3282049000263214
0.293997585773468
0.18833507597446442
0.10153354704380035
0.22162559628486633
0.6401901841163635
0.18344390392303467
0.24268512427806854
-0.300029993057251
0.6594836115837097
0.3372626006603241
0.10815058648586273
0.41329896450042725
-0.27963685989379883
0.15537305176258087
0.2482839673757553
0.2930229902267456
0.519415557384491
0.21042455732822418
0.2526763081550598
0.6983174085617065
1.159447431564331
0.4437074661254883
0.36256542801856995
0.6565458178520203
0.7200464010238647
0.27913305163383484
0.5426236391067505
0.7173898816108704
0.8219882845878601
0.5991514921188354
0.4986244738101959
0.8194645047187805
0.40502485632896423
0.12190818041563034
0.0907515287399292
0.16867807507514954
0.3245201110839844
0.21691390872001648
0.06632581353187561
0.10497386753559113
0.4450468122959137
0.055034276098012924
-0.06634816527366638
-0.002776523120701313
0.1277487426996231
0.446758896112442
0.07187151908874512
0.22934092581272125
0.23906409740447998
0.19039829075336456
0.16963210701942444
0.4572976231575012
0.6453797221183777
0.6060885190963745
0.1902938038110733
0.7174984216690063
-0.04593011736869812
0.4813474714756012
0.443676233291626
0.5303928852081299
-0.10916715115308762
0.7426020503044128
0.7425457239151001
0.5653989315032959
0.8267990350723267
0.18515031039714813
0.2589553892612457
0.43323126435279846
1.2295160293579102
0.2633070945739746
0.35293716192245483
0.881342887878418
0.4679182767868042
0.3022027313709259
0.1613437980413437
0.025384729728102684
0.04479674622416496
0.42531415820121765
0.40528279542922974
0.46597519516944885
0.17431394755840302
-0.049581378698349
-0.029486313462257385
-0.00011253103730268776
-0.012655230239033699
0.018700353801250458
-0.005595966707915068
0.02004293166100979
0.03010767139494419
0.022471556439995766
-0.06911454349756241
0.006860075984150171
-0.036720968782901764
-0.035449422895908356
0.029172375798225403
-0.039203494787216187
-0.0031277162488549948
-0.010993940755724907
-0.060549937188625336
0.017967499792575836
-0.0023899455554783344
0.0033461065031588078
-0.00329265627078712
0.0037885038182139397
0.06851108372211456
-0.08058183640241623
0.013474411331117153
0.02341235987842083
0.060069262981414795
-0.0888497456908226
0.011757713742554188
0.025335056707262993
0.13080507516860962
-0.08345892280340195
-0.038994234055280685
-0.018720131367444992
0.0538807213306427
-0.05166614428162575
-0.02225915901362896
-0.023334136232733727
0.021899575367569923
0.0029687159694731236
-0.008663280867040157
0.006581369321793318
-0.02574298344552517
-0.01949448138475418
0.026714615523815155
-0.09878447651863098
0.017048511654138565
0.3614327013492584
0.1629301905632019
0.7124706506729126
1.3092937469482422
0.3752194046974182
0.20237569510936737
0.6441835165023804
0.6611003279685974
0.4318787753582001
0.5588648319244385
0.6938478350639343
0.7010763883590698
0.5769798755645752
0.4987875819206238
0.798034131526947
0.3695089817047119
0.1196463406085968
0.11694309115409851
0.01260149385780096
0.4640786051750183
0.19655364751815796
0.24986432492733002
0.47958871722221375
-0.020590608939528465
0.28275513648986816
0.10862166434526443
0.4284171760082245
0.065167635679245
0.6770023107528687
0.3114367723464966
0.15208159387111664
0.486137330532074
-0.038193248212337494
-0.014445725828409195
0.03616224229335785
0.24367141723632812
0.061442144215106964
0.07940270751714706
0.0865032821893692
0.2467491626739502
0.061668362468481064
0.04873203858733177
0.4486178457736969
-0.09085974097251892
0.009798000566661358
0.0722539946436882
0.14927813410758972
0.19718298316001892
-0.07811447232961655
0.07426626235246658
-0.003808194538578391
0.05517688766121864
-0.07312800735235214
-0.025486070662736893
-0.03586059436202049
-0.06362231820821762
0.016198521479964256
-0.05702308937907219
-0.06421326845884323
-0.036830127239227295
-0.029764901846647263
-0.06466899812221527
-0.008819653652608395
-0.02546771802008152
0.016313178464770317
-0.04703729972243309
-0.14448899030685425
0.45137396454811096
0.19340074062347412
0.17186656594276428
-0.21113717555999756
0.032786596566438675
0.17460870742797852
0.09738042205572128
0.2507224678993225
0.13495078682899475
0.5481926202774048
0.4454898238182068
0.46987396478652954
0.6025621294975281
0.2150203138589859
0.1747780442237854
0.6301301717758179
1.0401880741119385
0.7967348098754883
0.5690385699272156
-0.04472704231739044
-0.14596271514892578
0.9395297765731812
0.3997921943664551
0.3867107927799225
-0.3436635136604309
2.1627230644226074
0.9612928628921509
1.0363296270370483
1.2655993700027466
0.042777400463819504
0.03200583532452583
0.057823240756988525
-0.04793068766593933
0.059821128845214844
-0.048240698873996735
-0.045726776123046875
-0.019772280007600784
0.07815509289503098
-0.09753815084695816
-0.10624341666698456
-0.010429669171571732
0.04144265875220299
-0.003436194732785225
0.05767514184117317
0.013203157112002373
-0.00715812249109149
0.023523421958088875
0.16889819502830505
0.3796425461769104
0.37613943219184875
0.06367480009794235
0.2725410759449005
-0.06339509785175323
0.31593096256256104
0.10156156867742538
0.21189561486244202
0.09635969996452332
0.5006775259971619
0.47812139987945557
0.30065304040908813
0.6082002520561218
0.015372400172054768
0.08548366278409958
-0.017135221511125565
-0.043787792325019836
-0.07513303309679031
-0.03287597373127937
0.05588051304221153
0.029363058507442474
0.03125208616256714
0.007600552402436733
-0.075389064848423
0.053445003926754
-0.03392878547310829
-0.027131786569952965
-0.0762106403708458
0.060558002442121506
0.30284857749938965
0.15836474299430847
0.7207074761390686
1.0461528301239014
0.30120620131492615
0.22855405509471893
0.9301700592041016
-0.33230262994766235
0.4747712314128876
0.2473849505186081
0.18772181868553162
0.29031023383140564
0.7718971967697144
0.36787858605384827
0.34054917097091675
0.5292310118675232
0.0027540926821529865
-0.07889331132173538
-0.039253104478120804
0.017214592546224594
-0.017630871385335922
-0.024765072390437126
-0.013863610103726387
0.07459459453821182
-0.09702415019273758
0.08312215656042099
-0.04730012267827988
-0.009816670790314674
0.024398157373070717
0.05557205528020859
0.03888151794672012
0.0175271425396204
0.2966936230659485
0.24147287011146545
0.7390404343605042
1.0730564594268799
0.5493221879005432
0.3377287983894348
0.8670824766159058
0.277068167924881
0.591863751411438
0.36628127098083496
-0.03429172933101654
-0.4098913073539734
0.7779704928398132
0.4567398428916931
0.5796854496002197
0.6240530610084534
0.38112396001815796
0.29761171340942383
0.5360539555549622
0.8341439366340637
0.4125581383705139
0.6006011962890625
0.0325092151761055
0.38964807987213135
0.5177142024040222
0.29855918884277344
0.2630929946899414
-0.2120484709739685
0.3985525667667389
0.23388364911079407
0.5502081513404846
0.5253899693489075
0.16552560031414032
0.03901320695877075
0.41344165802001953
1.0420042276382446
0.4518590271472931
0.34172552824020386
-0.31487128138542175
0.5243430733680725
0.6874019503593445
0.31876683235168457
0.28123676776885986
-0.30735448002815247
0.8690958023071289
0.7247301340103149
0.6899393200874329
0.7648019790649414
0.06282548606395721
0.020130561664700508
-0.06022806093096733
-0.02988029457628727
0.02010558918118477
0.026979345828294754
0.009787147864699364
-0.005649283993989229
0.057410791516304016
0.041928112506866455
0.0881902202963829
0.009120669215917587
-0.054512325674295425
0.02273302897810936
-0.03924389183521271
0.0048830206505954266
0.15785755217075348
0.23672057688236237
0.6264643669128418
1.148128628730774
0.5050560235977173
0.3992028832435608
-0.06470061838626862
0.3244919180870056
0.6446788907051086
0.3837699294090271
0.3094462454319
-0.36818552017211914
1.015393614768982
0.7730166912078857
0.7046473026275635
0.875009298324585
-0.012406588532030582
0.028169997036457062
-0.12746846675872803
0.4719865620136261
0.1393338441848755
-0.041768383234739304
0.17501004040241241
0.25818514823913574
-0.014618707820773125
0.12023991346359253
0.4811863303184509
0.3551866114139557
0.13720782101154327
0.05039886385202408
0.07017116993665695
0.08347659558057785
0.018427254632115364
0.07790970057249069
0.07665969431400299
-0.005887154955416918
0.0469193160533905
0.16399326920509338
0.34134918451309204
0.25949692726135254
0.05433705076575279
-0.0757894366979599
-0.029643025249242783
0.0380333811044693
-0.077926404774189
-0.02594771236181259
0.09177760779857635
0.03753583878278732
-0.037975966930389404
0.015491697005927563
0.011635766364634037
0.026942545548081398
-0.02629772759974003
-0.06651204824447632
-0.06159810349345207
0.048487577587366104
0.06833656877279282
-0.01679862104356289
0.015228066593408585
0.027628932148218155
0.04456162452697754
-0.0026249615475535393
-0.0030066727194935083
-0.009852949529886246
0.05971865355968475
0.19448763132095337
0.4983755946159363
0.4633766710758209
0.4280271530151367
0.18263503909111023
0.24295805394649506
-0.33159416913986206
0.3795969784259796
0.1934654265642166
-0.10212696343660355
0.22935277223587036
0.520927369594574
0.6604224443435669
0.7318558096885681
0.7651789784431458
0.3027012348175049
0.20969046652317047
0.48973825573921204
0.8253924250602722
0.43380558490753174
0.7282050848007202
0.6326250433921814
0.3221418261528015
0.38593408465385437
0.45801547169685364
0.7614346742630005
0.33409735560417175
0.5468350052833557
0.33415815234184265
0.4035992920398712
0.2994459569454193
-0.04905449599027634
-0.05256037786602974
0.15193749964237213
0.82986980676651
0.14248797297477722
0.03478635847568512
0.5226003527641296
0.4662659466266632
0.2941216230392456
0.265505850315094
0.38436460494995117
-0.06794688105583191
0.3097693622112274
0.13591071963310242
0.2812919616699219
0.22163580358028412
-0.07616940885782242
0.13409729301929474
0.23211322724819183
0.9983158707618713
0.11793777346611023
0.2571209967136383
0.6691350340843201
0.41758206486701965
0.35178735852241516
0.24239352345466614
0.43184372782707214
-0.11435259133577347
0.29750314354896545
0.24174487590789795
0.3986407220363617
0.3006772994995117
0.344964861869812
0.2527026832103729
0.5319899320602417
1.1375606060028076
0.30990150570869446
0.20000430941581726
0.45431557297706604
0.3609328866004944
0.28927987813949585
0.628901481628418
0.6064199805259705
0.5823460817337036
0.4503020644187927
0.2844069004058838
0.3186894655227661
0.2802375853061676
0.18390949070453644
0.11399883031845093
0.24989479780197144
0.6736364960670471
0.11542513221502304
0.35757696628570557
-0.4021959602832794
0.5586255192756653
0.31219980120658875
0.04726636782288551
0.2898743152618408
-0.23791536688804626
0.2572612762451172
0.18360966444015503
0.31634098291397095
0.49526551365852356
0.22280314564704895
0.1616256982088089
0.7891624569892883
1.0215792655944824
0.38394173979759216
0.330461323261261
0.7801163196563721
0.77285236120224
0.2368282973766327
0.5376279354095459
0.7242158651351929
0.650983989238739
0.5838178396224976
0.5648888349533081
0.6574285626411438
0.5116810202598572
0.11041644215583801
0.06742564588785172
0.13539142906665802
0.3141932189464569
0.2616664171218872
0.01383916661143303
0.1243097186088562
0.42276862263679504
0.11680006980895996
0.023201391100883484
0.06722874939441681
0.21874284744262695
0.34498414397239685
0.19712518155574799
0.2594883441925049
0.17264966666698456
0.26573434472084045
0.22265516221523285
0.4949130415916443
0.5936329960823059
0.6286261677742004
0.23791755735874176
0.5686255693435669
0.08742177486419678
0.5216156840324402
0.33289098739624023
0.4765221178531647
-0.13363084197044373
0.7883428931236267
0.5848179459571838
0.6262409090995789
0.776633083820343
0.06852222979068756
0.24344974756240845
0.37313371896743774
1.1252031326293945
0.26418304443359375
0.1594896912574768
0.8178117871284485
0.46998563408851624
0.3614209294319153
0.2330908477306366
0.05984776094555855
0.03548809513449669
0.4110439717769623
0.4641508460044861
0.4763951003551483
0.25262612104415894
-0.018714560195803642
-0.053753241896629333
0.0664641335606575
-0.01283167488873005
0.04348240792751312
0.07380709052085876
-0.07032385468482971
-0.002847980475053191
0.03604203090071678
0.052464649081230164
-0.06016630679368973
-0.04763362556695938
0.0548836849629879
0.007440180517733097
-0.04669193923473358
0.034229595214128494
-0.009942618198692799
0.03958198428153992
-0.024494705721735954
-0.06478739529848099
0.04373818263411522
-0.009055400267243385
-0.01787746325135231
-0.020197641104459763
0.020901931449770927
0.006423569284379482
-0.032557763159275055
-0.03960122913122177
0.018977398052811623
-0.04029691964387894
-0.06465522944927216
-0.017744582146406174
0.05582931265234947
0.0216754712164402
-0.08385240286588669
-0.023113401606678963
-0.01180057693272829
-0.03773951902985573
0.05672286078333855
-0.03011765331029892
-0.03325730562210083
-0.036996059119701385
-0.029156401753425598
0.05958649143576622
0.08971691131591797
-0.04757443442940712
0.060876913368701935
0.010996561497449875
0.34001967310905457
-0.001110585406422615
0.9995936751365662
1.344016432762146
0.5043224096298218
-0.2908843755722046
-0.04125708341598511
1.0145624876022339
0.46339017152786255
-0.19281354546546936
0.19271017611026764
0.452494740486145
0.5468906164169312
0.5565465688705444
0.6699408292770386
0.4809774160385132
0.19046567380428314
0.15234173834323883
-0.0006921766907908022
0.3287851810455322
0.22942015528678894
0.10495421290397644
-0.08624142408370972
-0.4642273485660553
0.318638414144516
0.10684557259082794
-0.234388530254364
-0.28962284326553345
0.44757071137428284
0.2524779438972473
0.1879930943250656
0.432203471660614
0.023485874757170677
0.11852822452783585
0.08085678517818451
0.34401485323905945
0.056808896362781525
0.1482577919960022
-0.09768510609865189
0.07200571894645691
0.1476258635520935
0.07708761096000671
-0.3637501001358032
-0.4466513693332672
0.0031258550006896257
0.046319883316755295
0.19379378855228424
0.19557976722717285
-0.010026472620666027
0.10749617964029312
-0.029878348112106323
-0.05807625502347946
0.02979220822453499
-3.548933091224171e-05
-0.021191496402025223
0.008595266379415989
-0.028830716386437416
-0.05924799293279648
-0.009170806966722012
-5.988211341900751e-05
-0.02573425881564617
-0.0664537250995636
0.04845527559518814
0.0625612661242485
0.012336498126387596
0.000503718969412148
-0.11097121238708496
0.28898054361343384
0.2341536432504654
-0.2617901861667633
0.4644889235496521
-0.2076605260372162
0.22939883172512054
0.21841120719909668
0.2215057760477066
-0.06418248265981674
0.5465092062950134
0.48044267296791077
0.3281494677066803
0.5247678756713867
0.5478737950325012
0.22210800647735596
0.4706660807132721
1.029832363128662
0.8658115863800049
0.09754589945077896
0.4871620833873749
0.5253143310546875
0.8517869710922241
0.40353715419769287
0.586213231086731
0.29333749413490295
1.4173851013183594
1.123907208442688
1.0183788537979126
1.1094809770584106
0.06243105232715607
0.032703038305044174
0.03038310632109642
0.023719051852822304
0.017173422500491142
-0.035213492810726166
0.016882378607988358
-0.016367966309189796
0.018545381724834442
0.06471531838178635
-0.1150902509689331
-0.020494025200605392
0.06868728995323181
0.006841578055173159
-0.025355247780680656
-0.03595497086644173
0.08779451251029968
0.09683255106210709
0.08361995965242386
0.1547815352678299
0.43116843700408936
0.20436029136180878
-0.22418904304504395
-0.3200571537017822
0.08688068389892578
0.12687769532203674
-0.23363883793354034
-0.3656637668609619
0.34784942865371704
0.4320095479488373
0.3039012551307678
0.5805972218513489
0.009823660366237164
0.0010915667517110705
-0.035186201333999634
-0.0317363478243351
-0.02403876557946205
-0.07386579364538193
-0.08885075896978378
-0.02902546152472496
-0.04911799356341362
0.06221754476428032
-0.016564635559916496
0.06768737733364105
0.01917547918856144
-0.061917487531900406
0.029727352783083916
0.05153553932905197
0.3220086395740509
0.1950836479663849
0.26603642106056213
0.9067103862762451
0.2954249083995819
0.009532742202281952
0.17305979132652283
0.2791290879249573
0.4615098237991333
-0.3762900233268738
0.18467062711715698
0.10797862708568573
0.6820704936981201
0.33535537123680115
0.33658626675605774
0.43005040287971497
0.01668563485145569
-0.002428508596494794
-0.03406323865056038
0.007356615271419287
0.046883758157491684
-0.037052564322948456
0.05007443204522133
0.0045000771060585976
0.04000603035092354
-0.03820638358592987
-0.06571836769580841
0.03726031258702278
0.030343739315867424
0.019527776166796684
0.030511075630784035
-0.05077185854315758
0.4687676727771759
0.3040313422679901
0.40591901540756226
1.5510300397872925
0.4991185665130615
0.05073489248752594
0.18267618119716644
-0.10325025767087936
0.5258044600486755
-0.1770630031824112
0.39232274889945984
0.12299715727567673
0.6446453928947449
0.515144944190979
0.6472692489624023
0.5339733958244324
0.49237188696861267
0.23899804055690765
0.3519255220890045
1.0867946147918701
0.40260496735572815
-0.35739865899086
-0.012737274169921875
0.030859416350722313
0.5017544627189636
-0.12496469914913177
0.19576549530029297
-0.3162271976470947
0.302260160446167
0.33658576011657715
0.5313628315925598
0.5532053709030151
0.3188415765762329
0.08462949842214584
0.41238170862197876
1.258169174194336
0.577312707901001
-0.13010422885417938
0.4878314733505249
-0.23703403770923615
0.5641230940818787
0.10096144676208496
0.49826544523239136
-0.054037969559431076
0.562173068523407
0.7220063805580139
0.6339928507804871
0.6368439793586731
-0.018481122329831123
-0.05008479952812195
-0.0470905564725399
-0.05551991984248161
-0.03336247056722641
0.01611497811973095
-0.0050545670092105865
0.033421650528907776
-0.00044576628715731204
-0.02844063751399517
0.04135151952505112
0.0019273718353360891
0.03595518320798874
-0.045243844389915466
-0.008880909532308578
0.024978872388601303
0.3030143082141876
0.1017206609249115
0.3608832359313965
1.0668656826019287
0.570629358291626
-0.10786858201026917
0.4146988093852997
-0.0030010526534169912
0.6944504380226135
0.20365582406520844
0.427970826625824
-0.09054766595363617
0.8570990562438965
0.6445050835609436
0.726111650466919
0.7742720246315002
-0.036840103566646576
-0.07039427757263184
0.0614595003426075
0.4226316809654236
0.17105817794799805
-0.15263494849205017
-0.06275314092636108
0.1857488751411438
0.030927764251828194
-0.15529121458530426
-0.34951555728912354
0.1518605798482895
0.029813040047883987
0.012838797643780708
0.07771908491849899
0.017735445871949196
-0.009775086306035519
0.018396401777863503
0.002288013231009245
0.09895724058151245
0.05397244542837143
-0.14571352303028107
-0.27532875537872314
0.09526203572750092
0.07022757828235626
-0.08683346956968307
-0.07902542501688004
0.07162898033857346
-0.0015566140646114945
-0.03487837314605713
0.05069880560040474
0.14936994016170502
-0.013253994286060333
0.019826596602797508
0.07351700216531754
-0.10585523396730423
-0.05056300014257431
0.018566876649856567
0.06985703855752945
-0.04254753142595291
0.0006292601465247571
-0.04114558547735214
-0.034785203635692596
-0.14120182394981384
0.07414957135915756
0.0688977763056755
-0.00022070342674851418
0.011018093675374985
0.30565789341926575
0.058114152401685715
0.20253054797649384
0.4423794448375702
0.48950061202049255
-0.09491125494241714
-0.011379148811101913
-0.256931334733963
0.38943299651145935
0.1248968094587326
0.14725174009799957
0.04069432616233826
0.3740938901901245
0.6931384205818176
0.6775856614112854
0.7368488907814026
0.3076818585395813
0.18014000356197357
0.6377136707305908
1.0872645378112793
0.4615675210952759
-0.43707582354545593
-0.018756244331598282
0.5829712152481079
0.39357849955558777
-0.2289944291114807
-0.16428552567958832
0.249909907579422
0.4914036691188812
0.4889570474624634
0.3995113968849182
0.26950812339782715
0.016339361667633057
-0.05337982997298241
0.15081745386123657
0.936715304851532
0.11696713417768478
-0.09312096983194351
0.01009957492351532
0.1466192603111267
0.23227152228355408
-0.19215163588523865
-0.03716573119163513
-0.2526709735393524
0.16105535626411438
0.1878911852836609
0.351759672164917
0.1610887199640274
0.1447192132472992
0.023955989629030228
0.3128206431865692
1.0505889654159546
0.1614515334367752
-0.22470273077487946
-0.062016233801841736
0.057709772139787674
0.35782739520072937
-0.3051031529903412
-0.22581465542316437
-0.3540842831134796
0.4203345775604248
0.22962425649166107
0.3890249729156494
0.2561739683151245
0.26954135298728943
0.2176058292388916
0.5267210602760315
0.9794609546661377
0.38393887877464294
-0.027365904301404953
0.3251951038837433
0.3952583074569702
0.4175088405609131
-0.4473075866699219
-0.09130984544754028
0.17383356392383575
0.46051567792892456
0.3449862003326416
0.21580208837985992
0.22609679400920868
0.20831066370010376
-0.03951046243309975
0.17005059123039246
1.053594946861267
0.23939025402069092
-0.2734009325504303
0.07685255259275436
0.14041267335414886
0.3398778736591339
-0.1402115672826767
-0.14313535392284393
-0.26621413230895996
0.2642355263233185
0.23064927756786346
0.3696118891239166
0.47055816650390625
0.26282042264938354
0.06062297150492668
0.7137473821640015
1.4871625900268555
0.4152710735797882
-0.28365108370780945
0.16464035212993622
0.7001003623008728
0.41482481360435486
-0.3204739987850189
0.15090636909008026
0.4919831156730652
0.5688034892082214
0.6040530800819397
0.7287615537643433
0.37470412254333496
0.06900239735841751
0.15781202912330627
-0.15843042731285095
-0.22223135828971863
0.2013113796710968
0.04773999750614166
-0.057973142713308334
-0.5742244720458984
0.02301459014415741
0.03116251528263092
-0.019582699984312057
0.13242167234420776
0.34628811478614807
0.15903699398040771
0.18772146105766296
0.21165354549884796
0.515213131904602
0.1473287045955658
0.4777860641479492
0.8610902428627014
0.5409120917320251
-0.011121951974928379
-0.1436048299074173
-0.6880726218223572
0.5572199821472168
0.43504080176353455
0.022573893889784813
-0.5494773387908936
0.5214354991912842
0.6760549545288086
0.5246669054031372
0.8035469055175781
0.22293944656848907
0.29267898201942444
0.7005629539489746
1.2550641298294067
0.26884201169013977
0.1473981738090515
0.5656775832176208
0.4330783486366272
0.4638025462627411
-0.3174731731414795
0.6931546330451965
-0.0902983546257019
0.4194222390651703
0.49137577414512634
0.34959647059440613
0.1314353048801422
0.02075042389333248
0.0733470618724823
0.02450696751475334
-0.017980732023715973
0.040493760257959366
-0.07800386846065521
-0.013456995598971844
0.01402348279953003
-0.028202315792441368
0.06002650037407875
-0.01576087437570095
-0.045768458396196365
0.020118270069360733
0.02472841925919056
-0.06218751519918442
-0.03638844937086105
-0.034004125744104385
-0.060877781361341476
0.05189746990799904
-0.005693343002349138
-0.030658064410090446
0.020713286474347115
-0.09858610481023788
0.04349437728524208
-0.022145921364426613
0.01621420681476593
0.011763752438127995
-0.014416860416531563
-0.019070640206336975
0.044175829738378525
0.06489427387714386
-0.022138848900794983
-0.09209980815649033
-0.026949794963002205
0.08430144190788269
0.025378433987498283
-0.05206570401787758
-0.006157765630632639
0.013265237212181091
-0.08920012414455414
-0.11533322930335999
0.0011858181096613407
-0.01927284151315689
-0.07959543913602829
0.026285624131560326
0.006438433658331633
-0.018669040873646736
-0.01031393650919199
0.47093692421913147
0.06658156961202621
0.8771645426750183
1.313620924949646
0.4557001292705536
-0.1786862164735794
-0.02282155305147171
0.8778863549232483
0.3598593771457672
-0.016614841297268867
-0.26751187443733215
0.5362926125526428
0.5037981867790222
0.4863503873348236
0.7160011529922485
0.4653118848800659
0.04403878003358841
0.172193706035614
-0.2039247304201126
0.4155140817165375
0.2511449456214905
0.08658470958471298
-0.5706599354743958
-0.4765340983867645
0.2240118533372879
0.13392995297908783
-0.38274720311164856
-0.41484177112579346
0.46691134572029114
0.26279234886169434
0.3075864613056183
0.41943395137786865
-0.009825389832258224
-0.019070051610469818
-0.012307373806834221
0.343386709690094
0.04257732629776001
0.10743533074855804
0.04109560325741768
-0.08467026054859161
0.0953216478228569
0.07931873947381973
-0.5069833993911743
-0.44694843888282776
0.12274279445409775
0.11438563466072083
0.17538398504257202
0.07581896334886551
0.023391932249069214
-0.005600154399871826
-0.03974010422825813
-0.10434886813163757
0.026593467220664024
0.05577465519309044
-0.05160665512084961
0.020482562482357025
-0.003960607573390007
-0.007767887786030769
-0.013176990672945976
-0.043216343969106674
-0.012612474150955677
-0.08107253164052963
0.054190509021282196
-0.014328544959425926
-0.07074922323226929
-0.007462546695023775
-0.01462642289698124
0.2138495147228241
0.20693376660346985
-0.15439775586128235
0.1750120222568512
-0.19850483536720276
0.22284960746765137
0.3134472370147705
0.3985738754272461
-0.11677108705043793
0.5331857800483704
0.5502194166183472
0.403525710105896
0.5765994787216187
0.3610529601573944
0.23128439486026764
0.48694470524787903
1.3084579706192017
0.8233014941215515
0.3386935293674469
0.19243909418582916
1.0238878726959229
0.8939192891120911
0.5020217299461365
0.14659322798252106
0.32462188601493835
1.2733492851257324
0.9919225573539734
1.1271555423736572
1.0245120525360107
-0.028839359059929848
-0.02064843848347664
0.053616009652614594
0.01840263232588768
-0.01872878521680832
-0.003066360019147396
-0.028910428285598755
-0.10215616226196289
0.08755762875080109
-0.054481711238622665
-0.006002673879265785
0.06383327394723892
-0.07493769377470016
0.05530397221446037
0.05121248587965965
0.028486881405115128
0.09290903061628342
0.10156404227018356
0.1877719908952713
0.2716040313243866
0.357340544462204
0.12248092144727707
-0.5037744045257568
-0.20665183663368225
0.3228519856929779
0.2117011994123459
0.08606515824794769
-0.3076835870742798
0.3315829336643219
0.43123164772987366
0.42451995611190796
0.5688219666481018
0.02229142002761364
0.054791539907455444
0.011298371478915215
-0.032726626843214035
-0.01818486675620079
-0.013751549646258354
-0.010102705098688602
0.001030650339089334
0.042240701615810394
0.10198754072189331
-0.031678516417741776
-0.03758374601602554
0.004808587953448296
0.0551019050180912
-0.03191971778869629
0.009072698652744293
0.14329224824905396
0.20662643015384674
0.337245911359787
1.0861574411392212
0.2755228579044342
0.021943224593997
-0.02907264605164528
0.41418084502220154
0.44420018792152405
-0.3273095190525055
-0.19735272228717804
0.07740209251642227
0.6539243459701538
0.41838935017585754
0.3212801516056061
0.4098023772239685
-0.002655793447047472
-0.0062828874215483665
0.07045024633407593
-0.03705035522580147
-0.006663414649665356
-0.051841869950294495
0.07859914749860764
0.002546015428379178
-0.011234566569328308
0.02739138714969158
-0.0026916491333395243
-0.024044392630457878
-0.08774946630001068
-0.01455114409327507
0.04448225349187851
0.03753301501274109
0.23937936127185822
0.20196214318275452
0.3799251317977905
1.4976829290390015
0.5279067754745483
0.14752665162086487
-0.20185784995555878
0.22474831342697144
0.6163357496261597
0.10077965259552002
-0.04409021511673927
0.06162020191550255
0.691010594367981
0.4969637393951416
0.6172319650650024
0.54807049036026
0.4090844690799713
0.32519397139549255
0.2903595566749573
1.0848337411880493
0.44213125109672546
0.0702245831489563
-0.17377960681915283
0.2329372614622116
0.46529415249824524
0.16172145307064056
-0.21879787743091583
-0.4186430275440216
0.3519562780857086
0.19042880833148956
0.5548700094223022
0.48722171783447266
0.17571978271007538
0.11900579929351807
0.341631680727005
1.3727638721466064
0.44378095865249634
0.05106920748949051
0.1222841739654541
0.06010885164141655
0.6645179390907288
0.34537234902381897
0.016986951231956482
0.11834219098091125
0.5428141355514526
0.6375205516815186
0.6315610408782959
0.7408931255340576
0.024256378412246704
-0.04665340855717659
-0.0066897631622850895
-0.04193120449781418
-0.04261871427297592
0.03254405036568642
-0.05335361510515213
-0.007771488279104233
-0.049009960144758224
-0.0018895837711170316
-0.024842210114002228
0.06147560849785805
-0.046978242695331573
0.09365225583314896
0.033865030854940414
-0.07836448401212692
0.16756606101989746
0.1917559653520584
0.43483832478523254
1.173060655593872
0.6183307766914368
0.03205517306923866
-0.008262787945568562
0.2701399326324463
0.6277892589569092
0.27745169401168823
-0.014787079766392708
0.005547649227082729
0.858270525932312
0.657293975353241
0.8206667304039001
0.8260108232498169
-0.08164682984352112
-0.016546903178095818
0.11432226002216339
0.407576322555542
0.03972896561026573
-0.22814548015594482
0.09564505517482758
0.24797937273979187
0.08408767729997635
-0.19912678003311157
-0.3979317843914032
0.1236252561211586
0.024839922785758972
0.09851096570491791
0.14364466071128845
0.1650833636522293
0.024529006332159042
0.07706295698881149
-0.06852104514837265
0.03735100105404854
0.05532194301486015
-0.15606455504894257
-0.4203132092952728
0.16794168949127197
0.01580161787569523
-0.1501869112253189
0.08742248266935349
0.07292133569717407
-0.01216868869960308
-0.02635277435183525
0.04732736200094223
0.07676041126251221
0.04123850539326668
-0.042327772825956345
-0.01586124673485756
0.02224763296544552
0.010617190971970558
-0.06277959793806076
0.06862033903598785
0.013831094838678837
-0.0604705847799778
0.014984105713665485
0.02508910931646824
0.02921304479241371
-0.046333178877830505
-0.0572446770966053
-0.0012183086946606636
-0.045575547963380814
0.2308296114206314
-0.03294838219881058
0.23753191530704498
0.5417652726173401
0.459896445274353
-0.21326470375061035
-0.12848006188869476
-0.22900021076202393
0.4051404595375061
0.24221903085708618
0.06474161148071289
0.07767589390277863
0.4036100208759308
0.6349269151687622
0.7264324426651001
0.8190816640853882
0.4439428448677063
0.41359591484069824
0.5535947680473328
1.1600991487503052
0.42779678106307983
-0.13343748450279236
0.04860980063676834
0.5739783048629761
0.364745169878006
-0.04976089298725128
-0.42128637433052063
0.35916438698768616
0.5679696798324585
0.4875161349773407
0.45124363899230957
0.262506365776062
-0.008835925720632076
0.005459047853946686
0.036662183701992035
0.8098710775375366
0.22127890586853027
-0.022252105176448822
0.21614466607570648
0.19565623998641968
0.23412823677062988
-0.025525331497192383
-0.24802719056606293
-0.3080448806285858
0.2982369065284729
0.2821323871612549
0.47348126769065857
0.08964427560567856
0.01654801145195961
-0.031890131533145905
0.3082638084888458
1.1738598346710205
0.28302210569381714
-0.13087031245231628
-0.09608253091573715
0.28612521290779114
0.4810296297073364
-0.1864277422428131
-0.2511213421821594
-0.4189559817314148
0.4105074107646942
0.2637314796447754
0.43804502487182617
0.32251790165901184
0.3703375458717346
0.21770867705345154
0.5729188919067383
1.01253342628479
0.36806777119636536
0.05870692804455757
0.31589624285697937
0.37618955969810486
0.48586133122444153
-0.1745699942111969
-0.40198183059692383
0.002969019580632448
0.4869934618473053
0.4467985928058624
0.3363780975341797
0.21424172818660736
0.1212361603975296
-0.0008328730473294854
0.010704902932047844
0.9220147132873535
0.2969230115413666
-0.25100648403167725
-0.04222177341580391
0.23906107246875763
0.26503413915634155
-0.15447260439395905
-0.20786671340465546
-0.3625493049621582
0.21055029332637787
0.21461103856563568
0.29963716864585876
0.5038294196128845
0.2455453723669052
0.16790328919887543
0.6980881094932556
1.554290533065796
0.4501124620437622
-0.2116980403661728
0.11965759098529816
0.7926987409591675
0.4692254066467285
-0.06102903187274933
-0.3169892430305481
0.568448007106781
0.5265806317329407
0.576479971408844
0.7244280576705933
0.4654451310634613
0.12135887891054153
0.12342707812786102
-0.14901898801326752
-0.18228137493133545
0.21326720714569092
0.019844861701130867
-0.1863611340522766
-0.659959614276886
0.08014509081840515
0.021524028852581978
0.18398191034793854
0.1526525765657425
0.327044278383255
0.06973574310541153
0.10032744705677032
0.2592461407184601
0.30727988481521606
0.11077594012022018
0.493366539478302
0.8291980624198914
0.6274691224098206
0.1738416701555252
-0.7175884246826172
-0.3322311043739319
0.5596253275871277
0.4416138529777527
-0.05914042890071869
-0.526345431804657
0.554146409034729
0.7193381786346436
0.6091576814651489
0.7814775705337524
0.0979776605963707
0.21494029462337494
0.7992469072341919
1.3467799425125122
0.1891675889492035
0.1925332397222519
0.5644960999488831
0.5969952940940857
0.40017610788345337
-0.2678602337837219
0.03925789147615433
-0.16268563270568848
0.39155104756355286
0.42988234758377075
0.4211541712284088
0.28216108679771423
0.04638003557920456
0.047076091170310974
0.005784992594271898
-0.028847586363554
-0.0749964565038681
-0.015263357199728489
-0.05536254867911339
-0.0024395855143666267
-0.044564347714185715
-0.003175432328134775
0.03477462753653526
0.054749056696891785
0.016275156289339066
0.015681175515055656
-0.03317393362522125
0.026232020929455757
-0.06525450199842453
0.01637718267738819
0.008584605529904366
0.013667992316186428
-0.0076331282034516335
0.04593813419342041
-0.001280869240872562
-0.012211216613650322
0.008899104781448841
-0.0032247481867671013
-0.0362120196223259
-0.04324201121926308
0.05588274076581001
-0.037766143679618835
0.00929965265095234
0.05082090571522713
-0.023441528901457787
0.07498224824666977
-0.0013576969504356384
0.03360319137573242
-0.00043652355088852346
-0.03112640790641308
0.052171096205711365
0.13482779264450073
0.09482789039611816
-0.13666723668575287
0.031961891800165176
0.018492799252271652
-0.006000305060297251
0.058775268495082855
0.03133684769272804
0.02018408104777336
-0.23705747723579407
0.13225945830345154
-0.42819473147392273
0.11972635239362717
0.18902555108070374
0.3055822551250458
-0.6526254415512085
-0.6043508052825928
0.6175410151481628
0.44089195132255554
-0.6200419068336487
-0.5646166205406189
0.13605144619941711
-0.16999806463718414
-0.09813938289880753
0.252938449382782
0.034627292305231094
-0.026998179033398628
-0.07563145458698273
-0.5739318132400513
0.24381564557552338
-0.01349836215376854
0.3919951021671295
0.016153663396835327
0.21481634676456451
0.22500072419643402
0.6052829623222351
0.4444763660430908
-0.3404179811477661
-0.10227110236883163
0.152299702167511
0.41335782408714294
-0.34879904985427856
-0.05598496273159981
-0.24772821366786957
-0.2501550316810608
0.10537721961736679
0.08430587500333786
0.006885742302983999
-0.3419792950153351
0.14260196685791016
-0.01675635762512684
0.531611442565918
0.22990475594997406
0.14862209558486938
0.05515727773308754
0.07865293323993683
0.3827313184738159
-0.024062789976596832
-0.11296901106834412
0.017395008355379105
0.07019273936748505
-0.040020689368247986
0.01670149713754654
0.0026940046809613705
0.05635426193475723
-0.02731781080365181
-0.028805039823055267
0.0395604632794857
-0.06636039167642593
0.020016804337501526
0.002615179168060422
-0.07318704575300217
0.10088612884283066
-0.12909378111362457
-0.21468502283096313
-0.08254847675561905
-0.7255486249923706
0.156035378575325
0.009918085299432278
-0.4631793797016144
-0.223890021443367
0.2853527367115021
0.09100038558244705
-0.013337464071810246
0.3118988871574402
-0.2283722311258316
0.06763483583927155
0.20603002607822418
0.44533246755599976
0.19467441737651825
-0.16710509359836578
-0.15852749347686768
-0.6465257406234741
0.6225451231002808
0.04594488814473152
-0.22928345203399658
-1.0523054599761963
0.7215133905410767
0.2928013503551483
0.2952963709831238
-0.5457639694213867
-0.0057820905931293964
0.30281686782836914
-0.24859324097633362
0.3418675363063812
-0.0642126202583313
0.03410331532359123
0.020631587132811546
-0.027585888281464577
-0.027680736035108566
-0.007071549538522959
0.020518505945801735
0.023537959903478622
-0.052508749067783356
-0.05138999968767166
-0.007421571761369705
0.1145457997918129
-0.05142800137400627
-0.042911019176244736
0.0036836641374975443
0.10879071056842804
-0.13267260789871216
-0.14839047193527222
-0.09083763509988785
-0.3571549355983734
0.28364744782447815
-0.25345054268836975
0.25342220067977905
-0.20324556529521942
0.36430636048316956
0.19472864270210266
0.36566856503486633
0.5179569125175476
-0.5033923387527466
0.04052499309182167
0.16285091638565063
0.5147886276245117
0.03632400929927826
-0.08419231325387955
0.018010884523391724
-0.061115194112062454
-0.10584253817796707
-0.05879450961947441
-0.04852406680583954
0.03794175758957863
-0.06264054775238037
0.008604492992162704
0.10118675231933594
0.020706525072455406
-0.021755943074822426
-0.0064950124360620975
-0.017484256997704506
-0.007942035794258118
0.006423531100153923
-0.062144119292497635
-0.1857961267232895
0.1796732246875763
0.025090578943490982
-0.0460880808532238
0.05087394267320633
-0.6713150143623352
0.5636177062988281
0.5346070528030396
-0.21939224004745483
-0.1371729075908661
-0.05547555536031723
-0.14755931496620178
0.13921798765659332
0.5035030245780945
0.037630174309015274
-0.007681649643927813
0.061071448028087616
0.057742826640605927
-0.004567342810332775
2.3733250600344036e-06
-0.015230781398713589
-0.048758577555418015
0.04292823374271393
-0.039684150367975235
0.014171579852700233
-0.021616194397211075
-0.02481936663389206
0.011044339276850224
0.04457755759358406
0.01742984727025032
0.016181254759430885
0.004028364550322294
0.2902621626853943
0.08393549919128418
0.15627673268318176
-0.0811944380402565
0.14015212655067444
-0.6035426259040833
0.5747774839401245
0.17465776205062866
0.08062899857759476
-0.10009708255529404
0.15523682534694672
-0.2129964977502823
-0.16692699491977692
0.04797174409031868
0.058143552392721176
0.10920658707618713
0.26068711280822754
-0.04587680846452713
0.23447191715240479
0.06779889762401581
-0.14613750576972961
-0.6863504648208618
0.5167577266693115
0.15739944577217102
0.2773970067501068
0.04388066381216049
0.31303927302360535
0.2219802737236023
0.3604184687137604
0.27927032113075256
0.24540698528289795
-0.2336333990097046
0.00014593973173759878
-0.2897525429725647
0.42819446325302124
-0.15366899967193604
-0.47270840406417847
-0.5921550989151001
0.6390863060951233
-0.05223764479160309
0.31281259655952454
-0.03746321052312851
0.025936709716916084
-0.18271249532699585
-0.06162554398179054
0.35595253109931946
0.022252289578318596
-0.00659380666911602
0.0005994678940623999
-0.03547701612114906
0.061560533940792084
-0.011063510552048683
0.018506024032831192
0.02711520344018936
-0.009643223136663437
-0.04929577559232712
0.06551475077867508
0.016402937471866608
-0.030487319454550743
0.013326194137334824
-0.08092112839221954
0.053544897586107254
0.037557754665613174
-0.10301926732063293
0.20595987141132355
-0.18114392459392548
0.18246674537658691
-0.12098196148872375
-0.35741135478019714
-0.4659659266471863
0.5954654812812805
-0.10432129353284836
0.30491286516189575
0.026154279708862305
-0.005843693390488625
0.034757100045681
-0.10516050457954407
0.4343765676021576
-0.06425584852695465
0.0539977140724659
0.058222446590662
-0.08246344327926636
0.2178478091955185
-0.050699785351753235
-0.07812690734863281
-0.4169245660305023
0.05158061534166336
0.3961416780948639
0.13887397944927216
-0.024005591869354248
0.14902116358280182
0.20436298847198486
0.06028143689036369
-0.04968196526169777
0.29309943318367004
0.02496347576379776
-0.0420713797211647
-0.22293387353420258
-0.017859064042568207
0.09911970794200897
0.4737180173397064
-0.03736837953329086
-0.06503555923700333
0.07478658109903336
0.19770386815071106
-0.013572374358773232
-0.06866349279880524
0.17456978559494019
-0.03290519118309021
0.09638406336307526
-0.00927022099494934
0.010122999548912048
0.053335946053266525
0.07034625858068466
-0.012006393633782864
-0.00980695802718401
0.02583700232207775
0.04589272290468216
-0.0016089444980025291
0.014089332893490791
0.04731850326061249
-0.011653049848973751
0.05118774250149727
-0.008362502790987492
0.012562897056341171
-0.06215421482920647
-0.11092816293239594
-0.17125196754932404
0.11019641160964966
-0.799826979637146
0.49517321586608887
-0.047066427767276764
0.11422047764062881
-0.3648723065853119
0.6064274311065674
0.1713903844356537
-0.06416302919387817
0.025370726361870766
-0.6114836931228638
0.2571205496788025
0.3623812794685364
0.7286344170570374
-0.11585749685764313
0.2452184557914734
-0.06885184347629547
0.41872432827949524
0.19862838089466095
0.5142832398414612
-0.40732741355895996
-0.2763672471046448
0.5253437757492065
0.45529428124427795
-0.04637867212295532
-0.35679250955581665
0.3241829574108124
-0.12405184656381607
0.2369793951511383
0.41776731610298157
-0.3069049119949341
-0.029690798372030258
-0.10676880180835724
-0.19177578389644623
-0.10995565354824066
-0.18677832186222076
-0.008084259927272797
-0.3866180181503296
0.27446016669273376
0.18032222986221313
0.2983238399028778
-0.07381661236286163
0.3186783492565155
0.006827210541814566
-0.24676281213760376
0.13565663993358612
-0.30384713411331177
0.01559365727007389
0.09147437661886215
-0.26250770688056946
-0.01970437541604042
0.1861046701669693
0.3443804085254669
-0.5173484086990356
0.36963987350463867
0.19836513698101044
0.6840450763702393
0.2651515305042267
0.349521666765213
0.02018250897526741
-0.2723507285118103
0.33509162068367004
0.043285537511110306
0.14726409316062927
-0.02916768006980419
0.6112128496170044
-0.15944363176822662
0.04668322578072548
-0.38111361861228943
-0.4379798471927643
0.34357672929763794
0.511897087097168
-0.26874712109565735
-0.23026905953884125
0.24279578030109406
-0.15545272827148438
0.08808625489473343
0.07746687531471252
-0.12825314700603485
0.02374337427318096
0.029557082802057266
-0.39816170930862427
0.04947048798203468
-0.005154907237738371
-0.4340515434741974
-0.6993148922920227
0.1724032610654831
0.24837887287139893
0.4580438733100891
-0.0200031790882349
0.17746518552303314
0.05338127166032791
0.0415249802172184
0.35985714197158813
-0.2083466351032257
0.007504807319492102
-0.36740192770957947
-0.08156229555606842
0.2039536088705063
0.28162825107574463
-0.8440423607826233
-0.591097354888916
0.570674479007721
0.417758047580719
-0.9071829319000244
-0.49449634552001953
0.19803635776042938
-0.19000864028930664
0.05146688222885132
0.5335628390312195
0.4167090952396393
0.01714181713759899
-0.0640578344464302
-0.0009007693734019995
0.16415588557720184
0.06773778796195984
0.2790989875793457
0.5210978388786316
0.17349694669246674
0.145970419049263
0.2432682365179062
0.05867234244942665
-0.49521416425704956
-0.11011628061532974
0.1909024715423584
0.17155934870243073
0.1562444269657135
-0.11140649765729904
0.30354246497154236
-0.3523121774196625
0.5840385556221008
0.029453830793499947
0.40779009461402893
-0.3387337028980255
0.6814534068107605
0.17464512586593628
0.6885227560997009
0.3346940875053406
-0.3143162429332733
0.21723437309265137
0.43070048093795776
0.48440563678741455
-0.14442941546440125
0.13379955291748047
0.1571425497531891
0.43927159905433655
-0.11020009964704514
0.0013922358630225062
-0.4720265567302704
-0.7188728451728821
0.6421175003051758
0.1953938603401184
-0.5000048279762268
-0.3394112288951874
0.4401138424873352
-0.012946339324116707
-0.017270365729928017
0.25779739022254944
-0.06576316803693771
-0.05674819275736809
0.0038376743905246258
-0.046378474682569504
0.0833539143204689
0.02399182692170143
-0.06558764725923538
-0.01170705072581768
-0.03240017965435982
0.03693796321749687
0.011891086585819721
-0.005579507909715176
-0.05829205736517906
0.0029842799995094538
-0.037908606231212616
0.010090363211929798
-0.050460297614336014
0.019703291356563568
0.07953763753175735
-0.01621519960463047
-0.08851775527000427
0.018451478332281113
0.017122097313404083
-0.030153261497616768
-0.04254179820418358
0.026278620585799217
0.04011595994234085
0.04866527020931244
0.007390292827039957
0.02775494009256363
0.049336325377225876
0.018801365047693253
-0.022605830803513527
-0.00021990214008837938
-0.004913687240332365
-0.04656878486275673
-0.0016353788087144494
0.030059324577450752
-0.03358534723520279
0.007372118998318911
0.05966322124004364
0.03944655507802963
-0.015762774273753166
0.013345790095627308
0.05086857080459595
-0.05846162512898445
0.01816270872950554
0.028500549495220184
0.40894606709480286
0.16009385883808136
0.8925188779830933
1.3400707244873047
0.4894622266292572
-0.12074316293001175
-0.2533399760723114
0.9543977379798889
0.41935867071151733
-0.1676837056875229
-0.27347806096076965
0.7068890333175659
0.5377582311630249
0.519250750541687
0.6876946687698364
0.36403709650039673
0.13191375136375427
0.1255323886871338
-0.028609491884708405
0.4711591899394989
0.14338745176792145
0.10038792341947556
-0.505133330821991
-0.23807568848133087
0.2470122128725052
0.1712638884782791
-0.2563548982143402
-0.2316831350326538
0.47665563225746155
0.30023837089538574
0.23360754549503326
0.3220862150192261
0.028193093836307526
-0.04846096783876419
-0.0248500257730484
0.3083922266960144
0.04274941608309746
0.15193435549736023
-0.028759170323610306
-0.036646369844675064
0.1306581050157547
0.0456823892891407
-0.49809110164642334
-0.1947794407606125
0.018239188939332962
0.13137458264827728
0.22907163202762604
0.11895724385976791
0.025667350739240646
0.06867855787277222
-0.0016958016203716397
-0.08835040032863617
-0.06499797105789185
0.055833008140325546
0.030530817806720734
-0.01764810085296631
0.036731600761413574
0.031119154766201973
0.05146260932087898
-0.05242832750082016
0.03479871153831482
0.0050378465093672276
0.015255304053425789
0.04067112132906914
0.022466814145445824
0.015055349096655846
-0.04716469720005989
0.286465048789978
0.19436734914779663
-0.2094215750694275
0.08450458198785782
-0.1357654631137848
0.25737157464027405
0.16817860305309296
0.24675427377223969
-0.035067059099674225
0.5952418446540833
0.47014716267585754
0.42667675018310547
0.6589078903198242
0.41152408719062805
0.22705814242362976
0.5124235153198242
1.442807674407959
0.8583027720451355
0.2979499101638794
0.07510890811681747
1.1962858438491821
0.8976268768310547
0.46687445044517517
-0.03690345585346222
0.8479725122451782
1.2412209510803223
1.002731442451477
0.8338316679000854
1.1157487630844116
0.12296469509601593
0.030396707355976105
-0.03992055729031563
-0.013466594740748405
0.04981909692287445
-0.06486179679632187
0.023496730253100395
-0.059669364243745804
-0.01968453824520111
-0.0661291554570198
-0.001207552501000464
0.05190374702215195
-0.016228288412094116
0.021063679829239845
-0.0490015484392643
-0.023831281810998917
0.17365433275699615
0.107195645570755
0.10911627113819122
0.2556765377521515
0.37207290530204773
0.1004292443394661
-0.3978336751461029
-0.15993930399417877
0.2555640935897827
0.19795113801956177
-0.06660974025726318
-0.24874168634414673
0.3674628734588623
0.455934077501297
0.36178380250930786
0.5522971153259277
-0.04753025248646736
0.008308016695082188
-0.0064134178683161736
-0.06659456342458725
0.015794886276125908
-0.03531156852841377
0.010507890023291111
-0.05140160396695137
-0.009296451695263386
-0.05775744467973709
0.011943518184125423
-0.08522382378578186
0.005306962411850691
-0.04540719464421272
-0.0043198904022574425
-0.007004927843809128
0.24227607250213623
0.2895783483982086
0.3659404516220093
1.1388856172561646
0.42413395643234253
0.09013921022415161
-0.2916158139705658
0.42118582129478455
0.33795642852783203
-0.2640879154205322
-0.3162449896335602
0.2859104871749878
0.6722004413604736
0.2887267470359802
0.3747316598892212
0.43676525354385376
-0.07827221602201462
-0.05950886756181717
0.07995916903018951
0.02775547280907631
0.0530717596411705
0.02102315053343773
-0.012729576788842678
-0.03239978104829788
0.060358647257089615
-0.014692720025777817
-0.033022746443748474
-0.03021266683936119
-0.03969557583332062
-0.026889659464359283
-0.039823632687330246
-0.040073346346616745
0.3792131841182709
0.32293501496315
0.27849888801574707
1.543967843055725
0.513761579990387
0.2780582904815674
-0.2997640371322632
0.309592068195343
0.5938660502433777
0.1330469697713852
-0.09933700412511826
0.633854866027832
0.7310051918029785
0.4489813446998596
0.47681307792663574
0.5336876511573792
0.44698208570480347
0.29639482498168945
0.30898189544677734
1.083032250404358
0.4539113938808441
-0.04077606275677681
-0.15347953140735626
0.2698821723461151
0.40787413716316223
0.17062745988368988
-0.1443224847316742
0.19137540459632874
0.350740522146225
0.17513824999332428
0.5391668081283569
0.4659598469734192
0.2339882105588913
0.16590069234371185
0.3089612126350403
1.2982999086380005
0.5252708196640015
0.09592793881893158
0.07953940331935883
0.204734206199646
0.6205688714981079
0.30570828914642334
-0.054562006145715714
0.5544196367263794
0.5267459154129028
0.725737988948822
0.5571309328079224
0.7747030854225159
-0.0036095287650823593
0.03439677879214287
-0.005494636949151754
0.053285151720047
-0.035206396132707596
-0.03257308527827263
0.028045395389199257
0.011573654599487782
-0.05394550412893295
-0.025068344548344612
-0.024145949631929398
-0.00675641093403101
-0.06699403375387192
0.017838502302765846
0.0926334485411644
-0.026148322969675064
0.3530837595462799
0.1293063908815384
0.48018577694892883
1.1249639987945557
0.591335654258728
-0.010490094311535358
-0.10193497687578201
0.42372459173202515
0.6509329080581665
0.33994632959365845
-0.07928256690502167
0.5128910541534424
0.7883746027946472
0.6131671667098999
0.6309034824371338
0.875377893447876
-0.04322921112179756
-0.009250957518815994
0.0987551212310791
0.3440849184989929
0.029479051008820534
-0.20848487317562103
0.05121389031410217
0.18911004066467285
0.07930395007133484
-0.07960042357444763
-0.643538236618042
-0.05753559619188309
0.06713774800300598
0.017672503367066383
0.11303560435771942
0.03585067018866539
0.06847484409809113
0.10598383843898773
-0.09653221815824509
0.1094779297709465
-0.02411646768450737
-0.0955052301287651
-0.3363691568374634
0.03453101962804794
0.07193837314844131
-0.025314779952168465
-0.05227651074528694
0.02505982108414173
-0.056941866874694824
-0.05693226680159569
0.07320103049278259
0.13898780941963196
-0.0019315530080348253
-0.0034187629353255033
0.00215806788764894
-0.004988586064428091
0.05822058767080307
-0.025490153580904007
0.10430653393268585
-0.05528397858142853
0.019334079697728157
0.016689274460077286
-0.019240528345108032
0.017444519326090813
-0.023809093981981277
0.08346287906169891
-0.01605585403740406
-0.0004500179784372449
0.15728002786636353
-0.006876236293464899
0.30283674597740173
0.4549225866794586
0.48573264479637146
-0.16898036003112793
-0.32882267236709595
-0.02915085293352604
0.43999049067497253
0.2824435830116272
0.10564431548118591
0.25018829107284546
0.3168145418167114
0.654669463634491
0.6718494296073914
0.7161527276039124
0.3967045247554779
0.41211965680122375
0.6180819869041443
1.145879864692688
0.35945650935173035
-0.04855348542332649
-0.34865686297416687
0.5315767526626587
0.3892090320587158
0.03412730619311333
-0.5244605541229248
0.37021684646606445
0.49996429681777954
0.27448344230651855
0.4116285741329193
0.3094222843647003
-0.009529907256364822
0.02011851966381073
-0.04811757430434227
0.856910765171051
0.17832227051258087
0.047243788838386536
0.11355432122945786
0.22854261100292206
0.2662157416343689
-0.11112410575151443
-0.27744922041893005
-0.049011144787073135
0.2729862332344055
0.11928374320268631
0.195131316781044
0.2429216504096985
0.1098160669207573
0.11395920813083649
0.2275024652481079
1.1174579858779907
0.19967150688171387
-0.13333716988563538
0.006435399409383535
0.35942602157592773
0.35769304633140564
-0.060383815318346024
-0.47838157415390015
-0.1871163696050644
0.3081034719944
0.2261820137500763
0.3495838940143585
0.2921806871891022
0.38473084568977356
0.17319989204406738
0.5137375593185425
0.9540423154830933
0.3426043689250946
0.029119359329342842
0.19701223075389862
0.3421633243560791
0.4784122705459595
-0.2035171389579773
-0.5029268264770508
0.20883828401565552
0.3998633921146393
0.2374880611896515
0.19751328229904175
0.0992494747042656
0.21039679646492004
-0.028523504734039307
0.07372012734413147
0.9860323667526245
0.28634756803512573
-0.25173065066337585
0.005706267897039652
0.35456013679504395
0.24174068868160248
-0.04024756699800491
-0.32632142305374146
-0.1362324059009552
0.21968381106853485
0.3280550539493561
0.28110072016716003
0.3747411370277405
0.21373726427555084
0.04913977161049843
0.8251687288284302
1.508257269859314
0.4792793393135071
-0.19014707207679749
-0.10622497648000717
0.731193482875824
0.3807215094566345
0.026062047109007835
-0.14814819395542145
0.7210608124732971
0.4799874722957611
0.6399571895599365
0.6373159289360046
0.48462241888046265
0.06554277241230011
0.08833112567663193
-0.10483156889677048
-0.19803109765052795
0.1728346347808838
0.09299451112747192
0.07711876183748245
-0.5281665325164795
0.0708911269903183
-0.07224690169095993
0.14766517281532288
0.15922048687934875
0.2604360282421112
0.10408208519220352
0.224096417427063
0.2199593484401703
0.41904932260513306
0.22858008742332458
0.42020440101623535
0.8969451785087585
0.5843342542648315
0.16179251670837402
-0.6183565855026245
-0.22306488454341888
0.6380093693733215
0.5323281288146973
-0.2079831063747406
-0.28056269884109497
0.5727372169494629
0.747280478477478
0.47123879194259644
0.7213989496231079
0.02940470166504383
0.31254276633262634
0.6690500974655151
1.271030068397522
0.1905554234981537
0.16866597533226013
0.4685310423374176
0.64410400390625
0.3062990605831146
-0.27485084533691406
0.11182130128145218
0.37966832518577576
0.4290885329246521
0.3210810720920563
0.40178382396698
0.20794855058193207
-0.01827237941324711
-0.013821172527968884
-0.05500686168670654
0.03257281333208084
-0.03817988187074661
-0.014411947689950466
0.022236015647649765
0.01421589870005846
-0.04560510814189911
0.013614767231047153
0.027048977091908455
0.011900928802788258
0.03790503740310669
-0.03715064376592636
-0.05160722881555557
-0.013850140385329723
0.02825646661221981
0.07678219676017761
-0.006344727240502834
0.07187569886445999
0.08230872452259064
0.043510910123586655
-0.05503079667687416
-0.01601480133831501
-0.019636912271380424
0.0317271426320076
-0.0004653403302654624
0.03006279096007347
0.02616417594254017
0.01400439627468586
0.029347358271479607
-0.03250609710812569
-0.04552476853132248
0.0010650010081008077
-0.02035091258585453
-0.013615645468235016
0.04422271251678467
-0.01014039944857359
-0.05785185843706131
-0.007780307903885841
-0.03916236758232117
0.004123831167817116
-0.003016353351995349
-0.002840931061655283
0.0037590675055980682
-0.018143203109502792
0.006901978515088558
0.05615469440817833
0.3775286376476288
0.08658847957849503
0.7785850763320923
1.3980792760849
0.4792224168777466
-0.07749411463737488
-0.2824878990650177
0.960942268371582
0.3660653233528137
0.003062615869566798
-0.25400516390800476
0.3979075849056244
0.5384426116943359
0.4807773232460022
0.6567756533622742
0.37901660799980164
0.22443990409374237
0.14204908907413483
-0.1098007932305336
0.4132087826728821
0.24881413578987122
0.07764651626348495
-0.4804007112979889
-0.2956863343715668
0.28526294231414795
0.10689488053321838
-0.2175324261188507
-0.34354785084724426
0.5238066911697388
0.2787878215312958
0.25680187344551086
0.3320160508155823
0.035200297832489014
-0.009010306559503078
0.01822429895401001
0.4119921326637268
0.1117498129606247
0.16289067268371582
-0.06124833598732948
-0.03398790955543518
0.012451178394258022
0.04664802551269531
-0.5516778826713562
-0.31833702325820923
0.16262207925319672
0.12019003927707672
0.21446628868579865
0.16336363554000854
0.004786687437444925
0.05941396579146385
-0.017643244937062263
-0.03683317080140114
0.019868046045303345
-0.056468021124601364
-0.04081178829073906
-0.06333912909030914
0.006082851905375719
0.040776584297418594
0.02902909927070141
-0.02460659109055996
-0.010516581125557423
-0.018287815153598785
0.049777306616306305
-0.016169313341379166
0.03324834257364273
-0.005928597413003445
-0.06667497009038925
0.29882556200027466
0.22687304019927979
-0.1833694577217102
0.11618413031101227
-0.1579936444759369
0.2787685990333557
0.12698645889759064
0.35834017395973206
-0.01162690855562687
0.6489610075950623
0.46836352348327637
0.439653605222702
0.6537066102027893
0.3258853852748871
0.1671726107597351
0.5197253823280334
1.2752468585968018
0.7973562479019165
0.31466618180274963
0.08602429181337357
0.979349672794342
0.8998275995254517
0.484169602394104
0.005699872504919767
0.7548052072525024
1.2538496255874634
1.0549217462539673
0.8578665852546692
1.056342601776123
0.0733964741230011
0.01009258534759283
0.04987766966223717
0.04420383647084236
0.08206373453140259
0.026543717831373215
-0.02830919809639454
-0.022376755252480507
-0.11850091069936752
0.004480928182601929
-0.025330925360322
0.015421961434185505
0.08244207501411438
0.012337728403508663
0.07471122592687607
-0.06312160938978195
0.0638531744480133
0.13733717799186707
0.12154863029718399
0.15407094359397888
0.3377303183078766
0.055737197399139404
-0.44970327615737915
-0.24577949941158295
0.2570047974586487
0.193593829870224
-0.06132237985730171
-0.35492998361587524
0.30854538083076477
0.4690934121608734
0.4257548451423645
0.612054705619812
0.00830021221190691
-0.049534425139427185
-0.021148012951016426
0.028532736003398895
0.007043051533401012
-0.012463514693081379
-0.02427656389772892
-0.03103877790272236
0.05174016207456589
-0.07420552521944046
0.08730223029851913
-0.04158234968781471
-0.04393288493156433
0.009832849726080894
0.06545945256948471
0.05077008157968521
0.14112317562103271
0.2953082025051117
0.33644911646842957
1.0017679929733276
0.2546737492084503
0.06481993198394775
-0.3208554685115814
0.48380646109580994
0.38230830430984497
-0.22079403698444366
-0.17386604845523834
0.1633799970149994
0.6683658361434937
0.3402833640575409
0.2909806966781616
0.3809250295162201
-0.031359583139419556
0.13507166504859924
-0.05114159733057022
0.04778962954878807
-0.041119467467069626
0.06585749983787537
-0.0032292595133185387
0.057991158217191696
0.002758899237960577
-0.047499701380729675
0.01612461917102337
-0.007985309697687626
-0.06282191723585129
0.00483854953199625
0.040355097502470016
-0.03799862042069435
0.3746435046195984
0.26935502886772156
0.3561142683029175
1.5613430738449097
0.517825186252594
0.09715615957975388
-0.301581472158432
0.3406408727169037
0.5756984949111938
0.1768379509449005
-0.09568209946155548
0.4620048403739929
0.6612732410430908
0.4730396866798401
0.6191892027854919
0.6716881990432739
0.35061371326446533
0.29019030928611755
0.3245690166950226
1.1234042644500732
0.3703230023384094
-0.14124929904937744
-0.27230343222618103
0.19489838182926178
0.433899462223053
0.2053256630897522
-0.26113346219062805
0.06890983879566193
0.3076294958591461
0.3093130886554718
0.6159464120864868
0.5313664078712463
0.2420479953289032
0.19846798479557037
0.3527557849884033
1.2508169412612915
0.41195857524871826
-0.05112775042653084
0.0898638367652893
0.053348395973443985
0.5667704343795776
0.26050832867622375
-0.031837332993745804
0.5828278064727783
0.4990006387233734
0.7208579182624817
0.6389384865760803
0.7549123167991638
0.020977690815925598
0.0337274931371212
0.05462249368429184
0.00531628355383873
0.012279517948627472
0.010784367099404335
-0.04899902269244194
0.011130757629871368
-0.011490818113088608
-0.011689755134284496
-0.021918034180998802
-0.031723037362098694
0.050258927047252655
-0.08560565114021301
0.018050914630293846
-0.030293451622128487
0.268844336271286
0.11625658720731735
0.39582186937332153
1.1159025430679321
0.5718119740486145
-0.041636910289525986
-0.03207100182771683
0.38294389843940735
0.715835690498352
0.3274434208869934
-0.1195601150393486
0.3484964668750763
0.7010233402252197
0.595279335975647
0.719377338886261
0.790316641330719
-0.08563319593667984
0.05881086736917496
0.10505111515522003
0.4025139808654785
0.10006280243396759
-0.1912711262702942
0.07443096488714218
0.2607160210609436
0.041804101318120956
-0.16140727698802948
-0.586360514163971
-0.05177119001746178
-0.007289968430995941
0.05609557405114174
0.10792139172554016
0.09942626953125
0.04646114259958267
0.03788502514362335
-0.03168155997991562
0.07375366985797882
0.06041906028985977
-0.1376888006925583
-0.4492626488208771
0.05096435546875
0.055517155677080154
-0.129787877202034
0.014785341918468475
-0.0010473834117874503
-0.1068706065416336
-0.0511384941637516
0.11406977474689484
0.07669675350189209
-0.044496066868305206
-0.009515094570815563
-0.006127303000539541
0.07684793323278427
-0.026062697172164917
0.036019183695316315
0.05668181553483009
-0.016749029979109764
-0.005501721519976854
-0.07344184815883636
-0.04022066667675972
0.04499892145395279
0.02245139144361019
-0.0100997444242239
-0.03283943608403206
-0.10556542873382568
0.19898854196071625
0.05718076974153519
0.2420375496149063
0.47132524847984314
0.5387232303619385
-0.1077105700969696
-0.3910038471221924
0.06723177433013916
0.4363517463207245
0.16245481371879578
-0.01118134893476963
0.09676872193813324
0.3506339490413666
0.6560563445091248
0.6838170289993286
0.7618541121482849
0.4432538151741028
0.47036266326904297
0.6338637471199036
1.0819052457809448
0.44834664463996887
-0.08138040453195572
-0.2516285181045532
0.5863465070724487
0.4027346074581146
0.0912274643778801
-0.45209598541259766
0.3049885034561157
0.4429032504558563
0.43452391028404236
0.41043832898139954
0.36927318572998047
0.07585904747247696
0.049891211092472076
0.07827344536781311
0.868392825126648
0.17786844074726105
0.06633823364973068
0.21201103925704956
0.1261153370141983
0.30400463938713074
-0.11251840740442276
-0.37589120864868164
-0.07455340772867203
0.3021637499332428
0.2289707511663437
0.2589031159877777
0.11080087721347809
0.04060551896691322
0.06262849271297455
0.19748790562152863
1.0674660205841064
0.1857513189315796
-0.14921483397483826
-0.11819392442703247
0.18606989085674286
0.30076122283935547
-0.1708274483680725
-0.3473278284072876
-0.25518426299095154
0.3561461865901947
0.3182835876941681
0.3483048975467682
0.27971193194389343
0.3257003724575043
0.2674327492713928
0.5867883563041687
0.9788841605186462
0.38029348850250244
0.1474059671163559
0.11178726702928543
0.426263689994812
0.44216737151145935
-0.12142614275217056
-0.4027867019176483
0.1512058824300766
0.4220532774925232
0.21196138858795166
0.30888256430625916
0.18700948357582092
0.14601391553878784
0.0004004628281109035
0.09967891871929169
0.9543720483779907
0.27429652214050293
-0.23301537334918976
-0.07263150066137314
0.09033077210187912
0.39476507902145386
-0.036749981343746185
-0.2951870858669281
-0.16083337366580963
0.22322982549667358
0.26900410652160645
0.27952268719673157
0.3421096205711365
0.23481670022010803
0.2394641637802124
0.6388271450996399
1.5490303039550781
0.44267305731773376
-0.06286583095788956
-0.006217622198164463
0.8480879068374634
0.4027937948703766
0.017333298921585083
-0.2548690140247345
0.5401050448417664
0.5677782893180847
0.5408137440681458
0.6753244996070862
0.4038579761981964
0.13518626987934113
0.03795839846134186
-0.19469554722309113
-0.2190599888563156
0.22678740322589874
0.14809800684452057
0.00322244712151587
-0.652125895023346
-0.009656812995672226
-0.029372580349445343
0.1503172665834427
0.09198268502950668
0.3832898736000061
0.19442017376422882
0.10805529356002808
0.1554555594921112
0.2118760645389557
0.07862796634435654
0.5197843909263611
0.8797764182090759
0.5751857757568359
0.12875285744667053
-0.5006815195083618
-0.20230428874492645
0.6306868195533752
0.5834242701530457
-0.2390543520450592
-0.25153493881225586
0.5296646952629089
0.7073964476585388
0.5271163582801819
0.749930739402771
0.15052539110183716
0.10100337862968445
0.6665962338447571
1.3171210289001465
0.24128510057926178
0.1461547315120697
0.3882705867290497
0.505730152130127
0.4612966477870941
-0.26547691226005554
0.10300461202859879
0.2560115158557892
0.3942590355873108
0.4060785472393036
0.5143177509307861
0.2347540706396103
-0.02224704436957836
-0.01598159410059452
0.02806120179593563
-0.015778470784425735
-0.04760291054844856
-0.01054779440164566
-0.09068900346755981
0.002196351531893015
-0.06084129959344864
-0.056778647005558014
0.01425081491470337
0.04404009133577347
-0.05086980760097504
0.06217866390943527
0.006004834081977606
-0.0011865206761285663
0.060000717639923096
-0.023079421371221542
0.05333369970321655
0.04759492352604866
0.03986518457531929
0.040747106075286865
-0.03579820320010185
0.05394132807850838
-0.04012133181095123
-0.014819575473666191
0.040247827768325806
0.030872294679284096
-0.028737161308526993
0.07877358794212341
0.023249194025993347
-0.055034589022397995
0.052199576050043106
0.009550428949296474
0.03088587149977684
-0.024266140535473824
0.10805124044418335
-0.014926156029105186
-0.0008952464559115469
-0.08044832944869995
0.04777737334370613
0.05791410058736801
-0.021265987306833267
0.03322223946452141
0.04811037331819534
0.008744286373257637
-0.0018210485577583313
-0.004660729318857193
-0.2550131678581238
-0.12307463586330414
-0.840972363948822
-1.6195319890975952
-0.4418846070766449
-0.1382647454738617
-0.6733259558677673
-0.9095554947853088
-0.3345434367656708
-0.09339801967144012
-0.6698282957077026
-0.5351120829582214
-0.6469907760620117
-0.6134266257286072
-0.816796064376831
-0.45676547288894653
-0.16806663572788239
-0.0764748752117157
-0.032857444137334824
-0.4730928838253021
-0.33753663301467896
-0.1375657618045807
0.28749218583106995
0.13224713504314423
-0.4105008542537689
-0.09494103491306305
0.3130684494972229
0.18079549074172974
-0.4415326714515686
-0.23313765227794647
-0.3475375175476074
-0.5995407700538635
-0.007817871868610382
-0.04789643734693527
0.033284835517406464
-0.4675998091697693
-0.2080712765455246
-0.15388889610767365
-0.09797476977109909
-0.09524813294410706
-0.25746893882751465
-0.08178891986608505
0.38322579860687256
0.05179387331008911
-0.013873958960175514
-0.0723215863108635
-0.26618462800979614
-0.2520725429058075
0.030104823410511017
-0.018545612692832947
-0.015461171977221966
0.053515058010816574
0.0247671939432621
-0.01189902052283287
0.04172002151608467
0.043250322341918945
-0.0031004780903458595
0.06352968513965607
-0.0807085782289505
0.07506123930215836
0.013340216130018234
0.02202601172029972
0.015331350266933441
-0.02805354818701744
-0.07325395196676254
-0.20534364879131317
-0.14671145379543304
-0.49236729741096497
-0.2668183147907257
-0.12066414207220078
-0.4239792823791504
0.013242348097264767
-0.2506064474582672
-0.2135438323020935
-0.262010782957077
-0.0946161299943924
-0.43507757782936096
-0.36843881011009216
-0.667111873626709
-0.6891914010047913
-0.5709142684936523
-0.28899621963500977
-0.5833626389503479
-1.4822273254394531
-0.7854556441307068
-0.2772131562232971
-0.7598258256912231
-0.9542711973190308
-0.8965919017791748
-0.5122489929199219
-0.3883819878101349
-1.0119295120239258
-1.3937113285064697
-0.8972101211547852
-1.191437005996704
-1.093579888343811
-0.013436177745461464
-0.02196379378437996
0.007677672430872917
-0.002836216241121292
0.03922798112034798
-0.028988663107156754
-0.015822812914848328
0.015583743341267109
-0.01659754104912281
0.018961166962981224
-0.07931588590145111
0.03924935311079025
0.00034060829784721136
-0.03638245537877083
0.08160966634750366
0.03838735446333885
-0.20625445246696472
-0.16277331113815308
-0.2784998416900635
-0.5236068964004517
-0.4240235686302185
-0.12440931051969528
0.2059222012758255
-0.03870922327041626
-0.413904070854187
-0.08350232988595963
0.1338154524564743
0.2109740674495697
-0.27981579303741455
-0.4094485640525818
-0.5055078268051147
-0.7415697574615479
0.0139921260997653
0.018006933853030205
0.025729460641741753
-0.032623905688524246
3.606619202400907e-06
-0.03164362534880638
-0.014307977631688118
-0.01039078924804926
0.014773941598832607
-0.05397951230406761
-0.0021436873357743025
0.06351961195468903
-0.024396834895014763
0.0213084127753973
-0.051799945533275604
0.12406501173973083
-0.22947777807712555
-0.20636267960071564
-0.34070438146591187
-1.2718584537506104
-0.4771248400211334
-0.1468648910522461
-0.06153189018368721
-0.6110308766365051
-0.5055815577507019
0.030825039371848106
-0.4449706971645355
-0.5056355595588684
-0.5945070385932922
-0.5338021516799927
-0.6078663468360901
-0.6124932169914246
0.026280947029590607
-0.04444519057869911
0.045891888439655304
-0.0056939497590065
-0.049871768802404404
-0.053546395152807236
-0.02259582094848156
0.03097127564251423
0.04428670555353165
-0.05089486762881279
0.012368571013212204
-0.11759137362241745
-0.05259284749627113
0.03443240001797676
0.008601030334830284
0.011530093848705292
-0.3873468041419983
-0.23437677323818207
-0.34628838300704956
-1.6815426349639893
-0.5162033438682556
-0.24894116818904877
-0.1817745715379715
-0.33751189708709717
-0.6121457815170288
-0.09284570068120956
-0.44221043586730957
-0.6312074065208435
-0.7087617516517639
-0.4485444724559784
-0.8123731017112732
-0.7371709942817688
-0.3223533630371094
-0.13813985884189606
-0.4895147383213043
-1.2921087741851807
-0.45031288266181946
0.04173237830400467
-0.22374382615089417
-0.4710842967033386
-0.5106773376464844
-0.11268701404333115
-0.053188011050224304
-0.2798163890838623
-0.5321488976478577
-0.3384488523006439
-0.7681537866592407
-0.5679523348808289
-0.4108143746852875
-0.15300509333610535
-0.5132578015327454
-1.3764911890029907
-0.5631627440452576
-0.29951706528663635
-0.6382739543914795
-0.26904332637786865
-0.6539252996444702
-0.32244622707366943
-0.15856364369392395
-0.5494946241378784
-0.5785340666770935
-0.5126416683197021
-0.7494761347770691
-0.7197940349578857
-0.0016645208233967423
-0.05168319493532181
-0.030163826420903206
0.004852087236940861
-0.01691305637359619
-0.03148268535733223
0.005657817702740431
0.04243874549865723
-0.04855882003903389
0.041042547672986984
-0.014897650107741356
-0.02587226592004299
0.07037287950515747
-0.041283924132585526
0.035274188965559006
0.03358321264386177
-0.4220031797885895
-0.1562596559524536
-0.5147494077682495
-1.305707573890686
-0.603638231754303
-0.11453289538621902
-0.3640705645084381
-0.32838934659957886
-0.6510576009750366
-0.33025968074798584
-0.20399759709835052
-0.47727763652801514
-0.6170297265052795
-0.5123445391654968
-0.7923299670219421
-0.8487316966056824
0.03120608627796173
-0.031636666506528854
-0.13946349918842316
-0.5040712356567383
-0.08364535868167877
-0.08424188941717148
-0.06430454552173615
-0.3462923765182495
-0.054867036640644073
0.20683784782886505
0.1355525404214859
-0.027158278971910477
-0.03810707479715347
-0.12540915608406067
-0.23760442435741425
-0.007378329057246447
-0.07514247298240662
0.029445797204971313
0.11810048669576645
-0.18815891444683075
-0.02223840542137623
0.0821366012096405
0.3234381079673767
-0.135318323969841
-0.08820725232362747
-0.06178568676114082
-0.10661717504262924
-0.02953329309821129
0.03596911579370499
-0.08417230099439621
-0.054800160229206085
-0.10225183516740799
-0.02765321545302868
-0.05531514063477516
-0.04791214317083359
-0.04123396426439285
-0.04161829128861427
-0.01811840385198593
0.011517047882080078
0.02529081702232361
-0.0012487544445320964
0.01212777104228735
0.0336228646337986
0.07474787533283234
-0.005733569618314505
-0.02135051228106022
0.0065359091386199
0.11537405848503113
-0.2926519513130188
-0.11875814944505692
-0.34620150923728943
-0.8101537823677063
-0.6240426301956177
-0.09782637655735016
-0.09594310075044632
-0.19708207249641418
-0.4857900142669678
-0.1476246565580368
-0.2574785053730011
-0.3305579125881195
-0.2629116475582123
-0.6683779358863831
-0.8850764632225037
-0.7693045735359192
-0.3896639049053192
-0.2772940397262573
-0.7447565197944641
-1.3271024227142334
-0.43277549743652344
0.15095654129981995
-0.21569935977458954
-0.6290125846862793
-0.3818437457084656
-0.06415841728448868
-0.1459808498620987
-0.35608971118927
-0.6290121674537659
-0.5534680485725403
-0.6691569685935974
-0.34861820936203003
-0.04723624512553215
0.11141324788331985
-0.3024352192878723
-1.034790277481079
-0.16772088408470154
-0.09076525270938873
-0.16701287031173706
-0.5167833566665649
-0.38608449697494507
0.041344523429870605
0.19221080839633942
-0.1357317715883255
-0.4485502243041992
-0.16272898018360138
-0.33685025572776794
-0.2738049626350403
-0.03796800598502159
-0.05380494147539139
-0.42476314306259155
-1.2325708866119385
-0.2942615747451782
0.039463721215724945
0.04852768033742905
-0.38269853591918945
-0.5553843975067139
0.014853961765766144
0.3674991726875305
-0.15056045353412628
-0.3897900879383087
-0.4230073094367981
-0.5359603762626648
-0.39882707595825195
-0.26293277740478516
-0.11398573964834213
-0.8186112642288208
-1.2091917991638184
-0.31480276584625244
-0.15986041724681854
-0.31367796659469604
-0.6240624785423279
-0.3371726870536804
0.08880779147148132
-0.161758154630661
-0.12274161726236343
-0.49438998103141785
-0.43931013345718384
-0.46528568863868713
-0.077480748295784
-0.24330498278141022
-0.048098981380462646
-0.30215147137641907
-1.2074370384216309
-0.24340040981769562
0.028324104845523834
-0.4856151044368744
-0.36312517523765564
-0.26567181944847107
0.028120849281549454
0.3008098900318146
0.03034231998026371
-0.3422779142856598
-0.3076137602329254
-0.44750553369522095
-0.5621736645698547
-0.2724732756614685
-0.2015048861503601
-0.7615756988525391
-1.68119215965271
-0.49784693121910095
-0.07852470129728317
-0.8299684524536133
-0.8660649657249451
-0.3289034068584442
-0.2449766993522644
-1.0133545398712158
-0.6024101972579956
-0.6770351529121399
-0.4889678657054901
-0.7018318772315979
-0.47253039479255676
-0.19707940518856049
-0.10095910727977753
0.027199378237128258
0.2261941134929657
-0.26835110783576965
-0.06339406967163086
0.13933633267879486
0.5135127902030945
-0.13802090287208557
-0.02639877051115036
-0.09533891081809998
-0.24943958222866058
-0.2443770468235016
0.012328388169407845
-0.25426313281059265
-0.24141035974025726
-0.3360850512981415
-0.12562884390354156
-0.48669955134391785
-0.9448431730270386
-0.6111657023429871
-0.2835768163204193
0.13355208933353424
-0.16887982189655304
-0.6723306775093079
-0.34772390127182007
0.30983585119247437
-0.08990815281867981
-0.4787074327468872
-0.5925038456916809
-0.7063969373703003
-0.9457147717475891
-0.2769038677215576
-0.21505308151245117
-0.7294791340827942
-1.4706089496612549
-0.3260333240032196
-0.2941879332065582
-0.6482043862342834
-0.6352434158325195
-0.4063699543476105
-0.324092835187912
-0.5989347696304321
-0.4967195391654968
-0.49773725867271423
-0.49484309554100037
-0.5381644368171692
-0.3408012092113495
0.05035315454006195
0.061646170914173126
-0.021445808932185173
0.05332562327384949
-0.12567628920078278
0.0383247435092926
-0.05514686554670334
-0.030551282688975334
0.030646678060293198
0.07523344457149506
-0.09173787385225296
0.010451900772750378
-0.007098902948200703
-0.005296433810144663
-0.019593752920627594
-0.06457976251840591
0.010589743964374065
0.011193659156560898
0.02335219271481037
-0.0033615417778491974
0.016693033277988434
0.07130517810583115
-0.0180659182369709
-0.022550947964191437
-0.0013711897190660238
-0.019291169941425323
0.015913620591163635
-0.062278542667627335
-0.020402178168296814
-0.06974102556705475
0.02224673330783844
0.012067005038261414
-0.013234751299023628
0.07494629919528961
-0.009608592838048935
-0.02381635643541813
0.09565823525190353
-0.044503919780254364
-0.0026530243922024965
0.013681799173355103
0.014343074522912502
-0.007144034840166569
-0.038841672241687775
0.026819609105587006
0.0018456659745424986
-0.01619879901409149
-0.028291387483477592
-0.03158390522003174
0.3379301428794861
0.07788056135177612
0.7150212526321411
1.3814709186553955
0.43392547965049744
-0.18516719341278076
-0.4365668296813965
1.0590879917144775
0.39200857281684875
-0.029542336240410805
-0.15347814559936523
0.5225096344947815
0.5858476758003235
0.538109302520752
0.6148186922073364
0.37076109647750854
0.1329750120639801
0.11747859418392181
-0.07786628603935242
0.3342856168746948
0.18544279038906097
0.11527707427740097
-0.480940043926239
-0.5338166356086731
0.36155855655670166
-0.007856017909944057
-0.20294836163520813
-0.4284626543521881
0.5469487309455872
0.32439178228378296
0.2792297601699829
0.33535242080688477
-0.020461950451135635
0.010098638944327831
0.03663003072142601
0.3449263870716095
0.07801377028226852
0.1917734295129776
-0.0978206917643547
-0.04680546000599861
0.08461011946201324
0.07859595119953156
-0.538918137550354
-0.47382041811943054
-0.05706734582781792
0.14297568798065186
0.2832878530025482
0.06769292056560516
-0.0020770509727299213
0.05145542323589325
0.022111954167485237
-0.07451937347650528
0.046503983438014984
-0.024527879431843758
-0.07361163198947906
0.01142375823110342
-0.08437660336494446
0.0751320868730545
-0.0490095354616642
0.03446173667907715
0.03209198638796806
-0.0740433782339096
-0.041165612637996674
0.028321638703346252
-0.021246017888188362
0.04740391671657562
-0.036666274070739746
0.23790785670280457
0.2693747580051422
-0.10714659839868546
0.3385620415210724
-0.34917864203453064
0.2258952111005783
0.27309778332710266
0.2164100855588913
-0.11074148118495941
0.43853673338890076
0.4793917238712311
0.395698606967926
0.5744643807411194
0.3878321945667267
0.25604456663131714
0.420987069606781
1.2108759880065918
0.798772931098938
0.359641432762146
-0.04443221166729927
0.8560254573822021
0.8817605376243591
0.5042644739151001
0.09694255888462067
0.48982465267181396
1.5776901245117188
0.9984707832336426
0.9022052884101868
1.0114184617996216
-0.047308795154094696
0.020242419093847275
-0.02778622880578041
-0.02439580112695694
-0.055861156433820724
0.046562034636735916
-0.0204949788749218
-0.03796137869358063
0.07232460379600525
-0.1355295032262802
-0.014294709078967571
0.016967250034213066
-0.07288915663957596
0.029172493144869804
0.03483333811163902
0.0341746062040329
0.0737440288066864
0.19902226328849792
0.002902406733483076
0.16921870410442352
0.35360726714134216
0.10110186785459518
-0.4401625096797943
-0.2921096086502075
0.2605120539665222
0.1756962537765503
-0.09366516023874283
-0.5281014442443848
0.43857550621032715
0.49068504571914673
0.36411604285240173
0.521737813949585
-0.0074372063390910625
0.004052183590829372
0.030231166630983353
-0.044553570449352264
0.040956418961286545
-0.012165555730462074
-0.038670893758535385
-0.023267006501555443
-0.030530236661434174
-0.033784206956624985
-0.027455046772956848
-0.009269311092793941
-0.0776921957731247
0.03419617936015129
0.07798480987548828
0.05548135191202164
0.22975558042526245
0.29053598642349243
0.44250646233558655
0.9347140192985535
0.3733363449573517
0.10817659646272659
-0.4401126205921173
0.2536908686161041
0.43175727128982544
-0.2629537880420685
-0.11250931024551392
0.1341276615858078
0.6404391527175903
0.3121444284915924
0.3606748580932617
0.4524456262588501
0.027654720470309258
-0.07287654280662537
0.08705668151378632
0.04472879692912102
0.059392016381025314
0.05549108237028122
0.030197810381650925
0.010159499011933804
0.03875452280044556
0.0803920328617096
0.029629506170749664
-0.028447575867176056
-0.057911474257707596
0.028826560825109482
0.07664122432470322
0.0005045087309554219
0.31810280680656433
0.19895872473716736
0.38328614830970764
1.4819223880767822
0.4927452504634857
0.23769745230674744
-0.36461111903190613
0.4155653417110443
0.6017828583717346
0.10029221326112747
-0.019125623628497124
0.2967962622642517
0.7171841859817505
0.432738721370697
0.5417140126228333
0.5533674359321594
0.3386467695236206
0.31766724586486816
0.2354164570569992
1.1721700429916382
0.4032224714756012
0.07081912457942963
-0.4583256244659424
0.2331485152244568
0.5277177691459656
0.14126083254814148
-0.19123248755931854
-0.31132960319519043
0.34885406494140625
0.30892881751060486
0.5970874428749084
0.5457873940467834
0.13477745652198792
0.22299735248088837
0.17534582316875458
1.2976130247116089
0.42782318592071533
0.14555521309375763
0.051078636199235916
0.032519686967134476
0.6423197984695435
0.359632283449173
-0.050045885145664215
0.2570507824420929
0.5181031823158264
0.733908474445343
0.5556867122650146
0.6946424245834351
-0.0010776881827041507
0.01483833510428667
-0.05118865147233009
0.02665470726788044
-0.030844546854496002
0.0023955823853611946
-0.09530996531248093
-0.036113180220127106
0.03770412504673004
0.054946351796388626
-0.01803429424762726
0.02453022077679634
-0.02146325074136257
-0.05021901801228523
0.02217433601617813
-0.014404109679162502
0.09704174846410751
0.18281283974647522
0.27755165100097656
1.076751947402954
0.4883410632610321
0.10812238603830338
-0.018311887979507446
0.22680190205574036
0.6487578749656677
0.41317251324653625
-0.14463993906974792
0.06052158772945404
0.8245677351951599
0.6555229425430298
0.6976854205131531
0.8822068572044373
-0.034665223211050034
-0.05307091400027275
0.07322262227535248
0.4172043800354004
0.12623651325702667
-0.19002164900302887
-0.1407797932624817
0.31416529417037964
-0.03993253782391548
-0.10322494059801102
-0.38780638575553894
-7.211740012280643e-06
0.02047666907310486
-0.01675942726433277
0.0373995266854763
0.04385092481970787
0.02931014820933342
0.03640928119421005
-0.06777871400117874
0.031244678422808647
0.05475667119026184
-0.0762384906411171
-0.5091147422790527
0.0466073639690876
0.005426802672445774
0.004688061308115721
-0.027791278436779976
0.051398858428001404
-0.07240868359804153
0.04077022522687912
0.08656109124422073
0.06857865303754807
-0.008369751274585724
-0.046138666570186615
0.031764257699251175
-0.03304620459675789
-0.04676959663629532
-0.0315103717148304
-0.018289491534233093
0.0016094498569145799
0.04605013504624367
0.06586411595344543
-0.023700548335909843
0.035170331597328186
0.020752934738993645
0.05443497374653816
-0.022801607847213745
0.015302668325603008
0.1609552651643753
0.12013948708772659
0.09131067991256714
0.3147086799144745
0.5293195843696594
-0.018707090988755226
-0.26154351234436035
-0.04426085948944092
0.47880133986473083
0.2647169530391693
0.05029968172311783
0.049300529062747955
0.3376747667789459
0.6450784802436829
0.7461907863616943
0.7851690649986267
0.45066630840301514
0.3551763594150543
0.51030433177948
1.0782840251922607
0.37302064895629883
-0.03553890064358711
-0.3808993995189667
0.5990909934043884
0.4338245987892151
0.023198558017611504
-0.3978520929813385
0.2059406042098999
0.6088992357254028
0.4563572108745575
0.40965044498443604
0.3096439838409424
-0.0473766103386879
-0.032239221036434174
-0.030350863933563232
0.7829165458679199
0.13066500425338745
0.0337747298181057
-0.03483793884515762
0.07248956710100174
0.3057583272457123
-0.00565884355455637
-0.35535314679145813
-0.20664365589618683
0.30192479491233826
0.09992074221372604
0.2294459193944931
0.03060843050479889
-0.060898471623659134
0.0942893698811531
0.2675633430480957
1.1935402154922485
0.27216842770576477
-0.06202356889843941
-0.012115993537008762
0.31587275862693787
0.3490510880947113
-0.0993349477648735
-0.38158684968948364
-0.3049090504646301
0.3547385334968567
0.2773926854133606
0.3311340808868408
0.19601434469223022
0.31547990441322327
0.26064571738243103
0.5297514796257019
1.0423071384429932
0.2567955553531647
0.05105917155742645
-0.2566467225551605
0.3802514374256134
0.42864638566970825
-0.13543272018432617
-0.4208504855632782
0.040420323610305786
0.3150428533554077
0.336434006690979
0.25879281759262085
0.18267612159252167
0.11651133000850677
0.05388573929667473
-0.13345225155353546
0.9841192364692688
0.29181233048439026
-0.13844910264015198
-0.23369066417217255
0.2274237424135208
0.24510221183300018
-0.16012093424797058
-0.2352692037820816
-0.42928746342658997
0.2948552072048187
0.24535024166107178
0.4336076080799103
0.4688623547554016
0.16624633967876434
0.13917021453380585
0.6362467408180237
1.5481947660446167
0.38643255829811096
-0.16447822749614716
-0.340276837348938
0.7748482823371887
0.34904128313064575
0.09767049551010132
-0.0554494634270668
0.6241644024848938
0.5121641755104065
0.5659182667732239
0.6764482259750366
0.3514156937599182
0.14726102352142334
0.1103413850069046
-0.15154224634170532
-0.2599634528160095
0.17740556597709656
-0.015063435770571232
0.006144519429653883
-0.6921674609184265
0.01446493249386549
0.022472113370895386
0.25555160641670227
0.034038688987493515
0.2583087682723999
0.13505589962005615
0.12721769511699677
0.16634054481983185
0.27708297967910767
0.15339916944503784
0.32417190074920654
0.81862473487854
0.6187012791633606
0.3000165820121765
-0.45783719420433044
-0.15975484251976013
0.5072435140609741
0.4512130916118622
-0.19897781312465668
-0.5849810242652893
0.5921175479888916
0.6971445679664612
0.5647062659263611
0.7551812529563904
0.08337193727493286
0.19773299992084503
0.7222278118133545
1.3356422185897827
0.25156569480895996
0.08507664501667023
-0.0005388431600295007
0.6274526119232178
0.39806219935417175
-0.2329985350370407
0.10209395736455917
-0.02583477459847927
0.4183381497859955
0.3701120913028717
0.38807111978530884
0.1357104778289795
0.06974492222070694
-0.010377926751971245
0.02809695154428482
-0.11353594064712524
0.01731005497276783
0.016989009454846382
0.06584371626377106
0.05946572124958038
0.0594542920589447
-0.08750317990779877
0.05032409355044365
-0.004292610101401806
-0.0444149523973465
-0.008268393576145172
-0.048092976212501526
0.08015163987874985
-0.020667221397161484
0.039824824780225754
-0.014565078541636467
0.004189405590295792
-0.04706672951579094
-0.023106157779693604
-0.0174768827855587
-0.08872005343437195
-0.02571941912174225
0.026672426611185074
0.04218481481075287
0.004220008384436369
-0.006391376722604036
-0.06616836786270142
-0.04241957142949104
-0.059012316167354584
-0.015702154487371445
-0.008368127979338169
0.06866955012083054
0.12147559970617294
-0.05032026395201683
-0.01863556168973446
0.009135139174759388
-0.04679657146334648
-0.027087412774562836
-0.0012240111827850342
0.007041238248348236
0.1160367801785469
-0.025298018008470535
0.04360951855778694
-0.0176619254052639
0.03646601736545563
0.32253026962280273
0.2084321677684784
0.5519725680351257
1.0134707689285278
0.3036915063858032
0.2794171869754791
0.7618627548217773
0.643642246723175
0.3850645422935486
0.28572148084640503
0.5566427707672119
0.8085967302322388
0.573652446269989
0.7019596099853516
0.8077495098114014
0.48994964361190796
0.07606465369462967
0.13875456154346466
0.12615899741649628
-0.17720650136470795
0.24576953053474426
0.01687784492969513
-0.08042536675930023
-0.7319799065589905
0.3309498131275177
0.0919683501124382
0.10695488750934601
-0.05806351825594902
0.6258477568626404
0.31827986240386963
0.3238023817539215
0.5257625579833984
-0.022126151248812675
-0.019402675330638885
-0.049076106399297714
0.010413458570837975
0.007872902788221836
0.1357499212026596
0.30476707220077515
-0.4483030140399933
0.15970966219902039
0.23261867463588715
-0.0836443156003952
-0.31722190976142883
0.022009704262018204
0.06188110262155533
0.2129269242286682
0.2760060727596283
-0.025847164914011955
-0.07238169759511948
-0.014662827365100384
0.028192054480314255
-0.05489914119243622
-0.02581627108156681
-0.04017895460128784
-0.04270990192890167
-0.024059109389781952
0.012577947229146957
-0.029768619686365128
0.04404520243406296
-0.08035287261009216
-0.04079337418079376
0.05351969599723816
-0.08045392483472824
0.010976484976708889
-0.010553066618740559
-0.3628295660018921
-0.10014486312866211
0.32694244384765625
-0.07184305042028427
-0.9976244568824768
-0.2890411615371704
0.24586717784404755
0.16024072468280792
0.23588956892490387
0.1432800441980362
0.6349402070045471
0.5476172566413879
0.46323418617248535
0.7072150707244873
0.4293096363544464
0.16477900743484497
0.1197708323597908
0.5723376274108887
0.6916069984436035
0.2588992416858673
-0.4939577877521515
-0.5905818939208984
0.9720014333724976
0.4584920406341553
0.10941040515899658
-0.12865349650382996
2.368189811706543
1.0099709033966064
1.1699885129928589
1.249643087387085
0.07421159744262695
0.07857781648635864
0.04703235626220703
0.015354081988334656
0.03025314398109913
-0.0178564190864563
-0.029675308614969254
0.005839973222464323
0.06593067944049835
0.03204219415783882
-0.08360586315393448
0.0014312750427052379
-0.05048539116978645
-0.00963458139449358
-0.05178702250123024
0.01328496914356947
0.01940816082060337
0.0626874715089798
0.1973595917224884
-0.09672714024782181
0.4265800714492798
0.07570448517799377
-0.0986793264746666
-0.6591616272926331
0.23961836099624634
0.16062207520008087
-0.00805052649229765
0.03982206806540489
0.5901640057563782
0.4580886960029602
0.47639456391334534
0.6892642378807068
0.00843237154185772
0.00237005646340549
0.08191567659378052
-0.008671683259308338
-0.022923951968550682
0.06350077688694
-0.03692644089460373
-0.01627213880419731
0.08519434928894043
0.06508495658636093
0.006733647547662258
0.029869694262742996
-0.06312302500009537
-0.027851395308971405
-0.05597526580095291
-0.024691589176654816
0.21200400590896606
0.17032064497470856
0.7984537482261658
0.36452263593673706
0.2388136237859726
0.09610751271247864
0.367680162191391
-0.247035950422287
0.48490583896636963
0.16051185131072998
0.09604950994253159
0.6722527742385864
0.8131271004676819
0.5094463229179382
0.3199215829372406
0.5378884673118591
0.012446071952581406
-0.08085185289382935
-0.028181081637740135
0.11867004632949829
-0.02530398964881897
-0.06884905695915222
0.018611034378409386
0.04434472694993019
-0.001091722515411675
0.0033273501321673393
-0.029260072857141495
-0.019721336662769318
0.09971199184656143
0.0519990511238575
-0.027487149462103844
0.03914788365364075
0.310273140668869
0.23542070388793945
0.8666955232620239
0.6961756348609924
0.49373316764831543
0.054008737206459045
-0.043036945164203644
-0.029374921694397926
0.6362205147743225
-0.01618918590247631
-0.5741068124771118
-0.42626258730888367
0.8188453912734985
0.468666136264801
0.7240154147148132
0.5300840735435486
0.3661794662475586
0.33400967717170715
0.1464870125055313
0.701225996017456
0.2829269468784332
0.20025983452796936
-0.4563817083835602
0.006853640079498291
0.4417744278907776
0.21338950097560883
-0.22644390165805817
-0.2326456755399704
0.32745397090911865
0.2694941461086273
0.6195797324180603
0.5817742347717285
0.18689647316932678
-0.013803752139210701
0.10380654782056808
0.5929815173149109
0.4881059229373932
-0.04168958216905594
-0.9781513214111328
0.08600722253322601
0.6110478639602661
0.22060011327266693
-0.33265817165374756
-0.361238032579422
0.8052475452423096
0.7217101454734802
0.7486720085144043
0.7549273371696472
0.0076156300492584705
-0.042917706072330475
0.025707408785820007
0.00197160174138844
0.039459582418203354
-0.05014260485768318
-0.0201687291264534
0.016994331032037735
-0.012265758588910103
0.06042400747537613
-0.009963685646653175
-0.03577054664492607
-0.04698460176587105
0.013187328353524208
-0.04050363600254059
0.00394892692565918
0.14670240879058838
0.23632144927978516
0.32098549604415894
0.8066277503967285
0.5206291079521179
0.030505433678627014
-0.9263753890991211
-0.01010520476847887
0.6612736582756042
0.3773317039012909
-0.06504897773265839
-0.4378758668899536
0.8927826285362244
0.6416997909545898
0.8104220032691956
1.007962703704834
-0.09944760054349899
-0.04708216339349747
-0.24499456584453583
0.40229207277297974
0.11933904141187668
0.031027648597955704
-0.15679329633712769
-0.04802442342042923
-0.029586061835289
0.026388118043541908
0.21878059208393097
0.45708659291267395
0.10717825591564178
0.03788674995303154
0.03889115899801254
0.04213797301054001
0.0906083881855011
0.07388057559728622
-0.30093976855278015
-0.09821883589029312
-0.012036904692649841
0.0666491687297821
-0.06127996742725372
0.20034106075763702
0.07306918501853943
-0.10238443315029144
0.037350427359342575
0.06812407076358795
-0.04873703420162201
-0.024907095357775688
0.06712183356285095
0.09024443477392197
-0.05160707235336304
-0.05755768343806267
0.021711261942982674
-0.05938720703125
0.03509485721588135
0.020524293184280396
0.002853248966857791
0.07555197924375534
0.1084943488240242
0.002836228348314762
-0.05029269680380821
-0.01813802681863308
-0.018292564898729324
0.0689358189702034
0.042440883815288544
0.006849850062280893
0.11674366146326065
0.15710926055908203
0.06771841645240784
0.057850610464811325
0.5691397786140442
-0.09147607535123825
-0.5421088933944702
-0.6747367978096008
0.4158461093902588
0.19818443059921265
0.1710953712463379
0.19668696820735931
0.5218074917793274
0.6874356865882874
0.7756040692329407
0.8192896842956543
0.40974465012550354
0.3028907775878906
0.1895313709974289
1.0069116353988647
0.3603503704071045
0.5752386450767517
0.4289211928844452
0.32141050696372986
0.4376440942287445
0.3581421971321106
0.35108721256256104
0.24027913808822632
0.48500216007232666
0.6665114164352417
0.5357049703598022
0.38777005672454834
-0.021662335842847824
0.0490768626332283
-0.06362900137901306
0.7095722556114197
0.17883901298046112
0.09387713670730591
0.0979742705821991
-0.13271348178386688
0.25017470121383667
-0.07170353084802628
-0.22456037998199463
-0.38453584909439087
0.18273338675498962
0.21732564270496368
0.3617648482322693
0.18775632977485657
-0.009116215631365776
0.10561879724264145
0.14822043478488922
0.7606254816055298
0.1721191704273224
0.12423718720674515
0.06976944208145142
0.016687486320734024
0.38714799284935
-0.0918969064950943
-0.03789035603404045
-0.003538453485816717
0.33604636788368225
0.29747703671455383
0.4122634530067444
0.38379988074302673
0.34688660502433777
0.24885201454162598
0.3774528503417969
1.0253812074661255
0.37386342883110046
0.36724379658699036
0.29240962862968445
0.1606547087430954
0.42964422702789307
0.3951247036457062
0.1703294813632965
0.4045338034629822
0.41962242126464844
0.3601111173629761
0.3822718560695648
0.2905471622943878
0.06512094289064407
0.08531477302312851
-0.2449806183576584
0.22378838062286377
0.27267348766326904
0.02229807712137699
-0.6474930644035339
0.029170814901590347
0.28088659048080444
0.02642092853784561
0.044645704329013824
-0.3232385516166687
0.19367317855358124
0.2868870198726654
0.4045048654079437
0.4842292070388794
0.27461081743240356
0.2751624584197998
0.3919031023979187
0.9712806940078735
0.48192498087882996
0.19402971863746643
0.610478401184082
0.8216842412948608
0.4596940279006958
0.27262458205223083
0.8245610594749451
0.9295986890792847
0.7334396243095398
0.7564275860786438
0.7669187188148499
0.5131467580795288
0.1865415871143341
0.17676898837089539
0.2455030232667923
-0.38379183411598206
0.2962947189807892
0.05939450487494469
0.018346218392252922
-0.018390212208032608
0.07323222607374191
-0.0027413617353886366
0.020736180245876312
0.24194778501987457
0.37258076667785645
0.1059328243136406
0.08127956092357635
0.27845168113708496
0.36779144406318665
0.24065567553043365
0.39854270219802856
0.3127993643283844
0.6202943921089172
-0.05102778226137161
-0.09834229201078415
-0.6278054714202881
0.5161696076393127
0.48149481415748596
0.12479891628026962
0.055981431156396866
0.7444636821746826
0.7150663137435913
0.7606841921806335
0.9677728414535522
0.03620196133852005
0.25934961438179016
0.5664991140365601
1.1347846984863281
0.31641989946365356
0.37328970432281494
0.6265159845352173
0.004987319000065327
0.4953576624393463
0.015302840620279312
-0.2994227409362793
0.11705028265714645
0.4820955693721771
0.5970041155815125
0.5451622009277344
0.3385145962238312
-0.02321622706949711
0.004820456262677908
-0.03036339022219181
-0.08815183490514755
0.0273332167416811
0.05775251239538193
-0.11250931024551392
0.04105938971042633
0.008674678392708302
0.027134474366903305
-0.02020108327269554
-0.0465330109000206
0.03256576880812645
0.037404127418994904
0.03208025544881821
-0.028714057058095932
-0.021563922986388206
-0.020076410844922066
0.04965389519929886
0.020878368988633156
-0.10831158608198166
0.014555907808244228
-0.03442179784178734
0.07952553033828735
0.014289154671132565
0.018921904265880585
-0.13791048526763916
0.009208044037222862
0.07735294103622437
0.003131768200546503
-0.004919803235679865
0.0535186305642128
0.06423460692167282
-0.005987720564007759
0.014874560758471489
0.046719279140233994
0.03349488601088524
0.05764203518629074
0.06498771160840988
0.030261563137173653
0.024206388741731644
-0.027048693969845772
-0.005782324355095625
0.042335979640483856
0.026125766336917877
-0.007014092989265919
0.03623930364847183
0.01979782059788704
-0.30582907795906067
0.03159032016992569
-0.399034321308136
-1.9733372926712036
-0.36133575439453125
0.5003596544265747
0.15751253068447113
-0.7775611281394958
-0.3944758474826813
0.15932771563529968
0.09020989388227463
-0.3083381950855255
-0.6504758596420288
-0.37762588262557983
-0.4076021909713745
-0.28447484970092773
-0.16660290956497192
-0.05131123960018158
0.15192000567913055
-0.3116922080516815
-0.3051179051399231
-0.1431666761636734
0.7557966113090515
0.7074078321456909
-0.34796151518821716
-0.11681432276964188
0.7625109553337097
0.6711291670799255
-0.3743739426136017
-0.21236881613731384
-0.21838809549808502
-0.3053385615348816
-0.012457253411412239
0.0413195826113224
-0.08001759648323059
-0.8557941913604736
-0.1479426771402359
0.03487056493759155
0.16272227466106415
-0.008847305551171303
-0.2983938455581665
-0.18561922013759613
1.0257877111434937
0.5373079180717468
-0.09473083168268204
-0.1852378398180008
-0.28783032298088074
-0.08501345664262772
-0.09560804814100266
-0.08498530834913254
-0.04408295452594757
-0.014960676431655884
-0.028028545901179314
-0.09088944643735886
0.02332359179854393
0.06322243064641953
0.03528664633631706
-0.035083334892988205
-0.05688416585326195
-0.019725356251001358
-0.043122030794620514
-0.041306741535663605
0.035696204751729965
0.07117246836423874
-0.10694381594657898
-0.07081309705972672
0.134024977684021
-0.2844470739364624
-0.29479745030403137
0.17447946965694427
0.17135834693908691
0.5978385806083679
-0.19047321379184723
-0.12152733653783798
-0.37675535678863525
-0.06907188892364502
-0.3435186445713043
-0.4631536304950714
-0.23863911628723145
-0.44918373227119446
-0.5930331349372864
-0.08238521963357925
-0.12259984761476517
-0.9123284816741943
-0.7706394195556641
-0.11659379303455353
0.1042105183005333
-0.1149938628077507
-0.8995624780654907
-0.3318870961666107
-0.013530764728784561
-0.06113819032907486
-1.4256038665771484
-0.6826217174530029
-0.5033013224601746
-0.465339332818985
0.025813013315200806
-0.0529741570353508
0.0528617762029171
0.019357947632670403
0.019424457103013992
-0.059899188578128815
0.052011638879776
0.01978071592748165
0.019664200022816658
0.0013204345013946295
0.046013448387384415
-0.014808681793510914
-0.011214041151106358
-0.05049526318907738
0.05302742123603821
0.025494595989584923
-0.05578627437353134
-0.02908456139266491
-0.09833724796772003
-0.10682438313961029
-0.4008670747280121
-0.039550624787807465
1.0181866884231567
0.725894033908844
-0.38898202776908875
-0.08988630771636963
-0.024578388780355453
0.23953670263290405
-0.1616869419813156
-0.4611542820930481
-0.24071797728538513
-0.43189191818237305
0.05688612163066864
0.008881237357854843
0.025732271373271942
-0.010409950278699398
0.005947084631770849
0.03812197223305702
-0.0596141554415226
-0.03699219226837158
0.07112602889537811
-0.07003120332956314
0.025480348616838455
-0.023136552423238754
0.0131647614762187
0.05815476179122925
-0.0503191202878952
0.010475430637598038
-0.17166590690612793
-0.13651186227798462
0.145098477602005
-0.7134889960289001
-0.31508493423461914
0.05791483446955681
0.47892212867736816
0.1596335917711258
-0.38648056983947754
0.44957834482192993
0.10827330499887466
-0.12050404399633408
-0.5797565579414368
-0.39549750089645386
-0.22721189260482788
-0.3888785243034363
-0.0414375364780426
0.07174317538738251
-0.05874647945165634
0.0015285828849300742
-0.02625761181116104
-0.017367571592330933
-0.0118397893384099
0.0045756567269563675
0.0754316970705986
-0.03304942324757576
0.030354658141732216
-0.021372562274336815
0.027959873899817467
-0.08206400275230408
-0.02461552433669567
0.048179369419813156
-0.32955893874168396
-0.1975320428609848
-0.14499886333942413
-0.8875226974487305
-0.49707165360450745
0.05043003335595131
0.2655669152736664
0.10858767479658127
-0.624369740486145
0.12093017250299454
0.20944765210151672
0.48556452989578247
-0.6050551533699036
-0.25839731097221375
-0.34634020924568176
-0.32094502449035645
-0.3824669122695923
-0.15040646493434906
-0.044835418462753296
-2.084496021270752
-0.39390328526496887
0.4864741265773773
0.4103986918926239
-0.39071720838546753
-0.541527509689331
0.119888074696064
0.4483821392059326
0.3811747133731842
-0.62677001953125
-0.09380415827035904
-0.35364776849746704
-0.30557987093925476
-0.31329938769340515
-0.04270980879664421
-0.02934352681040764
-1.1197915077209473
-0.49790453910827637
0.24220599234104156
0.13994301855564117
0.4520159661769867
-0.7001658082008362
-0.03893467038869858
0.13752977550029755
0.2573472261428833
-0.6025883555412292
-0.3796483874320984
-0.3664517104625702
-0.31634631752967834
0.02166493982076645
0.08075486868619919
-0.04536885395646095
0.028089430183172226
-0.02478259988129139
-0.019138580188155174
0.01036889385432005
0.035728611052036285
0.036266714334487915
0.02747650258243084
0.01655661128461361
0.014608558267354965
-0.0019419642630964518
0.05156388506293297
0.026084892451763153
-0.033784281462430954
-0.4497514069080353
-0.05094707012176514
0.007734330836683512
-0.9442764520645142
-0.502092182636261
0.271832674741745
0.392109215259552
0.28453075885772705
-0.7971676588058472
-0.00675892224535346
0.17256276309490204
0.22021427750587463
-0.7201399803161621
-0.3724898099899292
-0.3995852470397949
-0.41264984011650085
0.07999099791049957
-0.0029014465399086475
-0.327555775642395
-0.9897754192352295
-0.09696716070175171
0.023282883688807487
0.046465057879686356
-0.6170888543128967
0.036769598722457886
0.37288355827331543
0.23630118370056152
-0.11782938241958618
-0.07312698662281036
0.0240451842546463
-0.1415247917175293
-0.018145939335227013
-0.10676650702953339
-0.10009796917438507
0.20260074734687805
-0.13694003224372864
-0.05499909073114395
0.21268299221992493
0.4240894615650177
-0.26629117131233215
-0.030515208840370178
-0.026080813258886337
0.02081184647977352
-0.017254671081900597
-0.023146241903305054
-0.07053229212760925
-0.1842658966779709
-0.08802751451730728
0.002586089540272951
-0.013455534353852272
-0.005709879565984011
-0.004901316482573748
0.02163304015994072
-0.036483149975538254
0.04552255570888519
-0.01723988726735115
-0.06916437298059464
-0.014697347767651081
-0.0037637916393578053
-0.0010919584892690182
-0.0678156390786171
0.05814650282263756
0.030970916152000427
0.04739908128976822
-0.24502700567245483
0.055832892656326294
0.1645606905221939
-0.4711855947971344
-0.5718353390693665
0.31172478199005127
0.8018474578857422
0.7609562873840332
-0.5484616756439209
0.02229391597211361
-0.18959058821201324
-0.2842991352081299
-0.2903238832950592
-0.33982059359550476
-0.2949742376804352
-1.0244232416152954
-0.32076725363731384
-0.13770614564418793
-0.19934330880641937
-1.6923109292984009
-0.40580853819847107
0.3641272485256195
0.5070361495018005
-0.4740046262741089
-0.35721272230148315
0.101992666721344
0.2527746856212616
-0.13459211587905884
-0.5387964248657227
-0.25576841831207275
-0.25263091921806335
-0.21482378244400024
-0.056251201778650284
0.04218067228794098
-0.3318268060684204
-1.7553859949111938
-0.14145857095718384
0.05263633280992508
0.14870868623256683
-0.350730836391449
-0.40366923809051514
0.23861494660377502
0.8822535276412964
0.5284901857376099
-0.40147534012794495
-0.1513465940952301
-0.30930811166763306
-0.17794856429100037
-0.040963854640722275
-0.1282549947500229
-0.3815055787563324
-1.6260946989059448
-0.19961021840572357
0.15022329986095428
0.11940312385559082
0.0898970440030098
-0.4885081946849823
0.33440253138542175
0.996065080165863
0.6930408477783203
-0.46394386887550354
-0.12791229784488678
-0.31532207131385803
-0.1551385521888733
-0.29756811261177063
-0.2801388204097748
-0.8427292108535767
-1.6695258617401123
-0.382144570350647
-0.018750062212347984
-0.0393911711871624
-0.6655403971672058
-0.3841468095779419
0.2726620137691498
0.2731039226055145
0.053396206349134445
-0.41911381483078003
-0.24887607991695404
-0.09038665890693665
-0.2332700788974762
-0.17914217710494995
0.055572811514139175
0.07248867303133011
-1.386247158050537
-0.21833506226539612
0.6255819797515869
0.14935645461082458
-0.10625103861093521
-0.5080233216285706
0.15772873163223267
0.7514504194259644
0.6988293528556824
-0.38866639137268066
-0.1528720259666443
-0.3058486878871918
-0.1740044802427292
-0.18886759877204895
-0.07075025141239166
-0.27544474601745605
-1.7798280715942383
-0.4019079804420471
0.45230334997177124
-0.08790171891450882
-0.3304015100002289
-0.3664017915725708
0.12788419425487518
-0.00756303034722805
-0.44048404693603516
-0.6342042684555054
-0.43765324354171753
-0.3451007306575775
-0.4421990215778351
-0.27634790539741516
0.0054450505413115025
0.08770663291215897
0.41420960426330566
-0.3107271194458008
-0.05353829637169838
0.3595197796821594
0.5999723076820374
-0.13603146374225616
-0.020306957885622978
0.03382168710231781
-0.1592806875705719
-0.19969534873962402
-0.02901534177362919
-0.2907221019268036
-0.4681856632232666
-0.3364633321762085
-0.21708697080612183
-0.33348631858825684
-0.5116859674453735
-0.486642062664032
0.019153065979480743
0.6290764808654785
0.6360641717910767
-0.6553553342819214
-0.29746225476264954
0.5174574255943298
0.7054842710494995
-0.4046608805656433
-0.33367371559143066
-0.46655091643333435
-0.37295007705688477
-0.19794346392154694
-0.15310299396514893
-0.6830585598945618
-2.2602570056915283
-0.33256959915161133
-0.19652359187602997
-0.25454241037368774
-0.7100004553794861
-0.39534080028533936
0.014787893742322922
0.04863642528653145
0.5748928189277649
-0.5217345952987671
-0.41876402497291565
-0.18216095864772797
-0.31326135993003845
0.0013831184478476644
0.03766610473394394
0.04370935261249542
0.03530449792742729
0.04459813982248306
-0.013203125447034836
-0.030003108084201813
-0.08509740233421326
-0.014441250823438168
-0.035657864063978195
-0.08183836936950684
0.029993347823619843
-0.10621759295463562
-0.02472640760242939
-0.0057212174870073795
-0.06686922162771225
-0.04632797837257385
-0.0385652631521225
-0.07634074240922928
-0.08171072602272034
-0.063364677131176
-0.02584414929151535
0.0006621564389206469
0.036217883229255676
0.037375617772340775
-0.038552988320589066
0.014745811931788921
-0.0263200793415308
-0.01699783466756344
-0.030588211491703987
-0.0464024618268013
0.0043092574924230576
-0.03721906244754791
-0.04133981093764305
0.028014304116368294
-0.06754761934280396
0.03202270716428757
-0.07795771956443787
0.05558030307292938
-0.09891799092292786
-0.022807152941823006
0.015492778271436691
-0.027422085404396057
0.009405243210494518
0.02695440500974655
-0.028670135885477066
-0.031116439029574394
-0.0318792387843132
0.3965303301811218
0.07261670380830765
0.7473994493484497
1.3171347379684448
0.36968040466308594
-0.09833263605833054
-0.21130022406578064
1.0458884239196777
0.35637831687927246
-0.08413311839103699
-0.13581499457359314
0.3649519383907318
0.5203848481178284
0.559588611125946
0.6260778903961182
0.46015727519989014
0.19393190741539001
0.20480719208717346
-0.053750086575746536
0.29611432552337646
0.20812377333641052
0.1616823971271515
-0.48599517345428467
-0.4603225886821747
0.3281179964542389
0.09669531136751175
-0.20488327741622925
-0.38709503412246704
0.5435541272163391
0.307881236076355
0.3295127749443054
0.37775918841362
-0.04211492836475372
0.035432230681180954
-0.0623445026576519
0.4008815288543701
0.044706616550683975
0.11744441092014313
-0.037844832986593246
-0.008530502207577229
0.012346606701612473
0.019964549690485
-0.543412983417511
-0.34835338592529297
-0.007639369927346706
0.0368729792535305
0.22858871519565582
0.13446518778800964
-0.003799930913373828
0.04038502275943756
0.06919444352388382
-0.00999356433749199
-0.002749531762674451
-0.022675931453704834
-0.08871128410100937
-0.056547824293375015
0.022911224514245987
-0.03577908128499985
-0.05994540452957153
0.002637813799083233
0.014632781967520714
0.037569526582956314
-0.029737796634435654
0.06017083674669266
0.007338250055909157
0.012331233359873295
-0.0726938247680664
0.316389799118042
0.13065342605113983
-0.07919661700725555
0.1204749345779419
-0.1396445780992508
0.25539496541023254
0.27384671568870544
0.371092826128006
-0.05329913645982742
0.551395058631897
0.4423995614051819
0.4678398072719574
0.5437045693397522
0.5267512798309326
0.1945342868566513
0.37054821848869324
0.9927496910095215
0.8420510292053223
0.3611548840999603
0.25645068287849426
0.4460199773311615
0.9155080914497375
0.5037063956260681
-9.611377026885748e-05
0.3554603159427643
1.4363659620285034
1.04097318649292
0.9645025134086609
1.0976601839065552
-0.01693872921168804
0.0019206592114642262
-0.0648723617196083
0.04682786017656326
-0.008097561076283455
-0.0665072500705719
-0.07894317060709
-0.0190083310008049
-0.03230176866054535
-0.03586386889219284
-0.00394216226413846
0.02775968611240387
0.03089427947998047
0.0017938856035470963
0.01068259496241808
0.07024265080690384
0.1706642061471939
0.11716683208942413
0.05253935605287552
0.1376190334558487
0.43278753757476807
0.12736903131008148
-0.5014297366142273
-0.32148221135139465
0.12912039458751678
0.12988227605819702
0.035749442875385284
-0.13127917051315308
0.31955069303512573
0.39096879959106445
0.43727368116378784
0.5303770303726196
0.029740041121840477
-0.044879764318466187
0.02444809302687645
-0.012339622713625431
0.01396795641630888
-0.034361645579338074
0.0197539571672678
0.04680066183209419
-0.050415344536304474
0.02846328355371952
-0.03760469704866409
-0.03239936754107475
-0.004918330814689398
0.013506866060197353
0.07467196136713028
0.017103541642427444
0.3255964517593384
0.28993672132492065
0.3509807288646698
1.041805624961853
0.2271408885717392
0.03400620073080063
-0.32127195596694946
0.3569434583187103
0.40986573696136475
-0.2704481780529022
-0.05343722179532051
0.17327038943767548
0.6933252811431885
0.49076786637306213
0.40372201800346375
0.533494770526886
-0.09349304437637329
0.010381236672401428
-0.09292080998420715
-0.018224839121103287
-0.003937582019716501
-0.1136474609375
-0.010494296438992023
0.014492795802652836
0.001200578291900456
0.08224959671497345
-0.03604239225387573
-0.021412048488855362
-0.011914674192667007
-0.013785924762487411
-0.020524732768535614
-0.04725093021988869
0.39026111364364624
0.2267850637435913
0.4054882228374481
1.5058692693710327
0.56074458360672
0.22757606208324432
-0.31595051288604736
-0.035860586911439896
0.6351235508918762
0.139485165476799
0.060602497309446335
0.06246154010295868
0.6434834599494934
0.5085775256156921
0.7192621827125549
0.5971240401268005
0.4438488483428955
0.34686776995658875
0.22244404256343842
1.1239782571792603
0.3159271478652954
0.02747313864529133
-0.20706811547279358
0.05719153955578804
0.42589935660362244
0.008417020551860332
-0.13610179722309113
-0.3063735067844391
0.2931770980358124
0.2595733106136322
0.558211624622345
0.5132585167884827
0.2898958623409271
0.2282598614692688
0.2904452979564667
1.3219834566116333
0.48314496874809265
0.047628846019506454
0.2240312546491623
-0.1585354506969452
0.584555447101593
0.17547102272510529
0.11701114475727081
0.043180398643016815
0.5741270780563354
0.6556215882301331
0.6206992864608765
0.6839956641197205
0.0047398884780704975
-0.09100372344255447
0.03844622150063515
0.003082842333242297
-0.049912236630916595
-0.004009844269603491
-0.016911888495087624
-0.0008592502563260496
-0.06686247885227203
0.03464945778250694
0.05353397876024246
-0.04024616256356239
0.06085595116019249
0.01757100597023964
-0.024773569777607918
-0.028153786435723305
0.31924766302108765
0.2010166198015213
0.3748980462551117
1.058638572692871
0.5249691605567932
0.011319415643811226
0.015009704045951366
-0.011703971773386002
0.6709111332893372
0.20943190157413483
-0.03354896232485771
-0.12459906190633774
0.8980097770690918
0.6778433322906494
0.737339973449707
0.8650520443916321
-0.03652869164943695
0.030265523120760918
0.1793171763420105
0.4054466187953949
0.12545090913772583
-0.2203344851732254
-0.04833849519491196
0.24703869223594666
0.06095906347036362
-0.29115036129951477
-0.4225182831287384
0.12107094377279282
-0.009607714600861073
0.11949895322322845
0.11117508262395859
0.06189759448170662
0.008855736814439297
0.07375242561101913
-0.1516459584236145
0.12999701499938965
-0.045186690986156464
-0.07990623265504837
-0.4898170232772827
0.16467875242233276
-0.020423945039510727
-0.05655742436647415
0.06928165256977081
0.058086905628442764
0.011814306490123272
-0.024737892672419548
0.08550991863012314
0.034964434802532196
0.017772071063518524
-0.06436008214950562
0.005451885052025318
0.03276057913899422
-0.05368418991565704
0.029640795662999153
0.00783985760062933
0.06282874941825867
-0.038460880517959595
0.022624274715781212
0.02036467380821705
-0.11292136460542679
-0.04056994616985321
-0.04892490804195404
-0.032543204724788666
0.044009365141391754
0.3678835928440094
0.04743821546435356
0.03036135621368885
0.3718568682670593
0.5050604343414307
-0.13556256890296936
-0.3241997957229614
-0.08033936470746994
0.4268389344215393
0.21806231141090393
0.06483407318592072
0.17501217126846313
0.36258408427238464
0.6484590768814087
0.7822951674461365
0.6520352959632874
0.37062233686447144
0.4689405858516693
0.6182552576065063
1.1807712316513062
0.3614363372325897
-0.002899737795814872
-0.32703128457069397
0.6543734073638916
0.39624881744384766
-0.0008305147057399154
-0.35340020060539246
0.23979437351226807
0.5646998286247253
0.5536054968833923
0.3953506052494049
0.3234913945198059
0.026876691728830338
-0.16538968682289124
0.0980701670050621
0.8005055785179138
0.1455070674419403
-0.05846625193953514
0.07842280715703964
0.19292621314525604
0.30231940746307373
-0.05432410538196564
-0.2780572474002838
-0.329196572303772
0.2579924762248993
0.10499162971973419
0.40193602442741394
0.1252766102552414
0.1124771386384964
0.09867509454488754
0.28725069761276245
1.156965732574463
0.2318469136953354
-0.10559247434139252
-0.13026335835456848
0.11946804821491241
0.365521103143692
0.048805661499500275
-0.2902221381664276
-0.39726951718330383
0.33157092332839966
0.2090868204832077
0.40300509333610535
0.28100767731666565
0.3066936731338501
0.21145160496234894
0.6400232911109924
0.9950554370880127
0.3449043333530426
0.03448698669672012
-0.007383206859230995
0.4507259130477905
0.38192352652549744
-0.24316756427288055
-0.29470935463905334
0.05326569825410843
0.3539074659347534
0.41831275820732117
0.33779534697532654
0.252451092004776
0.22619323432445526
-0.05316567420959473
-0.019380979239940643
1.0267866849899292
0.1476050615310669
-0.2145542949438095
-0.03983885422348976
0.2376634031534195
0.2851550877094269
-0.1954227089881897
-0.26254820823669434
-0.27499309182167053
0.2231726050376892
0.287759006023407
0.27609947323799133
0.42425844073295593
0.2545984983444214
0.11557035148143768
0.7047202587127686
1.5007383823394775
0.415944367647171
-0.24446967244148254
-0.07639431953430176
0.6973447203636169
0.3256446123123169
0.01078537292778492
-0.22653315961360931
0.4247858226299286
0.488061785697937
0.6334330439567566
0.6948350071907043
0.4318527281284332
0.1909846067428589
0.03694504499435425
-0.11954815685749054
-0.2224423587322235
0.19484291970729828
-0.02182590588927269
-0.1608772575855255
-0.6072753667831421
0.10879991203546524
-0.034623708575963974
0.18272343277931213
0.16334185004234314
0.25475603342056274
0.1311827301979065
0.06320399045944214
0.2886490821838379
0.4120522439479828
0.12992312014102936
0.3274698257446289
0.8282338976860046
0.6197875142097473
0.18581286072731018
-0.508633553981781
-0.5851117968559265
0.5666671395301819
0.4565723240375519
-0.11486613005399704
-0.4289016127586365
0.4467943608760834
0.6057652235031128
0.6269926428794861
0.7906622886657715
0.08780387043952942
0.2542484402656555
0.6454072594642639
1.3005528450012207
0.2363661229610443
0.23622660338878632
0.33918893337249756
0.4821528494358063
0.4111703634262085
-0.23165494203567505
0.14563538134098053
-0.062150988727808
0.48047971725463867
0.48642462491989136
0.5399866700172424
0.1853736788034439
-0.03916800767183304
0.007431506644934416
0.07046988606452942
-0.0019027781672775745
-0.011760873720049858
0.04252787306904793
-0.027992188930511475
-0.06145079433917999
-0.02309306710958481
-0.15211938321590424
0.028778981417417526
0.07549021393060684
0.059960342943668365
0.0367710255086422
-0.021341536194086075
0.04896559566259384
0.11530434340238571
0.03078572452068329
-0.02107843942940235
0.03738684952259064
0.03730921074748039
0.013525785878300667
0.027373863384127617
0.08310948312282562
-0.035377051681280136
-0.054235681891441345
-0.03471584618091583
-0.019991379231214523
0.037326205521821976
-0.04179244115948677
0.06188158690929413
-0.040918849408626556
0.036467451602220535
-0.048901621252298355
0.09695088863372803
-0.020514490082859993
0.06243177130818367
0.08591331541538239
-0.032037556171417236
-0.013237392529845238
-0.0065710293129086494
0.001153885037638247
0.029846666380763054
-0.01912969909608364
-0.06602805852890015
-0.014780368655920029
0.015778105705976486
0.012183470651507378
-0.32836171984672546
-0.20195125043392181
-0.8763336539268494
-1.6340553760528564
-0.40666988492012024
-0.2754656970500946
-0.6745104193687439
-0.8653097748756409
-0.4337393045425415
-0.3341221511363983
-0.7431324124336243
-0.5004479885101318
-0.6360085606575012
-0.6332654356956482
-0.7820716500282288
-0.5471866130828857
-0.1497441977262497
-0.05703131854534149
-0.04793831706047058
-0.4505579471588135
-0.3581157922744751
-0.10981938242912292
-0.20348292589187622
0.13121043145656586
-0.3532739579677582
-0.041009727865457535
0.051325760781764984
0.22934217751026154
-0.3558426797389984
-0.20793011784553528
-0.2894703149795532
-0.6552639007568359
0.029208477586507797
-0.055037256330251694
-0.025392336770892143
-0.49557778239250183
-0.1748649775981903
-0.032214872539043427
-0.14233076572418213
-0.14710891246795654
-0.25660499930381775
-0.12960496544837952
0.2455182671546936
0.025446098297834396
-0.04786846041679382
-0.02336927130818367
-0.1994386911392212
-0.3008319139480591
0.03885859623551369
-0.039500631392002106
-0.07224328070878983
0.004823000635951757
-0.052789703011512756
0.0005200380110181868
0.022982899099588394
-0.0026665537152439356
-0.03140099719166756
-0.03398621454834938
-0.013587192632257938
-0.04708293452858925
-0.023085832595825195
0.044833555817604065
0.0018733186880126595
-0.0908270925283432
-0.11864303052425385
-0.09428497403860092
-0.13317053020000458
-0.6162079572677612
-0.3612992763519287
-0.13421139121055603
-0.5699131488800049
0.0009263644460588694
-0.2934347689151764
-0.16317403316497803
-0.3361148238182068
-0.027491603046655655
-0.34434574842453003
-0.4590800404548645
-0.6276013851165771
-0.7605959177017212
-0.6743727326393127
-0.25791501998901367
-0.6366219520568848
-1.4888854026794434
-0.9195992946624756
-0.5021171569824219
-0.8869958519935608
-1.0344635248184204
-0.8445128798484802
-0.4173540771007538
-0.8794083595275879
-1.0339127779006958
-1.3708001375198364
-0.9612007737159729
-1.2632380723953247
-1.1927900314331055
0.009391693398356438
-0.05888616293668747
-0.01797482930123806
-0.06304257363080978
-0.033635158091783524
0.0032827232498675585
-0.039337631314992905
-0.003210644703358412
0.009425478987395763
-0.03004806861281395
-0.037607744336128235
0.022033456712961197
-0.059050172567367554
0.06157442554831505
-0.06479804962873459
-0.015207253396511078
-0.1865828037261963
-0.010633609257638454
-0.22831620275974274
-0.4770505428314209
-0.34210655093193054
-0.08992411196231842
-0.21202866733074188
0.014362995512783527
-0.302671879529953
-0.16253001987934113
0.03321094810962677
0.23509481549263
-0.14957812428474426
-0.4856134057044983
-0.4550613760948181
-0.8255313038825989
0.03514963388442993
0.053767234086990356
-0.06450630724430084
0.03579498082399368
-0.03415045514702797
-0.020371656864881516
-0.07683116942644119
-0.06710027158260345
0.07474174350500107
-0.022880012169480324
0.028857653960585594
0.043300870805978775
-0.01511459145694971
0.007237814832478762
-0.0002903846907429397
-0.0031594850588589907
-0.28365156054496765
-0.23974870145320892
-0.5190867185592651
-1.4469248056411743
-0.41401901841163635
-0.0663704052567482
-0.4907796382904053
-0.5760335326194763
-0.5262713432312012
0.0062800440937280655
-0.5059841871261597
-0.429762601852417
-0.574134886264801
-0.37532514333724976
-0.659418523311615
-0.622577965259552
-0.0007225550943985581
-0.001355232554487884
0.017067987471818924
0.027982152998447418
-0.06818962097167969
-0.024350399151444435
0.043313074856996536
-0.008324341848492622
-0.022849785163998604
0.01850239560008049
0.008823662996292114
-0.04684116318821907
-0.012748140841722488
0.03518184274435043
0.00020394880266394466
-0.0016771209193393588
-0.3970983326435089
-0.21279951930046082
-0.4647291600704193
-1.7304987907409668
-0.5652525424957275
-0.19999374449253082
-0.4873605966567993
-0.287234365940094
-0.6629625558853149
-0.21637842059135437
-0.7192907929420471
-0.4993319511413574
-0.6191058158874512
-0.5324272513389587
-0.8857024908065796
-0.6643529534339905
-0.41307124495506287
-0.13417936861515045
-0.4922489523887634
-1.3394919633865356
-0.550728976726532
-0.16998794674873352
-0.2950904965400696
-0.39904895424842834
-0.5548040866851807
-0.11326725780963898
-0.4724244773387909
-0.25991883873939514
-0.497761994600296
-0.42958319187164307
-0.7926948070526123
-0.7289975881576538
-0.2998511791229248
-0.07615169137716293
-0.5375935435295105
-1.6000444889068604
-0.6196649074554443
-0.45420584082603455
-0.8193438649177551
-0.2768804728984833
-0.7678309082984924
-0.43970975279808044
-0.7179619073867798
-0.5364959239959717
-0.5112115144729614
-0.601539134979248
-0.8146476149559021
-0.9660535454750061
-0.01907234638929367
0.04253276437520981
0.04496464878320694
-0.03910082206130028
0.0021272816229611635
0.07688988745212555
0.02893373742699623
0.04362257942557335
0.013400748372077942
0.02539757452905178
0.030754059553146362
-0.0028915447182953358
0.03175174444913864
0.05345432087779045
0.0667225793004036
-0.10729481279850006
-0.4454573094844818
-0.12862594425678253
-0.5830523371696472
-1.4893145561218262
-0.7516860365867615
-0.15746478736400604
-0.6853042244911194
-0.30408355593681335
-0.7115830183029175
-0.37899741530418396
-0.600956916809082
-0.40057459473609924
-0.6310662627220154
-0.6044633388519287
-0.9525324106216431
-0.9180880188941956
-0.030732037499547005
-0.04139764606952667
-0.2344621866941452
-0.5563338994979858
-0.09430688619613647
0.05376231670379639
-0.022498566657304764
-0.23836106061935425
-0.05433977022767067
0.010840056464076042
0.06501886993646622
-0.008634285070002079
-0.12011176347732544
-0.1176808550953865
-0.23077550530433655
-0.04238951951265335
-0.09723731130361557
-0.016601407900452614
0.13581354916095734
-0.20123644173145294
-0.05074244737625122
-0.08195261657238007
0.2930675148963928
-0.10403210669755936
-0.047534357756376266
-0.021161867305636406
-0.011415454559028149
0.0155622698366642
0.025667091831564903
-0.08027905970811844
-0.037888288497924805
-0.04509839415550232
0.018621746450662613
-0.06908806413412094
-0.04810994863510132
-0.032786838710308075
0.013519088737666607
-0.07809343934059143
0.015221953392028809
0.06743798404932022
0.021375447511672974
0.002857252024114132
0.05344482138752937
-0.09864388406276703
0.0006447288324125111
0.06838829070329666
-0.031410183757543564
-0.07250551134347916
-0.33292093873023987
-0.13805919885635376
-0.2877228260040283
-0.8831929564476013
-0.6467611789703369
-0.15159015357494354
-0.3202303647994995
-0.237660750746727
-0.5326808094978333
-0.31891995668411255
-0.18873447179794312
-0.3092891275882721
-0.24629506468772888
-0.721553385257721
-0.9030454754829407
-0.8674007058143616
-0.39607083797454834
-0.32653898000717163
-0.7225176692008972
-1.439268946647644
-0.5164370536804199
-0.18565592169761658
-0.1908489167690277
-0.6987829208374023
-0.3529554605484009
-0.2587677836418152
-0.24225972592830658
-0.2795329689979553
-0.5628748536109924
-0.4833352565765381
-0.5800620913505554
-0.335351824760437
0.062193918973207474
0.04513189569115639
-0.23752756416797638
-1.1054489612579346
-0.2554727792739868
-0.023948587477207184
-0.19556623697280884
-0.4923655092716217
-0.4272516667842865
0.09383299946784973
-0.08450774103403091
-0.10053535550832748
-0.3668390214443207
-0.24490304291248322
-0.42883095145225525
-0.22304998338222504
-0.07951107621192932
-0.03157266229391098
-0.3585180640220642
-1.3994944095611572
-0.33599743247032166
0.029229307547211647
-0.1913675218820572
-0.25500965118408203
-0.60902339220047
-0.06886937469244003
0.060342684388160706
-0.16397491097450256
-0.39800697565078735
-0.2696474492549896
-0.630937933921814
-0.48784714937210083
-0.3018527626991272
-0.17142322659492493
-0.6903449296951294
-1.3263612985610962
-0.2751651406288147
-0.06262616813182831
-0.4775673747062683
-0.6383096575737
-0.26979130506515503
-0.05158497765660286
-0.36624962091445923
-0.22248543798923492
-0.47630786895751953
-0.42293980717658997
-0.4097387194633484
-0.20474426448345184
-0.23529765009880066
-0.15732330083847046
-0.2398228794336319
-1.098690152168274
-0.3396400213241577
-0.029313575476408005
-0.36496293544769287
-0.33648160099983215
-0.35898399353027344
0.10563525557518005
0.033527396619319916
0.06791219115257263
-0.29952090978622437
-0.3220975399017334
-0.5881925821304321
-0.6048600673675537
-0.28131696581840515
-0.22715939581394196
-0.8093080520629883
-1.7024714946746826
-0.49787306785583496
-0.16009372472763062
-0.8789800405502319
-0.8362829089164734
-0.40097200870513916
-0.4792497456073761
-0.9285194873809814
-0.5654369592666626
-0.5917121767997742
-0.4761633574962616
-0.6473791003227234
-0.420929878950119
-0.14179402589797974
-0.03997182101011276
-0.0752069354057312
0.20686529576778412
-0.27680766582489014
-0.05788954347372055
0.0386975072324276
0.4388314485549927
-0.1014794334769249
-0.0586877316236496
-0.15709032118320465
-0.19892506301403046
-0.19767896831035614
-0.1218377947807312
-0.25433817505836487
-0.3194815218448639
-0.3960695266723633
-0.21518844366073608
-0.5119662284851074
-1.0595051050186157
-0.7007724046707153
-0.2993077039718628
-0.26996365189552307
-0.22071850299835205
-0.5977995991706848
-0.4665587544441223
-0.15198267996311188
0.04321177303791046
-0.29481393098831177
-0.5897518992424011
-0.8533504605293274
-0.9655907154083252
-0.20904263854026794
-0.112979955971241
-0.8480404615402222
-1.4979006052017212
-0.37866833806037903
-0.3044890761375427
-0.6702598929405212
-0.5614245533943176
-0.3884568512439728
-0.2265598177909851
-0.8758242130279541
-0.433374285697937
-0.501367449760437
-0.3787633776664734
-0.6447318196296692
-0.3974147140979767
-0.022707069292664528
0.019650034606456757
0.0956248790025711
0.03783736750483513
-0.05126797407865524
-5.01231370435562e-05
0.02776939980685711
0.04367520287632942
-0.024029841646552086
-0.017552480101585388
0.04520760849118233
0.025475267320871353
0.0229102224111557
-0.07639370858669281
-0.03321649506688118
0.08113015443086624
0.0034912070259451866
-0.042061883956193924
0.005829243455082178
0.05066293478012085
0.021980926394462585
-0.03166026622056961
0.06592993438243866
0.04120282083749771
-0.08568550646305084
-0.0377616286277771
-0.1049523875117302
0.015518775209784508
-0.011262240819633007
0.010591387748718262
0.05239919573068619
0.01850491762161255
0.03352031111717224
0.07774718850851059
0.026653099805116653
-0.029989486560225487
0.005589502397924662
0.0018169836839661002
-0.040817566215991974
-0.024524660781025887
0.05985035374760628
0.08043856918811798
-0.017507925629615784
0.06767570972442627
0.021418286487460136
-0.030083050951361656
0.0010240506380796432
0.01996489055454731
-0.4357278645038605
0.0837656557559967
-1.1209654808044434
-2.048352003097534
-0.6031481027603149
0.33794644474983215
0.41336360573768616
-0.8891650438308716
-0.5108636021614075
0.08859343826770782
0.13772916793823242
-0.4256698787212372
-0.6712472438812256
-0.3830278515815735
-0.4313349723815918
-0.3589383661746979
-0.20638974010944366
0.07216592133045197
-0.26767757534980774
-0.41675254702568054
-0.3695577383041382
-0.15994596481323242
0.581419050693512
0.6240276098251343
-0.3596567213535309
-0.05608389899134636
0.627564013004303
0.627575159072876
-0.39089417457580566
-0.1400805115699768
-0.21462245285511017
-0.2123316377401352
-0.008442215621471405
0.055524956434965134
0.032732632011175156
-0.7816306352615356
-0.21961958706378937
-0.0035679249558597803
0.05272466689348221
-0.17830424010753632
-0.2695414423942566
-0.05412198603153229
0.9687129855155945
0.5269294381141663
-0.09885653853416443
-0.2240135669708252
-0.30658406019210815
-0.102934829890728
-0.07101471722126007
-0.08131446689367294
-0.039437469094991684
0.03301863372325897
-0.04257426783442497
0.024568727239966393
-0.0008100862032733858
0.024691948667168617
0.016657697036862373
-0.012928226962685585
0.018491677939891815
0.01249011792242527
0.06368399411439896
-0.007100868504494429
0.03770267590880394
0.014379024505615234
-0.1718784123659134
0.08645590394735336
-0.1787656992673874
-0.7930891513824463
-0.28508275747299194
0.13147075474262238
-0.04781234636902809
0.6078775525093079
-0.3750719726085663
-0.13141034543514252
-0.3167005479335785
0.13132014870643616
-0.41826263070106506
-0.5458258986473083
-0.2607790529727936
-0.5404319167137146
-0.6082020401954651
0.07723934948444366
-0.1651153862476349
-1.4344638586044312
-0.8405876755714417
0.09387356787919998
-0.14831413328647614
-0.3511216938495636
-0.905022144317627
-0.08924238383769989
0.0004309557261876762
-0.02598944865167141
-1.6315052509307861
-0.6749805212020874
-0.5717867612838745
-0.59941166639328
-0.05097093805670738
0.023035820573568344
-0.004026777110993862
0.0964755043387413
0.05754050984978676
0.10757455229759216
-0.08567050844430923
-0.04208449646830559
0.07085425406694412
-0.052754003554582596
-0.02131321094930172
-0.07009700685739517
-0.010003718547523022
0.04137764498591423
0.008403467014431953
-0.07756184041500092
-0.13064663112163544
0.013737255707383156
-0.13730378448963165
-0.3672529458999634
-0.39362892508506775
-0.17398764193058014
0.6418840885162354
0.5645368695259094
-0.429070383310318
-0.1986660659313202
0.12706336379051208
0.5191895365715027
-0.2999209463596344
-0.4431159198284149
-0.1556529998779297
-0.35172680020332336
-0.01925586722791195
0.07114725559949875
0.0238045547157526
-0.07833966612815857
-0.0013886085944250226
-0.00864142645150423
-0.012507868930697441
-0.0006327992887236178
-0.0009560309699736536
0.047052185982465744
0.08796656876802444
-0.05213095620274544
0.016906162723898888
-0.017883045598864555
0.03819912672042847
-0.005356953479349613
-0.2931373119354248
-0.12149394303560257
-0.0868716910481453
-1.72862708568573
-0.40289396047592163
0.04750272259116173
0.445361465215683
0.23359821736812592
-0.5388376712799072
0.3733706772327423
0.09969481080770493
0.0743078887462616
-0.7010079026222229
-0.33658677339553833
-0.3283374011516571
-0.4042421281337738
0.0013372375397011638
-0.029788602143526077
0.055847153067588806
0.02579834870994091
0.022315997630357742
-0.03838308900594711
-0.033395517617464066
-0.04232321307063103
-0.02147255465388298
0.05053584650158882
0.0003754953504540026
-0.03012358769774437
-0.02111540362238884
0.010089871473610401
0.0026394266169518232
0.012083564884960651
-0.44833996891975403
-0.09771884232759476
-0.16566671431064606
-2.166431427001953
-0.49889659881591797
0.08008503913879395
0.1031220331788063
0.1773344725370407
-0.7285189628601074
0.11444545537233353
0.18544910848140717
-0.005489542614668608
-0.7700502872467041
-0.22228866815567017
-0.3292485773563385
-0.3596670925617218
-0.395744264125824
-0.08519179373979568
-0.5308034420013428
-1.9800316095352173
-0.5096039175987244
0.4063427746295929
0.360389769077301
-0.6057186722755432
-0.6131870746612549
0.1715257316827774
0.32189464569091797
0.3439148962497711
-0.5950003266334534
-0.15780776739120483
-0.2936549782752991
-0.29037564992904663
-0.34191831946372986
0.011801384389400482
-0.3781053423881531
-1.7337647676467896
-0.6568426489830017
0.11608603596687317
-0.06947000324726105
0.4899148643016815
-0.6898283362388611
-0.015442635864019394
0.23968730866909027
0.030864110216498375
-0.647071123123169
-0.43874090909957886
-0.31958967447280884
-0.3569943606853485
-0.06877226382493973
0.05247858911752701
0.035255491733551025
-0.012590410187840462
0.02052154578268528
-0.03520965948700905
-0.04703715071082115
-0.014958462677896023
0.020743275061249733
0.09005256742238998
0.05199652910232544
-0.05996772646903992
-0.0033521633595228195
0.0038909113500267267
-0.009610040113329887
0.06886468082666397
-0.5053102374076843
0.02956111542880535
-0.23407995700836182
-1.612815260887146
-0.6852307915687561
0.18214775621891022
0.26028311252593994
0.22906404733657837
-0.6931940913200378
-0.027183204889297485
0.2592288851737976
-0.05495497211813927
-0.7282681465148926
-0.3987560570240021
-0.3173624873161316
-0.4114530384540558
0.09807610511779785
0.03702377900481224
-0.22361482679843903
-0.945644199848175
-0.11438748985528946
0.09944383054971695
-0.236636683344841
-0.5059391260147095
-0.03334678336977959
0.3615744411945343
0.4895710349082947
0.06533636152744293
-0.11102040857076645
-0.025741523131728172
-0.13413190841674805
-0.048491187393665314
-0.16174650192260742
-0.15905962884426117
0.23136703670024872
-0.26563429832458496
0.006486082915216684
0.15577416121959686
0.5263306498527527
-0.11913430690765381
-0.023727552965283394
0.07119204103946686
-0.008440426550805569
-0.03655485436320305
0.08556538075208664
-0.04687298461794853
-0.2022634744644165
-0.10836134105920792
-0.07842845469713211
0.07082923501729965
-0.012097018770873547
0.04736261069774628
0.014807259663939476
-0.03248652443289757
0.043765533715486526
-0.0011912183836102486
0.029306981712579727
-0.033186014741659164
-0.010803760960698128
-0.025294926017522812
-0.010352645069360733
0.010795297101140022
0.036617182195186615
-0.08011494576931
-0.3787672817707062
0.12083038687705994
0.008728700689971447
-0.9298928380012512
-0.5860719084739685
0.228661447763443
0.48703956604003906
0.49081623554229736
-0.522668719291687
0.006985364481806755
-0.015482846647500992
-0.05364297702908516
-0.24305275082588196
-0.4399745762348175
-0.3531210422515869
-0.7884599566459656
-0.34047555923461914
-0.20829170942306519
-0.7154642939567566
-1.7416754961013794
-0.46620699763298035
0.29581567645072937
0.42407166957855225
-0.5629324913024902
-0.46026360988616943
0.11526020616292953
0.45091596245765686
-0.1344413161277771
-0.6572360992431641
-0.37573981285095215
-0.22516536712646484
-0.1718859225511551
-0.04284542053937912
0.023769523948431015
-0.2425597608089447
-1.7923099994659424
-0.19503116607666016
0.10373751074075699
-0.023638786748051643
-0.674350917339325
-0.3812303841114044
0.33388739824295044
0.7802213430404663
0.2627851366996765
-0.34719613194465637
-0.1173563003540039
-0.2768188714981079
-0.06987395882606506
-0.09350108355283737
-0.0517345555126667
-0.4803719222545624
-1.9819353818893433
-0.2910535931587219
0.26846563816070557
0.013534203171730042
-0.3425920605659485
-0.428043007850647
0.44091659784317017
0.9254540801048279
0.4431796967983246
-0.4213198721408844
-0.2747649848461151
-0.21182109415531158
-0.1436859667301178
-0.30359646677970886
-0.2858905494213104
-0.8666886687278748
-1.701776385307312
-0.3041171729564667
0.05421142652630806
-0.2872903347015381
-0.7562198638916016
-0.4346120059490204
0.20988604426383972
0.20799605548381805
0.16260232031345367
-0.4741414785385132
-0.24658726155757904
-0.10843265056610107
-0.2384781539440155
-0.18811659514904022
0.06573519855737686
-0.1790708303451538
-1.6796728372573853
-0.30531421303749084
0.3886530101299286
0.05019601434469223
-0.3568330705165863
-0.34128886461257935
0.15541918575763702
0.7124531865119934
0.5319109559059143
-0.37275540828704834
-0.1964641958475113
-0.2461383044719696
-0.2997588813304901
-0.34958380460739136
0.1010119840502739
-0.868152379989624
-2.159083366394043
-0.5078495740890503
0.3415091037750244
-0.13412465155124664
-0.3888479471206665
-0.4115535020828247
0.14622357487678528
-0.023685013875365257
-0.3394177258014679
-0.768775224685669
-0.47900018095970154
-0.36735183000564575
-0.4675271809101105
-0.2738654911518097
0.027800241485238075
-0.055256277322769165
0.2749750018119812
-0.36558908224105835
0.02237875759601593
0.4748091399669647
0.789228618144989
-0.021391024813055992
0.06704487651586533
-0.08391306549310684
-0.03629666939377785
-0.21981672942638397
-0.06465320289134979
-0.3439594805240631
-0.49782148003578186
-0.40885186195373535
-0.06848176568746567
-0.09844254702329636
-1.1372743844985962
-0.5890617966651917
0.08224490284919739
0.7007426023483276
0.4324556291103363
-0.6515739560127258
-0.2779238820075989
0.6085615158081055
0.5630830526351929
-0.4294207692146301
-0.35784685611724854
-0.3048519194126129
-0.42848312854766846
-0.16369806230068207
-0.2118888795375824
-0.8557050824165344
-2.147791862487793
-0.3452000916004181
-0.09584750980138779
-0.5651170611381531
-1.0796698331832886
-0.47260648012161255
-0.07078512758016586
-0.10505804419517517
0.21764566004276276
-0.5801704525947571
-0.27302879095077515
-0.12346962839365005
-0.30585986375808716
0.004491464700549841
0.0164638739079237
-0.06428375095129013
0.011983600445091724
0.11616773158311844
0.06852015107870102
0.012423497624695301
-0.03158664330840111
-0.010416270233690739
0.014065904542803764
0.0015257979976013303
0.0687110424041748
0.004573802463710308
-0.01656924933195114
-0.01907949522137642
-0.014537716284394264
0.09039101749658585
-0.02613103948533535
0.023848993703722954
-0.009204462170600891
0.03818577527999878
-0.008596595376729965
0.0017697967123240232
-0.0017645678017288446
-0.004616530146449804
0.024663066491484642
0.026775255799293518
-0.060164716094732285
0.034854184836149216
0.04579590633511543
0.04627399891614914
0.028843630105257034
-0.00889138225466013
-0.025024786591529846
0.028643708676099777
0.018601085990667343
0.14280612766742706
-0.017785662785172462
-0.018417343497276306
-0.05530573055148125
-0.010968645103275776
0.00878396537154913
0.01755940355360508
0.053511228412389755
0.017896350473165512
0.01896468922495842
0.021459614858031273
-0.010289800353348255
-0.3766912817955017
-0.1221071258187294
-0.9180357456207275
-1.605759620666504
-0.5181228518486023
-0.06841618567705154
-0.6734545230865479
-0.9504943490028381
-0.30390700697898865
-0.2518848478794098
-0.7411003708839417
-0.6135186553001404
-0.6274468898773193
-0.6333985924720764
-0.8673476576805115
-0.43822169303894043
-0.20592303574085236
-0.07210222631692886
-0.1341668665409088
-0.5496691465377808
-0.4249226450920105
-0.1757572889328003
0.147166445851326
0.10066478699445724
-0.3418733477592468
-0.0652034804224968
0.39927658438682556
0.15967804193496704
-0.3210188150405884
-0.2525775134563446
-0.37647926807403564
-0.5504174828529358
-0.008210406638681889
-0.07705360651016235
-0.015913089737296104
-0.6113564968109131
-0.23960576951503754
-0.10577622056007385
0.0285852812230587
-0.09410405904054642
-0.226639986038208
-0.16620106995105743
0.4063407778739929
0.05888612940907478
-0.00040407999767921865
-0.03345242515206337
-0.3148771822452545
-0.31466516852378845
-0.07351355999708176
0.08052351325750351
-0.028809377923607826
0.09607773274183273
-0.029279585927724838
0.07469813525676727
-0.007674380671232939
0.03539181128144264
0.01403078157454729
-0.06294020265340805
-0.010383917950093746
0.011588823981583118
0.03411078825592995
-0.04513350501656532
0.015563041903078556
-0.018513988703489304
-0.09529703855514526
-0.08115001767873764
-0.22693859040737152
-0.556007981300354
-0.3134939968585968
-0.13151532411575317
-0.4932146966457367
-0.0343937948346138
-0.35987794399261475
-0.2748691737651825
-0.29370465874671936
-0.147147536277771
-0.43170782923698425
-0.5095307230949402
-0.6339764595031738
-0.6567884683609009
-0.6631085276603699
-0.31093788146972656
-0.6136833429336548
-1.5924028158187866
-0.9199889302253723
-0.3981485366821289
-0.8348347544670105
-1.111348032951355
-1.013645052909851
-0.5242199301719666
-0.6403922438621521
-1.1672282218933105
-1.429617166519165
-0.9622644186019897
-1.226852297782898
-1.2296142578125
0.04586132988333702
-0.06941983103752136
-0.009238927625119686
-0.07042291015386581
0.05030534416437149
0.03717801719903946
0.007560445927083492
-0.04000362008810043
0.05042024329304695
-0.03319930657744408
0.03349277377128601
0.08285423368215561
-0.08281701058149338
-0.012895298190414906
0.05061570927500725
0.05950665473937988
-0.13275031745433807
-0.11308939754962921
-0.1986732929944992
-0.4123341143131256
-0.4684344530105591
-0.13660189509391785
0.07378712296485901
0.051793359220027924
-0.30512872338294983
-0.20517495274543762
0.041345980018377304
0.09341077506542206
-0.1941342055797577
-0.44360780715942383
-0.5512692332267761
-0.8662173748016357
0.03968958556652069
-0.0439082533121109
0.06379681080579758
-0.03138237074017525
0.02668081969022751
-0.02391790598630905
0.05101993307471275
-0.024652181193232536
-0.009577315300703049
-0.08746500313282013
0.018905851989984512
-0.00082315196050331
-0.04159180074930191
-0.04096214473247528
0.009500492364168167
0.10224846005439758
-0.19112497568130493
-0.16867895424365997
-0.3446577191352844
-1.5194041728973389
-0.3347054421901703
-0.1773681640625
-0.15868575870990753
-0.6461701989173889
-0.5047706365585327
0.02857588231563568
-0.44199976325035095
-0.4519177973270416
-0.5055813193321228
-0.4546019434928894
-0.7106650471687317
-0.6318568587303162
0.017450036481022835
-0.0066719320602715015
-0.007873679511249065
0.0895925983786583
-0.003283252939581871
-0.006829102523624897
-0.011865096166729927
-0.0392720066010952
0.023517878726124763
0.005169922485947609
-0.03564314544200897
-0.009599065408110619
0.01385367289185524
-0.0060954708606004715
0.03350527584552765
-0.004502610769122839
-0.3882376253604889
-0.15555238723754883
-0.41621607542037964
-1.8425484895706177
-0.5081743597984314
-0.2759245038032532
-0.2838297486305237
-0.3989199101924896
-0.7455174922943115
-0.16467848420143127
-0.5683687329292297
-0.6937829256057739
-0.6089043021202087
-0.48099231719970703
-0.7857482433319092
-0.7758220434188843
-0.350670725107193
-0.17124350368976593
-0.5080422163009644
-1.4086790084838867
-0.46462658047676086
0.06712115556001663
-0.2776097059249878
-0.37718766927719116
-0.6573261022567749
-0.08017200231552124
-0.14644989371299744
-0.3239903450012207
-0.5553812980651855
-0.40654242038726807
-0.7225026488304138
-0.7705999612808228
-0.33251169323921204
-0.17164599895477295
-0.61896812915802
-1.6624107360839844
-0.5026561617851257
-0.318522185087204
-0.717204213142395
-0.2820952236652374
-0.7550297975540161
-0.2996797561645508
-0.2620437741279602
-0.6285107731819153
-0.4151076078414917
-0.7033297419548035
-0.839235782623291
-0.9721284508705139
0.00326239294372499
0.04902627319097519
0.056122008711099625
0.06568576395511627
0.028374021872878075
-0.053206685930490494
0.13643167912960052
0.029431983828544617
-0.0057591781951487064
0.0011991182109341025
0.037997543811798096
0.004913839977234602
-0.0002771345025394112
0.027073346078395844
-0.007647199090570211
0.003243471961468458
-0.42380091547966003
-0.09884297847747803
-0.5848699808120728
-1.4486812353134155
-0.6916168332099915
-0.133881613612175
-0.4290158152580261
-0.37130704522132874
-0.7489930391311646
-0.443734347820282
-0.33602821826934814
-0.5212774872779846
-0.6090692281723022
-0.610334575176239
-0.8569982647895813
-0.9229626059532166
0.09685372561216354
0.0026589317712932825
-0.21813930571079254
-0.5085037350654602
-0.12964771687984467
0.04606732353568077
-0.05332890525460243
-0.3691582977771759
-0.02066594548523426
0.12563154101371765
0.13116730749607086
-0.04255581647157669
-0.05466661974787712
-0.17630551755428314
-0.22338125109672546
-0.006438755430281162
-0.19778543710708618
-0.0799814835190773
0.09949434548616409
-0.1639510840177536
-0.02809027209877968
0.0888456404209137
0.27963006496429443
-0.09619521349668503
-0.043273892253637314
-0.03580854833126068
0.009499680250883102
-0.022546064108610153
0.04262727126479149
-0.029673008248209953
-0.05057483911514282
0.05339429900050163
-0.04992949590086937
0.03088155947625637
0.011086888611316681
0.0352262407541275
0.015789831057190895
0.022664343938231468
0.049102216958999634
-0.019542483612895012
-0.001249578665010631
0.015255843289196491
0.015041123144328594
0.03289979323744774
-0.005344414617866278
-0.08034275472164154
0.01250067912042141
-0.028424011543393135
-0.35978811979293823
-0.09958677738904953
-0.3520047664642334
-0.8358709216117859
-0.6733083128929138
-0.15521740913391113
-0.1782960146665573
-0.26651376485824585
-0.4670672118663788
-0.12582041323184967
-0.23594915866851807
-0.37098410725593567
-0.16772332787513733
-0.7068063020706177
-0.8117934465408325
-0.8540523648262024
-0.33579742908477783
-0.25741592049598694
-0.7670611143112183
-1.42415189743042
-0.4985998570919037
0.00012876815162599087
-0.2504134178161621
-0.6134286522865295
-0.3739868104457855
-0.1007613018155098
-0.17022207379341125
-0.2983762323856354
-0.5585687756538391
-0.5183721780776978
-0.5997044444084167
-0.31946268677711487
-0.05181688815355301
0.08059544116258621
-0.18757520616054535
-1.178175687789917
-0.15574069321155548
-0.0523136742413044
-0.2313225120306015
-0.5589130520820618
-0.430187851190567
0.1117233857512474
0.021831709891557693
-0.34475985169410706
-0.37691453099250793
-0.15127567946910858
-0.3870781362056732
-0.3586849272251129
-0.0702424943447113
-0.04185180366039276
-0.3737233281135559
-1.3802502155303955
-0.27910709381103516
-0.016502313315868378
-0.04794679582118988
-0.34589827060699463
-0.608322262763977
0.005235547199845314
0.3234364688396454
-0.13768267631530762
-0.45244431495666504
-0.21934391558170319
-0.5664224624633789
-0.40317806601524353
-0.37260985374450684
-0.20390541851520538
-0.7749695777893066
-1.3293647766113281
-0.3588245213031769
-0.14533409476280212
-0.4254305958747864
-0.5820273756980896
-0.3694419860839844
-0.09903695434331894
-0.20788684487342834
-0.17659170925617218
-0.4067445993423462
-0.5031499862670898
-0.5197221636772156
-0.17028333246707916
-0.23673829436302185
-0.0244796983897686
-0.36185142397880554
-1.0427297353744507
-0.21742303669452667
0.11621952801942825
-0.42425742745399475
-0.47929835319519043
-0.40951547026634216
0.07470054179430008
0.18586628139019012
-0.017696838825941086
-0.3299735188484192
-0.31307893991470337
-0.5148698687553406
-0.5986044406890869
-0.2654939591884613
-0.1846631020307541
-0.8113990426063538
-1.5526596307754517
-0.37925073504447937
-0.07790665328502655
-0.9409580826759338
-0.8664330840110779
-0.3552314043045044
-0.2858566343784332
-0.9721526503562927
-0.5794152021408081
-0.6848658323287964
-0.6214421391487122
-0.7225346565246582
-0.45514950156211853
-0.2960762083530426
-0.03060576505959034
0.04737471416592598
0.26207515597343445
-0.3052806854248047
-0.037942174822092056
0.11490432173013687
0.4181889295578003
-0.14611399173736572
0.012248226441442966
-0.08501651883125305
-0.3253481984138489
-0.21371808648109436
-0.02242555283010006
-0.28444650769233704
-0.3076917827129364
-0.38724660873413086
-0.19279062747955322
-0.4019087851047516
-1.0501865148544312
-0.5941444039344788
-0.18483756482601166
-0.04392271488904953
-0.2573387622833252
-0.6675320267677307
-0.40716663002967834
0.14523911476135254
-0.13996021449565887
-0.37048277258872986
-0.5634313821792603
-0.7319974899291992
-0.927639901638031
-0.15118971467018127
-0.1647540032863617
-0.7396453619003296
-1.5834358930587769
-0.37699824571609497
-0.3522454798221588
-0.7639013528823853
-0.7117520570755005
-0.3957226574420929
-0.2889649569988251
-0.7420997619628906
-0.6254252195358276
-0.5009729266166687
-0.5130702257156372
-0.6870107650756836
-0.3659099042415619
0.08233319222927094
-0.05345824360847473
-0.012331941165030003
0.008496611379086971
0.0027729638386517763
0.021440481767058372
0.00857852678745985
-0.08143876492977142
0.003535572672262788
0.07400745898485184
-0.017413292080163956
-0.042857684195041656
-0.09359753876924515
0.04455386474728584
0.07277286797761917
0.04601775482296944
-0.07611045241355896
-0.01671515591442585
0.05482156574726105
0.05318355932831764
-0.05729644373059273
0.028246300294995308
-0.009858864359557629
0.0173113364726305
0.01699492521584034
0.031194649636745453
0.006536723114550114
0.04478936642408371
0.025282518938183784
0.10289093852043152
0.06986446678638458
-0.020398801192641258
0.020680870860815048
-0.10002616792917252
0.07007727771997452
-0.020235197618603706
0.020586490631103516
0.04185023531317711
-0.05134955421090126
-0.048793211579322815
-0.03238746523857117
-0.048301223665475845
0.012954005040228367
-0.02894989773631096
-0.08768013119697571
0.05552442744374275
-0.020064376294612885
-0.04708431288599968
0.3126693665981293
0.08488190174102783
0.7150748372077942
1.3384885787963867
0.46682390570640564
-0.16015298664569855
-0.37275511026382446
1.0025813579559326
0.3311876654624939
-0.19332699477672577
-0.09118811041116714
0.4981864392757416
0.5469962358474731
0.6137786507606506
0.7141047120094299
0.3612525761127472
0.1903759092092514
0.12545627355575562
-0.10721132904291153
0.19094127416610718
0.27539920806884766
0.11625716835260391
-0.5104131698608398
-0.45362797379493713
0.2843155860900879
0.0071588377468287945
-0.38622844219207764
-0.3137870132923126
0.55281001329422
0.22984687983989716
0.18545928597450256
0.3520846366882324
-0.01801588013768196
0.011129127815365791
-0.02762819267809391
0.36553728580474854
0.1012834683060646
0.15234977006912231
0.002998426789417863
0.00288392324000597
0.04406115785241127
0.07346402853727341
-0.563186764717102
-0.26517003774642944
0.05470756068825722
0.07234754413366318
0.1338852047920227
0.05782993882894516
0.004882847890257835
0.025645015761256218
-0.009539676830172539
-0.14290206134319305
-0.06722468137741089
0.029816245660185814
-0.08624737709760666
-0.02997344359755516
0.011691448278725147
-0.003554683644324541
-0.018350636586546898
-0.10353250056505203
0.02796521782875061
0.010759430006146431
-0.06823907792568207
0.07363332062959671
0.04927537217736244
0.017679253593087196
-0.1007414236664772
0.21842040121555328
0.23136703670024872
-0.12354600429534912
0.13958072662353516
-0.31334203481674194
0.18939298391342163
0.24948051571846008
0.38712650537490845
-0.030469192191958427
0.4592408835887909
0.4581693112850189
0.429227739572525
0.6945043802261353
0.5508570671081543
0.1656980961561203
0.49881839752197266
1.226696252822876
0.8105400204658508
0.30141234397888184
0.23660825192928314
0.7879740595817566
0.9279088377952576
0.3780302107334137
0.17438502609729767
0.6828917264938354
1.4234148263931274
0.8964913487434387
0.980768084526062
1.1668121814727783
0.07473696768283844
0.022876795381307602
-0.02569887973368168
-0.03157970681786537
-0.05933595076203346
0.06329111754894257
0.013510930351912975
0.020601514726877213
0.003365941811352968
0.014308175072073936
0.020188352093100548
-0.04643828794360161
0.031211834400892258
0.07073496282100677
0.00573636032640934
-0.01882711984217167
0.060652002692222595
0.20085926353931427
0.17926838994026184
0.20975688099861145
0.3608130216598511
0.06654209643602371
-0.3518628180027008
-0.20452196896076202
0.17660656571388245
0.09244441241025925
-0.03815513849258423
-0.3066585659980774
0.43491023778915405
0.4536822438240051
0.36989232897758484
0.4840101897716522
-0.03050956502556801
-0.05113770812749863
0.053167473524808884
-0.011413258500397205
0.02188056893646717
0.10738496482372284
-0.03620405122637749
0.047813549637794495
0.037456613034009933
0.03446062281727791
0.003680307185277343
0.02029266580939293
-0.03646007925271988
-0.008439050987362862
-0.008137444965541363
-0.03728888928890228
0.19643934071063995
0.3074192404747009
0.38690799474716187
0.9647940993309021
0.33788594603538513
0.04986454173922539
-0.334983766078949
0.3567509651184082
0.43671250343322754
-0.11927763372659683
-0.22245953977108002
0.1985679417848587
0.7144531011581421
0.3428032696247101
0.3370515704154968
0.4131511449813843
0.019239891320466995
-0.004297157283872366
0.08354371041059494
0.007831647992134094
-0.000661187048535794
0.000489796744659543
-0.013063757680356503
0.05786091089248657
-0.018458794802427292
-0.04324278235435486
0.018554475158452988
-0.04113910347223282
0.00814582034945488
-0.029897119849920273
0.0033305687829852104
-0.006540894508361816
0.4989664852619171
0.21659913659095764
0.354774534702301
1.504452109336853
0.5309854745864868
0.14117446541786194
-0.30676472187042236
0.10014032572507858
0.604589581489563
0.06979873776435852
0.094392791390419
0.33018553256988525
0.7114661931991577
0.46644601225852966
0.4900974929332733
0.5337106585502625
0.4966575503349304
0.32991519570350647
0.2699296772480011
1.1892451047897339
0.32706859707832336
-0.12354474514722824
-0.27010300755500793
0.2000650316476822
0.38312557339668274
0.059267040342092514
-0.14736603200435638
-0.14413262903690338
0.34709692001342773
0.25933608412742615
0.5292859077453613
0.4235469102859497
0.2998272180557251
0.16288192570209503
0.18391278386116028
1.239652156829834
0.49283501505851746
0.108670175075531
0.19249507784843445
0.05086296796798706
0.5669288039207458
0.310027539730072
0.14579536020755768
0.40280917286872864
0.4872874617576599
0.694544792175293
0.552138090133667
0.8465651869773865
0.009527865797281265
0.05669061467051506
-0.031744956970214844
-0.014749255031347275
-0.03765226900577545
0.06651192158460617
-0.08447280526161194
0.0071840910241007805
0.023235639557242393
0.0474107451736927
0.027091095224022865
-0.03407275676727295
-0.02541978657245636
-0.01092278491705656
-0.04078327491879463
0.0034198807552456856
0.3824324607849121
0.07340522110462189
0.4530613124370575
1.11738121509552
0.49337831139564514
-0.10558902472257614
0.03693625330924988
0.3315698802471161
0.6767867803573608
0.2661665081977844
0.08217491209506989
0.2655510902404785
0.8204692006111145
0.7373211979866028
0.634252667427063
0.8394046425819397
-0.06403947621583939
0.04330421984195709
0.056316815316677094
0.41778746247291565
0.07200075685977936
-0.22284188866615295
0.0289723202586174
0.3099280595779419
0.05720483139157295
-0.15951001644134521
-0.4928678274154663
0.08716711401939392
0.010567366145551205
-0.003224692540243268
0.06993289291858673
-0.004277120344340801
0.030925793573260307
0.16149897873401642
-0.13611072301864624
0.09602876007556915
0.02438242919743061
-0.0776740163564682
-0.40629422664642334
0.10995316505432129
0.01584705524146557
-0.019638648256659508
0.020129427313804626
0.00441771699115634
-0.030080098658800125
-0.013971344567835331
0.11803458631038666
0.1476525217294693
0.01711946353316307
0.008650925010442734
0.05554362013936043
-0.004844417795538902
-0.026148788630962372
0.0722423791885376
-0.061043880879879
0.05758402496576309
0.0037165614776313305
-0.12220887094736099
0.06265084445476532
-0.04536321014165878
-0.023254625499248505
0.02247406356036663
0.0460607148706913
0.014839381910860538
0.30582767724990845
-0.00897164735943079
0.2950676679611206
0.3731156289577484
0.5659388899803162
-0.15042945742607117
-0.24474972486495972
0.05047152191400528
0.5109996199607849
0.3323593735694885
0.05362863093614578
0.20246799290180206
0.4255008101463318
0.6073991060256958
0.7188687920570374
0.6877951622009277
0.38161736726760864
0.39015376567840576
0.48127612471580505
1.0768613815307617
0.4654849171638489
-0.15836049616336823
-0.34920865297317505
0.5694583058357239
0.4179634153842926
-0.03221557289361954
-0.4117313325405121
0.3194334805011749
0.3439788818359375
0.4118850827217102
0.40514060854911804
0.34968262910842896
0.020724711939692497
-0.06129952892661095
0.06476321071386337
0.8339909315109253
0.09141719341278076
-0.04400133341550827
0.1928091049194336
0.2304394394159317
0.3223447799682617
-0.09867647290229797
-0.4078245460987091
-0.2057303786277771
0.2251855880022049
0.20520344376564026
0.14737685024738312
0.2568088471889496
0.09668651223182678
0.09321611374616623
0.3149589002132416
1.1491570472717285
0.22008424997329712
-0.22447888553142548
-0.009130408056080341
0.31972816586494446
0.3180274963378906
-0.061450231820344925
-0.30465245246887207
-0.2969748377799988
0.38408634066581726
0.21836982667446136
0.37524253129959106
0.21414674818515778
0.3460560441017151
0.2456546276807785
0.5584041476249695
1.042689561843872
0.3831869661808014
0.15278398990631104
0.01722588762640953
0.4264850318431854
0.45479562878608704
-0.21533291041851044
-0.30665358901023865
0.13675588369369507
0.37590864300727844
0.3073408901691437
0.342060923576355
0.1386968195438385
0.2751043736934662
0.11103978008031845
-0.0275625828653574
0.9904059767723083
0.3211269676685333
-0.32433247566223145
-0.13508334755897522
0.23228365182876587
0.32703253626823425
0.029033120721578598
-0.29046109318733215
-0.24792920053005219
0.3049759566783905
0.2520713806152344
0.21866671741008759
0.4318675994873047
0.26078301668167114
0.27326610684394836
0.7065698504447937
1.5983535051345825
0.41860470175743103
-0.2092919796705246
-0.1996009796857834
0.7700501680374146
0.4126790761947632
-0.06742622703313828
-0.14939945936203003
0.5306730270385742
0.5181727409362793
0.6822816729545593
0.6831309795379639
0.4251628816127777
0.12164574861526489
0.09000030905008316
-0.16292095184326172
-0.303104043006897
0.24234160780906677
0.12580330669879913
-0.05900847911834717
-0.6321977376937866
0.05140776187181473
-0.06823337078094482
0.15596617758274078
0.22672054171562195
0.3172839879989624
0.12294188886880875
0.15121163427829742
0.24363885819911957
0.4574090540409088
0.13289883732795715
0.5412368178367615
0.8680381774902344
0.540692925453186
0.13710442185401917
-0.483778178691864
-0.25269025564193726
0.598322868347168
0.4827679395675659
-0.27321386337280273
-0.4297511577606201
0.29249587655067444
0.7258726358413696
0.5857944488525391
0.7257278561592102
0.2019527405500412
0.24076250195503235
0.7366691827774048
1.3300639390945435
0.24611420929431915
0.10758772492408752
0.2709783911705017
0.5003091096878052
0.45876991748809814
-0.2006586790084839
0.20711378753185272
0.11071111261844635
0.4118863642215729
0.4267248213291168
0.3167966306209564
0.26408129930496216
-0.018072839826345444
0.064845509827137
0.048535145819187164
-0.08315704017877579
-0.0071587758138775826
0.005772517062723637
0.017953481525182724
-0.03680921718478203
-0.028400752693414688
-0.07239624112844467
-0.029101883992552757
-0.04325515404343605
0.038438186049461365
-0.10111984610557556
0.017522083595395088
0.07740100473165512
0.07121230661869049
-0.007382106501609087
-0.05625393986701965
0.04890872538089752
0.08225172758102417
0.005706502590328455
0.008905843831598759
-0.014077584259212017
-0.04353668913245201
-0.017682965844869614
0.07110258936882019
-0.02901902049779892
0.0003377661050762981
0.05457575246691704
0.07018337398767471
-0.003764531807973981
-0.0637391060590744
0.01690210960805416
0.05497187376022339
-0.019063249230384827
0.0161899421364069
0.051629673689603806
-0.08199577778577805
-0.056522171944379807
0.024663330987095833
0.013337392359972
-0.019540123641490936
0.005708687007427216
0.08378652483224869
0.026736419647932053
0.03864861652255058
0.00991001445800066
-0.3589862883090973
-0.14735950529575348
-0.8232226371765137
-1.621180772781372
-0.5188397169113159
-0.3978917598724365
-0.8596376180648804
-0.9922019839286804
-0.3822099268436432
-0.38866961002349854
-0.6873818635940552
-0.5787575244903564
-0.5973382592201233
-0.6854743957519531
-0.7918999791145325
-0.3785949647426605
-0.2616121768951416
-0.12575778365135193
-0.14858001470565796
-0.6321449875831604
-0.233558788895607
-0.17699788510799408
0.08594032377004623
0.34009963274002075
-0.31146711111068726
-0.09579644352197647
0.23082104325294495
0.5328362584114075
-0.43027713894844055
-0.220147505402565
-0.287900447845459
-0.4505888819694519
-0.0026508730370551348
-0.01479857787489891
-0.04221409186720848
-0.6933139562606812
-0.17399495840072632
-0.09369587898254395
-0.04321853816509247
-0.18263642489910126
-0.14932723343372345
-0.056769486516714096
0.4769604206085205
0.4160948693752289
0.010507249273359776
0.0405634269118309
-0.27600035071372986
-0.17340335249900818
-0.027631616219878197
0.015546207316219807
-0.0037798096891492605
0.01342002023011446
-0.06635282933712006
0.11590167135000229
0.047895193099975586
-0.011006118729710579
-0.004451819695532322
0.022782526910305023
0.09457432478666306
-0.01824902929365635
-0.006635007914155722
-8.647138747619465e-05
0.01300701405853033
0.0445832833647728
-0.20699569582939148
-0.31394487619400024
-0.28657227754592896
-0.7278756499290466
-0.19149088859558105
-0.2970917224884033
-0.3171016573905945
0.3065892159938812
-0.09875901788473129
-0.22532522678375244
-0.3006806969642639
0.14205314218997955
-0.23352210223674774
-0.3517540991306305
-0.49287205934524536
-0.36106985807418823
-0.4955984354019165
-0.4344410300254822
-0.6503357887268066
-1.6614595651626587
-0.7294306755065918
-0.5393782258033752
-0.8106577396392822
-0.4691567122936249
-0.7935747504234314
-0.48473218083381653
-0.7216055989265442
-0.3743060231208801
-1.0037310123443604
-0.718178927898407
-0.9926708340644836
-0.9571585059165955
-0.02644987404346466
0.019600097090005875
-0.039636027067899704
0.014649653807282448
-0.05123507231473923
-0.013515321537852287
0.034066393971443176
-0.020504947751760483
-0.08750487864017487
0.05488726496696472
-0.013871811330318451
-0.05988159403204918
-0.0113166319206357
0.017982373014092445
-0.018212031573057175
-0.0351019948720932
-0.25021734833717346
-0.14733271300792694
-0.21862687170505524
-0.5356572866439819
-0.3851156234741211
-0.2453458160161972
0.2000478059053421
0.709560751914978
-0.14241249859333038
-0.13013650476932526
-0.010479514487087727
0.5435165762901306
-0.4221425950527191
-0.2855454385280609
-0.3504263758659363
-0.5016815662384033
0.055942945182323456
0.036059774458408356
0.05007186159491539
-0.08134638518095016
-0.037229739129543304
-0.04431445524096489
0.030993370339274406
-0.027520153671503067
0.020669620484113693
-0.07899875193834305
-0.02421913482248783
-0.019551957026124
0.055236294865608215
0.056887801736593246
-0.04686810448765755
-0.04643258824944496
-0.25560685992240906
-0.15865671634674072
-0.39151549339294434
-1.44552743434906
-0.5081662535667419
-0.43749937415122986
-0.41729462146759033
-0.4360291361808777
-0.3148002624511719
-0.15621083974838257
-0.5047109127044678
-0.282196968793869
-0.5705540776252747
-0.4412860572338104
-0.6079279184341431
-0.44492635130882263
-0.024042490869760513
-0.010206419974565506
-0.01956060715019703
-0.0698421522974968
-0.019822459667921066
0.04751480370759964
0.0017778462497517467
-0.056275419890880585
-0.00559839466586709
0.005549049470573664
0.04960663616657257
-0.0017123902216553688
-0.029643403366208076
-0.0023009341675788164
-0.07824710756540298
-0.001049840822815895
-0.3540242314338684
-0.19855372607707977
-0.3305906355381012
-1.773520588874817
-0.5694318413734436
-0.45487311482429504
-0.6392539739608765
-0.2898288667201996
-0.5260481238365173
-0.3572827875614166
-0.5148181319236755
0.0833546444773674
-0.7182303071022034
-0.48650968074798584
-0.7928199768066406
-0.6987441778182983
-0.4580087661743164
-0.04543113335967064
-0.4782247543334961
-1.4638850688934326
-0.4008086025714874
-0.48274853825569153
-0.37178167700767517
-0.46741145849227905
-0.40751564502716064
-0.4089961647987366
-0.24335519969463348
0.2507544755935669
-0.42027923464775085
-0.3933171033859253
-0.6660355925559998
-0.5357824563980103
-0.3245197832584381
-0.45996078848838806
-0.4511137306690216
-1.6430217027664185
-0.40058618783950806
-0.653538703918457
-0.7290443778038025
-0.1777544468641281
-0.570530116558075
-0.46293577551841736
-0.3406313955783844
0.044466834515333176
-0.49997472763061523
-0.44864359498023987
-0.7424441576004028
-0.6597239971160889
0.10145693272352219
-0.06587442010641098
0.05596119910478592
0.09282051026821136
-0.0234132818877697
-0.007420215755701065
-0.0026580453850328922
0.04432934150099754
-0.006922279950231314
-0.017904415726661682
-0.020054597407579422
-0.0076953270472586155
-0.05580085143446922
-0.023632610216736794
-0.018598448485136032
0.05670029670000076
-0.39982932806015015
-0.1972256749868393
-0.4094803035259247
-1.6411594152450562
-0.5123397707939148
-0.46947792172431946
-0.6386384963989258
0.25453394651412964
-0.5881768465042114
-0.5436884164810181
-0.3493972718715668
0.2151845246553421
-0.8046241402626038
-0.5327765345573425
-0.7858027219772339
-0.642231285572052
0.053285256028175354
0.10312410444021225
-0.13844074308872223
-0.6344983577728271
-0.11126260459423065
0.09834269434213638
-0.06556490808725357
-0.32850730419158936
-0.01527326088398695
0.09023924916982651
0.17785319685935974
-0.1587190479040146
-0.016708699986338615
-0.1136305034160614
-0.25498196482658386
-0.07475486397743225
-0.06427866220474243
-0.04846569150686264
0.08720681816339493
-0.17278122901916504
0.023632925003767014
0.1687116175889969
0.38575059175491333
-0.0893431082367897
-0.05251035466790199
-0.04175816476345062
0.04179359972476959
-0.0445784255862236
0.017426036298274994
-0.053328242152929306
0.009499408304691315
0.01667584292590618
0.017589064314961433
-0.001654868945479393
0.022559821605682373
0.01371865626424551
0.008149053901433945
0.0064210062846541405
-0.031521815806627274
0.05182909592986107
-0.05878939852118492
0.00170833186712116
-0.028415191918611526
-0.015017510391771793
-0.02518332563340664
-0.031758978962898254
-0.0037765814922749996
0.004113820847123861
-0.30463656783103943
-0.27012619376182556
-0.3752835988998413
-1.0372099876403809
-0.45063188672065735
-0.3634607493877411
-0.12496020644903183
0.43548181653022766
-0.39724770188331604
-0.23872879147529602
-0.3412359356880188
-0.1062302365899086
-0.3898719251155853
-0.555184006690979
-0.8208629488945007
-0.546320915222168
-0.27723976969718933
-0.22026444971561432
-0.7167166471481323
-1.4004274606704712
-0.473765105009079
-0.3398129343986511
-0.36139512062072754
-0.673300564289093
-0.33496150374412537
-0.4696023166179657
-0.2626483142375946
-0.3583362102508545
-0.47755518555641174
-0.6728750467300415
-0.5289809107780457
-0.09958649426698685
-0.0400274395942688
-0.07071252167224884
-0.22400878369808197
-1.0792735815048218
-0.208118736743927
-0.14770032465457916
-0.2710619568824768
-0.562371551990509
-0.43438243865966797
-0.125486820936203
0.25779274106025696
0.518146812915802
-0.20489369332790375
-0.25518858432769775
-0.4248567819595337
-0.1638735681772232
-0.11420033127069473
-0.05857895314693451
-0.2768062949180603
-1.381601095199585
-0.16213397681713104
-0.17077024281024933
-0.20385698974132538
-0.32525113224983215
-0.3711090087890625
-0.13621871173381805
0.4067898094654083
0.6063970923423767
-0.3902096748352051
-0.23336735367774963
-0.5423508286476135
-0.46266523003578186
-0.24300403892993927
-0.028094301000237465
-0.7173776626586914
-1.327420949935913
-0.4648427963256836
-0.4713658392429352
-0.649135410785675
-0.7437064051628113
-0.33944395184516907
-0.3146709203720093
-0.3288942873477936
-0.2529403865337372
-0.4149969220161438
-0.3879041075706482
-0.4615419805049896
-0.06230227276682854
-0.21888887882232666
-0.016939233988523483
-0.409538209438324
-1.2014634609222412
-0.32723450660705566
-0.29442882537841797
-0.42880910634994507
-0.47077158093452454
-0.2559676468372345
-0.20856298506259918
0.287550151348114
0.3079368770122528
-0.24791310727596283
-0.24124358594417572
-0.39708879590034485
-0.49920639395713806
-0.22681398689746857
-0.20664677023887634
-0.8053149580955505
-1.7412400245666504
-0.4271874725818634
-0.3502804636955261
-0.9321076273918152
-0.892322301864624
-0.20434433221817017
-0.6095213294029236
-0.979246973991394
-0.6813263297080994
-0.5981335639953613
-0.7728208303451538
-0.6084539890289307
-0.37189674377441406
-0.11236757785081863
-0.16772016882896423
0.011110391467809677
0.1528288573026657
-0.2161504328250885
0.007196775171905756
0.15386244654655457
0.7529464364051819
-0.022614212706685066
-0.06003957241773605
-0.2046147882938385
-0.20853959023952484
-0.3787667155265808
-0.03910762816667557
-0.08618364483118057
-0.1933087259531021
-0.23856095969676971
-0.3316614627838135
-0.36207321286201477
-1.2181041240692139
-0.5111676454544067
-0.4513729214668274
0.03552008047699928
0.3719484508037567
-0.480949342250824
-0.43362197279930115
0.15094581246376038
0.4456557631492615
-0.5891039371490479
-0.47007307410240173
-0.642654538154602
-0.6601349115371704
-0.16243214905261993
-0.06880610436201096
-0.6232369542121887
-1.6146883964538574
-0.3970482647418976
-0.4956917464733124
-0.6855461597442627
-0.8236843347549438
-0.2582383453845978
-0.4830920994281769
-0.7478063702583313
0.202817901968956
-0.4175022840499878
-0.45107370615005493
-0.6420782804489136
-0.28187990188598633
-0.003940277732908726
-0.007448863238096237
-0.0381680391728878
-0.048449691385030746
0.018077155575156212
0.04669834300875664
0.019251400604844093
0.055964287370443344
-0.05358056724071503
-0.0317998006939888
0.05401231721043587
0.02029852755367756
-0.01990819349884987
-0.012314056046307087
-0.011143955402076244
-0.02211175300180912
-0.05034000426530838
0.03242677450180054
-0.009159655310213566
0.044096775352954865
-0.004993208684027195
0.03895052894949913
0.03164363279938698
-0.024777861312031746
-0.0250126663595438
-0.07246150821447372
0.04901806265115738
-0.031884077936410904
0.02746577560901642
-0.04875858128070831
-0.0064598494209349155
0.07894869893789291
0.04417291656136513
0.004561202134937048
0.018318749964237213
-0.00194695801474154
-0.02817818708717823
-0.012351017445325851
0.017991803586483
-0.003482522675767541
-0.028213020414114
0.0951332151889801
0.005260004196316004
0.026696767657995224
0.03228428214788437
0.0062841372564435005
-0.0065040430054068565
-0.0414179302752018
0.3906248211860657
0.09717640280723572
0.9416530132293701
1.3934158086776733
0.3414599597454071
-0.13899274170398712
-0.017447929829359055
0.9892167448997498
0.41009968519210815
-0.09328773617744446
0.30551496148109436
0.6237478852272034
0.6100103855133057
0.5751317143440247
0.6738306879997253
0.3602696359157562
0.14422009885311127
0.16410499811172485
-0.06734926998615265
0.47703003883361816
0.17101092636585236
0.13637091219425201
-0.6602193117141724
-0.2745891511440277
0.19862912595272064
0.07888315618038177
-0.2472679764032364
-0.18762116134166718
0.567650556564331
0.2172679603099823
0.2091466635465622
0.38441503047943115
0.06286381930112839
0.0008157840929925442
0.026647064834833145
0.28471916913986206
0.06414329260587692
0.12919695675373077
-0.017381085082888603
-0.028855785727500916
0.12060977518558502
0.20851658284664154
-0.6716316938400269
-0.2034662514925003
0.06440004706382751
0.09483218938112259
0.19342905282974243
0.10844963043928146
0.012000982649624348
0.07270364463329315
-0.0233693215996027
-0.04512203112244606
0.0786266177892685
0.03651277720928192
-0.03795628249645233
-0.05689384788274765
-0.024083605036139488
-0.07263711094856262
-0.0486416295170784
0.056249406188726425
-0.020963959395885468
-0.07768546789884567
-0.08269280195236206
0.01850164495408535
0.07387933135032654
0.09988415241241455
0.06453648209571838
0.2617601454257965
0.22894246876239777
-0.15233907103538513
0.396488219499588
-0.1288202404975891
0.15676787495613098
0.2082994431257248
0.31097424030303955
0.0067593916319310665
0.4451431632041931
0.410847544670105
0.4857128858566284
0.606378436088562
0.5785166025161743
0.1757676750421524
0.47622326016426086
1.3860929012298584
0.9184001684188843
0.29540979862213135
0.3120608329772949
1.4588497877120972
0.8963485956192017
0.5162920951843262
0.1821315735578537
1.073583960533142
1.6229331493377686
0.9444685578346252
1.024911880493164
1.0792332887649536
-0.0008084788569249213
0.020201362669467926
0.05475086718797684
0.022853819653391838
0.03822353109717369
-0.029994254931807518
-0.07551610469818115
0.011192095465958118
0.013871588744223118
0.06125430017709732
0.0333290658891201
0.00810249149799347
-0.029915237799286842
-0.030965255573391914
-0.0497872531414032
-0.04192481189966202
0.16430722177028656
0.1783173531293869
0.06601805239915848
0.2621532082557678
0.3919496238231659
0.20828694105148315
-0.47032594680786133
-0.10909052938222885
0.2959572672843933
0.11728852987289429
-0.05618875101208687
-0.16735391318798065
0.40710940957069397
0.46469786763191223
0.357759952545166
0.557225227355957
0.027843322604894638
-0.027628207579255104
-0.002391241490840912
-0.033215489238500595
0.03336486592888832
0.03646785393357277
-0.03970851004123688
0.013197367079555988
-0.08621575683355331
-0.00014248216757550836
-0.0445665568113327
-0.08973222225904465
-0.07566073536872864
0.0062418472953140736
-0.07443267852067947
-0.08616087585687637
0.23478294909000397
0.2040620744228363
0.3122064769268036
1.1175098419189453
0.24274225533008575
0.11406482756137848
0.11340732872486115
0.698712944984436
0.4125289022922516
-0.09699148684740067
0.2848118841648102
0.2522146701812744
0.7656406760215759
0.4533531665802002
0.34203359484672546
0.39322277903556824
-0.027687260881066322
0.048405665904283524
0.027469808235764503
0.029754402115941048
-0.0030553778633475304
0.015759410336613655
0.020365027710795403
0.004126104060560465
0.01901029609143734
-0.018496239557862282
-0.030061958357691765
-0.024813558906316757
0.03926805034279823
0.0038546426221728325
-0.07580549269914627
0.001964992145076394
0.5481506586074829
0.33304381370544434
0.43686047196388245
1.6409579515457153
0.5920166969299316
0.0355563685297966
-0.24209095537662506
0.5985521078109741
0.5550292730331421
0.17285603284835815
0.2049448937177658
0.7734884023666382
0.649428129196167
0.493434339761734
0.6352694630622864
0.5561075806617737
0.4276919364929199
0.18339605629444122
0.3977031707763672
1.1680165529251099
0.4615486264228821
-0.22656038403511047
0.13134519755840302
0.22280007600784302
0.510421633720398
0.16652365028858185
-0.023436158895492554
0.10431261360645294
0.2946973443031311
0.17907913029193878
0.4496871531009674
0.5371705293655396
0.3091534972190857
0.08990716189146042
0.500033974647522
1.3055418729782104
0.5601582527160645
0.06966213136911392
0.4424772560596466
0.27425938844680786
0.6500509977340698
0.2661665380001068
0.14911380410194397
0.7252959609031677
0.474596232175827
0.7631850242614746
0.5661072134971619
0.7449182271957397
0.05274376645684242
0.019521741196513176
-0.017883896827697754
0.030416389927268028
-0.023808376863598824
0.015159379690885544
-0.04631150886416435
-0.03475897014141083
-0.08663849532604218
0.00427693035453558
-0.01386722456663847
-0.07712604850530624
-0.03942638635635376
0.002462013391777873
0.045175909996032715
-0.007891352288424969
0.3047734498977661
0.12705473601818085
0.6159855127334595
1.1483341455459595
0.7103673219680786
-0.08193101733922958
0.323739230632782
0.5519357323646545
0.5623047351837158
0.349751353263855
0.08885066956281662
0.5828080177307129
0.8112185001373291
0.6370298266410828
0.6714851260185242
0.7993772625923157
-0.0841381773352623
-0.05411623790860176
0.07047054916620255
0.4116198420524597
0.06429647654294968
-0.17085811495780945
-0.13560102880001068
0.2281428724527359
0.08478895574808121
-0.013839744962751865
-0.334104061126709
0.0006237425841391087
0.058266859501600266
0.073117695748806
0.0696447417140007
0.0901474729180336
-0.001968728844076395
0.09207813441753387
-0.16834960877895355
0.10599107295274734
-0.0022840010933578014
-0.2905895709991455
-0.46149471402168274
0.04480557143688202
0.04618467390537262
-0.06884872913360596
-0.06514789164066315
0.09664759784936905
-0.05765289440751076
-0.06405863165855408
-0.007084887474775314
0.1281222403049469
0.04996194317936897
-0.020225869491696358
-0.0014388541458174586
0.016315273940563202
-0.038866277784109116
-0.024587491527199745
-0.050082962960004807
0.027376146987080574
-0.01585341803729534
-0.08938273787498474
-0.07368519902229309
-0.044709865003824234
-0.0006852814694866538
0.03488621115684509
0.03568854555487633
-0.030787797644734383
0.32453134655952454
0.04377191513776779
0.21570490300655365
0.5033101439476013
0.5422801971435547
-0.22385446727275848
-0.014233624562621117
0.13116362690925598
0.4542005658149719
0.3168542981147766
0.12579408288002014
0.16983285546302795
0.3599703907966614
0.5818028450012207
0.6191254258155823
0.786142110824585
0.4135936200618744
0.3226703107357025
0.6078763604164124
1.066397786140442
0.43897560238838196
-0.2271324247121811
0.07511476427316666
0.5610108375549316
0.3722612261772156
-0.017510851845145226
-0.08181100338697433
0.35220301151275635
0.46125736832618713
0.5942220091819763
0.3922407627105713
0.24153374135494232
0.025014735758304596
-0.08949442952871323
0.19257374107837677
0.8381403684616089
0.22853830456733704
-0.05389775335788727
0.12558865547180176
0.27253973484039307
0.3027232885360718
-0.06960023939609528
-0.3268663287162781
-0.061172425746917725
0.2917308509349823
0.17163224518299103
0.30082643032073975
0.23727072775363922
0.10245470702648163
0.1257811188697815
0.2741287350654602
1.0706225633621216
0.2467067986726761
-0.22717931866645813
-0.07332296669483185
0.33733704686164856
0.40005868673324585
-0.10000034421682358
-0.27846062183380127
0.06904533505439758
0.30798617005348206
0.34491676092147827
0.38608527183532715
0.3454578220844269
0.31225043535232544
0.29658931493759155
0.5346457362174988
0.9511093497276306
0.35890015959739685
0.06492194533348083
0.44047585129737854
0.38708269596099854
0.42475685477256775
-0.3220055103302002
0.009769394993782043
0.24263684451580048
0.4110216796398163
0.47123271226882935
0.2977268099784851
0.2317373901605606
0.18787719309329987
-0.04596942290663719
0.13831686973571777
0.9659579396247864
0.2766442596912384
-0.13635201752185822
0.23976010084152222
0.30258163809776306
0.360220730304718
-0.04165542870759964
-0.33277976512908936
-0.04421459510922432
0.2815176546573639
0.3049563467502594
0.20810841023921967
0.4150673449039459
0.17381635308265686
0.09655522555112839
0.7419775724411011
1.551885962486267
0.4672623574733734
-0.1047067642211914
0.30380022525787354
0.8235911726951599
0.3983399271965027
-0.10497861355543137
0.5183435678482056
0.6102311611175537
0.5874075889587402
0.7101283669471741
0.6587944030761719
0.44225582480430603
0.0568438284099102
0.09518636763095856
-0.19488459825515747
-0.2520245313644409
0.19440484046936035
-0.05477818474173546
-0.09670252352952957
-0.5004545450210571
-0.058158714324235916
-0.018837228417396545
0.14779576659202576
0.1027413159608841
0.2862440347671509
0.14119423925876617
0.11461925506591797
0.2949923276901245
0.4611809551715851
0.12056407332420349
0.5735505223274231
0.8780033588409424
0.52663254737854
0.12040476500988007
-0.771375834941864
0.10943920165300369
0.5097086429595947
0.5742223858833313
-0.20112775266170502
-0.11738221347332001
0.55558842420578
0.686100959777832
0.6055958271026611
0.7990188002586365
0.274608850479126
0.19601263105869293
0.6353222131729126
1.2526185512542725
0.24239890277385712
0.08813266456127167
0.5808528065681458
0.69805908203125
0.44995740056037903
-0.23798376321792603
0.5588650107383728
0.5025728344917297
0.3810853660106659
0.5478354096412659
0.46884655952453613
0.17480464279651642
0.10876955091953278
-0.022298822179436684
-0.10585254430770874
-0.0008491713088005781
-0.016195880249142647
-0.0025411401875317097
0.024045489728450775
-0.00884923804551363
-0.03436431661248207
0.0052613611333072186
-0.02625243179500103
0.05690513551235199
-0.03938727080821991
0.03762343153357506
0.007877570576965809
-0.02915712259709835
0.040744684636592865
-0.09951551258563995
-0.0837164893746376
0.024865098297595978
-0.08695803582668304
-0.042266812175512314
-0.02313905954360962
-0.011184598319232464
-0.07049664109945297
0.07089205086231232
-0.04273128882050514
0.013574359938502312
-0.0016318398993462324
-0.005351248662918806
0.015183170326054096
0.03920719027519226
0.05486690253019333
0.06065785512328148
-0.006181587465107441
-0.018200663849711418
0.021711209788918495
0.06543131172657013
0.11565271764993668
-0.05122171714901924
-0.023809870705008507
0.05499297007918358
-0.021482283249497414
0.10478343069553375
-0.08523718267679214
-0.06573517620563507
-0.07952899485826492
-0.024699360132217407
-0.3453546464443207
-0.11221665889024734
-0.941897451877594
-1.7039064168930054
-0.4353971779346466
-0.1210644468665123
-0.766426682472229
-0.8973808884620667
-0.43499377369880676
-0.22716020047664642
-0.7731167674064636
-0.6119092106819153
-0.665094256401062
-0.6747732162475586
-0.7924569845199585
-0.46528327465057373
-0.25689074397087097
-0.09183195233345032
-0.17991824448108673
-0.5030698180198669
-0.38956063985824585
-0.14285846054553986
0.15315522253513336
0.12053956836462021
-0.3849464952945709
-0.08689835667610168
0.41395699977874756
0.20981697738170624
-0.42312437295913696
-0.21933770179748535
-0.3828439712524414
-0.49210789799690247
-0.003407194511964917
-0.002858617575839162
0.03902379795908928
-0.597568929195404
-0.20446351170539856
-0.10083065927028656
-0.020473001524806023
-0.11396265774965286
-0.24098607897758484
-0.16541019082069397
0.37053412199020386
0.02629527635872364
-0.03418990969657898
-0.0031626017298549414
-0.32987695932388306
-0.20451733469963074
-3.000309516210109e-05
-0.07223615795373917
0.024510866031050682
0.044095758348703384
0.04051346704363823
0.05417980998754501
-0.04692370444536209
0.06171441823244095
-0.07126028090715408
-0.03569731488823891
0.05229088291525841
-0.009825828485190868
-0.008808202110230923
0.03996914252638817
0.0493319109082222
-0.010820969007909298
-0.10222269594669342
-0.09530480206012726
-0.2190539538860321
-0.546362578868866
-0.34541088342666626
-0.21501456201076508
-0.43686845898628235
0.008697963319718838
-0.2136751115322113
-0.1731400191783905
-0.29930299520492554
-0.03952037915587425
-0.36123213171958923
-0.4420347809791565
-0.6420009136199951
-0.7789157032966614
-0.6375952959060669
-0.2803363502025604
-0.6242945790290833
-1.650447130203247
-0.8057096600532532
-0.45425930619239807
-0.8079930543899536
-0.9161505103111267
-1.0316293239593506
-0.5691860318183899
-0.5827026963233948
-1.116811990737915
-1.418696641921997
-1.0522435903549194
-1.229990005493164
-1.2460174560546875
0.06346629559993744
0.034124091267585754
-0.06350842863321304
-0.06482016295194626
0.0009803530992940068
0.059848885983228683
-0.053927551954984665
-0.004981162026524544
0.026570240035653114
-0.002664581872522831
-0.0791100412607193
0.02609197236597538
-0.012141774408519268
0.04794418439269066
-0.08768999576568604
0.12298139184713364
-0.15773405134677887
-0.04467321187257767
-0.23604893684387207
-0.521698534488678
-0.42297035455703735
-0.2428727000951767
0.13434140384197235
-0.0352330319583416
-0.337693452835083
-0.23564118146896362
0.06584689021110535
0.2179069221019745
-0.2204805314540863
-0.40745028853416443
-0.5206825733184814
-0.8278563618659973
0.043769340962171555
-0.0651211366057396
0.0033192005939781666
-0.009937489405274391
0.036716561764478683
0.011801294982433319
-0.04835810884833336
0.020298227667808533
-0.025891991332173347
0.031210338696837425
-0.044653814285993576
0.032736822962760925
0.014916135929524899
0.014056977815926075
-0.02334601618349552
0.020884333178400993
-0.2437526136636734
-0.21804454922676086
-0.28212079405784607
-1.5702168941497803
-0.4624871611595154
-0.17307348549365997
-0.13444964587688446
-0.6406517624855042
-0.564729630947113
0.017659500241279602
-0.5217830538749695
-0.4604053497314453
-0.5592120289802551
-0.45458105206489563
-0.7184105515480042
-0.6267571449279785
0.0018456977559253573
0.010910939425230026
0.004799621179699898
0.03211144357919693
-0.06841842085123062
-0.0036034821532666683
0.014674905687570572
-0.003575425362214446
-0.07312709093093872
-0.02698098123073578
-0.03014931082725525
-0.013313106261193752
-0.04138646647334099
-0.045575130730867386
-0.029204854741692543
0.05329651013016701
-0.3804677724838257
-0.17352892458438873
-0.4884410798549652
-1.7287551164627075
-0.5493190884590149
-0.22043804824352264
-0.2629997134208679
-0.3846173882484436
-0.7536112070083618
-0.1574784368276596
-0.44700464606285095
-0.7548401951789856
-0.6506300568580627
-0.5194084644317627
-0.8650932908058167
-0.7519616484642029
-0.3405729830265045
-0.18843814730644226
-0.5415091514587402
-1.3970450162887573
-0.4660729169845581
0.002704196609556675
-0.2768251597881317
-0.46556735038757324
-0.6437799334526062
-0.12147309631109238
-0.17726650834083557
-0.3089498281478882
-0.6195691227912903
-0.45118382573127747
-0.8389464616775513
-0.6191069483757019
-0.33269110321998596
-0.23393571376800537
-0.581943690776825
-1.7593495845794678
-0.6752661466598511
-0.2948789894580841
-0.7430950999259949
-0.33534160256385803
-0.8312780261039734
-0.3980177640914917
-0.34079495072364807
-0.6787796020507812
-0.4857674539089203
-0.6196785569190979
-0.7511724829673767
-0.9490647315979004
0.0001442826760467142
0.0005302006611600518
-0.02441614307463169
0.0443430058658123
0.012947576120495796
0.04124423488974571
0.04914407804608345
0.09178433567285538
-0.04356810823082924
-0.0647611916065216
0.05770811811089516
-0.05699790641665459
-0.05470840632915497
-0.010765865445137024
-0.0855872705578804
-0.05625775083899498
-0.36594611406326294
-0.21202045679092407
-0.5880002975463867
-1.5770857334136963
-0.6357017159461975
-0.19056254625320435
-0.45001983642578125
-0.2708810269832611
-0.7510159015655518
-0.33588287234306335
-0.25551706552505493
-0.5231565833091736
-0.5838603973388672
-0.601308286190033
-0.8572118878364563
-0.880069375038147
0.0621783509850502
0.009702409617602825
-0.27814793586730957
-0.5835343599319458
-0.1542091816663742
-0.01914038695394993
-0.02325913868844509
-0.286600261926651
-0.03591670095920563
0.12448766827583313
0.12558242678642273
-0.038114868104457855
-0.08402005583047867
-0.15177509188652039
-0.19915544986724854
-0.016101473942399025
-0.19629809260368347
-0.02705293707549572
0.12570910155773163
-0.2839290499687195
-0.05877257138490677
0.032955314964056015
0.39625418186187744
-0.09108054637908936
0.02911733277142048
-0.06436657905578613
-0.013885758817195892
-0.0561615526676178
0.008842213079333305
-0.0793914943933487
-0.05744485929608345
-0.047722022980451584
-0.050213418900966644
-0.010913529433310032
-0.01139551680535078
-0.019198203459382057
0.01642175391316414
0.020444393157958984
-0.004048958886414766
-0.038443371653556824
0.08989700675010681
-0.019351864233613014
-0.02060657925903797
-0.012145237065851688
0.04770443215966225
-0.029233690351247787
-0.018732234835624695
0.01741863042116165
-0.2921314537525177
-0.09813962131738663
-0.36217591166496277
-0.9662411212921143
-0.6481541991233826
-0.09955725818872452
-0.17208769917488098
-0.23446162045001984
-0.5924316048622131
-0.18725967407226562
-0.21784333884716034
-0.3237539231777191
-0.13583499193191528
-0.7644813060760498
-0.9050711989402771
-0.7890467047691345
-0.47225332260131836
-0.2595554292201996
-0.8108450770378113
-1.3875869512557983
-0.4831617772579193
0.023336881771683693
-0.29178181290626526
-0.6185954213142395
-0.3752799928188324
-0.07901977002620697
-0.2553403079509735
-0.3505200147628784
-0.6539216637611389
-0.5749661922454834
-0.6898862719535828
-0.3422689735889435
-0.006580301094800234
-0.018008602783083916
-0.31891685724258423
-1.1348797082901
-0.20929090678691864
-0.027036407962441444
-0.20960932970046997
-0.5154027342796326
-0.44658276438713074
0.10399194061756134
0.09787995368242264
-0.2602308988571167
-0.41777804493904114
-0.20941044390201569
-0.3592960238456726
-0.2818080186843872
-0.1110227033495903
-0.10246171057224274
-0.36612650752067566
-1.3773293495178223
-0.2724273204803467
-0.006318327970802784
-0.08066501468420029
-0.37157678604125977
-0.4621945321559906
0.11794763803482056
0.33510228991508484
-0.1943262368440628
-0.3719118535518646
-0.2651647627353668
-0.5730684399604797
-0.6186779141426086
-0.23348622024059296
-0.18431608378887177
-0.7464891076087952
-1.367476224899292
-0.3708239793777466
-0.21799272298812866
-0.5489931702613831
-0.6776900291442871
-0.4045712649822235
-0.02884208969771862
-0.3623993396759033
-0.27764657139778137
-0.4482646584510803
-0.47746938467025757
-0.4771116375923157
-0.17808976769447327
-0.26663723587989807
-0.09432069212198257
-0.2673892378807068
-1.0928300619125366
-0.2657697796821594
0.004361851140856743
-0.43118369579315186
-0.39943817257881165
-0.4055840075016022
-0.08276716619729996
0.21332120895385742
-0.06508105993270874
-0.3881399929523468
-0.3771687150001526
-0.46651482582092285
-0.6714317798614502
-0.20948554575443268
-0.13538610935211182
-0.8464232683181763
-1.7703505754470825
-0.44316667318344116
-0.04903636872768402
-0.9542750716209412
-0.9153666496276855
-0.5060633420944214
-0.2786921560764313
-1.1002371311187744
-0.5167665481567383
-0.6481532454490662
-0.5608783960342407
-0.7374923229217529
-0.4674619138240814
-0.16650128364562988
-0.07329408079385757
0.03589650243520737
0.2719958424568176
-0.3460216522216797
-0.0006980475736781955
0.15654224157333374
0.5138590335845947
-0.13395164906978607
0.031214863061904907
-0.18685071170330048
-0.1984589844942093
-0.22719916701316833
0.002477877074852586
-0.25363120436668396
-0.25606027245521545
-0.37553948163986206
-0.23748011887073517
-0.41438817977905273
-1.066287636756897
-0.6491943597793579
-0.2515091598033905
-0.00738923717290163
-0.21346169710159302
-0.7250219583511353
-0.4334724247455597
0.17642460763454437
-0.13653159141540527
-0.357570081949234
-0.628650426864624
-0.8171109557151794
-0.942564845085144
-0.1724848598241806
-0.09782455116510391
-0.7576124668121338
-1.5728318691253662
-0.3018949031829834
-0.3357963263988495
-0.6301208734512329
-0.6863359212875366
-0.4680703580379486
-0.47440794110298157
-0.7364072203636169
-0.590573787689209
-0.5837739109992981
-0.47767001390457153
-0.5643529295921326
-0.3043275475502014
-0.007431346457451582
0.029553748667240143
0.015203515067696571
-0.021330775693058968
-0.00021102072787471116
-0.06037815660238266
-0.05609584227204323
0.042403992265462875
0.002001685556024313
0.010803316719830036
0.01852354407310486
0.043061889708042145
-0.015565648674964905
0.03588110953569412
-0.0066878763027489185
0.06793535500764847
0.020967012271285057
-0.0706343799829483
-0.1188119649887085
-0.03850569203495979
0.0023243636824190617
0.0189480260014534
0.03157025948166847
-0.009355494752526283
0.03223133459687233
-0.014293254353106022
0.01188892126083374
-0.11591265350580215
0.02778233215212822
0.021598534658551216
-0.04178384691476822
-0.02559656649827957
0.02996051125228405
0.010373739525675774
-0.014511988498270512
-0.009892200119793415
-0.0205736942589283
-0.06659279763698578
-0.028709858655929565
-0.036887891590595245
0.0004196600348223001
0.014201590791344643
0.06466139107942581
0.01898697391152382
0.030092984437942505
-0.03355534374713898
0.003443234832957387
-0.0006704399129375815
-0.43697404861450195
-0.11805018037557602
-0.9587842226028442
-2.0996248722076416
-0.39244723320007324
0.0014113395009189844
0.38746801018714905
-0.8645562529563904
-0.5800747871398926
0.05188622698187828
0.11089494079351425
-0.4430536925792694
-0.7757744193077087
-0.4283168613910675
-0.47426551580429077
-0.451646625995636
-0.17915503680706024
0.04239211231470108
-0.12970972061157227
-0.1660090982913971
-0.34971004724502563
-0.07968761771917343
0.45379388332366943
0.6832196116447449
-0.3920922875404358
-0.062013473361730576
0.6624852418899536
0.8427498936653137
-0.44254547357559204
-0.2495555430650711
-0.24652133882045746
-0.2712409794330597
0.004610736854374409
-0.010909494943916798
-0.06699027866125107
-0.984562337398529
-0.12788709998130798
0.005071425810456276
0.031806692481040955
-0.09539894759654999
-0.2432696372270584
-0.015149077400565147
0.912260890007019
0.6108545660972595
-0.04075450077652931
-0.1352779120206833
-0.2451898157596588
-0.10705389082431793
0.0427040196955204
-0.02202749066054821
0.006315812934190035
0.09930402040481567
0.041190147399902344
0.029869401827454567
0.04054325073957443
0.011491212993860245
0.006571687757968903
0.003595894668251276
0.010805918835103512
-0.0037702068220824003
-0.030678292736411095
-0.0022785253822803497
0.006622524932026863
0.006107725668698549
-0.0982743576169014
-0.19981709122657776
-0.1658172905445099
-0.6777524352073669
-0.3048010766506195
0.18545697629451752
-0.0653233453631401
0.5677456855773926
-0.24565988779067993
-0.13259319961071014
-0.17581042647361755
0.03442118316888809
-0.45707815885543823
-0.5627709627151489
-0.2820858061313629
-0.49715664982795715
-0.5090101361274719
-0.13238759338855743
-0.2818778157234192
-1.1669790744781494
-0.9161253571510315
0.019922157749533653
-0.1476753056049347
-0.2312452793121338
-0.9586809873580933
-0.1360679566860199
-0.06284899264574051
0.002407589228823781
-1.875028133392334
-0.5777201056480408
-0.5163429379463196
-0.5209785103797913
0.030431240797042847
-0.06375210732221603
0.014533860608935356
0.012301566079258919
0.036947205662727356
0.026743045076727867
0.05434417352080345
-0.03539980202913284
-0.042387839406728745
0.029143143445253372
0.026006100699305534
0.07387564331293106
-0.020378712564706802
0.0017178547568619251
-0.033098004758358
-0.0058992174454033375
-0.12307292968034744
0.027486925944685936
-0.12240821868181229
-0.21983295679092407
-0.5008347034454346
-0.20932629704475403
0.670718789100647
0.5534268617630005
-0.35768067836761475
-0.08961085975170135
0.13927213847637177
0.606002926826477
-0.3075418472290039
-0.3294527232646942
-0.1908423751592636
-0.4571269452571869
0.0030645013321191072
0.04205010086297989
-0.019549088552594185
0.012037561275064945
0.04814698547124863
0.04032503813505173
-0.0029557752422988415
0.03990296646952629
-0.12195593863725662
0.056710027158260345
-0.013952439650893211
0.01864897459745407
-0.04961502179503441
0.08280588686466217
-0.008349521085619926
0.06635595858097076
-0.24425941705703735
-0.1309451162815094
-0.22916924953460693
-1.312880277633667
-0.4198209345340729
0.04706763103604317
0.35676589608192444
0.16439101099967957
-0.5292627215385437
0.3913000822067261
0.141128808259964
0.045427002012729645
-0.8193023204803467
-0.4200418293476105
-0.2624962031841278
-0.4078003764152527
-0.008259451016783714
0.07661865651607513
0.0896347239613533
-0.0604679174721241
-0.07285907864570618
0.0068093882873654366
-0.03651139512658119
0.031144797801971436
0.05359770357608795
0.05877448618412018
0.052922267466783524
-0.011549555696547031
-0.04380679503083229
0.06397407501935959
0.0036906024906784296
-0.01236517634242773
-0.3213559687137604
-0.1035955622792244
-0.22997862100601196
-2.2833364009857178
-0.5777043700218201
-0.06622683256864548
0.1337137669324875
0.25575658679008484
-0.7026620507240295
0.18726134300231934
0.18320021033287048
0.04439057037234306
-0.8424747586250305
-0.33138173818588257
-0.24826836585998535
-0.31377747654914856
-0.3236296474933624
-0.0884980633854866
-0.43799179792404175
-2.2598183155059814
-0.45962458848953247
0.15282543003559113
0.3815315067768097
-0.5383419990539551
-0.6912845373153687
0.12667877972126007
0.24322953820228577
0.190608948469162
-0.5944685935974121
-0.13831204175949097
-0.33228787779808044
-0.19294247031211853
-0.31045135855674744
-0.16195999085903168
-0.21917980909347534
-2.1204848289489746
-0.5976499915122986
-0.06540481001138687
0.0384436659514904
0.5761399865150452
-0.757734477519989
0.04265601933002472
0.2710728943347931
0.14214365184307098
-0.752269446849823
-0.35896897315979004
-0.3099919557571411
-0.3721536099910736
-0.06196369603276253
0.0024356073699891567
0.09381688386201859
-0.051682233810424805
-0.010577634908258915
-0.02285817638039589
0.0262027345597744
-0.03876609727740288
0.025148821994662285
0.0007780404994264245
0.01451899018138647
0.0063624633476138115
-0.0046442789025604725
0.04550228640437126
-0.009397956542670727
0.0363437756896019
-0.45825713872909546
-0.15098290145397186
-0.189460888504982
-1.763677954673767
-0.6928389668464661
0.11845216155052185
0.23638677597045898
0.4092702865600586
-0.6618204116821289
-0.04916840419173241
0.23582302033901215
0.044599536806344986
-0.8519930243492126
-0.3620332181453705
-0.325434148311615
-0.47453486919403076
0.14355646073818207
0.020127154886722565
-0.2032805234193802
-1.058349609375
-0.18300823867321014
0.032530613243579865
-0.2566578686237335
-0.4625846743583679
-0.0783037319779396
0.4781002700328827
0.3678651452064514
-0.08937093615531921
-0.1775631159543991
-0.09571012109518051
-0.20650941133499146
-0.06997252255678177
-0.1350701004266739
-0.012490930035710335
0.17130090296268463
-0.23303847014904022
-0.1030975878238678
0.18166303634643555
0.5743839144706726
-0.2056543231010437
-0.027770886197686195
0.10594452917575836
-0.06978581845760345
-0.07050557434558868
0.028826890513300896
-0.1314035803079605
-0.12336748093366623
-0.05855622887611389
0.009436731226742268
0.07275696098804474
0.019399985671043396
0.049336325377225876
-0.026269080117344856
0.05735751986503601
-0.030032265931367874
0.021368015557527542
0.017687072977423668
0.028811533004045486
-0.09032382071018219
-0.002172081032767892
-0.017602745443582535
-0.09692154079675674
0.040205731987953186
0.011321126483380795
-0.3747434616088867
-0.027360310778021812
-0.29142990708351135
-0.713333785533905
-0.5999065637588501
0.10620351135730743
0.41655221581459045
0.5081802606582642
-0.4654742479324341
0.004919073544442654
0.06537195295095444
-0.05537473410367966
-0.35107889771461487
-0.5053964257240295
-0.3552878797054291
-0.6707838177680969
-0.3362497389316559
-0.20154210925102234
-0.6514968872070312
-2.0106825828552246
-0.3981393277645111
0.03487599641084671
0.38595110177993774
-0.6988945007324219
-0.5046175718307495
0.04321475327014923
0.2501305639743805
-0.2999700605869293
-0.5382280349731445
-0.4128531515598297
-0.2914903461933136
-0.18940597772598267
-0.01595737785100937
-0.0015700114890933037
-0.26242032647132874
-1.999590277671814
-0.24196182191371918
0.034680046141147614
-0.060232989490032196
-0.7836907505989075
-0.3230445981025696
0.3325273096561432
0.7823600172996521
0.38276633620262146
-0.3929576575756073
-0.1992364525794983
-0.24249251186847687
-0.08055496215820312
-0.05078296363353729
0.01309756375849247
-0.44909510016441345
-2.266550302505493
-0.3528249263763428
0.14482295513153076
0.17589522898197174
-0.16691094636917114
-0.5411279201507568
0.44217562675476074
0.9204403758049011
0.44748541712760925
-0.5395423769950867
-0.3120184540748596
-0.10838863253593445
-0.1814349740743637
-0.3437662422657013
-0.2205180674791336
-0.8842536211013794
-1.9108697175979614
-0.3026038110256195
0.032050810754299164
-0.3732511103153229
-0.7602944374084473
-0.4866412281990051
0.17758888006210327
0.2916756868362427
-0.05331295356154442
-0.6025664210319519
-0.31740084290504456
-0.07040704041719437
-0.16532306373119354
-0.17372022569179535
-0.17125411331653595
-0.17795592546463013
-1.920480728149414
-0.16977842152118683
0.1981915831565857
0.009321045130491257
-0.3313164710998535
-0.4770263135433197
0.25382402539253235
0.6006627678871155
0.6191080808639526
-0.36810535192489624
-0.23760172724723816
-0.2266455590724945
-0.27311286330223083
-0.36502838134765625
-0.18932515382766724
-0.6916128396987915
-2.331990957260132
-0.49895381927490234
0.12614993751049042
-0.03864816203713417
-0.2925552725791931
-0.3858506381511688
0.07523917406797409
-0.08837330341339111
-0.591496467590332
-0.8313024640083313
-0.4859579801559448
-0.403553307056427
-0.5230130553245544
-0.2302864044904709
-0.13944274187088013
-0.11351517587900162
0.24189205467700958
-0.28808900713920593
-0.06583947688341141
0.25051137804985046
0.7202721238136292
-0.11941254138946533
-0.028415918350219727
-0.0016898090252652764
-0.1276661455631256
-0.2543683648109436
-0.06949800997972488
-0.31447988748550415
-0.3909658193588257
-0.3827873170375824
-0.059325166046619415
-0.18739409744739532
-1.1796977519989014
-0.623917281627655
-0.06833197176456451
0.5631385445594788
0.513113796710968
-0.7123367786407471
-0.12116905301809311
0.45419907569885254
0.5900219678878784
-0.5127251744270325
-0.2317074090242386
-0.3974718749523163
-0.4102780520915985
-0.16416384279727936
-0.197850301861763
-0.9184066653251648
-2.385072708129883
-0.39381131529808044
-0.10002326965332031
-0.49017783999443054
-1.1864858865737915
-0.48072361946105957
-0.0038963935803622007
-0.1852889209985733
0.34489038586616516
-0.5794499516487122
-0.2794702351093292
-0.1243233010172844
-0.30289068818092346
-0.027340784668922424
-0.032290980219841
-0.06989941000938416
-0.036409322172403336
-0.07097262144088745
-0.03112308494746685
-0.020219499245285988
-0.037155237048864365
-0.0094892093911767
-0.09709601104259491
-0.03274080529808998
-0.003705855691805482
-0.02699369750916958
-0.029321011155843735
0.06489503383636475
-0.09884339570999146
-0.03969469293951988
0.03733966127038002
-0.010723156854510307
0.05511844530701637
-0.04694356024265289
0.017186863347887993
-0.05966085568070412
-0.020914359018206596
0.032676905393600464
0.02347164787352085
0.05350583791732788
0.0459931381046772
0.001617889036424458
-0.051143620163202286
-0.037947263568639755
0.009715012274682522
-0.012809450738132
-0.009740512818098068
0.001129236537963152
0.008204233832657337
-0.020476097241044044
-0.006392151117324829
-0.00819335412234068
-0.004086783155798912
-0.0010057180188596249
-0.005713879596441984
-0.08952263742685318
0.011005817912518978
-0.06497782468795776
-0.041682127863168716
0.01967243291437626
-0.011908636428415775
-0.33036741614341736
-0.08504785597324371
-0.9264159798622131
-1.643113136291504
-0.4563077986240387
-0.3696709871292114
-0.7059224843978882
-0.8663386106491089
-0.497454971075058
-0.3463549315929413
-0.8254303336143494
-0.5109899640083313
-0.6364849209785461
-0.6623452305793762
-0.9020532369613647
-0.4645223915576935
-0.19609756767749786
-0.10597752034664154
-0.04287451505661011
-0.45893481373786926
-0.43303370475769043
-0.16554898023605347
0.0399755984544754
0.17793847620487213
-0.39234575629234314
-0.10238213837146759
0.19156481325626373
0.17259693145751953
-0.37904927134513855
-0.28973495960235596
-0.3713829517364502
-0.5812540054321289
-0.011193405836820602
0.05892301723361015
-0.056618645787239075
-0.5525796413421631
-0.21447846293449402
-0.12068905681371689
0.009959613904356956
-0.138733372092247
-0.23451368510723114
-0.00010168949665967375
0.3774012625217438
0.0823584794998169
-0.1205047219991684
-0.022568877786397934
-0.1844853013753891
-0.27908235788345337
-0.04753779247403145
0.0222577266395092
-0.0013495254097506404
-0.0060366373509168625
-0.024780631065368652
-0.05972395837306976
0.06858409196138382
0.07559259235858917
-0.0253922026604414
-0.048613518476486206
0.050417710095644
-0.07268431782722473
-0.07313016802072525
-0.07538113743066788
0.06835060566663742
0.10453025996685028
-0.09915361553430557
-0.18374939262866974
-0.21639755368232727
-0.6892532706260681
-0.29453936219215393
-0.1291341930627823
-0.42709940671920776
0.05228227376937866
-0.16380056738853455
-0.1603839099407196
-0.3773210346698761
-0.1173856109380722
-0.35627850890159607
-0.5501238703727722
-0.6533359289169312
-0.692635715007782
-0.6258732676506042
-0.3715492784976959
-0.6783941984176636
-1.472796082496643
-0.8593453764915466
-0.501007616519928
-0.8389051556587219
-0.9881767630577087
-0.9198460578918457
-0.5918495655059814
-0.8058937191963196
-0.9646652340888977
-1.474389672279358
-1.034847378730774
-1.29291570186615
-1.1962496042251587
-0.03256618231534958
0.007948542945086956
-0.015025049448013306
-0.049202028661966324
-0.05344060808420181
-0.005717449821531773
0.04280781000852585
-0.016084881499409676
0.053471557796001434
0.04049692675471306
0.006204305216670036
0.009834838099777699
0.05760178714990616
-0.1021042987704277
-0.0005032618646509945
-0.04164133965969086
-0.13675467669963837
-0.12922342121601105
-0.18975871801376343
-0.43060487508773804
-0.4168934226036072
-0.06370379775762558
0.06717845797538757
0.0707397386431694
-0.24857056140899658
-0.1866755187511444
0.054245226085186005
0.29718315601348877
-0.3598320186138153
-0.4311964809894562
-0.49564099311828613
-0.7240456938743591
0.08422866463661194
0.03563665226101875
-0.018873369321227074
-0.03633647412061691
0.03591466695070267
0.0391228087246418
0.03496995195746422
-0.0018219560151919723
-0.09140606224536896
-0.018282663077116013
0.05492730438709259
0.050772130489349365
0.018437320366501808
-0.01776173710823059
0.004528633784502745
-0.022703174501657486
-0.27660295367240906
-0.27275362610816956
-0.4436071515083313
-1.4726437330245972
-0.4179198443889618
-0.15975964069366455
-0.35452738404273987
-0.6699708104133606
-0.4124942421913147
-0.0501633919775486
-0.4860008656978607
-0.43473103642463684
-0.5978599786758423
-0.48109516501426697
-0.6177899241447449
-0.5621930360794067
-0.0179657731205225
0.042098887264728546
-0.01665627397596836
0.05285533517599106
-0.026518557220697403
-0.004788872320204973
-0.022645290940999985
-0.0037954081781208515
-0.07591089606285095
0.07225332409143448
-0.05775078386068344
-0.024893108755350113
-0.10677603632211685
-0.022021669894456863
-0.06565125286579132
-0.040435194969177246
-0.4423789381980896
-0.2827501595020294
-0.4914684295654297
-1.7710022926330566
-0.5456798672676086
-0.19906306266784668
-0.4058816134929657
-0.398672878742218
-0.6669535040855408
-0.28447261452674866
-0.6340596675872803
-0.5700913667678833
-0.7539352774620056
-0.5840936899185181
-0.847062885761261
-0.8445597290992737
-0.34958943724632263
-0.10027851164340973
-0.4241708219051361
-1.3075494766235352
-0.4367508888244629
-0.16051781177520752
-0.2654436528682709
-0.3582237958908081
-0.5551048517227173
-0.22759567201137543
-0.28646793961524963
-0.2712570130825043
-0.5702000260353088
-0.4204537868499756
-0.8035634756088257
-0.7256971001625061
-0.35982581973075867
-0.2185213267803192
-0.49985888600349426
-1.6075787544250488
-0.5077639818191528
-0.5360817909240723
-0.7629906535148621
-0.3431720435619354
-0.6845744252204895
-0.350276380777359
-0.5318512916564941
-0.6203557252883911
-0.5045951008796692
-0.6035611629486084
-0.8675271272659302
-0.8905189633369446
0.004165577702224255
0.01382365357130766
-0.03441987931728363
-0.00043688068399205804
-0.0752950981259346
0.034924399107694626
-0.04031277075409889
0.04533132165670395
0.03251480311155319
0.04405470937490463
-0.06463877856731415
-0.07877882570028305
-0.039932720363140106
0.007184991613030434
-0.0031012019608169794
0.013504925183951855
-0.4291398823261261
-0.2758226990699768
-0.4204842746257782
-1.5037413835525513
-0.7234141826629639
-0.23400960862636566
-0.6288686394691467
-0.23761576414108276
-0.7087133526802063
-0.45083147287368774
-0.46946436166763306
-0.40717798471450806
-0.6802012920379639
-0.6594393253326416
-0.9554790258407593
-0.930902898311615
0.06711677461862564
0.041656333953142166
-0.2789672017097473
-0.640031099319458
-0.10960694402456284
0.006122638937085867
0.004036049358546734
-0.30622774362564087
-0.04909171909093857
0.09557779878377914
0.25140467286109924
-0.04706988483667374
0.011760031804442406
-0.06451829522848129
-0.2665976583957672
-0.031893715262413025
-0.13006825745105743
-0.08452808856964111
0.08624708652496338
-0.2140718549489975
-0.020360488444566727
0.05013473704457283
0.35248398780822754
-0.06381011009216309
-0.04252878203988075
0.0028584375977516174
0.023658014833927155
-0.03552477806806564
-0.012672273442149162
-0.06960628181695938
-0.06693540513515472
0.04832391440868378
-0.08032365888357162
0.01941685937345028
0.0590377040207386
-0.0058053527027368546
-0.0005207097274251282
-0.06278611719608307
0.011385759338736534
0.02964918315410614
0.006173695437610149
-0.07394333928823471
0.016747992485761642
0.006545389536768198
-0.0172438882291317
0.0057839443907141685
-0.01420531328767538
0.09742718935012817
-0.43040990829467773
-0.19539272785186768
-0.34904980659484863
-0.8700825572013855
-0.6418469548225403
-0.22807945311069489
-0.2754886746406555
-0.09365545958280563
-0.4907030165195465
-0.26328137516975403
-0.25455981492996216
-0.29342806339263916
-0.2051268219947815
-0.704860270023346
-0.8528818488121033
-0.8694422841072083
-0.4154343605041504
-0.29431718587875366
-0.7281745672225952
-1.384318470954895
-0.43873509764671326
-0.19416183233261108
-0.22003118693828583
-0.6630982160568237
-0.44512757658958435
-0.29009267687797546
-0.2317553609609604
-0.4148067235946655
-0.567897617816925
-0.5651378035545349
-0.5264347791671753
-0.2737768888473511
0.03950360789895058
0.03172222152352333
-0.2252519577741623
-1.102687120437622
-0.15687090158462524
-0.08010511100292206
-0.27132177352905273
-0.5153360366821289
-0.3745265305042267
0.07038727402687073
0.09814997762441635
-0.12445014715194702
-0.4313443601131439
-0.14616736769676208
-0.4421536922454834
-0.2995390295982361
-0.0388777069747448
-0.06304622441530228
-0.38642674684524536
-1.3691987991333008
-0.27096882462501526
-0.000915496435482055
-0.13853155076503754
-0.32509222626686096
-0.6163251996040344
-0.05320625752210617
0.23102107644081116
-0.12494805455207825
-0.4228465259075165
-0.3305504620075226
-0.6376708745956421
-0.6159116625785828
-0.22501268982887268
-0.17319083213806152
-0.7067248225212097
-1.3898475170135498
-0.2508929371833801
-0.19212400913238525
-0.5053891539573669
-0.6966722011566162
-0.4011990427970886
-0.1350814551115036
-0.4098520874977112
-0.15493425726890564
-0.43328437209129333
-0.5313115119934082
-0.5069135427474976
-0.13218817114830017
-0.22370944917201996
-0.174554243683815
-0.30446335673332214
-1.2256094217300415
-0.21451377868652344
-0.10996365547180176
-0.38642582297325134
-0.39582592248916626
-0.3792690336704254
-0.005926665384322405
0.14767979085445404
0.017717991024255753
-0.39044809341430664
-0.30206236243247986
-0.4954785704612732
-0.6528818011283875
-0.34184354543685913
-0.21812133491039276
-0.8311358094215393
-1.5743790864944458
-0.4668149948120117
-0.18057452142238617
-0.9537035822868347
-0.8732523918151855
-0.4334690570831299
-0.47570326924324036
-1.0148882865905762
-0.6265110373497009
-0.6025676131248474
-0.5089192390441895
-0.6492642164230347
-0.4532991349697113
-0.2356409877538681
-0.09875528514385223
-0.01263113971799612
0.21523557603359222
-0.28931018710136414
-0.009078471921384335
0.10009938478469849
0.4764282703399658
-0.11221686005592346
0.017263926565647125
-0.1695936769247055
-0.25100305676460266
-0.17611326277256012
-0.07166224718093872
-0.21885104477405548
-0.28371191024780273
-0.38705968856811523
-0.16188591718673706
-0.48775777220726013
-0.9520581960678101
-0.6405220031738281
-0.4128063917160034
-0.08270464092493057
-0.22923605144023895
-0.6663082242012024
-0.3992040157318115
-0.0166118573397398
0.02013837918639183
-0.3624814450740814
-0.5957602858543396
-0.7477447986602783
-0.9577849507331848
-0.23370897769927979
-0.21102996170520782
-0.8010451197624207
-1.5779192447662354
-0.3339826762676239
-0.3509277105331421
-0.7506546378135681
-0.7222151756286621
-0.43230298161506653
-0.3705354928970337
-0.8426873087882996
-0.3977030813694
-0.5278899669647217
-0.5486475825309753
-0.6304365992546082
-0.2828259766101837
-0.05584082379937172
-0.009640993550419807
0.01096215471625328
0.013359895907342434
0.07167360931634903
0.037016987800598145
0.06391064077615738
-0.010247082449495792
-0.061355289071798325
0.0476558580994606
-0.020489875227212906
0.003987966571003199
-0.01079405564814806
-0.02036801166832447
-0.015277457423508167
0.0260151494294405
-0.05865578353404999
-0.03632960841059685
-0.030608000233769417
0.005474630743265152
0.026809465140104294
-0.05104319006204605
0.02919006161391735
0.015669193118810654
0.029984697699546814
-0.06896574795246124
0.010155651718378067
-0.048296790570020676
0.06703562289476395
0.02160097286105156
0.1099245548248291
0.01073472946882248
0.03484634682536125
0.053331129252910614
0.008151604793965816
0.02162524312734604
0.06290320307016373
0.05912498012185097
0.01649063266813755
-0.02906745858490467
0.005371468141674995
0.009500173851847649
0.026767080649733543
0.08036591857671738
0.020695842802524567
-0.0050966269336640835
-0.04874192178249359
0.018259024247527122
0.30949899554252625
0.13166576623916626
0.8960991501808167
1.31558096408844
0.4014991223812103
-0.2765701711177826
0.05739293247461319
0.9336052536964417
0.46051672101020813
-0.1649012714624405
0.2618677020072937
0.4965464770793915
0.5112841725349426
0.6632357835769653
0.7018111944198608
0.3674877882003784
0.2065666764974594
0.18287129700183868
-0.033396586775779724
0.33793801069259644
0.2446763515472412
0.19969606399536133
-0.601780354976654
-0.2430824339389801
0.3092274069786072
0.07722732424736023
-0.34561991691589355
-0.29190102219581604
0.4765346050262451
0.3164201080799103
0.1873432844877243
0.40813693404197693
0.045001301914453506
-0.0064855702221393585
0.06734374165534973
0.33947426080703735
0.11370916664600372
0.04687335714697838
0.021699370816349983
-0.06915318965911865
0.1666548103094101
0.22527062892913818
-0.5338619947433472
-0.23999075591564178
-0.024640582501888275
0.07826320081949234
0.23019027709960938
0.034330323338508606
-0.057845715433359146
0.06674812734127045
-0.09600485861301422
-0.003143894486129284
-0.002709734020754695
0.009678366594016552
0.009939970448613167
-0.025432640686631203
0.003430781653150916
0.059229135513305664
-0.0030440054833889008
-0.004786007571965456
-0.02824743092060089
-0.09190653264522552
0.0026325827930122614
0.06692687422037125
0.06116058677434921
0.04533061757683754
-0.023419657722115517
0.24720124900341034
0.16616091132164001
-0.2496386021375656
0.2524484097957611
-0.10576116293668747
0.2630845010280609
0.24760448932647705
0.2296045422554016
-0.050404634326696396
0.5018574595451355
0.3760908842086792
0.3530186712741852
0.5773623585700989
0.5352712869644165
0.17886950075626373
0.39923331141471863
1.3504427671432495
0.766788125038147
0.14031542837619781
0.18719685077667236
0.9259814023971558
0.9294451475143433
0.43492719531059265
0.231851264834404
0.8683397173881531
1.355819821357727
1.0058395862579346
0.8257990479469299
1.1648584604263306
0.0059297834523022175
-0.03742356225848198
0.03964368999004364
-0.04368310794234276
-0.0518307238817215
0.0026663353201001883
-0.003819321282207966
-0.029831791296601295
-0.02103159762918949
-0.01394557673484087
0.002815911313518882
0.06003718450665474
0.052556686103343964
-0.0072334157302975655
0.02111099287867546
-0.010160954669117928
0.22464892268180847
0.17867755889892578
0.15889061987400055
0.2597927451133728
0.38140761852264404
0.22259755432605743
-0.3916371464729309
-0.17230898141860962
0.260448157787323
0.12668326497077942
-0.10095184296369553
-0.2319917380809784
0.3436034321784973
0.5103989243507385
0.3483247756958008
0.5648782849311829
0.038514211773872375
-0.014803284779191017
-0.002602065447717905
0.021286988630890846
-0.018694614991545677
0.08089953660964966
0.0010158057557418942
0.00035248318454250693
0.055177293717861176
0.02106904238462448
-0.06644990295171738
0.03489214554429054
-0.08211830258369446
0.028530316427350044
-0.06323816627264023
0.001006974489428103
0.2878427803516388
0.330500990152359
0.3386748433113098
1.008534550666809
0.4312143921852112
0.0430774912238121
0.036572832614183426
0.5520957708358765
0.498335599899292
-0.24599741399288177
0.30959564447402954
0.18350432813167572
0.632430911064148
0.4231427013874054
0.36823874711990356
0.47543373703956604
0.006005237810313702
0.006687389686703682
-0.0033467323519289494
0.05214465409517288
0.02758176624774933
0.06554295867681503
-0.004249165765941143
0.017620399594306946
-0.03890218958258629
-0.010445867665112019
-0.011817289516329765
-0.03251846134662628
0.031259048730134964
-0.01541697047650814
0.04435305669903755
0.013769836165010929
0.41637519001960754
0.15305617451667786
0.32338881492614746
1.4919302463531494
0.5177634358406067
0.08959058672189713
-0.23410959541797638
0.2902790606021881
0.5674363374710083
-0.12829741835594177
0.26083502173423767
0.5311872959136963
0.6988306045532227
0.5376589894294739
0.51938396692276
0.47284919023513794
0.4553966224193573
0.1677177995443344
0.228846937417984
1.1148074865341187
0.4610900282859802
-0.18233102560043335
-0.036143381148576736
0.28833824396133423
0.4352298080921173
-0.1264301985502243
0.03203010559082031
0.15389575064182281
0.3179665505886078
0.34975677728652954
0.5726680159568787
0.5180014371871948
0.34137263894081116
0.1663670390844345
0.2633714973926544
1.2760348320007324
0.4463062584400177
-0.10934140533208847
0.3681061267852783
0.19663292169570923
0.5915088057518005
0.299012154340744
0.2517390251159668
0.5147422552108765
0.4548683166503906
0.5922418832778931
0.5582337379455566
0.7709561586380005
-0.0227202195674181
-0.03815445676445961
0.007800042629241943
-0.03732944652438164
-0.04011029750108719
-0.09494279325008392
-0.003571651643142104
0.10598871856927872
-0.018775638192892075
-0.024065986275672913
0.02051684632897377
-0.03620751202106476
-0.10502873361110687
0.1021120473742485
0.01731608435511589
0.010844566859304905
0.36305201053619385
0.19892175495624542
0.4149590730667114
1.18302583694458
0.6484480500221252
-0.18613235652446747
0.10310213267803192
0.48313653469085693
0.6524955034255981
0.14934583008289337
0.1990044116973877
0.41458144783973694
0.9106488823890686
0.7100620865821838
0.6516143679618835
0.8290295600891113
-0.007321515120565891
0.010728766210377216
0.13663136959075928
0.3861280381679535
0.10045435279607773
-0.16850343346595764
-0.029415003955364227
0.23548954725265503
0.06553703546524048
-0.09793391078710556
-0.4467902183532715
0.09800770878791809
0.014756839722394943
0.08468905091285706
0.10512291640043259
0.05168485641479492
-0.008839540183544159
0.12169207632541656
-0.08625700324773788
0.06364338099956512
0.051367588341236115
-0.16918621957302094
-0.44244319200515747
0.05417706072330475
-0.03178590536117554
-0.05123884230852127
0.05479707941412926
0.1404377669095993
-0.060071151703596115
-0.06826887279748917
-0.021421337500214577
0.07646436244249344
-0.07278420031070709
-0.01775105856359005
-0.002919805468991399
-0.02043398842215538
-0.04329422861337662
0.010652821511030197
0.011987537145614624
0.049680229276418686
0.047121625393629074
-0.07852198928594589
0.03133339434862137
-0.006835089530795813
0.04959304630756378
0.0712183341383934
-0.03480306640267372
0.08770538121461868
0.34300798177719116
0.042881451547145844
0.26059582829475403
0.6172810196876526
0.5521247386932373
-0.2171316146850586
-0.1376739740371704
0.034033890813589096
0.466708779335022
0.3072139322757721
0.14010952413082123
0.11230724304914474
0.3017691969871521
0.6683483719825745
0.6867603063583374
0.7896588444709778
0.35589396953582764
0.37594106793403625
0.6437487006187439
1.0869663953781128
0.4107919931411743
-0.21456287801265717
0.16541802883148193
0.47202494740486145
0.3803209364414215
-0.11002693325281143
-0.003258518874645233
0.27673977613449097
0.5069757103919983
0.6082553863525391
0.47786885499954224
0.3505624830722809
0.02507268264889717
-0.12911075353622437
0.15554796159267426
0.867783784866333
0.12499429285526276
-0.032836973667144775
0.08385828882455826
0.22165250778198242
0.33512362837791443
-0.10789114236831665
-0.26891160011291504
-0.06425981968641281
0.2960507869720459
0.2365725338459015
0.31163540482521057
0.17869669198989868
0.11778365820646286
-0.02748856320977211
0.1512926071882248
1.079089879989624
0.1978873312473297
-0.17908836901187897
-0.20934228599071503
0.2697429358959198
0.36743083596229553
-0.24289344251155853
-0.38091883063316345
-0.06083167344331741
0.33777928352355957
0.3020222783088684
0.34209659695625305
0.4072699546813965
0.32049131393432617
0.2774352431297302
0.5740679502487183
0.9994553923606873
0.32152262330055237
0.19537797570228577
0.45590391755104065
0.3359273672103882
0.56529301404953
-0.3162153661251068
-0.02406216412782669
0.060184016823768616
0.46790802478790283
0.40554293990135193
0.23243600130081177
0.1880629062652588
0.27986371517181396
-0.03923507407307625
0.05436151102185249
0.956315815448761
0.22126787900924683
-0.20814675092697144
0.12636248767375946
0.27223339676856995
0.26044201850891113
-0.12263153493404388
-0.16560965776443481
-0.22407567501068115
0.13644151389598846
0.21106384694576263
0.33566024899482727
0.4208023250102997
0.2813774645328522
0.22399313747882843
0.6599641442298889
1.569474220275879
0.3428623676300049
-0.08447744697332382
0.23555812239646912
0.7393601536750793
0.305841863155365
-0.259344220161438
0.3723965883255005
0.5161781907081604
0.6073225140571594
0.611059308052063
0.6260325908660889
0.4602587819099426
0.013667630963027477
0.07628878206014633
-0.1239732950925827
-0.25421780347824097
0.27944597601890564
0.02708582952618599
-0.2054416835308075
-0.5101279020309448
-0.02783706597983837
-0.04575224965810776
0.12929049134254456
0.09788250923156738
0.2398862987756729
0.1365288645029068
0.23267534375190735
0.1589733511209488
0.5014205574989319
0.11038263142108917
0.5913297533988953
0.9321941137313843
0.5556542873382568
0.22303687036037445
-0.6052859425544739
-0.19169479608535767
0.5698661804199219
0.4537489414215088
-0.13649602234363556
-0.3405376672744751
0.5845743417739868
0.6480320692062378
0.6220642924308777
0.7692578434944153
0.2591026723384857
0.2647881805896759
0.6896511316299438
1.3360079526901245
0.2645258903503418
0.2151903212070465
0.649811327457428
0.5291051864624023
0.39505428075790405
-0.3668815791606903
0.7934994101524353
0.14221392571926117
0.45766541361808777
0.5929111242294312
0.4849296510219574
0.10842228680849075
-0.040744733065366745
0.06345988810062408
0.029131943359971046
0.007538578938692808
-0.002779443748295307
-0.013838442973792553
0.004173668567091227
-0.020070064812898636
-0.02355307899415493
-0.06903846561908722
-0.0637107565999031
0.05215426906943321
0.014593763276934624
0.0014964970760047436
0.0817856714129448
-0.0437617301940918
-0.01250010821968317
-0.00043223993270657957
0.0028989422135055065
-0.03328901156783104
-0.0016146872658282518
0.005139652173966169
0.005849155131727457
-0.003702520625665784
0.052380237728357315
-0.01727011799812317
-0.03964800760149956
-0.020284317433834076
-0.07968048006296158
0.018803197890520096
-0.06729184836149216
-0.04861300811171532
-0.012340894900262356
0.09794369339942932
0.10467170923948288
-0.018229952082037926
-0.0031184442341327667
-0.015609514899551868
-0.0234109777957201
0.028322972357273102
-0.02670295163989067
0.034777671098709106
-0.016507862135767937
0.020750833675265312
0.07870516926050186
-0.002744195284321904
-0.011229665018618107
0.07208302617073059
0.33942094445228577
0.059346169233322144
0.5875539779663086
1.4060572385787964
0.4065360724925995
-0.16714319586753845
-0.355729877948761
1.1178803443908691
0.37919825315475464
-0.01999911479651928
-0.16635246574878693
0.4549129605293274
0.4865274131298065
0.5533407926559448
0.681171178817749
0.4238585829734802
0.07105114310979843
0.11576072126626968
-0.11909246444702148
0.31718799471855164
0.28226238489151
0.07284573465585709
-0.4734032154083252
-0.5110661387443542
0.31036341190338135
0.05160171166062355
-0.28925439715385437
-0.3400188684463501
0.5069319605827332
0.30509257316589355
0.34542882442474365
0.39347779750823975
-0.08736343681812286
-0.05504798889160156
-0.02296753227710724
0.4018922746181488
0.1350400745868683
0.22991670668125153
-0.024028467014431953
0.06273793429136276
0.10459411144256592
0.0542338564991951
-0.5053019523620605
-0.329622358083725
0.09874001890420914
0.13516865670681
0.2968374490737915
0.1558004468679428
-0.08681606501340866
-0.028976839035749435
-0.016126975417137146
-0.0727347582578659
-0.0028230620082467794
0.00413399888202548
-0.053107161074876785
-0.08002954721450806
0.003282007994130254
-0.05058787018060684
0.005553039722144604
0.03147963434457779
0.012228313833475113
-0.0320248119533062
0.08271196484565735
-0.1023298054933548
-0.014605410397052765
0.07092081755399704
-0.11120259761810303
0.2472650408744812
0.22411669790744781
-0.20274607837200165
0.31196075677871704
-0.2236947864294052
0.3080764412879944
0.16327941417694092
0.3540152311325073
-0.07915171980857849
0.5728626251220703
0.508420467376709
0.45857346057891846
0.5841716527938843
0.37575677037239075
0.22505970299243927
0.3641105592250824
1.0510605573654175
0.8035573959350586
0.2931089401245117
0.1680736392736435
0.6060055494308472
0.9125738739967346
0.4964524209499359
0.07105472683906555
0.36812901496887207
1.535304069519043
1.0390228033065796
1.051926851272583
1.1274360418319702
0.0010410710237920284
-0.04312321916222572
-0.009848660789430141
-0.0621161125600338
-0.021952597424387932
0.0008386839763261378
-0.07182378321886063
-0.020378822460770607
-0.03963792696595192
0.06540504097938538
-0.05412132665514946
0.008650370873510838
-0.024574289098381996
-0.0412488728761673
-0.07379449158906937
-0.02364269271492958
0.06777043640613556
0.10684940218925476
0.1582658886909485
0.08761956542730331
0.3795466125011444
0.04840262979269028
-0.5217082500457764
-0.2284834086894989
0.17209114134311676
0.19392402470111847
0.03449704870581627
-0.3296739459037781
0.3249107897281647
0.38405436277389526
0.4537929594516754
0.6230173110961914
-0.02602573111653328
0.029565345495939255
-0.035302240401506424
0.009321276098489761
0.03547067567706108
-0.1020670086145401
0.015521930530667305
0.013189069926738739
-0.042964521795511246
-0.04412442073225975
-0.021732458844780922
0.02473062090575695
-0.07267942279577255
0.01231386698782444
-0.02784690260887146
0.014636831358075142
0.12388770282268524
0.31080129742622375
0.4509621560573578
0.8936352729797363
0.3157171308994293
-0.027685455977916718
-0.5334274768829346
0.42007380723953247
0.4945434331893921
-0.37602049112319946
-0.1351085901260376
0.21415822207927704
0.7183387279510498
0.40880057215690613
0.23163211345672607
0.5044611692428589
0.023718828335404396
-0.03726242110133171
0.0003056455170735717
-0.06163864955306053
-0.008329469710588455
0.02144022472202778
0.03279586508870125
-0.07204578071832657
0.06114288419485092
0.01414412260055542
-0.009407439269125462
-0.07213477790355682
0.028001008555293083
-0.049022167921066284
0.08359626680612564
-0.0032876196783035994
0.3148879408836365
0.2917022407054901
0.5283094644546509
1.5433305501937866
0.47619688510894775
0.21787947416305542
-0.28693968057632446
0.23498037457466125
0.6097366809844971
0.11788950860500336
-0.014910245314240456
0.0322156585752964
0.5921213626861572
0.5074437856674194
0.6882872581481934
0.5402954816818237
0.3828759491443634
0.3216829299926758
0.29490217566490173
1.0749657154083252
0.4536089599132538
0.0882641151547432
-0.1808534562587738
0.09490600973367691
0.46027278900146484
0.021883390843868256
-0.06984766572713852
-0.3251384198665619
0.3197407126426697
0.30224061012268066
0.6140081286430359
0.5295013189315796
0.06742554903030396
0.15862444043159485
0.2592778503894806
1.299970030784607
0.438102662563324
0.044269632548093796
0.149866983294487
-0.01967128925025463
0.5763680338859558
0.3176438510417938
0.06737445294857025
-0.032957565039396286
0.5914244651794434
0.6749494075775146
0.5404555201530457
0.724907636642456
-0.04268985614180565
-0.02204299345612526
-0.035615164786577225
0.09326097369194031
-0.01693854108452797
0.012954662553966045
0.05149635300040245
-0.05277344211935997
0.10807380080223083
0.014028917998075485
0.00882277637720108
-0.007749486248940229
0.07089067250490189
0.10462986677885056
-0.10844186693429947
-0.024200355634093285
0.22993144392967224
0.1661597192287445
0.3002484440803528
1.077149748802185
0.6124664545059204
0.11894813179969788
0.08386846631765366
0.1083354726433754
0.6429927945137024
0.237529456615448
0.0004995266790501773
-0.027308477088809013
0.8105770945549011
0.6491666436195374
0.7290749549865723
0.7724500894546509
-0.07380736619234085
0.03546008840203285
0.12077632546424866
0.3993273973464966
0.08138330280780792
-0.24294474720954895
-0.17290981113910675
0.25604045391082764
0.15113341808319092
-0.237867534160614
-0.4331277310848236
0.16125449538230896
0.02576449140906334
0.091248519718647
0.03689274191856384
-0.011040816083550453
0.09342660754919052
0.08552403002977371
0.041583698242902756
0.14816537499427795
-0.021847829222679138
-0.09852537512779236
-0.4797455370426178
0.12380503118038177
0.013869849033653736
-0.03418198600411415
0.08498483896255493
0.023971492424607277
-0.02951749414205551
-0.03402071073651314
0.056480780243873596
0.03581297770142555
-0.029605526477098465
-0.008292170241475105
0.029782546684145927
-0.005145443137735128
-0.007981548085808754
-0.02421150915324688
-0.06380395591259003
0.013744274154305458
-0.10456925630569458
0.009732658974826336
-0.048245154321193695
-0.025293897837400436
0.03651359677314758
-0.0016949521377682686
-0.05025793984532356
-0.014942996203899384
0.1508360207080841
0.08400081843137741
0.09264521300792694
0.3443904519081116
0.4382263422012329
-0.09342341125011444
-0.2998964190483093
-0.1421448439359665
0.41183313727378845
0.2888234555721283
-0.020422840490937233
0.11601870507001877
0.4618801176548004
0.58150315284729
0.6899204850196838
0.7697402238845825
0.4401702284812927
0.4603768289089203
0.5030282735824585
1.1045374870300293
0.37425586581230164
-0.05347177013754845
-0.43769535422325134
0.644225537776947
0.33198973536491394
0.024932071566581726
-0.3590110242366791
0.2806973159313202
0.4820040762424469
0.4478670358657837
0.3944115936756134
0.3000940978527069
-0.07977773994207382
-0.03452862799167633
0.09358885139226913
0.8543590903282166
0.13208046555519104
0.010571719147264957
0.08638250082731247
0.18786130845546722
0.27015864849090576
-0.11677916347980499
-0.2841417193412781
-0.27119460701942444
0.20112960040569305
0.09602738916873932
0.44041332602500916
0.23130063712596893
-0.04688865691423416
0.09806996583938599
0.38195112347602844
1.0890854597091675
0.2410498559474945
-0.06571264564990997
-0.1584656834602356
0.0784507468342781
0.36317262053489685
-0.17172396183013916
-0.2823002338409424
-0.40178221464157104
0.30778026580810547
0.22468848526477814
0.33956360816955566
0.2723795771598816
0.3216480612754822
0.2075089067220688
0.6344636082649231
1.066042184829712
0.36153027415275574
0.0681338831782341
-0.12129628658294678
0.3259952664375305
0.3756900727748871
-0.10706270486116409
-0.28795284032821655
0.04322609677910805
0.4107380509376526
0.42345747351646423
0.311708003282547
0.25677281618118286
0.08843568712472916
-0.07812048494815826
0.07571321725845337
0.9849966764450073
0.30650317668914795
-0.15107113122940063
-0.036709126085042953
0.21616235375404358
0.2918894290924072
-0.16472327709197998
-0.22595281898975372
-0.2260531485080719
0.2474084347486496
0.25283679366111755
0.31433582305908203
0.5147454142570496
0.19857393205165863
0.11415703594684601
0.6497199535369873
1.5467787981033325
0.3477078974246979
-0.14895367622375488
-0.2820855379104614
0.8047435283660889
0.4263625741004944
0.10545636713504791
-0.16440725326538086
0.48978522419929504
0.5357634425163269
0.6139208674430847
0.7100297808647156
0.47811466455459595
0.08220244199037552
0.12693803012371063
-0.10903692245483398
-0.2684096097946167
0.17589060962200165
-0.011062274686992168
-0.20924724638462067
-0.5093300342559814
-0.003380177542567253
-0.05009392276406288
0.20574349164962769
0.03570374846458435
0.36803755164146423
0.1651580035686493
0.14258460700511932
0.21890629827976227
0.19599734246730804
0.16146637499332428
0.3617161512374878
0.9060690402984619
0.617169201374054
0.14951947331428528
-0.5987573862075806
-0.5266245007514954
0.5931156873703003
0.5292147397994995
-0.08401506394147873
-0.46246299147605896
0.4544925093650818
0.7566489577293396
0.5895214676856995
0.8001370429992676
0.134358748793602
0.24055954813957214
0.6908434629440308
1.2550265789031982
0.18021410703659058
0.18947991728782654
0.201581209897995
0.5024167895317078
0.3527316153049469
-0.24258296191692352
0.2567591071128845
-0.03155889734625816
0.4516916275024414
0.43199607729911804
0.503598153591156
0.2259848415851593
-0.02116040512919426
-0.08403345197439194
0.03627109155058861
-0.010487525723874569
-0.021463459357619286
0.07762614637613297
-0.005488170776516199
-0.011671304702758789
-0.009832958690822124
-0.10066860914230347
0.015562528744339943
-0.01977720856666565
0.06991268694400787
-0.02787209488451481
0.019303645938634872
0.06594565510749817
0.04558006301522255
-0.03202492743730545
-0.03006645478308201
-0.04078303277492523
-0.011020277626812458
-0.13030320405960083
0.014871048741042614
-0.025251280516386032
-0.031775012612342834
0.023295361548662186
-0.061400800943374634
0.024566499516367912
0.07474853098392487
-0.02224559336900711
0.04942046105861664
-0.024530062451958656
-0.10634826868772507
0.04380158707499504
-0.010632438585162163
-0.07346175611019135
0.022533537819981575
-0.03514990955591202
-0.012740393169224262
-0.09561366587877274
-0.07347211241722107
0.010732256807386875
-0.08882191777229309
-0.06699807196855545
0.07046346366405487
0.024904459714889526
-0.036343660205602646
0.016639407724142075
0.3145941495895386
-0.001977851614356041
0.8566948175430298
1.3825891017913818
0.45958542823791504
-0.17512093484401703
0.2680196464061737
1.102041482925415
0.4725881814956665
-0.08974522352218628
0.591241717338562
0.5389162302017212
0.5657979846000671
0.6402363181114197
0.6388128399848938
0.40575525164604187
0.22001399099826813
0.13067691028118134
-0.12072828412055969
0.4102536141872406
0.26203638315200806
0.08473563939332962
-0.6543428897857666
-0.10880529135465622
0.17240294814109802
0.11140845715999603
-0.19510561227798462
-0.11115548759698868
0.5377197265625
0.24137084186077118
0.24377690255641937
0.4489874243736267
0.055563002824783325
-0.054504960775375366
0.054999638348817825
0.4098512530326843
0.08414439111948013
0.1539320945739746
0.04478798434138298
0.10548431426286697
0.1504974365234375
0.11772937327623367
-0.557140052318573
-0.1303984522819519
0.058331575244665146
0.09701341390609741
0.18686755001544952
0.08789131045341492
0.017309624701738358
0.029628969728946686
0.013665171340107918
-0.10307897627353668
-0.014401634223759174
-0.04336559399962425
-0.06590403616428375
0.05284589156508446
-0.051678046584129333
-0.08094746619462967
0.0775362029671669
-0.041358012706041336
-0.02286752313375473
0.06960909068584442
-0.09522810578346252
-0.01755719631910324
0.0643734484910965
-0.05143876001238823
-0.053625449538230896
0.28417232632637024
0.19206398725509644
-0.2205692082643509
0.2799496352672577
-0.12138735502958298
0.23439590632915497
0.24594520032405853
0.23590363562107086
-0.01269793976098299
0.5341504216194153
0.5275154709815979
0.41209033131599426
0.5896283388137817
0.4663410782814026
0.10664501041173935
0.4709058403968811
1.5734224319458008
0.8441846966743469
0.30846861004829407
0.1491554081439972
1.6833280324935913
0.9085329174995422
0.4949016273021698
0.05618399381637573
1.279271125793457
1.5525083541870117
0.9621284008026123
0.8742427229881287
1.0505590438842773
-0.03246063366532326
-0.01210350263863802
0.018753521144390106
0.01542982179671526
-0.007856178097426891
0.012157450430095196
0.0436512753367424
-0.06195487454533577
0.044380977749824524
-0.001838746597059071
0.041636139154434204
0.027827681973576546
-0.01766650378704071
0.011725948192179203
0.0205009076744318
-0.051107387989759445
0.09249007701873779
0.1314251869916916
0.01605139672756195
0.3408151865005493
0.3429805040359497
0.12556059658527374
-0.5493753552436829
0.044090140610933304
0.2753518223762512
0.2555396854877472
-0.061626631766557693
-0.17074017226696014
0.40011587738990784
0.40109387040138245
0.35845452547073364
0.6271610856056213
0.011486317031085491
-0.0322946235537529
-0.06917857378721237
0.07068412005901337
0.06644205003976822
-0.051196981221437454
0.029156344011425972
-0.041436661034822464
0.07719363272190094
0.011167499236762524
0.009138567373156548
0.02654108963906765
-0.014999152161180973
-0.031491659581661224
0.08132978528738022
-0.06344494968652725
0.19272418320178986
0.25448882579803467
0.2831009030342102
1.1308581829071045
0.37807416915893555
0.010665967129170895
-0.0833825170993805
0.7030096650123596
0.43831461668014526
-0.2317601889371872
0.4755760431289673
0.42435407638549805
0.6158578395843506
0.5508559942245483
0.39255666732788086
0.37518787384033203
0.048646096140146255
0.010942623019218445
0.0739482194185257
-0.0632610097527504
-0.09640582650899887
-0.03709854930639267
-0.0205403883010149
0.06721916794776917
-0.026793314144015312
-0.06382571905851364
0.01614593341946602
0.009944199584424496
-0.025088002905249596
-0.05187997221946716
-0.007742868736386299
-0.06649670004844666
0.4169217348098755
0.2916097044944763
0.41505610942840576
1.4947980642318726
0.5057002305984497
0.13612967729568481
-0.16740359365940094
0.5351418256759644
0.5761734843254089
0.10323386639356613
0.24207715690135956
0.825727105140686
0.5804004669189453
0.4464302957057953
0.4813719391822815
0.5748787522315979
0.509890615940094
0.19286270439624786
0.33857735991477966
1.0361860990524292
0.3838396370410919
-0.12240871787071228
0.22101646661758423
0.17466145753860474
0.42228832840919495
0.054807890206575394
0.14140324294567108
0.17214781045913696
0.30981898307800293
0.2502884566783905
0.6355915665626526
0.5308719277381897
0.2811398506164551
0.0261875968426466
0.5694655776023865
1.3097600936889648
0.526793897151947
0.037847600877285004
0.5794568061828613
0.4387587904930115
0.6248127222061157
0.33290842175483704
0.024828968569636345
0.7795733213424683
0.6281594634056091
0.7211397886276245
0.6009972095489502
0.8005595207214355
-0.10696419328451157
0.007673691026866436
0.009879890829324722
-0.011087996885180473
0.04203946143388748
0.05220113694667816
-0.01241471990942955
0.030948132276535034
-0.0879393219947815
-0.058153439313173294
-0.008672081865370274
0.03557309880852699
0.02094470150768757
0.01909915916621685
-0.01821664161980152
-0.05188924819231033
0.3701082766056061
0.11905403435230255
0.5246776938438416
1.2446620464324951
0.4923582077026367
-0.030276501551270485
0.3332332968711853
0.6323750019073486
0.6818980574607849
0.32760435342788696
-0.12123559415340424
0.6565816402435303
0.880963146686554
0.6811947822570801
0.6905962228775024
0.8133215308189392
-0.08071307837963104
0.01636544056236744
0.0651460811495781
0.4092557430267334
0.09273788332939148
-0.15417642891407013
-0.09199995547533035
0.2139422446489334
0.06794419139623642
-0.14534704387187958
-0.20055660605430603
-0.10813845694065094
-0.022211406379938126
0.09766627848148346
0.07768916338682175
0.08104439824819565
0.024657757952809334
0.014532480388879776
-0.003275378607213497
0.11728410422801971
-0.02787800319492817
-0.17561066150665283
-0.44460952281951904
0.026525301858782768
0.005218605976551771
0.030771424993872643
-0.0814702957868576
0.07825033366680145
-0.09791819006204605
-0.029216039925813675
-0.023175187408924103
0.03198760002851486
0.03399720788002014
0.05014626309275627
-0.029581988230347633
0.060048457235097885
-0.03281231224536896
-0.0661633089184761
0.01602908782660961
-0.10231009125709534
0.011069567874073982
-0.0015626654494553804
-0.08017425984144211
-0.0017384899547323585
-0.0121505381539464
-0.004374782554805279
0.0075830682180821896
0.04963505640625954
0.28144341707229614
0.03764766454696655
0.24274085462093353
0.527975857257843
0.5223537683486938
-0.13912123441696167
-0.08057581633329391
0.2637516260147095
0.4781809151172638
0.3152346611022949
0.18927010893821716
0.22826634347438812
0.42548003792762756
0.6064193844795227
0.5774330496788025
0.7225813865661621
0.44382843375205994
0.3255944848060608
0.5311617255210876
1.138283133506775
0.532835841178894
-0.03721093386411667
0.19796590507030487
0.5617631673812866
0.31507202982902527
0.07754261046648026
0.11561385542154312
0.38420623540878296
0.5484138131141663
0.5096912980079651
0.3433097302913666
0.35375678539276123
0.0573752298951149
-0.02925725467503071
0.15843893587589264
0.8750144243240356
0.10170907527208328
-0.03857899457216263
0.2398126721382141
0.29151466488838196
0.24851110577583313
-0.11848265677690506
-0.325916588306427
0.020517339929938316
0.28924909234046936
0.23658214509487152
0.28702467679977417
0.22346346080303192
0.09802084416151047
0.08777117729187012
0.289234459400177
1.095426321029663
0.31128355860710144
-0.1351480782032013
-0.014551429077982903
0.33147096633911133
0.37581273913383484
-0.1339261382818222
-0.20968730747699738
0.09955257177352905
0.29100748896598816
0.23146623373031616
0.4149661958217621
0.22137127816677094
0.31036561727523804
0.2908192276954651
0.5668397545814514
1.0667144060134888
0.41193440556526184
0.048728976398706436
0.5477306246757507
0.43747198581695557
0.3461594879627228
-0.21216124296188354
0.05111623555421829
0.1416730284690857
0.3806694447994232
0.4389185905456543
0.225763201713562
0.20678091049194336
0.19128303229808807
-0.09155833721160889
0.12287986278533936
0.9566807746887207
0.29435595870018005
-0.2664623260498047
0.2962951958179474
0.20689480006694794
0.2918206751346588
-0.06032176688313484
0.006012261379510164
0.06859610229730606
0.2700839936733246
0.3099629282951355
0.33837130665779114
0.41205260157585144
0.18979400396347046
0.14021092653274536
0.6610543131828308
1.4897511005401611
0.4526752233505249
-0.11397412419319153
0.4481019973754883
0.8907977938652039
0.36477628350257874
-0.14632052183151245
0.7708792090415955
0.6668862700462341
0.5841086506843567
0.6783368587493896
0.5898115634918213
0.3769611418247223
0.01588379219174385
0.1309860497713089
-0.10243330150842667
-0.16745387017726898
0.18493664264678955
-0.005208414047956467
-0.08382602781057358
-0.5300227403640747
0.016391975805163383
-0.04204908385872841
0.15973258018493652
0.18477649986743927
0.2593585252761841
0.09267877042293549
0.1876308172941208
0.1750355064868927
0.3475594222545624
0.06949248909950256
0.5255284309387207
0.8903536796569824
0.5132294297218323
0.10021229088306427
-0.6711425185203552
0.11893948912620544
0.6142507195472717
0.48911765217781067
-0.17953136563301086
-0.11457084119319916
0.5455130338668823
0.7207834720611572
0.5751749277114868
0.7694008350372314
0.04619032144546509
0.28478100895881653
0.7071323990821838
1.2943799495697021
0.2878003716468811
0.08492617309093475
0.6264389157295227
0.5820046663284302
0.36575210094451904
-0.31947675347328186
0.7184635400772095
0.48808106780052185
0.4896945655345917
0.5110079050064087
0.40158528089523315
0.12995493412017822

linear_actor,linear_actor.weight
0.21971341967582703
0.22479620575904846
0.14515013992786407
0.14129315316677094
0.03697497770190239
-2.8100392818450928
-2.932699203491211
-3.318612813949585
-2.6846282482147217
0.3505731225013733
-3.2176194190979004
-2.2003657817840576
-2.354979991912842
-2.4539906978607178
-2.721128225326538
-2.60593581199646
-0.5750975608825684
-3.0356216430664062
-2.828274965286255
-0.010418007150292397
-2.996279239654541
-2.6063432693481445
1.2332850694656372
-3.2540371417999268
0.22337685525417328
0.6010408401489258
0.21481655538082123
-2.716057777404785
-0.15843412280082703
-2.663299083709717
0.10946667194366455
0.7698375582695007
0.09999731183052063
-2.538219690322876
-3.2186224460601807
-2.6188995838165283
-0.12219498306512833
0.015807319432497025
-0.009421135298907757
-0.27188000082969666
0.1507721096277237
-2.92043137550354
-3.297675609588623
-3.1144938468933105
-2.751025915145874
0.09398853033781052
-3.2041823863983154
-2.3137590885162354
-2.3302009105682373
-2.122756242752075
-2.6650755405426025
-3.069005250930786
-0.6587059497833252
-2.8035190105438232
-2.9332492351531982
0.06304659694433212
-2.660057544708252
-2.2521941661834717
1.294883370399475
-3.216668128967285
-0.0656394213438034
0.4637669026851654
-0.16675589978694916
-2.79111385345459
0.18477407097816467
-2.635924816131592
0.21498553454875946
0.653947651386261
0.1606268584728241
-2.794189691543579
-3.2458255290985107
-2.530771493911743
0.049907583743333817
-0.18459002673625946
0.07647687196731567
0.1960001289844513
0.03409429267048836
-2.9396064281463623
-3.1596193313598633
-2.942586660385132
-2.2543702125549316
0.09219219535589218
-3.0248825550079346
-2.578660488128662
-2.4047179222106934
-2.297382354736328
-2.972153425216675
-2.9312665462493896
-0.39287877082824707
-2.626115083694458
-2.961669445037842
0.0639096051454544
-2.9726908206939697
-2.4273085594177246
1.2510992288589478
-3.3595919609069824
-0.05493190884590149
0.7349419593811035
0.18433141708374023
-2.8284425735473633
-0.22019721567630768
-2.5416057109832764
0.2981196939945221
0.7998018860816956
-0.07750167697668076
-2.6904780864715576
-3.2792508602142334
-2.652467727661133
-0.16404186189174652
0.38415277004241943
0.5550131797790527
0.2027430385351181
0.08844302594661713
-2.7184882164001465
-3.3367109298706055
-2.8784899711608887
-2.82763671875
-0.12571991980075836
-3.2018139362335205
-2.3626387119293213
-2.17756986618042
-2.3512706756591797
-3.1829748153686523
-3.1453750133514404
-0.5842791795730591
-2.7069287300109863
-2.796154737472534
0.2272564321756363
-2.910771608352661
-2.4625179767608643
1.3038314580917358
-3.2343316078186035
-0.031234819442033768
0.7151162028312683
0.13273701071739197
-2.638831615447998
0.003983119502663612
-2.594208240509033
0.25065967440605164
0.47707512974739075
0.0036308406852185726
-2.486790657043457
-3.0328257083892822
-2.664634943008423
