Layer,Parameter Name,Values

log_std,log_std
0.0
0.0
0.0
0.0

conv0_actor,conv0_actor.weight
-0.5479015707969666,

conv1_actor,conv1_actor.weight
-0.019023213535547256,0.01827901601791382,-0.12872135639190674,0.16174210608005524,
-0.12892216444015503,-0.010833831503987312,0.21049918234348297,0.2465287297964096,
-0.09426301717758179,0.20133420825004578,0.055286955088377,-0.0352209247648716,
0.22910501062870026,-0.06465992331504822,-0.12047868967056274,-0.028592737391591072,
0.6140665411949158,0.39635157585144043,1.0942091941833496,1.7029576301574707,
0.20538657903671265,0.43078354001045227,1.3952885866165161,1.9072920083999634,
1.412014126777649,1.4040660858154297,4.121118068695068,2.959566593170166,
1.528886079788208,1.6251676082611084,4.0402326583862305,3.749727487564087,
-0.09322860836982727,-0.031338129192590714,0.14001360535621643,-0.172723650932312,
-0.261930912733078,0.08599882572889328,-0.17312107980251312,0.11292582005262375,
0.1710072010755539,-0.20589478313922882,0.13113975524902344,-0.05051814019680023,
0.042179349809885025,0.034031130373477936,0.057672083377838135,0.19439858198165894,
1.083013892173767,-0.02935616299510002,1.5041444301605225,1.4503936767578125,
0.5102405548095703,1.0717010498046875,1.8195946216583252,2.5845437049865723,
5.309019565582275,4.539346218109131,1.060032606124878,-0.023954691365361214,
4.778115272521973,4.558574676513672,0.7839910984039307,-0.47178947925567627,
0.21377481520175934,0.08864537626504898,0.016704503446817398,0.12767690420150757,
-0.04406874254345894,0.0047549656592309475,0.34480375051498413,-0.005486710462719202,
0.0555855818092823,-0.28513669967651367,-0.03717159479856491,0.2618564963340759,
-0.2865658104419708,0.13842926919460297,-0.20975331962108612,-0.11771238595247269,
0.7158041596412659,0.7101526260375977,2.032437801361084,1.7697194814682007,
0.6289920806884766,0.5136065483093262,2.5726637840270996,3.1330533027648926,
-1.9458465576171875,-2.4314634799957275,3.835357189178467,4.518728733062744,
-2.1926681995391846,-1.634024739265442,3.6258487701416016,5.220271110534668,
0.10865189880132675,-0.21350166201591492,-0.16933104395866394,0.09129389375448227,
-0.455533891916275,-0.1813204437494278,-0.3899938762187958,-0.252228707075119,
-0.47887909412384033,0.11061467230319977,-0.1558343768119812,-0.3224649131298065,
-0.18588489294052124,0.1544029861688614,0.10188612341880798,-0.0399591326713562,
1.0508601665496826,0.86859530210495,1.700437307357788,1.9030603170394897,
1.3197542428970337,0.7763598561286926,2.0732433795928955,3.2539021968841553,
-1.6832668781280518,-1.4725418090820312,4.019594192504883,2.619117259979248,
-2.249202251434326,-1.6567226648330688,4.328352451324463,4.288863658905029,
0.12304104119539261,-0.2583886981010437,0.18320637941360474,-0.029342932626605034,
0.13805371522903442,0.3063485622406006,-0.39252352714538574,-0.4197353720664978,
0.14578324556350708,0.025355568155646324,-0.02723105438053608,0.030101092532277107,
0.016501974314451218,-0.16083277761936188,0.35177329182624817,0.002301958855241537,
-0.45274367928504944,-0.18728096783161163,-1.0827901363372803,-1.2634731531143188,
0.6863390803337097,0.7255889177322388,-1.746326208114624,-1.6655774116516113,
-3.198251962661743,-3.0145652294158936,0.6778590083122253,-0.3695312738418579,
-2.6043195724487305,-3.0832133293151855,1.2297784090042114,0.8245290517807007,
0.04252687841653824,0.09381729364395142,-0.14696502685546875,-0.08067283779382706,
-0.19317740201950073,-0.03125489130616188,-0.06997203826904297,0.027759699150919914,
0.07943399995565414,-0.21360310912132263,0.2144586145877838,-0.26929765939712524,
0.1589839905500412,-0.3222671151161194,0.12341772764921188,-0.008547546342015266,
1.0580694675445557,0.17052839696407318,0.6110647320747375,0.5310745239257812,
0.9196162819862366,0.46412479877471924,0.4507371783256531,2.6254239082336426,
-1.945867657661438,-1.6196495294570923,4.3141984939575195,4.073794364929199,
-2.4464986324310303,-1.091585636138916,4.816102504730225,3.5054986476898193,
-0.273639976978302,0.035786330699920654,0.013682750053703785,0.09974014759063721,
-0.09657638520002365,0.3823498785495758,-0.3616049885749817,0.12967340648174286,
-0.4179200828075409,0.033577948808670044,0.0226651132106781,0.14473599195480347,
0.11999352276325226,0.1409539431333542,-0.29596245288848877,-0.14609982073307037,
1.437137246131897,1.4162075519561768,0.11762233823537827,0.779571533203125,
-0.3688998818397522,-0.3602045774459839,0.10032264143228531,0.33368489146232605,
-1.4886736869812012,-1.8565279245376587,-1.8855654001235962,-0.07570289820432663,
-2.759922981262207,-2.3883776664733887,-1.3208845853805542,-1.079349160194397,
-0.23642468452453613,-0.15200605988502502,-0.0850825309753418,0.03225000947713852,
-0.044283993542194366,0.15679916739463806,0.23166240751743317,-0.3378211557865143,
-0.11887360364198685,0.07396404445171356,-0.048354845494031906,0.28496354818344116,
0.2725122570991516,0.3081972897052765,0.11525915563106537,0.2135063260793686,
-0.517048180103302,0.44149842858314514,0.7204006314277649,1.1446278095245361,
-0.2546899616718292,-0.22868813574314117,1.105120301246643,1.429815411567688,
-2.4259531497955322,-2.5693981647491455,-1.3186472654342651,-1.0902378559112549,
-2.223597288131714,-2.755038261413574,-1.375996708869934,-1.6590566635131836,
0.09853295236825943,0.2877333462238312,0.34517961740493774,0.10951023548841476,
-0.5825173854827881,-0.060253411531448364,-0.0753096491098404,0.2808127701282501,
0.36103829741477966,0.2314828634262085,-0.08279506117105484,0.026604391634464264,
0.04734105244278908,-0.16458022594451904,-0.09272271394729614,-0.0656328946352005,
0.9616495966911316,-0.14616501331329346,0.8958790302276611,0.22871103882789612,
0.9482890963554382,1.3876906633377075,0.42429840564727783,2.431246042251587,
4.3398847579956055,4.454451560974121,4.338472843170166,4.057246685028076,
4.3659281730651855,4.03965425491333,4.740495681762695,3.566844940185547,
-0.2541165351867676,-0.07235979288816452,-0.20669396221637726,0.1117434874176979,
0.13461467623710632,-0.12338248640298843,0.07353182882070541,0.03892264515161514,
-0.043801721185445786,-0.054252129048109055,0.020369062200188637,0.22525405883789062,
0.05295075476169586,0.10619336366653442,-0.13535980880260468,-0.17421410977840424,
0.6034597158432007,-0.3922562003135681,0.19432194530963898,0.6237592697143555,
0.6842873692512512,-0.3645787537097931,1.3220077753067017,1.5141308307647705,
-2.406531572341919,-2.615328073501587,2.9687907695770264,3.37017822265625,
-2.3260340690612793,-2.3874709606170654,3.3988382816314697,5.9025044441223145,
0.03167496994137764,-0.06270582973957062,-0.19675971567630768,-0.4478326737880707,
0.09524998813867569,0.058853574097156525,-0.09777504205703735,0.2825526297092438,
0.1466326117515564,-0.18445557355880737,0.1530434489250183,-0.017435571178793907,
0.18579129874706268,0.2750772535800934,-0.1144065409898758,0.3287423253059387,
0.9975305795669556,0.19600622355937958,0.8135263323783875,0.5287600159645081,
0.6364997625350952,0.6485295295715332,1.3210294246673584,2.0820631980895996,
-1.2383254766464233,1.2419486045837402,4.6676411628723145,5.073919773101807,
-0.7693498730659485,0.948004961013794,3.7386746406555176,4.991044521331787,
-0.16080594062805176,-0.16649022698402405,-0.06887681782245636,-0.11959148943424225,
-0.2506500482559204,0.05239107087254524,0.07194101810455322,-0.13529467582702637,
0.03458442911505699,-0.030293142423033714,0.145303413271904,-0.045813485980033875,
-0.06793524324893951,-0.11488796770572662,0.18543066084384918,0.0012791038025170565,
0.8978171944618225,0.07112693041563034,1.4992917776107788,1.5618083477020264,
0.8377793431282043,-0.199893057346344,2.3469924926757812,2.5965685844421387,
-1.743546485900879,-1.9227023124694824,3.99369740486145,2.907555103302002,
-1.964199185371399,-1.6252155303955078,3.1261990070343018,4.821005344390869,
0.029599344357848167,-0.10333966463804245,-0.10617923736572266,0.09037501364946365,
-0.0717320367693901,-0.33072465658187866,-0.06841591745615005,0.041335657238960266,
-0.018455300480127335,-0.21871712803840637,0.07978557050228119,-0.19162403047084808,
0.26231223344802856,0.16869187355041504,0.005075125023722649,-0.23590528964996338,
0.062455542385578156,-0.031807854771614075,0.32209399342536926,-0.6020161509513855,
-0.8234350681304932,0.3561144471168518,-1.0600217580795288,-0.8357808589935303,
1.1159535646438599,0.8837590217590332,-3.2539682388305664,-2.651533603668213,
1.9650888442993164,0.27441295981407166,-2.092864990234375,-3.6951310634613037,
0.047086652368307114,-0.11168082058429718,0.22588837146759033,-0.02607637830078602,
-0.15655778348445892,-0.21234776079654694,0.16373218595981598,-0.21982567012310028,
-0.26979345083236694,0.12156666070222855,-0.2668721675872803,-0.28952038288116455,
-0.20129512250423431,0.06421242654323578,0.474901020526886,-0.13357658684253693,
-1.1180824041366577,-0.8237400650978088,0.036698464304208755,-0.8425410985946655,
-1.800679087638855,-3.1477744579315186,0.4313899576663971,0.3631127178668976,
-3.4525654315948486,-2.725640058517456,1.8142116069793701,2.5389931201934814,
-1.7119988203048706,-2.203888177871704,0.8563041687011719,1.1699540615081787,
-0.1405295431613922,-0.30819249153137207,-0.0864381194114685,-0.2578977942466736,
0.13080094754695892,0.2819642126560211,0.020318375900387764,0.24139297008514404,
-0.13427098095417023,0.0723220482468605,-0.026403674855828285,-0.17683780193328857,
0.22435669600963593,0.058272890746593475,-0.08409521728754044,-0.1984117180109024,
-0.6792123317718506,0.002164048608392477,-1.3351980447769165,-1.3287525177001953,
0.4338460862636566,-0.5672668814659119,-1.4080891609191895,-0.8688446879386902,
-2.840637683868408,-2.3777613639831543,-2.6688649654388428,-1.8240207433700562,
-2.819775342941284,-3.0497524738311768,-1.9426151514053345,-2.228266954421997,
0.020137054845690727,0.061288632452487946,0.15842236578464508,-0.16398313641548157,
0.03543230518698692,-0.06362899392843246,0.13105365633964539,-0.09404506534337997,
-0.31186243891716003,-0.06161731481552124,0.011972011998295784,-0.060402337461709976,
0.16257351636886597,0.14812211692333221,-0.0644155964255333,0.1954566389322281,
0.2809716761112213,-0.1323368102312088,0.801071047782898,0.7594336271286011,
-0.3390270471572876,-0.5064765214920044,0.13364937901496887,1.5035779476165771,
-1.774307370185852,-2.3392856121063232,3.3083577156066895,3.5647828578948975,
-1.9587596654891968,-2.2279508113861084,4.326820373535156,4.2149763107299805,
0.3083559274673462,-0.3429148495197296,-0.29816919565200806,0.1775812804698944,
-0.06558983027935028,0.17268972098827362,0.15248733758926392,0.010825511068105698,
0.006139574572443962,-0.07116822898387909,0.19889725744724274,0.10601893067359924,
0.17587605118751526,-0.11689168214797974,0.05967816710472107,0.03203113377094269,
-0.5194682478904724,-0.46195167303085327,-1.6151319742202759,-1.231203317642212,
-0.6149647235870361,-1.610643982887268,-1.1401797533035278,-1.1057641506195068,
-3.6755552291870117,-2.9688446521759033,1.809241771697998,1.0963358879089355,
-2.703798294067383,-2.8756463527679443,0.7589874267578125,0.7899711728096008,
0.3606518805027008,-0.05990419536828995,-0.04050957411527634,-0.057757046073675156,
-0.005745869129896164,0.0461164265871048,-0.26785022020339966,-0.25896257162094116,
-0.032710082828998566,0.14077284932136536,-0.05543023720383644,-0.15125012397766113,
-0.13379140198230743,-0.0301543977111578,0.19099019467830658,0.4383943974971771,
1.0904483795166016,0.2265518754720688,1.4906872510910034,0.6716620922088623,
0.168568417429924,1.1529016494750977,0.8629937171936035,2.8204164505004883,
5.10779333114624,4.389044761657715,4.062469959259033,4.108960151672363,
4.318063259124756,5.127363681793213,4.14622163772583,3.361196756362915,
-0.3149850070476532,0.1131373718380928,-0.015904979780316353,0.25986120104789734,
-0.1735733151435852,-0.03376346826553345,0.09070112556219101,0.2563311457633972,
0.07595258206129074,0.11784659326076508,0.22619123756885529,0.12863031029701233,
-0.20423708856105804,-0.14378787577152252,-0.23048457503318787,-0.09028573334217072,
-0.44821420311927795,-0.5914852619171143,-0.6119361519813538,-0.24844105541706085,
0.0356401689350605,0.3190980851650238,-0.7993972897529602,1.1980905532836914,
3.998391628265381,3.504063844680786,1.389601707458496,-2.271088123321533,
4.740333080291748,3.5296123027801514,0.6625149846076965,-2.8440463542938232,
-0.05450627952814102,0.18158374726772308,-0.03374018892645836,-0.14705994725227356,
0.05735548585653305,-0.13315990567207336,-0.20024843513965607,0.018873127177357674,
-0.060610540211200714,-0.029247239232063293,0.06525398045778275,-0.030391933396458626,
0.03971748799085617,0.08496381342411041,-0.12435508519411087,-0.18725869059562683,
-0.51241534948349,-0.26517704129219055,-0.0019463817588984966,0.7064390778541565,
0.08673662692308426,-0.7444946765899658,-1.5382089614868164,-3.556668519973755,
-2.0478687286376953,-2.061086893081665,-3.0062525272369385,-4.141296863555908,
-2.9286515712738037,-3.6446142196655273,-3.803107976913452,-3.137984275817871,
-0.013252988457679749,0.06243591755628586,-0.013933420181274414,-0.04088829085230827,
-0.08676718175411224,-0.22377876937389374,-0.15663838386535645,-0.0840427353978157,
0.0244126059114933,0.18810014426708221,0.12275873869657516,-0.23019608855247498,
0.055276792496442795,-0.1826239973306656,0.2392844706773758,-0.23398636281490326,
0.8650975227355957,0.7317112684249878,2.186061382293701,2.1445066928863525,
0.9040927290916443,1.1390374898910522,2.291860580444336,3.2511448860168457,
3.915647029876709,4.368129730224609,5.031074047088623,4.085136413574219,
3.6805408000946045,3.9507269859313965,3.65649151802063,4.000589370727539,
0.28543010354042053,-0.05132537707686424,-0.1660425215959549,-0.11212239414453506,
0.24971047043800354,0.26998379826545715,0.021177934482693672,0.14883911609649658,
0.05403708294034004,-0.12510378658771515,-0.1160438135266304,0.18964067101478577,
0.09502284228801727,0.11314716190099716,-0.048033151775598526,-0.525840699672699,
-0.5061654448509216,0.0748828873038292,-0.4262584149837494,-1.198556900024414,
0.7821994423866272,0.15775439143180847,-0.5951223373413086,-1.3217742443084717,
-2.3232290744781494,-1.8487411737442017,-3.3273041248321533,-3.666705846786499,
-2.094494581222534,-2.093630790710449,-2.759263038635254,-2.4580461978912354,
0.105819933116436,0.2787531018257141,-0.026466939598321915,-0.18007206916809082,
-0.08814802765846252,0.2894829511642456,-0.38673800230026245,-0.015394764021039009,
0.013584581203758717,0.005634129513055086,0.07738357037305832,0.0626407191157341,
0.06958265602588654,0.3131236135959625,0.10651573538780212,-0.33312562108039856,
-1.507682204246521,-0.44373810291290283,-0.39926522970199585,0.29872798919677734,
-0.1808769404888153,-0.8627069592475891,1.0647778511047363,0.11820628494024277,
-1.7316429615020752,-2.6366169452667236,-0.5020507574081421,0.849696159362793,
-2.980360984802246,-2.5234575271606445,-0.9532389640808105,1.1111820936203003,
0.19365239143371582,0.1474994421005249,-0.057340171188116074,0.14113253355026245,
0.15938417613506317,-0.10411494970321655,0.17427700757980347,-0.16959422826766968,
0.1852145940065384,-0.010452194139361382,0.3274497091770172,0.14450426399707794,
0.04487842321395874,0.14300918579101562,-0.07620176672935486,0.08205663412809372,
-1.1127744913101196,-0.3034692704677582,-0.8850173950195312,-1.6710702180862427,
0.10676612704992294,-0.3821524381637573,1.4760843515396118,-0.2714654505252838,
-3.4758944511413574,-3.289539337158203,-0.7915750741958618,0.23886722326278687,
-3.0615103244781494,-2.3693137168884277,-1.6586012840270996,-1.8933161497116089,
0.209751695394516,-0.23226189613342285,-0.26486846804618835,0.12034185975790024,
-0.2249896079301834,-0.170321524143219,-0.3164593577384949,-0.05677362531423569,
-0.29290536046028137,0.1159820631146431,0.06405740976333618,-0.08354039490222931,
0.1760026514530182,-0.042051512748003006,0.008247519843280315,-0.22318243980407715,
0.4655727446079254,0.04159514978528023,0.6205713152885437,1.0017542839050293,
0.4505785405635834,0.49943509697914124,1.1103503704071045,1.6386100053787231,
-0.6603021621704102,0.6783085465431213,4.68559455871582,3.567068338394165,
0.14143049716949463,0.03510948270559311,3.3292396068573,4.342339515686035,
0.23168769478797913,-0.19520343840122223,-0.29572388529777527,0.17522217333316803,
-0.2917829751968384,0.17935329675674438,0.04097898304462433,0.06056632101535797,
-0.2111886590719223,0.18884716928005219,0.06523622572422028,0.021001474931836128,
0.04291272908449173,-0.12894611060619354,-0.01873083785176277,0.07960864156484604,
0.5197375416755676,-0.1231662780046463,0.797881543636322,0.8798166513442993,
0.28515326976776123,0.669978141784668,-0.1845918595790863,2.0130774974823,
1.7319592237472534,1.4725033044815063,3.3873980045318604,4.8307929039001465,
1.6183865070343018,1.6753836870193481,4.111238956451416,5.143579006195068,
0.08138569444417953,0.11800545454025269,0.5639618039131165,0.012465525418519974,
0.055163584649562836,-0.3254667818546295,-0.14226074516773224,-0.23939597606658936,
0.05610758066177368,0.11771219223737717,-0.052109383046627045,-0.36802664399147034,
-0.15918293595314026,-0.05562511458992958,0.022808272391557693,-0.02334601804614067,
-0.28381484746932983,0.26649218797683716,0.6072680354118347,-0.12476964294910431,
-0.04806441441178322,-0.6843711733818054,1.2511521577835083,1.5191144943237305,
0.9994121789932251,1.2237313985824585,-1.762234091758728,-2.379584550857544,
0.9037058353424072,1.0858690738677979,-1.2618517875671387,-2.741919994354248,
-0.1887005865573883,0.22763797640800476,0.11164312064647675,-0.011740357615053654,
-0.03466660529375076,-0.27121105790138245,0.10828375816345215,0.07742830365896225,
-0.05318240076303482,0.31953421235084534,0.10253819078207016,0.3677494525909424,
-0.0525626577436924,-0.26717740297317505,-0.22644037008285522,-0.17274124920368195,
-0.37770533561706543,-1.2037906646728516,-0.7051394581794739,-0.4381617307662964,
-0.6896387934684753,-1.9418730735778809,-2.28180193901062,-2.273226022720337,
-2.362419366836548,-2.7522165775299072,-0.7376545071601868,0.8338589668273926,
-2.546604871749878,-3.108414888381958,0.5193884968757629,3.1658849716186523,
-0.10805454850196838,0.2796533405780792,-0.4630339443683624,0.3402555584907532,
-0.2033340334892273,-0.016194555908441544,-0.1621663123369217,-0.1499686986207962,
0.0943422019481659,0.34968361258506775,0.2482231855392456,0.07439763844013214,
-0.06790664792060852,0.11871457099914551,-0.177460715174675,-0.012500118464231491,
-0.9369000196456909,-0.5442495942115784,0.12795594334602356,0.6571612358093262,
-0.7384470105171204,0.2048962563276291,-0.08085117489099503,0.03495955467224121,
3.7364771366119385,4.588503837585449,2.602902889251709,-2.6064255237579346,
4.126194477081299,3.9494855403900146,1.9618116617202759,-3.089090585708618,
-0.18985123932361603,0.045493628829717636,-0.13929268717765808,-0.027947187423706055,
-0.0598796010017395,0.08737875521183014,-0.33078497648239136,-0.2475440800189972,
-0.15820227563381195,-0.11964523792266846,-0.053932834416627884,-0.008983414620161057,
-0.3125538229942322,0.1903490275144577,-0.44902002811431885,0.05062608793377876,
0.7575751543045044,-0.21442793309688568,-0.3130824863910675,-0.4601564109325409,
0.3647385835647583,-0.5812558531761169,-0.10754740238189697,1.7389909029006958,
-2.438350200653076,-2.0042788982391357,3.1149210929870605,5.280767440795898,
-2.881294012069702,-1.7666590213775635,4.053407669067383,5.347827911376953,
-0.14889219403266907,-0.11739584058523178,-0.03445672616362572,0.36359933018684387,
-0.344758003950119,0.01654145121574402,0.1374923437833786,-0.1274843066930771,
-0.2444438338279724,-0.009015659801661968,-0.00935287494212389,-0.04976512864232063,
0.060922738164663315,0.2094423472881317,0.22535890340805054,-0.1911178082227707,
1.0000793933868408,0.4747101366519928,1.0123450756072998,0.5818337202072144,
0.22889672219753265,0.7859030961990356,1.3890522718429565,2.3083221912384033,
-2.5364625453948975,-1.4960476160049438,4.7127485275268555,4.619817733764648,
-2.297266960144043,-0.6252521276473999,3.8556323051452637,3.6732609272003174,
-0.011566441506147385,0.20562191307544708,0.19133804738521576,0.1388937085866928,
-0.09152846783399582,0.13775627315044403,0.14323192834854126,-0.08099520206451416,
-0.002541013527661562,0.07539725303649902,-0.04434360936284065,0.07568604499101639,
0.008493947796523571,0.10093005001544952,0.19016821682453156,0.3392788767814636,
0.10527744889259338,-0.9775543212890625,-0.7245430946350098,-0.2677963674068451,
0.13232046365737915,0.1568373143672943,-0.41490158438682556,1.0279086828231812,
4.517391681671143,4.5679450035095215,1.564209222793579,-3.0800652503967285,
4.023425102233887,4.612387657165527,0.5950561761856079,-2.6016058921813965,

conv2_actor,conv2_actor.weight
0.03952792286872864,-0.006638986524194479,
-0.01579793356359005,-0.0021625319495797157,
-0.005428500007838011,-0.011252183467149734,
-0.00971427746117115,0.010750778950750828,
-0.04247414320707321,-0.03351840749382973,
-0.012434825301170349,0.015194665640592575,
-0.006462291814386845,0.008529230952262878,
-0.019147101789712906,-0.008670009672641754,
-0.019439393654465675,0.019737182185053825,
0.0025420302990823984,0.011540231294929981,
-0.02817954123020172,-0.0035127250012010336,
-0.02313685230910778,0.01806434616446495,
-0.015691962093114853,0.014251709915697575,
-0.01552782766520977,0.010377200320363045,
0.03350067511200905,0.036288656294345856,
0.011284349486231804,-0.006397759076207876,
-0.030728628858923912,-0.02004510536789894,
0.04988424479961395,0.024648016318678856,
0.04771489277482033,0.0028814575634896755,
-0.014393802732229233,0.005263747181743383,
0.03745197504758835,0.01979084126651287,
-0.003524145809933543,-0.009062287397682667,
-0.011222216300666332,0.047678057104349136,
-0.034696247428655624,0.03542780131101608,
-0.0062851980328559875,0.018439795821905136,
-0.0038280233275145292,0.01692688837647438,
0.000537825922947377,-0.023739108815789223,
-0.024029627442359924,-0.020631587132811546,
-0.01278821099549532,-0.021627232432365417,
-0.0163925401866436,-0.010093345306813717,
0.011112172156572342,-0.027157410979270935,
-0.012529484927654266,0.031098881736397743,
0.022646183148026466,0.01806754246354103,
-0.021426048129796982,0.008702388033270836,
0.01681348867714405,0.032595280557870865,
-0.006709950044751167,0.00047286099288612604,
0.00910174660384655,0.026028694584965706,
0.011693715117871761,0.0010900732595473528,
0.006559709087014198,-0.017157549038529396,
0.009105571545660496,-0.018332861363887787,
0.0052759479731321335,0.016991661861538887,
-0.028491761535406113,0.003878624178469181,
-0.021460363641381264,0.02839968167245388,
-0.02833651565015316,0.0029640395659953356,
-0.005975355394184589,0.012351248413324356,
-0.03543296083807945,-0.02892695926129818,
-0.007012513000518084,-0.009572107344865799,
-0.027575388550758362,0.03890932351350784,
0.006538765504956245,-0.030376987531781197,
-0.0076405322179198265,0.03091527335345745,
0.021112121641635895,0.004991935566067696,
0.016311040148139,-0.04579736664891243,
6.153806316433474e-05,-0.004710604902356863,
0.024678222835063934,0.008580741472542286,
-0.02437186986207962,0.010759501717984676,
0.010068763978779316,0.00013460509944707155,
-0.007061037700623274,-0.0015987342922016978,
-0.025630373507738113,-0.010213271714746952,
-0.01646093651652336,-0.002533232094720006,
-0.006390146445482969,-0.014034097082912922,
0.015557008795440197,-0.007446077652275562,
-0.026345280930399895,0.023406799882650375,
-0.018053028732538223,-0.032240625470876694,
-0.042627837508916855,-0.002475932938978076,
0.009361397475004196,0.010585161857306957,
-0.002420279895886779,0.00425665732473135,
0.024970222264528275,0.0001000517004285939,
-0.016450153663754463,0.011022739112377167,
0.005054785870015621,0.04608910158276558,
-0.013960708864033222,-0.04216955602169037,
0.039052851498126984,0.003931568935513496,
-0.009844807907938957,0.006324400659650564,
-0.019150909036397934,0.0033399618696421385,
-0.055750779807567596,-0.007630802225321531,
-0.009060071781277657,0.021314457058906555,
-0.03614987060427666,0.000493318890221417,
-0.025893066078424454,0.044879890978336334,
0.0035726516507565975,0.011300673708319664,
-0.01453936006873846,-0.004070445895195007,
-0.009707755409181118,0.01868431083858013,
-0.04896733909845352,0.03279506787657738,
-0.008235536515712738,-0.03820519894361496,
0.026164477691054344,0.017527839168906212,
0.0023383707739412785,0.017718423157930374,
0.006628652568906546,0.003896276233717799,
0.005672713275998831,-0.006262844428420067,
0.03041386604309082,-0.017920348793268204,
0.007564716972410679,0.0024009901098906994,
0.01625813916325569,0.02397599257528782,
0.006577514577656984,-0.011773607693612576,
0.01176541205495596,-0.002297696890309453,
0.042667750269174576,-0.012353243306279182,
0.020321985706686974,0.002275999868288636,
0.024711793288588524,-0.014983528293669224,
0.02452983893454075,0.003874286776408553,
0.00970778614282608,0.05179421231150627,
0.0016941903159022331,0.04868048429489136,
0.018397746607661247,-0.03336823731660843,
-6.629088602494448e-05,0.034726668149232864,
0.03258766978979111,0.0263983141630888,
-0.01684327982366085,-0.011984549462795258,
0.02417796663939953,-0.0006717139622196555,
-0.005303889978677034,-0.041259944438934326,
-0.005106053780764341,-0.015869129449129105,
0.0010739404242485762,0.010745170526206493,
-0.013462550938129425,-0.0018449700437486172,
0.0024248065892606974,-0.021777953952550888,
-0.0026188113261014223,0.011608187109231949,
0.0035050399601459503,-0.014958133921027184,
0.0016724761808291078,-0.006104649510234594,
-0.004307048860937357,0.03231039270758629,
-0.004958643112331629,0.0024760421365499496,
-0.0012762018013745546,0.013153938576579094,
0.006406611297279596,0.011216793209314346,
0.008605659008026123,-0.019833462312817574,
0.07241760194301605,3.78840122721158e-05,
0.0197631623595953,0.029275933280587196,
-0.04634011164307594,0.029305677860975266,
0.017770031467080116,0.019331784918904305,
-0.01588958129286766,0.01761738955974579,
0.003328806022182107,-0.017260713502764702,
0.03388502448797226,-0.012136831879615784,
-0.0432356595993042,0.034434713423252106,
0.004197970032691956,-0.012884852476418018,
0.010271691717207432,0.0177955012768507,
-0.0054799411445856094,-0.014051767066121101,
-0.023091737180948257,0.0042037880048155785,
-0.02870716154575348,-0.03723657503724098,
-0.0154371103271842,-0.048864543437957764,
-0.001362925861030817,-0.01654895208775997,
-0.015002654865384102,-0.005692156497389078,
-0.004691611509770155,0.04642871394753456,
0.0045364112593233585,0.010136006399989128,
-0.027950139716267586,0.009646163322031498,
-0.015295465476810932,0.028361130505800247,
0.027234137058258057,0.01571235992014408,
-0.01914834789931774,0.029260514304041862,
-0.030222781002521515,-0.0025371918454766273,
0.023930545896291733,-0.006047798786312342,
0.002256340580061078,0.008200110867619514,
-0.020230084657669067,-0.012241947464644909,
-0.036729276180267334,0.019651679322123528,
-0.020966459065675735,0.02393564023077488,
0.03147081658244133,0.0015900230500847101,
0.01894848234951496,-0.024411581456661224,
0.02361004799604416,-0.021644510328769684,
-0.029469909146428108,-0.016135254874825478,
-0.0022245547734200954,-0.032534483820199966,
-0.005780529230833054,-0.006276935804635286,
0.013705958612263203,-0.019768867641687393,
0.004830216057598591,0.007703447248786688,
0.0005148355849087238,-0.003311548614874482,
0.017948370426893234,-0.01509164460003376,
0.009644503705203533,0.0012877819826826453,
0.011497595347464085,0.009529007598757744,
-0.004145990591496229,-0.0013386685168370605,
-0.034059762954711914,0.0206458643078804,
-0.017362207174301147,-0.001688663032837212,
-0.02598833292722702,-0.01026126742362976,
-0.0005209221853874624,0.005280991550534964,
-0.0052401963621377945,0.016747796908020973,
0.019844181835651398,-0.027012960985302925,
-0.022725559771060944,0.04207674041390419,
0.009846210479736328,0.022128300741314888,
0.01512168999761343,-0.0014719748869538307,
0.04443245008587837,-0.03671649098396301,
0.029316823929548264,0.015097190625965595,
-0.01888662949204445,0.0385127030313015,
-0.004319980274885893,-0.012280305847525597,
0.024949630722403526,-0.03848091512918472,
0.03650602325797081,-0.05379316955804825,
0.0301061999052763,0.03191671893000603,
-0.0016353406244888902,0.0032413185108453035,
-0.001807803870178759,-0.015703003853559494,
0.011383149772882462,0.00893307663500309,
-0.013492751866579056,-0.0501793697476387,
0.021153327077627182,-0.05434190481901169,
-0.022101327776908875,0.0699572041630745,
-0.01806262880563736,0.02054854854941368,
0.034442752599716187,0.032077912241220474,
-0.03801075369119644,0.0037743737921118736,
0.025435911491513252,0.009005703032016754,
-0.0033962021116167307,0.01397720817476511,
0.009258684702217579,0.0023834705352783203,
0.05453716591000557,-0.035371385514736176,
-0.02262638323009014,0.01328798197209835,
0.01687494106590748,-0.02360638976097107,
0.02974996715784073,0.04704282060265541,
0.020238937810063362,-0.021801989525556564,
0.0026842274237424135,0.01089004147797823,
-0.0065819500014185905,0.013049760833382607,
-0.002119152806699276,0.031071633100509644,
-0.0023729237727820873,-0.03544206544756889,
-0.013974858447909355,0.014193182811141014,
-0.019368886947631836,0.0036056225653737783,
-0.05206487700343132,-0.021582093089818954,
-0.024931341409683228,0.016983970999717712,
0.023568008095026016,-0.016869856044650078,
-0.02085377648472786,0.04105077311396599,
-0.011608436703681946,0.02210778370499611,
0.018674084916710854,0.052665531635284424,
0.006395051721483469,0.008046654053032398,
-0.002202346920967102,0.01026823278516531,
0.012002892792224884,0.037772830575704575,
0.022421177476644516,-0.00882663019001484,
0.05686793476343155,0.047562818974256516,
-0.009583387523889542,0.024778787046670914,
0.03385494276881218,0.036314088851213455,
-0.023762257769703865,-0.0021380800753831863,
-0.04018687084317207,-0.01963994652032852,
-0.005468101240694523,0.0022714959923177958,
-0.009622056037187576,-0.03636453300714493,
-0.01932213269174099,0.02586844190955162,
-0.0018811109475791454,-0.005538910627365112,
0.012696519494056702,-0.015115096233785152,
-0.0057555437088012695,-0.024499062448740005,
-0.016592372208833694,0.034868959337472916,
0.02175416611135006,-0.014370137825608253,
-0.0016184597043320537,-0.01443377137184143,
0.020618712529540062,-0.005704187322407961,
0.013472862541675568,0.03659914433956146,
0.016222748905420303,0.042905859649181366,
-0.003745622932910919,0.00536342803388834,
-0.015196194872260094,0.005541593302041292,
0.003209782997146249,0.00029406737303361297,
-0.005574965849518776,0.00858341809362173,
0.009066798724234104,-0.021612564101815224,
0.022806601598858833,-0.0034217031206935644,
-0.027858562767505646,-0.0051071010529994965,
0.035324469208717346,5.593718742602505e-05,
0.004869354423135519,0.011446096934378147,
0.016273541375994682,0.019385818392038345,
0.003343188436701894,0.039228059351444244,
0.01686621457338333,0.01394242886453867,
-0.04043709114193916,-0.012903445400297642,
0.03501103073358536,0.02503635548055172,
-0.0026033385656774044,0.019263535737991333,
-0.010908528231084347,-0.010435406118631363,
-0.016656259074807167,-0.025773070752620697,
-0.02519923448562622,-0.013978235423564911,
-0.00878918543457985,0.02982621267437935,
-0.024317095056176186,-0.030911246314644814,
-0.011809028685092926,0.004131508059799671,
-0.027495628222823143,0.035572659224271774,
-0.03243008628487587,0.006512252148240805,
-0.020549168810248375,0.020351944491267204,
-0.033005911856889725,-0.005810070782899857,
0.010652312077581882,-0.017528191208839417,
-0.013955888338387012,-0.0028245660942047834,
0.011224162764847279,0.0002220357273472473,
0.0009030011715367436,0.001454235054552555,
-0.0007617496303282678,-0.02255641296505928,
-0.018633969128131866,0.014246610924601555,
0.02728653885424137,-0.028812121599912643,
-0.016678566113114357,-0.010491329245269299,
0.021287616342306137,-0.018631145358085632,
-0.00145220966078341,0.02427329681813717,
-0.022134533151984215,0.056759003549814224,
0.0002841129607986659,0.013712093234062195,
-0.019681494683027267,0.000748419261071831,
0.003072264138609171,-0.00794767215847969,
-0.00020120921544730663,0.012234705500304699,
0.03806247562170029,0.012145687825977802,
0.017683906480669975,0.0021984227932989597,
0.035629257559776306,0.01790175586938858,
0.011378234252333641,0.033041805028915405,
0.023688092827796936,-0.04291105270385742,
-0.005344725213944912,0.01607263647019863,
0.004243362694978714,0.00621733907610178,
-0.00033680687192827463,0.011708435602486134,
0.022497225552797318,0.028012633323669434,
0.0033565217163413763,-0.04057984799146652,
0.02420620620250702,0.010697580873966217,
0.013551478274166584,0.017058398574590683,
0.03948822617530823,0.02601025626063347,
-0.04803654924035072,0.024691147729754448,
0.024244550615549088,0.010624093934893608,
-0.03167402371764183,0.01040379423648119,
0.03406817466020584,0.005440770648419857,
0.004146694205701351,0.00861089676618576,
-0.009742454625666142,-0.031791605055332184,
0.0005535276141017675,-0.02172663062810898,
0.017691735178232193,0.0018742489628493786,
-0.04371560364961624,-0.02399691380560398,
-0.006711817812174559,0.03903477266430855,
0.03332240507006645,-0.02397814951837063,
-0.005837669596076012,-0.03668674826622009,
-0.03341803699731827,0.010094301775097847,
-0.0026923303958028555,0.017482466995716095,
-0.027828723192214966,-0.02943604812026024,
-0.007362028118222952,0.030804269015789032,
0.020955435931682587,-0.018451262265443802,
-0.0007999283843673766,0.02274310775101185,
0.03586587309837341,-0.03609278053045273,
0.0006029308424331248,-0.0031658485531806946,
0.012514378875494003,0.012184003368020058,
0.016819138079881668,0.02922152169048786,
0.006380518898367882,-0.02632906474173069,
-0.04936894029378891,0.0028628308791667223,
0.009819243103265762,-0.015260779298841953,
-0.028957460075616837,0.012757085263729095,
-0.01314494851976633,0.016465473920106888,
0.01344208512455225,0.02260747365653515,
-0.004055316094309092,-0.00378500297665596,
-0.005115903448313475,-0.008752372115850449,
0.05595754086971283,-0.01577504724264145,
-0.02301265299320221,0.010174015536904335,
-0.005722003523260355,-0.017210090532898903,
-0.0029878246132284403,0.019443364813923836,
-0.030578291043639183,-0.020798856392502785,
-0.031384389847517014,0.016489101573824883,
-0.016520727425813675,0.000390727655030787,
-0.007543245330452919,0.020599983632564545,
0.006871026940643787,0.0029009273275732994,
0.018331661820411682,9.830838826019317e-05,
-0.03181786835193634,0.006261362228542566,
-0.05833442509174347,-0.024075012654066086,
-0.016661440953612328,-0.007798139471560717,
-0.010194703005254269,0.015744803473353386,
-0.005024157930165529,0.026105722412467003,
0.009393755346536636,0.01379341073334217,
0.021583855152130127,-0.007460714317858219,
0.004607086535543203,0.03466539457440376,
0.010653152130544186,-0.059611815959215164,
-0.029703505337238312,0.0029417050536721945,
-0.011355807073414326,0.016099784523248672,
-0.023952124640345573,0.014691447839140892,
0.01913040317595005,0.0015503095928579569,
0.009843922220170498,0.01852153055369854,
0.012410620227456093,0.021773910149931908,
-0.0029521812684834003,-0.0318768136203289,
-0.023497462272644043,-0.007666770368814468,
-0.012781635858118534,0.028797071427106857,
-0.0065272110514342785,-0.051098644733428955,
-0.011812328360974789,-0.02908448874950409,
0.0271726306527853,0.02244739606976509,
0.02013169601559639,0.006783913820981979,
-0.014347749762237072,0.07096598297357559,
0.013158134184777737,0.015005615539848804,
-0.0005717604653909802,0.003114039311185479,
0.02021639421582222,-0.007029603701084852,
-0.01601516269147396,0.0053146169520914555,
0.026580065488815308,0.02755739539861679,
0.008503034710884094,0.008175616152584553,
0.04309304058551788,-0.04050952568650246,
0.023341747000813484,-0.03177075833082199,
0.002944623352959752,0.024304604157805443,
-0.01242577563971281,0.023570671677589417,
0.005281337071210146,-0.008638394065201283,
0.037101924419403076,0.007070642895996571,
0.027224145829677582,0.005637896712869406,
-0.007081198040395975,-0.0037546001840382814,
-0.009052474051713943,0.013613170012831688,
-0.006579043809324503,0.03211182728409767,
-0.004852851387113333,-0.03232730180025101,
0.0023826295509934425,0.003692678874358535,
-0.005019872449338436,0.010246754623949528,
0.013425808399915695,0.0047735292464494705,
-0.010688334703445435,-0.009114645421504974,
-0.009455680847167969,-0.001527563319541514,
0.03076290525496006,-0.03265051543712616,
0.018920527771115303,-0.00873879436403513,
-0.0031877458095550537,0.0007635020301677287,
0.021559003740549088,-0.0032484731636941433,
-0.058016207069158554,0.027449889108538628,
-0.00603970792144537,-0.008005454204976559,
0.021220942959189415,-0.029313625767827034,
0.027531206607818604,0.02983401156961918,
-0.014451524242758751,-0.015066114254295826,
-0.005546425934880972,-0.016072837635874748,
-0.00257522682659328,0.02213374897837639,
0.03928568214178085,-0.025188183411955833,
-0.0057008895091712475,0.050147294998168945,
0.00020665203919634223,-0.02755332551896572,
-0.023686189204454422,0.008787102997303009,
-0.014961199834942818,0.004446133971214294,
0.03195260465145111,-0.017073996365070343,
0.012147779576480389,0.022952543571591377,
-0.01632528565824032,-0.038094256073236465,
0.029954316094517708,-0.0028360432479530573,
-0.03637407720088959,-0.03389827534556389,
-0.009692194871604443,0.006412118673324585,
-0.03674548864364624,-0.015559480525553226,
-0.022478818893432617,0.002881971886381507,
0.01925768330693245,0.010819397866725922,
0.008658294565975666,0.009097867645323277,
-0.02899249829351902,0.025562958791851997,
-0.0387299545109272,0.0076018269173800945,
0.0198080912232399,-0.0065819621086120605,
0.0014731294941157103,0.04559161886572838,
-0.013856823556125164,0.054087214171886444,
0.033128026872873306,0.029333703219890594,
0.0022765316534787416,0.014511210843920708,
0.025218050926923752,-0.02102549374103546,
0.030429020524024963,0.03616591915488243,
0.005726378411054611,-0.029238058254122734,
-9.358052011521067e-06,0.01886085234582424,
0.02747287228703499,0.01322925928980112,
0.04822263866662979,0.02061721868813038,
0.04818276688456535,0.016089526936411858,
-0.011540117673575878,-0.011255331337451935,
0.009446180425584316,0.012861274182796478,
0.0024829693138599396,-0.026391012594103813,
0.033185504376888275,-0.01751061901450157,
0.02667958475649357,-0.022831536829471588,
0.011339339427649975,0.011776917614042759,
-0.020094646140933037,0.0005802800878882408,
0.02443249151110649,0.005765944253653288,
-0.01978164166212082,-0.00975729525089264,
0.019983021542429924,0.02106049656867981,
0.004092377610504627,-0.02110561728477478,
-0.027032993733882904,-0.0024980283342301846,
-0.025354087352752686,-0.0004702112637460232,
-0.017329532653093338,-0.009027983993291855,
-0.030132057145237923,0.019363105297088623,
-0.04344456270337105,0.0014839951181784272,
0.030200889334082603,-0.022480789572000504,
0.009742682799696922,-0.0336136594414711,
-0.010410306975245476,-0.030509425327181816,
-0.022008096799254417,0.004045678768306971,
0.024769073352217674,0.011219422332942486,
-0.026619764044880867,-0.0006328165763989091,
-0.03018387407064438,-0.026201417669653893,
-0.04359208419919014,0.00015398474351968616,
-0.019030669704079628,-8.833771425997838e-05,
0.008167929016053677,-0.00726445484906435,
0.057602155953645706,-0.03240877389907837,
0.02222338132560253,-0.007959706708788872,
0.008022787980735302,-0.01717722974717617,
-0.04635753482580185,-0.021095123142004013,
-0.0184540506452322,0.028467632830142975,
-0.018328005447983742,-0.013245565816760063,
0.026744835078716278,-0.010543962940573692,
-0.03077741153538227,0.017440002411603928,
0.014702395536005497,-0.034312497824430466,
0.02027173340320587,-0.0016510202549397945,
0.020261220633983612,0.010050218552350998,
0.02815154939889908,0.0018846524180844426,
-0.00757104717195034,0.016916511580348015,
0.03038683347404003,-0.01349592860788107,
0.002576685743406415,0.013985256664454937,
-0.039624281227588654,-0.033317405730485916,
0.006405945401638746,-0.010440641082823277,
-0.03292286768555641,0.041646622121334076,
-0.029063742607831955,0.01876235194504261,
0.0060454062186181545,-0.027053508907556534,
-0.03104575350880623,-0.008519930765032768,
0.004729070700705051,-0.015278235077857971,
-0.01783491112291813,0.005198286380618811,
0.02302330918610096,-0.006437971256673336,
0.005433936137706041,0.012739259749650955,
0.013822922483086586,-0.0347486175596714,
0.002420085482299328,0.01030859537422657,
0.01319016981869936,0.010999848134815693,
0.0020010643638670444,-0.013343395665287971,
0.0031869716476649046,0.028667492792010307,
-0.0016839848831295967,-0.008096559904515743,
-0.033046331256628036,-0.013868407346308231,
-0.004539269022643566,-0.021077003329992294,
-0.028810326009988785,-0.02348271943628788,
-0.012865059077739716,-0.01624513417482376,
0.02654833346605301,-0.00940823182463646,
-0.0018748898291960359,-0.0358213372528553,
-0.010403239168226719,0.012928366661071777,
0.027383742853999138,-0.007910317741334438,
-0.018833162263035774,-0.03324742242693901,
-0.004525305703282356,-0.004179678857326508,
0.044443778693675995,-0.013080796226859093,
0.03637155890464783,0.02822965383529663,
-0.024923162534832954,0.01788373291492462,
0.004357651341706514,-0.0034786618780344725,
0.004594214726239443,0.0009856250835582614,
-0.040246933698654175,0.00338120199739933,
0.034043435007333755,-0.014187286607921124,
-0.028257498517632484,-0.005742233246564865,
-0.04027557000517845,-0.03838241472840309,
0.001528871594928205,-0.00122278300113976,
-0.039930183440446854,-0.016015080735087395,
-0.015255333855748177,-0.004285095259547234,
-0.0004235445521771908,0.016646336764097214,
-0.008138611912727356,-0.03959406539797783,
-0.01801014132797718,-0.005813096649944782,
0.04920138791203499,0.0178693700581789,
0.023592406883835793,-0.03886013850569725,
0.013156760483980179,0.017936231568455696,
0.005434327758848667,-0.005137923173606396,
-0.016190072521567345,0.01599155180156231,
-0.010071945376694202,-0.020395709201693535,
0.001040043425746262,-0.007112721912562847,
-0.023176640272140503,0.00897675845772028,
0.026627229526638985,-0.020895974710583687,
-0.0423438586294651,0.054397039115428925,
0.009865117259323597,0.011135079897940159,
-0.019932081922888756,-0.003673085942864418,
-0.01652655564248562,-0.0025181008968502283,
-0.0003437853592913598,0.007658010348677635,
-0.028488481417298317,-0.009528248570859432,
-0.0010708693880587816,-0.024666599929332733,
-0.016913622617721558,-0.02930579148232937,
-0.0001205352891702205,0.019740423187613487,
0.005304060876369476,0.0035116267390549183,
-0.010043559595942497,-0.0373508520424366,
-0.01495285052806139,0.004461945965886116,
-0.005343638360500336,0.0005379167851060629,
0.006522002629935741,0.0045637632720172405,
-0.043141044676303864,-0.036502424627542496,
-0.030380109325051308,-0.017725633457303047,
0.012572220526635647,0.036593034863471985,
-0.047034066170454025,-0.0062258318066596985,
-0.0011509812902659178,-0.0008332374272868037,
-0.023557506501674652,-0.0041525219567120075,
0.0066875978372991085,-0.015353319235146046,
0.011358525604009628,-0.0005608668434433639,
0.019482703879475594,-0.029476014897227287,
0.03788527846336365,-0.02988000214099884,
-0.011209485121071339,-0.01959872618317604,
0.015454104170203209,0.03824052959680557,
-0.05018666014075279,0.028609031811356544,
-0.0007551427115686238,-0.0025160901714116335,
0.008566545322537422,0.006689008790999651,
-0.010556788183748722,-0.021184543147683144,
-3.8816797314211726e-05,0.00858745351433754,
0.021768055856227875,0.00879210140556097,
0.020694831386208534,0.025657474994659424,
0.0029763823840767145,-0.02459343709051609,
0.009092557244002819,-0.011189881712198257,
-0.041674066334962845,-0.0271469634026289,
-0.029044222086668015,0.023853328078985214,
0.003909860737621784,0.025986358523368835,
-0.009149337187409401,0.020924290642142296,
0.029811084270477295,-0.012125881388783455,
0.005783881060779095,-0.004042519722133875,
0.01923443004488945,-0.014575548470020294,
0.02188735641539097,0.0017502655973657966,
-0.005727539304643869,0.001467783353291452,
-0.0049640582874417305,0.015280903317034245,
-0.008816108107566833,0.007068424951285124,
-0.01745540462434292,-0.017895767465233803,
0.0004184488789178431,-0.009247775189578533,
0.0023285802453756332,-0.026268623769283295,
0.008320641703903675,0.011206978932023048,
-0.005204317159950733,-0.003984822891652584,
-0.012876756489276886,0.009845254942774773,
0.003908908925950527,-0.03295987471938133,
0.035862941294908524,-0.009481075219810009,
0.02642081119120121,-0.02586960792541504,
0.01745895855128765,0.01806432008743286,
0.012577228248119354,0.0026477675419300795,
0.023176586255431175,0.02126322127878666,
-0.019336678087711334,0.00427847309038043,
0.048267513513565063,0.006888547912240028,
0.007526314817368984,-0.045232754200696945,
0.02131407894194126,-0.008615212514996529,
-0.0007392087718471885,-0.008485839702188969,
-0.02697613649070263,-0.03445552662014961,
0.007522941567003727,0.029548509046435356,
0.0018679025815799832,-0.07508672028779984,
0.038418639451265335,-0.017881788313388824,
-0.03393340855836868,-0.009902607649564743,
0.0035446842666715384,0.00610495638102293,
-0.02280833013355732,0.00635857367888093,
0.0007834698772057891,-0.006266905460506678,
-0.00788988545536995,-0.0013021144550293684,
-0.005601625423878431,0.0307907797396183,
-0.01996449939906597,-0.010988096706569195,
0.007545275613665581,0.031111495569348335,
0.010597923770546913,-0.011064374819397926,
0.03910383582115173,0.011557444930076599,
-0.025393906980752945,0.031229592859745026,
0.04134334623813629,-0.026483500376343727,
-0.02555025927722454,0.02541681006550789,
-0.05392887443304062,0.009911865927278996,
0.00908143911510706,-0.02368839643895626,
-0.000857301929499954,0.00039477547397837043,
0.0011500864056870341,0.01536010392010212,
-0.01058490201830864,-0.0163138248026371,
-0.009854025207459927,-0.004914462100714445,
-0.004523819778114557,-0.023259062319993973,
-0.01163273025304079,0.013117027468979359,
-0.002723615849390626,0.011554988101124763,
0.007578044664114714,-0.0025629536248743534,
0.012956288643181324,-0.002788224956020713,
0.03025544434785843,-0.027109293267130852,
-0.011224701069295406,-0.01047938596457243,
-0.03524445369839668,0.00044736507697962224,
0.040649525821208954,0.0011353263398632407,
-0.009013980627059937,-0.03744157776236534,
0.01467817835509777,-0.00918505247682333,
0.061330728232860565,-0.021316997706890106,
0.004547773394733667,0.022634616121649742,
0.06275670975446701,0.02178500033915043,
-0.0063697220757603645,-0.0025323349982500076,
0.023614997044205666,-0.0203986968845129,
-0.02161085046827793,-0.009960994124412537,
-0.010598189197480679,0.001206166809424758,
-0.0005935541703365743,0.0069565968587994576,
0.03957856446504593,-0.06238943710923195,
-0.015005568973720074,-0.02786516211926937,
0.027078796178102493,0.013402722775936127,
0.006546083837747574,0.004094984382390976,
-0.023538293316960335,0.03502564877271652,
-0.0013364424230530858,-0.02196384407579899,
0.02511696331202984,0.0050863949581980705,
-0.004082246217876673,-0.02916419878602028,
-0.011552155017852783,0.0023249280638992786,
0.02572273463010788,-0.02022877335548401,
0.03675098344683647,0.02616211399435997,
-0.017248298972845078,0.009015582501888275,
-0.015036295168101788,0.005719187669456005,
-0.003984338603913784,0.03536001965403557,
-0.04272828623652458,0.003202286781743169,
-0.007027551531791687,0.006831814534962177,
-0.033036839216947556,-0.023097066208720207,
0.019404102116823196,-0.006154750939458609,
-0.024106111377477646,0.030200868844985962,
0.012472395785152912,0.012594529427587986,
0.008336585946381092,0.0250728577375412,
0.0026917140930891037,-0.018257809802889824,
0.003308410057798028,0.015036172233521938,
0.02406940422952175,-0.014931119978427887,
-0.01656496524810791,0.00964024756103754,
-0.006138084456324577,0.022084016352891922,
0.016899440437555313,0.011341308243572712,
-0.02779293991625309,0.02193964645266533,
-0.016805123537778854,-0.014139711856842041,
-0.03932969272136688,-0.024577442556619644,
-0.025626910850405693,0.007707487791776657,
-0.02606830932199955,0.015851454809308052,
0.02451985888183117,0.0005184673937037587,
0.01077209785580635,0.018165498971939087,
-0.031350165605545044,-0.009507588110864162,
0.0031188756693154573,0.014303811825811863,
-0.0260262843221426,-0.0027872705832123756,
-0.02349688671529293,-0.0050902883522212505,
-0.002270226366817951,-0.022829094901680946,
0.015896247699856758,0.0145932761952281,
0.0014995397068560123,-0.03617842495441437,
0.0060030086897313595,-0.022038809955120087,
0.0008900779648683965,-0.007377211470156908,
0.01287447102367878,0.0070144557394087315,
-0.002157381735742092,0.003400830551981926,
-0.02946772426366806,-0.013443329371511936,
0.030287664383649826,0.00839502364397049,
-0.017615098506212234,-0.015603569336235523,
0.0076454440131783485,0.009849749505519867,
-0.015188060700893402,-0.03523333743214607,
0.01687540113925934,-0.013859503902494907,
0.05537237972021103,0.0024200240150094032,
-0.008451678790152073,0.028066514059901237,
0.028159858658909798,0.02995969168841839,
-0.02610478363931179,-0.004849619697779417,
-0.038620274513959885,0.003337402129545808,
-0.013533779419958591,-0.00018710778385866433,
-0.014574820175766945,0.00891865510493517,
-0.0160381980240345,0.03283808380365372,
-0.019430993124842644,0.009528550319373608,
-0.02656625397503376,0.0048805419355630875,
0.021757004782557487,0.018775979056954384,
-0.03865775093436241,-0.018978014588356018,
0.015450747683644295,-0.026693055406212807,
-0.0379452109336853,0.029877755790948868,
-0.028136858716607094,0.02788124419748783,
-0.009501280263066292,-0.004223995842039585,
0.02366817556321621,0.052562110126018524,
-0.030247967690229416,0.020373163744807243,
-0.00978604145348072,-0.01546250469982624,
-0.015228078700602055,-0.022680867463350296,
-0.036137904971838,-0.0026926607824862003,
0.00275893765501678,-0.01965579204261303,
-0.02280077524483204,-0.00014542523422278464,
-0.025767149403691292,-0.01058083027601242,
-0.049797337502241135,0.0173504501581192,
-0.004560378845781088,-0.02864854596555233,
-0.0032474498730152845,-0.029724163934588432,
-0.014802896417677402,-0.01757744513452053,
0.0021798918023705482,0.023882806301116943,
0.010388590395450592,-0.021607905626296997,
0.00234229676425457,-0.03267335891723633,
0.02228507027029991,0.029655272141098976,
-0.005912820342928171,0.018199674785137177,
0.04058079421520233,0.00046766773448325694,
-0.019476965069770813,-0.015308293513953686,
-0.02051193080842495,-0.006499323062598705,
0.004228326957672834,0.04183700680732727,
-0.010358322411775589,-0.02979368530213833,
-0.046968694776296616,-0.013187521137297153,
0.01116954255849123,0.01641816273331642,
-0.01707340031862259,-0.009539869613945484,
0.009259439073503017,0.0041707404889166355,
0.026735521852970123,-0.009297474287450314,
0.008314496837556362,-0.021902672946453094,
-5.3433312132256106e-05,-0.036307740956544876,
-0.016510911285877228,0.016991520300507545,
0.0007367262151092291,0.017543258145451546,
-0.004838112276047468,-0.0037856048438698053,
0.005833341274410486,0.025020109489560127,
0.00666222907602787,-0.030734891071915627,
0.01471056416630745,0.0011550127528607845,
-0.04637026786804199,0.0035150570329278708,
-0.024182599037885666,0.024548674002289772,
0.058313850313425064,-0.007210297044366598,
-0.01565718837082386,-0.008481549099087715,
0.039517778903245926,-0.011218348518013954,
0.0234646275639534,0.014303045347332954,
0.029551560059189796,-0.03994547948241234,
0.04642138630151749,0.011787312105298042,
0.0008506502490490675,0.004349018447101116,
-0.020064564421772957,0.018977835774421692,
-0.006118963472545147,-0.004624438937753439,
0.015161147341132164,0.05041395127773285,
-0.025154637172818184,0.012074923142790794,
0.002612518612295389,0.0038826288655400276,
-0.025591015815734863,-0.03273773193359375,
-0.007744647096842527,-0.010574055835604668,
-0.034495849162340164,-0.005248169880360365,
0.011764200404286385,0.0263164471834898,
-0.02956891432404518,0.018130721524357796,
-0.005739446263760328,0.004394965711981058,
-0.031489674001932144,0.010737651959061623,
-0.017441002652049065,0.017713798210024834,
0.0013671357883140445,0.015644069761037827,
0.032465431839227676,0.01560802198946476,
0.012790103442966938,-0.017746582627296448,
0.017292169854044914,0.031254321336746216,
0.008332528173923492,0.0010566872078925371,
-0.019681356847286224,-0.02264445833861828,
0.03094479814171791,0.045881323516368866,
0.0032240392174571753,-0.032575830817222595,
0.040133897215127945,0.0026274488773196936,
-0.006464085541665554,-0.007486675400286913,
-0.04923935979604721,-0.023867957293987274,
0.0019664319697767496,-0.032113831490278244,
0.009916570037603378,0.017807142809033394,
-0.017240677028894424,0.003868279280140996,
0.000955200579483062,-0.019627226516604424,
0.007634464185684919,-0.071353979408741,
0.0008573791710659862,0.0412265881896019,
0.019986527040600777,-0.01941097527742386,
0.04312785714864731,-0.0010025413939729333,
-0.01145639456808567,0.002906117355450988,
0.002065038774162531,-0.010504905134439468,
-0.02055315673351288,-0.021689530462026596,
0.010982312262058258,-0.0155250933021307,
0.014439075253903866,-0.018633266910910606,
0.0006103734485805035,0.044197361916303635,
0.029566708952188492,-0.04115811735391617,
-0.0028327712789177895,0.004610260017216206,
0.012372033670544624,0.068670354783535,
-0.028533048927783966,-0.013355962932109833,
0.025819219648838043,0.017871258780360222,
0.008181304670870304,-0.010191173292696476,
0.017095128074288368,0.014094922691583633,
-0.014621899463236332,-0.007111184764653444,
0.00837756134569645,0.04196826368570328,
-0.013687347061932087,-0.008580982685089111,
-0.012414837256073952,-0.011843728832900524,
0.011492657475173473,-0.031620826572179794,
-0.02448449656367302,0.017952704802155495,
0.005039236508309841,-0.00993741862475872,
-0.003429892472922802,-0.01099344901740551,
0.005723746959120035,0.00867944024503231,
-0.018654653802514076,-0.016789382323622704,
-0.0037085211370140314,0.017015397548675537,
0.015846066176891327,0.02134218066930771,
0.02955995686352253,0.006929704919457436,
0.002198376227170229,0.013505031354725361,
-0.049597736448049545,-0.02473350055515766,
0.01540970429778099,0.033044349402189255,
0.02995186857879162,0.005982507951557636,
-0.025341643020510674,-0.007197388913482428,
0.02215402200818062,-0.015056464821100235,
0.002151472494006157,-0.0229807049036026,
-0.013256114907562733,0.005258960649371147,
-0.011474852450191975,0.00391349894925952,
-0.004514913074672222,0.030980221927165985,
-0.017080888152122498,-0.03582074120640755,
0.033074237406253815,-0.009660976007580757,
0.03573581576347351,-0.03962046653032303,
-0.009516281075775623,-0.0053736069239676,
0.0013340144651010633,0.011016597039997578,
0.04513378068804741,0.012355973944067955,
-0.024086304008960724,-0.013223666697740555,
0.005249685607850552,0.01965351402759552,
-0.0049549005925655365,0.0015914342366158962,
0.014386945404112339,-0.00029683762113563716,
-0.002376158256083727,0.009339355863630772,
0.032429732382297516,-0.05213151499629021,
0.022791801020503044,0.006223356816917658,
0.02970442734658718,-0.006627440918236971,
0.02377910166978836,0.0007114583277143538,
0.005359240807592869,0.01016001682728529,
0.0456678532063961,0.018879001960158348,
-0.01397098321467638,0.0035416786558926105,
-0.02155265398323536,-0.005672779865562916,
-0.020625999197363853,-0.007093613035976887,
0.0197187140583992,-0.01034480519592762,
-0.008599872700870037,-0.05004369094967842,
0.01139627955853939,0.03718887269496918,
-0.008219725452363491,0.005468098912388086,
-0.006726001389324665,0.0023211908992379904,
-0.04247135668992996,-0.011036579497158527,
0.028813304379582405,0.02036791667342186,
0.02925202250480652,-0.017143452540040016,
-0.03271095082163811,-0.041461583226919174,
-0.02025425434112549,-0.005837098695337772,
-0.01682848483324051,0.0015000348212197423,
-0.0006056255078874528,-0.02872738055884838,
0.024367772042751312,-0.016248513013124466,
-0.02926386520266533,0.008912455290555954,
0.02076350338757038,-0.03918826952576637,
-0.005482937674969435,0.005362531170248985,
0.014123591594398022,0.03679875284433365,
-0.03515799343585968,-0.004422244615852833,
-0.019775014370679855,-0.013934490270912647,
-0.022028980776667595,0.012606027536094189,
0.02718309685587883,-0.04882325604557991,
-0.002908193040639162,-0.037960030138492584,
-0.011719963513314724,-0.041400808840990067,
0.015710528939962387,-0.02658594772219658,
0.037740059196949005,0.007576629985123873,
-0.0407545231282711,0.009816113859415054,
-0.02676750347018242,0.02182736061513424,
0.04574231058359146,0.0002644647902343422,
0.010158821009099483,0.020530495792627335,
0.02164359949529171,0.0030221999622881413,
0.021189626306295395,-0.01783165894448757,
-0.01432248018682003,0.0011581557337194681,
0.0073328325524926186,-0.0015121680917218328,
0.01060857530683279,0.012704653665423393,
0.017801569774746895,-0.04206929728388786,
-0.019197404384613037,-0.008168136700987816,
0.04023287072777748,0.022205667570233345,
-0.02076459862291813,-0.006001565605401993,
0.0017660537268966436,0.020948272198438644,
-0.0016564633697271347,-0.0015739165246486664,
-0.004152047447860241,0.0016682606656104326,
0.03554351255297661,-0.007741137873381376,
-0.003295865375548601,-0.047079652547836304,
0.0429513081908226,-0.008281130343675613,
0.005045883357524872,-0.003558317432180047,
0.04581211507320404,-0.03781028091907501,
-0.026041116565465927,0.011647554114460945,
0.018657341599464417,0.006002768874168396,
-0.0014192136004567146,0.028196096420288086,
0.023105405271053314,0.03784269094467163,
-0.016995294019579887,0.013302532956004143,
-0.010530011728405952,0.0012361790286377072,
-0.0012650458374992013,-0.0002886143629439175,
-0.008321681059896946,-0.024536915123462677,
0.022653482854366302,-0.02472217194736004,
0.0033821745309978724,0.012480122968554497,
0.003764749737456441,0.038883768022060394,
0.03463871777057648,0.01922413520514965,
-0.005051562562584877,0.015144817531108856,
0.018530571833252907,0.00892551802098751,
-0.025906667113304138,-0.03494568169116974,
-0.0042478120885789394,0.007023179437965155,
0.012676499783992767,0.027723221108317375,
-0.012596978805959225,-0.014288268983364105,
0.02643704041838646,0.013534202240407467,
-0.014061897993087769,-0.0008509427425451577,
-0.0010728643974289298,-0.007216776255518198,
0.013317756354808807,-0.018662087619304657,
0.015373896807432175,0.022427646443247795,
0.005008432548493147,0.01714683324098587,
-0.0072387768886983395,0.01856672391295433,
-0.032161325216293335,-0.015120498836040497,
0.038404371589422226,0.00235381699167192,
-0.02730456367135048,-0.02815472148358822,
0.0001797948934836313,-0.022910254076123238,
0.051498912274837494,-0.023055505007505417,
-0.0022905003279447556,-0.02065877616405487,
-0.0502246655523777,-0.015619163401424885,
0.003745029214769602,0.0051241228356957436,
-0.04278048872947693,-0.03064068779349327,
-0.01648176647722721,0.011744740419089794,
-0.021834101527929306,0.05143433064222336,
0.03515811637043953,0.013879718258976936,
0.0211016908288002,-0.015705183148384094,
0.0021114523988217115,0.04212229326367378,
-0.026878656819462776,0.015333480201661587,
-0.012027519755065441,0.0053664506413042545,
-0.02267163246870041,-0.00987920444458723,
0.02379489317536354,0.011579407379031181,
-0.017544249072670937,0.04038463905453682,
-0.03072252869606018,0.00086595379980281,
0.0004410751862451434,-0.001051052357070148,
0.02541479468345642,-0.05200030282139778,
-0.02097807452082634,0.03644317388534546,
-0.011157124303281307,0.000815435079857707,
-0.00204369705170393,0.014478689059615135,
-0.020807987079024315,0.03545227274298668,
0.025944259017705917,0.002853512531146407,
0.01637624390423298,-0.031494464725255966,
-0.036269668489694595,0.00033206999069079757,
0.016961921006441116,0.001837697229348123,
-0.0008781658834777772,0.01415074523538351,
0.05062047764658928,0.012248028069734573,
0.006510701030492783,0.024880370125174522,
-0.016994722187519073,0.005955618340522051,
-0.05143626034259796,-0.01393931545317173,
-0.006416133604943752,-0.0041605387814342976,
-0.004371363669633865,0.02042042836546898,
0.015831835567951202,-0.0038744902703911066,
0.0017947884043678641,-0.005849932320415974,
-0.030191970989108086,0.02120715007185936,
-0.014050440862774849,0.0024304650723934174,
-0.02365158684551716,0.012371140532195568,
-0.04147111251950264,0.02718384750187397,
0.01984243281185627,0.021989284083247185,
-0.03039928898215294,-0.0018875168170779943,
-0.030009588226675987,0.010046109557151794,
-0.010227248072624207,-0.02138425223529339,
0.02216252125799656,0.01469083596020937,
-0.03534619137644768,0.04650333151221275,
-0.030581016093492508,-0.028126338496804237,
-0.011665902100503445,-0.002890555188059807,
-0.030376631766557693,0.0005959979025647044,
0.015695087611675262,0.0011096681701019406,
-0.015636621043086052,-0.03147450089454651,
0.021326715126633644,0.02775757759809494,
0.025672759860754013,-0.024561461061239243,
0.009399055503308773,0.011863605119287968,
0.042621057480573654,-0.010900208726525307,
0.0027201990596950054,-0.00774078443646431,
-0.013175914995372295,0.01873369701206684,
-0.014787644147872925,-0.03186250850558281,
-0.018303105607628822,-0.05673671513795853,
-0.0013702241703867912,0.025690192356705666,
-0.012836267240345478,-0.009617061354219913,
-0.008149261586368084,-0.014917619526386261,
-0.021344834938645363,-0.025245381519198418,
-0.03557811304926872,0.016934305429458618,
0.013770859688520432,-0.02780054323375225,
-0.007131041958928108,0.0394984632730484,
0.0023976562079042196,0.007282594218850136,
0.009392201900482178,0.015425367280840874,
-0.024771541357040405,-0.005368291400372982,
-0.010151362046599388,-0.025347169488668442,
-0.0029680863954126835,-0.03109768219292164,
0.03788228705525398,-0.029861966148018837,
0.00801401399075985,-0.013305497355759144,
0.014399236999452114,0.02037903666496277,
0.04951978474855423,-0.0019119800999760628,
-0.00018121415632776916,-0.03864433243870735,
-0.009816481731832027,0.0156326275318861,
-0.021748602390289307,0.033198196440935135,
0.015334052965044975,-0.013889697380363941,
-0.006517917383462191,0.03702856972813606,
0.02522292360663414,0.01026106346398592,
0.019931545481085777,0.023313988000154495,
-0.03202330693602562,0.000106470899481792,
-0.014254756271839142,0.03818624094128609,
0.014021630398929119,0.005960645154118538,
-0.011234106495976448,-0.030913637951016426,
0.0663023293018341,0.00627556536346674,
-0.018004821613430977,0.05876597762107849,
0.03115503117442131,0.00805761106312275,
-0.027938412502408028,-0.03935573995113373,
-0.004430446773767471,0.008836587890982628,
-0.011137614957988262,-0.008585690520703793,
0.012378399260342121,0.010684867389500141,
0.0235478263348341,-0.005634996108710766,
0.06947623193264008,-0.02148359827697277,
0.015549817122519016,0.0236964114010334,
-0.024928640574216843,0.0005522057181224227,
-0.006512853782624006,-0.006692572962492704,
-0.021501684561371803,0.04803423956036568,
-0.007960188202559948,0.0009974325075745583,
-0.0003643631935119629,0.03220643103122711,
-0.0078070200979709625,0.01612464152276516,
-0.0052695800550282,-0.004077630583196878,
-0.00034170880098827183,-0.009564565494656563,
0.04515382647514343,-0.03247582167387009,
0.03597347438335419,-0.02480805665254593,
0.005440563429147005,-0.008840370923280716,
-0.008593166247010231,0.030356459319591522,
-0.014726722612977028,-0.02511008270084858,
0.017842544242739677,0.043233856558799744,
0.006124185863882303,0.012340158224105835,
-0.0034248665906488895,0.0008369374554604292,
-0.0059820846654474735,0.02426193095743656,
-0.025743680074810982,7.632625784026459e-05,
-0.011941030621528625,0.021073754876852036,
-0.01544684637337923,-0.04315171390771866,
-0.0285062026232481,-0.0021903254091739655,
0.007920052856206894,-0.0005347260739654303,
0.04275381937623024,-0.023014336824417114,
0.008757890202105045,0.018903465941548347,
0.010489871725440025,0.003584117628633976,
-0.019471030682325363,-0.02455381117761135,
-0.01481553353369236,0.026584530249238014,
-0.013334032148122787,0.012780774384737015,
0.006380084436386824,-0.0032940704841166735,
-0.010305588133633137,0.008410328067839146,
0.006914753466844559,-0.028967613354325294,
-0.04477035254240036,0.007469744887202978,
-0.002514599123969674,0.019905533641576767,
0.003958278801292181,-0.0026124855503439903,
-0.01816224493086338,-0.01749107427895069,
0.030647246167063713,0.03258287161588669,
0.014357686042785645,0.015774941071867943,
0.004997552372515202,0.03631347790360451,
0.02585829235613346,0.013644001446664333,
0.004226003307849169,0.012243913486599922,
0.01259558368474245,0.01975899189710617,
-0.03569064661860466,0.019930411130189896,
-0.020511753857135773,0.02818838320672512,
-0.020836995914578438,0.03412553295493126,
-0.019232528284192085,0.0007642015116289258,
-0.023338856175541878,0.023534376174211502,
-0.02642340213060379,0.025430159643292427,
0.008016053587198257,-0.03934440016746521,
0.007034040056169033,-0.0042831311002373695,
0.010742567479610443,-0.012132779695093632,
-0.002402592683210969,-0.006520694121718407,
-0.023519262671470642,-0.017836429178714752,
-0.0017717371229082346,-0.022496618330478668,
0.006569728720933199,-0.008571585640311241,
-0.04172759875655174,-0.03504088893532753,
0.015607879497110844,-0.017359690740704536,
0.011652717366814613,0.03854134678840637,
-0.007645560894161463,-0.0034623234532773495,
0.035937875509262085,0.0018460190622135997,
0.02133328840136528,0.0007437436142936349,
-0.014008818194270134,-0.056730568408966064,
-0.012333660386502743,0.0004031721909996122,
0.033348649740219116,-0.014604485593736172,
-0.01443990133702755,-0.01366643700748682,
0.005952691193670034,-0.03869730234146118,
0.02313409186899662,-0.00959580298513174,
0.001541627454571426,-0.001609627972356975,
0.011835355311632156,0.01691701076924801,
-0.008056893944740295,-0.00894765555858612,
-0.011944973841309547,0.028427092358469963,
-0.012938409112393856,0.04901637136936188,
0.012069715186953545,-0.006132383365184069,
-0.020784663036465645,-0.0025261021219193935,
-0.03553367406129837,0.010103539563715458,
0.00444219121709466,-0.024221867322921753,
0.005590127315372229,0.021598191931843758,
-0.016713039949536324,-0.01738824136555195,
0.00011850899318233132,-0.0018590157851576805,
-0.03720827400684357,0.010389680974185467,
0.004106883890926838,0.005200791638344526,
0.008775240741670132,-0.01764318160712719,
0.006144667975604534,-0.015290442854166031,
0.016189556568861008,-0.011164429597556591,
-0.0027751654852181673,-0.0028168922290205956,
0.004898345097899437,-0.00952654704451561,
0.021323392167687416,0.013454915024340153,
-0.008831648156046867,0.005156310740858316,
-0.03209232911467552,0.019576527178287506,
0.040665607899427414,-0.027332110330462456,
0.0035276059061288834,-0.004102407954633236,
-0.010236633941531181,0.005855923052877188,
0.020233720541000366,0.022386200726032257,
-0.002981444587931037,-0.00352700287476182,
-0.010513510555028915,-0.06094128265976906,
-0.03449558466672897,0.00019786796474363655,
-0.032314736396074295,0.012501350603997707,
-0.010641426779329777,0.031968165189027786,
-0.007401151582598686,-0.001643214258365333,
-0.049719296395778656,-0.0028677007649093866,
-0.0043953764252364635,-0.033500127494335175,
0.02637363038957119,-0.018075359985232353,
-0.009555631317198277,-0.015335437841713428,
0.03071189485490322,0.021018199622631073,
-0.008730333298444748,0.041528813540935516,
0.010890552774071693,-0.014222458936274052,
0.04464897885918617,0.04258648678660393,
0.0317264124751091,0.006148654967546463,
-0.0017293472774326801,0.029821528121829033,
0.047786496579647064,0.0023952757474035025,
-0.02526462823152542,0.026051189750432968,
0.016652250662446022,-0.00036892510252073407,
-0.02094254642724991,-0.002213438041508198,
0.02814336307346821,-0.036156561225652695,
0.0009654773748479784,0.03387230262160301,
-0.035188227891922,-0.02607397921383381,
0.005061588250100613,-0.023322580382227898,
-0.053361184895038605,-0.04582672566175461,
-0.006754497066140175,-0.012803686782717705,
-0.0009513513068668544,0.020781824365258217,
-0.038400523364543915,-0.01366726215928793,
0.020703032612800598,-0.0033292302396148443,
0.002501667942851782,-0.005708535201847553,
-0.013805101625621319,-0.004207126330584288,
0.01851842552423477,0.0177316851913929,
0.0414758026599884,-0.009790753945708275,
-0.00545215979218483,0.010554266162216663,
-0.03926466777920723,-0.003946340177208185,
0.04437358304858208,0.0036219884641468525,
-0.033936452120542526,0.01444884855300188,
-0.00432704109698534,0.0070671760477125645,
-0.00926815066486597,0.04228759929537773,
-0.041511066257953644,0.004097494296729565,
0.024742688983678818,-0.015191059559583664,
-0.0033528832718729973,-0.007527445908635855,
0.017270617187023163,-0.03688788786530495,
0.020842906087636948,0.006378885358572006,
-0.020434442907571793,0.007031125947833061,
0.028089288622140884,0.020653456449508667,
-0.008524849079549313,0.003293823916465044,
0.003919798415154219,-0.003883864264935255,
0.05629841983318329,-0.022355498746037483,
0.0013379784068092704,-0.03487648814916611,
-0.025902660563588142,0.007548333145678043,
0.003451097523793578,0.007060816045850515,
0.022716188803315163,0.014797692187130451,
0.017608489841222763,0.023806022480130196,
0.0006323395646177232,0.022934140637516975,
0.0025305624585598707,-0.025339271873235703,
-0.009129601530730724,0.013656274415552616,
-0.016331903636455536,0.0061979712918400764,
-0.028124850243330002,0.019507896155118942,
-0.03017752431333065,0.0034404597245156765,
-0.03287056088447571,0.028456788510084152,
-0.020917261019349098,-0.0032388726249337196,
0.007638440001755953,0.0007401154143735766,
-0.00749166589230299,-0.00983729213476181,
-0.0037905459757894278,0.0036663769278675318,
0.006309885066002607,0.004427196923643351,
0.0011609605280682445,-0.057080455124378204,
-0.03975779563188553,0.022574041038751602,
0.011337869800627232,0.0008787851547822356,
-0.002844292903319001,0.00016581776435486972,
-0.021075062453746796,0.015504916198551655,
-0.048212774097919464,0.0384347066283226,
-0.025149613618850708,0.016636058688163757,
0.018871081992983818,0.01510957907885313,
0.0415906086564064,0.026925822719931602,
0.009125321172177792,0.002092239912599325,
-0.03221159055829048,0.011744399555027485,
0.03864056617021561,0.014153540134429932,
-0.02729758806526661,-0.04966238513588905,
-0.011574996635317802,0.014325813390314579,
0.0025234429631382227,0.014106792397797108,
0.009829570539295673,-0.002451725769788027,
0.0014108730247244239,-0.02010885439813137,
-0.0017055255593732,0.020680749788880348,
0.005040571093559265,-0.0007526617264375091,
-0.0052048624493181705,0.003907850012183189,
-0.01693328283727169,0.013040943071246147,
-0.026780523359775543,-0.002247811760753393,
0.02809802070260048,-0.015168002806603909,
-0.029088659211993217,-0.0038938492070883512,
-0.028774820268154144,-0.0006713166949339211,
-0.005828444845974445,0.01216888427734375,
0.014031152240931988,0.010008254088461399,
-0.036175910383462906,-0.0007670153281651437,
0.03942425176501274,-0.0007716722902841866,
0.016968807205557823,0.01239041704684496,
-0.0033169325906783342,0.03971581906080246,
0.016089068725705147,-0.030012786388397217,
0.008840258233249187,-0.009998643770813942,
-0.022733282297849655,0.03351333364844322,
0.011919509619474411,-0.0024822556879371405,
-0.006335048004984856,0.019621070474386215,
0.03427682816982269,0.028890715911984444,
-0.027445200830698013,0.009432226419448853,
0.003212741343304515,-0.009552092291414738,
0.02762475050985813,0.0008793996530584991,
0.0028928767424076796,-0.020600484684109688,
-0.017614606767892838,0.010869246907532215,
0.014448953792452812,0.003493118565529585,
-0.020090993493795395,0.022808685898780823,
-0.014155992306768894,0.003723766189068556,
-0.013635569252073765,-0.03005838952958584,
0.0111036766320467,0.03032190352678299,
-0.022190963849425316,0.0008470510365441442,
-0.02672985941171646,0.012276500463485718,
0.0025394833646714687,0.030163686722517014,
0.022935885936021805,0.021315841004252434,
-0.013119052164256573,-0.017196722328662872,
-0.025430267676711082,0.0015016311081126332,
-0.008430822752416134,0.026826312765479088,
-0.003283947706222534,-0.04122072830796242,
-0.03050639107823372,0.01461055688560009,
-0.017810245975852013,-0.004027301911264658,
0.03155479207634926,0.026540471240878105,
-0.011918147094547749,-0.013353331945836544,
0.006981114856898785,-0.012889549136161804,
-0.016433624550700188,-0.011179965920746326,
-0.021242709830403328,0.00840381532907486,
0.0032108179293572903,-0.019792700186371803,
-0.015253957360982895,0.016075374558568,
0.024537475779652596,-0.0002802348753903061,
0.006003242451697588,-0.021256545558571815,
0.011438948102295399,-0.010278160683810711,
0.03317665681242943,-0.022729726508259773,
-0.0224381722509861,-0.03692879155278206,
0.019962092861533165,0.009845653548836708,
0.0019234654027968645,0.04600730910897255,
0.040459245443344116,0.030633648857474327,
0.003911951556801796,-0.0018515480915084481,
-0.0024221634957939386,0.0013654918875545263,
-0.03848893195390701,-0.0018693029414862394,
-0.005827421322464943,0.024902284145355225,
0.012182783335447311,-0.02321336604654789,
0.00025056692538782954,0.01774675026535988,
0.00738756125792861,0.0055707660503685474,
-0.02102740854024887,-0.06638670712709427,
0.01560686994343996,0.05004122108221054,
-0.017305266112089157,-0.03518461436033249,
-0.03081197291612625,0.009889916516840458,
0.07309412211179733,-0.014071370474994183,
0.015358783304691315,-0.010778281837701797,
-0.032206084579229355,-0.008199566043913364,
0.022667022421956062,0.010759986005723476,
0.011413630098104477,-0.020285140722990036,
-0.016960471868515015,-0.02089940570294857,
-0.00179504812695086,-0.013862032443284988,
0.017103370279073715,0.012743601575493813,
-0.004014882259070873,0.023708844557404518,
0.013466105796396732,-0.023317571729421616,
-0.005077555775642395,-0.0024022432044148445,
-0.03232729434967041,-0.007604019716382027,
-0.0033145821653306484,0.017969856038689613,
0.022950805723667145,-0.02522214688360691,
0.00040678124059922993,-0.03571535646915436,
-0.004854758270084858,0.010116713121533394,
0.013369166292250156,-0.021996330469846725,
-0.015513903461396694,0.03224154934287071,
0.022398533299565315,0.01668510213494301,
-0.015978487208485603,0.017022738233208656,
0.004497315734624863,0.020617859438061714,
0.054746951907873154,0.0015962206525728106,
0.006127890665084124,0.029106948524713516,
0.007252013310790062,-0.06596749275922775,
-0.004221651703119278,-0.007591834757477045,
0.011875535361468792,0.04377899318933487,
0.011954550631344318,-0.011003895662724972,
0.0029874572064727545,0.030300738289952278,
-0.03582609444856644,-0.0025905941147357225,
-0.004038992337882519,0.013467039912939072,
0.02380477637052536,0.007609822787344456,
-0.007115666754543781,0.016682758927345276,
-0.030446546152234077,0.011747490614652634,
0.02591678686439991,-0.005497172940522432,
-0.014092533849179745,-0.007156615611165762,
0.024978021159768105,0.021465476602315903,
-0.010906052775681019,-0.017378877848386765,
0.010443080216646194,0.004490018356591463,
0.01954498700797558,0.05331987142562866,
-0.0021152403205633163,-0.00830727256834507,
0.004735811613500118,0.03261103108525276,
-0.030750658363103867,-0.0033532571978867054,
0.02324964664876461,0.05284564942121506,
0.035514552146196365,0.013786885887384415,
0.032646309584379196,-0.023068808019161224,
0.013222701847553253,-0.02556208334863186,
0.006869400851428509,-0.012000947259366512,
0.017949016764760017,-0.013981443829834461,
0.007845863699913025,-0.0180630125105381,
0.01595410890877247,-0.00931144505739212,
0.010022402741014957,-0.04591474309563637,
-0.02006843127310276,-0.01124176662415266,
-0.05636848136782646,0.029253995046019554,
0.00634475564584136,-0.019773127511143684,
0.017782622948288918,-7.497958722524345e-05,
0.011572656221687794,-0.02563992701470852,
-0.007469336036592722,-0.02279273048043251,
0.026433201506733894,-0.002432498149573803,
0.041719865053892136,-0.0005214010598137975,
-0.012831797823309898,-0.03383181616663933,
-0.021766649559140205,-0.009455942548811436,
0.016961360350251198,0.0350179523229599,
-0.003704097354784608,0.018298011273145676,
0.003357324982061982,-0.017490247264504433,
-0.015526372008025646,-0.008722773753106594,
0.00020403451344463974,-0.007604691199958324,
-0.0011187063064426184,-0.002003472065553069,
0.016018005087971687,0.0036895538214594126,
-0.009848005138337612,0.005484011024236679,
0.023760449141263962,-0.021252969279885292,
0.0013591826427727938,0.017523955553770065,
0.0014440142549574375,0.0022128706332296133,
0.01044697780162096,0.019007187336683273,
9.292704635299742e-05,-0.0113831190392375,
0.021837176755070686,0.0333997905254364,
0.017912965267896652,-0.0004404187493491918,
-0.010880324989557266,0.014992226846516132,
-0.027980351820588112,-0.01764158345758915,
-0.006342771928757429,0.003582671983167529,
-0.0013602761318907142,-0.005960987415164709,
0.011652382090687752,0.00524329487234354,
0.011249184608459473,0.02489165961742401,
-0.0003206931578461081,0.029735444113612175,
0.030170170590281487,0.04646845906972885,
0.0011448367731645703,-0.003891903208568692,
-0.0019385844934731722,0.002331809140741825,
-0.03418684005737305,0.02385755069553852,
-0.018571045249700546,-0.004879515618085861,
-0.021192478016018867,0.019191034138202667,
0.01382706593722105,-0.015056652948260307,
-0.005900361109524965,0.010885998606681824,
-0.019077328965067863,0.010845004580914974,
0.003181963926181197,0.020113181322813034,
-0.00634159566834569,0.023389367386698723,
-0.005297142080962658,0.01179246511310339,
0.0398545004427433,-0.01152531336992979,
0.06557459384202957,0.019862160086631775,
0.0062218476086854935,-0.05252084136009216,
-0.04624536633491516,-0.000603639695327729,
-0.0214366614818573,0.013996503315865993,
0.024919729679822922,-0.025108976289629936,
-0.007009170949459076,-0.007018488831818104,
-0.005835176445543766,-0.0007800026796758175,
-0.006651684176176786,0.006399014964699745,
0.030332107096910477,0.00390769075602293,
-0.018207913264632225,-0.030030198395252228,
0.046989861875772476,-0.06474588066339493,
0.04228096827864647,-0.029992664232850075,
0.0057900939136743546,0.033197350800037384,
-0.0021406831219792366,-0.05462837964296341,
0.013522817753255367,0.0010236509842798114,
0.025980554521083832,0.0075281658209860325,
-0.008998570963740349,-0.01759866438806057,
0.024279886856675148,0.03975815325975418,
-0.007087889593094587,-0.025231724604964256,
-0.029933853074908257,-0.023919686675071716,
0.01447848230600357,-0.020531289279460907,
-0.020737815648317337,0.014089311473071575,
-0.014314986765384674,-0.03707023337483406,
-0.007962524890899658,-0.019800331443548203,
-0.019341733306646347,0.014399820938706398,
0.02064208686351776,0.002412481000646949,
-0.03245169296860695,0.032519616186618805,
0.014552894048392773,0.0350317545235157,
0.023129869252443314,0.042809199541807175,
-0.01312116626650095,-0.024990834295749664,
0.0210679080337286,0.03852824494242668,
-0.008894303813576698,-0.03381403535604477,
-0.013692979700863361,-0.026693087071180344,
-0.007624740246683359,-0.024303892627358437,
-0.0070144981145858765,0.020473619922995567,
-0.01888820342719555,-0.058459214866161346,
-0.007519508246332407,-0.02640453167259693,
-0.03632914274930954,0.008473546244204044,
0.038251105695962906,0.03893737122416496,
-0.01623070426285267,0.011783489026129246,
-0.011440467089414597,0.007346509024500847,
-0.000656619668006897,-0.020910000428557396,
-0.03636661544442177,0.012147586792707443,
-0.005278927739709616,-0.0010779586154967546,
-0.005712845828384161,-0.01635163649916649,
-0.007346239872276783,-0.02060512825846672,
0.007534066680818796,-0.000498512526974082,
0.03552931174635887,-0.0027734453324228525,
0.004720548167824745,0.02818428911268711,
-0.014452708885073662,0.010182065889239311,
0.02308790013194084,-0.01022788044065237,
0.009524204768240452,-0.0020152770448476076,
-0.03229619562625885,0.002339096972718835,
-0.001349276048131287,0.023145927116274834,
0.035420969128608704,-0.029099643230438232,
-0.003992139827460051,-0.009180665947496891,
0.0018207659013569355,0.03530034422874451,
-0.0250396691262722,0.027716517448425293,
0.010945867747068405,0.008101248182356358,
0.007268350571393967,-0.007479085121303797,
0.021701548248529434,0.0093232998624444,
0.02081005834043026,-0.01604032702744007,
0.0009647862752899528,0.008628475479781628,
0.01325403805822134,-0.01620766706764698,
-0.008785659447312355,-0.016857346519827843,
0.004708867985755205,0.038075774908065796,
0.02396385557949543,0.04571671038866043,
0.006325242109596729,-0.04345186799764633,
0.05302702635526657,-0.008005344308912754,
-0.031075002625584602,0.023987576365470886,
-0.005753935780376196,-0.004370503127574921,
0.05146582052111626,-0.020674467086791992,
-0.03238335996866226,-0.011191841214895248,
-0.00426603714004159,0.01961236074566841,
0.015028180554509163,-0.006262755487114191,
0.01602950133383274,-0.030888371169567108,
0.019208990037441254,-0.007976291701197624,
0.01847200281918049,0.024976348504424095,
-0.006768013350665569,-0.014382077381014824,
0.007970906794071198,0.02084103599190712,
0.005190972238779068,-0.02323603630065918,
-0.012816009111702442,0.021517956629395485,
0.021006792783737183,-0.013223201967775822,
0.011845145374536514,0.002577450592070818,
0.0021473367232829332,-0.02056259661912918,
-0.02387116104364395,0.033095039427280426,
0.0056066871620714664,-0.028514109551906586,
-0.012950911186635494,-0.01853860914707184,
-0.017779836431145668,-0.027506200596690178,
0.012699763290584087,0.04436575993895531,
0.0011567809851840138,-0.011081506498157978,
-0.021584369242191315,-0.016267910599708557,
-0.010915076360106468,-0.0024388781748712063,
0.008522365242242813,0.025918038561940193,
0.018946385011076927,-0.014086315408349037,
-0.04033852368593216,0.02246742881834507,
-0.017745306715369225,0.013473900966346264,
0.018469220027327538,-0.027447426691651344,
-0.004301442764699459,-0.006315483711659908,
0.03975353017449379,0.021351825445890427,
-0.013891047798097134,-0.012422382831573486,
3.729755917447619e-05,0.007564541418105364,
0.01631609909236431,-0.01701340265572071,
0.01636609062552452,-0.026407631114125252,
0.00289636617526412,-0.0107321972027421,
-0.01742827519774437,-0.026650957763195038,
0.01329471729695797,-0.006898332852870226,
0.009444719180464745,-0.016384242102503777,
0.008746837265789509,-0.021218594163656235,
-0.011489507742226124,-0.05342881754040718,
-0.0019977521151304245,0.037951525300741196,
0.004792522639036179,-0.03475029021501541,
-0.009381241165101528,0.01033063791692257,
0.021485209465026855,-0.024580102413892746,
-0.017716266214847565,-0.009074762463569641,
0.0009788252646103501,-0.0037557731848210096,
0.01773803122341633,0.006946322042495012,
0.006025935523211956,-0.010960645042359829,
0.003254017559811473,-0.01162185799330473,
0.0005861682584509254,0.010280913673341274,
-0.012002081610262394,-0.011897672899067402,
0.022196263074874878,0.009041626006364822,
-0.016038138419389725,0.02313149720430374,
0.0033591394312679768,-0.02296401560306549,
0.011937619186937809,0.010141149163246155,
-0.026937976479530334,0.01413717120885849,
0.051566001027822495,0.0034207780845463276,
-0.010864957235753536,0.0031822891905903816,
0.026378292590379715,-0.007846636697649956,
0.011592630296945572,0.005585161969065666,
0.027602162212133408,0.002429682295769453,
0.016998663544654846,0.026315756142139435,
0.04434564337134361,-0.038763392716646194,
0.030198819935321808,0.010260624811053276,
-0.013156208209693432,-0.07531411945819855,
0.005314388312399387,0.029653044417500496,
-0.0015327950241044164,-0.0007814667769707739,
0.005246725864708424,0.02877085469663143,
-0.0064244638197124004,0.0004278200212866068,
-0.010092778131365776,0.001026865909807384,
0.013165890239179134,-0.035766374319791794,
-0.03712310269474983,0.027535520493984222,
-0.04516748711466789,0.0040382868610322475,
-0.003328277263790369,-0.04982616752386093,
0.041528891772031784,0.025756508111953735,
0.010196011513471603,-0.017007093876600266,
-0.017002010717988014,-0.007600752171128988,
0.03887217119336128,0.027925843372941017,
-0.0166816096752882,-0.04583989828824997,
-0.0031914443243294954,-0.013301219791173935,
0.002411352936178446,0.0017913676565513015,
-0.027321873232722282,0.025432327762246132,
-0.02094767987728119,0.008820964023470879,
-0.028912028297781944,0.015442990697920322,
0.021527046337723732,0.0028975943569093943,
-0.028581641614437103,0.01675676926970482,
-0.015463217161595821,-0.001052115228958428,
-0.03980391100049019,0.061236441135406494,
0.02040373906493187,-0.007731152232736349,
-0.013813605532050133,0.01071934588253498,
0.02021578885614872,0.025890879333019257,
0.013104015961289406,-0.0035380003973841667,
-0.013568720780313015,0.011430787853896618,
-0.00036274021840654314,0.0013287512119859457,
-0.01197901088744402,-0.010302874259650707,
0.004346018191426992,0.022066297009587288,
0.024298306554555893,-0.004741263575851917,
-0.010125253349542618,-0.002082439139485359,
0.049340203404426575,0.013312541879713535,
-0.0013704514130949974,-0.0052171433344483376,
-0.005990684498101473,-0.02409180998802185,
0.02018258348107338,0.02331008017063141,
0.0060904985293745995,-0.0035710635129362345,
0.003930536564439535,0.015806253999471664,
-0.04205549880862236,-0.027113500982522964,
-0.011962514370679855,0.047079671174287796,
-0.025225462391972542,0.010211024433374405,
-0.001626081531867385,0.002329870592802763,
-0.001108728931285441,-0.014718311838805676,
-0.012313294224441051,0.030408160760998726,
-0.00754900835454464,-0.027838727459311485,
0.011599007062613964,-0.01132972165942192,
-0.018229661509394646,0.011010009795427322,
0.027332497760653496,0.007283654995262623,
-0.00525649543851614,-0.02043420448899269,
-0.02865816280245781,0.009377890266478062,
-0.016315359622240067,0.00229660258628428,
0.032657720148563385,0.02495908923447132,
0.025578856468200684,0.008000881411135197,
0.022532813251018524,0.04603826254606247,
0.004305296111851931,0.002097644377499819,
-0.01853722147643566,-0.014396975748240948,
0.00844329223036766,-0.017980678007006645,
-0.02158685401082039,-0.06013144552707672,
-0.027880430221557617,0.006828567944467068,
0.026991430670022964,-0.050729911774396896,
-0.042891670018434525,0.025659000501036644,
-0.04742642492055893,-0.013157060369849205,
0.019033046439290047,-0.027605021372437477,
0.025611087679862976,0.008945108391344547,
-0.021027011796832085,0.035729896277189255,
0.010092576965689659,-0.031140396371483803,
-0.006752741523087025,-0.07427017390727997,
0.011642450466752052,-0.020509986206889153,
-0.007032972760498524,0.011573346331715584,
0.007764452137053013,0.005964017938822508,
0.012729126028716564,-0.028109010308980942,
-0.06675311177968979,-0.013187238946557045,
-0.011022611521184444,-0.06649044156074524,
0.037747181951999664,-0.008414951153099537,
0.024430278688669205,0.00036004898720420897,
0.007176841609179974,-0.0116910794749856,
-0.01240034680813551,0.002871224656701088,
0.0021187716629356146,0.02075321041047573,
-0.020420897752046585,0.016032109037041664,
-0.020452115684747696,-0.004904039669781923,
0.002645379165187478,-0.00834853295236826,
-0.00017592121730558574,0.016065603122115135,
0.00617915578186512,-0.008623018860816956,
0.014582502655684948,0.008981110528111458,
0.00399741530418396,0.03360239043831825,
-0.018904151394963264,0.026628073304891586,
0.013523831963539124,0.011167426593601704,
-0.013521060347557068,0.003916668705642223,
-0.0032802068162709475,0.01689841039478779,
-0.003062432399019599,-0.02937520481646061,
-0.01057630404829979,0.019455965608358383,
0.036385901272296906,-0.010215750895440578,
0.0030643800273537636,-0.011568673886358738,
0.007754543796181679,0.041555967181921005,
-0.02165769599378109,0.016676677390933037,
-0.03217090293765068,-0.010539225302636623,
0.02656530775129795,0.0010824835626408458,
0.040001899003982544,0.0143052963539958,
-0.022815318778157234,0.003593563102185726,
-0.0005670698010362685,0.026115553453564644,
-0.01745159551501274,0.039456404745578766,
0.005795218516141176,-0.00905401911586523,
0.008330948650836945,-0.047509681433439255,
-0.03187612444162369,0.00170371204148978,
-0.006685860920697451,-0.025936417281627655,
-0.034344568848609924,-0.0019957036711275578,
0.057021599262952805,-0.003804687177762389,
-0.0018275760812684894,0.003596377791836858,
0.024241652339696884,0.012926310300827026,
0.013166396878659725,0.004473714157938957,
-0.006041912827640772,-0.004437854513525963,
0.03704603388905525,-0.0004403859202284366,
0.038701388984918594,0.02157726138830185,
0.012461853213608265,0.04129692167043686,
0.01466746348887682,-0.038578182458877563,
0.005210070870816708,-0.005136484280228615,
-0.006257445551455021,-0.03335624188184738,
-0.006747803185135126,0.010436879470944405,
0.007463027723133564,0.004922846797853708,
-0.024302169680595398,0.00047317385906353593,
-0.00437282444909215,0.007596980314701796,
-0.006449192296713591,-0.023787133395671844,
0.008060983382165432,0.016148565337061882,
0.041043005883693695,-0.009369860403239727,
-0.009564674459397793,-0.05250602588057518,
0.03124755620956421,0.02154919132590294,
-0.0013010913971811533,0.03224332258105278,
-0.0157395601272583,0.0006296737701632082,
-0.039959654211997986,0.019411440938711166,
0.03685590252280235,-0.03405041992664337,
-0.019996797665953636,0.035184621810913086,
6.838206900283694e-05,0.021906882524490356,
0.006387307308614254,0.01840105466544628,
-0.005079110153019428,0.006637981627136469,
-0.006691040005534887,-0.02693381905555725,
-0.02544926479458809,-0.025846166536211967,
0.055058933794498444,-0.018418144434690475,
0.008490096777677536,0.015725625678896904,
-0.020911335945129395,0.019342392683029175,
-0.032937001436948776,0.011970787309110165,
-0.028458047658205032,0.01225652638822794,
-0.019950753077864647,0.003418803447857499,
-0.02901051752269268,0.01650296151638031,
0.008732541464269161,0.0350499153137207,
-0.007820642553269863,-0.04188002273440361,
-0.007952196523547173,0.022549297660589218,
0.016039574518799782,-0.021666504442691803,
0.0203254334628582,-0.0051008546724915504,
-0.016629312187433243,-0.003034736728295684,
0.0049223219975829124,0.040094953030347824,
-0.0188903771340847,0.022571666166186333,
0.020694615319371223,0.034527361392974854,
0.008505021221935749,-0.007515255827456713,
0.021199829876422882,-0.014311333186924458,
-0.012729375623166561,-0.000976595445536077,
0.007068204693496227,-0.020894212648272514,
0.022941038012504578,0.021900223568081856,
0.0020240715239197016,0.02164895087480545,
-0.022066468372941017,-0.009310401044785976,
-0.03382504731416702,0.04391680657863617,
0.0057992711663246155,0.004105767235159874,
0.027668746188282967,0.007875941693782806,
0.009860132820904255,0.028055235743522644,
0.012708605267107487,-0.025478677824139595,
0.012190853245556355,0.0038941141683608294,
0.021596862003207207,-0.010336404666304588,
-0.0035279516596347094,0.013078554533421993,
-0.016619086265563965,-0.0001750442897900939,
-0.0004068008274771273,-0.0050544412806630135,
0.004848412238061428,0.005944725126028061,
-0.007911698892712593,-0.02633470483124256,
-0.013839191757142544,0.014696319587528706,
0.03714956343173981,-0.020661620423197746,
0.011795487254858017,0.03374246135354042,
-0.013693816028535366,-0.005322815850377083,
-0.02280743420124054,0.00950752105563879,
0.021576013416051865,0.016041554510593414,
0.007066659163683653,-0.004439497832208872,
0.020274735987186432,0.0008409458678215742,
-0.006423373706638813,0.012765899300575256,
-0.009879008866846561,0.004390418529510498,
-0.018574876710772514,0.04259837046265602,
-0.017386743798851967,-0.023529009893536568,
0.033862657845020294,0.022181261330842972,
0.01900651678442955,-0.017067544162273407,
0.01916527934372425,0.01386770885437727,
-0.011361409910023212,-0.022354906424880028,
-0.01728060469031334,0.014492500573396683,
0.009557433426380157,0.03851203992962837,
0.008585793897509575,0.02956598438322544,
-0.013066282495856285,-0.02711830660700798,
0.016207484528422356,8.372621960006654e-05,
-0.010914457961916924,0.02975958026945591,
-0.020299291238188744,-0.003644131124019623,
0.018955696374177933,-0.02237752079963684,
-0.0267555583268404,0.030988257378339767,
0.02171614207327366,-0.04055625572800636,
-0.05013549327850342,-0.006629784591495991,
0.0004050832649227232,-0.021289382129907608,
0.02944972738623619,-0.021344108507037163,
0.022648390382528305,0.02371920458972454,
-0.029553186148405075,-0.021595576778054237,
-0.007541014812886715,-0.008409429341554642,
0.014987674541771412,0.023057932034134865,
-0.00289485533721745,0.05396230146288872,
0.0028651608154177666,0.018417449668049812,
-0.006282764952629805,0.0055939750745892525,
0.007640142925083637,-0.0034935350995510817,
-0.03530840575695038,-0.027547208592295647,
0.018024655058979988,0.022441936656832695,
-0.033356647938489914,-0.008927014656364918,
0.028056550770998,-0.021171823143959045,
-0.01012231782078743,0.009320278652012348,
-0.0422901026904583,-0.014578115195035934,
0.0020017880015075207,-0.018104281276464462,
-0.033536795526742935,0.023866845294833183,
0.009680172428488731,-0.0046300520189106464,
-0.007437937892973423,-0.010077257640659809,
-0.03845818713307381,0.012908119708299637,
0.01432714145630598,0.0017650001682341099,
-0.019524704664945602,-0.009935623034834862,
0.037759922444820404,-0.0091397138312459,
-0.028254566714167595,-0.005871523637324572,
-0.01057504490017891,-0.035935334861278534,
0.03383918106555939,-0.03115052729845047,
0.021748816594481468,0.021745523437857628,
0.002757428213953972,0.02604536898434162,
-0.017909474670886993,-0.020278792828321457,
-0.01907319203019142,-0.017852695658802986,
0.016947146505117416,-0.015852393582463264,
-0.0374617762863636,0.06496769934892654,
-0.013101750984787941,-0.04789665341377258,
-0.004916526842862368,-0.03013642132282257,
-0.014988341368734837,-0.03618865832686424,
0.039021559059619904,-0.03603279963135719,
0.021891819313168526,-0.009690106846392155,
-0.02715962380170822,0.016324222087860107,
-0.04623342677950859,-0.005363058298826218,
-0.00907890871167183,0.013429427519440651,
0.01714925281703472,-0.0056605529971420765,
-0.021506845951080322,0.028728840872645378,
-0.021508442237973213,0.030328640714287758,
0.017803966999053955,0.010051637887954712,
0.03046504035592079,-0.0013852063566446304,
-0.0030094776302576065,0.029371481388807297,
0.0029712088871747255,-0.013369424268603325,
0.01671731099486351,-0.001105581410229206,
-0.0011166222393512726,-0.02240139991044998,
-0.002075896831229329,-0.011712084524333477,
0.0002764568489510566,-0.04667867347598076,
-0.0031660408712923527,0.0020340452902019024,
0.013057244941592216,-0.0027942219749093056,
-0.007553841453045607,0.025133764371275902,
0.003869935404509306,-0.031814396381378174,
0.05277349427342415,-0.006228630430996418,
0.005015029571950436,-0.029726339504122734,
-0.010404662229120731,-0.0036883391439914703,
-0.017663849517703056,0.0014430504525080323,
-0.023247405886650085,-0.012987256981432438,
-0.025579888373613358,0.021019253879785538,
-0.012529192492365837,0.016031034290790558,
-0.010638113133609295,0.015255779027938843,
0.004507352598011494,-0.012828167527914047,
0.011591133661568165,0.00772356940433383,
-0.00872815866023302,0.021110333502292633,
0.009155403822660446,-0.027355121448636055,
-0.018203502520918846,-0.02119286172091961,
0.008814813569188118,-0.012615207582712173,
0.023853052407503128,-0.014324420131742954,
0.038334134966135025,0.022227371111512184,
-0.008054004982113838,-0.03481465205550194,
0.011946789920330048,-0.0004624644643627107,
0.0037352514918893576,-0.00493464432656765,
-0.008094982244074345,0.013682727701961994,
0.025506949052214622,-0.0013455752050504088,
-0.026232700794935226,-0.007871412672102451,
0.01744481734931469,0.04563213884830475,
0.0034258663654327393,-0.009511584416031837,
0.0021269661374390125,-0.017944734543561935,
-0.02410225383937359,0.010589569807052612,
0.017649445682764053,-0.008291976526379585,
0.035072483122348785,-9.955591667676345e-05,
0.013992827385663986,-0.0015785237774252892,
0.022131385281682014,0.028778428211808205,
-0.0010913629084825516,0.05633777007460594,
-0.045552514493465424,0.041509341448545456,
0.04540475085377693,0.0361865758895874,
-0.005472954828292131,0.012740420177578926,
-0.005061902105808258,0.014792372472584248,
-0.030601782724261284,-0.00041944460826925933,
0.009854371659457684,0.02685675397515297,
0.0016620629467070103,-0.05372999608516693,
0.018815426155924797,-0.008852902799844742,
0.023564500734210014,-0.004741625860333443,
0.00302127911709249,-0.0075388685800135136,
0.01293505635112524,-0.01046830229461193,
-0.03308114409446716,-0.005602529738098383,
-0.000416641152696684,-0.00959986262023449,
0.0035709894727915525,0.0027446940075606108,
-0.041868530213832855,-0.013917016796767712,
-0.014373439364135265,-0.01421649381518364,
0.010750764980912209,-0.014451823197305202,
0.0018895085668191314,-0.0013619891833513975,
0.00043681482202373445,-0.0038489196449518204,
0.025637591257691383,-0.0036421155091375113,
0.004502680152654648,0.004235808737576008,
0.022399814799427986,0.013066158629953861,
-0.01670842245221138,0.004394267685711384,
-0.01703003980219364,0.010887043550610542,
0.028730643913149834,0.01983107067644596,
0.02441299520432949,-0.01391627173870802,
0.02728140912950039,-0.022884689271450043,
-0.015795841813087463,0.04229094088077545,
0.006804999895393848,-0.008392232470214367,
0.0008418714860454202,-0.0192266795784235,
-0.014281366020441055,0.015184033662080765,
-0.03278572857379913,0.012388893403112888,
0.021493857726454735,0.0002465139841660857,
-0.01247237715870142,-0.06582316011190414,
-0.013284471817314625,-0.03676280006766319,
0.0033391143660992384,0.021849609911441803,
0.040096770972013474,0.022021159529685974,
-0.011499953456223011,-0.006520540919154882,
-0.012953614816069603,-0.008216208778321743,
-0.0005675196298398077,0.0006367398891597986,
0.003932810388505459,-0.016390932723879814,
0.010945566929876804,0.012196378782391548,
-0.00043910244130529463,-0.01009082980453968,
-0.018257590010762215,-0.002849329961463809,
0.010310872457921505,-0.011003932915627956,
0.002877701073884964,-0.010208586230874062,
-0.0050266035832464695,0.029051708057522774,
-0.008170000277459621,0.023370876908302307,
-0.012757129967212677,-0.012750537134706974,
0.002329157665371895,-0.0014607537304982543,
-0.0026364291552454233,-0.028032895177602768,
-0.0027432243805378675,-0.009948952123522758,
-0.017177024856209755,0.02772488445043564,
0.005936719942837954,-0.003009668318554759,
0.0006453533424064517,0.03913358598947525,
0.009563504718244076,0.023233141750097275,
0.01904614269733429,0.019042976200580597,
0.020040065050125122,0.018352413550019264,
0.00595131004229188,-0.002210998674854636,
-0.016723565757274628,-0.02222188003361225,
-0.0018460579449310899,-0.0015101151075214148,
0.035760633647441864,0.01617596112191677,
-0.005232502706348896,-0.01361098513007164,
-0.011027214117348194,0.0038907593116164207,
-0.013633335940539837,0.022821245715022087,
-0.005607460159808397,0.021974414587020874,
0.055146485567092896,-0.0005363482632674277,
0.01880272850394249,-0.04127650335431099,
0.012070206925272942,0.006400950253009796,
0.016759565100073814,-0.034592147916555405,
-0.03929353877902031,0.05370816960930824,
0.014568796381354332,-0.008423859253525734,
0.008374187164008617,-0.03604956716299057,
0.0024729042779654264,-0.03047749772667885,
0.014744977466762066,0.0034663148690015078,
-0.010977274738252163,0.005330328363925219,
0.008308429270982742,-0.01966395229101181,
-0.032837722450494766,-0.024057596921920776,
-0.021797198802232742,-0.0011113822693005204,
-0.0234856978058815,0.04826915264129639,
-0.02080392651259899,0.017788847908377647,
-0.002902611857280135,-0.005704563111066818,
0.02976131998002529,0.009051298722624779,
0.0016657565720379353,0.034645404666662216,
0.01957637257874012,0.024429675191640854,
0.03520987182855606,0.004284855909645557,
-0.011631147004663944,0.025242917239665985,
0.011936376802623272,0.006792605388909578,
-0.012313982471823692,0.01499291229993105,
-0.023132529109716415,-0.022558636963367462,
-0.016452379524707794,0.04205956310033798,
0.011191880330443382,-0.017209766432642937,
0.01565231941640377,-0.021342240273952484,
0.035984959453344345,0.04450835660099983,
-0.005035771522670984,-0.020806284621357918,
-0.004862935747951269,-0.027644362300634384,
-0.020803287625312805,-0.003703431226313114,
-0.01668928749859333,0.010732971131801605,
-0.032920803874731064,0.00946755614131689,
0.006705957930535078,0.007005583960562944,
0.012122604064643383,0.014648130163550377,
-0.005902141332626343,0.014448286965489388,
0.029345598071813583,-0.0007731333025731146,
0.03088153712451458,-0.011199927888810635,
0.005697409622371197,-0.004291104152798653,
0.03222321346402168,0.010272353887557983,
0.015425861813127995,-0.045192088931798935,
-0.004827788099646568,0.0056556216441094875,
0.018214203417301178,-0.021207652986049652,
-0.04953695461153984,-0.003574047703295946,
0.006570214871317148,0.00964036863297224,
-0.018412908539175987,-0.018024681136012077,
0.05108219012618065,-0.01790078915655613,
0.008203558623790741,-0.019467703998088837,
0.015393255278468132,0.0009714984917081892,
-0.022780219092965126,-0.009870422072708607,
0.02346850000321865,0.010837357491254807,
0.014033623039722443,-0.035224687308073044,
0.006808450445532799,0.013780882582068443,
0.045774947851896286,-0.005309578031301498,
-0.008302233181893826,-0.03553474321961403,
-0.0006191650754772127,-0.0055007594637572765,
-0.025301119312644005,0.028986820951104164,
0.03532536327838898,0.006293456070125103,
-0.02868189848959446,-0.010823529213666916,
-0.03171493485569954,-0.019525036215782166,
0.006598070729523897,0.02513859234750271,
0.05095785856246948,-0.030329380184412003,
-0.024848300963640213,-0.012427049688994884,
0.02671048231422901,0.02811156027019024,
0.004151663742959499,0.012458001263439655,
-0.005257205571979284,0.02844696305692196,
4.9560560000827536e-05,0.0169738307595253,
-0.00014543163706548512,0.0075674778781831264,
0.0068876976147294044,-0.005906084552407265,
-0.021019097417593002,0.0368046872317791,
0.026182757690548897,-0.035773519426584244,
-0.019992616027593613,0.01978294923901558,
-0.009488181211054325,-0.054914556443691254,
-0.004370433744043112,0.002651204587891698,
-0.021946299821138382,0.028840309008955956,
0.00377895450219512,0.015443464741110802,
-0.02383042313158512,-0.016254058107733727,
-0.002216665307059884,-0.00271163834258914,
0.017414463683962822,-0.004437841009348631,
-0.015588902868330479,0.009555736556649208,
0.0027632652781903744,0.03243231400847435,
0.04164860025048256,0.023333456367254257,
-0.040492016822099686,0.009329116903245449,
-0.011954843997955322,0.012189638800919056,
0.0009043190511874855,-0.014434280805289745,
0.0003836874384433031,0.001804398256354034,
-0.029696010053157806,-0.030505109578371048,
0.020361069589853287,-0.012354959733784199,
0.055906493216753006,-0.06251966208219528,
-0.03964840620756149,-0.010301081463694572,
0.00028604856925085187,0.008727563545107841,
-0.02320215292274952,0.02577819488942623,
0.039756301790475845,-0.021742573007941246,
0.03295878693461418,0.01187371276319027,
0.00865355134010315,-0.021523546427488327,
0.03078882209956646,-0.00037180513027124107,
-0.018549643456935883,-0.004455569200217724,
0.016495827585458755,0.006871877703815699,
0.0398591086268425,-0.011106408201158047,
0.005626120138913393,0.01287826057523489,
0.007416339125484228,0.024583440274000168,
0.017426416277885437,0.01758989319205284,
-0.004298144951462746,0.028718551620841026,
0.04239720106124878,-0.0009505940251983702,
0.027357613667845726,0.006738553289324045,
0.02772037871181965,-0.013393418863415718,
0.013177094981074333,0.01515702810138464,
0.005340607836842537,-0.03589128702878952,
-0.001630972372367978,0.010609453544020653,
0.0005541566642932594,0.04277076944708824,
0.01496183592826128,-0.0005527014727704227,
0.0016845905920490623,-0.03399919718503952,
-0.008850833401083946,0.016443802043795586,
-0.009168042801320553,0.009826743975281715,
0.0008851829334162176,0.0005676277214661241,
-0.015146906487643719,0.017272716388106346,
0.003587236860767007,0.003149033058434725,
0.004594740923494101,-0.0011405067052692175,
-0.02328708954155445,0.004628027323633432,
-0.06255382299423218,-0.0076423529535532,
0.021092435345053673,-0.004469985142350197,
-0.016222644597291946,0.013178125023841858,
0.006828765384852886,0.004954695235937834,
0.008627827279269695,0.03263358399271965,
-0.0016068171244114637,-0.007080544717609882,
-0.020810972899198532,0.012175077572464943,
-0.017709366977214813,0.017107099294662476,
0.010029920376837254,0.012109464965760708,
0.002634840551763773,0.003436722094193101,
-0.026152251288294792,0.023484500125050545,
0.005850873421877623,-0.019228095188736916,
-0.02108842507004738,-0.002245152136310935,
0.010339771397411823,-0.004049370065331459,
-0.00390332518145442,-0.008219779469072819,
-0.012872572988271713,-0.009961657226085663,
-0.02223775163292885,0.005519063677638769,
0.00797415804117918,-0.0034994271118193865,
-0.0024847721215337515,-0.014098763465881348,
0.034708041697740555,0.026752961799502373,
0.03570026904344559,0.01201128400862217,
0.02906539849936962,-0.03536549210548401,
-0.018953152000904083,-0.026681602001190186,
-0.021938011050224304,0.006316603627055883,
-0.010761766694486141,-0.009653511457145214,
0.009025436826050282,0.010789155960083008,
0.008889177814126015,-0.012337756343185902,
-0.03319665789604187,0.04050661250948906,
-0.02853664755821228,-0.01879451423883438,
-0.0033715174067765474,-0.006799236871302128,
0.0020172896329313517,-0.014937055297195911,
-0.00803343765437603,-0.018959078937768936,
0.05056934803724289,0.023759249597787857,
-0.01212295237928629,-0.015558290295302868,
0.018113551661372185,0.00353917945176363,
-0.006964882370084524,0.0016467467648908496,
-0.023892449215054512,0.0007923463126644492,
-0.039509791880846024,0.012026832439005375,
0.00900325458496809,-0.020457612350583076,
-0.016380365937948227,0.02858288586139679,
-3.4505232179071754e-05,0.0012109798844903708,
-0.015359655022621155,-0.04701941832900047,
0.005615211557596922,-0.007745887152850628,
-0.010133313946425915,-0.006152262445539236,
-0.012535693123936653,-0.0033412943594157696,
0.015281818807125092,0.0018089954974129796,
0.030773812904953957,0.025852112099528313,
-0.01766454055905342,-0.022024303674697876,
0.01541256345808506,-0.01341299619525671,
-0.014685401692986488,0.011541967280209064,
0.0016758572310209274,0.002848472213372588,
-0.0013136194320395589,-0.017213238403201103,
0.011614971794188023,-0.005923201330006123,
0.015977978706359863,0.014032934792339802,
0.009476160630583763,0.01753261685371399,
0.009091231971979141,0.023368211463093758,
0.03896741569042206,0.014575988054275513,
0.030516749247908592,-0.001612641615793109,
0.008765853010118008,-0.030593978241086006,
-0.021503722295165062,0.009152407757937908,
-0.009111891500651836,-0.0009559290483593941,
0.011270621791481972,0.0009445163886994123,
0.005341700278222561,-0.035597916692495346,
0.0022098952904343605,-0.016303395852446556,
-0.05005250126123428,0.00302467355504632,
-0.02085474319756031,-0.02253708988428116,
0.020656002685427666,0.015457356348633766,
0.01204428356140852,-0.011913294903934002,
-0.008075184188783169,0.02218174934387207,
0.04429979994893074,-0.016551630571484566,
0.0034674126654863358,-0.00593865429982543,
0.0020930564496666193,-0.02925899252295494,
0.00013624652638100088,0.012869204394519329,
-0.005076433997601271,-0.009943297132849693,
-0.016721447929739952,-0.03552795574069023,
0.02621733956038952,-0.007548564113676548,
-0.010140934027731419,-0.016331901773810387,
-0.03154657408595085,0.04585596174001694,
0.05691800266504288,0.05681348592042923,
-0.010476375930011272,0.028495699167251587,
0.01128102745860815,-0.0228594858199358,
-0.0012499800650402904,-0.02900063805282116,
0.04600090906023979,-0.01759721152484417,
-0.029401350766420364,-0.0034139298368245363,
-0.006328868679702282,-0.00541886780411005,
-0.014268489554524422,-0.028369011357426643,
0.028162963688373566,-0.0009494758560322225,
0.00041944702388718724,-0.009301695972681046,
0.030679451301693916,-0.034265823662281036,
0.021410619840025902,-0.007569429464638233,
-0.02288818359375,-0.014962373301386833,
0.01727844774723053,-0.013281088322401047,
-0.03841705620288849,-0.013186892494559288,
-0.015351369976997375,0.022671129554510117,
0.01932593062520027,-0.010772695764899254,
-0.021542426198720932,0.014144319109618664,
0.025217130780220032,-0.028605861589312553,
0.008811388164758682,-0.02265838533639908,
-0.015817902982234955,-0.0002516790700610727,
0.02263377420604229,-0.0037911480758339167,
0.019806813448667526,0.039328038692474365,
-0.01927744224667549,-0.011534219607710838,
-0.015818260610103607,0.008479367010295391,
0.01410229317843914,0.00818778295069933,
-0.011027478612959385,-0.01171866338700056,
0.026326337829232216,0.02343347854912281,
0.014901585876941681,-0.023726949468255043,
-0.014219317585229874,0.010397586971521378,
-0.027799393981695175,-0.012469028122723103,
0.028019551187753677,0.0018643888179212809,
-0.039638783782720566,0.003756152465939522,
-0.008796894922852516,0.021404827013611794,
0.02519538812339306,0.04504341259598732,
0.019515248015522957,-0.006121975369751453,
0.048552948981523514,-0.01022258773446083,
-0.00346926087513566,0.036199264228343964,
-0.02322092093527317,-0.02667021006345749,
-0.005070383194833994,-0.018270296975970268,
0.009749719873070717,-0.021454311907291412,
-7.78999092290178e-05,0.0016378620639443398,
-0.005688500124961138,-0.010533269494771957,
-0.006436239928007126,-0.0117872329428792,
0.023888276889920235,0.00965514499694109,
0.009015994146466255,0.03801584616303444,
-0.010268621146678925,-0.00923551619052887,
-0.016515379771590233,-0.014419911429286003,
0.020802868530154228,-0.0040237028151750565,
0.008397165685892105,-0.01739497482776642,
-0.008758565410971642,-0.012179399840533733,
-0.007075667381286621,0.004104566294699907,
0.007257117424160242,0.01578357070684433,
-0.01531500555574894,-0.009983978234231472,
-0.01586061157286167,-0.003518658457323909,
-0.0004070347058586776,-0.01717345044016838,
0.01680011861026287,-0.000837374129332602,
-0.0013884523650631309,0.019552268087863922,
0.02594991773366928,0.02806513011455536,
0.019697219133377075,0.02698136679828167,
0.019373951479792595,0.043282873928546906,
0.06445079296827316,0.053329043090343475,
0.00893488060683012,0.009217770770192146,
0.019890394061803818,0.03868428245186806,
0.006616700906306505,0.023041389882564545,
0.010717326775193214,0.0019755850080400705,
0.02046063169836998,0.009014429524540901,
-0.024854375049471855,-0.004052051343023777,
-0.024871869012713432,-0.031369563192129135,
0.022597167640924454,-0.00755439093336463,
-0.02713804505765438,0.023086020722985268,
0.03309488296508789,-0.013531315140426159,
0.02517409436404705,0.01720934920012951,
-0.03617244213819504,-0.003678142325952649,
0.002511244034394622,-0.007660787086933851,
-0.0019393429392948747,-0.0037108277902007103,
-0.02560574561357498,-0.03143257275223732,
-0.04542895406484604,-0.004710379987955093,
0.004763783887028694,-0.028426945209503174,
0.0002719298645388335,0.0016628880985081196,
-0.008539486676454544,-0.0034647146239876747,
0.04102924093604088,0.021665172651410103,
-0.028646284714341164,0.00524856336414814,
-0.006520770024508238,-0.007687557488679886,
0.03238459303975105,0.0037685323040932417,
0.005669447127729654,0.00010837639274541289,
0.022350510582327843,0.0009673457243479788,
-0.012744232080876827,0.03431614115834236,
-0.02205074019730091,-0.019498711451888084,
-0.03682316467165947,0.02711319923400879,
0.01526758074760437,-0.02765895053744316,
-0.03666677325963974,-0.006901988759636879,
-0.0019162026001140475,-0.043368976563215256,
0.019734587520360947,0.036226991564035416,
0.013324383646249771,-0.023617105558514595,
0.008759090676903725,-0.007410247810184956,
0.01591193675994873,-0.01966230757534504,
-0.02081342041492462,0.001802080194465816,
0.002824167488142848,0.03301288187503815,
-0.0028009633533656597,-0.004343224223703146,
0.006399395409971476,-0.006419138051569462,
0.006395391654223204,-0.08334389328956604,
-0.00137067842297256,0.03287859633564949,
-0.024866506457328796,0.00336164771579206,
0.02277415245771408,-0.010125229135155678,
-0.00273224082775414,0.014104020781815052,
0.016768522560596466,-0.012343944050371647,
0.01781012862920761,0.004548413213342428,
0.0037763293366879225,0.010777045972645283,
-0.008399932645261288,0.010143599472939968,
-0.001509513589553535,-0.012340450659394264,
-0.019168492406606674,-0.03310778737068176,
0.03769446909427643,-0.017503157258033752,
0.009671846404671669,0.021429168060421944,
0.01879136823117733,-0.0182795412838459,
0.011202333495020866,-0.04446354880928993,
0.015927335247397423,-0.003935432061553001,
-0.007115415297448635,0.018852397799491882,
-0.0018283413955941796,0.0161144882440567,
-0.00955480057746172,0.003722597612068057,
0.006497813854366541,-0.055867064744234085,
-0.02526029385626316,-0.03743056207895279,
-0.014695238322019577,-0.01934274472296238,
0.014084160327911377,-0.005355597473680973,
0.013533012941479683,0.035101909190416336,
-0.02133346162736416,0.011054206639528275,
-0.012736192904412746,0.006479147356003523,
0.00103667750954628,0.008265351876616478,
-0.03132658824324608,0.009294392541050911,
0.009161138907074928,-0.0021034858655184507,
-0.0061110020615160465,0.01198272779583931,
-0.01342376321554184,-0.010989495553076267,
-0.04146948456764221,-0.007867262698709965,
-0.017619827762246132,0.0012612445279955864,
0.002044981811195612,0.021306084468960762,
0.038805894553661346,-0.000934815441723913,
-0.01168863382190466,-0.017659710720181465,
0.018736282363533974,-0.040027979761362076,
-0.0025093872100114822,0.037993740290403366,
-0.017677994444966316,-0.0022115984465926886,
8.591161167714745e-05,0.020823899656534195,
-0.0004751633678097278,-0.012913588434457779,
-0.03623909130692482,0.021393101662397385,
0.014458990655839443,-0.013731946237385273,
0.016291385516524315,-0.0013639616081491113,
0.012213810347020626,-0.018587764352560043,
0.026102738454937935,-0.013661382719874382,
0.01577910967171192,0.0001483701926190406,
-0.029301341623067856,-0.01122191734611988,
-0.03753729537129402,-0.015739185735583305,
-0.02759675495326519,-0.01437569409608841,
0.002655722200870514,0.006429546512663364,
0.011728004552423954,-0.024923495948314667,
-0.0005400271038524806,-0.005429545417428017,
0.011290295049548149,0.0055509875528514385,
-0.0049059269949793816,0.013046140782535076,
-0.016274655237793922,-0.0015042389277368784,
0.059669509530067444,-0.014608198776841164,
-0.015079543925821781,0.024930788204073906,
-0.03408388793468475,-0.015841946005821228,
0.00020929200400132686,-0.031032908707857132,
-0.012833436951041222,-0.042205605655908585,
-0.0198593121021986,-0.021662678569555283,
-0.004826877731829882,-0.008381467312574387,
0.04074421525001526,-0.018648993223905563,
0.013434399850666523,0.00671586487442255,
0.02012995444238186,-0.02801927737891674,
0.002702438272535801,-0.002839866792783141,
-0.026263460516929626,0.031047293916344643,
-0.009501156397163868,-0.005136351566761732,
-0.013622010126709938,0.0016948389820754528,
-0.007339143194258213,0.009807526133954525,
0.02162313647568226,-0.010261444374918938,
-0.031306564807891846,0.0030094007961452007,
0.008666620589792728,0.023811299353837967,
-0.005971977952867746,0.018166011199355125,
0.005507161375135183,-0.011719164438545704,
-0.005608293227851391,0.012666297145187855,
0.05712408199906349,0.0032911694142967463,
0.00578963803127408,-0.00796953123062849,
0.005728003103286028,0.027500243857502937,
-0.0323840007185936,0.0076710316352546215,
-0.029957696795463562,0.0050084516406059265,
-0.04562097042798996,0.0001128661897382699,
-0.02705731801688671,-0.027525009587407112,
0.028619548305869102,-0.0005488689057528973,
0.03344866260886192,-0.033559370785951614,
-0.009428771212697029,-0.026937006041407585,
0.015447251498699188,-0.011777103878557682,
0.0020814070012420416,-0.0044814045540988445,
-0.0015716883353888988,-0.0022211121395230293,
0.03947267308831215,-0.023200778290629387,
0.038735147565603256,-0.05215785652399063,
0.010679082944989204,0.013786043971776962,
-0.00364689901471138,0.018690794706344604,
-0.02231021784245968,0.019714247435331345,
0.01676471158862114,0.01716562733054161,
-0.014389454387128353,0.008619667962193489,
-0.028780046850442886,0.018741514533758163,
0.002940893406048417,0.031193166971206665,
-0.04900083690881729,-0.02800850011408329,
0.0003493109252303839,0.0021851405035704374,
-0.0521106943488121,0.026940496638417244,
0.025939717888832092,0.0241553857922554,
0.02134839817881584,0.021535245701670647,
0.006209614221006632,-0.04080280661582947,
-0.007267670705914497,0.037289757281541824,
-0.0365852490067482,0.032392289489507675,
-0.02049729973077774,-0.001107242307625711,
-0.011455599218606949,0.015692591667175293,
0.015529194846749306,0.0077443975023925304,
-0.04323747009038925,-0.0049735126085579395,
0.021167026832699776,-0.0020681233145296574,
0.018748462200164795,0.007032953668385744,
-0.012011583894491196,-0.027340156957507133,
-0.009014264680445194,0.03910674899816513,
0.008877336047589779,-0.020232640206813812,
-0.02081415429711342,0.005924882832914591,
-0.011704439297318459,0.034312985837459564,
0.03488214313983917,0.02451661042869091,
0.027609417214989662,0.01469108834862709,
0.027317441999912262,-0.026027347892522812,
-0.020133087411522865,0.02191285602748394,
-0.00998207088559866,0.028703205287456512,
-0.0010774831753224134,0.0381353385746479,
0.005828145891427994,0.048170801252126694,
-0.018233563750982285,0.002058763289824128,
0.010740839876234531,0.03200773894786835,
-0.03328016400337219,0.003315904876217246,
0.04623665288090706,-0.02725859545171261,
0.027529731392860413,-0.02024211548268795,
0.0072056944482028484,-0.014915109612047672,
-0.016517210751771927,-0.019425375387072563,
-0.0018479498103260994,-0.004572696052491665,
-0.0045879618264734745,0.00037686817813664675,
-0.01839839108288288,-0.010172542184591293,
0.03723760321736336,-0.0071424320340156555,
0.022462397813796997,0.027690647169947624,
-0.0066672684624791145,-0.0347168892621994,
0.025766272097826004,-0.018349051475524902,
0.03428802639245987,0.008877732791006565,
-0.01127698179334402,0.033277422189712524,
-0.005242667160928249,0.021399348974227905,
-0.011128625832498074,0.01042600441724062,
-0.017135554924607277,-0.022021925076842308,
-0.04902230575680733,-0.004953633062541485,
-0.008935402147471905,-0.004578488413244486,
0.014264358207583427,-0.0400012731552124,
-0.01790476404130459,0.016137322410941124,
0.04128964617848396,0.015344609506428242,
-0.017854934558272362,-0.011904008686542511,
-0.0037176671903580427,0.05560838058590889,
0.028824960812926292,-0.0060406760312616825,
-0.02820710279047489,-0.017397189512848854,
0.017883650958538055,0.024503426626324654,
-0.012560933828353882,-0.00882434006780386,
-0.015613124705851078,0.010634335689246655,
-0.022440925240516663,0.004735737573355436,
0.00016464390500914305,0.02633093297481537,
-0.021685106679797173,0.0015112863620743155,
-0.014117464423179626,-0.0008523086435161531,
0.002320842584595084,0.025068078190088272,
0.02806955762207508,0.007818075828254223,
-0.01101330853998661,-0.002747734310105443,
0.013472437858581543,-0.021143687888979912,
-0.03217785805463791,0.005779907573014498,
0.023600198328495026,0.03530136123299599,
0.02295118384063244,-0.007840706966817379,
-0.010519841685891151,0.009297125972807407,
-0.002089777961373329,0.016897128894925117,
0.0014405567198991776,0.018870452418923378,
0.021139655262231827,-0.010361507534980774,
0.006160123273730278,0.010550729930400848,
0.03221189230680466,0.004189318511635065,
-0.031730104237794876,-0.01331351324915886,
-0.013437306508421898,-0.01466803066432476,
0.02639315091073513,-0.008066460490226746,
-0.03518607094883919,-0.004160684067755938,
0.018755026161670685,-0.002054975600913167,
0.0043059042654931545,0.0064956690184772015,
0.00875977985560894,0.00968199409544468,
0.0036838557571172714,0.01847214065492153,
0.017559794709086418,-0.009265373460948467,
0.03785156086087227,0.036926403641700745,
9.846477041719481e-05,-0.032839708030223846,
-0.036666080355644226,0.015667367726564407,
-0.003487870329990983,-0.00912325456738472,
-0.03984450548887253,-0.00763371866196394,
0.005449135322123766,0.0014398018829524517,
-0.015105503611266613,0.029909644275903702,
-0.029961401596665382,0.01019316166639328,
-0.00842085387557745,0.006362222600728273,
0.003945010248571634,0.020444827154278755,
-0.0033589003141969442,0.0048376950435340405,
0.020259523764252663,0.01732473261654377,
0.009522952139377594,0.02212720550596714,
-0.021484320983290672,-0.029424035921692848,
-0.027730753645300865,-0.006237715482711792,
-0.004100354388356209,0.003426054958254099,
-0.03198318928480148,-0.0021619463805109262,
-0.029822153970599174,-0.024182694032788277,
0.017063794657588005,-0.009937453083693981,
0.022702137008309364,-0.004263168666511774,
0.020777355879545212,0.007371847052127123,
-0.03520559147000313,0.04430932179093361,
0.020424526184797287,0.026308678090572357,
0.026023156940937042,0.0076812272891402245,
-0.056762732565402985,-0.013475711457431316,
0.0128200463950634,-0.008093733340501785,
-0.003770680632442236,0.017628636211156845,
-0.010651474818587303,0.024906959384679794,
-0.03837272897362709,0.02997385896742344,
0.02237183414399624,0.007272078189998865,
-0.007150939200073481,-0.002858551451936364,
-0.025366561487317085,0.001580356853082776,
0.005026789847761393,-0.041135963052511215,
0.025177840143442154,0.007897800765931606,
-0.0006214383756741881,0.007832664065063,
-0.0009730407618917525,0.025036141276359558,
0.026613295078277588,-0.0006166270468384027,
-0.022869614884257317,0.046231068670749664,
-0.0021352393086999655,0.012214538641273975,
-0.040145132690668106,-0.01777595840394497,
-0.016634227707982063,-0.023440541699528694,
-0.01335165649652481,-0.0022154792677611113,
-0.0027263483498245478,0.01117660477757454,
-0.050372183322906494,-0.012626681476831436,
-0.02098025009036064,0.04307327792048454,
-0.017234470695257187,0.01561947911977768,
-0.014133429154753685,-0.023221492767333984,
-0.030074195936322212,0.015356793999671936,
-0.017523590475320816,0.04653999209403992,
0.008933050557971,0.009274874813854694,
-0.031363409012556076,0.01011432334780693,
-0.007422247435897589,-0.005541887599974871,
0.007004375569522381,-0.019792385399341583,
-0.019529016688466072,0.002366489963606,
0.005167816765606403,-0.007005032151937485,
-0.0002870934549719095,-0.0012008313788101077,
0.042618002742528915,0.003969199955463409,
0.002955675357952714,0.034339237958192825,
0.007718857377767563,-0.00426828395575285,
-0.04327136650681496,0.015457280911505222,
0.0065226079896092415,-0.0008108429610729218,
-0.0062967087142169476,0.011484282091259956,
0.004672567825764418,0.02208823151886463,
0.005837383214384317,0.009730366058647633,
-0.009082184173166752,-0.03804440423846245,
-0.022833094000816345,0.028871610760688782,
-0.035458169877529144,0.02487742155790329,
-0.015383641235530376,0.006586342118680477,
0.0237862691283226,0.040740616619586945,
0.018432006239891052,0.015268889255821705,
0.00014808156993240118,-0.0011594454990699887,
-0.03596498817205429,-0.014194481074810028,
0.022198360413312912,0.031745295971632004,
0.01346137560904026,0.0036606404464691877,
-0.026759646832942963,-0.0216815285384655,
-0.013260125182569027,0.004000843036919832,
-0.016732478514313698,0.01324525661766529,
0.014048500917851925,0.019591594114899635,
0.011537283658981323,-0.018315110355615616,
0.01073539163917303,-0.0004964967374689877,
0.006337075028568506,-0.03210621327161789,
0.011850602924823761,0.008812868036329746,
0.0021078146528452635,0.07934067398309708,
-0.0015971753746271133,-0.006998536176979542,
-0.035724956542253494,0.001565650338307023,
-0.005984412040561438,0.03822443634271622,
-0.028895720839500427,-0.0020507967565208673,
0.02542620338499546,-0.04558360204100609,
0.0002926900633610785,-0.05794335529208183,
-0.001826756284572184,-0.023763472214341164,
0.0008788922568783164,0.012508676387369633,
-0.003701228415593505,-0.005238798912614584,
-0.00027194450376555324,0.03242473304271698,
-0.011750570498406887,-0.017724722623825073,
0.015564662404358387,-0.0016088334377855062,
-0.015272724442183971,-0.03225355222821236,
0.008957384154200554,-0.01361797470599413,
-0.04289552941918373,-0.0011923930142074823,
-0.011866097338497639,0.043931931257247925,
0.003375038504600525,0.03694523870944977,
0.006939803250133991,0.014899633824825287,
-0.012220964767038822,0.00249287486076355,
0.015736909583210945,0.0017073595663532615,
0.009516414254903793,0.0209888257086277,
-0.03633357957005501,0.004602877423167229,
0.014062873087823391,0.024467235431075096,
0.013782702386379242,-0.015513143502175808,
0.029391204938292503,-0.0011587308254092932,
0.017193224281072617,-0.0023800935596227646,
-0.01576567441225052,0.02167961373925209,
0.01013006828725338,0.006457079667598009,
0.04640495032072067,0.011315284296870232,
3.287749132141471e-05,0.010401347652077675,
-0.03440302982926369,0.01194276474416256,
0.012245296500623226,0.0006779517862014472,
0.016904491931200027,0.037159040570259094,
-0.0025759462732821703,-0.014108688570559025,
-0.001276290393434465,0.02866106480360031,
-0.015655111521482468,-0.02501208707690239,
0.008655774407088757,0.000637638964690268,
-0.011591289192438126,0.02807234786450863,
0.01571980118751526,0.002556804334744811,
-0.02324574626982212,0.019939562305808067,
0.008088679052889347,-0.007729533594101667,
0.006832717917859554,-0.03742578625679016,
-0.014286463148891926,-0.02467116340994835,
-0.04085050895810127,0.009202920831739902,
0.0048915003426373005,0.015712592750787735,
0.02214595302939415,-0.009423593059182167,
-0.012977615930140018,-0.03219792991876602,
0.013830164447426796,0.00023887946736067533,
-0.01408207044005394,0.013487384654581547,
0.010517888702452183,0.0007654099608771503,
0.02150154672563076,-0.044886454939842224,
0.010712094604969025,0.0064285132102668285,
-0.021776529029011726,0.00033011118648573756,
-0.0025769604835659266,-0.05265103280544281,
0.001399543834850192,0.008914832025766373,
-0.0031966459937393665,-0.003145443042740226,
-0.022320494055747986,-0.04614502936601639,
-0.03312916308641434,-0.02523903362452984,
-0.05360933765769005,0.021462837234139442,
0.018555769696831703,0.005364450626075268,
-0.025993380695581436,0.010810896754264832,
0.022445835173130035,-0.028308209031820297,
-0.007719824090600014,0.04754721373319626,
0.02064642868936062,-0.0024420972913503647,
-0.008172760717570782,-0.005396085325628519,
0.00807498674839735,-0.028813308104872704,
-0.06025708094239235,-0.01035627443343401,
0.0031838100403547287,0.05380852147936821,
-0.00354316970333457,0.03838854283094406,
-0.008376246318221092,-0.006773880682885647,
-0.013484028168022633,0.0027378289960324764,
0.002623320324346423,-0.002691590925678611,
-0.009894615970551968,0.015853796154260635,
0.008020087145268917,-0.006639500148594379,
-0.04050202667713165,-0.015770580619573593,
-0.0026762287598103285,-0.009332156740128994,
-0.02118038199841976,-0.0013970115687698126,
0.054875027388334274,-0.03227032721042633,
-0.032695408910512924,0.018808957189321518,
-0.0017753351712599397,0.02553001046180725,
-0.014060111716389656,0.025397606194019318,
0.0010530519066378474,-0.0569794625043869,
-0.02458190731704235,0.027685469016432762,
0.01485487911850214,0.015262451022863388,
-0.029378514736890793,0.012543619610369205,
0.013318647630512714,-0.020720768719911575,
-0.03239396959543228,0.007857267744839191,
-0.05096522346138954,0.021749887615442276,
-0.008149285800755024,-0.003551095724105835,
-0.026903072372078896,-0.012491697445511818,
-0.016499416902661324,-0.006532767787575722,
0.006856272928416729,-0.032378893345594406,
-0.01482831034809351,0.034622400999069214,
-0.006557323969900608,0.02347267046570778,
0.009244103915989399,-0.026324402540922165,
0.00483669200912118,0.014390560798346996,
-0.0030989092774689198,-0.03187629580497742,
-0.003366815624758601,0.008692888543009758,
-0.03462729603052139,0.008749001659452915,
0.0067010605707764626,0.036286987364292145,
0.010346954688429832,0.011405286379158497,
-0.025495018810033798,-0.03049847111105919,
-0.03633829951286316,0.004810929764062166,
-0.019336840137839317,-0.007780503015965223,
-0.00636653695255518,-0.011252472177147865,
-0.0008438704535365105,-0.01459527388215065,
-0.02734050713479519,-2.5149265638901852e-05,
-0.014051073230803013,-0.010240504518151283,
0.026358820497989655,-0.006052595563232899,
0.015587608329951763,-0.0014573720982298255,
-0.02608129195868969,-0.000587720307521522,
0.022734910249710083,0.026418128982186317,
0.004745536018162966,0.010798871517181396,
-0.032916199415922165,-0.023861322551965714,
0.008040698245167732,0.02749018929898739,
-0.02619349956512451,-0.010844281874597073,
-0.01117325946688652,0.02676893211901188,
0.016991138458251953,0.032046522945165634,
0.019945744425058365,-0.0010351912351325154,
0.0050423406064510345,0.014570193365216255,
0.027097919955849648,0.01843154989182949,
0.015981705859303474,-0.017933068796992302,
-0.006380394566804171,0.007399973459541798,
0.013598471879959106,0.02806253358721733,
-0.03596585616469383,-0.02157730981707573,
0.022450080141425133,0.008196130394935608,
-0.023819686844944954,-0.009950056672096252,
-0.016646284610033035,-0.04584778472781181,
-0.0044607073068618774,0.0001345903001492843,
0.02092018723487854,-0.022591108456254005,
-0.005801450926810503,-0.01885516196489334,
0.007064595818519592,0.024040615186095238,
-0.02974422462284565,-0.03584178909659386,
-0.0018669097917154431,-0.005000181496143341,
0.0026526341680437326,0.034903645515441895,
0.011317740194499493,-0.01708676852285862,
-0.007649916224181652,-0.0043829865753650665,
-0.010559339076280594,0.0224252138286829,
0.0035869337152689695,-0.030122971162199974,
-0.03940923511981964,-0.01284234318882227,
0.006992559880018234,-0.04773407801985741,
-0.018516380339860916,0.01839984953403473,
-0.04166509956121445,0.0037502588238567114,
-0.02885238267481327,-0.002954566851258278,
0.000346819608239457,-0.0009972667321562767,
0.049463968724012375,-0.023406092077493668,
0.011753890663385391,-0.01854408159852028,
0.022747665643692017,0.013184141367673874,
0.043225422501564026,-0.028546834364533424,
-0.01183778140693903,-0.012212675996124744,
0.014396965503692627,0.023963017389178276,
0.005203997250646353,-0.005854850634932518,
-0.009628517553210258,-0.015232882462441921,
-0.03378009423613548,-0.011765459552407265,
-0.006788585335016251,0.005251934286206961,
0.009935415349900723,0.020659103989601135,
0.03860568627715111,-0.008681772276759148,
0.013805178925395012,-0.030330069363117218,
0.02468891441822052,-0.052740901708602905,
0.011248685419559479,0.021431351080536842,
0.022882729768753052,0.02836248092353344,
-0.0004928388516418636,0.004614804405719042,
0.004695780575275421,0.03809189423918724,
-0.030190814286470413,-0.007661687210202217,
-0.022402621805667877,-0.008490148931741714,
-0.020252322778105736,-0.008266033604741096,
0.0008588485652580857,-0.004821292124688625,
0.022048508748412132,0.04419488087296486,
0.01207040436565876,0.006470653228461742,
-0.0057952385395765305,-0.011651884764432907,
-0.02385154366493225,-0.000814607716165483,
0.009517263621091843,0.007231919094920158,
0.015271414071321487,0.04044736921787262,
-0.010044075548648834,-0.009370620362460613,
0.01824565790593624,-0.037829842418432236,
0.01674836128950119,-0.05799832567572594,
0.014380606822669506,-0.005609989631921053,
0.025167478248476982,0.004916495643556118,
-0.029948119074106216,-0.02030215971171856,
0.027412094175815582,-0.005349172279238701,
-0.0045292736031115055,0.002275052247568965,
-0.02585335075855255,-0.046012166887521744,
0.04803472384810448,-0.020839212462306023,
0.001913471962325275,0.014506848528981209,
-0.008603481575846672,0.04110468924045563,
0.011658387258648872,-0.008906959556043148,
0.03583122417330742,0.004248230252414942,
0.023548195138573647,-0.0010789675870910287,
0.001496815704740584,0.007515640463680029,
-0.006491708569228649,0.02711796760559082,
0.021578991785645485,-0.0347144715487957,
-0.04489602893590927,-0.02996373176574707,
0.0118889594450593,-0.04268208518624306,
0.0009470542427152395,0.015262126922607422,
-0.022209689021110535,-0.012038837186992168,
0.005189113784581423,-0.0011964874574914575,
-0.01568804495036602,-0.02020399458706379,
-0.006896646227687597,-0.01871548593044281,
0.00197710283100605,0.007998175919055939,
-0.009808498434722424,0.0007427276577800512,
0.0036624751519411802,-0.025631411001086235,
-0.0019481241470202804,0.010827426798641682,
-0.017868144437670708,-0.005230896174907684,
-0.028784163296222687,0.032091688364744186,
0.02429422363638878,-0.007112272549420595,
-0.02465914934873581,0.010577873326838017,
-0.03475884348154068,0.03365392982959747,
0.013397378847002983,0.014517061412334442,
0.0001356019201921299,0.008538598194718361,
0.015160873532295227,0.012635917402803898,
-0.0031706285662949085,0.04611558839678764,
-0.0016085656825453043,-0.014479100704193115,
-0.007416431326419115,-0.016688883304595947,
0.031636204570531845,0.009145968593657017,
0.024394318461418152,0.0025500268675386906,
-0.011480242013931274,-0.015223143622279167,
-0.029397783800959587,0.04705461487174034,
0.023609383031725883,-0.0008883143891580403,
-0.013935627415776253,0.024580013006925583,
0.008707004599273205,-0.04507403075695038,
0.0181729719042778,-0.033715564757585526,
-0.03114367090165615,0.019992360845208168,
-0.0012359620304778218,-0.03414526209235191,
-0.002759812166914344,0.009321091696619987,
-0.0063482653349637985,0.04012729600071907,
-0.0011672609252855182,0.002329196548089385,
-0.019234230741858482,0.008673476986587048,
0.00430777482688427,0.009467002004384995,
0.03134363517165184,0.03103192336857319,
0.013525190763175488,-0.00041646126192063093,
-0.04364751651883125,0.005372036248445511,
0.03376074507832527,-0.007609196938574314,
0.014329476282000542,0.011421876028180122,
0.01747393235564232,-0.04475613310933113,
0.07029258459806442,0.002097518416121602,
-0.043731071054935455,0.008604725822806358,
0.04528709873557091,0.037517089396715164,
0.024273378774523735,-0.005409352481365204,
-0.03930293396115303,-0.025619320571422577,
0.02663503587245941,0.010744309984147549,
-0.012254583649337292,0.01309181097894907,
-0.014902550727128983,0.005619086790829897,
0.019324081018567085,0.023186853155493736,
-0.009020708501338959,0.02119583636522293,
-0.055333495140075684,-0.03295757994055748,
0.011379734613001347,0.004738200455904007,
-0.039077028632164,0.008929564617574215,
0.008229715749621391,0.0007479260093532503,
-0.020702606067061424,-0.00350259430706501,
0.0030460567213594913,0.03607906401157379,
-0.026729077100753784,-0.005050769541412592,
-0.013890097849071026,-0.01588994823396206,
-0.02062063105404377,0.00762228574603796,
0.025812264531850815,-0.006765640340745449,
-0.02228732965886593,-0.002834749175235629,
-0.030142374336719513,-0.016436563804745674,
-0.020665256306529045,-0.006937186699360609,
0.0016067461110651493,0.004800193943083286,
0.057804401963949203,-0.018203431740403175,
0.04093319550156593,0.04789202660322189,
-0.028411773964762688,0.004752206616103649,
-0.030322842299938202,-0.013526707887649536,
0.016722092404961586,-0.007628260180354118,
0.0495523065328598,0.040265344083309174,
-0.01841389387845993,-0.04365093261003494,
0.044027239084243774,-0.022356154397130013,
0.019369833171367645,0.013962339609861374,
0.01554799359291792,0.010609421879053116,
0.017397694289684296,0.03474351018667221,
-0.017698917537927628,0.003845290746539831,
0.001191300805658102,-0.023320971056818962,
0.05694662779569626,-0.01566513068974018,
-0.015967106446623802,-0.015509073622524738,
-0.03272027522325516,-0.01189408265054226,
-0.011106176301836967,-0.0005536127719096839,
-0.020259171724319458,-0.0012861830182373524,
0.023527609184384346,-0.02717459574341774,
0.030812304466962814,0.014477315358817577,
0.00434904545545578,-0.011424409225583076,
-0.015585319139063358,0.050549644976854324,
-0.02273053489625454,0.027445321902632713,
0.0006650801515206695,0.02671198919415474,
-0.005954276770353317,0.02630656026303768,
0.01068983506411314,-0.014331729151308537,
0.010664966888725758,-0.008476442657411098,
-0.02310503087937832,0.006644342094659805,
-0.006618214771151543,0.0016280465060845017,
-0.02997509017586708,-0.03222837671637535,
-0.013541619293391705,0.01652424782514572,
0.003770212410017848,0.005315340589731932,
-0.0021852252539247274,0.045794010162353516,
0.007589245680719614,-0.026884112507104874,
0.019162768498063087,-0.028301862999796867,
-0.052397824823856354,0.023767458274960518,
0.020807316526770592,-0.006277746520936489,
0.006869608070701361,0.03127790614962578,
-0.03392036259174347,-0.013499187305569649,
0.038757793605327606,-0.009135954082012177,
0.0006356047815643251,-0.009142627008259296,
-0.017554352059960365,0.007140031550079584,
-0.009725121781229973,-0.03220535069704056,
0.0023572146892547607,0.006344748195260763,
0.0034874894190579653,0.009039980359375477,
0.024848446249961853,-0.01599324308335781,
0.005223728250712156,-0.007495086640119553,
0.021932365372776985,-0.022377407178282738,
-0.0042124236933887005,-0.016197379678487778,
0.005452536977827549,-0.007561829872429371,
-0.0046022566966712475,-0.046421680599451065,
-0.005192689597606659,-0.00939362682402134,
0.017643151804804802,0.016754543408751488,
0.020237833261489868,-0.006649544462561607,
0.045357201248407364,-0.013769222423434258,
0.030518677085638046,0.025228392332792282,
-0.022837355732917786,-0.03270338103175163,
0.0018911730730906129,0.009073030203580856,
-0.02723776362836361,0.009615383110940456,
0.010078917257487774,0.013659420423209667,
-0.004083548206835985,0.034157998859882355,
-0.0030398163944482803,0.006195936817675829,
0.027665939182043076,-0.004290990997105837,
0.038301702588796616,0.009116929024457932,
0.023526836186647415,0.04975046217441559,
0.0014924138085916638,-0.008619747124612331,
0.023488564416766167,-0.007228986360132694,
-0.03081526979804039,0.013587976805865765,
0.02122403122484684,-0.04933258518576622,
0.015894459560513496,0.020088810473680496,
0.02154068648815155,0.0044073062017560005,
0.01093991007655859,0.01740255020558834,
0.02775280922651291,0.005306383594870567,
0.005448565352708101,0.00826787855476141,
0.010159924626350403,-0.016848428174853325,
0.000490395410452038,-0.03508792817592621,
0.0012275069020688534,-0.036234378814697266,
-0.053570456802845,-0.04131587967276573,
-0.003249060595408082,0.005899354815483093,
0.0157812237739563,-0.00320329237729311,
-0.03861767798662186,0.02363312803208828,
0.012539438903331757,0.01759963110089302,
0.020159557461738586,-0.01244836114346981,
0.014583428390324116,-0.011981791816651821,
0.013651343993842602,0.019475147128105164,
-0.01976744271814823,0.041746724396944046,
-0.004760902840644121,-0.022734489291906357,
-0.010840199887752533,0.040462471544742584,
0.01791844516992569,-0.00929575227200985,
-0.021518738940358162,-0.006909457501024008,
-0.009696734137833118,-0.040810007601976395,
-0.004377780482172966,0.031673915684223175,
0.010038701817393303,0.03415030986070633,
-0.019611436873674393,-0.04122938588261604,
0.017716307193040848,0.008157240226864815,
0.03307957947254181,-0.019259274005889893,
0.043645020574331284,-0.02620157226920128,
-0.009438224136829376,0.015523208305239677,
-0.02264421619474888,0.020084816962480545,
0.038258589804172516,-0.03733871877193451,
-0.008506117388606071,-0.001661737565882504,
0.00654840050265193,-0.024068180471658707,
0.0015503051690757275,0.04333241283893585,
-0.004149831365793943,0.04666468873620033,
0.029661186039447784,0.021144982427358627,
0.030447280034422874,-0.009051487781107426,
0.003680562134832144,-0.014424415305256844,
0.025285176932811737,-0.02138412557542324,
0.0030476958490908146,-0.007100783754140139,
0.055521685630083084,-0.015106309205293655,
-0.006722931284457445,0.015711406245827675,
-0.006196615751832724,-0.0204387865960598,
0.03748001158237457,-0.02774965390563011,
-0.017679037526249886,-0.0006056918064132333,
-0.015069211833178997,-0.015321663580834866,
0.037579942494630814,0.016571955755352974,
0.0075443764217197895,-0.017972879111766815,
-0.06160282716155052,0.005383145995438099,
-0.023489264771342278,0.004753599874675274,
0.024090345948934555,0.030924798920750618,
-0.004575840663164854,-0.009965145029127598,
-0.0033389839809387922,-0.015487557277083397,
0.008024133741855621,-0.029195427894592285,
0.009263301268219948,0.014023900963366032,
0.005817322060465813,-0.011859258636832237,
0.014234350994229317,0.035601455718278885,
0.012143065221607685,-0.02095877192914486,
0.014998876489698887,0.018675632774829865,
0.004386971704661846,-0.018326621502637863,
-0.007448144722729921,0.03450891748070717,
-0.015192747116088867,-0.003278278512880206,
-0.02091831900179386,0.008868059143424034,
0.018922381103038788,0.010993619449436665,
0.001195927383378148,0.011833487078547478,
0.020342543721199036,0.0032490843441337347,
0.03318727761507034,-0.006226725876331329,
0.023124679923057556,0.022147858515381813,
-0.01266612857580185,-0.00012295534543227404,
0.0271224994212389,0.00585744297131896,
0.005451455246657133,-0.023775622248649597,
0.023112336173653603,0.017663199454545975,
-0.005595948081463575,-0.025036858394742012,
0.0067335679195821285,0.022573092952370644,
-0.01708708144724369,-0.0003232599701732397,
0.034025125205516815,0.01513991691172123,
0.02254772000014782,0.01993851736187935,
-0.04604093357920647,-0.012617599219083786,
-0.006129693239927292,-0.01705913245677948,
-0.021411893889307976,-0.003066098550334573,
0.002804831601679325,-0.005602135322988033,
0.01755581982433796,0.008670037612318993,
-0.006363498512655497,-0.015109649859368801,
0.008048046380281448,0.0034391209483146667,
0.0428440161049366,-0.0077820513397455215,
0.003451187629252672,-0.0038306356873363256,
0.005690820049494505,-0.01703655906021595,
0.006381426006555557,-0.008548889309167862,
-0.022283736616373062,-0.0014470183523371816,
-0.03321683034300804,0.020304635167121887,
-0.03299858793616295,0.02919667586684227,
0.03818698227405548,-0.016747619956731796,
-0.008052625693380833,0.005350214429199696,
-0.03645374998450279,0.01285281591117382,
-0.006676626391708851,-0.00428301515057683,
0.0010742960730567575,0.004537288099527359,
0.023648487403988838,0.0020470013841986656,
0.0030499238055199385,0.011427005752921104,
0.025029169395565987,-0.009188054129481316,
-0.023912236094474792,-0.005435154773294926,
0.002936003031209111,-0.019504699856042862,
0.0031491294503211975,0.014965448528528214,
0.0054794615134596825,-0.01627267710864544,
0.006393532734364271,0.028495050966739655,
-0.032300736755132675,-0.004688998218625784,
0.05193910375237465,0.019012635573744774,
-0.049711648374795914,0.02866719290614128,
-0.02297521010041237,-0.040940020233392715,
-0.0035078353248536587,-0.029946360737085342,
-0.010264890268445015,-0.022368846461176872,
0.017881566658616066,-0.0043038357980549335,
0.012273234315216541,-0.02001558616757393,
-0.0006503845215775073,-0.019310373812913895,
0.006267273798584938,0.018393635749816895,
0.04507952556014061,-0.0066033764742314816,
5.81748754484579e-05,0.028015684336423874,
-0.0031701403204351664,0.01525469683110714,
0.003917460795491934,-0.03389211744070053,
-0.020756512880325317,0.00041551049798727036,
0.01843569613993168,0.017221922054886818,
-0.0019691381603479385,-0.01988159865140915,
-0.04466795176267624,-0.05560293048620224,
0.04049579054117203,-0.061378370970487595,
0.03181127458810806,0.0073784636333584785,
-0.026726245880126953,0.022581132128834724,
0.01961234211921692,0.021386243402957916,
0.009966331534087658,-0.0328681655228138,
0.04953228309750557,-0.007757583167403936,
0.002158990129828453,0.017452329397201538,
0.019150912761688232,-0.008878163993358612,
-0.002587361726909876,0.001332510495558381,
0.004689292050898075,0.018630778416991234,
-0.012986245565116405,-0.029100431129336357,
0.0029579049441963434,-0.02579217217862606,
0.002010319847613573,-0.020227061584591866,
-0.02574695274233818,-0.009022385813295841,
-0.005281767342239618,0.004450657404959202,
-0.004911971278488636,0.026294702664017677,
-0.002725125290453434,0.02299169823527336,
0.025418981909751892,0.033350009471178055,
0.030214019119739532,-0.0023678424768149853,
-0.02118406817317009,0.011424477212131023,
0.03658872842788696,-0.012290327809751034,
0.007272058166563511,0.04530959576368332,
0.039507947862148285,-0.01113868784159422,
-0.017814844846725464,0.04754627123475075,
-0.032823897898197174,0.027482254430651665,
-0.008170061744749546,-0.014215009286999702,
-0.04121791943907738,0.022121619433164597,
-0.0034326082095503807,0.026268944144248962,
-0.011686112731695175,-0.029390480369329453,
-0.033202484250068665,-0.0012342724949121475,
-0.01674780249595642,-0.015586908906698227,
0.0009103221818804741,0.018560459837317467,
0.013161771930754185,0.037704527378082275,
0.017539985477924347,0.03981330990791321,
0.0013276333920657635,-0.025042084977030754,
0.03735737130045891,0.013835158199071884,
-0.011903485283255577,-0.023947903886437416,
0.002276783809065819,-0.021521970629692078,
-0.027774646878242493,0.011912261135876179,
-0.025746339932084084,0.006121782120317221,
-0.00738845719024539,-0.005755241494625807,
-0.005967774428427219,-0.015877749770879745,
-0.013935926370322704,0.014195757918059826,
0.017260463908314705,-0.009551167488098145,
0.01848415471613407,-0.006424331571906805,
0.003522804705426097,0.008174959570169449,
-0.026475654914975166,0.0055808150209486485,
0.00534984702244401,-0.021357616409659386,
0.0006583516951650381,0.014217732474207878,
0.0262497179210186,0.01964038610458374,
-0.014190668240189552,-0.0019795699045062065,
-0.003096160013228655,0.01907244510948658,
-0.013163174502551556,-0.01001235656440258,
0.008965911343693733,0.007792078424245119,
0.023763418197631836,-0.001689126598648727,
0.04178661108016968,-0.02118872106075287,
-0.011669598519802094,-0.006094852928072214,
-0.03298062086105347,0.0037216688506305218,
0.01402564998716116,0.008023370057344437,
0.010999875143170357,0.024707991629838943,
0.002044320572167635,-0.012779650278389454,
0.016038810834288597,-0.01427406631410122,
-0.034320008009672165,0.018068255856633186,
-0.025508087128400803,-0.0014597381232306361,
-0.002695789560675621,-0.026604991406202316,
0.030517911538481712,-0.012520586140453815,
-0.04347502812743187,0.032863616943359375,
-0.008293142542243004,-0.005275906529277563,
0.0017462980467826128,0.005420700181275606,
-0.0042786248959600925,0.015010295435786247,
0.023201053962111473,0.020703047513961792,
0.020205259323120117,-0.009345399215817451,
0.018469996750354767,-0.0351245254278183,
-0.024731971323490143,0.005594850517809391,
0.01021829154342413,-0.04398587718605995,
-0.04661697521805763,-1.390873239870416e-05,
0.036643706262111664,0.01911206543445587,
0.009795048274099827,-0.004443086683750153,
0.044222209602594376,-0.012783069163560867,
0.012845844030380249,-0.03604117035865784,
-0.02766849473118782,-0.013361625373363495,
0.016837822273373604,-0.003300588810816407,
-0.016803326085209846,-0.034885223954916,
-0.01916317641735077,0.002701209858059883,
-0.0038410925772041082,-0.019817885011434555,
0.004494811408221722,0.01757880672812462,
-0.03996698930859566,0.021540241315960884,
-0.02276090905070305,0.010384408757090569,
-0.00888466089963913,0.03165224567055702,
0.0014713278505951166,0.011513188481330872,
-0.015286709181964397,0.002438895171508193,
-0.01362167950719595,-0.014458107762038708,
-0.03263446316123009,-0.005568906664848328,
0.016156231984496117,-0.011661115102469921,
-0.019455691799521446,0.010861995629966259,
-0.014747511595487595,-0.021836740896105766,
0.0039015188813209534,0.0026344398502260447,
-0.00722216721624136,-0.008438014425337315,
-0.03347248211503029,-0.020432135090231895,
0.016841961070895195,0.012251376174390316,
0.032358113676309586,0.010833818465471268,
0.0034791824873536825,0.010937963612377644,
0.0010724191088229418,0.02820771373808384,
0.01127807330340147,0.006445453502237797,
0.010200154967606068,0.021077657118439674,
-0.003430029610171914,0.02656453847885132,
-0.02390829287469387,-0.05860094726085663,
-0.012936323881149292,0.02360665798187256,
-0.005097227171063423,-0.021652381867170334,
-0.014495516195893288,0.0064302305690944195,
-0.029883798211812973,0.015927758067846298,
-0.021359236910939217,-0.005409933626651764,
0.0005086289602331817,0.01935954950749874,
-0.04476051777601242,0.004848158918321133,
0.008808952756226063,-0.012739655561745167,
0.02421136386692524,0.01249532587826252,
-0.02716071344912052,0.008736476302146912,
0.01836227998137474,0.006732937879860401,
0.0066537135280668736,0.02530602551996708,
-0.006104692351073027,-0.013877060264348984,
-0.01457905862480402,-0.025433780625462532,
0.03799520805478096,-0.006508097518235445,
-0.0061842226423323154,-0.01338986773043871,
-0.06319219619035721,-0.0021217651665210724,
0.009400241076946259,-0.00131745426915586,
0.0013691402273252606,2.5658625872893026e-06,
0.03064877912402153,0.008177747018635273,
0.0067593189887702465,-0.006848155986517668,
-0.01689191348850727,-0.0036934800446033478,
0.016835017129778862,-0.0032649461645632982,
-0.0036776012275367975,-0.004874127451330423,
0.011509266681969166,0.005013972520828247,
0.03513478860259056,-0.033936772495508194,
-0.0350583977997303,-0.04278184100985527,
0.0005009857704862952,0.015180756337940693,
0.020945360884070396,0.004908914212137461,
-0.01056708861142397,0.019789665937423706,
0.033628273755311966,-0.013888134621083736,
0.0006804329459555447,-0.0524260587990284,
-0.025723308324813843,-0.009116857312619686,
0.02916293404996395,0.011294936761260033,
-0.03146236017346382,0.007132474333047867,
-0.04695196822285652,0.011384758166968822,
-0.022150754928588867,0.026710091158747673,
-0.04804108291864395,0.015911834314465523,
0.01645803637802601,-0.02581675350666046,
0.013317372649908066,-0.036951351910829544,
-0.03051673248410225,-0.005902740638703108,
0.04476133733987808,0.0034812253434211016,
0.01866169273853302,0.03624308481812477,
-0.014556028880178928,-0.016359377652406693,
-0.051673825830221176,0.03469454124569893,
0.016940290108323097,-0.017573293298482895,
-0.021549435332417488,-0.007880103774368763,
-0.04387573152780533,0.03274037688970566,
-0.011743683367967606,0.003382783615961671,
-0.02060280740261078,-0.006305362097918987,
-0.028738535940647125,0.029079655185341835,
-0.03446263447403908,0.02646760083734989,
0.0007093399181030691,-0.002384630963206291,
-0.024774720892310143,-0.005349359475076199,
-0.018680855631828308,-0.0063650342635810375,
-0.025612659752368927,0.027395853772759438,
0.013233921490609646,0.0024862720165401697,
-0.002258442575111985,-0.031264740973711014,
-0.015551149845123291,0.005772078409790993,
-0.017229778692126274,0.020266210660338402,
0.00319836288690567,-0.017783768475055695,
-0.006428243592381477,0.008726864121854305,
0.019321490079164505,-0.026236968114972115,
0.0011441727401688695,0.014499579556286335,
-0.015081178396940231,-0.0039370739832520485,
-0.016995521262288094,0.014374102465808392,
0.03550071269273758,-0.01900777779519558,
0.025586087256669998,0.0006586245726794004,
-0.004547170829027891,0.015208923257887363,
0.009000828489661217,0.017602985724806786,
-0.008274013176560402,0.008355177938938141,
0.03700125589966774,-0.010023602284491062,
-0.03396860137581825,0.01547172013670206,
-0.01117908488959074,-0.016026314347982407,
0.00018003853620029986,0.009904934093356133,
0.01248391903936863,0.002352223265916109,
-0.004388091154396534,0.02572815865278244,
0.04758445546030998,-0.006116541568189859,
0.00844067707657814,-0.03631262481212616,
0.01344378013163805,-0.007547411136329174,
0.007684401702135801,-0.009807756170630455,
-0.0046152640134096146,0.006166175473481417,
-0.022648682817816734,0.003440439933910966,
-0.02049317955970764,-0.007385925389826298,
0.011383486911654472,0.013008397072553635,
-0.004395594354718924,-0.01211312785744667,
0.006261012516915798,0.002300771651789546,
-0.04296751692891121,0.014586160890758038,
0.009781915694475174,0.0002601805026642978,
0.0031230978202074766,0.001494762604124844,
0.00041512164170853794,-0.006541037932038307,
-0.026667261496186256,-0.04316168650984764,
-0.007167645264416933,-0.02517971768975258,
-0.0060153501108288765,-0.008923564106225967,
0.000571953714825213,-0.011370491236448288,
0.02927287667989731,0.030638577416539192,
0.008184102363884449,-0.037350136786699295,
-0.03486695885658264,0.01608743518590927,
0.040692754089832306,0.007641365751624107,
0.010341773740947247,-0.009186755865812302,
0.019636821001768112,0.022358588874340057,
-0.024738550186157227,0.007547988090664148,
0.021370019763708115,-0.03166530653834343,
-0.0021261817310005426,-0.025476671755313873,
-0.02997320517897606,-0.008110614493489265,
0.01274054404348135,0.007864641025662422,
0.0011845595436170697,0.01385106984525919,
-0.0065814172849059105,-0.024219533428549767,
-0.012303965166211128,-0.013486409559845924,
-0.016694800928235054,-0.04016989842057228,
-0.04189253970980644,0.015151113271713257,
0.0419493094086647,-0.0012191315181553364,
0.017464686185121536,-0.04234703257679939,
-0.02489442564547062,-0.03951174393296242,
-0.0033440166153013706,0.05071093887090683,
0.015807120129466057,-0.0065720598213374615,
-0.006842633709311485,0.02298380434513092,
-0.0286134984344244,0.01705462485551834,
-0.009672211483120918,-0.010456874966621399,
0.005129441153258085,-0.03252096101641655,
-0.0018417637329548597,0.026126699522137642,
-0.01560407318174839,0.01465819962322712,
0.017765162512660027,-0.027213018387556076,
-0.010049005970358849,-0.0033930842764675617,
-0.02549639903008938,0.018802370876073837,
-0.024660339578986168,0.0018301061354577541,
-0.038502585142850876,0.005223988089710474,
0.009261146187782288,-0.03576518967747688,
0.00914804544299841,-0.019901452586054802,
-0.019705859944224358,0.019824093207716942,
-0.0078074270859360695,0.010311548598110676,
0.027099164202809334,-0.015904417261481285,
0.030337054282426834,0.0015850585186854005,
-0.004008808173239231,0.024823633953928947,
-0.005839628167450428,0.006239499896764755,
0.01909489743411541,-0.006681513506919146,
0.004694740753620863,-9.559518366586417e-05,
-0.04431074112653732,0.0071665202267467976,
0.01594476029276848,-0.022503461688756943,
-0.013472325168550014,-0.022439174354076385,
-0.0023233701940625906,0.033714406192302704,
0.016833219677209854,-0.007218949496746063,
0.025868969038128853,-0.0012510123196989298,
0.004628634080290794,-0.011369015090167522,
0.00017346214735880494,-0.000212428902159445,
0.02757306583225727,0.033456236124038696,
0.009601488709449768,0.038423195481300354,
-0.0037425823975354433,0.01869487203657627,
0.0023714813869446516,0.02592293731868267,
0.020683003589510918,0.015477888286113739,
-0.011075662449002266,0.011365088634192944,
-0.05108985677361488,-0.020300209522247314,
0.00699995644390583,0.024682002142071724,
-0.01779375597834587,0.009144231677055359,
0.021775247529149055,0.024396970868110657,
0.035236652940511703,0.005410744808614254,
-0.004452285822480917,-0.00310592376627028,
-0.045950718224048615,0.018667519092559814,
-0.02509581297636032,-0.0006775467772968113,
0.00489088473841548,0.014498259872198105,
-0.05782648175954819,0.0042601944878697395,
0.029684016481041908,-0.004923563450574875,
-0.029225103557109833,0.014689061790704727,
-0.043906744569540024,0.03686482459306717,
0.004165137652307749,-0.001480009639635682,
-0.05084087699651718,0.029798073694109917,
0.02214168570935726,0.02734784595668316,
-0.03754836320877075,0.017971571534872055,
-0.023253917694091797,-0.024403367191553116,
0.07406619191169739,-0.03083285503089428,
0.013753322884440422,0.02028024196624756,
-0.003287034574896097,-0.00106066616717726,
-0.010594050399959087,0.036940280348062515,
-0.01378401555120945,0.005477492231875658,
-0.017064865678548813,0.011911056004464626,
0.021610010415315628,0.011562521569430828,
0.028790026903152466,0.03619964420795441,
0.006253669038414955,0.03509609028697014,
0.01235723216086626,-0.042139939963817596,
-0.010159020312130451,0.005311921704560518,
0.013835787773132324,0.0241281408816576,
-0.006249179597944021,0.03814803808927536,
-0.030872410163283348,-0.016638701781630516,
-0.03302330523729324,0.006274942774325609,
0.020357690751552582,0.013659150339663029,
0.005496378056704998,0.004050934221595526,
-0.0015758068766444921,0.024407178163528442,
0.012239282950758934,-0.004242673050612211,
-0.013632774353027344,0.0022268935572355986,
0.027035921812057495,0.005463992711156607,
-0.01000024750828743,-0.018606455996632576,
0.028147347271442413,0.025410041213035583,
0.014903243631124496,-0.02320977859199047,
-0.010239115916192532,0.01949256658554077,
-0.03300487622618675,-0.00318897794932127,
0.021164802834391594,-0.018524272367358208,
0.027395490556955338,-0.007270573638379574,
-0.02570856362581253,-0.02050918899476528,
-0.026663916185498238,0.005851170048117638,
0.025088181719183922,-0.04045546427369118,
-0.00022697329404763877,0.00028406913042999804,
0.011136074550449848,-0.019606446847319603,
-0.05282082036137581,0.05459703877568245,
0.010374433360993862,0.02841074764728546,
0.04018934443593025,0.02117239311337471,
0.014666296541690826,-0.0036982232704758644,
-0.01370966900140047,0.0003197193727828562,
-0.03450050950050354,0.011788107454776764,
0.0320502333343029,0.014501779340207577,
0.017715979367494583,0.034991368651390076,
-0.012820008210837841,0.025284890085458755,
-0.00383310136385262,-0.01934380643069744,
0.025762876495718956,-0.017940113320946693,
-0.010211804881691933,0.004287601914256811,
-0.00861270446330309,-0.01531053427606821,
-0.0072798351757228374,-0.008263816125690937,
0.027319731190800667,0.006625184789299965,
-0.048077650368213654,-0.023071516305208206,
0.037217363715171814,0.004678383935242891,
0.016366561874747276,0.013455544598400593,
0.021885663270950317,-0.017258895561099052,
-0.004593000281602144,-0.03230329975485802,
-0.019657421857118607,-0.023440856486558914,
0.016607044264674187,-0.01070586871355772,
-0.0015212902799248695,0.008973125368356705,
-0.015218707732856274,0.009597379714250565,
0.023290269076824188,-0.0519988015294075,
-0.042512841522693634,0.01963825523853302,
-0.008043965324759483,-0.04306507110595703,
-0.05599798262119293,0.03378356248140335,
0.004979163873940706,0.009491757489740849,
0.021051106974482536,-0.01856967620551586,
-0.01975031942129135,-0.044763341546058655,
0.010917788371443748,0.043463993817567825,
-0.004986159969121218,-0.010773878544569016,
0.026156775653362274,-0.01688588783144951,
0.007163496688008308,-0.007928663864731789,
-0.004801489878445864,-0.03309005871415138,
0.022497355937957764,0.018787629902362823,
0.027000008150935173,-0.012602723203599453,
-0.06171344965696335,-0.0028752076905220747,
-0.010059548541903496,0.016075558960437775,
-0.00026257612626068294,0.015697725117206573,
-0.009640322998166084,-0.012743106111884117,
-0.039535362273454666,0.021220438182353973,
-0.0008289304678328335,0.04314460977911949,
0.0032440307550132275,0.024253621697425842,
0.0002201397146563977,-0.0038933176547288895,
0.0022368982899934053,-0.025683538988232613,
-0.01622178591787815,-0.001955080544576049,
-0.01014402974396944,-0.016074782237410545,
0.00405367324128747,0.004739019554108381,
0.013975623063743114,0.0461321696639061,
0.008148495107889175,-0.012882296927273273,
0.03143690899014473,-0.06072467938065529,
0.021174050867557526,0.017639128491282463,
0.052092619240283966,-0.017490439116954803,
0.0014298915630206466,-0.021717198193073273,
0.0019431515829637647,-0.009653400629758835,
0.03007417544722557,-0.029952755197882652,
0.054479725658893585,0.04461974650621414,
0.0057693831622600555,-0.027251724153757095,
0.01708054170012474,-0.058699753135442734,
-0.0042609889060258865,0.021042805165052414,
-0.03128678724169731,0.029218774288892746,
0.014174877665936947,-0.02824086882174015,
-0.02468789368867874,-0.00472773052752018,
-0.021083174273371696,0.010541554540395737,
-0.0203706081956625,-0.04924126714468002,
0.03297816962003708,-0.0033290954306721687,
-0.025721989572048187,-0.005235384684056044,
-0.0045155119150877,0.02249007485806942,
0.05074072629213333,0.0046574752777814865,
-0.022005343809723854,-0.020574243739247322,
0.031240032985806465,-0.006801311392337084,
-0.0049919504672288895,-0.012817839160561562,
-0.030772004276514053,-0.020193977281451225,
-0.0012543387711048126,-0.022322945296764374,
-0.005470564588904381,0.0060590230859816074,
0.02167646586894989,-0.027164770290255547,
-0.01979493536055088,-0.03661927953362465,
-0.034733060747385025,-0.007683105766773224,
0.01957944966852665,-0.012616154737770557,
0.009015115909278393,-0.04762863367795944,
0.021463872864842415,-0.02268855646252632,
0.006850391160696745,0.0030712608713656664,
0.017404239624738693,-0.017522398382425308,
-0.004599491134285927,0.02227008156478405,
0.025461899116635323,0.007760368753224611,
-1.0562739589659031e-05,-0.0067999158054590225,
0.03513780236244202,-0.003520886180922389,
-0.0004822140617761761,0.010176160372793674,
0.0033543517347425222,-0.023392770439386368,
0.017100514844059944,-0.036174118518829346,
-0.010274136438965797,0.016168171539902687,
0.017835255712270737,0.0010673581855371594,
0.011175824329257011,0.024468939751386642,
-0.011036569252610207,-0.022541867569088936,
-0.005017025861889124,0.0028224624693393707,
-0.020280785858631134,-0.007091857027262449,
-0.007331228815019131,0.036061786115169525,
-0.014027731493115425,-0.004520546644926071,
-0.007872015237808228,0.0009808643953874707,
-0.01143498346209526,-0.01848076656460762,
-0.027850301936268806,0.016166426241397858,
-0.004949226509779692,-0.005470238160341978,
0.006564928684383631,0.04951388016343117,
-0.027300843968987465,0.004527851473540068,
0.02607145346701145,-0.02028064616024494,
-0.03136971965432167,0.03463779389858246,
0.008896452374756336,-0.024968164041638374,
0.005162104032933712,0.00474511319771409,
0.027784205973148346,0.016665909439325333,
-0.029249148443341255,0.005550846457481384,
-0.039927393198013306,0.022672904655337334,
0.03342771157622337,0.0023621786385774612,
0.017657428979873657,-0.013606496155261993,
-0.0032325885258615017,-0.05683085322380066,
-0.0014250552048906684,-0.027893314138054848,
0.02333209104835987,-0.012604339979588985,
-0.007331737782806158,0.005532369017601013,
0.02150016650557518,0.008070339448750019,
-0.0027648010291159153,0.031837500631809235,
-0.018808001652359962,-0.014023573137819767,
0.03343963995575905,0.0069329701364040375,
0.02412528172135353,0.008961900137364864,
0.027090122923254967,-0.0079753203317523,
0.015576941892504692,-0.00394402677193284,
-0.005488429684191942,0.03233492374420166,
0.02977093867957592,0.00798324029892683,
-0.021615048870444298,-0.03521917387843132,
-0.025949081405997276,-0.020609093829989433,
0.004366434179246426,0.021316327154636383,
0.008986338041722775,0.03825661167502403,
0.0004626376030500978,0.02666601538658142,
0.02086946927011013,-0.005022243596613407,
-0.017923614010214806,0.010561562143266201,
-0.006428565364331007,0.0037947697564959526,
-0.003798671066761017,-0.01529325358569622,
-0.03364164009690285,0.03206533193588257,
0.01450897566974163,-0.03320281580090523,
0.011106264777481556,0.03346152976155281,
-0.011964641511440277,0.015456119552254677,
0.003440885106101632,-0.007883155718445778,
-0.0005467280861921608,0.002185832243412733,
-0.02968672290444374,0.016409961506724358,
0.009809659793972969,-0.04626302048563957,
-0.0017335908487439156,0.00040015525883063674,
-0.009469651617109776,0.005442152265459299,
0.03363720700144768,0.04328378662467003,
0.016052814200520515,-0.029716726392507553,
0.03204196318984032,0.014907711185514927,
-0.03581993654370308,0.04784160852432251,
0.0027305332478135824,0.01176594477146864,
-0.0019909797701984644,0.005754401907324791,
-0.011051218025386333,0.03590165078639984,
-0.012233893387019634,-0.01018490083515644,
-0.001927396864630282,-0.06118376925587654,
-0.024850666522979736,0.014393610879778862,
-0.013367533683776855,0.009947748854756355,
0.002898240927606821,-0.04160209372639656,
-0.003936737310141325,0.004728161264210939,
-0.026865752413868904,0.014297989197075367,
-0.0037223470862954855,-0.00020245318592060357,
-0.01023425068706274,0.011623413302004337,
-0.019417889416217804,-0.021393660455942154,
-0.025188812986016273,0.009122428484261036,
0.0011883762199431658,-0.0015572234988212585,
-0.04028477519750595,-0.0008957440732046962,
-0.03383554145693779,-0.014288539066910744,
-0.02507847733795643,-0.002809872617945075,
0.0038896689657121897,-0.010546074248850346,
-0.014235464856028557,0.023459965363144875,
0.003790434682741761,-0.018721532076597214,
-0.006580257788300514,0.02445807307958603,
-0.0047045485116541386,-0.012273444794118404,
0.02654029242694378,-0.018969953060150146,
0.004210854880511761,0.04318927228450775,
-0.046696990728378296,-0.007733609527349472,
0.021260639652609825,0.004380248486995697,
0.013007457368075848,-0.0009652683511376381,
0.011051618494093418,0.010897772386670113,
0.003228291869163513,0.0011931761400774121,
-0.03213554248213768,-0.003119033994153142,
-4.809786332771182e-05,-0.04444243013858795,
0.0033312675077468157,-0.012650792486965656,
0.015215479768812656,0.0007549820584245026,
0.0036454491782933474,-0.017064938321709633,
0.012420042417943478,-0.006759913172572851,
0.016043471172451973,0.0015633637085556984,
-0.0055280448868870735,-0.014268876053392887,
0.013607561588287354,0.01105187926441431,
-0.011501187458634377,0.020064765587449074,
-0.0020917607471346855,-0.0451064370572567,
-0.014195078983902931,-0.01535466592758894,
-0.008182352408766747,-0.00027329521253705025,
-0.029171638190746307,-0.0010247139725834131,
-0.0028818566352128983,0.025853006169199944,
0.017398450523614883,0.038473520427942276,
-0.015125671401619911,0.0014207939384505153,
-0.005662025883793831,0.017787296324968338,
-0.011132930405437946,0.01843925192952156,
-0.010642291978001595,-0.01535238977521658,
-0.011516232043504715,0.024690497666597366,
-0.044643763452768326,0.014624878764152527,
0.01941647380590439,-0.007874231785535812,
0.01715894788503647,-0.026419783011078835,
-0.045566923916339874,0.02752259559929371,
0.006674776319414377,-0.024754434823989868,
-0.0041977837681770325,0.016066592186689377,
0.006134264171123505,-0.0035470144357532263,
0.023960523307323456,-0.00227136118337512,
-0.017579015344381332,-0.01676160655915737,
-0.018095893785357475,-0.008901363238692284,
0.01807965710759163,-0.021782346069812775,
0.01763356663286686,-0.019398406147956848,
0.016173774376511574,0.010963552631437778,
-0.008950685150921345,0.015285945497453213,
-0.025213411077857018,0.011405009776353836,
0.011172987520694733,0.00375407375395298,
0.012404188513755798,-0.004935566335916519,
0.01774316094815731,-0.040632639080286026,
-0.016121426597237587,-0.013178316876292229,
0.018868304789066315,-0.01708875596523285,
-0.00024946354096755385,-0.010884104296565056,
0.004526926204562187,0.0194719098508358,
-0.025602800771594048,-0.0025763330049812794,
-0.01170547865331173,0.015591719187796116,
-0.0027280361391603947,0.04222000390291214,
-0.010225043632090092,0.02945253811776638,
-0.04184712469577789,-0.009764883667230606,
0.02354315295815468,0.006577644031494856,
0.05016763508319855,0.006796127185225487,
0.010329104959964752,-0.03365291282534599,
-0.027715720236301422,0.002669660607352853,
0.011575037613511086,-0.03709542006254196,
0.013795179314911366,0.012855961918830872,
-0.041690364480018616,0.003931858576834202,
-0.04095928370952606,0.017611844465136528,
0.0014225057093426585,0.0015371475601568818,
-0.019371692091226578,0.00695864949375391,
-0.00793716125190258,0.020260442048311234,
0.008379276841878891,0.01643075793981552,
-0.0383867584168911,0.0026093600317835808,
0.02535845898091793,0.056754086166620255,
0.0278850756585598,-0.003882434219121933,
0.008715825155377388,0.0003558994794730097,
-0.0036005782894790173,0.010041529312729836,
0.017323598265647888,-0.0008701974293217063,
-0.016836555674672127,0.028875861316919327,
0.014766184613108635,0.02313089929521084,
-0.022525180131196976,-0.011461565271019936,
0.008700546808540821,-0.008232388645410538,
0.00022543358500115573,0.05050967261195183,
0.014044620096683502,-0.028897011652588844,
-0.008576564490795135,-0.014390788041055202,
-0.0020615120884031057,-0.025888880714774132,
-0.01174026820808649,0.01392725296318531,
0.0029111860785633326,-0.037975192070007324,
0.007566947489976883,0.007388876285403967,
-0.004696826916188002,-0.02068721316754818,
0.018444404006004333,0.025330152362585068,
0.023698661476373672,-0.02342672273516655,
0.03265448287129402,-0.005390599835664034,
-0.0428384393453598,-0.02181996777653694,
0.0010276350658386946,0.015967924147844315,
-0.011593827046453953,0.01148282177746296,
-0.03271505981683731,0.025858774781227112,
-0.03984122723340988,0.01798820309340954,
-0.06097254902124405,0.02646532468497753,
0.02733600325882435,-0.003398359287530184,
0.007245264481753111,-0.02229119837284088,
0.014999044127762318,-0.008417695760726929,
0.012705162167549133,0.0036107359919697046,
0.0010839331662282348,0.026706993579864502,
-0.04683263972401619,-0.023958001285791397,
0.009919500909745693,-0.022432060912251472,
0.024073952808976173,-0.010438318364322186,
0.018211383372545242,0.024194398894906044,
-0.011999271810054779,0.011659136041998863,
-0.029404178261756897,-0.009519780054688454,
0.01707880012691021,0.012816383503377438,
-0.01781422644853592,-0.009836649522185326,
0.012801307253539562,-0.011113339103758335,
-0.004582192748785019,0.026866886764764786,
-0.01933969371020794,-0.02976486273109913,
0.01134795043617487,0.012018349952995777,
0.01589430682361126,-0.003992918878793716,
0.01905023492872715,-0.012236173264682293,
0.011662716045975685,-0.007434960920363665,
0.02887987345457077,-0.00848718173801899,
-0.027566928416490555,-0.011460582725703716,
-0.020292671397328377,0.0039859251119196415,
0.01674112118780613,0.04906747117638588,
-0.0036052947398275137,0.04431553930044174,
0.010368497110903263,0.015154611319303513,
0.01139274425804615,0.032804954797029495,
0.0037866595666855574,-0.009899981319904327,
0.021668007597327232,-0.0003923261247109622,
0.020031413063406944,0.005177630111575127,
-0.011220852844417095,0.03716978430747986,
0.017187653109431267,0.014260977506637573,
-0.02857920527458191,0.005120479501783848,
0.011500628665089607,0.00592588447034359,
-0.004165423568338156,0.009651770815253258,
-0.015681909397244453,0.014708931557834148,
-0.011730666272342205,-0.003920914139598608,
0.013241260312497616,0.01197127066552639,
-0.04690375179052353,-0.011717379093170166,
0.009075873531401157,0.006955364719033241,
0.009592672809958458,0.025765232741832733,
0.013485180214047432,-0.033625561743974686,
0.030370665714144707,-0.012552805244922638,
0.021597694605588913,-0.012824313715100288,
0.023483598604798317,-0.008122841827571392,
-0.041936639696359634,0.0035261090379208326,
0.003702494315803051,-0.02056015655398369,
-0.0024811846669763327,0.024096215143799782,
0.017384173348546028,0.018806319683790207,
0.016184726729989052,0.005993913393467665,
0.02220231480896473,-0.004629868548363447,
0.003747370094060898,0.005859338212758303,
-0.023813851177692413,0.03908934071660042,
-0.006318249739706516,0.019792022183537483,
0.0010689693735912442,0.011836840771138668,
0.038745224475860596,0.03647425398230553,
0.01379930879920721,0.004688108339905739,
-0.04832454398274422,-0.007711451966315508,
-0.006897016428411007,0.0034108988475054502,
-0.011396222747862339,0.000978731899522245,
-0.03175072371959686,0.02382494881749153,
0.0025564907118678093,-0.020988279953598976,
-0.012077895924448967,0.006901727989315987,
-0.004175238311290741,0.02593868412077427,
0.006148756016045809,-0.03817356377840042,
0.006574472412467003,0.018749961629509926,
0.0023726115468889475,0.008483151905238628,
-0.03844374790787697,0.00487273745238781,
0.0175438541918993,0.06549707055091858,
-0.002296858699992299,0.024394121021032333,
-0.008977094665169716,0.0055341715924441814,
-0.013699672184884548,0.007229919545352459,
0.014816207811236382,-0.011664921417832375,
0.010608874261379242,-0.023121092468500137,
0.009814531542360783,-0.012613541446626186,
-0.021120283752679825,-0.02007480524480343,
-0.014712735079228878,0.03519962355494499,
-0.01925811357796192,0.0011024553095921874,
0.002881991909816861,-0.021033013239502907,
0.0022135013714432716,0.020535476505756378,
-0.03703436627984047,0.009073466062545776,
0.005078914109617472,0.0012799763353541493,
-0.0030042051803320646,0.02770358696579933,
-0.002132125198841095,-0.0013669866602867842,
0.03289249539375305,-0.009769216179847717,
-0.005933250766247511,-0.032539185136556625,
0.02127470262348652,-0.011381258256733418,
-0.015855133533477783,-0.018164394423365593,
0.002245296724140644,-0.009076753631234169,
-0.006945813540369272,0.02348233014345169,
-0.014275426976382732,0.002175672445446253,
-0.03599853068590164,0.006792031228542328,
-0.03138541430234909,0.009650261141359806,
-0.013967497274279594,-0.003749311435967684,
0.02630341611802578,0.009883775375783443,
-0.03460388630628586,-0.011840121820569038,
-0.01395561546087265,0.04134990647435188,
0.025842400267720222,0.012420239858329296,
0.020541513338685036,-0.012359289452433586,
0.022802764549851418,0.037281014025211334,
-0.026313122361898422,0.00837018620222807,
-0.021976834163069725,0.012398537248373032,
0.028044430539011955,0.012782713398337364,
0.004758857656270266,0.01886184886097908,
0.0005270738038234413,0.007258208002895117,
-0.00044127440196461976,-0.027322668582201004,
0.014145933091640472,-0.048928018659353256,
0.044429711997509,0.022819260135293007,
0.03129718080163002,-0.033162716776132584,
0.016040025278925896,0.016311081126332283,
0.008712248876690865,-0.018987413495779037,
0.0009867046028375626,0.013766062445938587,
0.008629322983324528,0.01176296267658472,
0.005071224179118872,-0.015872789546847343,
0.005137270782142878,-0.057162947952747345,
-0.033288754522800446,-0.026119152083992958,
-0.010585132986307144,0.0003543426573742181,
0.008087881840765476,0.08064182102680206,
-0.023819537833333015,0.00029259189614094794,
-0.00396179361268878,-0.008732093498110771,
0.034497085958719254,0.011976993642747402,
-0.012934433296322823,-0.02209881693124771,
-0.009731004945933819,-0.0031424397602677345,
0.026776770129799843,-0.001107925083488226,
-0.008369731716811657,0.00019294116646051407,
0.020732387900352478,-0.035803671926259995,
0.04290452599525452,-0.028111694380640984,
0.019752634689211845,0.021809842437505722,
-0.007774223107844591,0.006464141886681318,
0.021009523421525955,0.027574019506573677,
-0.0013220893451943994,0.016399439424276352,
0.011220862157642841,0.004886531736701727,
0.025619369000196457,0.006652317009866238,
0.0010049778502434492,-0.011982313357293606,
0.01839326322078705,-0.024451114237308502,
0.02318127453327179,-0.0035073687322437763,
-0.011690346524119377,-0.0346980020403862,
-0.04229353740811348,-0.02177775837481022,
-0.005050345323979855,0.0012383293360471725,
0.02923326939344406,0.006986711174249649,
-0.020367605611681938,0.009875208139419556,
-0.03662034496665001,0.018205059692263603,
-0.00759824039414525,0.042746402323246,
-0.008880025707185268,0.002722042379900813,
0.03641185909509659,-0.006328937131911516,
0.007592412177473307,0.0013922617072239518,
-0.0034382599405944347,-0.02962266467511654,
-0.008396736346185207,-0.007939731702208519,
0.0004201318370178342,0.025728819891810417,
-0.03331107646226883,-0.010379455983638763,
0.007409668527543545,0.0030427281744778156,
0.030671799555420876,0.01908561773598194,
-0.04039084538817406,0.013027234934270382,
-0.026623863726854324,-0.013336737640202045,
0.0006437969859689474,0.031043872237205505,
-0.0073453327640891075,0.005482243839651346,
-0.01921309158205986,0.015153300017118454,
0.01451891753822565,0.009913441725075245,
0.0015319325029850006,-0.029109397903084755,
-0.04165634140372276,-0.01581687293946743,
-0.027840381488204002,0.012767543084919453,
-0.008737625554203987,-0.021162841469049454,
-0.024150151759386063,0.011263023130595684,
-0.002668364904820919,0.03981448709964752,
0.006026062648743391,-0.009381846524775028,
-0.006426217965781689,0.027980810031294823,
0.022105982527136803,-0.014958727173507214,
0.0211393553763628,0.015685195103287697,
-0.021402055397629738,-0.01623610593378544,
-0.016381002962589264,-0.041090402752161026,
0.01837308332324028,-0.006087365560233593,
0.008513429202139378,-0.008462538942694664,
0.04599880054593086,0.004433742258697748,
-0.0017981845885515213,0.0038395123556256294,
-0.018875669687986374,0.0012355356011539698,
-0.04942559078335762,-0.007034458220005035,
-0.017434630542993546,-0.004388435278087854,
-0.023834796622395515,0.0014252440305426717,
-0.013225517235696316,0.0012935382546857,
0.040398743003606796,-0.025197219103574753,
0.026758546009659767,0.05670234560966492,
0.035497914999723434,-0.0053071072325110435,
-0.0003489814989734441,0.004022677429020405,
0.03127176687121391,0.036079809069633484,
-0.030723348259925842,0.009065210819244385,
-0.00871844869107008,-0.014816881157457829,
-0.04717081040143967,0.025318073108792305,
0.04991541802883148,0.004064108245074749,
-0.025503747165203094,0.0021901230793446302,
-0.012878196313977242,0.00992292258888483,
-0.03544347733259201,-0.029213344678282738,
0.00021564579219557345,0.013719474896788597,
3.4137829061364755e-05,-0.004702306818217039,
0.01639716327190399,-0.024116167798638344,
-0.0039842575788497925,-0.0438670851290226,
-0.035673703998327255,-0.004110526293516159,
-0.03639617934823036,0.000708872452378273,
-0.04178139939904213,0.0060875313356518745,
-0.03438834100961685,-0.002241055015474558,
-0.0023638007696717978,-0.03446054086089134,
-0.01097426749765873,-0.03077154979109764,
0.0021497609559446573,-0.030277984216809273,
0.015839021652936935,0.015108389779925346,
0.03829050809144974,-0.0064377677626907825,
-0.013683963567018509,0.0192556269466877,
-0.008813801221549511,0.020994197577238083,
0.012058770284056664,0.0004573788319248706,
0.021587271243333817,-0.004150062799453735,
-0.007171975448727608,0.019463680684566498,
0.03192833065986633,0.006159406621009111,
-0.03461432829499245,-0.029232367873191833,
0.015378701500594616,0.026668410748243332,
-0.0295820664614439,0.002865429501980543,
-0.033391308039426804,0.019615521654486656,
-0.007020540535449982,0.01325349509716034,
0.028190849348902702,0.01391657069325447,
0.009292567148804665,0.014573934487998486,
-0.02075129747390747,-0.022808799520134926,
-0.053856175392866135,0.01684585213661194,
-0.01298160757869482,0.005646710749715567,
-0.012421139515936375,0.02246394008398056,
-0.035832054913043976,-0.018935594707727432,
-0.003971391823142767,-0.0032827260438352823,
0.04019034281373024,-0.00515407370403409,
0.018547071143984795,-0.016570143401622772,
0.054059285670518875,-0.019448159262537956,
0.009897413663566113,-0.0010520481737330556,
0.003737409831956029,0.053708501160144806,
0.038896072655916214,-0.008015045896172523,
-0.01716707833111286,0.009847957640886307,
-0.015844373032450676,0.011241457425057888,
-9.430920181330293e-05,0.003430074080824852,
-0.009139717556536198,0.01865709200501442,
0.06693395972251892,0.012084494344890118,
0.029521716758608818,-0.00012415401579346508,
-0.050480280071496964,0.0030728525016456842,
0.032025296241045,0.04020935297012329,
0.018010156229138374,0.00797299761325121,
-0.0015565307112410665,0.026659082621335983,
-0.022428102791309357,3.922364703612402e-05,
-0.05049515143036842,-0.011493498459458351,
0.01689802296459675,0.02161707729101181,
-0.02053363248705864,-0.036305662244558334,
0.003506731241941452,-0.014263462275266647,
-0.012896021828055382,0.06180783733725548,
-0.022364458069205284,-0.028445692732930183,
0.0024545975029468536,0.028024930506944656,
0.0037667076103389263,0.004632999654859304,
0.009186916053295135,0.006130387540906668,
-0.014743845909833908,0.014028110541403294,
-0.0181474220007658,0.032740507274866104,
0.0010756904957816005,0.020713863894343376,
0.004857500083744526,0.027264414355158806,
0.007951805368065834,0.03066611848771572,
0.005489740986377001,0.011757277883589268,
-0.015578385442495346,-0.008635429665446281,
-0.009313046932220459,0.004125102423131466,
-0.035123005509376526,0.020214974880218506,
0.005615851376205683,0.008389070630073547,
0.010421685874462128,0.022943228483200073,
-0.0046128504909574986,-0.018665147945284843,
-0.0011735581792891026,-0.023649858310818672,
0.01563042588531971,0.024272724986076355,
-0.011830061674118042,0.002051969524472952,
-0.02028953842818737,0.019945986568927765,
-0.02383268252015114,-0.007517595775425434,
-0.02089792490005493,-0.0023202081210911274,
-0.037976354360580444,0.015031796880066395,
0.04426797106862068,0.03631499782204628,
0.06024719774723053,0.00018994117272086442,
-0.01953018084168434,-0.011907478794455528,
-0.02267097868025303,0.02480079047381878,
-0.023781968280673027,-0.026270849630236626,
0.01742672361433506,0.030004683881998062,
-0.011363619938492775,0.0036436624359339476,
0.028717676177620888,-0.02610236033797264,
-0.010345371440052986,-0.01690312847495079,
0.025802461430430412,-0.018629835918545723,
-0.007821038365364075,-0.049475282430648804,
0.017434479668736458,-0.038006238639354706,
0.038928378373384476,0.04033428058028221,
-0.04622303694486618,0.05023043975234032,
-0.010645586997270584,-0.02369442582130432,
0.01789969578385353,-0.007815048098564148,
-0.024867257103323936,-0.022917695343494415,
-0.04177889600396156,0.008954524993896484,
-0.01680850237607956,-0.036995988339185715,
-0.005218082573264837,0.021632535383105278,
0.008914759382605553,0.028257211670279503,
-0.0428854301571846,-0.0026513910852372646,
0.03298824653029442,0.0019114632159471512,
-0.018179990351200104,0.011979527771472931,
0.012823856435716152,-0.018658054992556572,
-0.0012211711145937443,-0.01893642544746399,
0.009236319921910763,0.07257520407438278,
0.03868972510099411,-0.018207509070634842,
0.02001873403787613,0.026310909539461136,
-0.019984658807516098,-0.0010224845027551055,
0.04834505170583725,-0.006359850522130728,
0.03471764177083969,0.011367788538336754,
-0.01654888316988945,0.03908126801252365,
0.02205151878297329,-0.01808042638003826,
-0.02653033472597599,-0.007854795083403587,
0.03739500045776367,0.0041047087870538235,
-0.007361848372966051,-0.001859776908531785,
0.01879088021814823,0.026953233405947685,
-0.013324426487088203,0.007174730766564608,
0.028486359864473343,0.005712066311389208,
-0.021871495991945267,0.008936094120144844,
-0.011945303529500961,0.020120030269026756,
-0.018920879811048508,0.0016965558752417564,
-0.034299563616514206,-0.006658654194325209,
-0.019456833600997925,-0.007551818620413542,
-0.01650357060134411,0.008339060470461845,
-0.012706535868346691,-0.015793846920132637,
0.032638125121593475,-0.027805713936686516,
0.024778621271252632,0.009396731853485107,
-0.022114554420113564,0.02789435163140297,
0.014336423017084599,-0.030581513419747353,
-0.018698498606681824,-0.010748358443379402,
-0.02107192575931549,-0.010849604383111,
0.011997772380709648,0.00694217998534441,
0.04051933437585831,-0.009309956803917885,
-0.027184879407286644,0.022026071324944496,
0.03570663928985596,-0.010628788731992245,
0.014393305405974388,-0.001986899645999074,
-0.02371852844953537,0.02211678773164749,
0.03171223774552345,-0.016494961455464363,
-0.015110934153199196,0.040693242102861404,
0.019326763227581978,0.024039320647716522,
-0.012783730402588844,0.0012601452181115746,
0.0036313331220299006,-0.012426312081515789,
0.01146754901856184,0.038487814366817474,
-0.02107623778283596,-0.013731058686971664,
0.044858839362859726,-0.0233910009264946,
-0.0014604943571612239,-0.01084141619503498,
0.014377158135175705,-0.001050277496688068,
0.0015220558270812035,0.01927979104220867,
-0.027188528329133987,0.005675868596881628,
0.03280913829803467,0.007268269546329975,
0.046468447893857956,-0.013864917680621147,
0.017250077798962593,-0.035662826150655746,
0.02569778636097908,-0.01621699519455433,
0.01642812415957451,0.011787166818976402,
0.015509176068007946,-0.028244052082300186,
-0.04817584529519081,-0.011511065065860748,
-0.015804465860128403,0.03195725008845329,
0.012366212904453278,-0.027048958465456963,
0.010892331600189209,0.008504670113325119,
-0.005166246090084314,0.007941053248941898,
-0.010465760715305805,0.01023495476692915,
0.0011252861004322767,-0.01609896309673786,
-0.023111212998628616,-0.03189883008599281,
-0.007362605072557926,0.00900152325630188,
-0.030348509550094604,0.0038379067555069923,
0.01123671606183052,-0.04854978248476982,
0.04331015795469284,0.014435977675020695,
0.0029636314138770103,0.03925979509949684,
0.0065001752227544785,0.060887131839990616,
0.03285100311040878,0.029514027759432793,
-0.0013496605679392815,-0.036518488079309464,
-0.009783756919205189,-0.044221747666597366,
-0.009438818320631981,0.0033566851634532213,
0.027814146131277084,0.014130800031125546,
0.0033572150859981775,-0.004916521720588207,
0.007924030534923077,0.02588963881134987,
0.0017168247140944004,0.012115809135138988,
0.009334213100373745,0.009404637850821018,
-0.011132498271763325,0.008653901517391205,
0.020226657390594482,-0.029821326956152916,
-0.002667333697900176,-0.017720511183142662,
0.004385567735880613,0.019999928772449493,
0.02296258695423603,0.008537023328244686,
-0.005062045529484749,0.022881660610437393,
-0.006071444600820541,0.059982478618621826,
0.02535446174442768,-0.011600423604249954,
0.01619420386850834,-0.04457193985581398,
0.010718445293605328,0.02212819829583168,
0.0026714056730270386,0.020080886781215668,
-0.017765790224075317,-0.03549715504050255,
0.0005708774551749229,0.02770918607711792,
-0.011699747294187546,-0.009368699975311756,
0.0023999069817364216,-0.03145534545183182,
0.01974525675177574,-0.0220112856477499,
-0.03929300978779793,-0.011552839539945126,
0.006174799520522356,-0.01987236738204956,
-0.039168160408735275,0.005963998381048441,
-0.007759022526443005,0.019690223038196564,
0.027813194319605827,0.007227365858852863,
0.019185787066817284,-0.025393109768629074,
0.03660218045115471,0.0298471599817276,
-0.025413859635591507,0.013553868047893047,
-0.016387125477194786,-0.009544468484818935,
0.04118349775671959,-0.0029397010803222656,
-0.004471811931580305,0.024116575717926025,
0.022251639515161514,-0.0006275427294895053,
0.014646313153207302,0.020385129377245903,
-0.034298285841941833,0.02682708576321602,
-0.001571271219290793,0.022813495248556137,
0.059963811188936234,-0.005965386983007193,
-0.0172466728836298,0.022836387157440186,
-0.002791041973978281,0.0019029246177524328,
-0.009180570021271706,-0.012003419920802116,
-0.01703609526157379,0.019020285457372665,
-0.005488195456564426,-0.013628020882606506,
-0.011903169564902782,-0.0399305485188961,
-0.044898658990859985,0.026082832366228104,
0.019997108727693558,0.03899624943733215,
0.01522059552371502,0.03204594552516937,
-0.0051023769192397594,0.02556999772787094,
0.0161114614456892,-0.0006750542670488358,
-0.0022419877350330353,0.0005529731279239058,
0.05577462166547775,-0.006928286049515009,
-0.0033976719714701176,-0.03943181782960892,
-0.013116111047565937,0.00014793766604270786,
-0.00945739820599556,0.029524575918912888,
-0.04175718128681183,-0.0005068999598734081,
-0.028002871200442314,0.00632653571665287,
0.0019390509696677327,0.025977836921811104,
0.037333518266677856,-0.023209745064377785,
0.005467414855957031,-0.005834910552948713,
-0.00012272223830223083,0.016429783776402473,
0.012055803090333939,-0.015217619948089123,
0.0013632479822263122,-0.006409753113985062,
-0.013169007375836372,-0.014131501317024231,
0.006194146815687418,0.015074522234499454,
0.014154438860714436,-0.002986766630783677,
-0.0019294469384476542,0.028348183259367943,
-0.020426839590072632,0.03286075219511986,
-0.03008401393890381,-0.046637967228889465,
-0.02159736305475235,-0.0029252786189317703,
-0.03526981920003891,0.004018797539174557,
-0.02381979674100876,0.028639566153287888,
0.015009687282145023,-0.04372693598270416,
0.016340715810656548,0.009914621710777283,
-0.0045439922250807285,0.00891776941716671,
0.005663415417075157,-0.013188204728066921,
-0.011230816133320332,0.01716042309999466,
-0.0017021313542500138,-0.03985185548663139,
0.010569030418992043,0.002202379982918501,
0.008639631792902946,-0.011663681827485561,
0.01756546087563038,0.03599904850125313,
-0.024692149832844734,-0.028318308293819427,
0.02375474013388157,0.013007675297558308,
0.0035474873147904873,-0.016817573457956314,
0.028799233958125114,0.03233354166150093,
0.01632920652627945,0.010676556266844273,
0.004550826735794544,0.03382514789700508,
0.011535725556313992,0.017534030601382256,
-0.0013428529491648078,-0.057238221168518066,
-0.0292437132447958,0.012240393087267876,
0.01199198979884386,0.0037892162799835205,
0.012901648879051208,-0.003498990787193179,
0.01672806404531002,0.004414745606482029,
-0.011007977649569511,-0.0074555580504238605,
-0.01298603881150484,0.06089683249592781,
0.02648179419338703,0.007371206302195787,
0.017731280997395515,0.005055184010416269,
0.006968061439692974,0.011353683657944202,
0.000845211383420974,-0.0032800212502479553,
0.006343772169202566,0.03447272256016731,
-0.009485368616878986,0.005204379092901945,
-0.031860508024692535,0.009121237322688103,
-0.022745758295059204,0.005833798553794622,
-0.005689296405762434,-0.017989765852689743,
0.023512760177254677,-0.021626239642500877,
-0.0051897065714001656,0.00844915397465229,
0.02833472192287445,-0.021527336910367012,
-0.0106123685836792,-0.017458701506257057,
0.0025857503060251474,-0.00032283365726470947,
0.007593844551593065,0.034363213926553726,
-0.020319072529673576,-0.031904034316539764,
-0.061716191470623016,-0.011685104109346867,
-0.02502962201833725,0.00820996705442667,
0.024503229185938835,-0.019363833591341972,
-0.00015180041373241693,-0.011424846015870571,
0.003331773914396763,-0.016177672892808914,
0.0004373487026896328,-0.040096547454595566,
0.009259017184376717,0.0059357453137636185,
0.014693592675030231,-0.025798093527555466,
-0.010441663675010204,0.005190322641283274,
0.05935057997703552,0.015928762033581734,
0.007903643883764744,-0.0022684000432491302,
0.006069330498576164,0.004668411333113909,
0.0009146298398263752,0.0293438620865345,
0.0298859141767025,-0.03268115967512131,
-0.014282279647886753,0.019335942342877388,
0.004778808448463678,0.019926611334085464,
-0.00041351409163326025,0.006472673267126083,
0.007680449169129133,-0.027014348655939102,
0.04570004343986511,0.012944567948579788,
-0.04226471483707428,0.009569508023560047,
-0.0005143487942405045,-0.03992094472050667,
0.0449676588177681,0.010289684869349003,
0.007622639182955027,0.02563551999628544,
0.02316358871757984,-0.04408324882388115,
0.0007824681815691292,-0.0008134533418342471,
0.004631824791431427,0.013705453835427761,
-0.025010589510202408,0.024556078016757965,
0.02517467550933361,-0.012164845131337643,
0.05137274041771889,0.011280053295195103,
0.018053986132144928,-0.002424495993182063,
0.020488830283284187,-0.006139964796602726,
-0.022749517112970352,-0.007500617764890194,
0.043497633188962936,-0.0021777471993118525,
0.021293092519044876,0.008400087244808674,
0.013410977087914944,-0.0096598444506526,
0.008676430210471153,-0.0016057018656283617,
0.021820660680532455,0.03566233068704605,
-0.008056455291807652,-0.004892104770988226,
-0.008289123885333538,0.00861397385597229,
-0.031316839158535004,0.04038645699620247,
-0.019031504169106483,-0.02117878757417202,
0.01758265122771263,-0.003994329366832972,
-0.003990449011325836,-0.0354289636015892,
0.009774855338037014,-0.0019607776775956154,
-0.008099361322820187,0.001608395017683506,
0.046960629522800446,0.005218807607889175,
0.01597636751830578,-0.010186080820858479,
0.002635933691635728,-0.023391474038362503,
0.038585957139730453,-0.010079841129481792,
-0.007351989392191172,-0.020484084263443947,
0.017909901216626167,0.03475133702158928,
0.00868018064647913,-0.015567467547953129,
0.015781188383698463,0.00976307038217783,
-0.026650523766875267,-0.028853679075837135,
0.006910659372806549,-0.005712440703064203,
0.001016001682728529,0.016771208494901657,
-0.009181919507682323,-0.004083616659045219,
-0.02851969376206398,0.017548535019159317,
0.03216692432761192,0.011258173733949661,
-0.04138798639178276,0.0020296520087867975,
-0.007331958506256342,0.03306054696440697,
-0.022325316444039345,0.024603931233286858,
-0.011642654426395893,0.049334000796079636,
0.011551663279533386,0.016245923936367035,
0.0013732702936977148,0.000290458818199113,
-0.04100930318236351,-0.0059357513673603535,
-0.010759690776467323,-0.0031155631877481937,
0.017751704901456833,-0.017105497419834137,
-0.024225106462836266,-0.0036271142307668924,
0.01000481192022562,0.003964058123528957,
-0.045313265174627304,-0.031117482110857964,
-0.021488798782229424,0.020022688433527946,
-0.019346976652741432,0.014073895290493965,
-0.00718981958925724,-0.013990245759487152,
0.01575535349547863,-0.009552078321576118,
-0.014466696418821812,-0.003633116604760289,
-0.020142804831266403,0.006581792142242193,
0.029056668281555176,0.0028451213147491217,
-0.0012105719652026892,-0.01316834893077612,
-0.022428257390856743,-0.039687685668468475,
0.010891533456742764,0.007021381054073572,
-0.004541430622339249,0.0030101239681243896,
0.005728540942072868,-0.024945955723524094,
0.003218346042558551,-0.01585087738931179,
-0.002181148622184992,-0.010892056860029697,
0.014017976820468903,0.0018055490218102932,
-0.0001854615838965401,0.01632479391992092,
0.05137823149561882,-0.032885126769542694,
0.010573425330221653,-0.009876544587314129,
0.016315218061208725,-0.03290247172117233,
-0.016520483419299126,-0.0232772845774889,
-0.01525160577148199,0.009377081878483295,
-0.004008615855127573,-0.002784316660836339,
-0.012399401515722275,0.021218745037913322,
-0.03150311857461929,0.03561211749911308,
0.008307995274662971,-0.020221251994371414,
-0.0007552707102149725,-0.016449103131890297,
0.012316612526774406,-0.00997289177030325,
0.015142116695642471,0.02479160577058792,
-0.00433521531522274,-0.040841080248355865,
0.03274930641055107,-0.028028735890984535,
0.0016999010695144534,-0.006814043037593365,
-0.004026587586849928,-0.01563476212322712,
-0.02659366838634014,-0.039991240948438644,
-0.005823488347232342,-0.02906794846057892,
0.012734470888972282,0.014420769177377224,
0.030253099277615547,-0.04934896528720856,
-0.011775285005569458,-0.017337653785943985,
-0.015805833041667938,-0.01215138379484415,
0.00778096541762352,-0.028101135045289993,
0.008345811627805233,-0.015042616985738277,
0.017951427027583122,-0.01326858252286911,
0.03364891931414604,0.019077584147453308,
-0.017026102170348167,0.0030887972097843885,
0.04593665152788162,-0.010249403305351734,
0.012299714609980583,0.024822868406772614,
-0.016489848494529724,0.024832352995872498,
-0.02274370566010475,0.03147637099027634,
-0.031382039189338684,-0.009236875921487808,
-0.01064410898834467,0.011050079017877579,
0.008392831310629845,-0.021163657307624817,
-0.002145653124898672,0.01648024283349514,
0.0037885508500039577,-0.028179829940199852,
-0.016703523695468903,0.018909266218543053,
0.002509573707357049,-0.0037641620729118586,
0.019525393843650818,-0.024360058829188347,
0.027119765058159828,-0.0201551653444767,
0.02855055406689644,0.031303755939006805,
-0.04281407222151756,0.029247744008898735,
-0.01671331748366356,-0.032043151557445526,
-0.0038783950731158257,-0.013717291876673698,
0.009105979464948177,-0.006059778854250908,
-0.006604479625821114,0.007978587411344051,
-0.005666801705956459,0.011355506256222725,
0.0028568459674715996,-0.016182659193873405,
-0.03202299401164055,0.023122087121009827,
-0.011160899884998798,-0.033178433775901794,
0.004217509645968676,-0.012738272547721863,
0.004922244232147932,-0.00916251353919506,
0.05105428025126457,0.01598748005926609,
0.024193333461880684,0.009985089302062988,
0.014479022473096848,0.006921091116964817,
0.014582455158233643,-0.02640528790652752,
0.009443428367376328,-0.03443393483757973,
-0.006859758403152227,0.024429308250546455,
-0.020608989521861076,-2.1355668650357984e-05,
-0.006858729757368565,-0.005028633866459131,
-0.008514664135873318,0.013217542320489883,
-0.03391261398792267,-0.0029989881440997124,
-0.012777740135788918,0.007372972555458546,
-0.02128935605287552,-0.02276669442653656,
-6.749025487806648e-05,-0.02632156014442444,
-0.01788553036749363,0.0014959959080442786,
-0.01827227510511875,-0.008987526409327984,
0.030406048521399498,-0.014489838853478432,
0.014142888598144054,-0.025479361414909363,
-0.010411949828267097,0.005411701742559671,
0.02659817785024643,-0.024727877229452133,
0.04589434713125229,0.00458887591958046,
0.001566465012729168,0.02768048457801342,
-0.018018575385212898,-0.0058707003481686115,
-0.025450395420193672,0.013706420548260212,
-0.025464221835136414,-0.010619846172630787,
0.011458850465714931,0.01938452385365963,
0.009348918683826923,0.012952125631272793,
-0.0407896526157856,0.024971649050712585,
-0.0045086536556482315,0.00733402231708169,
0.009770331904292107,-0.003340708091855049,
-0.018275035545229912,0.014893049374222755,
-0.0018703718669712543,0.012994572520256042,
0.011190188117325306,0.003748758928850293,
0.0008868362638168037,-0.0231581199914217,
0.019863896071910858,-0.0015936705749481916,
-0.03944527357816696,-0.01792706735432148,
0.01044419128447771,-0.005514754448086023,
-0.001986716641113162,0.009577897377312183,
-0.002819088287651539,0.027373332530260086,
-0.0019228983437642455,-0.012243489734828472,
-0.021249612793326378,0.027693742886185646,
-0.029046205803751945,0.03531965985894203,
-0.023929787799715996,0.010110095143318176,
-0.022159306332468987,0.006060705985873938,
-0.001667358330450952,0.02368314377963543,
0.00036316332989372313,0.001855340669862926,
0.0027590834069997072,0.005150483921170235,
0.02675565704703331,-0.03279554843902588,
0.06840091943740845,-0.00910169817507267,
-0.031807828694581985,-0.00869192834943533,
-0.007580869365483522,-0.04554488882422447,
0.018872888758778572,-0.04306655377149582,
-0.021613799035549164,0.001108423457480967,
-0.027023710310459137,-0.0028958627954125404,
0.024583017453551292,-0.038785796612501144,
-0.022866733372211456,0.004411538131535053,
-0.011415465734899044,0.032747045159339905,
-0.01076562236994505,-0.014510705135762691,
-0.011859893798828125,-0.01637626811861992,
-0.02089615724980831,0.007077360060065985,
-0.03529531508684158,-0.005033815745264292,
-0.029745612293481827,0.0016596077475696802,
0.024094851687550545,0.019542476162314415,
-0.018670912832021713,-0.014207274653017521,
-0.012030120939016342,0.005009411368519068,
-0.0049713910557329655,-0.047879330813884735,
0.005220665130764246,0.01852625235915184,
0.030011450871825218,-0.03444795310497284,
-0.0011621132725849748,-0.013912832364439964,
0.00587292667478323,0.022058002650737762,
-0.0007389973034150898,0.030804388225078583,
-0.012677375227212906,0.010599114000797272,
-0.00539001589640975,-0.008892400190234184,
0.01665317825973034,-0.006843247916549444,
-0.00932278111577034,-0.018130242824554443,
-0.017066102474927902,-0.028666183352470398,
-0.00606947997584939,-0.0007164487615227699,
0.005742750130593777,-0.04362745210528374,
-0.00236148270778358,0.041152261197566986,
-0.02726171910762787,-0.004354183096438646,
0.008489704690873623,0.03681430593132973,
0.007505620829761028,-0.008800334297120571,
-0.0204938817769289,-0.013083381578326225,
-0.015432751737535,0.004303930792957544,
0.028671300038695335,-0.0014484500279650092,
0.005654535721987486,-0.022611383348703384,
-0.026823213323950768,-0.0010463922517374158,
0.014117774553596973,0.020361000671982765,
-0.0012206706451252103,0.021053852513432503,
-0.011346330866217613,0.01987607218325138,
0.023244839161634445,0.003051677020266652,
0.026987459510564804,-0.036119524389505386,
-0.019125880673527718,0.0020176637917757034,
0.001057781046256423,0.027728483080863953,
0.0018654739251360297,-0.03981750085949898,
-0.012529758736491203,0.0038669605273753405,
-0.035618141293525696,-0.003844041144475341,
-0.02435334399342537,0.009814264252781868,
0.000519454712048173,0.0016716060927137733,
0.010314341634511948,-0.0050397287122905254,
0.015062629245221615,0.041543684899806976,
-0.036872707307338715,-0.009449231438338757,
0.031185200437903404,0.005945990327745676,
-0.03088277019560337,-0.019721996039152145,
0.04929077997803688,0.06068107858300209,
-0.06621889024972916,-0.0005583184538409114,
-0.005258590914309025,0.009154343977570534,
-0.029507404193282127,-0.004692227579653263,

pkj_actor,pkj_actor.weight
-0.46210014820098877
-0.5149508714675903
-0.41625890135765076
-0.9796316027641296
-0.7211769223213196
-0.23311565816402435
-0.5938997864723206
-0.6316232085227966
-0.4075053334236145
-0.3659425973892212
0.09358108043670654
-0.07402718812227249
-0.5218144059181213
1.8233513832092285
-0.03669830784201622
-2.0079331398010254
-1.308786392211914
-0.7203871607780457
-0.5024246573448181
-0.978007435798645
-0.6562036275863647
-0.4284416437149048
-0.4000055491924286
-0.6061751842498779
-1.4546581506729126
-0.5830178260803223
-0.5075540542602539
-0.5544195175170898
-1.2560230493545532
-0.3892071545124054
1.3609102964401245
-0.5287719964981079
0.30842122435569763
-1.2555978298187256
-0.850957453250885
-1.4596644639968872
-0.38166993856430054
-0.12942297756671906
-0.43689724802970886
-1.1052113771438599
-0.1267559677362442
-0.6138771176338196
-0.4813450872898102
-0.845142662525177
-0.304097443819046
0.8823859691619873
-0.033810704946517944
-2.1986920833587646
-0.8569098114967346
-1.0714306831359863
-0.6441211700439453
-1.3108465671539307
-0.35611334443092346
-0.5966934561729431
-1.241715908050537
-0.565768301486969
-0.6244181394577026
-0.3751002252101898
-0.1832028329372406
-0.8491262197494507
-0.502226710319519
1.6880693435668945
0.024411775171756744
-1.431705117225647
0.007739503402262926
0.058828290551900864
0.002882701577618718
0.03908732160925865
-0.03339691832661629
-0.09004566818475723
0.011143514886498451
0.054401155561208725
0.07094887644052505
0.04585583880543709
0.020004069432616234
0.0018631451530382037
-0.019737517461180687
0.068743035197258
0.005048359744250774
-0.037904608994722366
-0.7618194818496704
-0.475999116897583
-0.6826379895210266
-0.7150518298149109
-0.4211168885231018
-0.12133031338453293
-0.9129822850227356
-1.099528431892395
-0.4636813700199127
-0.7095130085945129
-0.1141035184264183
-0.8439587354660034
-0.4979259669780731
1.6939812898635864
-0.4879395067691803
-2.4728031158447266
0.0129494434222579
0.021127108484506607
0.025467736646533012
0.010876039043068886
-0.040781863033771515
-0.027895597741007805
-0.024871686473488808
0.009798308834433556
0.0027290775906294584
-0.02599123679101467
0.03431374952197075
0.020562192425131798
-0.014956703409552574
-0.007688954006880522
0.01429600641131401
0.0638728216290474
0.02290653996169567
-0.02761676348745823
-0.033927787095308304
0.003056426765397191
-0.015965919941663742
-0.0066405474208295345
0.002269109943881631
-0.04489308223128319
0.00710313068702817
-0.018997054547071457
-0.06879063695669174
0.04695767164230347
-0.04633767157793045
0.009508615359663963
0.04168079048395157
-0.03482188284397125
-1.3611353635787964
-0.9835203289985657
-0.6968142986297607
-0.8448889851570129
-1.3889011144638062
0.1332002580165863
-0.9754812717437744
-1.7607088088989258
-0.935060441493988
-0.7085596323013306
-0.5315800309181213
-0.9926581382751465
-0.48806291818618774
0.5772762298583984
0.41512951254844666
-0.12995852530002594
-0.08941622823476791
-0.024375924840569496
-0.19830723106861115
-1.3593790531158447
-0.0436212420463562
-0.5188788771629333
-0.12466863542795181
0.095497265458107
-0.41835346817970276
-0.26654499769210815
-0.18642103672027588
-1.6584813594818115
-0.3305990695953369
1.1060558557510376
0.29293471574783325
-2.3628475666046143
0.1613634079694748
-0.2532326877117157
-0.7009304761886597
-1.5757155418395996
-0.5134223699569702
-0.41506892442703247
-0.744979202747345
-0.9133338928222656
-0.26591041684150696
-0.4396243393421173
-0.2400154024362564
-0.7361730337142944
-0.3421444892883301
2.1162405014038086
-0.2033502459526062
-2.2223236560821533
-0.11725432425737381
-0.6821208000183105
-0.4877053201198578
-1.2681519985198975
-0.4828360676765442
-0.660697340965271
-0.17685332894325256
-0.8095776438713074
-0.4766353368759155
-0.6192878484725952
-0.25447216629981995
-0.5925688147544861
-0.4622172713279724
0.38827991485595703
0.1879052072763443
-1.7502340078353882
-0.012632603757083416
-0.06993945688009262
0.005349091254174709
0.042076777666807175
0.006862804293632507
0.039171651005744934
-0.12414927035570145
0.11801052838563919
-0.05486169829964638
-0.03631133586168289
-0.09014703333377838
0.25981202721595764
0.036142803728580475
-0.02070624940097332
0.06948655843734741
0.06190512701869011
0.197232186794281
-0.19513332843780518
0.7388110160827637
0.3018931448459625
0.0937492698431015
-0.14606279134750366
0.29533907771110535
-0.04093471169471741
-0.07954660058021545
-0.2643378973007202
0.2832176387310028
0.026344263926148415
-0.11404471844434738
0.21629244089126587
-0.1671575903892517
-0.40298163890838623
0.007667406462132931
0.010867332108318806
0.017484746873378754
0.021302588284015656
-0.01647672988474369
0.0345500223338604
0.01122031919658184
-0.03891196474432945
0.004792444873601198
-0.016535261645913124
0.04582493379712105
-0.020233971998095512
0.02058316208422184
-0.022255482152104378
-0.009245574474334717
0.005271162372082472
-0.6954591274261475
-0.16603870689868927
-0.23778334259986877
-1.0645606517791748
0.27530768513679504
-0.5952610969543457
-1.206535816192627
-0.5168412327766418
-0.6752369999885559
-0.3742187023162842
-0.04661250859498978
-1.0253911018371582
-0.401312917470932
1.9249907732009888
0.1723039299249649
-2.8212451934814453
0.017936214804649353
-0.011387274600565434
0.006301721557974815
-0.07213795930147171
0.030987685546278954
0.07892686128616333
-0.05259792134165764
0.18982195854187012
0.009847905486822128
0.01265751849859953
-0.03734112158417702
0.044181425124406815
0.013186393305659294
-0.08222486078739166
-0.02859385684132576
-0.0887606218457222
-1.6752113103866577
-0.9945065379142761
-0.6390992999076843
-1.1507318019866943
-1.359898567199707
-0.3519282042980194
-0.9405663013458252
-1.1775970458984375
-1.4137895107269287
-0.848690927028656
-0.4935528635978699
-1.048435091972351
-0.7153016328811646
1.3158557415008545
0.031199118122458458
-0.717501699924469
-0.24770182371139526
-1.1602917909622192
-0.04834187775850296
-0.13310013711452484
-0.04223271459341049
0.13245068490505219
-0.5235081315040588
-1.0818406343460083
-0.3435053527355194
-0.7379056215286255
-0.16174015402793884
-0.024328337982296944
-0.375101238489151
-0.3220820128917694
1.4715864658355713
0.3322877287864685
0.07920210063457489
0.031761955469846725
-0.0007116449996829033
-0.040582168847322464
-0.01614844799041748
0.01433803141117096
0.01803099922835827
0.028581390157341957
0.006561802700161934
-0.05034956336021423
-0.0039102667942643166
-0.007528246380388737
-0.022714361548423767
-0.04247210919857025
0.061338577419519424
-0.05298285931348801
-0.27119219303131104
-1.2353726625442505
-0.901570737361908
-1.0079368352890015
-0.5407499670982361
-0.14217449724674225
-0.8432630300521851
-0.7731490135192871
-0.2071067839860916
-0.5325785279273987
-0.22347240149974823
-0.7480124235153198
-0.39400625228881836
1.5684704780578613
0.4032629132270813
-0.04013557732105255
0.047288961708545685
-0.0313463918864727
0.005095267202705145
-0.008175980299711227
0.006187761668115854
-0.1414361149072647
-0.0008744914666749537
0.006736065726727247
0.04017357528209686
-0.06617245078086853
-0.038798823952674866
-0.03262163698673248
-0.03830220550298691
0.016749568283557892
0.05227978900074959
-0.020407550036907196
0.024551372975111008
-0.05750376358628273
0.024949653074145317
-0.007675460074096918
-0.013337976299226284
0.06313970685005188
-0.04724253714084625
0.0430099293589592
0.002246833173558116
0.03147690370678902
-0.06638223677873611
-0.059139352291822433
-0.021660633385181427
0.06315995752811432
0.016217082738876343
0.07021625339984894
-0.02678840421140194
0.053698815405368805
0.014663106761872768
-0.04213733226060867
0.030855761840939522
-0.011841963976621628
0.03560512140393257
0.053785014897584915
0.008205240592360497
0.0180618017911911
-0.04713727533817291
0.12405431270599365
0.0019843699410557747
0.04830120503902435
0.0017898442456498742
0.04968689754605293
-0.08537546545267105
-0.30211004614830017
-0.36073949933052063
-1.1818591356277466
-0.42549967765808105
-0.674099862575531
-0.09351710975170135
-0.49161356687545776
-0.5534312725067139
-0.4845043122768402
-0.004031528253108263
-1.427010416984558
-0.4072807729244232
1.5182089805603027
-0.1722184121608734
-1.5354878902435303
-0.5126919746398926
-0.25931867957115173
-0.8166979551315308
-1.284980058670044
-0.2008000612258911
-0.3734883964061737
-0.7766137719154358
-1.155686855316162
-0.38287773728370667
-0.6053021550178528
-0.4908713698387146
-0.8121135830879211
-0.30462974309921265
0.9115582704544067
-0.5556867718696594
-2.817612409591675
0.0239982008934021
0.0451032854616642
-0.044491589069366455
-0.041600167751312256
0.07123592495918274
-0.041956521570682526
-0.04920557141304016
0.045850545167922974
0.029260797426104546
0.070168636739254
-0.04444422945380211
0.042111847549676895
-0.014409667812287807
0.06946244090795517
0.0150917312130332
-0.028621744364500046
0.2571381628513336
-0.0310649611055851
0.06044195964932442
0.012447452172636986
-0.21650615334510803
-0.217207133769989
0.11174008250236511
0.4263612926006317
-0.07843299955129623
0.2520989775657654
-0.006005062721669674
-0.423350989818573
0.09242738038301468
-0.1333463490009308
-0.05648379400372505
-0.26773741841316223
-0.543449878692627
0.42525678873062134
-0.12047580629587173
-0.4397048056125641
-0.5967833995819092
-0.22554413974285126
0.6997960805892944
-0.14133046567440033
-0.4845271408557892
-0.14535388350486755
-0.3006332814693451
0.01417067926377058
-0.5241093635559082
-0.06694184988737106
2.025398015975952
-0.4461435079574585
-0.1731366366147995
-0.21157313883304596
-0.7476113438606262
-1.055824637413025
-0.28102558851242065
-0.5961112380027771
-0.6703514456748962
-0.8463840484619141
-0.37995874881744385
-0.46316808462142944
-0.5308770537376404
-0.8687227368354797
-0.27264004945755005
1.3693575859069824
-0.5963230133056641
-3.3955838680267334
0.1395023614168167
-0.48080888390541077
-0.4081017076969147
-0.5969117283821106
-0.5448607206344604
-0.23581074178218842
-0.29278290271759033
-0.7170029878616333
-0.23973706364631653
-0.5348700284957886
-0.12507909536361694
-0.46960341930389404
-0.30355000495910645
1.8011589050292969
-0.2269403338432312
-1.8217118978500366
-1.0154370069503784
-0.20886097848415375
-0.3221249580383301
-0.6015294790267944
-0.22471250593662262
0.29698851704597473
-0.860858678817749
-0.3785639703273773
-0.9769420027732849
-0.6161443591117859
-0.344714879989624
-0.21386370062828064
-0.8420581221580505
-0.441295862197876
1.7403154373168945
-0.19004091620445251
0.1357065886259079
0.29995644092559814
0.038454461842775345
0.26149898767471313
1.3406981229782104
-0.16008912026882172
0.0948294922709465
0.26960378885269165
0.33613908290863037
0.29662424325942993
0.17437677085399628
0.6017776131629944
0.14945539832115173
-0.5754756331443787
-0.08708363771438599
1.399237036705017
0.9424658417701721
0.3198402225971222
0.04615743085741997
0.45039376616477966
0.3562467396259308
-0.27001702785491943
-0.24989265203475952
0.4225589334964752
1.0346535444259644
0.47701510787010193
-0.19617630541324615
0.03910881653428078
1.3981467485427856
0.23420073091983795
-1.182229995727539
0.12603764235973358
-0.33715081214904785
0.5334317684173584
0.2399422973394394
1.00732421875
0.2944701313972473
-0.18568718433380127
-0.15942183136940002
0.18316826224327087
0.050509680062532425
-0.5397759675979614
0.09877778589725494
0.1818239539861679
0.0987047553062439
-0.5262752771377563
0.27359259128570557
0.8810291290283203
0.6066815853118896
0.3757920265197754
0.399332195520401
0.7066599726676941
0.5993470549583435
-0.04674535244703293
0.187116339802742
-0.2427540272474289
0.5331583023071289
-0.01618366688489914
0.1861545741558075
0.14468108117580414
0.22339396178722382
-0.034052781760692596
-0.1490209698677063
0.7305633425712585
0.004145064856857061
-0.031543731689453125
0.05703797563910484
0.035330016165971756
0.05626147985458374
-0.0038670022040605545
-0.018788781017065048
-0.04558983072638512
-0.034855276346206665
0.03108755499124527
0.030369000509381294
-0.0401337705552578
0.015158633701503277
0.04736972600221634
-0.04399171471595764
0.006135318428277969
0.3673204183578491
0.13722002506256104
0.18001781404018402
0.3409975469112396
0.3488571047782898
-0.28967851400375366
0.7222690582275391
0.37901028990745544
0.329669326543808
0.24480310082435608
0.4187246561050415
-0.11216031759977341
0.274214506149292
-0.29429495334625244
-0.11695355176925659
1.8113878965377808
-0.05911684036254883
-0.0027076052501797676
-0.02801094576716423
-0.006886436138302088
0.018012098968029022
-0.03404974937438965
0.05269486457109451
-0.029441922903060913
-0.007997809909284115
0.06753372400999069
-0.08644702285528183
0.08526930212974548
-0.010785635560750961
0.0651727169752121
-0.005218559876084328
-0.13659103214740753
-0.018170729279518127
0.1032346710562706
0.015197021886706352
-0.02221967652440071
0.03724934160709381
0.05222431570291519
-0.07795758545398712
0.02906269021332264
0.13182416558265686
-0.06151997670531273
0.0636635422706604
-0.0769755095243454
-0.08806677907705307
0.0889769196510315
-0.026072323322296143
-0.004896593280136585
0.5240738391876221
0.33902043104171753
0.054415263235569
0.3626239001750946
1.2965540885925293
-0.5540973544120789
0.47981810569763184
0.17582015693187714
0.6290246844291687
0.22143414616584778
-0.05541891232132912
-0.7568499445915222
0.41824397444725037
-1.4241236448287964
-0.24069100618362427
0.3974721431732178
-0.09920981526374817
-0.30997779965400696
-0.007061185780912638
1.1566375494003296
-0.1768072247505188
0.32744523882865906
-0.3432784080505371
-0.4527457356452942
0.4867278039455414
-0.18488268554210663
-0.23029083013534546
1.369448184967041
-0.06674792617559433
-0.04591730237007141
-0.030935464426875114
2.1640400886535645
-0.5081821084022522
-0.011238161474466324
0.15473143756389618
0.942859411239624
-0.15136565268039703
-0.15448850393295288
-0.10262075811624527
0.7246776819229126
0.0992959663271904
-0.36619094014167786
0.3346673250198364
0.4584383964538574
0.09238409996032715
0.08395100384950638
0.47472620010375977
1.583039402961731
0.042481184005737305
0.3231152296066284
0.1823303997516632
0.8307088017463684
0.5843325257301331
0.23635418713092804
-0.30529332160949707
-0.6536576747894287
0.4340757429599762
-0.14053025841712952
-0.6191628575325012
0.47279468178749084
0.06895673274993896
-1.0752973556518555
0.07644187659025192
1.2007942199707031
0.030348027125000954
0.053856898099184036
-0.1339118480682373
-0.018755203112959862
-0.05922466143965721
0.06372547149658203
0.07108530402183533
-0.036171186715364456
0.0006402936996892095
0.061669446527957916
0.10508077591657639
-0.14365838468074799
-0.055666733533144
0.17391060292720795
-0.06617440283298492
-0.012206840328872204
-0.21393580734729767
0.1111702099442482
-0.7562136650085449
-0.07817185670137405
-0.11999905109405518
0.1153850331902504
-0.2928963005542755
-0.08026153594255447
0.025172166526317596
0.44014567136764526
-0.14871717989444733
-0.04048990458250046
0.0014105981681495905
-0.07412976026535034
0.13450096547603607
0.5131880044937134
-0.0014407195849344134
-0.035700224339962006
0.022407492622733116
-0.023953547701239586
0.029728494584560394
0.008029548451304436
0.026165800169110298
0.04117713123559952
0.07110925763845444
0.05156688019633293
-0.002963439328595996
-0.054333291947841644
-0.06917350739240646
0.0029926507268100977
-0.02429291605949402
-0.046801283955574036
0.5311021208763123
-0.3670767843723297
0.014264818280935287
0.3471469581127167
-0.3082679510116577
0.12945058941841125
0.2085142284631729
-0.4557950794696808
0.7395404577255249
0.16077648103237152
0.036594487726688385
0.6509112119674683
0.1680377721786499
0.07844694703817368
0.029397837817668915
2.0837955474853516
-0.009617830626666546
-0.07815562188625336
0.06497111171483994
-0.012970536015927792
0.039245106279850006
0.016956426203250885
-0.12861306965351105
-0.27136901021003723
-0.05888673663139343
-0.03090175986289978
0.12250819802284241
-0.03678808733820915
-0.03951047360897064
0.012433771975338459
-0.01214880682528019
-0.009798387065529823
0.8161875605583191
0.38052546977996826
0.1105218157172203
0.7411483526229858
0.9328235387802124
-0.24816103279590607
0.7299911379814148
0.706386923789978
1.021618366241455
0.3599218428134918
0.005015979055315256
-0.6871219277381897
0.6420568823814392
-0.2530650496482849
-1.2993444204330444
0.39396077394485474
0.19192147254943848
0.7199112772941589
-0.24615484476089478
-0.1902671903371811
0.14030805230140686
0.14307470619678497
0.2466573417186737
1.59737229347229
0.24784418940544128
0.4567195475101471
0.2370113879442215
0.19007815420627594
0.7403327822685242
0.20977431535720825
-0.11845425516366959
-0.01613777130842209
0.040385618805885315
-0.0632239431142807
-0.02172914147377014
-0.029199915006756783
0.01889309473335743
0.022222939878702164
-0.01956995204091072
-0.025388723239302635
0.03632111847400665
-0.040435124188661575
-0.04089059308171272
0.03533795848488808
-0.04281904548406601
0.0040865265764296055
0.05981343612074852
-0.03660539537668228
-0.23693324625492096
0.633488118648529
0.29066503047943115
0.47365468740463257
0.5275610685348511
-0.241775244474411
0.07534058392047882
0.42043060064315796
0.057985950261354446
-0.310621052980423
0.08551464229822159
-0.40919607877731323
0.3550713360309601
-0.4532073736190796
0.15400244295597076
0.22458678483963013
-0.0006181526114232838
0.011023624800145626
-0.04368620738387108
-0.008440092206001282
0.011390441097319126
-0.015135038644075394
-0.04645538330078125
-0.022319210693240166
-0.01443434040993452
0.06030364707112312
0.06412065774202347
-0.017618797719478607
0.02777431346476078
0.03180636838078499
0.08838433027267456
-0.04779134318232536
0.025483522564172745
0.007873707450926304
-0.03750130534172058
0.035456374287605286
-0.053879112005233765
0.029781581833958626
0.062107399106025696
0.005986084695905447
-0.0625172033905983
-0.017991049215197563
0.08558923751115799
0.055829063057899475
-0.008341907523572445
-0.0076034823432564735
0.05946802347898483
-0.031097756698727608
-0.027376584708690643
0.016012294217944145
-0.004149198066443205
-0.021991824731230736
-0.022130602970719337
-0.014391486532986164
0.012243826873600483
0.02240987867116928
0.06797938048839569
-0.021802064031362534
0.020838860422372818
-0.09187497943639755
0.049203529953956604
-0.06429464370012283
-0.08409155160188675
0.05471741408109665
0.05676458775997162
0.09093383699655533
-0.1565651297569275
0.7361070513725281
0.6293280124664307
0.3130209743976593
-0.44135573506355286
0.005510978866368532
0.39955565333366394
0.09242662787437439
0.04741955175995827
0.5367844700813293
0.18002673983573914
-0.14306549727916718
-0.08193374425172806
1.1250287294387817
-0.0655166283249855
-0.15191732347011566
0.5245490074157715
0.4769759476184845
-0.18024800717830658
-0.1360061764717102
0.389737993478775
-0.25232094526290894
0.11626933515071869
-0.5026865601539612
-0.21015794575214386
0.1058141365647316
0.09302656352519989
-1.053094506263733
0.23729479312896729
2.387497901916504
-0.004414775874465704
-0.0424148291349411
-0.014571004547178745
-0.03840366750955582
-0.07800927758216858
-0.012270843610167503
0.0053345682099461555
-0.05672122910618782
0.02823200263082981
-0.026705892756581306
0.07158871740102768
-0.06279246509075165
0.050546567887067795
-0.062290091067552567
-0.07327789813280106
0.12271981686353683
-0.1518353372812271
-0.07837682217359543
-0.014959946274757385
-0.07148861885070801
0.23246648907661438
0.20401617884635925
-0.2697582542896271
-0.20665612816810608
0.19862982630729675
-0.26300063729286194
0.09558779001235962
0.5182437300682068
-0.1270366758108139
0.6289483308792114
0.060538288205862045
0.35291627049446106
0.24670031666755676
-0.5635985136032104
-0.13269981741905212
0.05199328437447548
0.39412057399749756
0.5684215426445007
-0.7355830073356628
0.18217939138412476
0.3735564053058624
0.01068137027323246
0.3618311583995819
0.29114359617233276
0.748155415058136
-0.04681871831417084
-0.9801808595657349
0.4959898591041565
-0.36446666717529297
-0.15963537991046906
0.3916887938976288
0.41466450691223145
-0.26426225900650024
0.03018840216100216
0.16313742101192474
0.5176607966423035
0.17594920098781586
-0.29496341943740845
-0.23785269260406494
0.8477559089660645
0.08697891980409622
-0.6155133843421936
0.6820616126060486
3.2851338386535645
-0.46410897374153137
0.1745753288269043
-0.032175734639167786
0.3648403286933899
-0.22001518309116364
0.12301316112279892
-0.05269447714090347
0.5032228231430054
-0.02708323858678341
-0.22421345114707947
0.3598916828632355
-0.215844988822937
0.0294233039021492
-0.15893298387527466
0.19357171654701233
1.054755687713623
0.7028400897979736
-0.10145077109336853
-0.08368119597434998
0.05478554591536522
-0.0068523515947163105
-0.7114530205726624
0.3753478527069092
-0.05658305436372757
0.7061865329742432
0.31704583764076233
-0.36026519536972046
0.29844629764556885
1.0703990459442139
-0.04840923845767975
-0.06156139075756073
0.49231797456741333
-0.012805875390768051
0.20345936715602875
-0.5210027694702148
-0.20331496000289917
1.3589727878570557
0.15431204438209534
-0.260002076625824
0.3020954132080078
0.08311252295970917
-0.10402481257915497
-0.11683127284049988
-0.3326619863510132
0.08669006079435349
-0.408189058303833
-0.32671910524368286
1.6120675802230835
0.4474463164806366
0.4911673963069916
-0.031087253242731094
-0.25290441513061523
0.35666167736053467
0.23970673978328705
-0.117828868329525
-0.019537925720214844
1.0811944007873535
0.09390624612569809
0.1278122216463089
0.4297374188899994
0.8441489934921265
0.23532439768314362
0.4935801923274994
0.5529487133026123
-0.6001045107841492
0.09940021485090256
0.23991404473781586
0.9311280250549316
0.331853985786438
-0.32086944580078125
0.05812379717826843
0.5848255753517151
-0.21716953814029694
0.30878734588623047
0.6409795880317688
0.6334279775619507
0.12353954464197159
0.17650413513183594
0.3727586567401886
0.6372490525245667
0.5536714196205139
0.4279075860977173
-0.09205707907676697
0.3199321925640106
0.9840072989463806
0.3646751940250397
-0.024437066167593002
0.19853328168392181
0.19229602813720703
0.09054868668317795
0.25533992052078247
-0.17962047457695007
0.3094496726989746
0.19092513620853424
0.1426560878753662
1.3190112113952637
-0.00281881564296782
0.042446598410606384
0.04413197934627533
-0.009693538770079613
-0.0067347753793001175
0.0855977013707161
0.016763202846050262
0.02981375902891159
-0.08221800625324249
0.034916799515485764
-0.04470791295170784
0.003765051020309329
-0.01733858324587345
0.012949368916451931
-0.05161593109369278
0.014930262230336666
0.43504849076271057
0.12673543393611908
-0.11024797707796097
-0.6539879441261292
0.31959059834480286
-0.083895742893219
-0.22436462342739105
0.4340553879737854
0.033696115016937256
0.0668373554944992
0.25829097628593445
0.008518921211361885
0.23635785281658173
-0.06369024515151978
0.19038236141204834
2.10290265083313
-0.06780800968408585
0.035124629735946655
-0.025864219292998314
-0.014009292237460613
0.02365422248840332
-0.08853395283222198
0.012983535416424274
-0.02617061883211136
0.012910808436572552
-0.05926186591386795
-0.04891489818692207
0.017569255083799362
-0.026158301159739494
-0.004110073205083609
0.009109963662922382
-0.07116303592920303
0.04552571475505829
0.029475310817360878
-0.00949232466518879
0.1406306028366089
-0.034878723323345184
0.02696814201772213
-0.014708294533193111
-0.03661096841096878
0.0027777154464274645
-0.04194091632962227
0.016473643481731415
-0.01169286947697401
0.0006893696845509112
0.005587982013821602
-0.00879709329456091
-0.005900366231799126
0.23423513770103455
0.2771160304546356
-0.05650073289871216
-0.6601956486701965
0.7982367277145386
-0.49938398599624634
-0.3870636224746704
0.6246061325073242
0.3878452777862549
-0.11922919005155563
0.34166041016578674
0.3988424241542816
0.29020562767982483
1.2559465169906616
0.37011289596557617
0.5865039229393005
-0.4479842483997345
-0.04458249360322952
-0.22318466007709503
0.9182957410812378
-0.27431628108024597
0.45288094878196716
-0.07810673862695694
-0.18958084285259247
0.05649466812610626
0.01716083474457264
0.26294735074043274
1.459542155265808
0.03040001168847084
0.2841714024543762
0.3613632023334503
2.0853593349456787
-0.5819038152694702
-0.08367786556482315
-0.42595091462135315
0.5516786575317383
-0.16605237126350403
-0.028930529952049255
-0.2707822918891907
0.42070454359054565
-0.2818726599216461
0.010278510861098766
0.05542095750570297
0.027511315420269966
-0.030788695439696312
-0.2302989363670349
0.05792495608329773
2.1523854732513428
-0.20828114449977875
0.24869221448898315
0.19055597484111786
0.6275513172149658
0.763152539730072
0.23613698780536652
0.09380089491605759
0.6174579858779907
-0.016440225765109062
0.30397582054138184
0.3537602424621582
0.3629280924797058
0.14253708720207214
0.6545888781547546
0.1993652582168579
0.9667320251464844
-0.03954522684216499
0.13075405359268188
0.00318096112459898
-0.008312453515827656
-0.07749378681182861
-0.0746517926454544
0.1196097582578659
-0.03981805965304375
-0.01940787211060524
-0.00040405834442935884
0.047610096633434296
-0.32095959782600403
0.029857341200113297
0.07670556753873825
0.023596862331032753
-0.058737169951200485
-0.15715357661247253
0.17593929171562195
-0.6539075374603271
-0.2945321500301361
-0.15404602885246277
0.19883830845355988
-0.16976940631866455
0.06103332340717316
-0.03407089039683342
0.3071563243865967
-0.15549281239509583
-0.03950602933764458
0.11124991625547409
-0.03262009844183922
0.009137437678873539
0.4062410593032837
-0.040086328983306885
0.04848077520728111
0.051854878664016724
-0.003933032043278217
0.048675063997507095
0.06856974214315414
-0.05236276611685753
-0.06229792535305023
0.06167352944612503
0.04856360703706741
-0.03352997824549675
-0.0010369824012741446
0.018547512590885162
0.017851827666163445
0.07536491006612778
-0.05798894166946411
0.3719601333141327
-0.10280550271272659
-0.3991192877292633
0.3560386002063751
-0.6385279297828674
0.4616134464740753
0.35442405939102173
0.2568420469760895
0.28587183356285095
0.30923447012901306
0.023213816806674004
0.1617536097764969
0.17447207868099213
0.01625989004969597
0.09355247020721436
2.0536975860595703
0.0455755740404129
-0.008662493899464607
0.03457573801279068
-0.02683228813111782
0.05374035984277725
-0.04164998233318329
0.019410548731684685
-0.1679036021232605
0.029858052730560303
-0.04237470403313637
0.16836592555046082
0.013864176347851753
0.017681077122688293
0.13714182376861572
-0.02417808771133423
-0.022823253646492958
0.24228627979755402
0.44556793570518494
-0.1954430639743805
-0.5223979353904724
0.7043773531913757
-0.34561529755592346
-0.3991057276725769
0.4167506694793701
1.0067548751831055
-0.1506466567516327
0.4729125499725342
0.5639351606369019
0.4217270612716675
-0.03632114455103874
1.7956706285476685
0.8892982602119446
0.11156079173088074
0.8329009413719177
-0.4482004642486572
-0.451476514339447
-0.02680899016559124
-0.23802009224891663
0.24774114787578583
0.8326568603515625
0.17808684706687927
0.36137187480926514
0.1812053769826889
0.00024422677233815193
-0.06083117425441742
0.24198786914348602
0.32114657759666443
-0.3857719898223877
-0.03393600508570671
-0.012215114198625088
-0.04614578187465668
0.07254910469055176
-0.0074481540359556675
0.007765098474919796
0.041048936545848846
-0.0007728808559477329
-0.006996329873800278
-0.041563477367162704
0.009908521547913551
-0.0965764969587326
0.15338145196437836
-0.04798988997936249
0.02299669198691845
-0.051701199263334274
-0.4418092966079712
0.3446037173271179
-0.08034422993659973
0.4220018982887268
0.4713130593299866
-0.387082576751709
-0.08576792478561401
0.22352182865142822
-0.26946741342544556
0.09677507728338242
0.11443749815225601
0.08095084875822067
0.12123718857765198
0.030596306547522545
-0.13551926612854004
0.6859204769134521
0.007929938845336437
-0.02103332057595253
0.09220182150602341
-0.01761144958436489
-0.11623816937208176
-0.027449773624539375
-0.0048730578273534775
-0.0648127868771553
0.015428297221660614
0.017495667561888695
0.06519339978694916
0.00742295291274786
0.024607669562101364
-0.10602422058582306
-0.024829382076859474
0.0881991907954216
-0.025700753554701805
-0.11300095915794373
-0.04966358095407486
-0.04646826907992363
0.0055894372053444386
-0.009930580854415894
-0.007860795594751835
-0.02720571868121624
0.08775587379932404
-0.062171511352062225
-0.010704241693019867
0.06225844845175743
-0.01659085415303707
0.008604166097939014
-0.016717921942472458
-0.023082658648490906
-0.0038641723804175854
-0.002843797905370593
-0.04849884659051895
-0.03495562821626663
0.0005130012868903577
0.018955988809466362
-0.011063946411013603
-0.0041780355386435986
-0.035414863377809525
-0.031746890395879745
0.0195899847894907
-0.018365291878581047
0.070651575922966
-0.046562209725379944
-0.030392179265618324
-0.0005692308186553419
-0.18100540339946747
0.13047756254673004
-0.37409427762031555
0.3276512324810028
0.20341412723064423
0.21303637325763702
-0.4612797796726227
0.2610822916030884
-0.1221209391951561
0.27400317788124084
-0.01692955382168293
0.1889503002166748
0.0687461569905281
0.03826487064361572
-0.033131908625364304
1.4665801525115967
0.09785716980695724
-0.14009717106819153
-0.06997569650411606
0.4652401804924011
-0.10447864234447479
0.0067832632921636105
0.2068445086479187
0.8335739374160767
-0.2426144927740097
0.23850536346435547
0.3334532678127289
0.7291203141212463
0.13056476414203644
0.5057915449142456
0.9240479469299316
2.9573869705200195
-0.01750967651605606
-0.0027341782115399837
0.01398452464491129
-0.07441885769367218
-0.025525540113449097
0.026881150901317596
-0.015296737663447857
0.005616846494376659
-0.04188033193349838
-0.03168225660920143
0.06984663009643555
-0.13173213601112366
-0.02746697887778282
-0.013054423034191132
0.058585163205862045
-0.03865636885166168
-0.07793855667114258
-0.2029266655445099
-0.11790814995765686
-0.14603400230407715
0.2878386378288269
0.25279030203819275
0.0012924984330311418
-0.35735389590263367
0.1364513337612152
-0.3114487826824188
0.06187276914715767
0.31806448101997375
-0.08008421212434769
0.5070253610610962
0.009482942521572113
0.3974158763885498
-0.06163265183568001
-0.14074768126010895
-0.039822205901145935
-0.022545423358678818
0.3867669701576233
0.3647690415382385
-0.4848364293575287
-0.002452098298817873
0.4032406806945801
-0.07073365896940231
-0.2343769371509552
0.03958427906036377
0.30474695563316345
-0.01830330304801464
-0.9720733761787415
0.4162582457065582
-0.12994010746479034
-0.23119217157363892
-0.05714994668960571
0.2863408327102661
-0.4272352159023285
0.17678795754909515
0.16176269948482513
0.574249804019928
0.012408996000885963
0.22522878646850586
0.5326210856437683
0.3369431495666504
0.017122143879532814
0.19784057140350342
0.8714642524719238
3.1692636013031006
-0.5485019087791443
0.13020004332065582
-0.03383491188287735
-0.3171406686306
0.28698062896728516
-0.07072111964225769
-0.523465633392334
0.1468360722064972
-0.3589204251766205
-0.38337236642837524
-0.05185212567448616
0.03509194031357765
0.07575283944606781
-0.41921746730804443
-0.05282647907733917
1.6635658740997314
0.3643862009048462
-0.2513309419155121
-0.07321393489837646
-0.30378422141075134
-0.06175196170806885
-0.6487091779708862
0.26176953315734863
-0.0826680064201355
0.7484498620033264
-0.05183517187833786
0.007581289391964674
0.033233754336833954
0.4768123924732208
0.017451642081141472
0.1770409345626831
0.18601174652576447
-0.07783117145299911
0.1892586648464203
-0.06549244374036789
-0.17947296798229218
1.2144196033477783
-0.1799553483724594
-0.3274378478527069
0.4137742519378662
-0.011414940468966961
-0.052059754729270935
-0.24919141829013824
-0.38950830698013306
0.07603269815444946
-0.7046520709991455
-0.757186770439148
1.6757830381393433
0.27456986904144287
0.2810792028903961
-0.12653954327106476
0.48610395193099976
0.15294486284255981
-0.3089798092842102
-0.10894005745649338
0.04447948560118675
0.9566057324409485
0.215883269906044
0.07922899723052979
0.04314431548118591
0.9658458232879639
0.011590112932026386
0.28704699873924255
0.1804695427417755
-0.7291477918624878
0.1101612001657486
0.417276531457901
0.6674677133560181
0.49546927213668823
-0.1383703052997589
0.20894134044647217
0.698092520236969
-0.09511014819145203
0.19406257569789886
0.31107720732688904
0.6845700144767761
-0.03664248436689377
-0.0034034461714327335
0.2919507920742035
0.6572921276092529
0.5167499780654907
0.3745398223400116
0.37745729088783264
0.2160259336233139
1.0461905002593994
0.26247620582580566
-0.06027777120471001
0.42972680926322937
0.2280558943748474
0.13493341207504272
-0.01775185763835907
-0.0007696065586060286
0.2662910223007202
0.010714937001466751
-0.5959806442260742
1.097346544265747
-0.0006554771098308265
-0.016875015571713448
0.047287460416555405
-0.007713428232818842
-0.12741252779960632
0.017057396471500397
-0.020635219290852547
-0.029275506734848022
0.009074307046830654
0.05955520644783974
-0.0053393603302538395
-0.011194920167326927
-0.05470982566475868
0.0023221378214657307
0.019250083714723587
0.01842609792947769
0.34661591053009033
0.05505431815981865
0.3488474190235138
-0.5674281716346741
0.2736717462539673
-0.16087374091148376
-0.23371143639087677
0.6260063052177429
0.024783309549093246
0.029773447662591934
0.14998692274093628
0.003175231860950589
0.1824531853199005
-0.2960262596607208
-0.0637788474559784
2.244743824005127
0.028194798156619072
-0.031784456223249435
0.00926601979881525
-0.033647168427705765
-0.05347847566008568
-0.009651192463934422
-0.055068034678697586
0.007547016255557537
0.009913166984915733
-0.02494395151734352
-0.01998358592391014
-0.05028911679983139
0.041551653295755386
-0.15147748589515686
-0.01450142078101635
-0.05272892862558365
0.052526094019412994
0.04891248047351837
-0.001740108709782362
-0.013256111182272434
0.012341305613517761
0.010684006847441196
-0.058356720954179764
0.0626441016793251
0.04336412250995636
0.06506934762001038
-0.06452187895774841
-0.023622581735253334
0.06670825928449631
0.022816242650151253
-0.02823842689394951
-0.05194660276174545
0.16035477817058563
0.2809101641178131
0.1981726735830307
-0.18643124401569366
0.6859313249588013
-0.6381710171699524
-0.3474070131778717
0.6951979994773865
0.33112725615501404
-0.0007230824558064342
0.14018285274505615
0.17882046103477478
0.2279304414987564
0.9610949158668518
0.0232002642005682
0.15685871243476868
-0.46521082520484924
-0.059429753571748734
-0.14359575510025024
0.7023698687553406
-0.33510568737983704
0.17134547233581543
-0.18727044761180878
-0.1493273377418518
0.09911850839853287
0.028894824907183647
0.21886654198169708
1.4446464776992798
0.014598543755710125
0.22445589303970337
-0.2728317975997925
2.14614200592041
-0.7178322076797485
-0.08529259264469147
0.11322156339883804
0.6015623807907104
-0.26819783449172974
-0.09878044575452805
-0.1728895902633667
0.5150372982025146
-0.22068554162979126
-0.03469877317547798
-0.06525669991970062
-0.04993562772870064
-0.03401722013950348
-0.45553886890411377
-0.11698926240205765
2.228646993637085
-0.26805078983306885
0.3190053403377533
0.12456634640693665
0.5382326245307922
1.11789071559906
0.19600392878055573
0.1915988177061081
0.62332683801651
0.11108846962451935
0.29783669114112854
0.3775634467601776
0.12288451939821243
-0.05692560598254204
0.6317176222801208
-0.5662384629249573
1.0623687505722046
-0.012114097364246845
0.06309720128774643
0.026791682466864586
-0.04451843351125717
-0.011295650154352188
-0.00913419108837843
0.16851532459259033
-0.0438888818025589
-0.021027319133281708
-0.005397633649408817
0.008135170675814152
-0.2605011463165283
-0.13325706124305725
0.11342839151620865
-0.12308376282453537
-0.037094827741384506
-0.23424038290977478
0.26871412992477417
-0.7334893941879272
-0.2380770444869995
-0.23718111217021942
0.08014579117298126
0.055422648787498474
0.013012008741497993
-0.02408502995967865
0.11596325784921646
-0.31018275022506714
-0.14890018105506897
0.10390382260084152
0.0544431209564209
-0.022240975871682167
0.5006943941116333
0.053495991975069046
0.0058808038011193275
-0.07316549867391586
-0.09569862484931946
-0.01941906102001667
0.0370626263320446
-0.004308820702135563
0.03552303463220596
0.03545096516609192
-0.018735025078058243
0.022980276495218277
-0.04893184080719948
-0.015992391854524612
0.03977135568857193
0.01333741843700409
-0.018248792737722397
0.3352753818035126
-0.19712629914283752
0.21842925250530243
0.2674473524093628
-0.7518777251243591
0.18392087519168854
0.2391975224018097
0.3653533160686493
0.3411271274089813
0.25757965445518494
-0.2003617286682129
0.19509141147136688
0.12103225290775299
-0.12866902351379395
-0.415841668844223
2.001271963119507
-0.08559366315603256
-0.051670487970113754
-0.09482330828905106
0.0024876899551600218
0.041634462773799896
-0.016562890261411667
0.05049874633550644
-0.14465783536434174
-0.06066649779677391
0.013100756332278252
0.08778500556945801
-0.024679260328412056
-0.057058095932006836
-0.027405640110373497
-0.020571667701005936
-0.06134017929434776
0.2692672312259674
0.46508926153182983
0.2570946216583252
0.1758483201265335
0.6370194554328918
-0.3213258683681488
-0.21045444905757904
0.528011679649353
0.765275239944458
-0.09180554747581482
0.31370529532432556
0.517945408821106
0.4848385751247406
-0.41866642236709595
1.3423157930374146
0.4690616726875305
-0.0058294422924518585
0.7493114471435547
-0.38774043321609497
0.09393712133169174
0.02984347566962242
-0.519451916217804
0.23288920521736145
0.8019843697547913
0.008963989093899727
0.340819776058197
0.32549336552619934
-0.08976801484823227
0.06061157211661339
0.0758202075958252
0.06379364430904388
-0.4874216616153717
-0.05124747380614281
-0.0186872910708189
-0.05362701788544655
0.01519959419965744
0.0543132983148098
-0.06549673527479172
-0.01031162217259407
-0.06570647656917572
0.05044863745570183
-0.04924435541033745
0.04306770861148834
-0.00580968800932169
-0.015379653312265873
0.04586154595017433
0.020864740014076233
-0.07409124821424484
-0.663567066192627
0.2179071307182312
0.15892373025417328
0.43094298243522644
0.5482003092765808
-0.2795652449131012
-0.17092300951480865
0.12518706917762756
-0.3829820156097412
-0.033889807760715485
-0.16281594336032867
0.21762031316757202
-0.05284082889556885
-0.24878887832164764
-0.312139630317688
0.13467064499855042
0.08516265451908112
0.0777004137635231
-0.06136150658130646
-0.017972860485315323
-0.018490031361579895
0.06866862624883652
0.01957119069993496
-0.024399984627962112
-0.06124453246593475
0.10946352034807205
0.028390875086188316
-0.017823588103055954
0.011890558525919914
0.013199469074606895
-0.023761233314871788
-0.02946876734495163
0.005953298415988684
-0.05417804419994354
-0.006347788032144308
-0.012082467786967754
0.0017486234428361058
0.012804587371647358
0.05521900951862335
0.14527106285095215
0.05601925775408745
-0.013563897460699081
-0.018281633034348488
0.09306415170431137
0.01736503653228283
-0.02880636230111122
0.026161933317780495
0.06035070866346359
-0.022356923669576645
-0.08271846175193787
-0.007428478915244341
0.035155877470970154
0.03582414984703064
0.021691450849175453
0.005408465396612883
-0.023155996575951576
-0.05570786073803902
-0.05012268200516701
0.026658495888113976
0.058233294636011124
0.03864678367972374
-0.019554324448108673
0.004930734168738127
-0.019767167046666145
-0.29741865396499634
0.13335640728473663
-0.15026190876960754
0.31708359718322754
0.15014009177684784
0.13901427388191223
-0.37358593940734863
0.3038504421710968
-0.1486118882894516
0.20675991475582123
-0.11022255569696426
0.18391340970993042
0.0532069131731987
-0.029836582019925117
-0.6500697135925293
1.5037769079208374
0.08068852126598358
-0.15038315951824188
0.530002236366272
0.4359380304813385
-0.0781058669090271
0.11213646829128265
0.29224348068237305
1.0397922992706299
-0.05737621337175369
0.140889510512352
0.1263418197631836
0.7946465611457825
0.015025932341814041
0.3143720030784607
0.729346513748169
2.1950459480285645
0.011277343146502972
0.043455541133880615
-0.011296933516860008
-0.029201824218034744
-0.06208066642284393
0.022121772170066833
0.0049100532196462154
-0.04125368967652321
-0.002736870665103197
0.04735540971159935
0.05118319019675255
-0.12506036460399628
-0.004911262542009354
0.10591184347867966
0.07711581140756607
0.0005508341128006577
-0.010508401319384575
-0.007528387475758791
-0.15812858939170837
-0.08052805811166763
0.2888881266117096
0.17671480774879456
-0.08817584067583084
-0.2709638178348541
0.08327455818653107
-0.19839027523994446
0.08794867992401123
0.49756813049316406
-0.014536414295434952
0.425814151763916
0.010136364959180355
0.4637402892112732
-0.02033824473619461
-0.40693768858909607
-0.23757044970989227
0.2852858901023865
0.39099693298339844
0.2832452356815338
-0.3495699167251587
-0.07610538601875305
0.13941986858844757
0.03856205195188522
-0.2080511748790741
-0.49424073100090027
0.21694640815258026
-0.1657758355140686
-1.0913655757904053
0.2443850189447403
-0.13113191723823547
-0.2585223913192749
0.49650925397872925
0.007591546978801489
-0.489266574382782
0.1531587690114975
0.2828574776649475
0.6450920701026917
-0.012857671827077866
0.07342860102653503
0.25053223967552185
0.5582202672958374
0.06674576550722122
0.038246892392635345
0.35325154662132263
3.039358139038086
-0.5835837125778198
0.12934987246990204
-0.07618234306573868
-0.3359644412994385
0.38488584756851196
-0.054594650864601135
-0.41452017426490784
0.399289071559906
-0.39542391896247864
-0.3915194869041443
-0.10666117072105408
-0.02449689991772175
-0.038466185331344604
-0.6658568382263184
-0.05010931193828583
1.908401608467102
0.23306667804718018
-0.37628328800201416
-0.1122700497508049
0.16378141939640045
-0.07522380352020264
-0.7910494208335876
0.19509577751159668
-0.10160644352436066
0.5747236609458923
-0.060555264353752136
-0.039977170526981354
-0.31292954087257385
0.6437540650367737
0.03324390947818756
-0.1924293339252472
0.027721179649233818
-0.04232883080840111
-0.0947054848074913
-0.4513495862483978
-0.25094062089920044
0.7960160374641418
0.028712140396237373
-0.13111668825149536
-0.3464379608631134
0.0012692516902461648
0.1868583709001541
-0.1924692690372467
0.3542616665363312
0.14078952372074127
-0.26496055722236633
-0.6427804231643677
1.4641366004943848
0.9414079785346985
0.24508686363697052
-0.3027231693267822
-0.08872120827436447
0.04542689770460129
-0.3427366316318512
-0.30446958541870117
0.24254214763641357
0.4069477319717407
0.20711517333984375
0.1157417893409729
-0.1374696046113968
1.2634854316711426
0.38347500562667847
0.416194349527359
0.2852267622947693
-0.4148123562335968
0.15562713146209717
0.09075085818767548
0.7090654373168945
0.24529746174812317
-0.2877698242664337
0.03993453457951546
0.45407721400260925
-0.1182917132973671
-0.06061721593141556
0.4074157178401947
0.4501800239086151
0.11334113031625748
0.12301987409591675
-0.041395630687475204
1.11907160282135
0.5388748049736023
0.3226005733013153
-0.13976110517978668
0.43306660652160645
0.37742388248443604
0.2908182144165039
0.34604519605636597
-0.6148582100868225
0.2998575270175934
-0.12113616615533829
-0.1945013552904129
0.26786214113235474
0.19596290588378906
0.09393803030252457
-0.6051813960075378
1.0856715440750122
-0.11740294098854065
0.06927185505628586
0.04693140089511871
-0.057378608733415604
-0.09714911878108978
0.023540323600172997
0.08167323470115662
-0.05026029050350189
0.01248712558299303
-0.05134875699877739
0.0892728790640831
-0.09881265461444855
0.038888998329639435
-0.000438042072346434
-0.03958701342344284
0.03661423921585083
0.25147756934165955
0.0004110505396965891
-0.02328297309577465
-0.37207454442977905
0.31575077772140503
-0.06301122158765793
-0.12445294111967087
0.30791178345680237
-0.014132274314761162
0.2905072569847107
-0.0220276340842247
0.5626226663589478
0.2954563796520233
0.046300455927848816
0.07534674555063248
1.9061005115509033
-0.053334955126047134
0.011564594693481922
-0.026091890409588814
0.011176987551152706
-0.03210127353668213
0.09189121425151825
-0.017624173313379288
0.02637658081948757
0.04483768343925476
0.009766754694283009
0.060335077345371246
0.052984245121479034
0.02830076590180397
-0.003910744097083807
0.058663975447416306
0.012156756594777107
0.0372873991727829
-0.03180358186364174
0.028084009885787964
-0.04195701330900192
0.007756907492876053
-0.01625867187976837
0.04312906414270401
-0.0313103049993515
0.11031612008810043
-0.039857570081949234
0.011964811943471432
-0.026313623413443565
-0.060688767582178116
0.020015820860862732
-0.0956762358546257
0.035893332213163376
0.5172756910324097
0.12220717966556549
-0.09056758135557175
-0.5350666046142578
0.6090771555900574
-0.8889853358268738
-0.2264738231897354
0.4453965425491333
-0.2857898771762848
0.21828363835811615
0.1733313947916031
0.7011175155639648
0.49819183349609375
1.1497838497161865
0.23025895655155182
0.24941648542881012
-0.26129868626594543
-0.304740846157074
-0.36949270963668823
0.7077870965003967
-0.545240044593811
0.6157587170600891
-0.23764249682426453
-0.7668970227241516
0.12376420944929123
-0.21659161150455475
0.029900221154093742
1.4324536323547363
0.21721692383289337
-0.0019554635509848595
-0.37760552763938904
2.093613386154175
-0.5195173621177673
-0.3171607255935669
-0.2542729079723358
0.55140221118927
-0.20887330174446106
-0.0063396599143743515
-0.22194688022136688
0.26897838711738586
-0.18707002699375153
-0.12015518546104431
-0.35468196868896484
0.304594486951828
0.1863701194524765
-0.35948681831359863
-0.1250615119934082
1.777917742729187
0.005246280692517757
0.1308322548866272
-0.024774225428700447
0.5607521533966064
0.3327009975910187
0.3063480257987976
0.057688016444444656
0.009219602681696415
0.011275749653577805
0.11088526993989944
0.3468610942363739
0.08433409035205841
0.20692655444145203
0.41007497906684875
-0.7474232316017151
1.0879096984863281
-0.09293270111083984
-0.019293522462248802
-0.03787778317928314
-0.03371886536478996
0.003947923891246319
-0.01657778210937977
0.22396427392959595
-0.10825962573289871
0.021567123010754585
0.01038562972098589
0.08181968331336975
-0.21478503942489624
0.046484533697366714
0.16289831697940826
-0.10875068604946136
-0.06321701407432556
-0.17027828097343445
0.14210166037082672
-0.528222918510437
-0.318721741437912
-0.24597159028053284
0.15023742616176605
-0.29242321848869324
0.06393133848905563
-0.07614589482545853
0.3161475956439972
-0.17877686023712158
-0.07849577814340591
0.060111284255981445
-0.009832486510276794
0.1443350613117218
0.4186464548110962
0.02980615384876728
0.006854947190731764
-0.012800310738384724
-0.041664838790893555
0.05817203223705292
-0.008602400310337543
-0.03525856137275696
0.01593068800866604
0.08214467763900757
0.015524535439908504
-0.03704872727394104
-0.007010167930275202
0.04610351473093033
-0.010344954207539558
-0.04671603441238403
-0.02091897465288639
0.45718204975128174
-0.29678452014923096
-0.45095109939575195
0.34905314445495605
-0.7963483929634094
0.5805508494377136
0.5514882206916809
-0.5394325256347656
0.39156633615493774
-0.04797462373971939
-0.28826531767845154
0.48150256276130676
0.15365400910377502
-0.0902797281742096
-0.3584711253643036
2.1039726734161377
-0.05943666398525238
0.0008480587275698781
-0.03563007712364197
-0.052441298961639404
0.0351153165102005
0.04388013109564781
-0.08881650865077972
-0.2320796549320221
-0.03012477234005928
0.021757708862423897
-0.037089649587869644
-0.04458402097225189
0.06502436101436615
-0.002148669445887208
-0.04006597027182579
-0.03363129496574402
0.6607884764671326
0.3508892059326172
-0.28445127606391907
-0.21331743896007538
0.3895352780818939
-0.5607020258903503
-0.00458786403760314
0.4135532081127167
0.13760393857955933
0.22144433856010437
0.12330575287342072
0.6208597421646118
0.9277039766311646
0.1487242728471756
1.506973147392273
0.5605323314666748
0.1766328513622284
0.718208909034729
-0.29395854473114014
-0.49082762002944946
-0.2010015994310379
-0.5021315217018127
0.37258508801460266
0.7055097818374634
-0.2567760646343231
0.31763896346092224
0.09890659153461456
-0.1693539172410965
0.5471302270889282
0.006643233820796013
0.23204123973846436
-0.47017404437065125
0.038631878793239594
-0.04002059996128082
0.0407954566180706
0.030518995597958565
0.025118891149759293
0.04475056380033493
-0.0859561562538147
-0.022880246862769127
0.005555497948080301
-0.024278976023197174
-0.008888499811291695
-0.08809707313776016
-0.03894190490245819
-0.014239640906453133
0.008836965076625347
-0.05360543355345726
-0.30775102972984314
0.19959299266338348
-0.14625608921051025
0.30189049243927
0.46821457147598267
-0.20209628343582153
-0.10300403088331223
0.05477931350469589
-0.5243588089942932
-0.2968589961528778
-0.4782455265522003
0.4275631606578827
0.3676375448703766
0.049958646297454834
-0.502284824848175
0.1216171532869339
0.004592055454850197
-0.026224058121442795
-0.05375708267092705
-0.029885876923799515
-0.0383044108748436
0.06750643253326416
0.053933367133140564
-0.05823303386569023
0.025300923734903336
-0.04102800041437149
0.028908343985676765
-0.022095195949077606
-0.05800532549619675
-0.058229751884937286
-0.019282951951026917
-0.037495773285627365
0.06716460734605789
0.013943055644631386
0.016805997118353844
0.06725497543811798
-0.007855860516428947
-0.03296123072504997
0.01233629509806633
0.03824704885482788
0.052223268896341324
-0.0807466134428978
-0.04249272122979164
0.002045121043920517
-0.04315942898392677
-0.005211101844906807
-0.035946428775787354
-0.033188339322805405
-0.05611921101808548
-0.04062259569764137
-0.056210678070783615
-0.00528512941673398
-0.04863086715340614
-0.05989403650164604
-0.03866519778966904
-0.07863451540470123
-0.006550389342010021
0.015073556452989578
0.06328005343675613
0.05356062576174736
0.062132835388183594
-0.017358822748064995
0.048446185886859894
-0.053865984082221985
-0.056578777730464935
-0.15548846125602722
-0.3498065173625946
0.33585596084594727
-0.06613411754369736
0.3545352518558502
-0.1813211888074875
-0.30614930391311646
-0.08250825852155685
0.17279526591300964
-0.2713680565357208
1.0953534841537476
0.20764417946338654
-0.11833460628986359
-0.4820840656757355
1.20619797706604
-0.05068528652191162
-0.19270145893096924
-0.005469069816172123
0.4190264642238617
-0.2657466232776642
0.05034083500504494
0.4108933210372925
0.8354341983795166
-0.050971806049346924
-0.01248248852789402
0.21889768540859222
0.9599443078041077
0.1596468836069107
0.4602135419845581
0.7221192717552185
2.1142263412475586
-0.045490942895412445
0.00212688697502017
0.06511423736810684
-0.03638370335102081
-0.05739182233810425
0.004615520592778921
0.042962446808815
-0.026856087148189545
0.013906939886510372
0.013093989342451096
-0.053969696164131165
-0.08623351901769638
-0.007520129904150963
0.018210921436548233
-0.021367527544498444
-0.006713010836392641
-0.11571609228849411
-0.09353470802307129
-0.16173996031284332
-0.03843829035758972
0.24294453859329224
0.18077711760997772
-0.12226720154285431
-0.2584938406944275
0.21420295536518097
-0.3765866160392761
-0.04616851359605789
0.5106948018074036
-0.20868828892707825
0.5100825428962708
-0.07040001451969147
0.331447571516037
0.3393867313861847
-0.345822811126709
-0.21300114691257477
-0.0855955109000206
0.42545077204704285
0.2857513725757599
-0.6341941952705383
-0.13790519535541534
-0.1150219589471817
-0.18163946270942688
0.33006659150123596
-0.16123630106449127
0.6596301794052124
-0.09681419283151627
-0.8327810168266296
0.2694428861141205
-0.21387290954589844
-0.4519314169883728
-0.056811679154634476
0.14639340341091156
-0.3509450852870941
0.06849144399166107
0.38834407925605774
0.09738674759864807
0.16306714713573456
-0.04311515390872955
0.08841108530759811
0.5175430774688721
0.1312553435564041
0.1433008313179016
0.2902417778968811
3.0427615642547607
-0.6009663939476013
-0.0041939434595406055
-0.02015901729464531
-0.2739139199256897
0.14284981787204742
-0.02685188315808773
-0.7001307010650635
0.2921673655509949
-0.279933363199234
-0.017911234870553017
-0.12190108001232147
0.07070247083902359
0.09054196625947952
-0.28146642446517944
0.025100450962781906
1.4666938781738281
0.6646437644958496
-0.17248110473155975
-0.26607176661491394
-0.21564163267612457
-0.1619865447282791
-0.8417637348175049
0.30821505188941956
-0.2245553582906723
0.05659204721450806
0.11069262772798538
-0.12103753536939621
-0.25860464572906494
0.980279803276062
0.1290891170501709
-0.05466851964592934
-0.14619973301887512
0.15840919315814972
0.1704498529434204
0.08500758558511734
-0.11712978780269623
1.1805005073547363
-0.08979272842407227
0.36056819558143616
-0.15054769814014435
0.0055574653670191765
0.2221427708864212
-0.22402764856815338
0.23776653409004211
0.2678551971912384
-0.7441436648368835
-0.27064773440361023
1.793885588645935
0.5710389614105225
0.27400779724121094
-0.036894965916872025
0.5189681053161621
0.15547476708889008
-0.4296344220638275
-0.11936651170253754
0.7552372813224792
1.2679716348648071
0.07320600003004074
0.058211799710989
-0.25558358430862427
1.1748130321502686
0.108797587454319
0.08540768176317215
0.6776668429374695
-0.5880728363990784
0.13733965158462524
0.6408935785293579
0.8859891295433044
0.3731152415275574
-0.1471477597951889
0.5602997541427612
0.6822920441627502
-0.13573463261127472
-0.28873002529144287
0.2343190461397171
0.7862867712974548
-0.079918272793293
0.034178007394075394
-0.0390128493309021
0.9705917835235596
0.5555304884910583
0.26535940170288086
0.640259325504303
0.5457254648208618
0.9277239441871643
0.043235477060079575
0.6767491698265076
0.12567093968391418
0.1399938464164734
0.026941364631056786
-0.3314163088798523
0.6024312973022461
0.20017755031585693
-0.08955737948417664
0.03759761527180672
0.964580774307251
-0.021542616188526154
0.03232278674840927
-0.0023679120931774378
-0.012023590505123138
-0.013353675603866577
0.027456091716885567
-0.012732177041471004
-0.033959634602069855
-0.0033918358385562897
-0.1057199165225029
-0.03044479712843895
0.03238151594996452
-0.008396582677960396
-0.005430546589195728
0.014065881259739399
0.022774415090680122
0.4222269654273987
0.08194667845964432
0.3535304665565491
0.034056056290864944
0.36688631772994995
-0.0804397463798523
0.5636826753616333
0.40084630250930786
-0.0269415732473135
0.20350734889507294
-0.19832052290439606
0.6990517973899841
0.20806074142456055
-0.4101129472255707
0.2669912278652191
1.978620171546936
-0.008513588458299637
0.05798577517271042
-0.05371834337711334
-0.04077397659420967
-0.0820096805691719
-0.0022103029768913984
0.041732851415872574
0.018168671056628227
0.02333870157599449
0.0649057999253273
0.09306184202432632
-0.053350094705820084
-0.012722769752144814
-0.024065589532256126
-0.021676475182175636
-0.01520711462944746
0.013125392608344555
0.07456129044294357
0.021860582754015923
-0.006239354144781828
-0.08385969698429108
0.009375168941915035
-0.04200775548815727
-0.005533464718610048
0.04249519482254982
-1.542067911941558e-05
0.04653392732143402
0.011333056725561619
0.07951324433088303
0.027250532060861588
-0.10779040306806564
0.008356544189155102
0.19211731851100922
0.16959406435489655
0.11908067017793655
0.05853907763957977
0.6544082760810852
-0.5800182819366455
0.39785081148147583
0.758672833442688
0.46729564666748047
0.02517714723944664
0.11595990508794785
0.7622209191322327
0.205789253115654
0.6694153547286987
0.15528161823749542
0.6249544024467468
-0.39337119460105896
-0.06941988319158554
0.2575555741786957
0.8986030220985413
-0.275223970413208
0.28518950939178467
0.12693332135677338
-0.19045484066009521
0.16905111074447632
-0.1510673463344574
-0.06174545735120773
1.3087356090545654
-0.14140520989894867
0.13199642300605774
0.13531610369682312
2.1757240295410156
-0.61183100938797
0.004398217424750328
0.1804402619600296
0.7005219459533691
-0.08372151851654053
-0.21085965633392334
0.39940378069877625
0.1748044490814209
-0.22530028223991394
-0.31014367938041687
-0.41874000430107117
0.24440856277942657
0.023719830438494682
-0.5100448727607727
0.09313591569662094
2.06479549407959
-0.1433955281972885
0.3772580921649933
0.4005943536758423
0.6545991897583008
0.6233648061752319
0.21435874700546265
0.47127899527549744
0.6770362854003906
0.006482829339802265
0.21857555210590363
-0.005522775463759899
0.45719167590141296
0.09257476776838303
0.48755255341529846
0.01228004414588213
1.062383770942688
0.025557516142725945
-0.02286737598478794
-0.04008971154689789
-0.08153416961431503
0.04448464512825012
-0.039563532918691635
0.1636851280927658
-0.19330036640167236
-0.06609508395195007
-0.03577445447444916
-0.01362086832523346
-0.24561145901679993
0.0549226813018322
0.08024521917104721
-0.04169096052646637
0.006794932764023542
-0.28702661395072937
0.19609113037586212
-0.8350076079368591
-0.2278355062007904
-0.22498391568660736
0.138427272439003
-0.21375197172164917
-0.018887218087911606
-0.03717552497982979
0.2750896215438843
-0.2060043215751648
-0.13504348695278168
0.10672592371702194
-0.07854259014129639
0.13568679988384247
0.514405369758606
-0.0093459477648139
0.07027436047792435
0.057661183178424835
0.025586260482668877
0.06550950556993484
0.044017061591148376
0.024114327505230904
0.03200797736644745
0.03020484931766987
-0.008056494407355785
-0.02959485724568367
0.017998212948441505
0.016971230506896973
-0.08296556770801544
-0.0161148589104414
-0.007434843108057976
0.5412643551826477
-0.23146286606788635
0.24473905563354492
0.27003222703933716
-0.6849731206893921
0.15575912594795227
0.8747428059577942
0.06617453694343567
0.39741086959838867
0.029291821643710136
-0.3306092619895935
0.5640761852264404
0.1475462168455124
-0.2150976061820984
0.03179001435637474
1.9920744895935059
-0.03410246968269348
0.08609102666378021
-0.012431900016963482
0.02843056246638298
0.00922772940248251
-0.15224431455135345
0.02046937122941017
-0.23882727324962616
0.008011703379452229
-0.03696425259113312
0.0072084590792655945
-0.01379640307277441
0.021759549155831337
-0.09226546436548233
-0.01022311020642519
-0.048048023134469986
0.4209108054637909
0.32044732570648193
0.08234871178865433
0.5181728005409241
0.5217665433883667
-0.3665836453437805
0.1808442920446396
0.4957987666130066
0.973586916923523
0.11169395595788956
-0.13193829357624054
0.671655535697937
0.586211621761322
-0.36313071846961975
1.359786868095398
0.8935818076133728
-0.03441778942942619
0.6240606904029846
-0.48450347781181335
-0.015946021303534508
-0.10136072337627411
-0.5007293820381165
0.3945643901824951
1.127367615699768
0.1997491419315338
0.3529605269432068
0.2975977659225464
-0.3067373037338257
0.26084139943122864
0.21554513275623322
-0.21207597851753235
-0.20889118313789368
-0.03189801052212715
0.014174873940646648
-0.13883191347122192
-0.009828531183302402
3.2344301871489733e-05
-0.029649129137396812
0.016071779653429985
0.004503266420215368
-0.023216214030981064
0.07336297631263733
-0.007702782284468412
-0.019798269495368004
-0.002285484690219164
-0.02536308765411377
-0.018118219450116158
0.08663582056760788
-0.3642142117023468
0.4000117778778076
0.2761071026325226
0.6884579062461853
0.48760268092155457
-0.34620222449302673
0.39936235547065735
0.35416433215141296
-0.05647673085331917
-0.3587786853313446
-0.703689455986023
0.2086631953716278
0.060113612562417984
-0.3673706650733948
-0.18450480699539185
0.441328763961792
0.06467835605144501
0.02213345095515251
0.018836284056305885
-0.032257240265607834
0.042270638048648834
-0.025772668421268463
-0.03132578358054161
0.10598743706941605
0.058655645698308945
0.0041257115080952644
-0.013889056630432606
-0.05080493912100792
-0.031728968024253845
0.08448940515518188
0.07809648662805557
0.03739504516124725
0.020604602992534637
0.005027967970818281
-0.07688208669424057
0.021486196666955948
-0.037091631442308426
0.04700704291462898
0.012487701140344143
-0.05369267612695694
-0.053978364914655685
0.002369073685258627
0.020970452576875687
0.0006590891280211508
-0.012980213388800621
0.05458832159638405
-0.12848369777202606
0.09159806370735168
-0.11618472635746002
-0.023197224363684654
0.00171424332074821
0.02799326367676258
0.06427547335624695
0.04275379702448845
-0.016694888472557068
-0.03120533935725689
-0.0016202955739572644
0.0028638902585953474
-0.06333862245082855
-0.046244505792856216
0.05566978082060814
-0.011717216111719608
0.02548012137413025
0.038442615419626236
-0.2685804069042206
0.15022143721580505
-0.0425669364631176
0.4209866523742676
0.14330025017261505
0.026994524523615837
0.25216713547706604
0.17328670620918274
-0.09657379984855652
0.09368036687374115
-0.5368213653564453
1.2463674545288086
0.09949576109647751
-0.10615256428718567
0.004038231447339058
1.4304075241088867
0.12358881533145905
-0.1977868676185608
0.7053428888320923
0.3093443512916565
-0.21517740190029144
-0.20367500185966492
1.0274027585983276
0.8102028369903564
-0.18396084010601044
-0.10109280794858932
0.23209330439567566
0.7767431139945984
0.03871270641684532
0.19966481626033783
0.858130931854248
2.9381215572357178
-0.02823532186448574
8.722056372789666e-05
-0.1176443099975586
0.0070182341150939465
-0.06900996714830399
-0.004482257179915905
0.07744870334863663
-0.0037945255171507597
0.05656593665480614
-0.009338525123894215
-0.012031842954456806
-0.2843891978263855
-0.04396626725792885
-0.02183053083717823
-0.062478095293045044
-0.061780933290719986
-0.09178641438484192
-0.11610440164804459
-0.20343853533267975
-0.1156594380736351
0.1638879030942917
0.22903451323509216
-0.26208069920539856
-0.46008574962615967
0.19360928237438202
-0.34578263759613037
-0.05140728875994682
0.5292935371398926
-0.017962278798222542
0.2909068465232849
-0.029712850227952003
0.3729906678199768
0.14208848774433136
-0.5760915875434875
-0.2716236710548401
0.21891948580741882
0.3913302421569824
0.14830592274665833
-0.5394266247749329
0.14004866778850555
0.43951404094696045
-0.21651765704154968
0.20241998136043549
-0.3710957169532776
0.5478929281234741
-0.21206635236740112
-1.202999472618103
0.4116158187389374
-0.0990350991487503
-0.2762067914009094
0.5180364847183228
0.1015072762966156
-0.3590356409549713
0.026503460481762886
0.8156308531761169
0.35577714443206787
-0.03600826859474182
-0.09593509882688522
0.1803113967180252
0.5265244245529175
0.0077853333204984665
-0.2035282999277115
0.6888593435287476
3.191685199737549
-0.4909876883029938
0.15284472703933716
0.03715461120009422
0.0872030109167099
0.3174741864204407
-0.033555224537849426
0.22204682230949402
0.1982768028974533
-0.47578275203704834
-0.241659477353096
-0.40686896443367004
0.15664701163768768
0.07082048058509827
-0.7021843791007996
0.17997294664382935
1.6893043518066406
0.5328785181045532
-0.25595584511756897
-0.09973455220460892
0.13560912013053894
-0.20613107085227966
-0.6569036245346069
0.19212903082370758
0.2604901194572449
0.7277318239212036
-0.11559616774320602
-0.22427596151828766
-0.3785121440887451
0.7019338011741638
0.01306428387761116
-0.2893102765083313
0.25798648595809937
-0.41033729910850525
-0.569336473941803
-0.5004323720932007
-1.0062370300292969
-0.6937029361724854
-0.2749084234237671
-0.6744192838668823
-0.7072027921676636
-0.3388844430446625
-0.27039089798927307
0.01091640442609787
-0.5432916283607483
-0.46798908710479736
1.9509409666061401
-0.10035882145166397
-2.28267240524292
-1.3791868686676025
-0.7199367880821228
-0.6256557703018188
-1.1048786640167236
-0.6790832877159119
-0.37109795212745667
-0.41024157404899597
-1.1152302026748657
-1.6420918703079224
-0.39770394563674927
-0.3383494019508362
-0.8106769323348999
-1.2239936590194702
-0.3075639307498932
1.760807991027832
-0.889122724533081
0.21320638060569763
-1.2317558526992798
-1.0137046575546265
-1.4546607732772827
-0.36469215154647827
0.00023275756393559277
-0.6142279505729675
-1.213107943534851
0.05333675816655159
-0.4368605315685272
-0.8654937148094177
-1.0219016075134277
-0.2908139228820801
0.9971117377281189
-0.41977259516716003
-2.2587409019470215
-0.8982908725738525
-1.1372798681259155
-0.7068360447883606
-1.4776225090026855
-0.46226638555526733
-0.5905324816703796
-0.9731597304344177
-0.5183576941490173
-0.6595942378044128
-0.241536945104599
-0.3711060881614685
-0.8139903545379639
-0.5131538510322571
1.6861668825149536
-0.07984980195760727
-2.176068067550659
-0.11526992172002792
0.0037678759545087814
-0.1038205549120903
0.063325434923172
-0.04353463649749756
-0.04078230634331703
0.00816681981086731
0.06536205112934113
-0.07106674462556839
0.05403686314821243
0.08649478107690811
-0.02171599492430687
-0.025990035384893417
0.049600739032030106
-0.0043681832030415535
0.012353884987533092
-0.7360914945602417
-0.5543246865272522
-0.7126361131668091
-0.7799490690231323
-0.4170795977115631
-0.17004498839378357
-0.846734344959259
-1.112107276916504
-0.3086910545825958
-0.740570068359375
-0.4590180814266205
-0.8809685111045837
-0.4869822859764099
1.90837824344635
-0.922565221786499
-2.6692075729370117
0.04821818694472313
0.01271764375269413
-0.10009045898914337
0.07184094935655594
0.026446478441357613
-0.015076094307005405
0.008463824167847633
-0.052306510508060455
-0.015908753499388695
0.02505977265536785
0.034390196204185486
-0.028368618339300156
0.021972035989165306
0.0038523946423083544
0.053225841373205185
0.008350000716745853
0.03269360959529877
-0.06492068618535995
0.040113989263772964
0.07320065051317215
-0.03687545284628868
0.039708398282527924
-0.0503663569688797
-0.026529386639595032
-0.0559215247631073
-0.03173156455159187
-0.024051688611507416
-0.07613164186477661
-0.017505833879113197
0.04644180089235306
0.11590801179409027
-0.0012426215689629316
-1.2873581647872925
-0.9366335868835449
-0.7762934565544128
-0.8458821177482605
-1.3929551839828491
0.025175927206873894
-0.926289439201355
-1.8011609315872192
-0.6965813636779785
-0.6235109567642212
-0.608822226524353
-1.337892770767212
-0.5855588316917419
0.5513733625411987
0.7814106345176697
-0.6279805898666382
-0.09582517296075821
-0.1265442818403244
-0.19747477769851685
-1.2773466110229492
-0.06331967562437057
-0.6131321787834167
-0.3470862805843353
-0.041047047823667526
-0.49149420857429504
-0.09667661786079407
-0.4207420349121094
-1.7415858507156372
-0.2782580256462097
0.9515976905822754
0.0839124396443367
-2.3256444931030273
0.07530207186937332
-0.30937352776527405
-0.7033679485321045
-1.7052754163742065
-0.5143851637840271
-0.416164368391037
-0.6231017708778381
-0.8707300424575806
-0.1056002527475357
-0.21182967722415924
-0.569603681564331
-0.7680704593658447
-0.2758401036262512
1.9720138311386108
-0.6092948317527771
-2.7167887687683105
-0.14610406756401062
-0.8402671813964844
-0.4717028737068176
-1.2624766826629639
-0.5846877694129944
-0.5685295462608337
-0.34165287017822266
-0.8586690425872803
-0.4193043112754822
-0.4410263001918793
-0.43890058994293213
-0.6355239748954773
-0.4905781149864197
0.3617510497570038
-0.04486134648323059
-1.834716558456421
-0.0022266663145273924
-0.02613440342247486
0.035058848559856415
-0.025409692898392677
-0.011227988637983799
0.010262053459882736
-0.17139340937137604
0.11688631027936935
0.06387631595134735
-0.038160912692546844
-0.05091223493218422
0.3249324858188629
-0.09828361123800278
-0.08986319601535797
0.03844081610441208
0.10632118582725525
0.20523397624492645
-0.23024719953536987
0.7445436120033264
0.22151213884353638
0.09838159382343292
-0.21393261849880219
0.3137829005718231
-0.15103976428508759
-0.0873892605304718
-0.2506474256515503
0.37652742862701416
0.01898726262152195
-0.21597228944301605
0.2227364182472229
-0.03128733113408089
-0.34794020652770996
-0.0017390396678820252
0.09517794847488403
0.047737423330545425
0.039331354200839996
-0.03138600289821625
-0.009543064050376415
0.07673237472772598
0.08023350685834885
-0.05775090679526329
0.0376262366771698
0.03505796939134598
0.0002083117578877136
-0.00802430510520935
-0.031503401696681976
0.01803317852318287
0.07795722037553787
-0.6611957550048828
-0.2231379747390747
-0.26221558451652527
-1.0144808292388916
0.1946898102760315
-0.703592836856842
-1.038467288017273
-0.5637228488922119
-0.7125159502029419
-0.3296838104724884
-0.3006499111652374
-1.0558812618255615
-0.4263378977775574
1.7355382442474365
0.010291540995240211
-2.868548631668091
-0.0039618974551558495
-0.0018705225083976984
-0.11854201555252075
-0.005089667160063982
-0.05498512089252472
0.10735583305358887
0.03842103108763695
0.2866143584251404
-0.008647523820400238
0.03874833881855011
-0.08253876864910126
-0.0004450904671102762
0.0572376549243927
-0.0408901646733284
0.04270441457629204
5.034507194068283e-05
-1.7773218154907227
-0.9216519594192505
-0.5714802742004395
-1.2352102994918823
-1.5509010553359985
-0.4564741551876068
-0.8901662826538086
-1.3656349182128906
-1.1723434925079346
-0.6917729377746582
-0.5352603793144226
-1.24225914478302
-0.6736994385719299
1.2446680068969727
0.3641098439693451
-1.1541579961776733
-0.23637618124485016
-1.260090947151184
-0.07825643569231033
-0.19117146730422974
-0.15279026329517365
0.08721071481704712
-0.5200668573379517
-1.474784255027771
-0.4657304883003235
-0.6045520305633545
-0.07126438617706299
-0.20432284474372864
-0.33359044790267944
-0.31219205260276794
1.646079421043396
0.2830307185649872
0.019669508561491966
-0.05587712302803993
-0.060775287449359894
0.010809019207954407
0.0337052047252655
-0.016811616718769073
-0.011958301067352295
0.017556535080075264
0.050957586616277695
0.012213530018925667
-0.03524734452366829
0.03998183459043503
-0.07123582810163498
-0.0515095479786396
-0.04552549868822098
-0.03325960785150528
-0.28833118081092834
-1.2564387321472168
-0.9345386028289795
-1.0852190256118774
-0.6553179621696472
-0.21861177682876587
-0.6371350288391113
-0.9369739890098572
-0.06320761889219284
-0.33537790179252625
-0.12381894886493683
-0.8929919004440308
-0.3504025638103485
1.654599666595459
0.79749596118927
-0.5775725245475769
-0.01459568366408348
0.008577498607337475
0.05512586236000061
0.03566226735711098
0.03916957974433899
-0.03727419674396515
0.0026797926984727383
-0.039398208260536194
-0.011739527806639671
0.03985249623656273
-0.03435570374131203
0.03933490812778473
0.0320555754005909
-0.0334983728826046
-0.001935894601047039
-0.011595380492508411
0.0041928160935640335
0.07790354639291763
-0.06507358700037003
-0.026822373270988464
0.04421479254961014
0.04924912005662918
0.07873117923736572
0.011677274480462074
0.03627686947584152
-0.036114707589149475
-0.020242689177393913
-0.06289714574813843
-0.010702813044190407
-0.0019476257730275393
-0.03595763072371483
-0.03018937259912491
-0.0902927964925766
0.007122478913515806
-0.031111186370253563
-0.05335863679647446
-0.025428075343370438
0.1459467113018036
-0.030252521857619286
0.024738725274801254
0.04075262323021889
0.02030460350215435
0.06091396510601044
0.04457361623644829
-0.02172163687646389
0.050177060067653656
0.05334974825382233
-0.006813922431319952
0.017643585801124573
-0.33777916431427
-0.4004270136356354
-1.2908155918121338
-0.5124333500862122
-0.6631836891174316
-0.03464946523308754
-0.471080482006073
-0.4438713490962982
-0.341776043176651
-0.16878856718540192
-1.3066478967666626
-0.40296298265457153
1.431065559387207
-0.35234686732292175
-1.840800404548645
-0.4638879895210266
-0.30146893858909607
-0.9075977206230164
-1.3027751445770264
-0.24553942680358887
-0.34650206565856934
-1.074042558670044
-1.2741056680679321
-0.07096627354621887
-0.43359947204589844
-0.5357971787452698
-1.4303745031356812
-0.22411443293094635
0.9439587593078613
-0.9231477975845337
-3.290461301803589
-0.0019749917555600405
0.0262591615319252
-0.016818996518850327
-0.0366680845618248
-0.06410503387451172
-0.03629272058606148
-0.10688681155443192
-0.06217904016375542
-0.05060148611664772
0.08884943276643753
-0.0383247509598732
0.12913720309734344
-0.0061137741431593895
0.019710959866642952
0.09171321243047714
-0.08660676330327988
0.1121450662612915
-0.031089723110198975
0.12955033779144287
0.10044359415769577
-0.1887570172548294
-0.22543637454509735
0.14682242274284363
0.3332779109477997
-0.09571005403995514
0.2925337553024292
0.02010052278637886
-0.5570752620697021
0.06641925871372223
-0.21308612823486328
0.0034057016018778086
-0.317956805229187
-0.5677195191383362
0.3906056582927704
-0.23958879709243774
-0.4195026457309723
-0.6047922372817993
-0.15509803593158722
0.7875204682350159
-0.1565498560667038
-0.5213691592216492
-0.076169453561306
-0.4024306833744049
-0.1795090138912201
-0.5067059993743896
-0.08117538690567017
2.001288414001465
-0.7891471982002258
-0.23049354553222656
-0.30934813618659973
-0.7672348618507385
-1.1216899156570435
-0.31176531314849854
-0.5481566190719604
-1.0571982860565186
-0.8795617818832397
-0.22196455299854279
-0.35102614760398865
-0.7734412550926208
-0.8695887327194214
-0.29344531893730164
1.3556132316589355
-0.9334213733673096
-3.4587244987487793
0.07372181117534637
-0.580268919467926
-0.45893028378486633
-0.6803664565086365
-0.6007034182548523
-0.1910007745027542
-0.20862917602062225
-0.7475997805595398
-0.11741895973682404
-0.4122799038887024
-0.3865848779678345
-0.4791759252548218
-0.2951704263687134
1.8656612634658813
-0.5515041351318359
-2.229790210723877
-1.0356661081314087
-0.31073325872421265
-0.35073360800743103
-0.6522746682167053
-0.2527185082435608
0.2142447680234909
-0.973444938659668
-0.6942840814590454
-0.9823183417320251
-0.6246204972267151
-0.0680287778377533
-0.44969478249549866
-0.7913349270820618
-0.3479323387145996
1.6765996217727661
-0.33736681938171387
0.0530565120279789
0.08469691872596741
0.1953670084476471
0.39889034628868103
1.1184775829315186
-0.39888978004455566
0.039799273014068604
0.14910557866096497
0.22021928429603577
0.4718552827835083
0.22307920455932617
0.5933748483657837
0.11504992097616196
-0.51045823097229
-0.19683615863323212
1.2080782651901245
0.9008744955062866
0.5535882115364075
0.0073222629725933075
0.5470041036605835
0.6064186096191406
-0.20003855228424072
-0.25728073716163635
0.37785929441452026
0.5877577662467957
0.4231540262699127
-0.18173295259475708
0.053118012845516205
1.0487701892852783
0.08853280544281006
-1.0706874132156372
0.11722518503665924
0.0588541179895401
0.700258731842041
0.7664574384689331
1.0398201942443848
-0.1582774668931961
-0.2583416998386383
-0.2031259983778
0.17196308076381683
-0.04057209566235542
-0.463656485080719
0.06190009415149689
0.15494304895401
0.05823374167084694
-0.5711525082588196
0.1796897053718567
0.9215160608291626
0.737630307674408
0.7629638910293579
0.8100455403327942
0.7329689264297485
-0.1371360719203949
-0.1498018503189087
0.2755061388015747
-0.3373951315879822
0.38113823533058167
0.11115556210279465
0.21458125114440918
0.12611344456672668
0.28537464141845703
-0.13290122151374817
-0.09746415913105011
0.7486076354980469
-0.028565650805830956
0.006919759791344404
0.015915891155600548
0.023692429065704346
0.004392103757709265
0.019157079979777336
-0.050803814083337784
0.037387821823358536
-0.008914134465157986
-0.009916259907186031
-0.011860819533467293
-0.0010854206047952175
-0.003009359585121274
0.036787249147892
0.056227799504995346
-0.01524058636277914
0.6881349682807922
0.032461412250995636
0.427683562040329
0.3319809138774872
-0.27636608481407166
-0.435520201921463
0.7685779333114624
0.2156212478876114
0.1885213404893875
0.30270472168922424
0.3042867183685303
-0.22950005531311035
0.25499722361564636
-0.16260077059268951
-0.2868818938732147
1.3213026523590088
0.010443897917866707
-0.05969882383942604
-0.034663744270801544
0.03882625699043274
0.062407512217760086
0.006159466691315174
0.01557881012558937
0.016836822032928467
-0.040418218821287155
0.022751539945602417
-0.05288025736808777
-0.04178673028945923
0.045163631439208984
-0.029466649517416954
-0.01189383864402771
0.024267293512821198
0.03455733507871628
0.10076854377985
-0.009841561317443848
-0.01880924589931965
-0.04987788572907448
-0.06489256024360657
-0.0948534831404686
0.09409111738204956
-0.0611148327589035
-0.013976527377963066
-0.012246551923453808
-0.005783430300652981
0.09916520863771439
0.03508386015892029
0.038405004888772964
-0.07323157787322998
0.8829553723335266
0.26212093234062195
0.24612648785114288
0.6303420066833496
1.000119924545288
-0.6742598414421082
0.6156269907951355
0.12865787744522095
-0.06639380753040314
0.1338096708059311
-0.24231378734111786
-0.7647832632064819
0.3383294641971588
-1.204980492591858
-0.40480953454971313
0.391632080078125
-0.15132442116737366
-0.17483752965927124
0.2545682191848755
1.1292939186096191
-0.17547036707401276
0.408051073551178
-0.26652926206588745
-0.28719547390937805
0.33408719301223755
-0.03391119837760925
-0.10117067396640778
1.1638530492782593
0.18349795043468475
-0.05854206904768944
0.23476707935333252
2.0804996490478516
-0.3108912706375122
0.032994627952575684
0.3589632213115692
0.7968987822532654
-0.1512974500656128
-0.11341116577386856
-0.010224379599094391
0.7091194987297058
0.03977258503437042
-0.2283451110124588
0.3047787547111511
0.3731338083744049
0.07178673893213272
0.04521666094660759
0.3234976828098297
1.1755499839782715
0.22696295380592346
0.5100966691970825
0.7040843367576599
0.8306108713150024
-0.02069235034286976
0.20346707105636597
-0.3679371178150177
-0.6803512573242188
0.13505907356739044
-0.1487356722354889
-0.3833441138267517
0.5062134861946106
0.2596455216407776
-1.058353066444397
0.08151905238628387
1.071648120880127
-0.028796417638659477
-0.04838905856013298
0.009237585589289665
-0.023997118696570396
-0.009224544279277325
0.015077727846801281
0.05659105256199837
-0.0512482114136219
0.01705089770257473
-0.03894365206360817
0.08223417401313782
-0.3424089252948761
-0.024538109079003334
0.08811350166797638
0.12142471224069595
-0.05107312276959419
-0.18368804454803467
0.1669202744960785
-0.74660325050354
-0.07103779911994934
-0.2644197344779968
0.08449002355337143
-0.2666282057762146
-0.11392008513212204
-0.1066473200917244
0.3467195928096771
-0.3759087324142456
0.0035494668409228325
-0.0055330307222902775
-0.01535740401595831
0.020190013572573662
0.4409524202346802
0.058546535670757294
-0.003864813828840852
-0.10207157582044601
0.0013946156250312924
-0.02241070568561554
-0.019755849614739418
0.08836479485034943
-0.005562196485698223
-0.0068967086263000965
0.015380285680294037
-0.014508802443742752
-0.014452367089688778
-0.033539872616529465
0.021402550861239433
-0.03231792151927948
-0.017302902415394783
0.4209456145763397
-0.16665582358837128
0.15553607046604156
0.4936712682247162
-0.29419639706611633
0.016396839171648026
0.402614563703537
-0.472640722990036
0.584294855594635
0.24270834028720856
0.2537819445133209
0.6469938158988953
0.2614634335041046
0.17641618847846985
0.1122041791677475
1.858293890953064
-0.01477056834846735
-0.03369024768471718
-0.01618536375463009
-0.03453982621431351
-0.03617921844124794
-0.01880890130996704
0.0022411844693124294
-0.20889993011951447
0.009257185272872448
-0.055143825709819794
0.20671188831329346
-0.02837469056248665
0.0067610773257911205
0.010713926516473293
-0.0018465556204319
0.08832462877035141
1.3398517370224
0.390206515789032
0.2321443110704422
0.8411017656326294
0.8456916213035583
-0.20855815708637238
0.7414807677268982
0.6879839897155762
0.40429776906967163
0.3428531289100647
-0.2197953462600708
-0.673539936542511
0.5098547339439392
-0.27658897638320923
-1.2385724782943726
0.2504962384700775
0.14514216780662537
0.8887574076652527
-0.30111339688301086
0.011337630450725555
0.06349967420101166
0.17438611388206482
0.18822471797466278
1.6456637382507324
-0.044922225177288055
0.38179734349250793
0.4697960615158081
0.2911118268966675
0.28655871748924255
0.32473331689834595
-0.06205599755048752
-0.11088215559720993
0.012956640683114529
-0.02588842436671257
0.04417372867465019
-0.022081034258008003
0.05482443422079086
0.003108310280367732
-0.008653239347040653
0.04164210706949234
0.030270002782344818
0.0030290340073406696
-0.02168901078402996
-0.005127827636897564
0.027580272406339645
-0.05287132412195206
0.0371815524995327
-0.07355299592018127
0.09454762190580368
0.979133665561676
0.5947808027267456
1.0430428981781006
0.4211020767688751
-0.3720262348651886
0.24073682725429535
0.352146178483963
-0.25071269273757935
-0.3045313358306885
-0.015363087877631187
-0.15150950849056244
0.12524177134037018
-0.26953110098838806
0.09981150925159454
0.22409605979919434
0.01853206194937229
0.05309097841382027
-0.004487724043428898
0.0405263714492321
0.012230608612298965
-0.011852872557938099
-0.013466973789036274
-0.026235930621623993
-0.03252927586436272
0.025538209825754166
-0.047507304698228836
0.04841115325689316
-0.04684341698884964
0.06839049607515335
-0.005260825622826815
-0.013648665510118008
0.04807950556278229
-0.021441739052534103
-0.0890006422996521
0.013524983078241348
0.053523950278759
-0.01456501241773367
0.012715564109385014
0.09025789797306061
-0.009546826593577862
0.024215757846832275
-0.016505150124430656
0.046973682940006256
-0.04031214863061905
0.042480360716581345
-0.02788703143596649
-0.033637695014476776
0.003704990027472377
0.036890771239995956
0.057609956711530685
-0.006084737833589315
-0.07525761425495148
0.010743791237473488
-0.040566470474004745
0.04447891190648079
-0.07443521916866302
0.02178555727005005
-0.06287775188684464
-0.04943878576159477
-0.022100668400526047
0.03487953543663025
-0.030119694769382477
0.02430996112525463
-0.017719145864248276
0.06539744883775711
0.18364273011684418
0.7020514011383057
0.23091714084148407
0.11613438278436661
-0.41346314549446106
-0.09271685779094696
0.07203495502471924
0.10597990453243256
0.09357070177793503
0.5450981855392456
0.07096394896507263
-0.12427057325839996
-0.06519579142332077
0.8886883854866028
0.14780093729496002
-0.1581316441297531
0.6335829496383667
0.6818758249282837
-0.3364677429199219
-0.24309296905994415
0.3535517454147339
-0.05164273455739021
0.13906723260879517
-0.3856455981731415
-0.269767701625824
0.2062627524137497
-0.0178386177867651
-1.0039595365524292
0.15858839452266693
2.2972819805145264
-0.07656683772802353
0.03721703216433525
-0.10153114795684814
-0.050200317054986954
-0.016256609931588173
0.006072701420634985
0.09364188462495804
0.03127996623516083
0.024657046422362328
-0.012187466025352478
0.04552832990884781
-0.09717092663049698
-0.07106946408748627
0.03531954810023308
-0.06272216886281967
0.10630986839532852
-0.21600940823554993
0.012649242766201496
-0.065708689391613
0.018227141350507736
0.19375227391719818
0.18696193397045135
-0.26998668909072876
-0.22691130638122559
0.06781310588121414
-0.19684787094593048
0.10328476130962372
0.48284006118774414
-0.04319483041763306
0.6092778444290161
0.04062357172369957
0.3912522494792938
0.3776352107524872
-0.4410012662410736
-0.4070909917354584
0.18716460466384888
0.4948588013648987
0.32968464493751526
-0.7908475995063782
0.07450779527425766
0.20353002846240997
-0.03018641658127308
0.25574296712875366
0.18640175461769104
0.3391842246055603
-0.06404336541891098
-0.7628774046897888
0.49433836340904236
-0.2474452257156372
-0.18997716903686523
0.4700058698654175
0.4217134416103363
-0.33322879672050476
-0.06381808966398239
0.09347061812877655
0.5290741920471191
0.2715555429458618
-0.3449329733848572
-0.2372303456068039
0.8316456079483032
0.07323852926492691
-0.5618163347244263
0.5812413096427917
3.226799249649048
-0.3483748733997345
0.10173265635967255
0.2560843229293823
0.3133360743522644
0.009608332067728043
-0.13238012790679932
-0.12727878987789154
0.4661175012588501
-0.21125127375125885
-0.23541082441806793
0.14006830751895905
-0.2743850648403168
0.1977875679731369
-0.22261744737625122
0.028624480590224266
0.8156976103782654
0.7009612321853638
-0.05347286909818649
0.05101863294839859
0.23716816306114197
0.16906103491783142
-0.540526270866394
0.4003446400165558
-0.06591048836708069
0.07777917385101318
0.15737389028072357
-0.16345684230327606
0.29638054966926575
0.6714575886726379
0.07901474088430405
-0.1341252624988556
0.45844370126724243
-0.062388453632593155
0.09334171563386917
-0.20296554267406464
-0.23800736665725708
1.2992745637893677
-0.09212911874055862
-0.24232755601406097
0.19577732682228088
0.025338754057884216
0.17230357229709625
-0.06171806901693344
0.15238651633262634
0.10429538786411285
-0.12606880068778992
-0.09456561505794525
1.9448397159576416
0.638544499874115
0.33688127994537354
0.03874117508530617
-0.17738434672355652
-0.16655288636684418
-0.3215506970882416
-0.20300684869289398
0.1849220097064972
0.5708344578742981
0.036935728043317795
0.04108506068587303
-0.06388451904058456
1.3459949493408203
0.3994074761867523
0.6471823453903198
0.5752111673355103
-0.6241443157196045
0.17101100087165833
0.14065158367156982
0.9358635544776917
0.49746984243392944
-0.26047229766845703
0.17053121328353882
0.6590642929077148
0.033129602670669556
-0.1341550201177597
0.4974447786808014
0.7007023692131042
0.17242661118507385
0.3916001319885254
0.08546808362007141
0.7643687129020691
0.48696452379226685
0.26323941349983215
-0.182420015335083
0.36581119894981384
1.0484492778778076
0.18567346036434174
0.1658399999141693
0.41864314675331116
0.3322993516921997
0.13000313937664032
-0.13037848472595215
0.4598046541213989
0.20837320387363434
-0.05007077753543854
0.32336360216140747
0.9582526683807373
0.05354371294379234
-0.033702630549669266
0.03259686380624771
-0.04675545170903206
0.013644126243889332
0.07534821331501007
-0.014046963304281235
0.11707399785518646
-0.07000725716352463
0.00557458121329546
-0.11440984159708023
0.06823264062404633
0.07996693253517151
-0.05151059105992317
0.024719318374991417
-0.009682185016572475
0.38454416394233704
0.22342698276042938
-0.1114153116941452
-0.5845896601676941
0.27651166915893555
-0.1816282868385315
-0.03361249342560768
0.6624525785446167
0.08251982182264328
0.30881786346435547
-0.005523451138287783
0.6793146729469299
0.16937127709388733
-0.029796632006764412
0.3003033697605133
2.1717276573181152
0.04664292186498642
-0.040314335376024246
0.07663244754076004
-0.009555934928357601
-0.06864766031503677
-0.07027921825647354
0.09343766421079636
0.07702779024839401
0.008396165445446968
-0.042877741158008575
0.08118962496519089
-0.032634321600198746
0.042613428086042404
-0.04052888602018356
-0.019840983673930168
-0.04763491079211235
0.0694882944226265
0.06143592298030853
-0.015805650502443314
-0.054116684943437576
0.04555845633149147
-0.016988476738333702
-0.06388431787490845
-0.008514930494129658
-0.06876491755247116
-0.042168695479631424
-0.052720412611961365
0.09824318438768387
-0.05445637181401253
0.008377236314117908
-0.02489212527871132
0.05682586133480072
0.24227778613567352
0.41748490929603577
0.007077575195580721
-0.6701897978782654
0.1603906750679016
-0.5980771780014038
-0.04901283234357834
0.5509465932846069
-0.21191442012786865
0.14594663679599762
0.15151537954807281
0.7667849063873291
0.5832357406616211
1.4612916707992554
0.29120001196861267
0.6688781380653381
-0.4106105864048004
-0.183399498462677
-0.44461777806282043
0.8620907068252563
-0.3059030771255493
0.4887333810329437
-0.35306403040885925
-0.1223149225115776
0.08653319627046585
0.05665485933423042
0.062336262315511703
1.4850939512252808
0.20171545445919037
-0.054055143147706985
0.20970603823661804
2.203148365020752
-0.6335670948028564
-0.0025974339805543423
-0.45322385430336
0.5734546184539795
-0.13475622236728668
-0.11327014118432999
-0.1669490933418274
0.23523956537246704
-0.13294881582260132
-0.10372526943683624
-0.2792331874370575
0.21763752400875092
0.14022324979305267
-0.3455166816711426
0.0956021174788475
2.2853384017944336
-0.23762115836143494
0.17211169004440308
-0.1387610286474228
0.5506501793861389
0.9374710321426392
0.33522576093673706
0.10341307520866394
0.7478975653648376
0.021101323887705803
0.3533833920955658
0.30219051241874695
0.2009134590625763
0.226796954870224
0.6001715660095215
0.17809276282787323
1.1290315389633179
0.05488288775086403
-0.014059241861104965
-0.05959829315543175
-0.0396505743265152
0.050233446061611176
0.005831999704241753
0.12346463650465012
-0.08526525646448135
0.018812227994203568
0.039266187697649
0.010151016525924206
-0.24599596858024597
0.007582412101328373
0.08910544961690903
-0.017179906368255615
-0.04621817544102669
-0.18134921789169312
0.36886969208717346
-0.5909037590026855
-0.27796995639801025
-0.2032129019498825
0.1422584056854248
-0.4503817558288574
0.05934710428118706
-0.058608829975128174
0.2272956818342209
0.0013760345755144954
-0.11965109407901764
0.0995580404996872
-0.16438575088977814
-0.022356722503900528
0.4085391163825989
0.017801737412810326
-0.009875671938061714
0.0400419756770134
0.021575484424829483
-0.006372413598001003
-0.036072250455617905
-0.10290686786174774
0.04587829113006592
-0.006681674625724554
0.02186221443116665
-0.022072678431868553
-0.08061738312244415
0.050076182931661606
0.0035799259785562754
-0.013702412135899067
0.045172058045864105
0.35032275319099426
-0.16576990485191345
-0.5218169689178467
0.4779958724975586
-0.740117609500885
0.12136687338352203
0.274129182100296
0.42306140065193176
0.41806560754776
0.21619866788387299
-0.23836028575897217
0.4327065348625183
0.24265004694461823
-0.09901812672615051
0.060586538165807724
1.9724894762039185
-9.257687634089962e-05
0.04392232373356819
-0.00695064477622509
0.01208936981856823
-0.0293265413492918
-0.06194114312529564
0.057690393179655075
-0.26285529136657715
-0.03094484470784664
-0.025174714624881744
0.028425587341189384
0.02818889729678631
0.007331416942179203
-0.030181599780917168
-0.0005548895569518209
0.05246314778923988
0.49680978059768677
0.48568248748779297
-0.08324681222438812
-0.244509756565094
0.11594071239233017
-0.3773626685142517
-0.05711573734879494
0.5090743899345398
0.2768721580505371
0.22504137456417084
0.01790187694132328
0.4994733929634094
0.9650523662567139
0.15457436442375183
1.562363624572754
1.1098917722702026
0.04685058072209358
0.7215273976325989
-0.3855038583278656
-0.2707570195198059
-0.3097004294395447
-0.37503936886787415
0.06967444717884064
0.541386067867279
-0.3210616409778595
0.2703152000904083
0.4457944333553314
0.050558362156152725
0.6342200040817261
0.07763631641864777
0.07621309906244278
-0.1756381243467331
-0.0062808990478515625
-0.018544642254710197
0.009595606476068497
0.04964188113808632
0.016734221950173378
-0.0006473324028775096
0.01660911738872528
-0.08897524327039719
-0.01679917983710766
-0.027191966772079468
-0.003712122794240713
-0.061708997935056686
0.010502149350941181
-0.0186435729265213
0.001253928174264729
0.02711477130651474
-0.5444800853729248
0.2966708838939667
-0.07863100618124008
0.3743058443069458
0.22700262069702148
-0.27767860889434814
0.03221341595053673
0.11903440952301025
-0.4155999422073364
-0.1528390347957611
-0.4044345021247864
0.3219260275363922
0.5146075487136841
0.023981455713510513
0.1736987680196762
0.735325276851654
0.12338272482156754
0.04432953894138336
-0.015602984465658665
-0.020474500954151154
-0.00574507424607873
0.015614666976034641
-0.02970186620950699
-0.02209601365029812
-0.018139394000172615
-0.03776850551366806
0.056215301156044006
0.02759428881108761
0.004018029663711786
0.06364660710096359
0.05284324288368225
0.03578365221619606
0.04752076417207718
-0.019714411348104477
0.04219304025173187
-0.001671526231803
0.0015441669384017587
0.0038629877381026745
-0.01714078150689602
-0.06149207800626755
-0.03696105629205704
-0.0075592887587845325
-0.02029925025999546
0.044713396579027176
0.07577119022607803
-0.060127031058073044
0.004755624569952488
0.01352241262793541
-0.04789995029568672
0.0020044497214257717
0.011227396316826344
-0.02494255267083645
-0.024803096428513527
0.02359306998550892
-0.07912707328796387
-0.005276175681501627
-0.052982933819293976
-0.03311862051486969
-0.0898694097995758
0.02795330062508583
0.06018972396850586
-0.05836073309183121
-0.06791041046380997
-0.029718955978751183
-0.31001484394073486
0.0622328482568264
-0.3497579097747803
0.25266233086586
0.07860278338193893
0.17476984858512878
-0.3660818040370941
0.056049492210149765
-0.10888736695051193
0.331260085105896
-0.3132020831108093
1.1278177499771118
0.2943305969238281
0.031716760247945786
0.04977947846055031
1.5886262655258179
-0.010483517311513424
0.00890276301652193
-0.1782255321741104
0.4485059082508087
0.18766871094703674
0.08624141663312912
0.35104313492774963
0.8554701805114746
-0.13017499446868896
0.06522884964942932
0.28315189480781555
0.8467152714729309
0.23605699837207794
0.5108062028884888
0.9753318428993225
3.0989058017730713
0.06073056161403656
0.041053108870983124
0.028082378208637238
-0.007717161439359188
-0.07885957509279251
-0.049182046204805374
-0.050653208047151566
-0.018460674211382866
0.010121803730726242
-0.03741661459207535
0.03573908284306526
-0.11033211648464203
0.021777665242552757
0.02614503912627697
0.008717842400074005
-0.005556043237447739
-0.055111851543188095
-0.045397281646728516
-0.08797556906938553
-0.1462152898311615
0.192581906914711
0.17474980652332306
-0.09878238290548325
-0.31067848205566406
0.0274511631578207
-0.19254565238952637
0.043008022010326385
0.4700626730918884
-0.07727587968111038
0.2605772018432617
-0.02829398401081562
0.35148885846138
0.045861952006816864
-0.3082769215106964
0.03243333473801613
-0.20712557435035706
0.17973287403583527
0.2665245532989502
-0.5961281657218933
-0.2329612374305725
-0.10164176672697067
-0.14872005581855774
0.432930052280426
-0.15468017756938934
0.7268183827400208
-0.12463651597499847
-0.6722490787506104
0.5050874352455139
-0.08268269151449203
-0.10775268077850342
-0.231472447514534
0.20151250064373016
-0.38420623540878296
0.1651347428560257
0.34652841091156006
0.6279150247573853
0.18632839620113373
-0.023884844034910202
0.23493121564388275
0.4979541301727295
0.16650831699371338
0.2600715160369873
0.7919266223907471
3.2205607891082764
-0.5587180256843567
0.2583530843257904
0.03230118378996849
-0.2836276888847351
0.5094486474990845
-0.05634953826665878
-0.46278485655784607
0.25854071974754333
-0.29956740140914917
-0.09327978640794754
-0.07619139552116394
0.09580394625663757
0.09189048409461975
-0.2925575077533722
0.2524246573448181
1.7646057605743408
0.401106595993042
-0.4152921140193939
0.03526055067777634
-0.18984277546405792
-0.19359779357910156
-0.6663054823875427
0.0707455649971962
-0.26806551218032837
0.24625541269779205
0.05296216532588005
-0.21156682074069977
-0.22346973419189453
0.9634889960289001
0.1522447019815445
-0.07965581864118576
0.31646648049354553
0.17616504430770874
0.12426707148551941
0.11267564445734024
0.22187350690364838
0.968962550163269
-0.2817973494529724
0.17242158949375153
0.2757904529571533
0.04319337382912636
0.3712161183357239
0.197727233171463
0.6897116899490356
0.12857122719287872
-0.5000935792922974
-0.16300559043884277
1.2407668828964233
0.8676763772964478
0.5763422250747681
-0.08284737914800644
0.5417255163192749
0.28547176718711853
-0.2114664912223816
-0.2868148684501648
0.36523035168647766
0.4936595559120178
0.2880268692970276
-0.17965418100357056
0.038141388446092606
1.2897193431854248
0.10241426527500153
-1.1791397333145142
0.030892837792634964
-0.013673904351890087
0.5890247821807861
0.7373972535133362
0.9253728985786438
-0.252261221408844
-0.1022500991821289
-0.12325580418109894
0.21565505862236023
0.05652863159775734
-0.5448172688484192
0.010746610350906849
0.058863911777734756
0.07548228651285172
-0.6310383081436157
0.1814003884792328
0.9849645495414734
0.8456422090530396
0.5362430214881897
0.6520497798919678
0.6740050315856934
-0.0959944799542427
-0.0030194956343621016
0.35346367955207825
-0.19189700484275818
0.41279295086860657
0.06208660453557968
0.36113667488098145
0.07508832216262817
0.3795028626918793
-0.1327158510684967
0.004022444132715464
0.7200111746788025
0.0210594329982996
0.03667502477765083
0.04294104501605034
-0.024508610367774963
-0.042097993195056915
-0.024910546839237213
-0.029619427397847176
-0.017159180715680122
-0.02781285159289837
-0.03325269743800163
0.03334629535675049
-0.004278314299881458
-0.04424215853214264
0.1371690332889557
-0.0006824789452366531
0.04169939085841179
0.7399715185165405
-0.022354014217853546
0.4248175323009491
0.17317770421504974
-0.2995816171169281
-0.3762090802192688
0.7781295776367188
0.4311324656009674
0.07369847595691681
0.29770833253860474
0.40307170152664185
-0.32132047414779663
0.2664676606655121
-0.28461942076683044
-0.3515259921550751
1.5171494483947754
0.02251855842769146
-0.03459903597831726
-0.007548016961663961
-0.16857805848121643
0.05926525220274925
-0.029746120795607567
0.006448875181376934
0.05465729534626007
-0.016676586121320724
0.025163564831018448
-0.051090724766254425
0.042268745601177216
0.0068574645556509495
-0.06143685430288315
-0.09092504531145096
-0.022812405601143837
0.031653374433517456
0.04021633788943291
-0.0002622918982524425
0.027083050459623337
0.0606696717441082
-0.024674013257026672
-0.01140215527266264
0.011454395018517971
-0.025279046967625618
0.01772794872522354
-0.05433258041739464
-0.05821637436747551
-0.022345485165715218
0.05519573390483856
-0.13594511151313782
-0.0022852851543575525
0.9323244094848633
0.3004646301269531
0.14483313262462616
0.4848635494709015
1.0939949750900269
-0.5572882294654846
0.42793604731559753
0.1938585340976715
-0.3391704261302948
0.0792875662446022
-0.05711216852068901
-0.6374245882034302
0.41858968138694763
-1.261885166168213
-0.4309917390346527
0.3073144257068634
-0.12648916244506836
-0.2991763949394226
0.24136671423912048
1.010697603225708
-0.20961667597293854
0.4154067635536194
-0.32457470893859863
-0.36169466376304626
0.2694476246833801
-0.2249293327331543
-0.015251358039677143
1.1715376377105713
0.10865794122219086
-0.09788301587104797
0.24001847207546234
2.0691635608673096
-0.3635275661945343
-0.055959299206733704
0.24809928238391876
0.7702198624610901
-0.17301400005817413
-0.0484565906226635
-0.04122737795114517
0.7986961603164673
-0.11127060651779175
-0.38755911588668823
0.19874218106269836
0.4142239987850189
0.03658950701355934
-0.04346034675836563
0.2506343126296997
1.2433445453643799
0.18387246131896973
0.27222251892089844
0.4801999032497406
0.9411541223526001
-0.15824802219867706
0.17591550946235657
-0.3999767005443573
-0.5745674967765808
-0.022350389510393143
-0.27962255477905273
-0.3285113573074341
0.4706904888153076
0.10008655488491058
-1.1305733919143677
0.08807174861431122
1.144971489906311
-0.0659419596195221
0.05412374809384346
0.002889076480641961
-0.030712511390447617
-0.037899646908044815
-0.06149580329656601
0.1515922099351883
-0.07753721624612808
-0.01712043210864067
-0.021697862073779106
0.18229275941848755
-0.3017687499523163
0.017893504351377487
0.18837133049964905
0.05522894859313965
-0.01961607113480568
-0.17581531405448914
0.26533234119415283
-0.8723964095115662
-0.15830644965171814
-0.21961930394172668
0.09261148422956467
-0.21638381481170654
-0.08353927731513977
-0.05460725724697113
0.42625120282173157
-0.12968100607395172
0.011000161990523338
0.052230894565582275
-0.08739764243364334
0.16185209155082703
0.4325425922870636
-0.003864449681714177
-0.010465484112501144
0.009625134989619255
-0.011363095603883266
0.08480421453714371
0.06849355250597
-0.03169090673327446
0.04452543333172798
0.01712195947766304
-0.09953831881284714
0.022071965038776398
0.011033745482563972
-0.019819095730781555
-0.054543569684028625
-0.046479057520627975
-0.03915611654520035
0.5411761403083801
-0.3369188606739044
0.1366499960422516
0.27771589159965515
-0.34228336811065674
0.23788797855377197
0.3831927180290222
-0.3332318663597107
0.6047625541687012
0.07820241898298264
0.29515236616134644
0.7087640166282654
0.2025665044784546
0.11520950496196747
0.2256888747215271
2.11003041267395
-0.01721164956688881
-0.015925772488117218
-0.0735313668847084
0.007742069661617279
-0.02168206311762333
-0.019265010952949524
-0.06710434705018997
-0.1525154411792755
-0.16753657162189484
0.09973203390836716
0.10112348198890686
0.03193295747041702
-0.04981880262494087
0.04431091621518135
-0.01108319591730833
-0.07342787832021713
1.3136905431747437
0.45683661103248596
0.2167407125234604
0.665912926197052
0.8038032054901123
-0.2718009650707245
0.6473296880722046
0.7026044726371765
0.19686174392700195
0.41755378246307373
-0.18220481276512146
-0.805275559425354
0.7041287422180176
-0.287943571805954
-1.3858323097229004
0.3202410638332367
0.13555288314819336
1.0232740640640259
-0.4522583484649658
-0.16914786398410797
0.027835123240947723
0.22055423259735107
0.03609541803598404
1.2976371049880981
-0.4636436700820923
0.4746915102005005
0.3939706087112427
0.3643479347229004
0.45882734656333923
0.37091585993766785
0.013110077008605003
-0.036636944860219955
0.0702955573797226
-0.007215260528028011
0.009092704392969608
0.020537275820970535
0.018562868237495422
-0.05728743225336075
-0.0014877718640491366
-0.00927674025297165
0.03458046540617943
-0.038183555006980896
-0.015680180862545967
0.03652702271938324
0.008403150364756584
-0.03186584636569023
-0.00010892592399613932
-0.050997357815504074
0.18613307178020477
0.9675611853599548
0.4157375991344452
0.9869422912597656
0.4644610583782196
-0.17152494192123413
0.14180408418178558
0.4743565022945404
-0.2834024429321289
-0.4495144784450531
-0.05893641337752342
-0.048798393458127975
0.3061087131500244
-0.40433043241500854
0.0339420847594738
0.3554550111293793
0.08151400834321976
-0.027314631268382072
0.016008278355002403
0.0070511954836547375
-0.04813263192772865
0.06463626027107239
0.015904545783996582
-0.05328641086816788
-0.014519990421831608
0.015780281275510788
-0.026699043810367584
0.012310676276683807
0.07118730247020721
-0.04583477973937988
0.045523751527071
0.010499779134988785
0.09152582287788391
0.02951076440513134
-0.0203404538333416
-0.012581082992255688
0.01861858181655407
-0.007675604894757271
-0.015392222441732883
-0.031097058206796646
-0.00019589732983149588
0.059680838137865067
-0.009876962751150131
-0.04788881912827492
-0.07920422405004501
0.008466625586152077
0.027323193848133087
-0.020164359360933304
-0.01374333631247282
-0.00667239585891366
0.07270855456590652
-0.009146873839199543
-0.03646349906921387
-0.022297155112028122
0.024886634200811386
0.08542510867118835
-0.13939905166625977
0.003182753222063184
-0.01939707249403
-0.024898847565054893
0.027097187936306
-0.017382651567459106
0.07511299103498459
-0.06939667463302612
0.014634989202022552
-0.022146213799715042
0.17376060783863068
0.744182288646698
0.22220587730407715
0.2044784277677536
-0.373687744140625
-0.07063733786344528
-0.10286717861890793
0.10829091817140579
-0.02919630892574787
0.6034850478172302
0.14111626148223877
-0.21217955648899078
-0.17469613254070282
0.8089069128036499
0.14415514469146729
-0.2557736933231354
0.5181968808174133
0.4078220725059509
-0.23792685568332672
-0.02069089747965336
0.3187415301799774
-0.25182831287384033
0.12096760421991348
-0.41849127411842346
-0.217460498213768
0.18595212697982788
0.1266499161720276
-1.034906029701233
0.04543435573577881
1.9468623399734497
-0.005891697481274605
0.03857491910457611
0.038090746849775314
-0.09303570538759232
-0.016250038519501686
-0.07353033125400543
0.035649899393320084
-0.012278007343411446
-0.01923208311200142
0.011205707676708698
0.07522562891244888
-0.16619476675987244
-0.012222896330058575
0.030469568446278572
0.011701438575983047
0.04810649901628494
-0.19742226600646973
-0.08456147462129593
-0.10530122369527817
0.007027918007224798
0.2853376269340515
0.26266977190971375
-0.2931244373321533
-0.25411322712898254
0.09111203253269196
-0.13298165798187256
0.13490894436836243
0.45988544821739197
-0.06987524777650833
0.544162929058075
0.09463819861412048
0.3633784353733063
0.4033397138118744
-0.4358287453651428
-0.3351602554321289
0.13594642281532288
0.4135288596153259
0.33473673462867737
-0.6964550614356995
-0.0005200648447498679
-0.0352417528629303
-0.024612966924905777
0.31695953011512756
0.3046954274177551
0.44406095147132874
0.015330000780522823
-0.7768459916114807
0.28917866945266724
-0.14840956032276154
-0.18547557294368744
0.49379563331604004
0.43920278549194336
-0.3162239193916321
0.18891136348247528
0.07867556810379028
0.49504464864730835
0.219414621591568
-0.31934213638305664
-0.1669718623161316
0.8054704666137695
0.09739329665899277
-0.7185645699501038
0.6116369962692261
3.2343673706054688
-0.2713577151298523
0.13395129144191742
0.22066883742809296
0.2064805030822754
-0.05094079300761223
-0.05073626711964607
-0.04120176285505295
0.4566969871520996
-0.37682032585144043
-0.1548886001110077
0.10370334982872009
-0.32627496123313904
0.09062933176755905
-0.27787429094314575
-0.0010643847053870559
0.8806850910186768
0.6846191883087158
-0.032857686281204224
-0.09352858364582062
0.32979291677474976
-0.09966028481721878
-0.49263739585876465
0.3899317681789398
0.020967606455087662
-0.006191386841237545
0.15470857918262482
-0.21427802741527557
0.3979022204875946
0.8232342600822449
-0.10852786898612976
-0.008295822888612747
0.5012001991271973
0.006382248364388943
0.1346934735774994
-0.014350730925798416
-0.4477696716785431
1.184191346168518
0.02310223877429962
-0.5544745922088623
0.5848507881164551
0.01257014088332653
0.05926191434264183
0.21562691032886505
0.09430781751871109
0.15264387428760529
-0.6761847734451294
-0.23097479343414307
1.7215111255645752
0.49852225184440613
0.3888421952724457
0.005114077590405941
0.4541928470134735
0.04400048032402992
-0.18769197165966034
-0.19196002185344696
-0.12812617421150208
0.5943593382835388
0.20680007338523865
-0.20336323976516724
0.602652907371521
1.223618745803833
0.17242707312107086
-0.058129385113716125
0.4105354845523834
-0.6254661083221436
-0.025084465742111206
0.3188473582267761
0.9471757411956787
0.5769327878952026
-0.28083568811416626
-0.01638101041316986
0.8321612477302551
-0.004575707018375397
-0.03232312202453613
0.46993276476860046
0.9362269639968872
0.0033679259940981865
0.26058825850486755
0.3052484095096588
1.4894592761993408
0.5683380365371704
0.33814582228660583
-0.014834144152700901
0.3614780008792877
1.0354255437850952
0.2077856808900833
-0.21412339806556702
0.4895800054073334
0.3342677056789398
-0.020212840288877487
0.2494368851184845
0.48562487959861755
0.22010722756385803
-0.338955283164978
-0.242563396692276
1.5708554983139038
0.02986234240233898
-0.016570454463362694
-0.05179010331630707
-0.006790522485971451
-0.03704206272959709
0.017998944967985153
-0.04981187358498573
0.02365666814148426
-0.004478721879422665
0.021163925528526306
-0.01563219353556633
0.01706945151090622
-0.014433697797358036
0.009233311749994755
0.04409831762313843
-0.06921733915805817
0.3469289243221283
0.1796257346868515
0.25864478945732117
-0.7809883952140808
0.06366582214832306
0.04617389664053917
-0.3302139341831207
0.9522630572319031
0.07135915756225586
0.2049577236175537
0.3603367805480957
0.599153995513916
0.29923468828201294
-0.1986321359872818
-0.0642927959561348
1.94562828540802
0.006398911587893963
-0.02625182457268238
0.03008081577718258
0.05034114420413971
0.004328758455812931
-0.0010313413804396987
-0.05305696651339531
-0.03253299370408058
-0.10897906124591827
0.10188878327608109
-0.008199600502848625
-0.013221509754657745
-0.02646513283252716
0.008813215419650078
-0.04740084707736969
0.019860025495290756
0.01739121787250042
0.0032674907706677914
-0.020143551751971245
-0.026283256709575653
0.015172571875154972
0.014203204773366451
0.03419007733464241
0.07768843322992325
-0.01856742426753044
0.06729727238416672
0.007323666010051966
-0.021195098757743835
0.0034614785108715296
-0.020919442176818848
-0.033238042145967484
0.01875893585383892
0.18016929924488068
0.27379941940307617
0.17674574255943298
-0.4187692105770111
0.5800138711929321
-0.43124812841415405
-0.7213786840438843
0.8298841118812561
-0.20830604434013367
0.10053393244743347
0.47986042499542236
1.0153676271438599
0.3970322012901306
0.77895188331604
-0.06650360673666
0.3297193646430969
-0.47691255807876587
-0.01156102679669857
-0.21407626569271088
0.8059670329093933
-0.009508064948022366
0.47803351283073425
-0.14474207162857056
-0.10177107900381088
0.20315346121788025
-0.09306388348340988
0.2984295189380646
1.5932209491729736
-0.17627547681331635
-0.022007783874869347
0.4060615003108978
2.248877763748169
-0.6444400548934937
-0.042511388659477234
0.07832431048154831
0.47810402512550354
-0.07548829168081284
-0.007808135822415352
-0.3018217384815216
0.6719502210617065
-0.18582800030708313
-0.2796556055545807
0.28796154260635376
0.2573184072971344
-0.10377057641744614
-0.4653695225715637
-0.11214302480220795
2.0725204944610596
-0.20655052363872528
0.25800180435180664
0.08105510473251343
0.5634407997131348
0.9197838306427002
0.2581934332847595
0.05960160493850708
0.5926218628883362
0.06681353598833084
0.2418975979089737
0.4049472212791443
0.49980515241622925
-0.09670965373516083
0.4698035717010498
-0.3356133997440338
1.0365140438079834
0.07086646556854248
-0.0381937175989151
-0.08961755037307739
-0.03843940421938896
0.0037108110263943672
0.062496304512023926
0.0914679616689682
-0.03171306848526001
0.023888925090432167
0.04722005873918533
-0.013404146768152714
-0.270803838968277
-0.03661730885505676
0.16872689127922058
-0.052988771349191666
-0.041439104825258255
-0.23532995581626892
0.3004283607006073
-0.6347019076347351
-0.2827373147010803
-0.18934422731399536
0.08510157465934753
-0.16988719999790192
0.15174123644828796
-0.02634444832801819
0.3849879205226898
-0.25066593289375305
-0.13630053400993347
0.09379592537879944
-0.08515280485153198
0.032722629606723785
0.39904382824897766
0.014929386787116528
-0.01254704687744379
-0.11127965897321701
0.042006965726614
0.011164991185069084
-0.005509554874151945
0.11093983054161072
-0.014435471966862679
0.019298221915960312
0.04272059351205826
0.011317234486341476
-0.004188322462141514
-0.0112245362251997
0.018748851493000984
-0.03137370944023132
-0.0023280195891857147
0.40450310707092285
-0.013782377354800701
-0.26052209734916687
0.45599251985549927
-0.5935355424880981
0.2485409677028656
0.2477366179227829
0.5515348315238953
0.49887534976005554
0.14853811264038086
0.09184253960847855
0.4914156198501587
0.18830226361751556
-0.3074744939804077
0.016713161021471024
1.848106861114502
-0.013795407488942146
0.023504819720983505
-0.04877585172653198
-0.05738367512822151
-0.06816043704748154
0.024467255920171738
-0.07483895868062973
-0.19690006971359253
0.010281724855303764
0.012033474631607533
0.14808820188045502
0.036018624901771545
-0.015202903188765049
-0.044465888291597366
0.03804055601358414
0.0156696829944849
0.3324526250362396
0.44074422121047974
-0.011613520793616772
0.0398377999663353
0.33771592378616333
-0.1546597182750702
-0.6147120594978333
0.3478817939758301
0.23776720464229584
0.07634206861257553
0.4222802221775055
1.1012479066848755
0.6604117155075073
-0.36282455921173096
1.2578383684158325
0.5554306507110596
0.00035370283876545727
0.6631606221199036
-0.27784836292266846
-0.19437411427497864
-0.17226098477840424
-0.3790024518966675
0.37828993797302246
0.6456117630004883
-0.2885534167289734
0.3614955544471741
0.17406627535820007
0.29603832960128784
0.5253238677978516
0.23132392764091492
-0.28152957558631897
-0.5008953809738159
-0.013544908724725246
0.017559705302119255
1.8176720914198086e-05
-0.02333158440887928
0.0245953518897295
-0.0005744057125411928
0.027250749990344048
0.02658441849052906
0.07169266045093536
-0.05300155282020569
-0.06594756990671158
-0.03070049174129963
-0.04543106257915497
-0.07664772123098373
-0.036793824285268784
0.013218751177191734
-0.5033345222473145
0.2513636350631714
0.17177622020244598
0.5125057101249695
0.5286554098129272
-0.3475759029388428
-0.321294903755188
0.34143075346946716
-0.5268320441246033
-0.30597779154777527
0.03343861177563667
0.45682090520858765
0.042466312646865845
-0.49723705649375916
-0.04352153465151787
0.3698715269565582
0.019226331263780594
-0.02180216833949089
-0.0911211296916008
0.06695277988910675
-0.011424955911934376
0.006973727606236935
0.02923009544610977
0.01734512485563755
0.020067604258656502
-0.025364231318235397
-0.01653408631682396
-0.041383374482393265
0.027874644845724106
-0.05054608732461929
0.00924063753336668
0.004743821453303099
-0.022418443113565445
-0.016109846532344818
0.045680027455091476
-0.043496713042259216
0.05571103096008301
0.0013192978221923113
0.002253673505038023
0.007205916568636894
0.03859324008226395
-0.0776907354593277
-0.043207596987485886
-0.08772134780883789
0.05271684378385544
-0.0021320912055671215
-0.09664656966924667
-0.012466898187994957
0.014857565052807331
0.01696883887052536
-0.035052720457315445
-0.009163521230220795
0.07754405587911606
-0.03357644006609917
0.041545674204826355
0.014837314374744892
0.014123371802270412
0.015287354588508606
0.06455465406179428
0.03468232601881027
-0.06445536762475967
-0.00015722714306320995
-0.03755893185734749
0.011796217411756516
-0.2974579334259033
0.13755376636981964
0.03772558644413948
0.21766898036003113
0.23371005058288574
0.300561785697937
-0.46496444940567017
0.5270112156867981
-0.0828748568892479
0.12027828395366669
0.27498334646224976
0.6315267086029053
-0.006444048602133989
-0.19461451470851898
-0.27752816677093506
1.5038505792617798
0.10053379088640213
-0.05609148368239403
0.46980392932891846
0.44776758551597595
-0.07866654545068741
0.19225263595581055
0.07033902406692505
1.0015193223953247
-0.02870679274201393
0.023732710629701614
0.5546767115592957
0.8114314079284668
0.13270661234855652
0.3454454839229584
1.2428969144821167
2.772228956222534
-0.019676145166158676
0.02188832312822342
0.03679312393069267
-0.0036338281352072954
-0.013270667754113674
-0.019972385838627815
0.06495798379182816
0.027973387390375137
0.05783802270889282
-0.0455082505941391
0.020681239664554596
-0.1279182881116867
0.014504240825772285
-0.09920399636030197
0.06979350000619888
0.00021205130906309932
-0.1958301067352295
0.07964543253183365
-0.1910773366689682
-0.13668909668922424
0.2274658977985382
0.14100773632526398
-0.1676763892173767
-0.34864965081214905
0.11903869360685349
-0.1402253359556198
0.1467105746269226
0.5107983350753784
-0.14062990248203278
0.4665296971797943
0.023059554398059845
0.369875431060791
0.1334267258644104
-0.15133193135261536
-0.034760840237140656
0.195624440908432
0.13738398253917694
0.34394270181655884
-0.6189778447151184
-0.014636690728366375
-0.17533953487873077
-0.08910641819238663
-0.15354715287685394
-0.18145814538002014
0.5822800993919373
-0.3005034923553467
-1.1182796955108643
0.5329182147979736
-0.06925765424966812
-0.1421860307455063
0.2728879153728485
0.3189866840839386
-0.2849941849708557
0.22568820416927338
0.173130601644516
0.6652035117149353
0.11593279987573624
-0.08873113989830017
0.559611976146698
0.42805057764053345
0.09792038798332214
-0.14416538178920746
0.9023308753967285
3.1591153144836426
-0.6214724183082581
0.2565349340438843
0.17619317770004272
-0.3528802692890167
0.3480296730995178
-0.0289938785135746
-0.5773741602897644
0.4216171205043793
-0.3144323527812958
-0.1865101158618927
0.16000103950500488
0.1446184366941452
0.01681673899292946
-0.4183036983013153
-0.35685792565345764
1.7815043926239014
0.3848954439163208
-0.34508371353149414
-0.016251422464847565
0.15703634917736053
-0.13431984186172485
-0.6134362816810608
0.22139927744865417
0.11003091186285019
0.2577480375766754
0.008576296269893646
-0.2833409011363983
0.17218217253684998
0.7784019708633423
-0.06186537817120552
-0.4213849604129791
0.07858001440763474
-0.1582077145576477
-0.14439141750335693
-0.3924676775932312
-0.045793961733579636
1.229263186454773
0.006257179193198681
-0.29220935702323914
-0.044449448585510254
-0.044243376702070236
0.18789957463741302
-0.045275650918483734
0.05254310369491577
0.0028384015895426273
-0.13267795741558075
-0.7973015904426575
1.2955896854400635
0.4968453645706177
0.10043737292289734
-0.28979843854904175
-0.1728484332561493
0.2887175679206848
-0.3712390661239624
-0.25553011894226074
0.2751398980617523
1.2513487339019775
0.14279915392398834
0.004551868420094252
0.043842464685440063
0.801213264465332
0.2145998477935791
0.48132261633872986
0.2817550003528595
-0.487551748752594
0.2504047155380249
0.006801059003919363
0.9267961382865906
0.5003920793533325
-0.461761474609375
0.2097892016172409
0.6311449408531189
-0.2688697576522827
-0.08868557959794998
0.24284514784812927
0.5737600922584534
0.0508020780980587
0.33585694432258606
0.021449292078614235
1.0518237352371216
0.5289006233215332
0.5227940082550049
-0.22218941152095795
0.5002284646034241
1.2158358097076416
0.04362940043210983
0.2099069356918335
0.2992335557937622
0.21951328217983246
0.07943005114793777
-0.11701776832342148
0.4914316236972809
0.22509533166885376
0.11400037258863449
-0.5506986975669861
1.0861377716064453
-0.016754919663071632
-0.06371565908193588
-0.019983120262622833
0.05767727643251419
-0.032365068793296814
-0.00019298424012959003
0.05387597903609276
-0.0268202256411314
-0.019805431365966797
-0.05213010683655739
0.009992134757339954
0.04884021356701851
0.006609178148210049
0.001954329665750265
-0.09273306280374527
-0.08934798836708069
0.2658807933330536
-0.07431342452764511
0.014677063561975956
0.06143118441104889
0.3247445225715637
-0.056580133736133575
0.06772885471582413
0.6484784483909607
0.07614252716302872
0.3700304627418518
0.0533498078584671
0.5174392461776733
0.272299587726593
0.10724128037691116
0.018800176680088043
1.7834502458572388
-0.016581274569034576
0.03132442384958267
0.05322542041540146
0.07644470781087875
-0.0021466456819325686
0.004569885320961475
0.029300518333911896
0.012427523732185364
-0.004972878377884626
-0.047603409737348557
-0.023022059351205826
-0.040250200778245926
0.037246353924274445
0.043844301253557205
-0.05146545544266701
-0.013695644214749336
0.09162488579750061
0.12124171853065491
-0.04546956345438957
0.052546773105859756
0.044156674295663834
-0.0008213340770453215
0.09125550091266632
0.03849879652261734
0.005943637806922197
0.02983073517680168
-0.06161676347255707
0.04611476883292198
-0.029460348188877106
-0.06211887672543526
-0.13801954686641693
0.014870736747980118
0.2408922165632248
0.08725374937057495
-0.3077770173549652
0.0400204211473465
0.8476186990737915
-0.7769713997840881
0.08766297996044159
0.6280285716056824
0.3318576216697693
0.13703882694244385
0.0635652169585228
0.7011610269546509
0.30642151832580566
1.3440897464752197
0.024980194866657257
0.19652220606803894
-0.2322525829076767
-0.6439908742904663
-0.37506264448165894
0.8755561709403992
-0.4780111312866211
0.5113062262535095
-0.14253979921340942
-0.04981750249862671
0.13488484919071198
-0.015863293781876564
-0.07004819810390472
1.1896154880523682
0.06061208248138428
0.12175878137350082
-0.2977646589279175
2.2272863388061523
-0.6045463681221008
-0.5051358342170715
-0.3872874677181244
0.7540076375007629
-0.1556568741798401
-0.1764092743396759
0.04589197412133217
0.12371990829706192
-0.17778925597667694
-0.11020532250404358
-0.2072446644306183
0.3008593022823334
0.08899259567260742
-0.2846968173980713
-0.0645911768078804
1.4214801788330078
-0.05421038717031479
0.023841332644224167
-0.15872597694396973
0.7464585304260254
0.9938987493515015
0.34227484464645386
0.17079894244670868
0.616145133972168
-0.02248191460967064
0.21630048751831055
0.05011947825551033
0.0027088753413408995
0.12792859971523285
0.4807095229625702
-0.3576299548149109
0.9527912139892578
0.0204851683229208
0.015742333605885506
-0.06425143778324127
-0.04964848980307579
-0.002218572422862053
-0.04766920953989029
0.10502613335847855
-0.1374770998954773
0.009508450515568256
-0.061049994081258774
0.0477236844599247
-0.21303662657737732
0.015271900221705437
0.07986152917146683
-0.05762240290641785
-0.0936601385474205
-0.10814625024795532
0.13903094828128815
-0.6085333824157715
-0.21600264310836792
-0.17796260118484497
0.170801043510437
-0.4195267856121063
0.02034521847963333
-0.03047100082039833
0.3457430601119995
-0.22886984050273895
-0.18126696348190308
-0.055684931576251984
0.01216290332376957
0.1377154141664505
0.46720996499061584
0.0464300736784935
0.03395730257034302
-0.11194667220115662
-0.03861439228057861
-0.016297154128551483
0.08877238631248474
0.03027491271495819
0.029276691377162933
-0.060446809977293015
0.009265304543077946
-0.0011966289021074772
0.04427165910601616
0.0042974576354026794
-0.01446976512670517
-0.05693718418478966
-0.08232534676790237
0.34396350383758545
-0.47776874899864197
-0.6068756580352783
0.05824127793312073
-0.6462032794952393
0.28402259945869446
0.3338286876678467
0.2827789783477783
0.35390710830688477
0.014816539362072945
-0.17237168550491333
0.6230112314224243
0.18570362031459808
-0.08746353536844254
-0.5910839438438416
1.9376232624053955
-0.01566598005592823
-0.03603234514594078
0.055374033749103546
-0.0011186476331204176
0.0750548392534256
-0.016016731038689613
0.04069716855883598
-0.24234148859977722
-0.03692115843296051
-0.014020564965903759
0.049498338252305984
-0.027620697394013405
0.07722555845975876
0.021068694069981575
0.014513524249196053
0.03330572322010994
0.3382987082004547
0.08019442856311798
-0.4047948718070984
0.237783282995224
0.7204234600067139
-0.5285063982009888
0.21596473455429077
0.5517550110816956
0.9701082706451416
0.2765718400478363
0.019344540312886238
0.3112828731536865
0.5208665132522583
0.18582768738269806
1.4874604940414429
0.6313692331314087
0.05509031563997269
0.5991854071617126
-0.5216929912567139
-0.26237571239471436
0.0700400248169899
-0.3881664574146271
0.1984759122133255
0.502230703830719
0.10245316475629807
0.23654420673847198
0.3306313455104828
0.047762151807546616
0.04807373881340027
0.07076343148946762
0.2024015635251999
-0.6138007044792175
0.05969084054231644
0.005958849564194679
-0.010606484487652779
0.009084949269890785
0.018258947879076004
0.027116138488054276
-0.030126279219985008
0.023134231567382812
0.01383561547845602
0.006743811070919037
0.003997832536697388
0.04874112084507942
-0.1329955756664276
-0.0067186071537435055
0.022078899666666985
-0.06915329396724701
-0.5329751372337341
0.04091860353946686
-0.24871714413166046
0.6145598888397217
0.4920077323913574
-0.5764698386192322
0.13357073068618774
0.13248911499977112
-0.16486422717571259
-0.20879817008972168
-0.4307987093925476
0.21232183277606964
0.11519934237003326
0.15619270503520966
-0.3431068956851959
0.3449288606643677
0.022200336679816246
-0.007071554195135832
-0.08024868369102478
-0.025855652987957
-0.001770066563040018
0.038434047251939774
-0.03880442678928375
0.05871141701936722
0.030633920803666115
0.008718409575521946
0.02039329521358013
0.028543509542942047
0.05430515483021736
-0.07261914014816284
0.03687842935323715
0.06799501180648804
-0.0032298387959599495
0.018538471311330795
-0.012188639491796494
0.08269456773996353
-0.045057594776153564
0.08582154661417007
0.1095026284456253
0.0387456975877285
0.057883284986019135
0.07807213813066483
0.1009843721985817
0.037024471908807755
0.06547755748033524
0.006534751504659653
0.013604709878563881
0.007180904038250446
-0.03368493542075157
-0.052350226789712906
0.04313424229621887
0.0038944922853261232
0.021662456914782524
0.019297407940030098
0.05734158307313919
-0.028272777795791626
0.012590739876031876
0.05484221503138542
0.01766403391957283
-0.04566800221800804
0.00409369170665741
-0.022067613899707794
0.06750158965587616
0.05192522332072258
-0.14315178990364075
-0.40285250544548035
-0.367726594209671
0.6264567971229553
-0.03085184097290039
0.1912536323070526
-0.230006143450737
0.08164757490158081
-0.00898922048509121
0.30665820837020874
-0.2677505910396576
0.7045642733573914
0.08150304853916168
0.012950030155479908
-0.3843841254711151
0.9808737635612488
-0.007922138087451458
-0.4655096232891083
-0.3063681125640869
0.261552095413208
-0.028620608150959015
-0.1444021612405777
0.5660198926925659
0.7528217434883118
-0.17651192843914032
-0.07059456408023834
0.15013889968395233
1.0504335165023804
0.04143333062529564
0.5287190675735474
0.5901824235916138
1.7424098253250122
0.014933218248188496
0.027384961023926735
-0.004300914239138365
-0.028523515909910202
-0.06266959011554718
0.11759473383426666
0.055494412779808044
0.0648198351264
0.015191352926194668
0.020272422581911087
0.08470998704433441
-0.12508569657802582
0.004712047521024942
0.0498960018157959
-0.05892259255051613
-0.009053302928805351
0.04001110792160034
-0.020167695358395576
-0.11874476820230484
-0.10657783597707748
0.24584513902664185
0.2501317262649536
-0.22902096807956696
-0.38805121183395386
0.06095205619931221
-0.32477864623069763
0.022902343422174454
0.4399470090866089
-0.06372810155153275
0.4777619540691376
-0.07042604684829712
0.42248281836509705
0.07463318109512329
-0.31196480989456177
-0.3065657317638397
-0.196366086602211
0.40677398443222046
0.2637167274951935
-0.6893976926803589
-0.0900663286447525
0.3762500584125519
-0.29220643639564514
0.4502941370010376
-0.08805131912231445
0.256006121635437
-0.06577900052070618
-0.7581146955490112
0.18892748653888702
-0.18640634417533875
-0.516105592250824
-0.22932474315166473
0.023281415924429893
-0.3506932556629181
0.022132907062768936
0.6183014512062073
0.5316577553749084
-0.029700081795454025
0.02126891352236271
-0.009646992199122906
0.5354201197624207
0.06384393572807312
0.28884848952293396
0.13718818128108978
3.1184241771698
-0.5127806663513184
-0.037735484540462494
0.07828333228826523
0.3286086618900299
0.3620103597640991
-0.09370845556259155
-0.35974010825157166
0.18673090636730194
-0.3725685477256775
-0.0645330622792244
-0.06988247483968735
-0.014684360474348068
0.08514316380023956
-0.23100663721561432
0.14102999866008759
1.5069361925125122
0.42422357201576233
-0.26629143953323364
-0.40323108434677124
-0.42243775725364685
-0.08929626643657684
-0.6746101379394531
0.21308094263076782
-0.0582994781434536
0.6757696270942688
-0.1421862244606018
-0.13667157292366028
-0.20608004927635193
0.5259518027305603
0.09523880481719971
-0.17032496631145477
0.02757672220468521
-0.15866157412528992
0.18758809566497803
-0.055633772164583206
-0.037965577095746994
1.1711457967758179
0.08472205698490143
-0.3531264066696167
-0.08147452771663666
0.020090628415346146
0.30131796002388
-0.18308579921722412
-0.238608255982399
0.16600002348423004
-0.4334348738193512
-0.8367714881896973
1.0979878902435303
0.3396347761154175
0.1430157721042633
-0.01626718044281006
0.3265938460826874
0.21426431834697723
-0.3847586214542389
-0.09694012999534607
0.1799500733613968
0.3103376626968384
0.20071694254875183
-0.09133587032556534
0.0012373900972306728
1.3413301706314087
0.2703481614589691
0.13903971016407013
0.25317421555519104
-0.5943737626075745
0.17763520777225494
0.29177647829055786
0.8558727502822876
0.42251965403556824
-0.4194048345088959
0.04485977813601494
0.6244255900382996
-0.12034501135349274
-0.20582187175750732
0.3492322266101837
0.7232439517974854
0.1243193969130516
0.1409110724925995
0.02133755013346672
0.2846031188964844
0.42607754468917847
0.2512543201446533
0.3297664225101471
0.4382525384426117
0.8890578150749207
-0.012496079318225384
0.10733950138092041
-0.3196852207183838
0.314297080039978
0.023480549454689026
-0.0021003533620387316
-0.18186406791210175
0.2683712840080261
-0.30381661653518677
-0.7775864005088806
0.7015607953071594
0.03220592066645622
0.004802296403795481
-0.04897238314151764
-0.044148292392492294
0.03001863695681095
-0.017807798460125923
-0.05362962558865547
-0.02883591689169407
0.0036687543615698814
-0.055357757955789566
-0.07784345000982285
0.059694141149520874
0.0031568335834890604
-0.0060187773779034615
-0.049902498722076416
0.019723063334822655
0.2118261605501175
0.2076691836118698
0.2744894027709961
-0.0427306592464447
0.2840151786804199
0.026863737031817436
-0.10300181806087494
0.38536882400512695
0.05180484056472778
0.3014894723892212
0.01884111762046814
0.11871689558029175
0.2487747222185135
-0.12694722414016724
-0.08144664019346237
2.3012962341308594
-0.016069723293185234
0.01403091847896576
-0.09142374247312546
0.051280081272125244
-0.07169832289218903
0.04334335774183273
-0.027786077931523323
0.018550360575318336
0.02837267518043518
-0.04061456769704819
-0.015013567171990871
0.02434691973030567
0.011462461203336716
-0.0422828383743763
-0.10039971023797989
-0.04246348515152931
0.005708659533411264
0.09721366316080093
0.014455463737249374
-0.043556347489356995
0.0027686376124620438
-0.002125329338014126
0.0033518094569444656
-0.040854670107364655
0.024389835074543953
-0.0005141333676874638
0.03635304048657417
0.01993894949555397
-0.0430000014603138
-0.005097204353660345
-0.08508602529764175
-0.08126579225063324
0.059630028903484344
0.18762320280075073
0.1377907544374466
0.10894270241260529
0.7604806423187256
-0.621826708316803
-0.24445252120494843
0.36833348870277405
-0.43142569065093994
0.08959803730249405
0.214636892080307
0.29647836089134216
0.5398608446121216
1.193688154220581
-0.21063962578773499
0.3957931399345398
-0.39478203654289246
-0.08604317158460617
0.06136465445160866
0.9934629201889038
-0.21589092910289764
0.2953914701938629
-0.20122382044792175
-0.4172475337982178
0.10362202674150467
-0.3336206376552582
0.17539900541305542
1.5345020294189453
0.19318562746047974
-0.33723774552345276
-0.2955993711948395
2.273253917694092
-0.7014803886413574
-0.03041854128241539
0.059560585767030716
0.9096794724464417
-0.10706775635480881
-0.22373491525650024
-0.3058323860168457
0.3291565477848053
-0.15946835279464722
-0.3271360397338867
-0.22196799516677856
0.10055337846279144
0.23297367990016937
-0.5120811462402344
-0.07557552307844162
1.240653395652771
-0.16381503641605377
0.29280799627304077
0.2544577121734619
0.9942900538444519
0.8963223695755005
0.16799868643283844
0.14271877706050873
0.5570628046989441
0.038093451410532
0.0074914367869496346
0.3434973359107971
0.0680052638053894
0.1437307894229889
0.13230066001415253
-0.7141345739364624
1.1139930486679077
0.03759720176458359
0.05660705640912056
-0.04006422311067581
-0.014125240966677666
-0.0018626028904691339
-0.05426126718521118
0.20255321264266968
-0.13603557646274567
0.025463001802563667
-0.02132607251405716
-0.030553529039025307
-0.196168914437294
-0.048057712614536285
0.12498889863491058
-0.09143974632024765
-0.026851123198866844
-0.18186797201633453
0.26566511392593384
-0.8288241624832153
-0.16053010523319244
-0.15642191469669342
0.15039728581905365
-0.17196615040302277
-0.041562214493751526
-0.03290144354104996
0.42229756712913513
-0.21973681449890137
-0.0984141081571579
0.11381705850362778
-0.010834738612174988
0.09421440213918686
0.5041171908378601
-0.0023520917166024446
-0.06578885763883591
-0.003027253318578005
0.06924206763505936
0.029708437621593475
-0.04723102226853371
0.011502815410494804
0.005346984136849642
0.009995548985898495
-0.021789250895380974
0.04154306650161743
-0.06965093314647675
-0.014484446495771408
-0.006760135293006897
-0.005358005408197641
-0.020319128409028053
0.24539050459861755
-0.12663695216178894
0.1972597986459732
-0.08958885818719864
-0.6794296503067017
0.19480536878108978
0.4521177411079407
-0.272294282913208
0.41328009963035583
-0.11248346418142319
-0.27764245867729187
0.22189804911613464
0.2962774336338043
-0.3783585727214813
-0.35681045055389404
2.313746452331543
0.0005672609549947083
0.018176695331931114
-0.04686938598752022
-0.015092115849256516
0.041755881160497665
-0.007509950082749128
-0.013167238794267178
-0.24188129603862762
0.03460422903299332
0.039913076907396317
0.07653843611478806
-0.055910371243953705
0.011797105893492699
0.024100635200738907
0.015553874894976616
0.03588429093360901
0.21879573166370392
0.35255515575408936
0.12441638112068176
0.354430228471756
0.556941568851471
-0.3592441976070404
-0.16039235889911652
0.3285936415195465
0.012097862549126148
0.22135871648788452
0.20738673210144043
0.36292704939842224
0.9502997994422913
-0.06857198476791382
1.1369359493255615
0.7682560682296753
-0.023613451048731804
0.5141791701316833
-0.19187922775745392
-0.04625839740037918
-0.10136818885803223
-0.42735743522644043
0.18800103664398193
0.8100215196609497
-0.4061223566532135
0.3783561885356903
0.048539455980062485
-0.10350874811410904
0.6476099491119385
0.06507191807031631
-0.20025596022605896
-0.42114561796188354
0.04578376188874245
-0.008541958406567574
-0.06871738284826279
0.002345132175832987
0.054112885147333145
0.05243704840540886
0.09853531420230865
-0.005177305545657873
0.024489592760801315
-0.018290959298610687
0.013479120098054409
0.029003309085965157
-0.02100042812526226
0.06108035892248154
-0.021552128717303276
-0.027515646070241928
-0.3902609348297119
0.26611173152923584
0.08463232964277267
0.8765622973442078
0.6021347045898438
-0.49437177181243896
-0.21988914906978607
0.2866557836532593
-0.36366501450538635
-0.28204020857810974
-0.2259853631258011
0.17602039873600006
0.42029836773872375
-0.24852363765239716
-0.4676830470561981
0.5362468957901001
0.037524450570344925
0.06247043237090111
-0.07159970700740814
0.05035940185189247
-0.10010263323783875
-0.0021246490068733692
-0.04292779043316841
-0.025070175528526306
-0.013598492369055748
-0.005368863232433796
-0.00858348235487938
-0.05935158208012581
-0.07795360684394836
-0.06600049883127213
-0.006620952393859625
-0.0593617744743824
0.003908069804310799
0.025253837928175926
-0.005332756321877241
-0.0007159049855545163
0.004848045762628317
0.05093047395348549
0.03244520351290703
-0.07034006714820862
0.022687530145049095
-0.09190871566534042
0.023954596370458603
0.03381332382559776
-0.013291948474943638
0.07908383756875992
-0.05552324652671814
0.03320471569895744
0.0254826582968235
0.013958020135760307
0.09471692889928818
-0.00941869243979454
0.04530232027173042
-0.0758712887763977
-0.012009704485535622
-0.056913670152425766
-0.04486602544784546
0.0033359588123857975
-0.10657838732004166
0.06170123443007469
0.021322209388017654
-0.008456263691186905
-0.02753213420510292
-0.08507519960403442
-0.3015860319137573
0.2083771824836731
-0.1592591255903244
0.8402453064918518
0.17446966469287872
0.09761004149913788
-0.28520506620407104
0.07535001635551453
-0.13944382965564728
0.02062954008579254
-0.09504470229148865
0.3465462625026703
0.17871129512786865
-0.4553607404232025
-0.6522539854049683
0.9419400095939636
-0.07238785177469254
-0.1255856156349182
0.6084147095680237
0.06497994810342789
-0.2400762140750885
-0.1310584545135498
0.3697499930858612
0.7728602290153503
0.00025958375772461295
-0.06601005792617798
0.23473012447357178
0.8601891398429871
0.08989632874727249
0.3737412393093109
0.814321756362915
1.409889817237854
-0.052942052483558655
0.01866704598069191
0.03303099423646927
-0.0014818343333899975
0.006065796595066786
0.07110663503408432
0.00044438583427108824
-0.03887268155813217
0.006771633867174387
-0.07505825906991959
0.06716804951429367
-0.03738822415471077
-0.059051815420389175
-0.024981962516903877
0.00711870240047574
-0.013388573192059994
-0.0644543319940567
-0.18504898250102997
-0.11560483276844025
-0.03488271310925484
0.34739911556243896
0.20518626272678375
-0.035535283386707306
-0.2855423092842102
0.06909886747598648
-0.22125715017318726
0.07351701706647873
0.4141491949558258
-0.12377335131168365
0.49519065022468567
-0.21992920339107513
0.38078176975250244
0.007981892675161362
-0.6415078043937683
-0.1559244990348816
0.19278573989868164
0.2713618874549866
0.28792622685432434
-0.557166576385498
-0.2929180860519409
-0.06761550903320312
-0.07061392068862915
0.30418944358825684
-0.3199402987957001
0.7489040493965149
-0.13667529821395874
-0.8451325297355652
0.2925964295864105
-0.22823093831539154
-0.12579959630966187
0.5177513360977173
-0.11289457231760025
-0.4002549946308136
0.04847319424152374
0.43978044390678406
0.1896432787179947
0.08187327533960342
-0.050413187593221664
0.1951892077922821
0.46098825335502625
0.0587577186524868
0.11749405413866043
0.2643466591835022
3.1411893367767334
-0.5696231722831726
0.1361851692199707
0.019283907487988472
0.3287944793701172
0.37343746423721313
-0.00012398595572449267
-0.6492698788642883
0.3732219934463501
-0.24545420706272125
0.09656109660863876
-0.07040167599916458
-0.11182165145874023
0.17583705484867096
-0.3581821024417877
-0.10692140460014343
1.582878828048706
0.2671302556991577
-0.3041629493236542
0.04529394209384918
0.008272784762084484
-0.020378733053803444
-0.683609127998352
0.14459198713302612
-0.1855340152978897
0.038195665925741196
0.042551226913928986
-0.3305695354938507
-0.2187071144580841
1.0955729484558105
0.13407473266124725
-0.4703361392021179
-0.03337887302041054
0.10121089965105057
-0.033519893884658813
-0.7931538820266724
-0.29410988092422485
1.2289470434188843
-0.028536800295114517
-0.3003574311733246
0.41792967915534973
0.1434372216463089
0.00502443453297019
0.3429103493690491
0.7859318256378174
-0.030647099018096924
-0.30381810665130615
-0.10409901291131973
1.1299891471862793
0.46774864196777344
0.2954692840576172
-0.19677434861660004
-0.20795121788978577
0.23370477557182312
0.15236251056194305
-0.1602451503276825
0.11656399816274643
0.5774022340774536
0.35404878854751587
0.18908727169036865
0.07442377507686615
1.2885611057281494
0.07051045447587967
-0.9508064985275269
-0.13641099631786346
-0.7079464197158813
0.23329292237758636
0.2648337483406067
0.785912036895752
1.0853569507598877
-0.4815945327281952
-0.14836473762989044
0.19731688499450684
-0.02230631187558174
-0.6259339451789856
0.1235155537724495
-0.08991473913192749
0.0638713389635086
-0.9645862579345703
0.2197803407907486
1.0291765928268433
0.6245707273483276
0.4614328145980835
0.07917717844247818
0.47538867592811584
0.7716313004493713
0.2780275344848633
0.46082499623298645
-0.07725992053747177
0.5484101176261902
-0.049963511526584625
0.3280443251132965
0.23368126153945923
0.3833741545677185
-0.022220008075237274
0.0954413190484047
0.8633421063423157
-0.014832655899226665
-0.024751165881752968
0.03839792311191559
0.02841995097696781
0.09878385812044144
0.009379250928759575
-0.04786086454987526
-0.031466394662857056
0.023334501311182976
0.013756396248936653
0.08251039683818817
-0.038609106093645096
-0.001687876763753593
0.01368223037570715
0.0016093363519757986
-0.03713436424732208
0.41295522451400757
-0.1005701869726181
-0.6125844120979309
-0.13575893640518188
0.9373788237571716
-0.18108618259429932
-0.20076581835746765
0.505378782749176
0.10870898514986038
0.23751865327358246
0.2955656349658966
-0.2878699004650116
0.3253861665725708
-0.36111438274383545
-0.5907641649246216
1.1969844102859497
-0.05712026357650757
-0.06699412316083908
-0.06673836708068848
0.008873414248228073
-0.0589165985584259
0.07340184599161148
-0.02427435666322708
-0.0685490071773529
-0.0028632718604058027
-0.04393177852034569
-0.07411208748817444
-0.05356440320611
-0.04544633999466896
0.026529714465141296
0.010900327004492283
-0.01431270968168974
0.03986803814768791
0.0012234497116878629
0.052153609693050385
-0.04371989890933037
0.002238911110907793
-0.04830677807331085
-0.03400985896587372
0.027028920128941536
0.03625137358903885
-0.09646374732255936
-0.005930849816650152
-0.10193854570388794
-0.05954306572675705
0.029909756034612656
-0.0297311469912529
-0.059870313853025436
0.1782034933567047
0.20156393945217133
-0.5345310568809509
-0.3572273254394531
1.4229885339736938
-0.3756482005119324
-0.4643150866031647
0.12809297442436218
-0.09930626302957535
0.14156877994537354
-0.18197192251682281
-0.4757453501224518
0.3714640140533447
-1.5090094804763794
-0.69502854347229
0.3576909005641937
-0.4993380308151245
-0.40899619460105896
0.1482485830783844
0.8110226988792419
-0.19611051678657532
0.5439364314079285
-0.04850177839398384
-0.26745715737342834
0.2812514901161194
-0.5126881003379822
0.31984826922416687
1.1403968334197998
0.22197774052619934
-0.16898135840892792
0.3032369017601013
1.9711570739746094
-0.6041088700294495
-0.31824353337287903
-0.30410775542259216
0.23170194029808044
0.19437925517559052
0.014569923281669617
-0.09613316506147385
0.7887433171272278
-0.1292816400527954
0.10296257585287094
0.3026016056537628
0.47155827283859253
-0.0566234327852726
-0.18143463134765625
0.26136890053749084
1.06979501247406
-0.2827315032482147
0.15776893496513367
0.06220518425107002
0.40995290875434875
0.9869890809059143
0.22841264307498932
-0.1346845179796219
-0.6490446925163269
0.13850067555904388
-0.36805272102355957
-0.06719516962766647
0.2906282842159271
0.2495545744895935
-1.2080085277557373
0.21265964210033417
1.073978066444397
-0.01687600277364254
-0.0164762232452631
-0.003473054151982069
-0.08803141117095947
0.06898777931928635
-0.04439786821603775
0.2010277807712555
-0.11249696463346481
0.029573798179626465
-0.017113355919718742
0.1365559995174408
-0.27535825967788696
0.021325670182704926
0.09882893413305283
0.014666295610368252
-0.12519727647304535
-0.21195919811725616
0.16439633071422577
-0.5772483348846436
-0.27477866411209106
-0.3152206540107727
-0.007895148359239101
-0.2292376160621643
0.044904548674821854
-0.12046580761671066
0.42167428135871887
-0.19403645396232605
-0.06363176554441452
0.07124534249305725
-0.05716155096888542
0.1533837467432022
0.3171870708465576
-0.03329406678676605
-0.012735414318740368
-0.0321212038397789
0.018811972811818123
-0.07848408818244934
-0.032876815646886826
0.046685315668582916
-0.024918438866734505
-0.010806076228618622
0.0319257453083992
0.03041118010878563
0.06095273420214653
-0.10107209533452988
-0.03683274984359741
-0.06445435434579849
-0.016496898606419563
0.4718915522098541
-0.32458749413490295
-0.4005538523197174
0.6513095498085022
-0.26627105474472046
0.4973824620246887
0.5517386198043823
-0.26910722255706787
0.7312091588973999
-0.20895342528820038
0.5977638363838196
0.7083960771560669
0.14279958605766296
-0.011806917376816273
0.22604796290397644
1.9715018272399902
-0.005548364017158747
-0.004360297694802284
-0.0364057756960392
-0.028725910931825638
-0.04874362424015999
-0.06593912094831467
-0.07153650373220444
-0.16833658516407013
0.0835813656449318
0.018576746806502342
0.13383832573890686
0.05506381765007973
0.0016465120716020465
0.055926818400621414
0.026989847421646118
-0.07069724053144455
0.23900233209133148
0.23228491842746735
-0.596717119216919
-0.2980646789073944
1.0907909870147705
-0.06809372454881668
-0.30980199575424194
0.525767982006073
0.3539397418498993
0.10056066513061523
-0.04399964213371277
-0.6275261044502258
0.7938125133514404
-0.49364131689071655
-1.775347352027893
0.18916913866996765
0.015229487791657448
0.958837628364563
-0.11861060559749603
-0.053874604403972626
-0.01625620387494564
0.023455021902918816
0.3069121539592743
0.9490529894828796
-0.1481051743030548
0.39004456996917725
0.039801981300115585
0.5941702127456665
0.4447736144065857
0.34374120831489563
0.03254547342658043
0.3147366940975189
-0.06608486920595169
0.03431912884116173
-0.012294700369238853
-0.009648713283240795
-0.05815255641937256
-0.07587842643260956
0.002100777579471469
0.003260542405769229
-0.06191697344183922
0.023615306243300438
0.03360991179943085
-0.01520877331495285
0.028153957799077034
0.04173090681433678
0.00617124093696475
0.019216181710362434
-0.29622170329093933
0.05727683752775192
-0.05493363365530968
0.07613107562065125
1.027080774307251
-0.046797629445791245
-0.2014855146408081
0.47243058681488037
-0.3970027267932892
-0.2346191704273224
0.02393207512795925
0.0865914598107338
0.28015223145484924
-0.2626139223575592
0.1326325535774231
0.2827971577644348
-0.03932053968310356
-0.0609159879386425
0.037774574011564255
0.05843667313456535
-0.017012877389788628
0.02610708959400654
-0.009169869124889374
0.018802521750330925
0.004444078076630831
0.022586124017834663
-0.06966967135667801
-0.023151058703660965
-0.034678854048252106
0.03777657449245453
-0.011134497821331024
0.05581558123230934
-0.0210597924888134
0.011010249145328999
-0.06892979145050049
-0.03493102267384529
-0.02501637302339077
0.017183275893330574
0.01917152851819992
0.010717907920479774
0.008405640721321106
-0.045835260301828384
-0.026517357677221298
0.052668798714876175
-0.049237750470638275
0.03201160952448845
-0.002300119958817959
0.06630956381559372
-0.014054222032427788
0.036771368235349655
0.01606624759733677
0.0553811676800251
0.02830042876303196
-0.05051524564623833
-0.04857999086380005
-0.03139851242303848
-0.019687946885824203
-0.0024187052622437477
0.030916176736354828
-0.03836281970143318
-0.04010565206408501
0.11493946611881256
-0.010348398238420486
-0.022081173956394196
-0.14688043296337128
-0.04088759422302246
-0.6459909677505493
-0.17236287891864777
0.4795941114425659
0.2196456789970398
-0.5572677850723267
0.06742486357688904
0.07633814960718155
0.0763239711523056
0.1117573007941246
0.4442371129989624
-0.04421969875693321
-0.09429234266281128
-0.2199094295501709
0.6813324093818665
-0.09411405771970749
-0.184974804520607
-0.0968126580119133
0.805455207824707
0.29059672355651855
-0.04078686609864235
0.20918728411197662
-0.16128575801849365
0.06421568989753723
-0.5322288870811462
-0.13043636083602905
0.2827923595905304
0.023169633001089096
-1.2873809337615967
0.06935975700616837
2.065000057220459
0.004909804556518793
-0.007064517121762037
-0.026216862723231316
0.022759070619940758
-0.026262842118740082
-0.04382294788956642
-0.01129281148314476
0.0621829479932785
-0.03750724717974663
-0.1147453561425209
0.06297215074300766
-0.1650584489107132
-0.10913969576358795
0.04023241624236107
-0.01756986789405346
-0.008174445480108261
-0.27592363953590393
-0.0767790824174881
-0.16832897067070007
-0.03290092945098877
0.24400672316551208
0.14064344763755798
-0.1873645931482315
-0.29420289397239685
0.10686817765235901
-0.40507999062538147
0.288790762424469
0.46719464659690857
-0.15741559863090515
0.5491968989372253
-0.003273407928645611
0.46854832768440247
-0.1751563400030136
-0.24198031425476074
-0.21666990220546722
0.2260562926530838
0.34691664576530457
1.0942438840866089
-0.6851022839546204
-0.46184876561164856
-0.062251102179288864
0.12980933487415314
0.22065915167331696
0.42617475986480713
0.5868120193481445
0.013322683982551098
-0.6935245990753174
0.2780992388725281
-0.2759571373462677
-0.47500473260879517
-0.029046177864074707
0.32107192277908325
0.2244880497455597
-0.10644863545894623
0.1253991574048996
0.6048586368560791
0.2865680456161499
-0.3693823516368866
0.07015763968229294
0.7383449077606201
0.1442849189043045
-0.7949886918067932
0.5797885656356812
3.313678026199341
-0.5034886598587036
-0.09507366269826889
-0.44401833415031433
-0.5295112729072571
0.4022922217845917
-0.16742439568042755
-0.7633627653121948
0.5827199220657349
-0.48354288935661316
0.03918333724141121
0.21171657741069794
-0.48848313093185425
0.11761759221553802
-0.3241746723651886
-0.2355818897485733
0.626836359500885
0.32372817397117615
-0.13082782924175262
-0.19398026168346405
0.1340177059173584
-0.056789856404066086
-0.5391249060630798
0.3422032594680786
-0.04525080323219299
0.28347522020339966
0.20906531810760498
-0.36950379610061646
0.6264497637748718
0.8888917565345764
0.08271070569753647
0.07007137686014175
0.4639263451099396
0.47347167134284973
0.16171756386756897
-0.17131894826889038
0.500163733959198
1.042436957359314
-0.2994537651538849
0.016804847866296768
0.33838319778442383
-0.037725284695625305
0.15665236115455627
0.36687931418418884
0.5841202139854431
0.41640505194664
-0.46120986342430115
-0.041050367057323456
1.1772726774215698
0.8463259339332581
0.9193750619888306
-0.11364451050758362
0.38611266016960144
0.42002665996551514
-0.21872034668922424
-0.2002982348203659
0.37579891085624695
0.49583932757377625
0.14045469462871552
0.049488313496112823
0.10051043331623077
1.4807506799697876
0.4278550446033478
-1.043601155281067
0.056067630648612976
0.08284003287553787
0.42240819334983826
0.30366870760917664
0.8902891874313354
-0.270053893327713
-0.25303590297698975
-0.07639847695827484
0.2155035436153412
0.10386136174201965
-0.29263219237327576
-0.04992641136050224
0.12109455466270447
0.26714837551116943
-0.5291861891746521
0.21004167199134827
0.9591723680496216
0.9643359184265137
0.503743052482605
0.26248055696487427
0.9010769724845886
-0.24363328516483307
-0.2416585385799408
0.3738073408603668
-0.05297381430864334
0.37871792912483215
0.12410636246204376
0.20725291967391968
0.20077170431613922
0.42818114161491394
-0.0196390338242054
-0.11058685928583145
0.717173159122467
0.022666458040475845
-0.0431017130613327
0.025672242045402527
0.035657867789268494
-0.06363140791654587
-0.004538452718406916
-0.02832557074725628
-0.03589576855301857
0.034337032586336136
-0.036582063883543015
-0.020983757451176643
-0.09151533991098404
0.04497264698147774
-0.03963208198547363
0.05996505543589592
-0.021425897255539894
0.8474269509315491
-0.01127853337675333
0.08187464624643326
0.36157509684562683
-0.4216565787792206
-0.5694922804832458
0.6958737969398499
0.4349087178707123
-0.004978969227522612
0.14770402014255524
0.2871534526348114
-0.37275588512420654
0.41746094822883606
-0.17857860028743744
-0.35140854120254517
1.5596932172775269
0.018452562391757965
-0.05288852006196976
0.046700939536094666
0.045777346938848495
0.16104137897491455
-0.07175973057746887
-0.04514237120747566
0.08418765664100647
0.005039347801357508
0.013990550301969051
-0.0059560141526162624
-0.008042650297284126
-0.08459078520536423
0.0041120476089417934
-0.07640541344881058
-0.04256098344922066
-0.06840509176254272
0.06729841977357864
-0.057245898991823196
-0.06921841204166412
-0.08201028406620026
0.010615484789013863
-0.01163338590413332
0.058692336082458496
-0.006137424614280462
0.005434195511043072
-0.03325580805540085
-0.02378494292497635
-0.05278456583619118
0.03289145976305008
-0.05370764434337616
0.027062425389885902
1.070456624031067
0.39867156744003296
0.09258563816547394
0.3024786114692688
1.0911895036697388
-0.6104995012283325
0.3257291913032532
0.2236521989107132
-0.25588300824165344
-0.03326970711350441
-0.2751741111278534
-0.5923576951026917
0.5245118141174316
-1.1292871236801147
-0.42251142859458923
0.2734193503856659
0.06151720881462097
-0.14326581358909607
0.04106214642524719
1.199589490890503
-0.21085655689239502
0.40903645753860474
-0.3385600745677948
-0.16118226945400238
0.35424238443374634
0.020816639065742493
-0.044231705367565155
1.1097720861434937
0.06367727369070053
-0.1136426255106926
0.20704464614391327
2.048569679260254
-0.12652964890003204
-0.0732886791229248
0.06285031139850616
0.8714212775230408
-0.15469662845134735
-0.2790587544441223
-0.05348874256014824
0.8073450922966003
-0.05363313853740692
-0.11788760125637054
0.17814521491527557
0.3739345073699951
0.2925238013267517
0.06294673681259155
0.30080580711364746
1.2445228099822998
0.3796667158603668
0.26996469497680664
0.03498775511980057
0.7544763684272766
-0.13350419700145721
0.07603468000888824
-0.30386435985565186
-0.6363800764083862
0.04772362485527992
-0.10450943559408188
-0.32215195894241333
0.4402008056640625
0.23871450126171112
-1.0329419374465942
0.14227886497974396
1.1429235935211182
0.07211809605360031
-0.013395668007433414
-0.1339004784822464
-0.0663701593875885
0.05914955586194992
-0.000920877093449235
0.12352792918682098
-0.021653911098837852
-0.025410622358322144
0.0336826927959919
0.09521228820085526
-0.32786548137664795
-0.01824881136417389
0.1066918596625328
0.06912573426961899
0.012973180040717125
-0.16583609580993652
0.15326786041259766
-0.8060582876205444
-0.12497010082006454
-0.17159253358840942
0.1392199695110321
-0.31258726119995117
-0.19483980536460876
-0.0018143082270398736
0.293032169342041
-0.10810436308383942
-0.0708140954375267
0.08412537723779678
-0.0469597727060318
0.03517495095729828
0.4441157877445221
0.03785508871078491
0.08983366936445236
0.07390204071998596
0.07079383730888367
0.005778911057859659
-0.03639562800526619
-0.0063916416838765144
0.07266407459974289
0.04198873043060303
-0.0286372322589159
0.03134347125887871
-0.00615612743422389
0.06879431009292603
0.04371021315455437
0.03777462989091873
-0.07469683885574341
0.7630576491355896
-0.23263634741306305
-0.03267217427492142
0.5339052081108093
-0.23386311531066895
0.053185272961854935
0.39369744062423706
-0.16825468838214874
0.5601872801780701
0.25379517674446106
0.3408734202384949
0.7277262806892395
0.4006015956401825
0.2615479826927185
0.22421981394290924
1.8959494829177856
-0.03424089774489403
0.019812049344182014
-0.0329609289765358
-0.03009088709950447
-0.05681910738348961
-0.0539843887090683
0.04938637092709541
-0.23614491522312164
0.05478399991989136
0.050785161554813385
0.2255271077156067
-0.012870194390416145
0.0871272087097168
-0.009443819522857666
-0.003985419403761625
0.011874135583639145
1.3964341878890991
0.5964446067810059
-0.05642625316977501
0.7506424188613892
0.9165034294128418
-0.2313898652791977
0.6699155569076538
0.810396134853363
0.09559611976146698
0.18853804469108582
-0.18979483842849731
-0.6422030925750732
0.8508877754211426
-0.07452550530433655
-1.4431021213531494
0.16680610179901123
0.12961870431900024
1.131467580795288
-0.30212610960006714
-0.20438440144062042
0.1034243106842041
0.2508001923561096
0.028505537658929825
1.4214904308319092
-0.2329474240541458
0.3852930963039398
0.4853164851665497
0.47272789478302
0.5963799953460693
0.2546645998954773
-0.028024472296237946
0.022363973781466484
0.007667226251214743
0.002414558082818985
0.022559572011232376
-0.010603222995996475
0.03451192006468773
0.017016282305121422
0.0012313671177253127
0.00462217815220356
-0.061757270246744156
0.040374115109443665
0.05036879703402519
0.019077524542808533
0.056075215339660645
0.04376257583498955
0.010063322260975838
-0.03663422167301178
0.39810991287231445
0.9745457768440247
0.21952839195728302
0.3820413649082184
0.4815138280391693
-0.28882601857185364
0.1330254226922989
0.4795694649219513
-0.40880417823791504
-0.27572137117385864
-0.01567157544195652
-0.016462882980704308
0.4456496834754944
-0.48297467827796936
0.09113682061433792
0.21184296905994415
-0.0696781650185585
-0.07062391191720963
0.04110894352197647
-0.009101799689233303
-0.00745941698551178
-0.04499558359384537
-0.08835986256599426
-0.0009246293921023607
-0.002755272900685668
-0.07155486196279526
-0.04187964275479317
-0.015557377599179745
-0.024131327867507935
0.07154500484466553
-0.055454451590776443
-0.009723502211272717
0.020239144563674927
0.015163376927375793
-0.03412485122680664
-0.00022445482318289578
0.0186310987919569
-0.00964005384594202
0.05042089521884918
-0.0402042381465435
0.023257983848452568
0.007752080447971821
0.025978561490774155
0.005187772214412689
-0.021095462143421173
0.005302459001541138
0.0325695276260376
0.03411094844341278
0.014463942497968674
0.019990377128124237
-0.02090325765311718
0.10495517402887344
0.01903761737048626
-0.06385967135429382
0.032115064561367035
0.008496361784636974
0.004732334986329079
-0.014149393886327744
-0.03082982823252678
0.006573420017957687
-0.0340721420943737
-0.05824899673461914
0.02551880292594433
0.03294164314866066
0.1425127238035202
0.05758736655116081
-0.16997593641281128
0.6440499424934387
0.10397316515445709
0.10095536708831787
-0.39174431562423706
0.09554299712181091
-0.0494941771030426
0.23794101178646088
0.06276486814022064
0.5362604260444641
0.18513566255569458
-0.05945831537246704
-0.15867576003074646
0.7511085271835327
0.322684645652771
-0.1737898290157318
0.43918660283088684
0.6247093677520752
-0.3078654706478119
-0.201712504029274
0.4572247564792633
-0.1938931941986084
0.052741777151823044
-0.2991884648799896
-0.16620253026485443
0.11302023380994797
0.23236076533794403
-1.1173402070999146
-0.0156962089240551
2.0147171020507812
-0.04829343780875206
-0.018861891701817513
-0.03729812055826187
-0.00843948032706976
-0.10886835306882858
0.015971066430211067
0.0028594271279871464
-0.04584671929478645
0.02888283133506775
-0.07235132157802582
0.08994979411363602
-0.13196735084056854
-0.06924614310264587
-0.04365649074316025
0.0006623404915444553
-0.004562349524348974
-0.2504667341709137
-0.0025012772530317307
-0.04080694913864136
-0.053611982613801956
0.27714279294013977
0.18377305567264557
-0.3071616590023041
-0.2845773696899414
0.11777173727750778
-0.19322551786899567
0.05197007954120636
0.5217856168746948
-0.10984449833631516
0.5692529082298279
0.07841546088457108
0.3754734992980957
0.46109479665756226
-0.40460866689682007
-0.1687927544116974
-0.04604218527674675
0.5047891139984131
0.46834880113601685
-0.7142606973648071
0.10931827872991562
-0.0020226703491061926
-0.04669609293341637
0.44516295194625854
0.3131180703639984
0.6927197575569153
0.0364702008664608
-0.6857146620750427
0.38008320331573486
-0.031011343002319336
-0.21434363722801208
0.29827845096588135
0.43228667974472046
-0.3179413676261902
0.003203650237992406
0.2064618021249771
0.5859546065330505
0.22588345408439636
-0.10761724412441254
-0.1756061315536499
0.699440598487854
0.329882949590683
-0.6271539330482483
0.5886333584785461
3.315570831298828
-0.33623912930488586
0.1915103644132614
-0.09689320623874664
0.2986452281475067
-0.09123454988002777
-0.08357162773609161
-0.08538266271352768
0.5056971311569214
-0.2132294774055481
-0.2346297651529312
0.0830010399222374
-0.4107610881328583
0.13883864879608154
-0.16676943004131317
0.006481402087956667
0.8171839118003845
0.6819153428077698
0.1579386293888092
-0.028860902413725853
0.12265180051326752
0.16965661942958832
-0.4780382215976715
0.30526041984558105
-0.04988623410463333
0.17123360931873322
-0.054223787039518356
-0.15360035002231598
0.43452128767967224
1.010794997215271
0.11603256314992905
-0.014353553764522076
0.5345621705055237
0.012375060468912125
0.05992564558982849
-0.12402278929948807
0.22428736090660095
1.4141443967819214
-0.1483164280653
-0.4182092249393463
0.06846466660499573
0.16920796036720276
0.1914089024066925
0.5418378710746765
0.7600775361061096
0.09659447520971298
-0.4835352897644043
0.04979986324906349
1.259068250656128
0.9979843497276306
0.43822428584098816
-0.002998840995132923
0.37881234288215637
0.3618351221084595
-0.07360909879207611
-0.019380981102585793
-0.19980041682720184
0.500835120677948
0.42714884877204895
-0.1980794221162796
0.5764188170433044
1.2478853464126587
0.12345662713050842
-0.6940953731536865
0.30049875378608704
-0.1287894994020462
0.3613928258419037
0.33101508021354675
1.0210734605789185
0.02190827578306198
-0.4548390805721283
-0.26052284240722656
0.3384983241558075
0.21817752718925476
-0.3149144649505615
0.49381229281425476
0.36479565501213074
0.05944104865193367
-0.5421207547187805
0.668216347694397
1.314571738243103
0.587263822555542
0.2641579508781433
0.23955225944519043
0.5845863223075867
0.16392257809638977
-0.08237653225660324
0.09457585960626602
-0.40560421347618103
0.5022451281547546
0.09046109020709991
0.7768203616142273
0.2609747350215912
0.3842558264732361
-0.1262938231229782
0.36819958686828613
1.103708028793335
0.03886358067393303
0.011500494554638863
0.05570674687623978
0.04258272051811218
0.03778674826025963
0.00186380953527987
-0.047762077301740646
-0.10250290483236313
0.012965737842023373
-0.05085711181163788
0.005352735985070467
-0.0011740217451006174
0.04375290870666504
0.016507823020219803
-0.03454723581671715
-0.0059254528023302555
0.5618719458580017
0.08438149839639664
0.254846453666687
0.22478337585926056
0.12867309153079987
-0.21985216438770294
-0.02300284616649151
0.39393532276153564
0.26442378759384155
0.17976149916648865
0.7470701932907104
-0.01647091656923294
0.17721763253211975
-0.21698877215385437
-0.22587037086486816
1.512671947479248
0.06763887405395508
0.012795114889740944
0.008111756294965744
0.012607172131538391
-0.011988472193479538
0.01593565195798874
0.006036271341145039
0.0275158379226923
0.035994984209537506
0.007600582670420408
-0.0477689728140831
0.034610673785209656
-0.05387521907687187
-0.0821504294872284
0.03213264048099518
-0.00647989334538579
0.024359669536352158
0.09078109264373779
-0.04508069530129433
0.05688105896115303
-0.008529245853424072
-0.01953146979212761
-0.030649833381175995
0.03490317985415459
-0.017306331545114517
-0.09204094856977463
0.12572245299816132
-0.03366716206073761
0.04400172084569931
0.03939322009682655
-0.097115159034729
-0.011688744649291039
0.8610408306121826
0.4080267548561096
0.05417611449956894
0.37544482946395874
1.1775254011154175
-0.4636431038379669
-0.28232869505882263
0.0026980657130479813
-0.07519778609275818
0.18997648358345032
0.1038128137588501
-0.41788971424102783
0.4295937418937683
-1.2360429763793945
-0.15060898661613464
0.37193676829338074
-0.05195021256804466
-0.2968868911266327
-0.15983490645885468
1.1478980779647827
-0.30610713362693787
0.31984570622444153
-0.3218226432800293
-0.3792325258255005
0.4824499189853668
-0.053505003452301025
0.436815470457077
1.3335330486297607
0.1303955465555191
-0.08884316682815552
0.13330672681331635
2.1008379459381104
-0.38141068816185
0.00628427229821682
0.05327625572681427
0.9769489169120789
-0.08314473181962967
-0.04752926528453827
-0.34227967262268066
0.5748660564422607
0.20628467202186584
-0.23191498219966888
0.6458507776260376
0.4780736267566681
0.03311787545681
0.05304107069969177
0.4057472348213196
1.3316411972045898
0.20533177256584167
0.1654718965291977
0.1087932363152504
0.8140085339546204
0.1557297706604004
0.19205152988433838
-0.36899131536483765
-0.7686665058135986
0.2788674235343933
-0.04096243903040886
0.2407323271036148
0.335041344165802
0.07606194168329239
-0.9605832099914551
0.3035270571708679
1.1492632627487183
0.023147283121943474
0.04306274279952049
0.015604167245328426
-0.07897071540355682
-0.03295843303203583
-0.046170301735401154
0.17420688271522522
-0.13578884303569794
0.0656370148062706
-0.037259239703416824
0.06755424290895462
-0.221890389919281
-0.12139904499053955
0.16207897663116455
-0.050048574805259705
0.015576837584376335
-0.19739902019500732
0.21208016574382782
-0.8184658885002136
-0.14350606501102448
-0.2256273776292801
0.1609516739845276
-0.2552541494369507
-0.12471839785575867
0.01591433584690094
0.3920920789241791
-0.028508977964520454
-0.004501638934016228
0.03235497325658798
-0.1290721744298935
-0.03451042249798775
0.3400367796421051
0.013021186925470829
0.03655339404940605
0.07660560309886932
0.05714518204331398
0.04347490891814232
0.03458220884203911
0.04292641580104828
-0.028151314705610275
0.004378119483590126
0.06157778203487396
-0.049430035054683685
-0.018285393714904785
-0.07996494323015213
-0.04415139928460121
-0.04118767008185387
0.034463901072740555
0.33143866062164307
-0.28115880489349365
-0.05459850654006004
0.33964166045188904
-0.30571308732032776
0.18387289345264435
0.08675795793533325
-0.5788971781730652
0.7818788886070251
0.34780535101890564
0.6080346703529358
0.6991340517997742
0.24185127019882202
0.05733758583664894
0.002058308571577072
2.010082721710205
0.030229853466153145
0.06328842043876648
0.0670790895819664
-0.05671338364481926
-0.0029874129686504602
-0.002974111819639802
-0.00036098447162657976
-0.1903785914182663
0.005347736645489931
0.024592727422714233
0.09335307031869888
-0.0095096156001091
-0.007836625911295414
-0.018375685438513756
0.057998403906822205
-0.05812804028391838
1.1004661321640015
0.38924241065979004
0.10644228756427765
0.5784708261489868
0.9757664203643799
-0.2515580356121063
-0.2329716980457306
0.45163416862487793
0.23810118436813354
0.35286229848861694
-0.0773414894938469
-0.14245551824569702
0.7383808493614197
-0.3107844591140747
-1.008461594581604
0.44088882207870483
0.19463904201984406
0.7310599684715271
-0.21449993550777435
0.0012008616467937827
0.17172370851039886
0.03269102796912193
0.2870349884033203
0.6372021436691284
-0.3210938572883606
0.49158453941345215
0.4820651412010193
0.7579172253608704
0.4540063738822937
0.3533060550689697
-0.04231890290975571
-0.06592065095901489
0.001213979092426598
-0.0062284283339977264
-0.047981906682252884
0.06892713159322739
-0.04641484469175339
-0.005363686941564083
-0.09721676260232925
-0.02053055725991726
-0.030807936564087868
-0.037916556000709534
0.02284468710422516
0.0463765412569046
-0.04089886695146561
0.049421995878219604
-0.018280398100614548
0.10634845495223999
0.02071291022002697
0.9502937197685242
0.16449590027332306
0.5413699746131897
0.4505329728126526
-0.37249326705932617
-0.1904716193675995
0.346463680267334
-0.2070610672235489
-0.12559789419174194
0.3060072660446167
-0.1586322784423828
0.25219470262527466
-0.37531256675720215
0.48854076862335205
0.26547425985336304
0.06616362929344177
0.028786882758140564
0.009209152311086655
-0.017918631434440613
0.10117771476507187
0.014738793484866619
-0.01844814047217369
-0.0756869912147522
-0.005901238415390253
0.006552201695740223
0.01040263194590807
0.020899010822176933
0.006004086695611477
0.05804017186164856
0.001728881266899407
-0.03020927496254444
-0.04208053648471832
0.0247727632522583
0.0459858775138855
-0.03324352577328682
-0.0119481161236763
0.011911272071301937
0.028528179973363876
0.015974529087543488
0.02724183164536953
0.0029678724240511656
0.03685306757688522
-0.0030279825441539288
0.02632572129368782
0.11580254882574081
-0.01117397379130125
0.011226537637412548
0.08079180121421814
-0.08280925452709198
-0.02200232818722725
-0.022098524495959282
0.025575462728738785
0.07329215854406357
0.031856708228588104
-0.037956301122903824
-0.06866484135389328
0.02926228567957878
-0.05062518268823624
-0.04806191101670265
0.02759457379579544
-0.04672812670469284
-0.025197314098477364
-0.0609423890709877
-0.01781521365046501
-0.09172539412975311
-0.1203479990363121
0.7459450364112854
0.42428839206695557
0.2608364522457123
-0.5096678137779236
-0.15546412765979767
0.12277691066265106
0.3110879957675934
0.40945374965667725
0.2583170235157013
0.02115931548178196
-0.12947998940944672
0.06806061416864395
0.8389118313789368
-0.06016048789024353
-0.01888996548950672
0.5001308917999268
0.4499041736125946
-0.1434663087129593
-0.11983203887939453
-0.12532451748847961
-0.1332789659500122
0.29451876878738403
-0.40787258744239807
0.178755983710289
0.4329047203063965
0.056708257645368576
-1.001571774482727
0.4582100212574005
2.4182848930358887
-0.010109910741448402
0.0182033721357584
0.12325707823038101
0.050129808485507965
0.024144943803548813
-0.03925735130906105
-0.05113416910171509
0.047428831458091736
0.04144487529993057
-0.05623122304677963
0.07580769062042236
-0.14745000004768372
0.0818006694316864
0.02597452886402607
-0.03977309539914131
-0.04051397740840912
-0.2035902440547943
-0.10391973704099655
-0.060159798711538315
-0.10522706061601639
0.2990882396697998
0.30046647787094116
-0.3255389928817749
-0.24954594671726227
0.18438789248466492
-0.06641645729541779
0.07898591458797455
0.43511009216308594
-0.06817955523729324
0.6125041842460632
0.018395666033029556
0.47359180450439453
0.32660332322120667
-0.34738418459892273
-0.2030935436487198
0.13315804302692413
0.4885820150375366
0.642524778842926
-0.6877579689025879
-0.5190829634666443
-0.1937897652387619
0.33573779463768005
0.1737869828939438
0.6765737533569336
0.5186936855316162
0.019676802679896355
-1.0343689918518066
0.5091701745986938
-0.35104185342788696
-0.15463915467262268
0.3245672881603241
0.49610045552253723
-0.20415791869163513
-0.10432200133800507
-0.2026243954896927
0.6357198357582092
0.48567861318588257
-0.2684372365474701
0.3373720347881317
0.6388376355171204
0.10265988856554031
-0.5961702466011047
0.6784130930900574
3.2252447605133057
-0.40727072954177856
0.23690132796764374
-0.028279811143875122
0.34521907567977905
-0.08379483222961426
0.09274499863386154
-0.5576529502868652
0.5736379623413086
-0.020585384219884872
-0.22595806419849396
0.5054559111595154
-0.1941998451948166
0.055415619164705276
-0.1269288957118988
0.2849727272987366
0.9986621141433716
0.754784345626831
0.018049228936433792
0.04354920610785484
0.036352913826704025
0.1816955804824829
-0.5283650755882263
0.30269262194633484
-0.47398144006729126
0.1390649378299713
0.2653084695339203
-0.2649022042751312
0.908912181854248
0.8694623112678528
-0.013208853080868721
-0.08690649271011353
0.38348692655563354
0.09356352686882019
0.34964823722839355
0.26519307494163513
0.4699602723121643
0.9875298142433167
-0.23258326947689056
-0.2581162452697754
0.10098594427108765
0.2763746380805969
0.28367164731025696
0.36325323581695557
0.540063202381134
0.04605924338102341
-0.777993381023407
0.07451103627681732
1.3205244541168213
0.6746639609336853
0.3493232727050781
0.27775299549102783
0.442330539226532
0.39691251516342163
-0.4216122031211853
-0.193261057138443
0.024646278470754623
1.1318609714508057
0.49299296736717224
-0.17266049981117249
0.33153223991394043
1.1118754148483276
0.09251951426267624
-0.8445917367935181
0.3246386647224426
-0.2866954803466797
0.7883220314979553
0.4851776659488678
0.9076963663101196
0.3108536899089813
-0.2681555449962616
-0.24039579927921295
0.41987213492393494
-0.06729353964328766
-0.2236328274011612
0.3628305196762085
0.29498159885406494
0.07401961088180542
-0.6942217350006104
0.6386156678199768
1.0841143131256104
0.6329886317253113
0.843184232711792
0.4945211410522461
0.7862175107002258
0.07944588363170624
0.030279072001576424
0.08832612633705139
-0.5011444091796875
0.6202740669250488
0.08126180619001389
0.727023184299469
0.24656693637371063
0.40792423486709595
-0.2737906873226166
0.19058221578598022
1.2580469846725464
0.03348315879702568
-0.016367249190807343
0.012025472708046436
-0.023275235667824745
-0.005587010644376278
0.10062067955732346
0.06163984537124634
-0.09086806327104568
0.03775060549378395
0.05091629922389984
-0.005184862297028303
0.0587024949491024
-0.011257766745984554
-0.08742814511060715
-0.111079640686512
-0.06295789033174515
0.30770257115364075
0.2468542456626892
0.4626059830188751
0.3125878870487213
0.037638284265995026
-0.1888691633939743
0.11934120208024979
0.31751593947410583
0.29839953780174255
0.31639423966407776
0.603512167930603
0.08945521712303162
0.30765947699546814
-0.3458379805088043
-0.18373362720012665
1.8580293655395508
0.06723576784133911
0.024711884558200836
-0.04155709967017174
0.025698702782392502
0.013303158804774284
-0.0004983316757716238
-0.023152515292167664
-0.005719269160181284
-0.01850118115544319
-0.01002389844506979
0.08410920947790146
-0.00047297123819589615
-0.04877403378486633
-0.05779840052127838
0.04318931698799133
-0.004037952516227961
0.07948434352874756
-0.029312698170542717
-0.07407473772764206
-0.012717636302113533
-0.053381673991680145
-0.03663411736488342
0.015902534127235413
0.04239904507994652
0.05564359202980995
-0.0268569216132164
0.10560110956430435
-0.0040857382118701935
0.03633821755647659
0.10041207820177078
-0.05466876178979874
0.0002898391685448587
0.4200338125228882
0.3791046738624573
0.5844252705574036
0.5618342161178589
0.9854534864425659
-0.7020478248596191
0.13601058721542358
-0.0802815854549408
0.5736555457115173
0.16960178315639496
0.10851291567087173
-0.47512611746788025
0.3609279990196228
-1.210830807685852
-0.20269662141799927
0.5541287064552307
-0.1755390614271164
-0.13177502155303955
0.043818648904561996
0.9811397194862366
-0.37083759903907776
0.2514253556728363
-0.25631991028785706
-0.42144158482551575
0.5285534858703613
-0.010879989713430405
0.3602730631828308
1.4908981323242188
0.07779675722122192
-0.24963122606277466
-0.07458588480949402
2.169499158859253
-0.6157823204994202
0.1902070939540863
0.22652927041053772
0.7409182190895081
-0.1713092029094696
-0.008076991885900497
-0.2999366521835327
0.5653687715530396
0.1139095276594162
-0.10779644548892975
0.5196783542633057
0.3729458153247833
0.016479527577757835
-0.13704542815685272
0.5117181539535522
1.3878827095031738
0.08442194014787674
0.34680673480033875
0.4855555593967438
0.7863842844963074
0.31181836128234863
0.23703883588314056
-0.2667662799358368
-0.7310236096382141
0.3665149211883545
-0.047327909618616104
0.10844346880912781
0.3781648576259613
0.23081649839878082
-1.1290042400360107
0.16644233465194702
1.199524998664856
-0.015687178820371628
-0.019679386168718338
-0.04673584923148155
-0.012975596822798252
-0.011740490794181824
-0.07938553392887115
0.18749800324440002
-0.10776812583208084
0.005359496921300888
-0.003929018508642912
0.01828785613179207
-0.3669488728046417
-0.03619755804538727
0.22858615219593048
-0.1056777834892273
0.07944893836975098
-0.12421861290931702
0.16833099722862244
-0.812646210193634
-0.1350850909948349
-0.20917953550815582
0.12475746870040894
-0.24152988195419312
-0.0021420589182525873
-0.01270077470690012
0.4640807509422302
-0.43558767437934875
-0.023932581767439842
-0.004002981353551149
-0.01426423154771328
0.004602608270943165
0.41858914494514465
0.01083013229072094
0.027597950771450996
-0.050380904227495193
-0.006868485361337662
0.0030192085541784763
0.01786537654697895
0.05536673963069916
0.03601636737585068
0.028676673769950867
-0.012267781421542168
0.03725836053490639
-0.058851197361946106
0.007479305844753981
0.013224008493125439
-0.0004215155204292387
0.050951581448316574
0.5024099946022034
-0.012912566773593426
0.0930832177400589
0.48413583636283875
-0.41337481141090393
0.0911947563290596
0.19068343937397003
-0.39324474334716797
0.6219889521598816
0.31585559248924255
0.5643283724784851
0.5934246778488159
0.24262455105781555
0.0017838197527453303
-0.14928777515888214
2.0843870639801025
-0.0298274215310812
-0.01744111068546772
0.014761658385396004
-0.03428203612565994
-0.022684896364808083
0.027258560061454773
0.009791895747184753
-0.2641839385032654
-0.04924376681447029
0.05224034935235977
0.09774869680404663
-0.019521590322256088
0.048690635710954666
-0.03478822112083435
-0.06066358461976051
0.009651819244027138
0.5004240870475769
0.5454554557800293
0.42541784048080444
0.7764997482299805
0.8299987316131592
-0.24664846062660217
0.06789102405309677
0.3380535840988159
1.0509719848632812
0.3633098006248474
-0.022638030350208282
-0.0949278473854065
0.6689354181289673
-0.3935023248195648
-1.021794319152832
0.6772462725639343
0.1059659793972969
0.780407726764679
0.041194379329681396
0.045750245451927185
0.18519334495067596
-0.0033916071988642216
0.18098382651805878
0.906368613243103
0.17638316750526428
0.3365640938282013
0.45006927847862244
0.6335851550102234
0.38572216033935547
0.29611533880233765
-0.2502395212650299
-0.3195778429508209
-0.03476246818900108
-0.05929616838693619
0.019553016871213913
0.021698400378227234
0.02973526157438755
-0.02182944305241108
0.01691049337387085
-0.00444460054859519
-0.00411422923207283
-0.09810226410627365
-0.040194518864154816
-0.012638218700885773
0.04020087420940399
-0.08933712542057037
-0.051904622465372086
0.08479161560535431
-0.29550519585609436
0.797351598739624
0.5304697751998901
0.9250272512435913
0.43968912959098816
-0.3312143087387085
-0.16182854771614075
0.264509379863739
0.015926005318760872
-0.012383776716887951
0.25099191069602966
-0.4228783845901489
0.27716636657714844
-0.407939612865448
0.1899530440568924
0.4910557270050049
0.0007850733818486333
0.020813381299376488
-0.045605260878801346
0.046730637550354004
-0.09007932245731354
-0.01277738157659769
0.04081862419843674
-0.02025149203836918
-0.04172088950872421
0.0001774909469531849
0.03239097073674202
0.03328621760010719
-0.024854393675923347
-0.04381581395864487
-0.0765073299407959
-0.010561800561845303
-0.033209748566150665
0.03724268451333046
0.03889138251543045
0.007907956838607788
0.007777816615998745
-0.019744500517845154
0.04948599264025688
0.05787760391831398
0.0077553968876600266
0.005122127942740917
0.04717079922556877
-0.0026635448448359966
-0.030859334394335747
0.02101631835103035
0.05556972324848175
-0.04372980445623398
0.06373699009418488
0.08222628384828568
-0.04088462516665459
0.04566294327378273
-0.03852298483252525
0.03694251924753189
-0.026851443573832512
-0.11387000232934952
-0.02298140898346901
0.052571628242731094
0.0005163766327314079
-0.08348759263753891
0.12072575837373734
-0.05310920253396034
0.03646188974380493
-0.044015876948833466
-0.06214442104101181
0.14619667828083038
0.11923777312040329
0.7108780145645142
0.41961607336997986
0.26400184631347656
-0.3668327033519745
-0.2309778928756714
0.22348858416080475
0.11662933975458145
0.32959648966789246
0.11922861635684967
0.09370682388544083
-0.2128658890724182
0.2784559726715088
0.9509569406509399
-0.04465722665190697
0.22735866904258728
0.3438304662704468
0.5816453695297241
-0.23809832334518433
-0.09409135580062866
0.051379527896642685
-0.0028197704814374447
-0.03675084933638573
-0.3395039737224579
0.09237775206565857
0.35573479533195496
-0.05223465710878372
-1.1028090715408325
0.4877200424671173
2.184072971343994
-0.0014285687357187271
-0.03403492644429207
0.023387933149933815
-0.05626754090189934
-0.006089319474995136
-0.0005730064585804939
0.11294484883546829
0.03746062517166138
0.01999368891119957
-0.0593302920460701
0.11222118139266968
-0.12031379342079163
0.04642891883850098
-0.038503505289554596
-0.02623031660914421
0.012073569931089878
-0.23681382834911346
-0.0767483189702034
-0.10846500098705292
-0.12846753001213074
0.32006582617759705
0.2703573703765869
-0.1784297674894333
-0.22255636751651764
0.0826881006360054
-0.0629265159368515
0.1100420281291008
0.46913960576057434
-0.10071755945682526
0.5438952445983887
0.008522901684045792
0.3670486509799957
0.09955789148807526
-0.6283360123634338
-0.01259379368275404
0.21148447692394257
0.5391219258308411
0.6041523218154907
-0.53912752866745
-0.23681049048900604
0.3584347069263458
-0.05319594219326973
0.2241828590631485
0.5738459229469299
0.4310533106327057
-0.010840514674782753
-1.2777661085128784
0.29900461435317993
-0.29764866828918457
0.0484992079436779
0.3371638357639313
0.46012386679649353
-0.33377504348754883
0.03295822814106941
-0.07142969965934753
0.7154591083526611
0.18617917597293854
-0.17926357686519623
0.03437580540776253
0.6418353319168091
0.07678625732660294
-0.6629905700683594
0.45455119013786316
3.166707754135132
-0.6374029517173767
0.2791038155555725
0.20815588533878326
0.23500117659568787
-0.08551165461540222
0.09795591235160828
-0.44962626695632935
0.49045637249946594
-0.0030779053922742605
-0.11563178151845932
0.4074740409851074
-0.24565096199512482
0.1443396955728531
-0.5874525904655457
0.34689176082611084
1.3418234586715698
0.6195873022079468
-0.11096853017807007
0.14056138694286346
0.1962766796350479
-0.025832610204815865
-0.65656977891922
0.28261038661003113
-0.4576941430568695
0.6821063756942749
0.21328216791152954
-0.27308547496795654
0.6637250781059265
0.8827443718910217
0.0363616943359375
-0.25767186284065247
0.151242196559906
-0.05741821601986885
0.12245920300483704
-0.21311302483081818
-0.3189302086830139
0.8394066691398621
-0.10366768389940262
0.2652249038219452
0.20240548253059387
0.0031665454152971506
0.2866269648075104
-0.5061995387077332
0.0308926310390234
0.09360917657613754
-0.8796808123588562
-0.652338445186615
1.3062007427215576
0.8239248991012573
0.3422132134437561
-0.09485933929681778
0.394286185503006
0.2094501554965973
-0.5134139657020569
-0.10752133280038834
0.8282196521759033
1.0544100999832153
0.12124580889940262
-0.1427544504404068
0.039006613194942474
1.2529966831207275
0.11745046824216843
0.14023227989673615
0.2758609652519226
-0.4706169366836548
0.27801313996315
0.5459182858467102
0.7557626962661743
0.09681516140699387
-0.2947673201560974
0.5070485472679138
0.816244900226593
-0.18370530009269714
-0.2570550739765167
0.27399399876594543
0.6640374660491943
-0.09614798426628113
0.1753380000591278
0.051616061478853226
0.49858391284942627
0.5489303469657898
0.354128360748291
0.32887038588523865
0.4380037784576416
0.4292445778846741
0.032024141401052475
0.704429030418396
0.48514166474342346
0.17511390149593353
0.06171577796339989
-0.2606419622898102
0.04689948633313179
0.18522052466869354
-0.05651523545384407
-0.6454007029533386
0.7629493474960327
-0.02858191728591919
-0.034798432141542435
0.013576129451394081
0.007193031255155802
0.0554254874587059
0.02466883510351181
-0.008327714167535305
0.09815336763858795
0.020861955359578133
-0.05254235118627548
0.025750236585736275
-0.02406727522611618
0.05798448622226715
0.07904019951820374
0.03131876513361931
0.05158441141247749
0.4389965534210205
0.10213178396224976
0.14264015853405
-0.45111632347106934
0.153739795088768
-0.020261423662304878
0.5304684042930603
0.7275933623313904
0.01316812727600336
0.17686223983764648
-0.18811321258544922
0.15378549695014954
0.25314223766326904
-0.3895553648471832
-0.015647003427147865
2.215848922729492
0.013299024663865566
0.015324898064136505
0.06221648305654526
0.0013601967366412282
0.01702340692281723
0.03554672747850418
-0.10068205744028091
0.0015122785698622465
0.0431201234459877
-0.02525465004146099
-0.024018898606300354
0.01785927079617977
0.004037757404148579
0.019940944388508797
-0.1311473250389099
0.04550326615571976
0.0004856977320741862
0.09631309658288956
-0.005245816428214312
0.030597157776355743
0.020717715844511986
0.023615576326847076
-0.09885247051715851
0.02648281119763851
0.026516452431678772
0.03795731067657471
-0.07307789474725723
0.014336352236568928
-0.008414040319621563
0.02659674920141697
-0.08212824165821075
-0.009428046643733978
0.2758095860481262
0.26104116439819336
0.01173109095543623
-0.42395445704460144
0.7733318209648132
-0.6910988688468933
0.15342603623867035
1.0613658428192139
0.33029747009277344
0.18964114785194397
0.169057235121727
0.461391419172287
0.4547175467014313
0.8154621720314026
-0.07755811512470245
0.3267826735973358
-0.36267152428627014
-0.04985371232032776
0.15892162919044495
0.851243793964386
-0.39582085609436035
0.28529053926467896
0.025936184450984
-0.02321404591202736
0.16555382311344147
-0.23748019337654114
-0.0005713441642001271
1.4398642778396606
-0.13950826227664948
0.17577655613422394
-0.09067690372467041
2.1684746742248535
-0.6710241436958313
-0.019285758957266808
0.11821052432060242
0.33826741576194763
-0.21433816850185394
-0.2788800597190857
0.5278573036193848
0.30917638540267944
-0.2526274621486664
-0.26279640197753906
-0.32847893238067627
0.013271281495690346
-0.07725955545902252
-0.4335630238056183
-0.09147325903177261
1.6635433435440063
-0.06320196390151978
0.3536849617958069
0.3663081228733063
0.44809237122535706
0.4380771517753601
0.25673168897628784
0.433155357837677
0.7550159692764282
0.05940753221511841
0.14173419773578644
0.1318054497241974
0.0414590910077095
-0.1159319207072258
0.4620988070964813
-0.5607289671897888
1.1267236471176147
-0.004606955219060183
-0.014798611402511597
0.0709463432431221
-0.05005696043372154
0.034861642867326736
0.02915017120540142
0.2442382574081421
-0.10997533053159714
-0.048163317143917084
-0.048492930829524994
0.04979024827480316
-0.2833919823169708
-0.05054711923003197
0.16825492680072784
-0.11552146077156067
-0.004821058828383684
-0.16546934843063354
0.13530027866363525
-0.7342879772186279
-0.3030836284160614
-0.163995623588562
0.11633104085922241
-0.24419789016246796
0.03673215210437775
-0.014157026074826717
0.34542927145957947
-0.3941296637058258
-0.1399894654750824
0.12623745203018188
-0.1180780753493309
0.1433059722185135
0.49811920523643494
-0.04992658644914627
0.027250492945313454
-0.0462019108235836
0.07152701169252396
-0.03338710591197014
0.01885426789522171
0.06781520694494247
-0.023464685305953026
0.058190636336803436
-0.010862531140446663
-0.04537925869226456
0.051334790885448456
0.06118270382285118
-0.013154854066669941
-0.007860547862946987
0.008407208137214184
0.40398743748664856
-0.20692728459835052
0.17151370644569397
0.4112962484359741
-0.6289336085319519
0.31894347071647644
0.9142772555351257
0.4252062737941742
0.3404281437397003
0.004887192044407129
-0.36999863386154175
0.17292076349258423
0.0866633802652359
-0.1544954776763916
-0.18764875829219818
2.127882242202759
0.035531505942344666
-0.021512342616915703
0.0015019774436950684
-0.02976994216442108
0.050076812505722046
-0.00994209572672844
-0.025679463520646095
-0.23769685626029968
0.08957351744174957
0.045101724565029144
0.05530639365315437
0.012695872224867344
0.054414551705121994
-0.07546321302652359
-0.09636107832193375
-0.06309231370687485
0.4868549108505249
0.39769184589385986
0.09713482856750488
0.0646684318780899
0.6228134036064148
-0.4812028110027313
0.08860926330089569
0.9110689163208008
0.8437687754631042
0.1617167443037033
-0.07128795981407166
0.4198848307132721
0.6916847229003906
-0.4312747120857239
1.3206913471221924
0.598959743976593
-0.03698577359318733
0.7049310207366943
-0.4313293695449829
-0.21165567636489868
0.0053009833209216595
-0.5908997058868408
0.4136597514152527
1.0279492139816284
0.057107239961624146
0.32386085391044617
0.18439728021621704
-0.1596640795469284
0.4338180422782898
0.19130519032478333
-0.03712579980492592
-0.4590213894844055
0.03740278631448746
0.038741160184144974
-0.04912803694605827
0.06464643776416779
0.06770700216293335
0.07222630828619003
0.015932723879814148
-0.007328002713620663
-0.07852334529161453
0.048024795949459076
-0.0025619491934776306
-0.03858041763305664
-0.0427006371319294
0.012412171810865402
-0.0870494693517685
0.027030792087316513
-0.3088955283164978
0.46334993839263916
0.21393290162086487
0.34409695863723755
0.4378451108932495
-0.3897291123867035
0.41164401173591614
0.4554288685321808
-0.2782755196094513
-0.5022508502006531
-0.41870221495628357
0.060179851949214935
0.11871689558029175
-0.2309855818748474
-0.2069767713546753
0.3347978889942169
0.016966572031378746
0.0224814023822546
0.06283564120531082
0.034592192620038986
0.04425814747810364
0.01513864565640688
0.005240830592811108
-0.016194378957152367
-0.029374126344919205
0.04317409545183182
0.008780153468251228
0.024083465337753296
-0.029840203002095222
0.049367960542440414
-0.10290815681219101
-0.004420724231749773
-0.003431264078244567
0.08674904704093933
-0.02421005629003048
0.012711611576378345
-0.03625088930130005
0.02689831331372261
-0.08664722740650177
0.06660149991512299
0.01611274853348732
0.01291575562208891
0.0033453849609941244
0.0036692589055746794
0.06452925503253937
-0.026616016402840614
-0.0024708735290914774
0.032004378736019135
-0.009547270834445953
-0.04922842979431152
-0.03397885710000992
-0.03048740141093731
-0.019601579755544662
0.028727740049362183
-0.006658403668552637
-0.04655727371573448
-0.05734700709581375
0.08409433811903
0.046348921954631805
0.05976191163063049
-0.00453531090170145
-0.051335159689188004
0.06481656432151794
0.005383491050451994
-0.21086548268795013
0.10267823934555054
-0.12208283692598343
0.18738071620464325
-0.017587849870324135
0.1998656988143921
0.31021788716316223
0.17291250824928284
-0.09731213748455048
-0.0076094516552984715
-0.40270307660102844
0.5628699660301208
-0.1223963126540184
0.06450598686933517
-0.466534286737442
1.2127575874328613
0.06524215638637543
-0.19737622141838074
0.6663203239440918
0.5311228036880493
-0.10164590179920197
-0.1543383002281189
1.0021265745162964
0.8298265337944031
-0.043762750923633575
-0.00563185615465045
0.22241975367069244
0.9917304515838623
0.06330067664384842
0.3494601249694824
0.6581779718399048
1.8209227323532104
0.02042466774582863
0.04065205156803131
-0.019126029685139656
-0.08144942671060562
-0.043222133070230484
-0.04449435696005821
-0.0004055685712955892
0.03745986521244049
-0.051571425050497055
-0.0006244180840440094
0.0421852245926857
-0.2501738667488098
0.035595331341028214
-0.03767750784754753
-0.10485220700502396
0.053255222737789154
-0.20975150167942047
-0.11803968250751495
-0.10772169381380081
-0.14259646832942963
0.3558947741985321
0.19308508932590485
-0.20366786420345306
-0.3349553048610687
0.09113610535860062
-0.29745131731033325
-0.04493843764066696
0.4143427014350891
-0.1576499193906784
0.3241671025753021
-0.060571860522031784
0.36404916644096375
0.23758849501609802
-0.4857998788356781
-0.2256891429424286
0.08087402582168579
0.346397340297699
0.2945393919944763
-0.6344008445739746
0.07983487844467163
0.1585387885570526
-0.11699072271585464
0.15364007651805878
-0.10311289131641388
0.5553985834121704
-0.17586512863636017
-1.1969267129898071
0.23105938732624054
-0.10524477809667587
-0.190698504447937
0.5444823503494263
0.20987585186958313
-0.30445849895477295
-0.010799332521855831
0.8723324537277222
0.5686873197555542
0.009436982683837414
-0.07759476453065872
0.20115676522254944
0.4979333281517029
-0.03205467015504837
0.11537177860736847
0.2794090211391449
3.109956979751587
-0.37715157866477966
0.11930596828460693
0.04195675998926163
-0.37605148553848267
0.12077373266220093
-0.04587005078792572
0.13731905817985535
0.38852354884147644
-0.38150501251220703
-0.16446608304977417
-0.3206406831741333
-0.04292825236916542
-0.022357424721121788
-0.8326006531715393
-0.10484381765127182
1.766602873802185
0.5786104798316956
-0.2026907056570053
-0.19532932341098785
0.24026493728160858
0.040797337889671326
-0.7269454598426819
0.25887155532836914
0.4019872844219208
0.6007921695709229
-0.026467910036444664
-0.2769487500190735
-0.35953614115715027
0.9239916801452637
-0.0010030984412878752
-0.14594079554080963
-0.01502324640750885
-0.2272997498512268
-0.07293716073036194
-0.47863075137138367
-0.2661067545413971
1.0337164402008057
0.001166050904430449
-0.22635091841220856
-0.0072646779008209705
-0.11222060769796371
-0.2806367874145508
-0.22030921280384064
0.04516036435961723
0.1030920073390007
-0.7318673729896545
-0.7347379922866821
1.0745174884796143
0.5097675323486328
-0.1522066742181778
-0.40061837434768677
-0.11939173191785812
0.10540726035833359
-0.2445562332868576
-0.2940991222858429
0.059546735137701035
0.9581881165504456
0.07819347083568573
0.28682655096054077
0.1701272428035736
0.9984146952629089
0.08359046280384064
0.19268937408924103
0.25172317028045654
-0.4453490972518921
0.4875504672527313
0.19947199523448944
0.9301779270172119
0.5884572863578796
-0.27807751297950745
0.030206136405467987
0.6258135437965393
-0.15607784688472748
0.3876732289791107
0.17242178320884705
0.6579680442810059
-0.09035705775022507
0.20282012224197388
0.004380435682833195
1.5081027746200562
0.17444293200969696
0.684750497341156
-0.1645185500383377
0.2301778793334961
1.1972630023956299
0.1410999894142151
0.08672448247671127
0.034078773111104965
0.26201674342155457
0.1547967493534088
0.022389208897948265
0.351184219121933
0.22198054194450378
0.13929884135723114
-0.6702036261558533
1.1777199506759644
0.01520821824669838
-0.010511325672268867
-0.021162429824471474
-0.01666872575879097
0.03643828257918358
-0.0020829609129577875
-0.03298302739858627
0.09246109426021576
-0.026687724515795708
0.05186041444540024
0.006687720771878958
-0.04920153319835663
0.005994894076138735
-0.02204001694917679
-0.055499326437711716
-0.010329322889447212
0.11031223088502884
-0.09730058908462524
-0.12117971479892731
-0.7190278172492981
0.24498340487480164
-0.3533552587032318
-0.10435976088047028
0.4149583876132965
-0.03262340649962425
0.46622517704963684
-0.14021487534046173
0.4029765725135803
0.2757965624332428
0.053268369287252426
-0.14688389003276825
1.7230652570724487
-0.0399998240172863
-0.03897523507475853
-0.10422968119382858
-0.03266136348247528
0.02896312065422535
-0.006321929860860109
0.011863233521580696
0.07576439529657364
0.05124937742948532
0.05537408962845802
0.03955284506082535
0.03627249598503113
0.0615977868437767
0.06500639021396637
-0.042945221066474915
-0.02552265301346779
0.001000509480945766
-0.02123236283659935
3.4239939850522205e-05
-0.03794931247830391
-0.02649189904332161
0.04719148203730583
-0.03227829560637474
0.05549134686589241
-0.07070666551589966
-0.04989177733659744
-0.07440879195928574
0.031725987792015076
-0.07912451028823853
0.07077706605195999
-0.09718826413154602
-0.042327139526605606
0.03706600144505501
-0.09165122359991074
-0.3666783273220062
-0.755396842956543
0.373141348361969
-0.6850516200065613
-0.49480947852134705
0.4486734867095947
0.25196629762649536
0.15686941146850586
-0.03358178213238716
0.657576322555542
0.31088146567344666
1.0101892948150635
0.15092924237251282
0.3845100998878479
-0.1463790386915207
-0.36277782917022705
-0.21956618130207062
0.9011158347129822
-0.22787049412727356
0.4595740735530853
0.08627595752477646
-0.2309119999408722
0.13793613016605377
0.07341481745243073
0.1760399341583252
1.3731623888015747
-0.12493465095758438
0.2748022973537445
-0.4076612889766693
2.216475009918213
-0.4818435609340668
-0.37802231311798096
-0.15201491117477417
0.5088252425193787
-0.07261164486408234
-0.11689705401659012
-0.3490011692047119
0.4019950032234192
-0.2518417239189148
0.0727514997124672
-0.09936480224132538
0.10925287753343582
-0.03526682406663895
-0.1412571370601654
-0.11602799594402313
1.346110463142395
-0.03923872858285904
0.2796489894390106
0.05894715338945389
0.6791582107543945
1.0521440505981445
0.2157377451658249
0.11922498792409897
0.6000099778175354
0.03586477041244507
0.45556214451789856
0.23210950195789337
0.19823162257671356
-0.09951762855052948
0.5711153745651245
-0.35978010296821594
1.036780834197998
-0.032392468303442
-0.020432254299521446
-0.06201875954866409
-0.08020158857107162
0.08753050118684769
0.04734460264444351
0.19199471175670624
-0.11268269270658493
-0.004040663596242666
-0.027644921094179153
0.06952758878469467
-0.2267540842294693
-0.018173789605498314
0.10680899769067764
-0.011022243648767471
0.10441435873508453
-0.18997476994991302
0.22609272599220276
-0.6273068785667419
-0.16443151235580444
-0.2620418071746826
0.1716562807559967
-0.17788860201835632
0.17004531621932983
0.023263731971383095
0.17015691101551056
-0.21844786405563354
-0.08056551963090897
0.13349266350269318
0.06816758960485458
0.16288818418979645
0.48038363456726074
-0.018071671947836876
0.0024407110176980495
0.007905557751655579
0.06204727664589882
-0.013589485548436642
-0.0013050079578533769
-0.009991409257054329
0.06835173815488815
2.6543862986727618e-05
-0.05065902695059776
0.013807524926960468
-0.011277304962277412
-0.0317515954375267
-0.06501077860593796
-0.006438847165554762
0.03527497127652168
0.20193074643611908
-0.3047007620334625
-0.45914459228515625
0.21543462574481964
-0.5895786881446838
0.342204749584198
0.4854530990123749
0.12555336952209473
0.37165364623069763
0.19336585700511932
-0.214077427983284
0.684520423412323
0.20911578834056854
-0.014908376149833202
-0.4577774405479431
1.7048389911651611
0.04069163650274277
-0.07828879356384277
0.06302699446678162
-0.045259762555360794
-0.026162656024098396
0.025017328560352325
-0.046217020601034164
-0.1739194095134735
-0.0569516085088253
-0.023216689005494118
0.04123704135417938
-0.0006780278054066002
-0.06352947652339935
-0.018319522961974144
0.028807122260332108
0.0004153020854573697
0.18348635733127594
-0.061474233865737915
-0.567030131816864
-0.6688144207000732
0.21829873323440552
-0.459553986787796
-0.33078521490097046
0.27942779660224915
0.8019030094146729
0.2277088463306427
0.3031577169895172
0.5965530872344971
0.4644484519958496
-0.17109128832817078
1.2104113101959229
0.7264778017997742
0.12391355633735657
0.3545624613761902
-0.4765772223472595
-0.4675273895263672
-0.2713812589645386
-0.46087974309921265
0.2326560765504837
0.7320290207862854
0.105709008872509
0.23280328512191772
0.18386691808700562
-0.06947489082813263
0.2084673047065735
0.2809522747993469
0.0508556067943573
-0.4340924620628357
-0.009958566166460514
0.003255866700783372
0.04870918393135071
-0.020487554371356964
-0.00936316791921854
-0.010697435587644577
-0.014579175040125847
-0.08363210409879684
-0.011243671178817749
-0.03928514942526817
0.018142012879252434
0.004235683009028435
0.041638944298028946
-0.11710607260465622
-0.04158572480082512
-0.043242890387773514
-0.42009225487709045
0.17190444469451904
-0.08994077891111374
0.3496374189853668
0.44860997796058655
-0.24684324860572815
-0.19329087436199188
0.16720521450042725
-0.501505970954895
0.1465027779340744
-0.04145785793662071
0.22796623408794403
-0.1359630674123764
-0.232590913772583
0.00048717993195168674
0.4112720787525177
-0.011048458516597748
0.009854377247393131
0.07868019491434097
-0.04486159607768059
-0.05605478957295418
0.07389789074659348
0.0723583921790123
0.042792391031980515
0.028032522648572922
-0.062176793813705444
0.04048456996679306
-0.02273806929588318
-0.03736141696572304
0.07550474256277084
-0.03698856383562088
0.001845934777520597
-0.04819438233971596
-0.021758049726486206
-0.02466524951159954
-0.011050651781260967
-0.04152718558907509
0.024783503264188766
0.006153232883661985
0.03350221365690231
0.018382102251052856
0.023170622065663338
-0.05068753659725189
-0.0732959434390068
0.03456105664372444
-0.044643379747867584
-0.011682556942105293
-0.011776087805628777
-0.014467819593846798
-0.025064069777727127
-0.0329669751226902
0.05642984062433243
-0.021933045238256454
0.0197311919182539
-0.00020228869107086211
0.026637692004442215
-0.04530644789338112
-0.05713479965925217
0.0673101618885994
0.0002638520672917366
-0.02593999356031418
0.004334946628659964
-0.03734391927719116
-0.07286027818918228
-0.1344767063856125
-0.2257910817861557
-0.4109490215778351
0.23895658552646637
-0.04208861663937569
0.18328124284744263
-0.32993626594543457
0.33363044261932373
-0.14751067757606506
0.16418199241161346
0.10334977507591248
0.5343219041824341
-0.02409294992685318
0.18591418862342834
-0.31634655594825745
0.9371389150619507
-0.16029366850852966
-0.39760643243789673
-0.031939797103405
0.4670848846435547
-0.03732911869883537
0.09307616949081421
0.3266129493713379
0.8241931200027466
-0.07827074080705643
0.3900553286075592
0.2346189171075821
0.8854307532310486
0.05985139310359955
0.4873848259449005
0.646717369556427
1.4822008609771729
0.0606236532330513
0.03206523880362511
0.028047768399119377
-0.004856073297560215
0.010053432546555996
-0.05522503703832626
-0.06866013258695602
0.10390254855155945
-0.050765592604875565
0.04762805998325348
-0.00014096038648858666
-0.158017098903656
-0.08563483506441116
-0.0715068057179451
-0.11799709498882294
-0.0626901239156723
0.011177071370184422
-0.07996740192174911
-0.13892515003681183
-0.1360377073287964
0.30185484886169434
0.1669287085533142
-0.1861269623041153
-0.3883657157421112
0.054674625396728516
-0.32600924372673035
0.09736853092908859
0.5122103095054626
-0.08289912343025208
0.5999807119369507
-0.1404607892036438
0.4078245460987091
0.012535460293293
-0.5979732275009155
-0.35981348156929016
-0.058179400861263275
0.3844427168369293
0.34813275933265686
-0.6410958766937256
-0.043402332812547684
0.17667298018932343
-0.137306347489357
0.16521170735359192
-0.5463471412658691
0.2797481119632721
-0.1801091581583023
-0.7818801999092102
0.2555646002292633
-0.3943016827106476
-0.4072134792804718
-0.03115231543779373
0.3066830337047577
-0.4560961425304413
0.14813436567783356
0.13534660637378693
0.42098313570022583
0.006897964049130678
0.32375475764274597
0.10517086088657379
0.6079219579696655
0.09511098265647888
0.28006646037101746
0.0758979469537735
3.135793447494507
-0.4513210654258728
-0.12244827300310135
0.09659809619188309
-0.19871194660663605
0.4502795934677124
-0.19678670167922974
-0.5846989154815674
0.24336448311805725
-0.2896266281604767
-0.24849635362625122
-0.09551358968019485
0.029868176206946373
0.030711373314261436
-0.2838870882987976
-0.0831269696354866
1.3717503547668457
0.2687632441520691
-0.3740139901638031
-0.37441524863243103
-0.2067977637052536
-0.08196613937616348
-0.6487280130386353
0.3767182230949402
0.02245372161269188
0.5370275974273682
-0.15153768658638
0.03884618729352951
-0.20198677480220795
0.72193843126297
-0.1341014802455902
-0.0304530281573534
0.11451741307973862
-0.38575348258018494
-0.4865398705005646
-0.35027021169662476
-0.9618806838989258
-0.7874764800071716
-0.7444361448287964
-1.3295551538467407
-0.641619086265564
-0.4633949398994446
-0.2764526903629303
1.360794186592102
-0.14668715000152588
-0.4099290370941162
1.8637760877609253
0.19080021977424622
-0.6460716724395752
-1.2584047317504883
-0.6877458691596985
-0.570448637008667
-0.8443853259086609
-0.5499410033226013
-0.3579983413219452
-1.2229820489883423
-1.9052504301071167
-1.389564871788025
-0.7614930868148804
-0.31570422649383545
1.0544313192367554
-1.1674416065216064
-0.44684645533561707
1.8333312273025513
-0.46446695923805237
0.33614933490753174
-1.222975730895996
-0.8606958389282227
-1.4574542045593262
-0.3361193537712097
-0.5167897343635559
-1.5666759014129639
-0.879792332649231
-0.2910793423652649
-0.32201871275901794
0.7029485106468201
-0.47682854533195496
-0.2741074562072754
1.0657520294189453
0.08044388145208359
-0.6041574478149414
-0.8037417531013489
-1.0685324668884277
-0.5757599472999573
-1.1728187799453735
-0.3804372251033783
-1.3271857500076294
-2.040025234222412
-0.7808933854103088
-0.7752863764762878
-0.365180641412735
1.0390574932098389
-0.5855947136878967
-0.474416583776474
1.4905532598495483
0.12553873658180237
-0.40173232555389404
-0.014910670928657055
-0.000791586353443563
0.059061963111162186
0.0200637336820364
0.02481107972562313
0.0360170379281044
-0.057206932455301285
0.03329888731241226
0.10308472067117691
-0.052678532898426056
0.06542244553565979
0.03507614880800247
0.015445536933839321
-0.04244738444685936
0.03185800462961197
0.050734758377075195
-0.5795861482620239
-0.475586861371994
-0.5030117630958557
-0.6563119888305664
-0.39679253101348877
-0.654664933681488
-1.541020154953003
-0.8300601243972778
-0.6394093632698059
-0.45402228832244873
1.077900767326355
-0.8139203190803528
-0.32875481247901917
1.7886713743209839
-0.4848330020904541
-0.6311308741569519
0.045479629188776016
0.016482524573802948
-0.005259552970528603
-0.029536215588450432
0.007873735390603542
0.022336037829518318
0.03857038542628288
0.0020024804398417473
-0.02071894332766533
-0.08388815075159073
0.021868882700800896
0.025595812126994133
-0.05837521702051163
0.06067156046628952
0.0005711620906367898
0.015075973235070705
0.030671171844005585
0.07261500507593155
-0.01970677077770233
-0.014406030997633934
-0.06671705096960068
-0.0203483197838068
0.015299644321203232
-0.002026274334639311
-0.024756019935011864
-0.03876785188913345
0.02865799330174923
0.023028217256069183
-0.043848395347595215
0.0805453211069107
0.08753086626529694
-0.020137272775173187
-0.9649220108985901
-0.8643165826797485
-0.6612990498542786
-0.6543761491775513
-1.4389914274215698
-0.5032647252082825
-1.587205410003662
-1.8157154321670532
-1.0194467306137085
-0.3220338821411133
0.8109897375106812
0.11335130035877228
-0.4088912904262543
0.6721920371055603
0.5546198487281799
-0.10838596522808075
0.01207791268825531
-0.07218459993600845
-0.12168043106794357
-1.2425798177719116
-0.12779371440410614
-1.1448918581008911
-1.4450984001159668
0.037041809409856796
-0.5357895493507385
-0.15439030528068542
0.7433677911758423
-0.895811140537262
-0.38821470737457275
1.1070410013198853
0.16656295955181122
-2.4206268787384033
0.268127977848053
-0.23028677701950073
-0.5653360486030579
-1.7415649890899658
-0.45205140113830566
-0.800469696521759
-1.3950221538543701
-0.641417384147644
-0.3981902003288269
-0.2233288735151291
1.081656575202942
-0.3117063343524933
-0.2867102026939392
2.0160024166107178
-0.1603439897298813
-0.8885754942893982
-0.05980847030878067
-0.7534815073013306
-0.36016029119491577
-1.229915738105774
-0.47350016236305237
-0.9444504976272583
-1.425750494003296
-0.8301332592964172
-0.5115028619766235
-0.45165514945983887
0.6017979979515076
-0.1340453028678894
-0.4101402461528778
0.35253894329071045
0.3843446969985962
-0.847295880317688
-0.03313949331641197
0.00995314959436655
0.03311343491077423
-0.022246237844228745
-0.04283551126718521
0.027943497523665428
-0.1844986528158188
0.07929170876741409
0.019905559718608856
-0.05360354483127594
-0.07082326710224152
0.17237462103366852
-0.0708373412489891
-0.14705444872379303
0.09413984417915344
0.03406547009944916
0.058469295501708984
-0.24431677162647247
0.7350513339042664
0.2358475625514984
0.06503048539161682
-0.227789506316185
0.3269718289375305
-0.20267122983932495
-0.09354106336832047
-0.24324725568294525
-0.17768041789531708
0.1105947270989418
-0.15489943325519562
0.1663641780614853
-0.039488621056079865
-0.5285598635673523
0.038279395550489426
0.03356583043932915
0.0018865029560402036
-0.04010981321334839
-0.040746837854385376
0.07933570444583893
0.017372677102684975
0.0754253938794136
-0.001183221465907991
-0.019706888124346733
0.031329404562711716
0.009533795528113842
0.0003307053120806813
-0.08798912167549133
0.030628439038991928
-0.05414111539721489
-0.7521870136260986
-0.2927117943763733
-0.17325028777122498
-1.038748860359192
0.1390712410211563
-1.427621841430664
-1.9783180952072144
-0.5868090391159058
-0.8392120599746704
-0.2226594090461731
1.3209949731826782
-0.6447104215621948
-0.3939947485923767
1.802715539932251
0.15183545649051666
-2.760833263397217
0.006315526086837053
0.012585259042680264
-0.0078641502186656
0.0350138321518898
-0.00534399226307869
-0.027006132528185844
-0.033620961010456085
0.2361329048871994
0.017176056280732155
-0.03694121167063713
-0.16352126002311707
0.020620182156562805
0.020620984956622124
0.011520669795572758
-0.03189871832728386
0.01965288817882538
-1.3395885229110718
-0.8634334206581116
-0.61475670337677
-1.0943450927734375
-1.4976078271865845
-1.1686056852340698
-1.767500400543213
-1.5555498600006104
-1.3879259824752808
-0.47895941138267517
0.600110650062561
0.5438612103462219
-0.6112162470817566
1.2485548257827759
0.2879841923713684
-0.5973252058029175
-0.16397540271282196
-1.1014589071273804
0.07668515294790268
-0.1027393639087677
-0.022235047072172165
0.0963212102651596
-1.1482263803482056
-2.008617877960205
-0.3623657524585724
-0.8074465990066528
-0.3629508316516876
1.0886825323104858
-0.3829379975795746
-0.3163975775241852
1.4586890935897827
0.32168054580688477
0.01107024122029543
0.007165597751736641
0.057806942611932755
-0.024340759962797165
-0.0111141512170434
0.027597665786743164
-0.00937082152813673
-0.055901844054460526
0.006506973411887884
0.0425228625535965
-0.030884725973010063
0.002654553856700659
0.014288119971752167
-0.06349097192287445
0.07498247921466827
0.009567162953317165
-0.17668305337429047
-1.057265043258667
-0.7965971827507019
-0.8914244174957275
-0.7026050090789795
-0.8492631316184998
-1.1927419900894165
-1.2083461284637451
-0.2042059600353241
-0.31233346462249756
1.0362308025360107
0.07081679254770279
-0.3177400231361389
1.288582444190979
0.518138587474823
-0.05933073163032532
0.004366970155388117
-0.044921938329935074
-0.0697191134095192
0.060185644775629044
0.004455785732716322
-0.05831992253661156
0.01245818380266428
0.004929083865135908
0.08700620383024216
-0.04818632826209068
0.06718434393405914
0.032981980592012405
0.038039930164813995
-0.016612732782959938
-0.03298188000917435
-0.03664511442184448
0.050674233585596085
-0.03567465767264366
0.06776392459869385
0.06929907202720642
-0.05761900171637535
-0.023383453488349915
-0.03129396215081215
0.024094264954328537
0.05702759698033333
-0.03901731222867966
0.03043580800294876
-0.012373342178761959
-0.03315887600183487
0.01841554045677185
0.04498986154794693
-0.035732023417949677
-0.03423666954040527
-0.05544393137097359
0.08281844854354858
-0.010978849604725838
-0.06610089540481567
0.05675705894827843
-0.020141497254371643
0.013740128837525845
-0.038934845477342606
0.031361714005470276
0.1099836453795433
-0.03622009605169296
0.02884925901889801
-0.007218667306005955
0.002507538301870227
-0.01958015002310276
-0.03696272522211075
-0.3178815543651581
-0.2266199141740799
-1.1986089944839478
-0.5405140519142151
-0.9645344018936157
-1.153838038444519
-0.6002259850502014
-0.506851077079773
-0.3283267319202423
1.1099488735198975
-0.770515501499176
-0.3836139142513275
1.4921938180923462
-0.04140836372971535
-0.6697590947151184
-0.3636130094528198
-0.19571219384670258
-0.8114297986030579
-1.127776861190796
-0.21536657214164734
-1.0642142295837402
-2.115255355834961
-1.186903715133667
-0.480957955121994
-0.3407781720161438
0.8469690084457397
-0.9566640853881836
-0.2731451988220215
1.0664595365524292
-0.5748690962791443
-1.3530431985855103
-0.018146296963095665
-0.09916792064905167
0.008707148022949696
0.022785384207963943
-0.01759444735944271
0.01611720211803913
-0.005168825387954712
0.09750919789075851
-0.021129030734300613
0.011806889437139034
-0.05564593896269798
0.2486157864332199
-0.0062501574866473675
0.042227696627378464
-0.022852791473269463
0.04951579496264458
0.2040608525276184
-0.03318004682660103
0.021781234070658684
0.04918380081653595
-0.35880282521247864
-0.22618858516216278
0.026574330404400826
0.2516704201698303
-0.10209611058235168
0.17812879383563995
0.3152734041213989
-0.5103481411933899
0.024368353188037872
-0.2714557349681854
-0.06510745733976364
-0.29431140422821045
-0.5054653286933899
0.42167195677757263
-0.18236461281776428
-0.3262220621109009
-0.5050534605979919
-0.0449739508330822
-0.01177009753882885
-0.7016223073005676
-0.3667389154434204
-0.41699355840682983
-0.45026588439941406
1.0834547281265259
-0.5094423294067383
0.043621957302093506
2.0517232418060303
-0.3670181930065155
-0.20902442932128906
-0.14478737115859985
-0.6122140288352966
-0.9969842433929443
-0.18532751500606537
-1.018572211265564
-2.0866241455078125
-0.6407960057258606
-0.4943475127220154
-0.32367751002311707
0.6836704015731812
-0.5380727648735046
-0.2770453095436096
1.4294558763504028
-0.5176077485084534
-3.592785358428955
0.22725069522857666
-0.413045197725296
-0.3655715882778168
-0.6740882396697998
-0.5554460287094116
-0.2969275116920471
-0.6682949066162109
-0.7421917915344238
-0.2771121859550476
-0.2855173647403717
0.9264656901359558
-0.36795416474342346
-0.27849656343460083
1.86543869972229
-0.11403746157884598
-0.7165312170982361
-0.9160835146903992
-0.11627744883298874
-0.3052785396575928
-0.5649672150611877
-0.15869052708148956
0.20217785239219666
-1.1468138694763184
-1.5358123779296875
-0.8529988527297974
-0.63679039478302
-0.4194258749485016
1.2975361347198486
-0.8140620589256287
-0.2898593246936798
1.6780600547790527
-0.22015468776226044
-0.02060719020664692
0.18558552861213684
-0.019787514582276344
-0.23668956756591797
0.9701836109161377
0.08902502059936523
-0.5420911908149719
0.038288600742816925
0.01515208836644888
0.04499870538711548
0.07081831246614456
-0.3169723153114319
0.20618028938770294
-0.43481674790382385
-0.2811722457408905
1.9035236835479736
0.9479237198829651
0.3214204013347626
-0.06174653396010399
0.1360146403312683
-0.04182363674044609
-0.447679340839386
-0.13335536420345306
-0.05506400763988495
0.5028202533721924
0.2131350040435791
0.05400187149643898
0.40205228328704834
1.3739192485809326
0.2492561638355255
0.4573858678340912
0.554034948348999
-0.590907871723175
0.029827391728758812
0.1160355880856514
0.857033371925354
0.2686196565628052
-0.1309065818786621
0.19308680295944214
0.6951481699943542
-0.12725186347961426
0.10733067989349365
0.6315076351165771
0.6383297443389893
0.19852860271930695
0.27823954820632935
0.4770883023738861
0.6202436089515686
0.463477224111557
0.3611532747745514
-0.14119860529899597
0.28045693039894104
0.5567619204521179
0.19231605529785156
-0.049194544553756714
-0.015485073439776897
0.21090959012508392
0.14963585138320923
0.28644585609436035
-0.06047463044524193
0.23969124257564545
-0.07162217050790787
0.07104730606079102
1.1978304386138916
-0.050911884754896164
0.013562415726482868
-0.04796840250492096
-0.01883486844599247
0.01609002612531185
0.04569130390882492
-0.01721249148249626
-0.037498120218515396
0.09517425298690796
0.004459925927221775
0.07450059801340103
0.02355211414396763
-0.043163321912288666
0.021355025470256805
-0.010993235744535923
-0.05956181511282921
0.38805514574050903
0.1953171342611313
-0.1474555879831314
-0.6009934544563293
0.2079664170742035
0.020028231665492058
-0.36832356452941895
0.2653445601463318
0.16940103471279144
0.06606563925743103
0.34477436542510986
0.11161379516124725
0.27387234568595886
0.0023878358770161867
0.20925630629062653
2.122101306915283
-0.10252885520458221
-0.012109216302633286
-0.010381539352238178
0.018415316939353943
0.030233917757868767
0.05939541012048721
-0.0011971680214628577
-0.0079740509390831
0.07511641830205917
-0.04397222399711609
0.03935519978404045
0.05309872701764107
-0.002829901408404112
-0.03725321590900421
-0.08993086963891983
0.011417229659855366
0.006518493872135878
0.014652227982878685
-0.02348775789141655
-0.027198849245905876
0.07556794583797455
-0.01677032746374607
-0.053751733154058456
0.013083022087812424
-0.012141103856265545
0.02203107811510563
0.027070725336670876
-0.03998255729675293
-0.014735531993210316
-0.04367365315556526
-0.0645546168088913
0.0353718176484108
0.6060275435447693
0.21614989638328552
-0.01523258164525032
-0.5601822137832642
0.25764206051826477
-0.43856117129325867
-0.5816015601158142
0.38326653838157654
-0.20819033682346344
-0.10610818862915039
0.37899819016456604
0.5027771592140198
0.6576247215270996
1.4615176916122437
0.31580474972724915
0.7102080583572388
-0.31919214129447937
-0.03233419731259346
-0.44025611877441406
0.8684463500976562
-0.38119155168533325
0.3967387080192566
-0.048452842980623245
-0.15245908498764038
0.12023664265871048
0.05849060043692589
0.30513402819633484
1.5171699523925781
0.23830343782901764
0.07329732179641724
0.4617463946342468
2.1683907508850098
-0.47112810611724854
-0.01902507059276104
-0.1655241847038269
0.5343415141105652
-0.13881728053092957
0.04892508685588837
-0.2698102593421936
0.4523281157016754
-0.14217017590999603
-0.1417672336101532
0.1955873817205429
-0.027813829481601715
0.2207818329334259
-0.38948479294776917
0.1319212019443512
2.295889377593994
-0.10527538508176804
0.2408740371465683
0.011803015135228634
0.6136265397071838
0.4906240999698639
0.3544042706489563
0.10216251015663147
0.6459068655967712
0.05005639046430588
0.34395918250083923
0.4372750222682953
0.2794749140739441
0.2638264000415802
0.46931174397468567
0.19585582613945007
0.9443721771240234
0.0317828468978405
-0.004252054262906313
-0.04011315479874611
-0.07826721668243408
0.0021405701991170645
-0.06855474412441254
0.25654470920562744
-0.0710189938545227
0.011592407710850239
0.034937966614961624
0.07447858899831772
-0.28616970777511597
0.0330192930996418
0.16351698338985443
-0.03061819262802601
-0.0006793440552428365
-0.1913188099861145
0.2975215017795563
-0.5996910929679871
-0.38621971011161804
-0.1733989119529724
0.08673670142889023
-0.29342570900917053
0.10215326398611069
-0.09410762041807175
0.21662352979183197
-0.15262211859226227
-0.06963154673576355
0.1265385001897812
-0.07869461923837662
0.04860909655690193
0.39722728729248047
-0.030124425888061523
-0.0656566470861435
0.0027716774493455887
-0.023460768163204193
0.024680620059370995
0.007761057000607252
-0.004852801561355591
-0.05145474150776863
0.09644080698490143
-0.009576921351253986
0.052495669573545456
0.004421798512339592
0.04176703467965126
0.048994798213243484
-0.08454330265522003
-0.0627356544137001
0.3373502790927887
-0.04510178416967392
-0.5003058910369873
0.30230191349983215
-0.7151404619216919
0.2696591019630432
0.27627643942832947
-0.10706877708435059
0.3913811445236206
0.2452918440103531
0.058326635509729385
0.28628164529800415
0.2712445557117462
-0.10520362108945847
0.058239202946424484
2.0844130516052246
-0.02442314475774765
0.015195133164525032
-0.03492690995335579
-0.07159142196178436
0.017844421789050102
-0.11785705387592316
-0.0007832703413441777
-0.1897697150707245
0.05685429647564888
-0.04693806916475296
0.09700986742973328
0.048793911933898926
0.053654544055461884
-0.0005906093283556402
0.009718948975205421
0.012799883261322975
0.8159552812576294
0.36193594336509705
-0.08616112172603607
-0.23348811268806458
0.15494674444198608
-0.24046510457992554
-0.4523027539253235
0.22621610760688782
0.2684558928012848
-0.05551351606845856
0.46075817942619324
0.7211874127388
1.1366642713546753
0.19069994986057281
1.5809552669525146
0.9258676767349243
0.28477221727371216
0.7645577192306519
-0.3719487190246582
-0.37203654646873474
-0.2789233922958374
-0.5451880097389221
0.23652437329292297
0.7316889762878418
-0.2303711473941803
0.27555352449417114
0.2888036072254181
0.09253852069377899
0.6451999545097351
-0.00791025161743164
0.21762491762638092
-0.26980024576187134
-0.02742907404899597
0.0016036337474361062
0.030067753046751022
0.06915152817964554
-0.026104111224412918
0.06813529878854752
0.042662765830755234
0.009338258765637875
0.09532433748245239
-0.0011117836693301797
0.0229044072329998
-0.019865725189447403
0.0014435861958190799
-0.06622613966464996
0.023141875863075256
-0.058531057089567184
-0.23564906418323517
0.28885337710380554
0.06749968975782394
0.42261025309562683
0.13711369037628174
-0.2660280168056488
-0.19892996549606323
0.21283049881458282
-0.5808820128440857
-0.039195120334625244
0.12022706121206284
0.19119615852832794
0.5392082333564758
0.0716548040509224
-0.16555877029895782
0.8272716999053955
0.0561741441488266
-0.024822136387228966
0.0409880056977272
-0.010250573977828026
-0.030366823077201843
0.021711565554142
0.043432578444480896
-0.005477352533489466
-0.05088450759649277
0.020227700471878052
0.03311856463551521
-0.07613256573677063
-0.0016164553817361593
0.022354621440172195
0.006001077592372894
-0.0006737373187206686
0.03061813861131668
-0.018025968223810196
-0.046975575387477875
-0.007123753894120455
0.031302910298109055
-0.024168459698557854
0.012658719904720783
0.008248301222920418
0.03473719209432602
0.028628164902329445
0.00899322610348463
0.01413414441049099
-0.02711392566561699
0.059010498225688934
-0.021497325971722603
-0.08031716197729111
0.018852801993489265
-0.04327930882573128
0.0012200450291857123
-0.00392157444730401
0.019439691677689552
-0.0663517490029335
-0.018150998279452324
0.04042614623904228
0.05384182929992676
0.03330882638692856
-0.04706183448433876
0.061280135065317154
-0.06279535591602325
-0.0603690966963768
0.030256735160946846
0.000610895047429949
-0.15645062923431396
0.18486995995044708
-0.09891140460968018
0.36688748002052307
-0.08615611493587494
0.17168527841567993
-0.3532533049583435
0.2819025218486786
-0.014639883302152157
0.26639577746391296
0.051231298595666885
0.1674456000328064
0.23993834853172302
-0.05732489749789238
-0.010410124436020851
1.530282974243164
0.05521193519234657
-0.18683426082134247
0.06884242594242096
0.3371032476425171
-0.029560651630163193
0.30675071477890015
0.2622776925563812
0.9471755027770996
-0.08750298619270325
0.08043312281370163
0.3584807813167572
0.7786100506782532
0.23880155384540558
0.5250248908996582
0.9967746138572693
3.0953166484832764
-0.005114242900162935
0.022173795849084854
0.02339792065322399
-0.07639701664447784
-0.03857045620679855
0.004484246484935284
0.05672753229737282
0.010603277944028378
-0.03283572942018509
-0.042428892105817795
0.09316293150186539
-0.19842255115509033
-0.0309215746819973
-0.009322318248450756
-0.016888245940208435
-0.03007521666586399
-0.13403068482875824
0.009010710753500462
-0.1617731750011444
-0.004861975088715553
0.3546249270439148
0.1963813602924347
-0.06147246062755585
-0.29683205485343933
0.1291969120502472
-0.3511751592159271
0.06660265475511551
0.4459313750267029
-0.13771706819534302
0.2964096665382385
-0.05467845872044563
0.3440670967102051
0.3906690180301666
-0.267331063747406
-0.056353017687797546
0.1433946043252945
0.2587735056877136
0.36052316427230835
-0.36737746000289917
-0.00464634969830513
-0.11533644050359726
0.028555160388350487
-0.22737638652324677
-0.023925865069031715
0.7098100185394287
-0.02359994687139988
-0.6020867824554443
0.4180564880371094
-0.2669430077075958
-0.29629722237586975
-0.08485333621501923
0.13160020112991333
-0.47942104935646057
0.3449525833129883
0.22253991663455963
0.1833220273256302
0.1746358573436737
0.13409802317619324
0.5241482257843018
0.401787668466568
0.26539450883865356
0.3675711154937744
0.7258393168449402
3.1312248706817627
-0.4881078600883484
0.22938187420368195
0.07457716017961502
-0.23388127982616425
0.30405062437057495
0.020515352487564087
-0.5852315425872803
0.2562961280345917
-0.26380783319473267
-0.44735604524612427
0.1305065155029297
0.07314831763505936
0.10439740866422653
-0.37732329964637756
0.12017340958118439
1.7578538656234741
0.7220075726509094
-0.2539408206939697
-0.04285227507352829
-0.123506098985672
-0.10115198791027069
-0.7197784185409546
0.20577175915241241
0.02680652029812336
0.20795603096485138
0.07235124707221985
-0.01274525374174118
0.03662155196070671
1.020322561264038
0.07107964158058167
-0.10956968367099762
0.2564835846424103
0.026295917108654976
0.21612389385700226
-0.19000758230686188
0.19534482061862946
1.2317475080490112
-0.04398534819483757
0.4657154679298401
-0.3768293857574463
0.06264971941709518
0.2548747658729553
-0.285901814699173
-0.06390085816383362
-0.037547580897808075
-0.07509797066450119
-0.32589131593704224
1.4836355447769165
0.8165116310119629
0.386281281709671
-0.12709712982177734
0.3880501091480255
0.42606815695762634
-0.2920110821723938
-0.12913471460342407
1.0238102674484253
1.1781868934631348
0.05355485901236534
-0.07874786853790283
-0.1602092683315277
1.1671756505966187
0.20131739974021912
0.5708396434783936
0.48243463039398193
-0.5145235061645508
0.11177579313516617
0.31608375906944275
0.9500665664672852
0.2784139811992645
-0.2951764762401581
0.607501208782196
0.6371583342552185
-0.2201707512140274
-0.3952694237232208
0.2975601553916931
0.5215387940406799
0.13148388266563416
0.42622214555740356
-0.17566224932670593
0.28633779287338257
0.5791709423065186
0.3680076003074646
0.2086682766675949
0.5900066494941711
0.7336018681526184
0.306618869304657
0.7374176979064941
-0.7823964953422546
0.13598568737506866
-0.05224735662341118
-0.20737461745738983
0.014115669764578342
0.25863713026046753
0.17542143166065216
-0.12128810584545135
0.4520425498485565
0.008983512409031391
-0.02260435000061989
0.05503712221980095
-0.05506373569369316
0.029829425737261772
0.00686868280172348
0.05006115511059761
-0.023732271045446396
0.05681806430220604
0.017740827053785324
-0.06337107717990875
0.03372839838266373
0.07698441296815872
0.07552042603492737
-0.023088090121746063
-0.030080324038863182
0.40979844331741333
0.08178181201219559
0.023121299222111702
0.2247103601694107
0.271377295255661
-0.14568011462688446
0.7166067957878113
0.3271077573299408
0.16583719849586487
0.23794005811214447
-0.20305317640304565
0.08193165063858032
0.19755789637565613
0.17582976818084717
0.06218516081571579
1.7658385038375854
-0.03823787719011307
0.049066971987485886
0.04180135205388069
0.00992008950561285
0.03227341175079346
-0.0010474654845893383
0.06944045424461365
0.0054646627977490425
0.01800639182329178
-0.02783110924065113
-0.032088760286569595
0.012499228119850159
0.04995357617735863
-0.03223561495542526
-0.001582873403094709
0.009684370830655098
0.028281070291996002
0.09126818925142288
-0.038248296827077866
0.01571633107960224
-0.004780576564371586
0.04306109994649887
-0.010866077616810799
0.0591316744685173
-0.037546396255493164
-0.029296722263097763
-0.0016932765720412135
0.006234770640730858
0.054790571331977844
-0.08766762912273407
-0.04548826813697815
0.016072656959295273
0.326984167098999
0.2654367983341217
-0.07468618452548981
0.16424167156219482
1.017848253250122
-0.733884334564209
0.20091485977172852
0.6540070176124573
0.5418656468391418
0.2803439199924469
0.008572477847337723
0.3886003792285919
0.38879120349884033
1.608314037322998
0.39065030217170715
0.3678987920284271
-0.2561618983745575
0.06958085298538208
-0.028822656720876694
0.8895558714866638
-0.3556584119796753
0.24657317996025085
0.32823124527931213
-0.7498042583465576
0.04766388610005379
-0.4931199848651886
0.07305236905813217
1.3440190553665161
0.1018027737736702
0.12245678156614304
0.11766457557678223
2.0915541648864746
-0.49097496271133423
-0.12442343682050705
0.1421378254890442
0.8754826188087463
-0.021486500278115273
-0.3051084876060486
0.5438507199287415
-0.0654330626130104
-0.2068658322095871
-0.3259050250053406
-0.193324014544487
0.23398061096668243
0.07298968732357025
-0.23971439898014069
-0.03153272345662117
1.7498153448104858
-0.06844078749418259
0.38476091623306274
0.17641158401966095
0.8410279750823975
0.724082887172699
0.28533750772476196
0.5942226648330688
0.26490429043769836
-0.017985180020332336
0.02178622968494892
0.2289547473192215
0.17922429740428925
0.15403106808662415
0.7100018858909607
-0.17440716922283173
0.9727364182472229
0.027747906744480133
0.023164987564086914
-0.036362070590257645
-0.021226614713668823
-0.06754621118307114
-0.07068630307912827
0.09821056574583054
-0.11147163063287735
0.01653893105685711
-0.044838640838861465
0.1334478110074997
-0.21496735513210297
-0.049574077129364014
0.11239746958017349
-0.05591680482029915
0.04664071649312973
-0.24636568129062653
0.23390348255634308
-0.80515056848526
-0.18306216597557068
-0.09344163537025452
0.11214890331029892
-0.2222316712141037
0.16295945644378662
-0.09205498546361923
0.16356779634952545
-0.2334519475698471
-0.0613301545381546
0.04539052024483681
-0.29659926891326904
0.09934347867965698
0.3459934890270233
-0.01193235069513321
0.006237087305635214
0.012153125368058681
0.05450110509991646
-0.05162198469042778
-0.0777607262134552
0.029316993430256844
0.05799628049135208
-0.0171334408223629
-0.00980272889137268
0.031993307173252106
0.01101506594568491
0.016189850866794586
0.0022177265491336584
0.016999445855617523
-0.023600241169333458
0.4007345139980316
0.002950702328234911
0.08971966803073883
0.24146997928619385
-0.60374915599823
0.22245335578918457
1.0556713342666626
-0.5857989192008972
0.268086701631546
-0.15517723560333252
-0.32483533024787903
0.2716282904148102
0.24884237349033356
-0.06868398934602737
-0.06332217901945114
2.0298027992248535
0.01453106664121151
0.01366016361862421
0.019406115636229515
0.010083511471748352
-0.027865402400493622
-0.08518633991479874
-0.07411601394414902
-0.16539925336837769
-0.01987394131720066
0.03805404528975487
0.03630569204688072
-0.04054642841219902
0.05406148359179497
0.002943932544440031
-0.023701485246419907
0.03603491559624672
0.5363768935203552
0.4226011335849762
-0.16581454873085022
0.4069123864173889
0.8405381441116333
-0.23662632703781128
0.18295182287693024
0.49597322940826416
1.017755389213562
0.25652801990509033
0.0029149018228054047
0.08952992409467697
0.765602171421051
0.4349246025085449
1.5740941762924194
0.7167094349861145
0.11160124093294144
0.743684709072113
-0.45013540983200073
-0.18413695693016052
0.18203182518482208
-0.4179515540599823
0.44174277782440186
1.2180687189102173
0.2201908379793167
0.15798570215702057
0.22545655071735382
-0.2600629925727844
0.3176197409629822
0.09400453418493271
0.019568992778658867
-0.2319362610578537
-0.020228348672389984
0.06838967651128769
0.015887413173913956
-0.04279311001300812
-0.015070639550685883
0.0472746342420578
-0.030841166153550148
-0.0004866267554461956
-0.025856954976916313
0.04532800242304802
0.009821210987865925
0.010978280566632748
0.014466227032244205
-0.06050150841474533
0.013327489607036114
0.060719821602106094
-0.3232128620147705
0.3431106209754944
0.12659676373004913
0.6299529671669006
0.4779360890388489
-0.35138413310050964
0.42086663842201233
0.1134166345000267
0.10528141260147095
-0.49215567111968994
-0.41565531492233276
0.12262094765901566
0.18709249794483185
0.3100461959838867
0.2433442771434784
0.16715297102928162
-0.00336208357475698
0.10545074939727783
-0.0065835099667310715
-0.002675058087334037
0.05999184772372246
0.011609889566898346
-0.04641832038760185
0.05717559531331062
0.057457949966192245
-0.040457651019096375
-0.09142052382230759
-0.04981664568185806
-0.05257008597254753
-0.05519895255565643
-0.014152128249406815
-0.07197808474302292
0.05708242580294609
-0.033699069172143936
0.02693342976272106
-0.0007646617013961077
-0.005462611094117165
-0.0136697543784976
0.012246114201843739
-0.059315718710422516
0.09108981490135193
0.03337342292070389
0.05239446833729744
0.010687318630516529
0.011624344624578953
-0.0017917940858751535
-0.012553046457469463
-0.006176701746881008
-0.04042582958936691
0.036142751574516296
-0.02483893744647503
0.05021437630057335
-0.05382181331515312
0.1087220162153244
0.013034606352448463
0.006224825978279114
-0.007164814043790102
-0.009179331362247467
-0.0840228945016861
0.009502088651061058
-0.05376839265227318
0.07878831773996353
-0.06596869230270386
-0.010712146759033203
-0.16409984230995178
0.12673205137252808
-0.017069952562451363
0.7303359508514404
0.32421019673347473
0.10141555219888687
0.24277304112911224
-0.4582565128803253
-0.09402846544981003
-0.011144394986331463
-0.35725271701812744
0.5840471386909485
0.19101521372795105
0.04598666727542877
-0.03363744914531708
1.3684741258621216
0.165108323097229
-0.04451021924614906
0.5174267888069153
0.32841697335243225
-0.1145859882235527
-0.15968270599842072
1.2801921367645264
0.8063459396362305
-0.2837964594364166
-0.251313179731369
0.2673523426055908
0.8695545792579651
0.03898288682103157
0.5657215118408203
1.188066005706787
2.960047483444214
-0.022334109991788864
0.02977706678211689
0.010387427173554897
0.002816007938235998
-0.0022506953682750463
0.04343392327427864
0.012200569733977318
-0.10465497523546219
0.04833798110485077
0.02142254076898098
0.04847409576177597
-0.1129252091050148
-0.052139099687337875
0.06840385496616364
0.04355265572667122
0.013887028209865093
-0.16288882493972778
0.032657258212566376
-0.028713183477520943
-0.05945535749197006
0.267509400844574
0.23717834055423737
-0.22595474123954773
-0.26105350255966187
0.12299664318561554
-0.3479795753955841
-0.006227199453860521
0.35039445757865906
-0.09172021597623825
0.26471859216690063
0.02156699448823929
0.3615054190158844
0.10105886310338974
-0.26457029581069946
-0.12128083407878876
0.029699424281716347
0.4725850820541382
0.22866690158843994
-0.4822855293750763
-0.14555495977401733
0.5493164658546448
-0.1344168782234192
0.2526078522205353
-0.14401943981647491
0.5048127770423889
-0.1863742619752884
-0.4627956449985504
-0.002359291771426797
-0.10756580531597137
-0.1466561108827591
0.3480720520019531
0.14984332025051117
-0.3805469870567322
-0.040345802903175354
1.0338526964187622
0.007754987105727196
0.02804543450474739
-0.3115929365158081
0.12107354402542114
0.1347632110118866
0.07976900041103363
0.35734331607818604
0.5670381188392639
3.1485166549682617
-0.4907999336719513
0.1170598641037941
0.04549388960003853
0.25957292318344116
0.2688324451446533
-0.10526462644338608
0.15523771941661835
0.22644871473312378
-0.2706719934940338
-0.11580309271812439
-0.11022931337356567
0.04219688102602959
0.07895441353321075
-0.2436712384223938
-0.132411390542984
1.190662145614624
0.544798731803894
-0.21216657757759094
-0.07796547561883926
0.2174171805381775
0.12093520164489746
-0.5870935320854187
0.1570354402065277
0.5512449741363525
0.8074454069137573
-0.06773291528224945
-0.15816791355609894
-0.23619318008422852
0.7539385557174683
0.18091456592082977
-0.029321905225515366
0.2842614948749542
0.06562253832817078
0.3330228626728058
-0.31722378730773926
-0.2295614629983902
1.456997036933899
0.0607101209461689
-0.17403468489646912
0.4665112793445587
0.04424366354942322
0.281077116727829
0.28884264826774597
0.5929356813430786
0.21579580008983612
-0.5643118023872375
-0.1456150859594345
1.4010977745056152
0.9065490365028381
0.34228628873825073
0.04001931473612785
-0.07603629678487778
0.4228287637233734
0.567840039730072
-0.12069304287433624
0.26980212330818176
0.689457356929779
0.17858055233955383
-0.05081484839320183
0.1446879357099533
1.2615697383880615
0.30590730905532837
-1.2167617082595825
0.1348520964384079
-0.22587545216083527
0.14777974784374237
0.0014681066386401653
0.7540589570999146
0.48126670718193054
0.011703980155289173
0.058911364525556564
0.2555837631225586
-0.06184304505586624
-0.4895392656326294
0.04360987991094589
0.11306698620319366
-0.024273842573165894
-0.5686603784561157
0.28033339977264404
0.8343191146850586
0.5152963399887085
0.40432119369506836
-0.1673075258731842
0.34381434321403503
0.3728199303150177
0.26466912031173706
0.251653790473938
-0.2091507911682129
0.3504944443702698
-0.05399732664227486
0.35512593388557434
0.18834854662418365
0.4178660213947296
-0.14729592204093933
-0.055470060557127
0.7242481708526611
0.012111058458685875
-0.02111462503671646
0.032582156360149384
-0.01852927729487419
0.022820360958576202
0.03698526695370674
0.0018037204863503575
-0.08707848191261292
-0.044550955295562744
-0.010558025911450386
-0.04069499298930168
-0.05854666978120804
0.05079525336623192
0.06328118592500687
-0.008151518180966377
-0.031571656465530396
0.4706348478794098
0.005758759565651417
-0.07210052013397217
-0.44284722208976746
0.5677513480186462
-0.052074216306209564
0.5261821746826172
0.45826947689056396
0.03101668506860733
0.30340757966041565
0.4069962203502655
-0.2188376933336258
0.219482883810997
-0.28611165285110474
-0.28088369965553284
1.5982177257537842
-0.029165584594011307
-0.06605944037437439
0.07153616100549698
-0.021911045536398888
-0.03699854388833046
0.021439723670482635
0.04008714482188225
0.043583571910858154
-0.08873331546783447
-0.017230303958058357
-0.012369824573397636
-0.08273980021476746
-0.06654210388660431
-0.005106701515614986
-0.016595304012298584
-0.08101359754800797
0.016039224341511726
0.019145555794239044
-0.08518750220537186
-0.013497683219611645
0.02214343473315239
0.03381532058119774
-0.02831568568944931
0.027812670916318893
0.01469639502465725
-0.02316238544881344
-0.04213310405611992
0.015999682247638702
0.056926336139440536
0.0021513639949262142
-0.12586738169193268
-0.03229892626404762
0.6232256293296814
0.41603055596351624
-0.3089032769203186
-0.3995731770992279
1.4938099384307861
-0.07680310308933258
0.5841872096061707
0.35323190689086914
-0.037005361169576645
0.14448906481266022
0.057587992399930954
-0.6586698889732361
0.4605349004268646
-1.4730033874511719
-0.3996148109436035
0.24933433532714844
0.0010753857204690576
-0.1379919946193695
-0.3534319996833801
0.9321508407592773
-0.2845796048641205
0.5159928202629089
-0.20485128462314606
-0.1388958990573883
0.35009393095970154
-0.22320014238357544
-0.08445224165916443
1.2089790105819702
0.041041191667318344
-0.15114374458789825
0.15327785909175873
2.159723997116089
-0.4833231270313263
-0.0429718978703022
-0.5480928421020508
0.46911531686782837
0.17175006866455078
0.03898080065846443
-0.09902411699295044
0.8937197327613831
-0.10189180821180344
-0.2102079689502716
0.30809199810028076
0.3004417419433594
0.12541525065898895
-0.06356064975261688
0.4016297459602356
1.4591875076293945
0.1515391767024994
0.30581068992614746
-0.018739165738224983
0.39031994342803955
0.4755428433418274
0.5796529650688171
-0.22812700271606445
-0.42569050192832947
0.23446938395500183
-0.22916536033153534
-0.36193016171455383
0.4629790782928467
0.07537481933832169
-1.1531596183776855
0.10966028273105621
1.1030126810073853
0.0038948217406868935
0.020408043637871742
0.034075114876031876
0.03821460157632828
-0.031892988830804825
-0.024982841685414314
0.08356224745512009
-0.03400743007659912
0.0005182955646887422
0.03463708609342575
0.051694754511117935
-0.293063223361969
-0.03481769934296608
0.08860361576080322
-0.025082817301154137
-0.016970353201031685
-0.2550557851791382
0.02047087997198105
-0.7064422965049744
-0.25739800930023193
-0.15616443753242493
0.10409045219421387
-0.3582077622413635
-0.00923631340265274
-0.03693484887480736
0.38883915543556213
-0.1957632601261139
-0.0630166158080101
0.0014031308237463236
-0.024453336372971535
0.05592034384608269
0.4580152928829193
-0.015985623002052307
-0.033225562423467636
-0.02404750883579254
-0.04323815181851387
-0.008587534539401531
-0.0693412497639656
0.01716930978000164
0.06940604001283646
0.058759644627571106
-0.02404191344976425
0.00866229459643364
-0.06320098042488098
-0.05556594207882881
0.005225842352956533
0.0441310852766037
0.03976945951581001
0.3221961557865143
-0.15907521545886993
-0.5914867520332336
0.40246132016181946
-0.36575767397880554
0.2874913811683655
0.4758206009864807
-0.19303886592388153
0.6271942853927612
0.13113224506378174
0.3968835771083832
0.7253261804580688
0.05448479205369949
0.08793070912361145
0.13143451511859894
2.0128719806671143
0.03715108335018158
-0.06831172108650208
0.05123981833457947
0.030281538143754005
0.011927180923521519
-0.06971447914838791
-0.004311239812523127
-0.12966889142990112
-0.049543123692274094
-0.03050941601395607
0.0998857319355011
0.005736754275858402
-0.019016191363334656
0.027454214170575142
-0.05046085640788078
-0.01302339043468237
0.7833830118179321
0.5126064419746399
-0.1266416609287262
-0.24172857403755188
1.1151453256607056
0.3158629834651947
0.8111683130264282
0.6850469708442688
0.4866757094860077
0.19078612327575684
0.026835095137357712
-0.6388596892356873
0.7177895903587341
-0.33964699506759644
-1.2168480157852173
0.34130555391311646
0.14436079561710358
0.7585068941116333
-0.33409228920936584
-0.3830875754356384
-0.01922336220741272
0.09427163749933243
0.13129767775535583
1.1164547204971313
-0.1074320524930954
0.38944733142852783
0.3407297134399414
0.5115998983383179
0.5252610445022583
0.21308723092079163
-0.09608408063650131
-0.014663686975836754
-0.04337388277053833
-0.033647939562797546
0.017141643911600113
0.04150876775383949
-0.01657116413116455
0.029349476099014282
0.019110409542918205
-0.03977328538894653
0.052947383373975754
-0.040201060473918915
0.09133917093276978
-0.018451176583766937
0.03715115785598755
0.02451413683593273
-0.03428003564476967
-0.045094091445207596
-0.1892198771238327
0.5973362922668457
-0.14930033683776855
0.3081277310848236
0.9529765844345093
0.049515869468450546
0.2124990075826645
0.3914441466331482
-0.35657086968421936
-0.2952703833580017
0.03673052415251732
-0.09014786779880524
0.32567960023880005
-0.572855532169342
0.06304147839546204
0.2934095561504364
-0.007388561498373747
-0.057287126779556274
-0.047922052443027496
-0.04416341707110405
-0.014227748848497868
0.0688270553946495
-0.043583229184150696
0.018165260553359985
0.04088784381747246
-0.005403026472777128
-0.0014224060578271747
-0.039035942405462265
-0.033978212624788284
0.021765459328889847
0.04752162843942642
-2.9551152692874894e-05
0.0021171681582927704
-0.02829105034470558
0.022640235722064972
-0.015967264771461487
-0.013899784535169601
0.04601002112030983
-0.03739393129944801
-0.03169950470328331
-0.05423952639102936
0.019634876400232315
-0.03403079882264137
0.00782022625207901
0.04722815006971359
0.05604647845029831
0.027587642893195152
-0.0026723637711256742
0.00535383028909564
0.013850715011358261
0.026128005236387253
0.053678546100854874
0.03423181548714638
0.05394962430000305
-0.022105779498815536
-0.019182635471224785
-0.04840400069952011
0.10295054316520691
0.018191389739513397
0.0298007745295763
-0.10384742170572281
-0.013322819024324417
0.052876513451337814
-0.010074651800096035
-0.012032222002744675
0.04542800411581993
-0.30728617310523987
0.21137721836566925
0.8003990054130554
0.1844000518321991
-0.47926631569862366
0.21237896382808685
-0.06486107409000397
0.051653169095516205
0.14895790815353394
0.5606520771980286
0.22880613803863525
-0.23275870084762573
-0.14320416748523712
1.0004534721374512
-0.10874282568693161
-0.0573420412838459
-0.19569513201713562
0.4482581317424774
-0.002424003556370735
0.21676810085773468
0.34781062602996826
-0.08519002050161362
0.09480559080839157
-0.49773502349853516
-0.3138546049594879
0.08896245807409286
0.12287501990795135
-1.1183826923370361
0.11388113349676132
2.262551784515381
-0.00688394857570529
-0.0015784233110025525
0.04489075392484665
-0.048931848257780075
-0.1201983243227005
-0.06128181517124176
-0.02260519377887249
-0.019241098314523697
0.019777921959757805
0.1258971095085144
0.01885412260890007
-0.1389104723930359
0.023958027362823486
0.045066528022289276
-0.08874450623989105
0.07069692015647888
-0.09943758696317673
0.05013124644756317
-0.13215063512325287
-0.140329048037529
0.24462276697158813
0.3555101454257965
-0.1818867027759552
-0.2631310224533081
0.08201128244400024
-0.20536723732948303
0.1050570160150528
0.44038915634155273
-0.10091238468885422
0.6930022239685059
0.14783917367458344
0.3802565932273865
0.3773750364780426
-0.525690495967865
-0.36286696791648865
-0.18548449873924255
0.35162028670310974
0.8889369964599609
-0.5144231915473938
-0.05101335421204567
0.10209731012582779
-0.030778244137763977
0.46150416135787964
0.2035609632730484
0.52935391664505
0.011329728178679943
-0.9070405960083008
0.45137864351272583
-0.4449580907821655
-0.27507320046424866
-0.25310662388801575
0.1476883739233017
-0.0529329739511013
0.29579877853393555
0.22477799654006958
0.5321924090385437
0.2267628312110901
-0.34216204285621643
-0.24594458937644958
0.7371826767921448
0.026668520644307137
-0.6819488406181335
0.647794246673584
3.2855827808380127
-0.5259575843811035
0.16382533311843872
-0.09083873778581619
-0.32688409090042114
0.3808475136756897
0.19757793843746185
-0.22409683465957642
0.61277836561203
-0.4079277515411377
-0.1746194213628769
0.24035939574241638
-0.3882932960987091
0.1506205052137375
-0.2679275572299957
0.16205386817455292
0.8335290551185608
0.7035747170448303
-0.13124601542949677
-0.007841352373361588
-0.24387741088867188
0.09132084995508194
-0.36905524134635925
0.45629632472991943
-0.07052535563707352
0.19143883883953094
0.024546166881918907
-0.22256650030612946
0.37388697266578674
0.9914705157279968
0.025708520784974098
-0.0737019032239914
0.45720645785331726
0.32088109850883484
0.021360602229833603
-0.5203948616981506
-0.13634461164474487
0.534708559513092
0.08131219446659088
0.2306094467639923
0.8795182108879089
0.06661946326494217
0.20374076068401337
0.33223095536231995
0.36762216687202454
0.3602517247200012
0.7050549983978271
-0.1519664078950882
1.318365216255188
0.31808286905288696
-0.3105715811252594
-0.3400824964046478
-0.36809831857681274
-0.2917780876159668
0.038163527846336365
-0.10389241576194763
0.30012574791908264
0.7684842944145203
-0.032383620738983154
0.2896927297115326
0.33565229177474976
1.341091275215149
0.3440607190132141
0.26129329204559326
-0.3172869384288788
-0.8144559264183044
0.16642475128173828
0.10397779196500778
0.7644991278648376
-0.180365189909935
-0.43649446964263916
0.037759218364953995
0.1580173671245575
-0.13025304675102234
0.026935800909996033
0.145500048995018
0.30649372935295105
0.0006748293526470661
0.06824533641338348
0.02071419171988964
1.009591817855835
-0.08843149989843369
0.1504613608121872
-0.35400453209877014
0.33160191774368286
-0.008273247629404068
0.3478732705116272
-0.24996213614940643
0.4225650131702423
0.2227717787027359
0.5021224617958069
0.6056115627288818
0.19733178615570068
0.28393882513046265
0.776540994644165
-0.033884357661008835
1.0521565675735474
0.03952230140566826
0.006981534417718649
-0.004490281920880079
-0.019111759960651398
0.0672304630279541
0.03110445849597454
0.05016655474901199
0.035820089280605316
-0.034332867711782455
0.03594695404171944
0.021614190191030502
-0.004996077623218298
-0.03759749233722687
0.010583589784801006
0.061078157275915146
-0.05873028188943863
-0.008792807348072529
0.10056941211223602
-0.2600181996822357
-0.6762279868125916
-0.03868715837597847
-0.30172887444496155
-0.17286032438278198
0.7483035922050476
0.205719456076622
-0.2778553366661072
0.7276910543441772
-0.1882220059633255
0.4041804075241089
0.6060044765472412
-0.6098082661628723
1.5015078783035278
0.059628818184137344
-0.011731727980077267
0.018336405977606773
-0.047029439359903336
-0.052815694361925125
-0.024653058499097824
0.00035227721673436463
0.08269442617893219
-0.1318923830986023
-0.014393031597137451
0.016617238521575928
-0.03204568102955818
0.006695738062262535
-0.060024604201316833
0.02418649196624756
-0.0889163687825203
-0.023512111976742744
0.07273730635643005
0.020668281242251396
-0.026145797222852707
-0.001143258181400597
-0.00974602997303009
-0.026710499078035355
-0.036185577511787415
0.027851592749357224
0.03278994560241699
-0.014176326803863049
-0.06540215760469437
0.016838395968079567
0.032823316752910614
-0.1173817366361618
-0.08967933803796768
-0.17978735268115997
-0.04095704108476639
-0.09073763340711594
-0.9457900524139404
-0.5984811186790466
-0.7505083680152893
-0.02475554496049881
0.10473286360502243
0.3068218529224396
-0.18600474298000336
-0.09731936454772949
-0.5289676785469055
0.6660608053207397
-0.5951641201972961
-0.4285317659378052
0.32440486550331116
-0.5821105241775513
-0.6670444011688232
-0.8633891344070435
0.7152543663978577
0.02414734847843647
0.548561155796051
0.06993803381919861
0.06393405795097351
0.047711968421936035
0.2899361848831177
0.25724104046821594
1.284773588180542
0.025333847850561142
0.3490164279937744
0.044876277446746826
1.527907133102417
-0.5309323072433472
-0.5225845575332642
-0.21735987067222595
0.6143139004707336
0.40544363856315613
-0.04486997798085213
-0.0013669319450855255
1.0612410306930542
-0.1444125771522522
0.28457313776016235
0.35090065002441406
0.3007151782512665
0.10436166077852249
0.9552294015884399
-0.05277734249830246
1.2717421054840088
-0.6494007706642151
-0.14335404336452484
-0.42806336283683777
0.6787965297698975
-0.03743812069296837
0.2860969603061676
-0.0449330098927021
-0.502223551273346
-0.13648781180381775
0.18682366609573364
-0.12206770479679108
0.5707383751869202
0.02316298708319664
-0.6653138399124146
0.1470106691122055
0.8017891645431519
0.0644548311829567
0.018580935895442963
0.0035048548597842455
-0.02218727208673954
0.05271749943494797
0.019171718508005142
0.08827593922615051
-0.08296949416399002
0.021562112495303154
0.009477092884480953
-0.0017197614070028067
-0.3000618815422058
-0.004055655561387539
0.14476750791072845
-0.07556382566690445
0.08076344430446625
-0.11657816916704178
0.25767847895622253
-0.7458686828613281
-0.2017735093832016
-0.10283204913139343
-0.008763870224356651
-0.0820797011256218
0.24052998423576355
-0.08070256561040878
0.11381480097770691
-0.2568942606449127
0.012901467271149158
0.003347267396748066
-0.24129560589790344
0.1445566564798355
0.2712559700012207
0.012052836827933788
-0.02647482603788376
-0.026304932311177254
0.014119280502200127
0.001843620790168643
0.049133431166410446
0.08282439410686493
0.023055128753185272
-0.016849352046847343
0.011464140377938747
0.010964073240756989
-0.012616600841283798
-0.008883132599294186
0.019365807995200157
0.028806693851947784
0.07717747241258621
0.050726018846035004
-0.46093398332595825
-0.6301719546318054
0.39774540066719055
-0.10038453340530396
0.598481297492981
0.18971610069274902
0.6053332090377808
0.20009183883666992
0.5453941822052002
0.8327239155769348
0.6459635496139526
0.3036285936832428
1.1033422946929932
0.007607660256326199
1.8330072164535522
0.0328231118619442
-0.02880597487092018
-0.018277276307344437
0.03609681874513626
-0.03943772241473198
-0.04507648944854736
-0.02141277678310871
-0.15818803012371063
0.01525560300797224
0.06483219563961029
0.0954466462135315
0.009753360413014889
0.03563157469034195
0.07635390013456345
0.03585880249738693
-0.008965717628598213
0.2073611319065094
-0.32381248474121094
-0.2640698552131653
-0.8385770916938782
-0.6047213673591614
-0.6056324243545532
-0.3251241147518158
0.3658880293369293
0.49354130029678345
-0.09141035377979279
0.04290332272648811
-0.4573093056678772
0.944831907749176
0.44097915291786194
-1.0103660821914673
0.07647476345300674
0.009080900810658932
0.36209607124328613
-0.40497127175331116
-0.8337329030036926
-0.26753270626068115
-0.08648955821990967
0.4379991590976715
0.63789302110672
-0.06722618639469147
0.29839953780174255
0.6415455341339111
0.5895477533340454
0.6869631409645081
0.27220064401626587
0.7338587641716003
0.13609108328819275
0.06408574432134628
-0.021786004304885864
-0.013947644270956516
-0.013391876593232155
0.05406337231397629
-0.01642293855547905
-0.007406259886920452
0.0036827914882451296
0.10207363963127136
0.004094372037798166
-0.11177574843168259
-0.002980574034154415
-0.013472989201545715
-0.0006586846429854631
-0.0008322098292410374
-0.025111425668001175
-0.5906391739845276
-0.27104806900024414
-0.2221647948026657
0.35089367628097534
-0.5640543699264526
-0.2612721025943756
0.10507413744926453
0.396870881319046
-0.5922175645828247
0.14329764246940613
0.429707407951355
-0.07304661720991135
0.3844875991344452
0.4844251573085785
-0.16995584964752197
0.3274432420730591
-0.011295542120933533
0.04281356558203697
0.053516171872615814
0.05805571377277374
0.02519575133919716
0.05838620662689209
-0.012239824049174786
0.014429665170609951
0.07377754896879196
0.0707516297698021
0.01045928057283163
-0.02812032401561737
-0.028000427410006523
0.04047149792313576
0.1591780036687851
0.004575875587761402
0.081929050385952
8.304904622491449e-05
-0.05043170601129532
-0.014002878218889236
0.07066567242145538
-0.026673385873436928
-0.022701920941472054
0.02218526229262352
-0.05693717673420906
-0.01809128373861313
0.04179217293858528
0.028377123177051544
-0.0005322600482031703
0.0234919935464859
0.05368039011955261
0.04973049461841583
-0.0350114107131958
-0.016817312687635422
0.061264727264642715
-0.12022227048873901
0.06796961277723312
0.04233039915561676
-0.017738543450832367
0.017598284408450127
0.05991484597325325
-0.05451682582497597
0.03709175065159798
-0.05447399988770485
0.05091194808483124
-0.03391715884208679
0.05352130904793739
-0.02572508528828621
-0.4829690158367157
-0.26739445328712463
-0.28290238976478577
0.6692789196968079
0.37987539172172546
0.16940937936306
-0.13946117460727692
0.2807493507862091
-0.018895067274570465
0.10213015973567963
0.09632928669452667
-0.026646558195352554
0.16022883355617523
0.23240874707698822
-0.3152295649051666
0.8976489305496216
-0.22417820990085602
-0.3879011571407318
-0.41133418679237366
0.30460384488105774
0.010318922810256481
-0.1533404141664505
0.23124206066131592
0.14018388092517853
-0.08105118572711945
-0.09654457122087479
-0.04414360225200653
0.020846301689743996
0.27396249771118164
-0.22927416861057281
-0.5153405666351318
2.0586142539978027
0.09875553101301193
-0.03774036467075348
0.021722067147493362
-0.04903591051697731
-0.05212622135877609
0.013383816927671432
0.05835855379700661
-0.026782432571053505
0.0351002961397171
-0.03060961328446865
0.19293354451656342
-0.22330091893672943
-0.024866202846169472
0.02174895629286766
-0.010845713317394257
-0.024130715057253838
-0.3014857769012451
-0.2627616226673126
-0.01810683123767376
-0.1859455108642578
0.32547491788864136
0.1539345234632492
-0.10134979337453842
-0.3150973320007324
0.09090395271778107
-0.02128826454281807
0.008577629923820496
0.42307811975479126
-0.15933969616889954
0.45524030923843384
-0.0668509230017662
0.36437639594078064
0.23179490864276886
-0.34632137417793274
-0.29840219020843506
-0.12978465855121613
0.074927419424057
-0.051451172679662704
-0.7667577266693115
-0.02145097777247429
-0.44609570503234863
-0.034634415060281754
-0.27010849118232727
0.38128015398979187
0.7846515774726868
-0.2702161371707916
0.6748002767562866
0.3307321071624756
-0.4059145152568817
-0.24328716099262238
-0.27097758650779724
0.47461724281311035
0.012438852339982986
-0.04271040856838226
0.04583124443888664
0.881122887134552
0.18358497321605682
0.1376209259033203
0.13935640454292297
0.8257189989089966
0.11040531098842621
0.4117947220802307
0.31219369173049927
2.6937220096588135
-0.371122807264328
0.05916972458362579
0.04081352427601814
-0.2267434149980545
0.14027538895606995
-0.27204594016075134
-0.4522245526313782
0.32767942547798157
-0.22225002944469452
-0.5150961875915527
0.21640703082084656
-0.24673059582710266
0.024629872292280197
0.5099195241928101
-0.004841766320168972
0.9121579527854919
0.17086440324783325
-0.3738325536251068
-0.1195250079035759
-0.6673089265823364
-0.2646511197090149
0.006645398214459419
0.30257877707481384
0.13884471356868744
0.516894519329071
0.11026789993047714
0.28956007957458496
0.5790727138519287
0.9755710959434509
0.08689185231924057
0.72578364610672
0.0598117895424366
0.20061896741390228
0.16334006190299988
0.19647137820720673
0.366303950548172
1.2592589855194092
-0.024895431473851204
0.1373261660337448
-0.39384904503822327
-0.04282962530851364
0.22096015512943268
-0.27961838245391846
-0.26966479420661926
0.14829649031162262
-0.07173315435647964
-0.21376007795333862
1.718482255935669
0.5447772741317749
0.40061551332473755
0.019238481298089027
0.5720837116241455
0.4659682512283325
-0.40610915422439575
-0.26262167096138
0.7031401991844177
1.034016489982605
0.09840558469295502
-0.025761105120182037
0.026027610525488853
1.3334118127822876
0.22479437291622162
0.7119901776313782
0.5508527755737305
-0.5230043530464172
0.35705459117889404
0.6811708807945251
0.9736578464508057
0.3327563405036926
-0.3200553357601166
0.4208123981952667
0.6275633573532104
-0.17940498888492584
-0.21726669371128082
0.2930816411972046
0.5390762090682983
0.10949531942605972
0.5027825236320496
0.09495041519403458
0.172929048538208
0.5243993997573853
0.26856645941734314
0.7144081592559814
0.6453447341918945
0.8731182813644409
-0.07114157825708389
0.5988182425498962
-0.660349428653717
0.1321098655462265
0.12212850898504257
-0.20640531182289124
-0.11312725394964218
0.4109189510345459
0.15799516439437866
0.005957706365734339
0.4887486696243286
0.06879844516515732
0.04333965480327606
0.007735893130302429
-0.02410823106765747
-0.05088386684656143
-0.0772426575422287
0.034871093928813934
-0.007806829642504454
-0.02181132510304451
-0.01950117200613022
-0.07144860923290253
0.05618450790643692
-0.015359969809651375
0.018655886873602867
0.07914816588163376
0.03222251310944557
0.37348419427871704
0.10811953246593475
0.4187510013580322
0.25989288091659546
0.31739136576652527
-0.11544942110776901
0.6801332235336304
0.2745164632797241
-0.014218432828783989
0.2237291932106018
-0.0073355212807655334
0.01608273945748806
0.26850900053977966
0.0975063294172287
0.1454787403345108
2.23189115524292
0.003642221912741661
-0.0326133668422699
0.06072351336479187
0.03290258347988129
-0.08031554520130157
-0.03747768700122833
0.127804234623909
0.08624410629272461
0.02236451953649521
-0.006557869259268045
0.024478375911712646
0.00889964122325182
0.044684477150440216
-0.013863202184438705
-0.02468908578157425
0.04741455614566803
0.06510672718286514
0.14781638979911804
-0.031671974807977676
0.002448149723932147
-0.003812331473454833
-0.00963989645242691
-0.03642597794532776
0.01650119200348854
-0.02201199345290661
0.06600475311279297
0.09105376899242401
-0.05023885518312454
-0.0356215238571167
-0.0017308354144915938
-0.12152759730815887
0.02800220064818859
0.14245471358299255
0.2996293008327484
0.15457992255687714
0.4128139615058899
0.9831788539886475
-0.6686497330665588
0.3823566138744354
0.6261463165283203
0.4682243764400482
0.06323757022619247
0.20151890814304352
0.20810766518115997
0.5772134065628052
1.4000217914581299
0.49579542875289917
0.5369666814804077
-0.4018624722957611
-0.23471073806285858
0.3428756296634674
1.1462205648422241
-0.38397401571273804
0.23821327090263367
-0.07452986389398575
-0.7153895497322083
0.15039308369159698
-0.03754562884569168
0.0716368705034256
1.3425945043563843
0.21901999413967133
0.11734486371278763
0.24278892576694489
2.1491589546203613
-0.6168511509895325
0.08273870497941971
0.2817226052284241
0.8641518354415894
-0.0070226360112428665
-0.26869910955429077
0.2956019937992096
0.026438167318701744
-0.2838722765445709
-0.2341056615114212
-0.23680691421031952
0.14161278307437897
0.16239053010940552
-0.2012374848127365
0.10937894135713577
2.2139744758605957
-0.24085193872451782
0.4295525848865509
0.6842390298843384
0.7903131246566772
0.7962321639060974
0.22886404395103455
0.30673155188560486
0.31249380111694336
-0.19554145634174347
0.3234719932079315
0.24566569924354553
0.16463813185691833
0.17480619251728058
0.710392951965332
-0.008943059481680393
0.9445583820343018
-0.045775189995765686
-0.056784506887197495
-0.06400403380393982
-0.002783591626212001
0.04108871892094612
-0.021183310076594353
0.07771407067775726
-0.042720552533864975
-0.07956431806087494
0.021608371287584305
0.024296173825860023
-0.15648874640464783
0.06520628184080124
0.16143381595611572
-0.07746817171573639
-0.053036291152238846
-0.1724587082862854
0.188482403755188
-0.7385458946228027
-0.16554546356201172
-0.20424231886863708
0.19694317877292633
-0.1990295797586441
0.09123847633600235
9.991267143050209e-05
0.2370421290397644
-0.15148721635341644
-0.08869108557701111
-0.06035299226641655
-0.35597938299179077
0.057632140815258026
0.42124590277671814
0.006845527794212103
0.05079405754804611
-0.028331078588962555
-0.02973290905356407
0.051734186708927155
0.008174944669008255
-0.000248108699452132
0.044970929622650146
0.01677892543375492
-0.04842572286725044
0.02280239760875702
-0.011812291108071804
-0.04260551184415817
-0.03530760854482651
0.023402150720357895
0.005667080171406269
0.410573810338974
-0.2626855969429016
0.0721057876944542
0.32689645886421204
-0.6202058792114258
0.20922711491584778
0.5883695483207703
-0.6910628080368042
0.24004140496253967
0.10710475593805313
-0.17009693384170532
0.10437749326229095
0.26828500628471375
-0.04337777942419052
0.048129383474588394
2.14856219291687
-0.08781623095273972
0.05384278669953346
-0.013903316110372543
0.008266688324511051
-0.02169540524482727
0.02020455338060856
-0.04217051714658737
-0.18778041005134583
-0.034568432718515396
-0.03832908719778061
-0.023832270875573158
-0.06442825496196747
-0.012275147251784801
0.03119305521249771
-0.011110315099358559
-0.0961536169052124
0.27556562423706055
0.3927544355392456
0.21237321197986603
0.6098553538322449
0.8604822158813477
-0.3532853424549103
0.2990244925022125
0.4220597445964813
0.901005744934082
0.1046718955039978
-0.08683336526155472
0.19793300330638885
0.9341180324554443
0.37539446353912354
1.887715458869934
0.7929911017417908
-0.11388379335403442
0.6658837199211121
-0.48167872428894043
-0.12043385952711105
0.045830145478248596
-0.28807470202445984
0.37289491295814514
1.154258370399475
0.18565505743026733
0.28496891260147095
0.2555564045906067
-0.030073776841163635
0.6443359851837158
0.10186073184013367
0.041105952113866806
-0.4355056583881378
0.026559341698884964
0.003688507480546832
0.021694429218769073
-0.04462583735585213
-0.003267199033871293
-0.01478684600442648
0.02446063421666622
-0.02367730438709259
0.04433022812008858
-0.0249463003128767
-0.012893060222268105
-0.014970242977142334
0.047364573925733566
-0.005651908926665783
0.009054828435182571
-0.02146313712000847
-0.3829208314418793
0.47539642453193665
0.5357868075370789
0.951438844203949
0.4900469183921814
-0.46391957998275757
0.3041810095310211
0.08663981407880783
-0.20706279575824738
-0.3200318217277527
-0.42821380496025085
0.13331246376037598
0.3701220750808716
0.27050888538360596
0.28256452083587646
0.2811239957809448
-0.022676344960927963
-0.00024338257208000869
0.014711066149175167
0.012590347789227962
-0.0388200618326664
0.059868428856134415
0.006066206376999617
0.08661722391843796
-0.01591220311820507
0.10120958834886551
0.08478708565235138
-0.0070300414226949215
0.0043221814557909966
-0.04107759892940521
0.02722262032330036
-0.007289176341146231
0.05604175105690956
0.020680587738752365
0.003923770971596241
0.11163200438022614
-0.008806039579212666
0.021542225033044815
0.004504537675529718
0.055512845516204834
-0.026677368208765984
0.0727696493268013
0.04811561107635498
-0.011281992308795452
-0.053215142339468
0.03078806959092617
-0.045328348875045776
-0.05818742886185646
0.000668706838041544
-0.06841263920068741
0.02548123337328434
-0.015195326879620552
0.06708452850580215
0.04801425710320473
-0.010567684657871723
-0.030258066952228546
0.004635141231119633
-0.060638923197984695
0.04635349661111832
-0.07166522741317749
-0.10410640388727188
0.035825107246637344
0.005701624322682619
-0.03993035480380058
-0.24066521227359772
0.018131963908672333
0.12788784503936768
0.6085180044174194
0.32846859097480774
-0.011547958478331566
0.03232848271727562
-0.37506604194641113
-0.17983348667621613
0.1894838511943817
-0.29817676544189453
0.6127163767814636
0.2030036300420761
0.09800773113965988
0.0814427062869072
1.5825556516647339
0.055347248911857605
-0.16653773188591003
0.6425784230232239
0.5049340724945068
-0.055225346237421036
-0.19114746153354645
0.79090815782547
0.8328599333763123
-0.1949000060558319
-0.04342397674918175
0.3688420355319977
0.8591352701187134
0.1825057566165924
0.4783954620361328
1.090762734413147
2.841032028198242
0.04447193816304207
0.04463241621851921
-0.028828145936131477
-0.12457016110420227
-0.014894016087055206
-0.018456295132637024
0.05066908150911331
0.03538697957992554
-0.02493039332330227
-0.09247803688049316
0.0161746796220541
-0.1372486799955368
0.013333512470126152
-0.05270615220069885
0.03142561763525009
0.011653929948806763
-0.10492254793643951
-0.10801798105239868
-0.0806066244840622
-0.04667730629444122
0.2656693458557129
0.24670414626598358
-0.2886113226413727
-0.22728440165519714
0.1781766563653946
-0.07691655308008194
-0.1015462875366211
0.4979188144207001
-0.15118888020515442
0.33969172835350037
-0.0011902147671207786
0.36963900923728943
0.03834615647792816
-0.5632547736167908
-0.14883457124233246
0.11040974408388138
0.4486938416957855
0.41611912846565247
-0.6057955026626587
-0.3070736825466156
0.317133367061615
-0.2154720574617386
0.25277823209762573
-0.0614800751209259
0.7473296523094177
-0.20041900873184204
-0.4461964964866638
0.2021728754043579
-0.135356605052948
-0.07055982947349548
0.5340149402618408
0.46168020367622375
-0.31961143016815186
-0.07834107428789139
0.7693469524383545
0.14144983887672424
-0.0041085961274802685
-0.10700738430023193
0.25909653306007385
0.22233416140079498
0.08157835900783539
0.40236425399780273
0.6441978812217712
3.199014663696289
-0.5424412488937378
0.21472829580307007
0.13261984288692474
0.3927406966686249
0.16039201617240906
-0.0645780861377716
0.18488848209381104
0.20380781590938568
-0.3210225999355316
-0.2079460620880127
-0.09344715625047684
0.006743879988789558
0.1235511526465416
-0.21267761290073395
0.17468656599521637
1.5734672546386719
0.32986223697662354
-0.3173035979270935
-0.14539149403572083
0.18704037368297577
0.1778193563222885
-0.647589385509491
0.14447855949401855
0.14553794264793396
0.7002005577087402
-0.18522582948207855
-0.30179673433303833
-0.1651424616575241
0.9548443555831909
0.08606953173875809
-0.07450471073389053
0.3781708776950836
-0.04495995119214058
0.17328141629695892
-0.2524433732032776
-0.2422909140586853
1.242644190788269
-0.3304694592952728
-0.19207161664962769
-0.22546450793743134
0.054526641964912415
0.2377954125404358
-0.2081044316291809
0.138707235455513
0.14868324995040894
-0.21648234128952026
-0.11927585303783417
1.878920316696167
0.35964691638946533
0.33862707018852234
0.07263743877410889
-0.08905217051506042
0.10948673635721207
-0.36866554617881775
-0.13919800519943237
0.37229740619659424
1.1325290203094482
0.11093205213546753
0.06816163659095764
0.011604714207351208
1.3283882141113281
0.20274385809898376
0.6185708045959473
0.5244230628013611
-0.6905278563499451
0.05998329073190689
0.14120371639728546
0.8578563332557678
0.49561721086502075
-0.06982215493917465
0.11318371444940567
0.616038978099823
-0.3014499247074127
-0.15242503583431244
0.2327992171049118
0.5750440955162048
0.1386844664812088
0.3173528015613556
0.03900831937789917
1.111141562461853
0.5920522212982178
0.384664386510849
-0.06994927674531937
0.37505629658699036
0.9958586692810059
0.2157881110906601
0.22548893094062805
-0.8428677916526794
0.21067018806934357
0.005592077039182186
-0.15078234672546387
0.35773178935050964
0.23969735205173492
-0.030491724610328674
0.24899238348007202
1.0868988037109375
0.005323749966919422
-0.050551678985357285
-0.02026516944169998
0.01232811901718378
-0.011262096464633942
-0.04453655332326889
0.02173200435936451
-0.06941764801740646
-0.04433216154575348
-0.018777726218104362
0.0015057770069688559
-0.06034749373793602
-0.0013717346591874957
-0.00869726575911045
-0.039266932755708694
0.039896368980407715
0.356401652097702
0.25125229358673096
-0.0859447792172432
-0.5265763998031616
0.29545098543167114
-0.11598557978868484
0.1581254005432129
0.4077306389808655
0.14339055120944977
0.3584533631801605
-0.08203444629907608
0.6807796359062195
0.20365723967552185
-0.034592557698488235
0.06660818308591843
1.9788225889205933
-0.07119681686162949
-0.0487673319876194
0.004840006586164236
-0.024550938978791237
-0.033464111387729645
-0.005527840927243233
-0.0547986775636673
-0.07347721606492996
-0.017671069130301476
-0.008686830289661884
-0.021899033337831497
0.0507504902780056
0.054919011890888214
0.03696412593126297
-0.04992656782269478
0.01149083860218525
-0.007106808014214039
-0.024393348023295403
0.013412495143711567
0.04305122047662735
-0.034698452800512314
-0.04647282138466835
0.012802690267562866
0.016746196895837784
-0.019659046083688736
-0.09556684643030167
-0.050676748156547546
0.005435832776129246
0.057375114411115646
-0.001895957626402378
-0.11382794380187988
0.033966004848480225
0.17811469733715057
0.3225901424884796
-0.06216038390994072
-0.652746319770813
0.5549408793449402
-0.47943559288978577
0.02611069194972515
0.4170045852661133
0.5610144138336182
0.11650966107845306
0.10627682507038116
0.766434371471405
0.5395163297653198
1.2620660066604614
0.4139540195465088
0.613858163356781
-0.4283320903778076
-0.12075582891702652
-0.3314661681652069
0.8533317446708679
-0.3619751036167145
0.5773745179176331
-0.31741848587989807
-0.736443281173706
0.09926235675811768
-0.14056532084941864
0.1306624412536621
1.4971650838851929
0.22163696587085724
0.07423336803913116
0.2656891644001007
2.10683012008667
-0.6099932789802551
-0.04149503633379936
-0.41169965267181396
0.48679119348526
-0.2849806845188141
0.013466741889715195
-0.005819610320031643
0.3195429742336273
-0.10893380641937256
-0.07924388349056244
-0.16159147024154663
0.15556389093399048
0.24921958148479462
-0.33528536558151245
0.1492934226989746
2.1714906692504883
-0.18941132724285126
0.1526898443698883
-0.0021326604764908552
0.5957033634185791
0.7818484902381897
0.39695584774017334
0.04706762358546257
-0.08039039373397827
0.1373869776725769
0.19070304930210114
0.1651388704776764
0.16736359894275665
0.1726258099079132
0.5314682126045227
0.13566678762435913
1.0688178539276123
-0.0032914145849645138
0.06998544931411743
-0.04268413409590721
-0.10102415084838867
-0.018583577126264572
0.008382645435631275
0.1171269342303276
-0.10429824888706207
0.00855206698179245
0.029399994760751724
0.020239567384123802
-0.18498606979846954
-0.07039550691843033
0.11915714293718338
-0.035759784281253815
-0.011868160218000412
-0.2193613052368164
0.2817932665348053
-0.5940219759941101
-0.26370513439178467
-0.23871910572052002
0.16023945808410645
-0.3971283435821533
0.058965228497982025
-0.025214193388819695
0.40116214752197266
0.028894826769828796
-0.06947659701108932
0.01698380708694458
-0.1600915491580963
0.07239001989364624
0.4749034345149994
0.019301293417811394
-0.05070042237639427
0.01131391990929842
-0.05139537900686264
-0.005814916454255581
-0.04519728943705559
0.04438389837741852
0.09766052663326263
0.008593056350946426
-0.009972605854272842
-0.05875809118151665
0.04207451269030571
0.009743002243340015
-0.05939260497689247
0.022752495482563972
-0.0030547326896339655
0.40353259444236755
-0.12871815264225006
-0.4759414494037628
0.427280068397522
-0.6315723061561584
0.1808232218027115
0.3049355447292328
-0.5987434983253479
0.2922708988189697
0.007371549494564533
-0.2317938655614853
0.5318754315376282
0.31360548734664917
-0.07834077626466751
0.060494400560855865
2.0349740982055664
-0.10710000991821289
0.04943748936057091
0.0046042571775615215
0.060505256056785583
-0.01210212241858244
0.00024906385806389153
-0.018190734088420868
-0.14791643619537354
0.028005963191390038
0.07886229455471039
0.10907953232526779
-0.0054430910386145115
-0.07657305151224136
0.08556275814771652
-0.014079504646360874
0.03383263945579529
0.24851705133914948
0.5138043165206909
-0.04241943359375
-0.2118373066186905
0.40254130959510803
-0.18221303820610046
0.1136823445558548
0.40102458000183105
0.9380234479904175
0.1729925572872162
0.12161578983068466
0.5904110074043274
1.0308321714401245
0.13669973611831665
1.6854654550552368
0.9181616902351379
0.1151483952999115
0.7318176627159119
-0.4742582440376282
-0.4410915970802307
-0.18935991823673248
-0.3224963843822479
0.046841878443956375
0.6398010849952698
0.1807960569858551
0.24533745646476746
0.1934262067079544
-0.08609608560800552
0.6796286702156067
0.10712888836860657
0.10275548696517944
-0.23763561248779297
-0.019544517621397972
-0.007647152990102768
0.012318736873567104
-0.0346122644841671
-0.03696373477578163
-0.049190644174814224
0.049007073044776917
0.0028908869717270136
-0.01276085339486599
0.013031724840402603
0.02944764494895935
0.12088736891746521
0.04022204875946045
0.01109230238944292
0.005270545836538076
0.004262446891516447
-0.5534408688545227
0.2900264859199524
-0.12308193743228912
0.3920617699623108
0.40053653717041016
-0.12686239182949066
0.09311483055353165
-0.09538497775793076
0.013014334253966808
-0.3547760844230652
-0.42676258087158203
0.43849286437034607
0.45997387170791626
0.07100289314985275
0.2575455605983734
0.583437979221344
-0.09524651616811752
0.04383678734302521
0.00765744224190712
-0.02292894385755062
0.08128323405981064
-0.014301029965281487
-0.06142179295420647
0.029264988377690315
0.05004715174436569
-0.0119601059705019
-0.044026345014572144
-0.01000257022678852
0.0243814829736948
0.007465030066668987
0.040046531707048416
-0.026692170649766922
-0.03297848626971245
-0.007174223195761442
0.008627969771623611
-0.024711426347494125
0.053621016442775726
0.015545793808996677
-0.0209044236689806
0.020993616431951523
0.02630736492574215
-0.02476459927856922
0.038730084896087646
0.04884561896324158
0.022408340126276016
0.00823954213410616
-0.010137501172721386
0.016249090433120728
0.054530639201402664
0.048766061663627625
-0.003777619916945696
-0.10415869206190109
0.02276945300400257
-0.020812248811125755
-0.03432461991906166
0.07762795686721802
-0.05176873132586479
-0.004620794206857681
0.01595245860517025
0.007969891652464867
-0.05757216736674309
-0.048734769225120544
0.0263143852353096
0.08746715635061264
-0.28844884037971497
0.1216663047671318
-0.2348867654800415
0.2149476706981659
0.20991583168506622
0.20903706550598145
-0.26257428526878357
-0.2660934031009674
0.004176872782409191
0.16559353470802307
-0.19504280388355255
1.3340518474578857
0.18423716723918915
0.021090354770421982
0.09155970066785812
1.4736356735229492
0.13631315529346466
-0.011145890690386295
0.0021683424711227417
0.44814467430114746
-0.18276697397232056
0.23156630992889404
0.5314623713493347
0.9073451161384583
-0.20710599422454834
0.011296174488961697
0.10239334404468536
0.6826344132423401
0.16422796249389648
0.5193901658058167
1.005683183670044
2.913912773132324
-0.0009753682534210384
-0.034688934683799744
-0.006929566618055105
-0.08714897185564041
-0.05283104628324509
0.024587951600551605
-0.08630569279193878
-0.0008391697774641216
0.016302568838000298
0.00027662498177960515
-0.003253833157941699
-0.08936771750450134
0.0022691218182444572
0.039346836507320404
-0.06687987595796585
0.02307239919900894
-0.11348354071378708
-0.14829131960868835
-0.129159614443779
-0.10672765225172043
0.28374427556991577
0.10273461043834686
-0.1688627302646637
-0.2962586283683777
0.19214914739131927
-0.3335416316986084
0.07535603642463684
0.45078250765800476
-0.05532585829496384
0.33921560645103455
-0.013030375353991985
0.4945167899131775
-0.005113675724714994
-0.3388378322124481
0.01966344192624092
-0.14628060162067413
0.29127082228660583
0.2482394129037857
-0.555275022983551
-0.09350642561912537
0.33985260128974915
-0.16496117413043976
0.308427095413208
-0.24934813380241394
0.7592900991439819
-0.09354185312986374
-0.6836982369422913
0.4428695738315582
-0.07880464196205139
-0.1475556194782257
-0.2364276945590973
0.2169315367937088
-0.466910183429718
0.2549644410610199
0.4930489659309387
0.09216765314340591
-0.14870493113994598
0.02348417416214943
0.04996132850646973
0.35490015149116516
0.21528896689414978
0.2576310336589813
0.7471754550933838
3.2074007987976074
-0.520872950553894
0.2676049768924713
0.14385986328125
-0.2845698595046997
0.29197531938552856
-0.10928670316934586
-0.20828524231910706
0.35593894124031067
-0.26840558648109436
-0.07950256019830704
-0.048591457307338715
0.03788861259818077
0.04662279412150383
-0.37183529138565063
0.17623580992221832
1.8339431285858154
0.23338080942630768
-0.22799848020076752
0.025022586807608604
-0.1920240819454193
-0.11242801696062088
-0.6919974088668823
0.15155814588069916
-0.08857782930135727
0.669714629650116
0.0045421672984957695
-0.2202986180782318
-0.20021364092826843
1.0521321296691895
0.07364488393068314
-0.2411845177412033
0.29018348455429077
0.04710647463798523
0.16604076325893402
0.1518755555152893
-0.21951161324977875
0.6686635613441467
-0.10723523050546646
-0.19212961196899414
-0.31103718280792236
0.12679818272590637
0.1056591346859932
-0.5646923780441284
0.2652815580368042
0.24177122116088867
-0.5203157067298889
-0.6535307765007019
1.7836079597473145
0.8973187804222107
0.4618324935436249
-0.08071307092905045
0.6983363628387451
0.4478774070739746
-0.5210092663764954
-0.3032864034175873
0.2917228639125824
1.253829836845398
0.14368797838687897
0.19190755486488342
0.02091515250504017
1.4905462265014648
0.32760339975357056
0.06781087815761566
0.33103126287460327
-0.4226595461368561
0.499534010887146
0.716749906539917
0.798253059387207
0.18880437314510345
-0.4401289224624634
0.2940184772014618
0.5798352956771851
-0.3142448663711548
-0.1133544072508812
0.4626172184944153
0.5539158582687378
0.15806829929351807
0.101898692548275
0.09122943878173828
1.1758763790130615
0.48302531242370605
0.3332067131996155
0.7185860276222229
0.29182085394859314
0.23335272073745728
-0.17705760896205902
0.18998098373413086
-0.7569279670715332
0.2797633111476898
-0.26486140489578247
-0.034353967756032944
0.354988694190979
0.36804109811782837
-0.31853538751602173
-0.3397284150123596
1.1397063732147217
-0.03899594023823738
5.1474300562404096e-05
0.010871636681258678
-0.06521318107843399
0.013693217188119888
-0.0715448260307312
-0.05885715037584305
0.004152789246290922
-0.025474639609456062
-0.09620946645736694
-0.046287231147289276
-0.011087390594184399
0.03153103590011597
0.041796986013650894
-0.05509328842163086
0.022216595709323883
0.4545871913433075
0.01216097828000784
0.38834619522094727
-0.20668044686317444
0.23679174482822418
-0.19642864167690277
0.22532996535301208
0.26848867535591125
0.08820517361164093
0.4106501638889313
-0.42976272106170654
0.5431453585624695
0.25708773732185364
-0.20900294184684753
-0.11788985133171082
2.079812526702881
0.03755591809749603
-0.007362931966781616
-0.02023526467382908
-0.08371400833129883
-0.02722267061471939
0.05701001361012459
-0.013309421017765999
0.030348896980285645
0.0022094477899372578
0.030503319576382637
-0.026423973962664604
0.0307783130556345
-0.0589679554104805
-0.024668047204613686
-0.057824961841106415
-0.050267670303583145
-0.02279360219836235
0.06816655397415161
0.03977777436375618
-0.042303942143917084
0.041604988276958466
0.056485749781131744
-0.09062518179416656
-0.021607110276818275
-0.04541710019111633
-0.02670368365943432
-0.0064452276565134525
-0.00042927786125801504
-0.02466927468776703
0.036371465772390366
-0.17660199105739594
-0.04037163034081459
0.6617349982261658
0.21735557913780212
0.2086627036333084
-0.011332465335726738
0.9698807597160339
-0.8331483602523804
0.15583838522434235
0.34972918033599854
0.4536554515361786
0.07521207630634308
-0.24877847731113434
0.6138540506362915
0.6919633150100708
1.217905879020691
-0.0661616325378418
0.27791884541511536
-0.34163472056388855
-0.2198905348777771
0.33012378215789795
0.9031450748443604
-0.5856478810310364
0.19127269089221954
-0.38260820508003235
-0.6913743615150452
0.15665899217128754
-0.2655937075614929
0.3567209541797638
1.445512294769287
0.11778701096773148
-0.275776743888855
0.018947752192616463
2.2030081748962402
-0.3964831531047821
0.058259252458810806
0.2663364112377167
0.5819563269615173
-0.19679401814937592
-0.2854982614517212
-0.057235851883888245
0.3326686918735504
-0.13031336665153503
0.02329699881374836
-0.17575925588607788
0.20825475454330444
0.2274046391248703
-0.7669459581375122
-0.02554957941174507
2.12214994430542
-0.1677868664264679
0.30449819564819336
0.6126973628997803
0.6988599896430969
0.1668839156627655
0.1358410269021988
0.03205566853284836
0.004484773613512516
0.14453710615634918
-0.05068986490368843
0.4666583836078644
0.24814310669898987
0.15816140174865723
0.1997363120317459
-0.4020683467388153
1.0651339292526245
0.0020112022757530212
-0.02256881818175316
0.03105398453772068
-0.05758204683661461
0.042281001806259155
-0.10629812628030777
0.1932300627231598
-0.06408779323101044
0.005790197290480137
0.012729709036648273
0.042272698134183884
-0.17204277217388153
-0.03566846251487732
0.14348013699054718
-0.005456267856061459
-0.043519020080566406
-0.19377121329307556
0.2223512977361679
-0.7314664125442505
-0.2799614369869232
-0.2815394997596741
0.06086471676826477
-0.2060929536819458
0.10210829228162766
-0.14187940955162048
0.4216333031654358
-0.35553914308547974
-0.09236834198236465
-0.004413236863911152
-0.1625291109085083
-0.0003539987956173718
0.41649681329727173
-0.050820544362068176
0.016107378527522087
-0.06216089427471161
0.014972741715610027
0.0036496531683951616
0.01112679298967123
0.01839461177587509
0.08802235871553421
-0.06672181934118271
-0.02209281362593174
-0.006537327077239752
0.00627457769587636
-0.020208854228258133
-0.03113272227346897
0.030418764799833298
0.021191418170928955
0.3422444462776184
-0.3755215108394623
0.22322207689285278
0.16823996603488922
-0.6780127286911011
0.0266740620136261
0.5304462313652039
-0.6476242542266846
0.43270111083984375
-0.304036945104599
-0.008030311204493046
0.6685366630554199
0.246564581990242
-0.38180792331695557
-0.10198759287595749
1.9759929180145264
0.02195080742239952
0.0008237637812271714
-0.03347703069448471
-0.016306264325976372
0.019563736394047737
-0.04279367998242378
0.048964980989694595
-0.20119081437587738
-0.028001833707094193
-0.015958664938807487
-0.07181297987699509
-0.03307855501770973
0.008372010663151741
0.02971803769469261
-0.011965553276240826
0.014965078793466091
0.8913689851760864
0.46804413199424744
0.21183238923549652
0.33541908860206604
0.7191705703735352
-0.49025726318359375
0.26758018136024475
0.254438191652298
1.0035775899887085
0.1342276930809021
-0.21098409593105316
0.7493976354598999
1.0226727724075317
0.10439001023769379
1.23707115650177
0.6278262734413147
0.22619256377220154
0.7432292103767395
-0.25996795296669006
0.030318187549710274
0.07720287144184113
-0.6265759468078613
0.17761345207691193
0.7560515999794006
0.33200421929359436
0.29275766015052795
0.02984941564500332
-0.4089256227016449
0.5759236812591553
0.04349281266331673
-0.1474810540676117
-0.5953591465950012
-0.06064819544553757
-0.03746948391199112
0.008742325939238071
0.001660071313381195
-0.07576257735490799
0.042015060782432556
0.007315519731491804
0.028387675061821938
-0.028062839061021805
-0.022012490779161453
0.07491202652454376
0.04499705880880356
0.08864352107048035
0.032140739262104034
0.01357356645166874
0.0969175174832344
-0.15980151295661926
0.5586727857589722
0.5255939960479736
0.6179520487785339
0.3083900511264801
-0.7474524974822998
0.029028596356511116
0.020152322947978973
0.004567551426589489
-0.2566101551055908
-0.11673679202795029
0.5098767876625061
0.5100983381271362
-0.22009441256523132
-0.2605147957801819
0.09941825270652771
-0.014656871557235718
-0.008669029921293259
0.012326671741902828
0.03310538828372955
0.07511148601770401
0.029945533722639084
-0.03805633261799812
-0.049639586359262466
-0.015431491658091545
-0.021641824394464493
0.08599372208118439
-0.035744838416576385
0.004452494904398918
0.05384640768170357
-0.036393821239471436
0.017698043957352638
-0.029446197673678398
0.002635783748701215
-0.04379311203956604
-0.0009950596140697598
-0.004156156908720732
0.008043574169278145
-0.044926717877388
-0.037607964128255844
-0.02468511462211609
-0.06709165126085281
0.024640437215566635
0.044619977474212646
0.038877926766872406
-0.040798984467983246
-0.058907199651002884
-0.10020166635513306
-0.06764088571071625
0.008216800168156624
-0.013297375291585922
-0.0053594084456563
0.00043045851634815335
0.026262545958161354
0.11084119230508804
0.027948955073952675
-0.026767548173666
-0.026715142652392387
-0.05378913879394531
0.08727408200502396
-0.0320577397942543
-0.03674253821372986
0.00169501849450171
0.030243951827287674
-0.14419998228549957
0.140435591340065
0.16049738228321075
0.32855722308158875
-0.11186423152685165
-0.04692037031054497
-0.3219124674797058
-0.34925898909568787
0.010342583991587162
-0.007549696136265993
0.025480736047029495
1.0376884937286377
0.2961633801460266
-0.4119096100330353
-0.37348780035972595
1.4548509120941162
0.014508312568068504
-0.12229374796152115
0.6763890981674194
0.24832865595817566
-0.30737078189849854
-0.1610250473022461
0.590697705745697
0.7046561241149902
-0.19468431174755096
0.13032853603363037
0.2855530381202698
0.8462995886802673
0.14639447629451752
0.2984935939311981
1.0399237871170044
2.4125051498413086
0.00688282772898674
-0.023945821449160576
0.037574704736471176
-0.01704081892967224
-0.10574519634246826
0.010715042240917683
-0.10773491859436035
0.014139384962618351
-0.018285978585481644
-0.039375435560941696
0.0804797038435936
-0.22272524237632751
-0.07984995096921921
-0.08489164710044861
-0.00534332450479269
0.010897391475737095
-0.20439432561397552
-0.20533885061740875
-0.13878101110458374
-0.012115559540688992
0.22029832005500793
0.17814850807189941
-0.09574604034423828
-0.26048728823661804
0.11386658251285553
-0.2553256154060364
-0.09405951201915741
0.498551607131958
-0.1301741600036621
0.37296199798583984
0.1085738018155098
0.4415143132209778
0.39651331305503845
-0.5099799633026123
-0.18947935104370117
0.17483679950237274
0.4966517388820648
0.383315771818161
-0.3878857493400574
0.017306331545114517
0.47932058572769165
-0.13034756481647491
0.3461594581604004
-0.5713329315185547
0.6968578696250916
-0.12295394390821457
-0.952534019947052
0.3611767292022705
-0.2614389657974243
-0.12409085780382156
0.5922994613647461
0.10032391548156738
-0.3559260368347168
-0.025277025997638702
0.5128913521766663
0.1355881243944168
-0.035422004759311676
-0.006112136412411928
0.24034754931926727
0.46908146142959595
0.09865466505289078
0.06606283783912659
0.5967480540275574
3.1213085651397705
-0.25986889004707336
0.3478226065635681
0.1307363063097
0.0801212415099144
0.07686417549848557
-0.0018638769397512078
-0.19569306075572968
0.40623176097869873
-0.35521599650382996
0.17913369834423065
-0.4267960488796234
0.23111316561698914
0.14447909593582153
-0.4566590487957001
-0.24845284223556519
1.790359616279602
0.7864603996276855
-0.08976869285106659
-0.03977004066109657
0.20670203864574432
0.10475548356771469
-0.7033300399780273
-0.030029043555259705
-0.21907970309257507
0.8093616366386414
-0.0007615683716721833
-0.37262076139450073
-0.024440264329314232
1.1090658903121948
0.1608884036540985
-0.4723067879676819
0.16192428767681122
-0.014981001615524292
-0.09168468415737152
-0.28377199172973633
-0.22039885818958282
1.13710355758667
0.03770383819937706
-0.2265281230211258
0.3965882360935211
-0.029385456815361977
-0.09098369628190994
-0.19935563206672668
-0.4349306523799896
0.13200168311595917
-0.772774875164032
-0.6561046838760376
1.403964638710022
0.8317543864250183
0.30347496271133423
-0.14801102876663208
-0.2282908856868744
0.15717683732509613
-0.15053218603134155
-0.2031104862689972
-0.01721135526895523
0.9346058368682861
0.05468958243727684
0.15965047478675842
0.1800258755683899
1.2137517929077148
0.16656602919101715
0.01736876368522644
0.22545531392097473
-0.6202839016914368
0.14594893157482147
0.1054864227771759
0.9411536455154419
0.43904778361320496
-0.32719850540161133
0.08530164510011673
0.6450896263122559
-0.17345283925533295
0.3145011365413666
0.40915194153785706
0.6804747581481934
-0.06981249898672104
0.13365928828716278
0.17779067158699036
0.7862932085990906
0.4384600520133972
0.37674474716186523
-0.25814342498779297
0.370949923992157
0.8304873704910278
-0.0014958969550207257
-0.03566579893231392
0.38592976331710815
0.18138884007930756
0.1041652113199234
0.0016498343320563436
0.01853909157216549
0.16921021044254303
-0.12684014439582825
-0.5443027019500732
1.082621455192566
0.017446432262659073
0.010340576991438866
0.059852778911590576
-0.017664549872279167
-0.059197645634412766
0.1295800805091858
0.02701062150299549
0.007213137112557888
0.06651877611875534
0.08001850545406342
-0.063148632645607
-0.04980042204260826
-0.0500866137444973
0.06286701560020447
0.00720916548743844
0.0011347394902259111
0.3621482253074646
-0.0394921749830246
-0.13284936547279358
-0.5576838850975037
0.3724137842655182
-0.22565887868404388
-0.2292429357767105
0.7947247624397278
0.015631919726729393
0.411558598279953
0.009341862984001637
0.05346439406275749
0.2675281763076782
-0.18513604998588562
-0.06954584270715714
1.9886891841888428
-0.10179977118968964
0.03297047317028046
-0.018130937591195107
0.04762887954711914
-0.007813346572220325
-0.06244815140962601
-0.00794459879398346
-0.0014832502929493785
0.09266292303800583
0.05811411887407303
-0.001963483402505517
-0.01189199648797512
-0.06433611363172531
-0.03199641406536102
0.0023249906953424215
-0.02538219280540943
0.03246786817908287
0.046848684549331665
-0.08375754952430725
0.08009731024503708
-0.015176188200712204
-0.02739577181637287
0.03545087203383446
0.014118374325335026
-0.11163546144962311
-0.007699520327150822
0.00038554376806132495
0.039874039590358734
-0.018410583958029747
-0.052719634026288986
-0.12188658863306046
-0.032025013118982315
0.5258381962776184
0.26710954308509827
-0.24308305978775024
-0.8128196001052856
0.5638487339019775
-0.6794235110282898
-0.28794899582862854
0.7006714344024658
0.24600636959075928
0.19607821106910706
0.20481054484844208
0.20688988268375397
0.3136101961135864
0.9509716033935547
0.08500378578901291
0.3696005642414093
-0.42368659377098083
-0.25589677691459656
-0.2845529615879059
0.9053177833557129
-0.30461978912353516
0.4122845232486725
-0.2004961371421814
-0.24158833920955658
0.12969937920570374
0.040328823029994965
0.17510481178760529
1.4266365766525269
-0.21876680850982666
0.04647648707032204
-0.008724884130060673
2.1603081226348877
-0.4709182679653168
-0.25982868671417236
-0.37443679571151733
0.5663148164749146
-0.1123606488108635
-0.10660841315984726
-0.23983199894428253
0.6078999042510986
-0.34009823203086853
-0.04057793319225311
-0.05020038038492203
-0.07458779960870743
-0.13872267305850983
-0.4307098388671875
0.08996526896953583
1.8779187202453613
-0.1351223737001419
0.10942097753286362
-0.08348330855369568
0.56876140832901
0.8006569743156433
0.22919076681137085
0.07311352342367172
0.5200974941253662
0.012470523826777935
0.29073384404182434
0.38550734519958496
0.29758280515670776
-0.13765113055706024
0.5124043226242065
-0.3710426390171051
0.9885113835334778
-0.05188807100057602
0.009662994183599949
-0.039948783814907074
-0.09350660443305969
0.04578124359250069
-0.010576804168522358
0.16875995695590973
-0.023432863876223564
-0.046136848628520966
0.0018634387524798512
0.03136734664440155
-0.24583525955677032
0.02819632738828659
0.12697602808475494
-0.1122012510895729
0.0037846826016902924
-0.1877581924200058
0.2511088252067566
-0.5555866956710815
-0.3002113699913025
-0.2711292803287506
0.1352066993713379
-0.19967694580554962
0.05670187249779701
-0.03002859279513359
0.20415908098220825
-0.25685036182403564
-0.10314773768186569
0.03075467422604561
0.010521507821977139
-0.023783793672919273
0.41817590594291687
0.04803483560681343
-0.009036166593432426
0.07094982266426086
0.04281684383749962
0.008583505637943745
0.008668825961649418
-0.03362277150154114
0.007725703530013561
0.024296090006828308
-0.005998542066663504
0.01447935588657856
-0.10308465361595154
-0.01467589195817709
0.011347084306180477
0.020462192595005035
0.010951751843094826
0.18875716626644135
-0.21920646727085114
-0.5429632067680359
0.48230820894241333
-0.623211145401001
0.2611030340194702
0.204274982213974
0.45717737078666687
0.38821491599082947
0.27889296412467957
-0.17604686319828033
0.32608842849731445
0.2199043333530426
-0.23796503245830536
-0.4941001236438751
2.023329257965088
0.027977706864476204
0.007025118917226791
-0.023590974509716034
0.012195225805044174
0.06465914100408554
-0.01582903042435646
0.008197934366762638
-0.13813158869743347
-0.04550072178244591
-0.039386603981256485
0.09989853948354721
0.07200959324836731
0.019791310653090477
0.02586996927857399
-0.07047107815742493
0.020435597747564316
0.7818058729171753
0.2777070105075836
-0.3971204459667206
-0.5638461112976074
0.4007156193256378
-0.43121689558029175
-0.30052295327186584
0.3687085509300232
0.726547360420227
0.19185592234134674
0.538687527179718
0.4628501236438751
0.7534098029136658
-0.2782715857028961
1.19183349609375
0.5891169309616089
0.13553546369075775
0.7492046356201172
-0.22363202273845673
-0.4394364058971405
-0.2079058438539505
-0.4489307105541229
0.26212453842163086
0.7251496911048889
-0.061542950570583344
0.2659728229045868
0.1244213879108429
-0.11101138591766357
0.4245017170906067
0.315369576215744
-0.1064494252204895
-0.45364898443222046
-0.02044825628399849
-0.04536135122179985
-0.018968621268868446
-0.02088821865618229
0.04290296137332916
0.07598958164453506
0.009569062851369381
-0.00012950714153703302
0.07682996988296509
0.005882920231670141
0.014035683125257492
0.002490171231329441
0.013682154007256031
0.10123465210199356
-0.012036532163619995
-0.030936934053897858
-0.32636532187461853
0.007285518571734428
-0.181301087141037
0.39827489852905273
0.42228078842163086
-0.48015734553337097
-0.18255843222141266
0.1749560683965683
-0.40659791231155396
0.05012672767043114
0.03034413978457451
0.09342259913682938
0.22186435759067535
-0.36282646656036377
0.07146485894918442
0.40561169385910034
-0.06239153817296028
0.046032749116420746
0.05038091912865639
-0.09129989147186279
0.05181868001818657
-0.05134105682373047
0.006664596032351255
-0.016174795106053352
-0.025176161900162697
0.015106236562132835
0.017576701939105988
0.03862489387392998
-0.029171530157327652
0.035005245357751846
-0.01768963597714901
-0.038244422525167465
-0.004023891407996416
-0.060094013810157776
-0.029422588646411896
0.05347750708460808
0.05481692776083946
0.018102483823895454
-0.0009828191250562668
0.027814079076051712
0.00836319662630558
0.0010249565821141005
-0.04571739211678505
0.017415985465049744
-0.02482827566564083
0.03734979405999184
0.005578727927058935
0.020841868594288826
0.045099277049303055
-0.0025340879801660776
-0.059694815427064896
-0.0037490292452275753
0.02716732583940029
0.04317878559231758
-0.036892276257276535
0.054642945528030396
-0.01574546843767166
-0.03426928445696831
-0.032539986073970795
0.005432057660073042
0.01761881820857525
0.005106647033244371
-0.011101851239800453
-0.062031716108322144
-0.19375567138195038
-0.12448042631149292
-0.37817955017089844
0.2520088851451874
0.05432014912366867
0.2273879200220108
-0.3507358729839325
0.4799935817718506
-0.19466641545295715
0.17086389660835266
-0.10281479358673096
0.309489905834198
-0.14449726045131683
0.022061925381422043
-0.3103303015232086
1.3323299884796143
-0.010576319880783558
-0.2026432454586029
-0.30561578273773193
0.5234707593917847
-0.13369351625442505
-0.010224721394479275
0.19451038539409637
1.0313355922698975
-0.1367388367652893
0.3880973756313324
0.3281022012233734
0.627476692199707
0.05699533596634865
0.38320133090019226
0.5955396294593811
2.218209981918335
0.12592120468616486
-0.014608425088226795
0.012311380356550217
-0.02614387311041355
-0.0922640711069107
0.04864366725087166
-0.03885101526975632
0.0030192076228559017
0.04702523350715637
0.017866961658000946
0.07237716019153595
-0.11052316427230835
0.03240304812788963
-0.05395141616463661
0.030435163527727127
-0.026946155354380608
-0.05632181838154793
-0.10109879076480865
-0.18752239644527435
-0.1509047895669937
0.2576841413974762
0.22085005044937134
-0.0738261267542839
-0.3686824440956116
0.12125630676746368
-0.32253631949424744
-0.10806501656770706
0.4645436406135559
-0.12841038405895233
0.4931280016899109
-0.02442033961415291
0.3668513596057892
0.24018587172031403
-0.18148790299892426
-0.1966671645641327
-0.16502512991428375
0.34896066784858704
0.31226953864097595
-0.4945812225341797
0.0004196927766315639
-0.033998046070337296
-0.01831614412367344
-0.09916623681783676
-0.19854718446731567
0.6834671497344971
-0.27128779888153076
-0.755071222782135
0.23382501304149628
-0.07311184704303741
-0.3594966530799866
-0.33585330843925476
0.3125303387641907
-0.30323678255081177
0.05720307305455208
0.11135707795619965
0.5993565917015076
0.1170230358839035
0.3013511300086975
0.4387343227863312
0.39007556438446045
0.07018186897039413
0.0808730199933052
0.25669777393341064
3.1198642253875732
-0.5248548984527588
-0.07255913317203522
-0.02351684309542179
-0.27228713035583496
0.4538803994655609
-0.08724933862686157
-0.4203718304634094
0.23430538177490234
-0.34066757559776306
-0.20431967079639435
-0.13060711324214935
0.027752235531806946
-0.01141416933387518
-0.38965845108032227
-0.030521545559167862
1.5948724746704102
0.7130475044250488
-0.2850742042064667
-0.0959177017211914
-0.3934429883956909
-0.21037796139717102
-0.7016568779945374
0.13466790318489075
-0.05194712430238724
0.4716491997241974
-0.05396868288516998
0.14067992568016052
-0.048644788563251495
0.9033622145652771
-0.12133625149726868
-0.29940587282180786
0.12047646939754486
0.2522720694541931
0.13096335530281067
0.1373981535434723
0.27101200819015503
1.0366967916488647
-0.3465448319911957
0.12141405791044235
0.3523366153240204
0.11004853993654251
0.36048394441604614
0.13580456376075745
0.43520045280456543
0.0887172520160675
-0.4717114269733429
-0.1012611910700798
1.1469351053237915
0.8919293284416199
0.7755844593048096
-0.009311441332101822
0.5287010073661804
0.464004248380661
-0.28281331062316895
-0.2805415391921997
0.4687627851963043
0.646217405796051
0.16233140230178833
-0.08160141110420227
0.03275629132986069
1.226965069770813
0.06719505041837692
-1.0783604383468628
-0.047890204936265945
0.15804126858711243
0.4860125482082367
0.7498670220375061
0.969800591468811
-0.23129470646381378
-0.20847544074058533
-0.09760372340679169
0.04878975450992584
-0.029768476262688637
-0.4177684783935547
0.04710688069462776
0.04054044932126999
0.08176840841770172
-0.5321537256240845
0.1889163702726364
0.9855574369430542
0.9871718287467957
0.5295687913894653
0.5563495755195618
0.7893109917640686
-0.14499816298484802
-0.13524594902992249
0.3385592997074127
-0.334700345993042
0.3976340591907501
0.1312275379896164
0.31011250615119934
0.142166405916214
0.3067046105861664
-0.03754653036594391
-0.020548494532704353
0.7827972769737244
-0.036997754126787186
-0.04594592750072479
-0.05387979373335838
0.05416583642363548
0.013257165439426899
0.11017146706581116
-0.08880629390478134
-0.0347898006439209
0.03581998497247696
0.10843717306852341
0.019343871623277664
0.02049933187663555
0.04263867810368538
8.908033487387002e-05
0.012612521648406982
0.09880498051643372
0.816865861415863
0.05203457176685333
0.42644432187080383
0.2681397497653961
-0.344540536403656
-0.4615708291530609
0.6253359913825989
0.30082082748413086
0.19732603430747986
0.36164894700050354
0.2907322943210602
-0.3882386088371277
0.21512962877750397
-0.24274995923042297
-0.3705000579357147
1.5273960828781128
0.016162654384970665
-0.03230074420571327
0.03996346890926361
0.02224746160209179
-0.0018529525259509683
0.02301592007279396
0.001233343267813325
0.021597471088171005
0.008155361749231815
0.04456084966659546
0.04478268697857857
0.05719048157334328
0.03637044131755829
-0.015682613477110863
0.0021462945733219385
-0.03595014661550522
0.11563075333833694
0.06149948388338089
0.05900678411126137
-0.06863301992416382
0.12034927308559418
-0.0028762631118297577
-0.04268578067421913
-0.051471177488565445
0.017246969044208527
0.03779429942369461
0.05707807466387749
-0.06382438540458679
0.07143813371658325
0.07446117699146271
-0.0299465861171484
-0.02414323203265667
1.0384936332702637
0.2960943579673767
0.20883847773075104
0.5321663022041321
1.1415321826934814
-0.5352854132652283
0.42792484164237976
0.2540566027164459
-0.10688073188066483
0.1669633835554123
-0.3947140574455261
-0.9301497340202332
0.43205633759498596
-1.1566954851150513
-0.4694068133831024
0.428080290555954
-0.04522688314318657
-0.26588618755340576
0.3209831118583679
1.0750164985656738
-0.3118862211704254
0.4805697202682495
-0.3258170783519745
-0.4774375259876251
0.2642364799976349
-0.07021140307188034
0.03707794472575188
1.1064820289611816
0.14931349456310272
0.018316224217414856
0.23570725321769714
2.055911064147949
-0.31421858072280884
-0.14395686984062195
0.202052503824234
0.8053979873657227
-0.09298179298639297
-0.12460822612047195
-0.009837509132921696
0.7636179327964783
-0.12327927350997925
-0.24283695220947266
0.2803674042224884
0.35850876569747925
-0.05273833125829697
-0.02106131613254547
0.30031150579452515
1.1794354915618896
0.3190235495567322
0.28128570318222046
0.6264534592628479
0.8829469084739685
-0.055891480296850204
0.15425607562065125
-0.40820616483688354
-0.6670671701431274
0.1378525346517563
-0.12823592126369476
-0.2116716206073761
0.4844679534435272
0.19265471398830414
-0.9683462381362915
0.03544675186276436
1.1642248630523682
-0.031128397211432457
-0.036851778626441956
-0.005155737511813641
-0.08055005967617035
0.02425607480108738
-0.030586667358875275
0.09352844953536987
-0.06741458922624588
0.02021683380007744
-0.004974534269422293
0.03079603984951973
-0.3365403115749359
-0.031301166862249374
0.18115371465682983
-0.04214584454894066
-0.021236980333924294
-0.18455387651920319
0.23019370436668396
-0.6902239322662354
-0.2006232738494873
-0.15615184605121613
0.13746054470539093
-0.28472158312797546
-0.10918684303760529
-0.0585750974714756
0.29124385118484497
-0.29925280809402466
-0.03526163101196289
0.07102282345294952
-0.08023912459611893
0.08583701401948929
0.41552188992500305
0.043844837695360184
-0.029824767261743546
-0.023131001740694046
0.07700175046920776
-0.07588188350200653
-0.02635885961353779
-0.024451391771435738
-0.01927787810564041
-0.004482870455831289
0.05390140786767006
0.09223975986242294
-0.05315486714243889
0.048544690012931824
0.006032716948539019
-0.02096506394445896
-0.008734381757676601
0.6276013255119324
-0.27743375301361084
0.11099204421043396
0.44106897711753845
-0.21399018168449402
0.037086986005306244
0.32342901825904846
-0.6058759093284607
0.5922316312789917
0.29019975662231445
0.3418421149253845
0.6515510082244873
0.2016497254371643
0.23366814851760864
0.25343504548072815
2.064973831176758
-0.0017813508166000247
-0.022104719653725624
-0.020860223099589348
-0.014473692514002323
0.05122654139995575
-0.02261291816830635
-0.0025694009382277727
-0.18168039619922638
-0.0391167476773262
0.008009343408048153
0.07703340798616409
-0.030217451974749565
0.003954330459237099
-0.060197100043296814
0.06584088504314423
-0.053313419222831726
1.2661043405532837
0.5260814428329468
0.06129886582493782
0.8087668418884277
0.8283877968788147
-0.24443216621875763
0.6948811411857605
0.7805103063583374
0.25827524065971375
0.3232421278953552
-0.3430785536766052
-0.7074016332626343
0.6564556360244751
-0.29974597692489624
-1.4502367973327637
0.23610363900661469
0.23603703081607819
1.155813217163086
-0.39384186267852783
-0.07796870917081833
0.0740722194314003
0.14355795085430145
0.011839778162539005
1.3393868207931519
-0.08041787147521973
0.36421775817871094
0.5656120181083679
0.22312302887439728
0.48296523094177246
0.3155839741230011
0.10455425828695297
0.12001337110996246
-0.024479379877448082
-0.007223885506391525
-0.024186300113797188
-0.05665237456560135
0.043721120804548264
0.026217728853225708
0.054900895804166794
-0.05003013089299202
0.022053850814700127
0.01933234930038452
0.03014889732003212
-0.02873155102133751
0.03827780857682228
0.03806612640619278
0.011604522354900837
-0.02995007485151291
0.2269505262374878
0.8976946473121643
0.43234241008758545
0.9150621294975281
0.4290882349014282
-0.2918388247489929
0.099099300801754
0.3999841511249542
-0.39680325984954834
-0.3699817657470703
0.0875680223107338
-0.21468226611614227
0.2542758882045746
-0.31306469440460205
0.0004995138151571155
0.25104087591171265
0.036523014307022095
0.031698327511548996
0.056279219686985016
0.05332192778587341
0.019696934148669243
-0.05029083043336868
-0.03299075737595558
0.0744168609380722
0.04923202097415924
-0.11075931042432785
0.0150595149025321
0.010608051903545856
0.06293880194425583
0.11789330840110779
0.05144914239645004
-0.01827707327902317
0.053856801241636276
-0.022067300975322723
0.025651756674051285
0.008709199726581573
0.04284503310918808
0.024635646492242813
0.024524128064513206
-0.008056389167904854
0.03149745240807533
-0.05686875060200691
0.018016541376709938
-0.0034435088746249676
-0.07078446447849274
-0.005097519140690565
-0.014889715239405632
0.05194748565554619
-0.0394851490855217
-0.05348490923643112
0.08209303766489029
-0.07287519425153732
-0.008068216033279896
-0.022244084626436234
-0.061196669936180115
-0.060111355036497116
-0.010357008315622807
0.001507873646914959
0.020677465945482254
-0.041371311992406845
-0.021953431889414787
-0.004609729163348675
-0.0014946681912988424
-0.003466513706371188
0.13816958665847778
-0.03044717200100422
0.09633149951696396
0.6218187808990479
0.028812523931264877
0.2105272114276886
-0.41620317101478577
-0.008564924821257591
0.05589285120368004
0.04444817826151848
0.03676196560263634
0.3288647532463074
-0.050437964498996735
-0.12396471202373505
-0.07490559667348862
0.7985045313835144
0.25799012184143066
-0.21873344480991364
0.6183220148086548
0.48031914234161377
-0.2174299955368042
-0.10303803533315659
0.3069104254245758
-0.17401620745658875
0.15340374410152435
-0.4327355623245239
-0.1584063470363617
0.1505371332168579
0.032637905329465866
-1.0753605365753174
0.12292809784412384
2.003756523132324
0.0013729864731431007
0.013985035009682178
0.004246138036251068
0.018994256854057312
-0.05216420814394951
-0.016121642664074898
-0.0002771211147774011
0.02805984392762184
-0.08088220655918121
0.0182627122849226
0.04399500787258148
-0.1956927329301834
-0.08461101353168488
-0.015251457691192627
-0.019744951277971268
0.01223178580403328
-0.16617916524410248
-0.06414364278316498
-0.08619488775730133
-0.02925684116780758
0.2494003176689148
0.23533663153648376
-0.24169814586639404
-0.2593602240085602
0.15256847441196442
-0.11909865587949753
0.07887443155050278
0.5031923055648804
-0.10081443935632706
0.6039420962333679
0.03031548298895359
0.36582598090171814
0.37179139256477356
-0.42125844955444336
-0.34205296635627747
0.118098184466362
0.5320338010787964
0.4522865414619446
-0.5910531878471375
0.055675819516181946
-0.11366189271211624
0.06065082922577858
0.17061927914619446
0.12086986005306244
0.5029125809669495
-0.010440009646117687
-0.5935324430465698
0.32826879620552063
0.01411979179829359
-0.31907394528388977
0.4214976131916046
0.47284212708473206
-0.3100909888744354
0.04489479213953018
0.033750928938388824
0.4852447509765625
0.24506178498268127
-0.30311816930770874
-0.0757560059428215
0.8102613687515259
0.10922576487064362
-0.6059554815292358
0.7007688879966736
3.236598253250122
-0.3928120732307434
0.13400866091251373
0.21467725932598114
0.3013764023780823
-0.1268613189458847
0.002471464453265071
-0.00620162021368742
0.5218872427940369
-0.2840547561645508
-0.16081000864505768
0.11589192599058151
-0.4625603258609772
0.09253346920013428
-0.2106621116399765
-0.022083021700382233
0.7268000841140747
0.6863653659820557
0.12600716948509216
-0.07472404837608337
0.26035740971565247
0.08784882724285126
-0.5293811559677124
0.4009835124015808
-0.049339357763528824
0.35432183742523193
0.0691138282418251
-0.3011285662651062
0.3882448971271515
0.8385941982269287
0.05120100453495979
0.01503429189324379
0.49211907386779785
0.09801685810089111
0.09368346631526947
0.1353890299797058
-0.18861085176467896
0.8588209748268127
0.06462370604276657
0.3426573872566223
0.28683921694755554
0.18484100699424744
0.16165147721767426
-0.32535210251808167
0.3918263018131256
0.1857929676771164
-0.10686163604259491
-0.8038766384124756
1.172745704650879
0.714148759841919
0.4456148147583008
0.04923709109425545
0.5433604121208191
0.5493794083595276
-0.47689157724380493
-0.048023052513599396
0.7939031720161438
1.1037698984146118
0.2471512258052826
-0.05037958547472954
-0.1176518127322197
1.4887751340866089
0.15375134348869324
0.5761145353317261
0.15979130566120148
-0.40971899032592773
0.06080086529254913
0.6566139459609985
0.7507457733154297
0.2568172216415405
-0.3624342381954193
0.5186604261398315
0.8537643551826477
-0.10226120799779892
-0.19715367257595062
0.26332414150238037
0.739715576171875
0.12402594089508057
0.4191999137401581
-0.04270577058196068
0.9619624018669128
0.5005208849906921
0.11089222878217697
0.6220000386238098
0.4465075731277466
0.39952197670936584
0.0013701778370887041
0.6511430740356445
0.5844438076019287
0.3957926034927368
-0.06935875862836838
-0.2772955894470215
0.48066046833992004
0.3155825436115265
0.03881875053048134
-0.6140955090522766
0.9593738317489624
0.021881457418203354
-0.1147269755601883
-0.020122988149523735
0.009769013151526451
-0.0427386574447155
-0.03417850658297539
0.03156214579939842
0.07721974700689316
0.002251150319352746
0.009696189314126968
0.05592842400074005
-0.010644577443599701
-0.08231702446937561
-0.0060446192510426044
0.05364169552922249
-0.019392678514122963
0.4171575903892517
0.07127788662910461
0.3370493948459625
-0.26691028475761414
0.17584078013896942
-0.07925117015838623
0.7006551027297974
0.7556491494178772
0.1973663568496704
0.20016944408416748
-0.19293594360351562
0.4878336787223816
0.18265856802463531
-0.004777468275278807
-0.08373124897480011
1.8471033573150635
-0.03122929111123085
0.054806195199489594
-0.03976859152317047
0.05014460161328316
0.05123823508620262
0.07195597141981125
0.010872879065573215
-0.018840858712792397
0.04171951115131378
0.055123087018728256
-0.01589774712920189
0.03786298260092735
-0.03495539352297783
-0.003262615529820323
-0.033757418394088745
-0.09907549619674683
0.014319838024675846
-0.01659567654132843
0.0950128510594368
0.0029995546210557222
-0.006864424329251051
0.050036098808050156
0.0824129730463028
0.08882233500480652
0.017748530954122543
0.0004222331626806408
-0.09322402626276016
0.06259631365537643
0.04190431535243988
-0.002774807857349515
-0.1133272796869278
-0.03538299351930618
0.22102271020412445
0.18380656838417053
0.2270756959915161
-0.12629519402980804
0.8685290813446045
-0.7226840853691101
0.22404572367668152
1.0659343004226685
0.5231132507324219
0.19030490517616272
0.1073247641324997
0.762822687625885
0.547919511795044
1.609189510345459
0.44286099076271057
0.20604275166988373
-0.36713528633117676
-0.14967289566993713
0.26537811756134033
0.8121300339698792
-0.4428899586200714
0.28032156825065613
0.05287450924515724
-0.05824611335992813
0.3621137738227844
-0.31788235902786255
-0.12050227075815201
1.3732550144195557
0.08857089281082153
0.07154359668493271
-0.031927503645420074
2.2358124256134033
-0.4804074466228485
0.06214675307273865
0.14007806777954102
0.5063234567642212
-0.2611599862575531
-0.1426931619644165
0.4634324312210083
0.2936137318611145
-0.046345412731170654
-0.27718859910964966
-0.4475068747997284
0.3562844693660736
0.20132504403591156
-0.2726011276245117
-0.1543542742729187
1.4169858694076538
-0.12439948320388794
0.2716280519962311
0.45730358362197876
0.5177333950996399
0.3097600042819977
0.1950739473104477
0.41683927178382874
0.7531851530075073
0.23202688992023468
0.1209392324090004
0.018650570884346962
0.2103496789932251
0.25547558069229126
0.6265515685081482
-0.4634315073490143
1.044258713722229
0.00515706604346633
0.030144909396767616
0.07334931939840317
0.020667068660259247
0.007574375253170729
-0.05829598009586334
0.24873411655426025
-0.020000504329800606
-0.00838322564959526
-0.00783795490860939
0.09862375259399414
-0.26835504174232483
0.017608461901545525
0.101448193192482
-0.03758589178323746
-0.014274154789745808
-0.16729609668254852
0.17448505759239197
-0.7900879979133606
-0.3621775805950165
-0.17561255395412445
0.09902240335941315
-0.19695144891738892
0.06042717397212982
-0.11293495446443558
0.3023478388786316
-0.38081568479537964
-0.08712892979383469
0.044688913971185684
-0.09766298532485962
0.1438753604888916
0.4076371490955353
0.03447570651769638
-0.08743274211883545
-0.03096427209675312
0.0016543148085474968
-0.02724716253578663
-0.0016746101900935173
0.02268165536224842
-0.024244902655482292
0.056225139647722244
-0.04763376712799072
0.004857092630118132
0.005999668966978788
-0.0004973699687980115
0.028809281066060066
-0.02089305967092514
-0.028651390224695206
0.3871966004371643
-0.13353577256202698
0.2694784700870514
0.3818143904209137
-0.5999162197113037
0.27416086196899414
0.868018627166748
0.4128216803073883
0.46860894560813904
-0.020634688436985016
-0.39197084307670593
0.48674091696739197
0.1912999451160431
-0.06540296226739883
-0.271319717168808
1.92137610912323
-0.030508050695061684
0.028522299602627754
-0.022670747712254524
-0.011485782451927662
0.03965086489915848
0.0716041773557663
0.04999048262834549
-0.2446090579032898
-0.07566611468791962
0.02843605913221836
0.04771975055336952
0.06591220945119858
-0.011282756924629211
0.004312474746257067
0.023720715194940567
-0.027505522593855858
0.5006096959114075
0.39520150423049927
0.17590254545211792
0.2971072793006897
0.7342777848243713
-0.3919075131416321
0.1405600756406784
0.9312387108802795
0.9355218410491943
0.34790846705436707
-0.04807679355144501
0.5913664698600769
0.994898796081543
0.30455654859542847
1.6537221670150757
0.5871400833129883
0.0461743101477623
0.8693522810935974
-0.2916145920753479
0.03551706671714783
0.22251075506210327
-0.5528544187545776
0.4035457372665405
1.076346516609192
0.14112865924835205
0.24003209173679352
0.19171181321144104
-0.15282349288463593
0.5894027352333069
0.10197751969099045
0.07242521643638611
-0.4777950942516327
0.006253769155591726
0.035107653588056564
-0.036990270018577576
0.02191990613937378
0.06630750000476837
-0.014221432618796825
0.011752711609005928
-0.08731341361999512
-0.04579314589500427
0.0263635516166687
0.07048322260379791
0.005431747063994408
-0.004243131261318922
0.003143821842968464
-0.028991881757974625
0.04715440794825554
-0.3786730468273163
0.3827016353607178
0.2786991000175476
0.4983674883842468
0.3516370356082916
-0.5300630331039429
0.4544112980365753
0.5116393566131592
0.0674881637096405
-0.3598400354385376
-0.5650784373283386
0.2460627555847168
0.35157510638237
0.11642052978277206
-0.09522129595279694
0.36145418882369995
-0.04325396940112114
-0.0946798175573349
0.014941648580133915
0.04505300521850586
0.06847689300775528
0.053729597479104996
0.06168607249855995
-0.02381621114909649
-0.08355148136615753
-0.037065111100673676
-0.024461697787046432
-0.02882881835103035
0.024397796019911766
-0.059028510004282
-0.023727381601929665
0.040412094444036484
-0.1280495524406433
0.03858921304345131
-0.01457972452044487
0.05444643646478653
0.005544739309698343
-0.004727664403617382
0.013489624485373497
-0.06731732934713364
-0.004694082774221897
-0.07121526449918747
-0.06340004503726959
0.028968477621674538
-0.0010588796576485038
0.0050711543299257755
0.04392167553305626
-0.037165362387895584
-0.018882570788264275
0.08432643115520477
-0.03404907509684563
0.0077820150181651115
0.005867630243301392
0.02604357711970806
-0.0053244698792696
0.016867298632860184
0.053951457142829895
0.08196195960044861
-0.0392427071928978
0.06015808880329132
-0.007732744794338942
-0.019667116925120354
-0.04075426235795021
-0.12355806678533554
-0.1525411158800125
0.12089159339666367
0.012665459886193275
0.22387589514255524
0.10358568280935287
0.10433398187160492
0.28515389561653137
0.2719879150390625
0.14760202169418335
0.02478700317442417
-0.5248495936393738
1.0513322353363037
0.2807687222957611
0.07518818229436874
-0.5082798600196838
1.0259147882461548
0.037948403507471085
-0.006225676275789738
0.660454273223877
0.32912278175354004
-0.22473005950450897
-0.23339256644248962
0.9473370909690857
0.9632632732391357
-0.04240541532635689
-0.02961071953177452
0.19319161772727966
1.0839099884033203
0.14051952958106995
0.5943889617919922
0.6094684600830078
1.69466233253479
0.02379043586552143
-0.012645312584936619
-0.03569212555885315
-0.004817465785890818
-0.06287340074777603
0.026754284277558327
-0.013471848331391811
0.05490803346037865
0.010088603012263775
-0.006617859471589327
0.07020971179008484
-0.22557096183300018
0.016536379233002663
0.053411006927490234
-0.07734563201665878
0.005161453504115343
-0.22545097768306732
-0.23170191049575806
-0.07018208503723145
-0.09554219990968704
0.3466590940952301
0.2650279700756073
-0.3241407573223114
-0.32396259903907776
0.13716542720794678
-0.3240278661251068
-0.007134581916034222
0.44214537739753723
-0.16164706647396088
0.32749706506729126
-0.04898490756750107
0.394273966550827
0.10894987732172012
-0.4199830889701843
-0.09106673300266266
0.19555336236953735
0.550833523273468
0.29320818185806274
-0.636580228805542
0.10779360681772232
0.3521519899368286
-0.17879042029380798
0.20959961414337158
-0.12559917569160461
0.7001549601554871
-0.08750571310520172
-0.801557183265686
0.24637861549854279
-0.14779594540596008
-0.13155274093151093
0.6321279406547546
0.025124717503786087
-0.334606409072876
0.024079550057649612
0.9188331365585327
0.6675670742988586
0.1985708773136139
-0.07495791465044022
0.13709640502929688
0.5043309330940247
0.13554438948631287
0.38939687609672546
0.23704953491687775
3.304044723510742
-0.34713390469551086
0.06081129610538483
0.13711991906166077
-0.06230883672833443
0.0383056104183197
0.14940309524536133
0.24687409400939941
0.46649911999702454
-0.13137856125831604
-0.23063914477825165
-0.3847775161266327
0.02860538847744465
0.007468023337423801
-0.35318249464035034
-0.09816483408212662
1.6976275444030762
0.5470150113105774
-0.20968595147132874
0.015793900936841965
0.2480388730764389
0.11181304603815079
-0.7475608587265015
0.3835882246494293
0.30662208795547485
0.6643142700195312
0.10442470014095306
-0.18512576818466187
-0.34898433089256287
1.0292836427688599
0.07588502019643784
0.06140618398785591
-0.0412040650844574
0.09200513362884521
0.14257830381393433
0.08407169580459595
0.20809437334537506
1.2455575466156006
-0.11688365042209625
-0.2996934950351715
-0.1908549815416336
-0.07405925542116165
-0.18806779384613037
-0.19372348487377167
-0.23608197271823883
0.09008623659610748
-0.8370225429534912
-0.18776239454746246
1.8724957704544067
0.42450642585754395
0.37865039706230164
-0.0914216935634613
0.4763461947441101
0.055932216346263885
-0.35945653915405273
-0.18720123171806335
0.049002062529325485
1.262856125831604
0.03980490565299988
0.36527836322784424
0.06978490948677063
1.3027381896972656
0.0965789407491684
-0.13748854398727417
0.5806907415390015
-0.6412143111228943
0.035015519708395004
0.2957531213760376
0.8541869521141052
0.48660075664520264
-0.11163721233606339
0.024562476202845573
0.4538969397544861
-0.22422683238983154
0.3794504404067993
0.26522719860076904
0.6540159583091736
-0.08256664127111435
0.006367068272083998
0.08713392168283463
0.6855617165565491
0.45859771966934204
0.22829027473926544
0.2975747287273407
0.5708925127983093
0.8941168189048767
0.24615886807441711
0.11563221365213394
-0.5109283924102783
0.26094526052474976
0.05585218220949173
0.13385146856307983
0.40654197335243225
0.21230795979499817
-0.2322237193584442
0.0006177428876981139
0.9621644020080566
0.017362143844366074
0.05913083627820015
-0.009590741246938705
0.016688678413629532
0.05804939195513725
0.10176974534988403
-0.009192410856485367
-0.0655922144651413
-0.001831861212849617
-0.0433444119989872
0.022847821936011314
-0.060632918030023575
0.01645132526755333
-0.04787030443549156
-0.033018533140420914
-0.011004611849784851
0.3538147807121277
0.20116271078586578
0.32329973578453064
0.19709141552448273
0.139204204082489
-0.1705923229455948
-0.22897514700889587
0.2967502474784851
0.040592990815639496
0.47383320331573486
-0.2657279968261719
0.34237080812454224
0.19660504162311554
-0.23366287350654602
0.19102263450622559
2.0985829830169678
-0.01440955325961113
-0.028413232415914536
0.00522891990840435
0.011149096302688122
0.05212782323360443
-0.019065286964178085
0.08384784311056137
-0.0010518691269680858
0.03215250372886658
0.018517455086112022
0.030999910086393356
-0.01892966590821743
0.03471783176064491
-0.00974187534302473
-0.047583676874637604
-0.06608279794454575
-0.03488453850150108
0.07113044708967209
-0.08750437200069427
0.01489256601780653
-0.050359830260276794
-0.017291167750954628
-0.035246048122644424
0.01911046728491783
-0.01358512882143259
0.045231323689222336
0.01077289693057537
0.0480317547917366
-0.06433607637882233
-0.029317550361156464
-0.1071154773235321
-0.01751740090548992
0.2668650150299072
0.4022030532360077
0.20447616279125214
0.2455763965845108
0.38279151916503906
-0.6113176941871643
-0.3541479706764221
0.4703962802886963
0.33067643642425537
0.23371373116970062
0.052839480340480804
0.5494351983070374
0.403190016746521
0.9629323482513428
0.2357766479253769
0.5160448551177979
-0.4349798858165741
-0.00981143582612276
-0.15481159090995789
1.1537672281265259
-0.32178109884262085
0.13077272474765778
-0.05964971333742142
-0.4848741590976715
0.20849543809890747
0.06985141336917877
0.24127863347530365
1.4130895137786865
-0.1668330878019333
-0.0054315607994794846
0.3692218065261841
2.1263136863708496
-0.7183665633201599
-0.05142122134566307
0.0968962013721466
0.6993972659111023
-0.2212136834859848
-0.1591092199087143
-0.2831701338291168
0.3070329427719116
-0.3026182949542999
0.23630616068840027
-0.10553198307752609
-0.1344064325094223
-0.0705890879034996
-0.40222179889678955
0.10817078500986099
2.2944858074188232
-0.20591382682323456
0.12210903316736221
0.14161598682403564
0.6948353052139282
0.8141322135925293
0.23573221266269684
0.1491508185863495
0.1408553272485733
0.06120319664478302
0.39813467860221863
0.2934832274913788
0.20252318680286407
-0.16863124072551727
0.3432125747203827
0.054089631885290146
1.0070348978042603
0.0037314873188734055
-0.03614390268921852
-0.03949259594082832
-0.041307248175144196
0.022640803828835487
0.04314948990941048
0.2173539102077484
-0.04819026589393616
0.10043022036552429
-0.026932017877697945
-0.03481295704841614
-0.24936515092849731
0.013536571525037289
0.20106135308742523
-0.07751984149217606
-0.032302480190992355
-0.1385883241891861
0.33982282876968384
-0.7047190070152283
-0.0978810265660286
-0.1773577183485031
0.12931828200817108
-0.06692018359899521
-0.2004372626543045
-0.07607682049274445
0.17988647520542145
-0.13195645809173584
-0.06506647914648056
0.10433409363031387
-0.10117827355861664
0.014901142567396164
0.41751840710639954
-0.013791375793516636
-0.0041508302092552185
-0.042042069137096405
0.04036732763051987
-0.02081102877855301
0.06889621168375015
0.10626465082168579
-0.0578947551548481
-0.06668423861265182
-0.049217186868190765
0.012804503552615643
-0.03970479965209961
0.004203899297863245
0.06403486430644989
-0.06789346039295197
-0.02966545708477497
0.4237872362136841
-0.11045650392770767
0.09066774696111679
0.35131779313087463
-0.7141970992088318
-0.012085173279047012
0.4410693943500519
-0.3373990058898926
0.4736305773258209
0.2804047763347626
-0.08908914774656296
0.5427628755569458
0.22555342316627502
-0.30360904335975647
0.10327690094709396
1.9913725852966309
-0.029853716492652893
0.021146707236766815
-0.00717089744284749
0.05246012285351753
-0.003254228038713336
-0.11146744340658188
0.018621768802404404
-0.20937472581863403
0.05124160647392273
-0.10140449553728104
0.003433343255892396
0.019449902698397636
0.007458146195858717
0.023955563083291054
0.018948039039969444
-0.10642791539430618
0.3924771547317505
0.41070887446403503
0.1985320746898651
0.60329270362854
0.28742918372154236
-0.33359599113464355
-0.38853955268859863
0.355507493019104
0.950019896030426
0.1451273411512375
0.20678627490997314
0.7176371216773987
0.7055140733718872
-0.3433692753314972
1.4109514951705933
0.8846877813339233
0.021758876740932465
0.6560550928115845
-0.26832273602485657
0.016244513913989067
-0.1840319186449051
-0.5371217727661133
0.05621744692325592
0.9229833483695984
0.2691252529621124
0.19355575740337372
0.182521790266037
-0.025473101064562798
0.4730202257633209
0.26236724853515625
-0.2538122534751892
-0.16896410286426544
0.056036967784166336
-0.007567635737359524
-0.0027514358516782522
0.04118071496486664
-0.03574221953749657
-0.042037028819322586
-0.03809214010834694
0.002094598487019539
0.01912982016801834
-0.043148208409547806
-0.052088793367147446
0.03402411565184593
0.0683666318655014
-0.0141410231590271
-0.07158266007900238
0.10440441966056824
-0.5534467101097107
0.19132289290428162
0.169996976852417
0.5619344711303711
0.35991230607032776
-0.2842256426811218
-0.22515782713890076
0.23286838829517365
-0.13517016172409058
0.12344008684158325
-0.12916497886180878
0.14517053961753845
0.16066104173660278
-0.3294505178928375
0.22952504456043243
0.4389377236366272
0.0007146315183490515
-0.01870320551097393
-0.008944917470216751
-0.01349901407957077
0.06066220626235008
0.002581654815003276
0.015859520062804222
0.021627960726618767
0.030451947823166847
-0.06020001322031021
-0.048016976565122604
0.060271456837654114
0.008216126821935177
0.0016133582685142756
-0.0245191790163517
-0.05073808878660202
0.01609630696475506
0.052698299288749695
0.04318017140030861
-0.037203092128038406
0.02553500421345234
0.015074478462338448
0.03421664610505104
-0.037099845707416534
-0.06937110424041748
-0.02550303377211094
-0.00908964965492487
0.05417533218860626
-0.05537356808781624
0.06689796596765518
-0.03065984509885311
-0.03768005967140198
-0.0009239107603207231
-0.006894482299685478
0.015705183148384094
0.028680698946118355
-0.010975457727909088
0.017777835950255394
0.015350042842328548
0.05525309965014458
-0.042140260338783264
-0.10693741589784622
-0.052285123616456985
0.048935770988464355
0.01587064377963543
0.0498463399708271
-0.005181849468499422
0.04455919191241264
-0.280937522649765
0.11082728952169418
-0.00038116652285680175
0.6515777111053467
0.0937190130352974
0.1543605625629425
-0.395938515663147
-0.019344137981534004
-0.03840089961886406
0.10435090959072113
0.01694350875914097
0.4959700107574463
-0.17303554713726044
-0.08859620243310928
0.04724639281630516
1.560651421546936
0.061077602207660675
-0.026850920170545578
0.4980824887752533
0.4220131039619446
-0.07386982440948486
0.013469412922859192
0.23101413249969482
0.7253044247627258
-0.13674668967723846
0.3187985122203827
0.2602728307247162
0.8020725846290588
0.0019414041889831424
0.2373296022415161
0.9696171283721924
2.8786940574645996
-0.003777422709390521
-0.018040256574749947
-0.017392132431268692
-0.024419231340289116
-0.10074460506439209
-0.005080901551991701
-0.006109044887125492
0.07299186289310455
0.007254616357386112
-0.024633927270770073
0.0506880022585392
-0.1262955367565155
0.0992993637919426
0.013682902790606022
-0.04293740913271904
0.03709462657570839
-0.1354784071445465
0.02101169526576996
-0.06567620486021042
-0.02450667694211006
0.31337037682533264
0.07457879930734634
-0.07171781361103058
-0.3862672746181488
0.08785762637853622
-0.23148386180400848
0.09031306207180023
0.39248427748680115
-0.15073764324188232
0.43501991033554077
0.08552425354719162
0.44023746252059937
-0.06195097416639328
-0.4654443860054016
-0.19233427941799164
0.2162778675556183
0.38394778966903687
0.24936386942863464
-0.4987954795360565
-0.2031545490026474
0.4236985146999359
-0.07057754695415497
0.31670230627059937
-0.6514265537261963
0.6157201528549194
-0.28240588307380676
-1.089060664176941
0.5057160258293152
-0.11919166892766953
-0.17172740399837494
0.4900875687599182
0.2866893708705902
-0.44018426537513733
0.0024230419658124447
0.2561975121498108
0.060681674629449844
0.0027749473229050636
0.31713125109672546
0.1511160284280777
0.5305221080780029
0.08630100637674332
-0.10830023139715195
0.7586552500724792
3.089900493621826
-0.5572260618209839
0.12517541646957397
0.07942356169223785
0.24122746288776398
0.4493294656276703
-0.15049025416374207
-0.69373619556427
0.3696416914463043
-0.4018056094646454
-0.3437792956829071
-0.3672652542591095
-0.03617057204246521
-0.0299502145498991
-0.4130069315433502
0.09331434965133667
1.8660485744476318
0.41499200463294983
-0.2382436841726303
-0.05583944544196129
0.07863052189350128
-0.21078749001026154
-0.6297290325164795
0.09364168345928192
0.07813971489667892
0.7428872585296631
-0.06342943757772446
0.1309632658958435
-0.13306893408298492
0.9794701337814331
-0.04660605639219284
-0.5234715342521667
0.2549426853656769
-0.030128199607133865
0.20269739627838135
-0.202500581741333
-0.1754608005285263
1.3193122148513794
0.004671710543334484
-0.34420666098594666
0.3980047106742859
-0.01410476304590702
-0.1148679107427597
-0.17697961628437042
-0.0888400450348854
0.18085770308971405
-0.16303889453411102
-0.14638468623161316
1.9933040142059326
0.34453555941581726
0.331473708152771
0.13874725997447968
0.5517763495445251
0.4036325514316559
-0.2925246059894562
-0.06847493350505829
0.04863266274333
1.1059736013412476
-0.0107193011790514
0.14632433652877808
0.012138091959059238
1.394058108329773
0.3022283911705017
0.7803788185119629
0.5791825652122498
-0.6516727209091187
0.11644167453050613
0.4227874279022217
0.6373050808906555
0.4569393992424011
-0.07757986336946487
0.14942382276058197
0.9266970157623291
-0.20421335101127625
0.1872042715549469
0.18872180581092834
0.9152188301086426
0.21314796805381775
0.36170101165771484
0.13093917071819305
0.6670641303062439
0.5114073753356934
0.24589437246322632
0.15488219261169434
0.3335508406162262
1.0950992107391357
0.3027905523777008
0.133326917886734
0.38486990332603455
0.16285163164138794
0.18503621220588684
-0.10594870150089264
0.44476982951164246
0.2428499460220337
0.029628638178110123
0.18200410902500153
0.8415163159370422
0.03490740433335304
-0.04914606362581253
-0.0971301794052124
0.03820314258337021
-0.06347650289535522
0.07154123485088348
-0.02754703164100647
-0.008345391601324081
0.07568823546171188
0.04796934127807617
-0.05537873134016991
-0.011302105151116848
-0.048671312630176544
-0.01861751638352871
-0.01586148329079151
-0.011545265093445778
0.46504291892051697
0.2332797348499298
0.13054290413856506
-0.4134238660335541
0.19780394434928894
-0.1835080087184906
-0.29221397638320923
0.7556016445159912
-0.03133212402462959
0.05140127241611481
-0.003899637144058943
0.47257789969444275
0.2169676423072815
0.06379514932632446
0.09865115582942963
2.09606671333313
-0.03287642449140549
-0.02177242562174797
0.05418308824300766
-0.10711177438497543
0.03619280084967613
0.07873611897230148
0.02704363316297531
0.022685019299387932
-0.01107899472117424
-0.049271292984485626
0.055693745613098145
-0.044398002326488495
0.07543674111366272
0.009252697229385376
-0.07562533766031265
-0.03815973550081253
0.025816231966018677
0.04176468774676323
0.019169092178344727
-0.019926827400922775
-0.03570738434791565
0.021167587488889694
-0.05397174507379532
0.031998664140701294
0.05249297246336937
0.03944827988743782
0.03538679704070091
-0.08745555579662323
-0.04285350441932678
0.01977536641061306
-0.0781908929347992
0.020439017564058304
0.18903008103370667
0.38350579142570496
0.11964017152786255
-0.20289301872253418
0.9255181550979614
-0.5425196886062622
-0.5081021785736084
0.7434449195861816
0.42441993951797485
0.08779756724834442
0.07428791373968124
0.6631580591201782
0.6615753173828125
1.626618504524231
0.37815672159194946
0.712160050868988
-0.4129871428012848
-0.10557075589895248
-0.14059151709079742
0.667278528213501
-0.2822648882865906
0.3133675754070282
-0.1562947928905487
-0.13582278788089752
0.19518978893756866
0.17265531420707703
0.15728238224983215
1.4798190593719482
0.14450865983963013
0.07864965498447418
0.260670006275177
2.074603796005249
-0.6748288869857788
0.05858909338712692
0.18609987199306488
0.4895120859146118
-0.1634337604045868
-0.16443973779678345
-0.27882105112075806
0.5086274147033691
-0.17696568369865417
-0.008014455437660217
-0.11864971369504929
-0.07930909097194672
0.2436484694480896
-0.30280157923698425
0.13115914165973663
2.2918827533721924
-0.33535972237586975
0.25539231300354004
0.0863211452960968
0.5501295328140259
1.0329915285110474
0.36888134479522705
0.11977919936180115
0.7611550092697144
-0.0816912055015564
0.3559707999229431
0.0028677613008767366
0.21010151505470276
0.27930235862731934
0.5343853831291199
0.19298236072063446
1.130515217781067
-0.08674381673336029
0.0038135491777211428
-0.04408009350299835
-0.10008899867534637
-0.019737211987376213
-0.05789495259523392
0.14256882667541504
-0.0905245691537857
-0.013462526723742485
0.013675300404429436
0.036732837557792664
-0.19382598996162415
0.051795437932014465
0.14282724261283875
-0.04285672679543495
-0.07613469660282135
-0.22557798027992249
0.1923593133687973
-0.8283516764640808
-0.27703285217285156
-0.25783830881118774
0.1711188405752182
-0.16932880878448486
-0.011366489343345165
0.03516930341720581
0.22288861870765686
-0.051928721368312836
-0.15512409806251526
0.09412608295679092
-0.09234513342380524
0.02446472831070423
0.40632081031799316
0.012506553903222084
-0.02241477183997631
0.030671264976263046
-0.08846859633922577
-0.007067714352160692
-0.012054353021085262
0.06741859018802643
-0.006178311537951231
0.08655562996864319
-0.0010466710664331913
0.019027402624487877
0.02395295538008213
0.026041725650429726
0.09058010578155518
0.047443125396966934
0.008749803528189659
0.39811939001083374
-0.13919994235038757
-0.03021124377846718
0.4383695423603058
-0.7166453003883362
0.060653846710920334
0.46419861912727356
0.37189364433288574
0.3333663046360016
0.2292173206806183
-0.18415524065494537
0.5833024382591248
0.22091196477413177
-0.09311562776565552
0.054174959659576416
1.9735548496246338
-0.011048407293856144
0.002975646872073412
0.025994660332798958
-0.04822550341486931
-0.014345424249768257
-0.006737973541021347
-0.03418070822954178
-0.21789075434207916
-0.0713936984539032
-0.034135714173316956
0.08173074573278427
-0.034844279289245605
-0.05443497747182846
0.05553219094872475
0.05037014186382294
-0.1011970192193985
0.2732810378074646
0.5024702548980713
0.005640795920044184
0.2542562782764435
0.7452661395072937
-0.2520121932029724
-0.29060274362564087
0.5296764373779297
0.8439018726348877
-0.024724796414375305
0.19706793129444122
0.555414080619812
1.1135978698730469
0.36001285910606384
1.7169289588928223
1.0756951570510864
-0.0802270770072937
0.6399285793304443
-0.2777748107910156
-0.06036306917667389
0.13589651882648468
-0.3968026340007782
0.08644305914640427
0.6619648337364197
0.1715097427368164
0.3303067088127136
0.18937675654888153
0.031907133758068085
0.5990787744522095
0.042228445410728455
0.11436059325933456
-0.2495250254869461
-0.09000734239816666
-0.001034664805047214
-0.022285083308815956
-0.056340914219617844
0.030879532918334007
-0.01957377791404724
-0.004586294759064913
-0.006890642922371626
0.0417419895529747
-0.006823861040174961
-0.037509363144636154
0.0030186050571501255
0.025279710069298744
0.018225472420454025
0.02272060699760914
-0.015646805986762047
-0.5347926616668701
0.3061056137084961
0.16193947196006775
0.31556546688079834
0.48761317133903503
-0.27343735098838806
-0.1401333063840866
0.03711245208978653
-0.25689589977264404
-0.09754697978496552
-0.21073073148727417
0.11827662587165833
0.5110422372817993
0.17611423134803772
0.3759898245334625
0.7023168802261353
0.01819288730621338
-0.005766042973846197
0.02115502581000328
-0.017909947782754898
0.017527682706713676
-0.0028134591411799192
-0.02050422504544258
0.04614291340112686
0.06585808843374252
-0.054906900972127914
0.03200612589716911
-0.059510089457035065
0.0062215616926550865
-0.038687899708747864
0.06341428309679031
-0.028753625229001045
-0.03085445612668991
0.010319478809833527
0.032847046852111816
-0.021585360169410706
0.041554369032382965
0.00938083790242672
0.014934837818145752
0.0010780257871374488
0.027929743751883507
-0.009534129872918129
-0.01429777592420578
0.06167535111308098
-0.05317126587033272
-0.04170431196689606
0.047541964799165726
-0.04489896818995476
-0.01214523334056139
-0.06795509159564972
0.027943046763539314
-0.06774982810020447
-0.00033211507252417505
0.0479511022567749
-0.039032891392707825
-0.05855363607406616
-0.00031139791826717556
0.0005062758573330939
0.015107248909771442
0.0007862515631131828
-0.04996676370501518
-0.009967515245079994
-0.07807578891515732
0.013001380488276482
-0.4767569899559021
-0.011596913449466228
-0.03352871909737587
0.2177705019712448
0.061818718910217285
0.0747806504368782
-0.3686646521091461
0.4103776514530182
-0.11589914560317993
0.2818530797958374
-0.06799716502428055
0.5448992252349854
0.2551364004611969
0.04613490775227547
0.09627919644117355
1.6177798509597778
0.06817585974931717
-0.1225273460149765
0.47485417127609253
0.527167797088623
0.008289645425975323
0.04210974648594856
0.29144904017448425
1.0465030670166016
-0.22343535721302032
0.25661706924438477
0.19018793106079102
0.6749119758605957
0.14175936579704285
0.5914112329483032
0.9665177464485168
3.10872220993042
-0.08379687368869781
0.0004379487654659897
0.090302012860775
0.017006034031510353
-0.1025201603770256
-0.07126493752002716
-0.06195793300867081
0.03760397806763649
-0.005781128536909819
-0.06763701140880585
0.0834934189915657
-0.10914728045463562
-0.06491520255804062
0.045411400496959686
0.04112757742404938
0.04535534232854843
-0.05742038041353226
-0.05085762217640877
-0.061475519090890884
-0.11618009954690933
0.2573646306991577
0.1649373322725296
-0.04449077323079109
-0.40350618958473206
0.06306600570678711
-0.2447347640991211
0.11325407028198242
0.470804899930954
-0.03975473344326019
0.2625510096549988
0.043667133897542953
0.37626001238822937
0.0005722620408050716
-0.43492037057876587
-0.06690844893455505
0.15531371533870697
0.384440541267395
0.2809799909591675
-0.5323247909545898
-0.23072156310081482
0.2845257818698883
-0.07433108985424042
0.1477789431810379
-0.5463908910751343
0.734477698802948
-0.19184152781963348
-0.5321099162101746
0.5179725289344788
-0.06339748948812485
-0.13350138068199158
0.4986668527126312
0.05050884187221527
-0.46196138858795166
0.053282901644706726
0.30403873324394226
0.7513210773468018
-0.011801276355981827
0.19511255621910095
0.07030358165502548
0.5654680132865906
0.20684193074703217
0.38943222165107727
0.7750925421714783
3.117427110671997
-0.5988699197769165
0.32710757851600647
0.11791873723268509
-0.24120299518108368
0.2897093594074249
-0.028461666777729988
-0.6883394718170166
0.32758983969688416
-0.31621795892715454
-0.2727510631084442
-0.151536762714386
0.008376752026379108
0.13612599670886993
-0.2760757505893707
0.2308860868215561
1.9032880067825317
0.25299906730651855
-0.3122202157974243
0.005825167987495661
0.1750868707895279
-0.0005918384995311499
-0.7275482416152954
0.22869782149791718
0.13775382936000824
0.7486870288848877
-0.08565562218427658
-0.10088237375020981
-0.1989947408437729
1.0247650146484375
0.06968209147453308
-0.08773137629032135
0.40650203824043274
-0.0729009211063385
0.12061131000518799
-0.1831817924976349
-0.14291666448116302
0.9232321381568909
-0.011578332632780075
-0.18547405302524567
0.18098555505275726
0.0895165205001831
0.32136476039886475
-0.28196924924850464
-0.23364496231079102
0.06485022604465485
-0.20911091566085815
-0.05236685276031494
1.669296383857727
0.8730168342590332
0.2907570004463196
-0.03390297666192055
-0.18895567953586578
0.03350372985005379
-0.3805004954338074
-0.22588619589805603
0.015823470428586006
0.3584096431732178
0.35554566979408264
0.11871878802776337
0.19245420396327972
1.3511967658996582
0.285187304019928
0.6365199685096741
0.7221998572349548
-0.6015915870666504
0.17351876199245453
0.05759040638804436
0.8949664831161499
0.316257119178772
-0.28113436698913574
-0.05912365764379501
0.6138085126876831
-0.007155030034482479
-0.10753045231103897
0.4230377674102783
0.6643613576889038
0.140311598777771
0.4209713935852051
0.11411356180906296
0.25672969222068787
0.4572449028491974
0.36573681235313416
-0.2633132338523865
0.4079148769378662
0.5447769165039062
0.265060156583786
0.2482859194278717
0.4262809753417969
0.3767974376678467
0.2750503122806549
-0.11399081349372864
0.002340195933356881
0.3177702724933624
0.030648617073893547
0.11939103901386261
0.6231161952018738
0.026403306052088737
0.06635408103466034
-0.02663498744368553
0.021182959899306297
0.017744194716215134
0.018307380378246307
0.04270400479435921
-0.005838336888700724
-0.019193846732378006
-0.01848350092768669
0.01397870946675539
0.03166050836443901
-0.01162664033472538
0.02042805403470993
0.0045320140197873116
0.03998060151934624
0.2902505397796631
0.07975772768259048
-0.039026740938425064
-0.5630711913108826
0.16472554206848145
0.054540298879146576
-0.26983144879341125
0.7714301347732544
0.04445602744817734
0.46502068638801575
0.15448521077632904
0.09232360869646072
0.16834579408168793
-0.027583619579672813
0.21004392206668854
2.0358376502990723
-0.0052697802893817425
-0.031204456463456154
0.005122400354593992
-0.009427795186638832
0.027282318100333214
0.00023651547962799668
-0.0621810182929039
0.03362787142395973
-0.04298796504735947
0.02844495326280594
0.07116028666496277
0.08151660114526749
-0.0027102890890091658
-0.039547283202409744
-0.033462539315223694
-0.03421516716480255
-0.01801976189017296
-0.05715145915746689
-0.03064040094614029
-0.043237216770648956
0.002757041249424219
-0.05695813149213791
0.050380922853946686
0.0035473944153636694
-0.020327866077423096
-0.008193683810532093
0.030005810782313347
-0.06618747860193253
0.016413763165473938
0.017036419361829758
0.02701006457209587
0.05172734335064888
0.5645979046821594
0.2786206007003784
-0.1975281685590744
-0.7062712907791138
0.4632652997970581
-0.6162858009338379
-0.4508979916572571
0.6614963412284851
-0.39053240418434143
0.182872474193573
0.30353206396102905
0.40662944316864014
0.461101233959198
1.4139443635940552
0.3978884816169739
0.7530122399330139
-0.36935651302337646
-0.07475659996271133
-0.3222964406013489
0.9523022174835205
-0.48122870922088623
0.5268746018409729
-0.23630772531032562
-0.14334788918495178
0.269431471824646
-0.06737442314624786
0.13823989033699036
1.4449671506881714
0.2920181155204773
0.043458014726638794
0.2841987609863281
2.1579432487487793
-0.5773065090179443
-0.08545270562171936
-0.26854124665260315
0.5596867203712463
-0.19271059334278107
0.030692562460899353
-0.3070211410522461
0.2491612583398819
-0.037772100418806076
-0.324831485748291
-0.11851752549409866
-0.07881549745798111
0.2682116627693176
-0.36533039808273315
0.13777516782283783
2.1862449645996094
-0.19525258243083954
0.2035953253507614
-0.07812941074371338
0.5298471450805664
0.33482012152671814
0.35700860619544983
0.12782731652259827
0.7285628914833069
0.08030018210411072
0.26895254850387573
0.267632395029068
0.18427157402038574
0.19169291853904724
0.5976812839508057
-0.006921537686139345
0.91042560338974
0.008462430909276009
-0.004418984521180391
-0.05567709356546402
-0.05198612064123154
-0.06335630267858505
0.002031416166573763
0.10851746797561646
-0.07627364248037338
-0.026013856753706932
-0.02572988159954548
0.02439897321164608
-0.19339264929294586
-0.13369354605674744
0.11807598918676376
-0.08228544145822525
0.028187517076730728
-0.16914014518260956
0.252031534910202
-0.6123011112213135
-0.25778520107269287
-0.31004849076271057
0.042277541011571884
-0.29464948177337646
0.035555798560380936
-0.12054681032896042
0.41893270611763
-0.23333708941936493
-0.09261748939752579
0.0493801087141037
-0.274661660194397
-0.08227620273828506
0.4685538709163666
0.06353527307510376
0.026683516800403595
-0.010300585068762302
-0.03848792240023613
-0.03992615267634392
0.0020231176167726517
0.04779985174536705
0.03166734799742699
0.05580523610115051
0.06399265676736832
0.02075880579650402
0.05069355294108391
-0.016782497987151146
-0.04075705632567406
-0.06751199066638947
0.00464559206739068
0.2874661982059479
-0.021774979308247566
-0.549548327922821
0.41640597581863403
-0.7376691699028015
0.4346325993537903
0.4068117141723633
0.4319719076156616
0.5986771583557129
0.2717397212982178
-0.1670345813035965
0.3003365397453308
0.1978413611650467
-0.15758337080478668
0.058693159371614456
2.076514959335327
0.0001482572843087837
0.08980894833803177
0.03275226429104805
0.0529286228120327
-0.012709405273199081
-0.007250095717608929
-0.057554639875888824
-0.20625948905944824
0.13846831023693085
0.019226040691137314
0.040872834622859955
0.010813378728926182
0.014007448218762875
0.09207148849964142
0.004418873228132725
-0.039634231477975845
0.7181565761566162
0.48411545157432556
-0.27911102771759033
-0.4802834093570709
0.3745681643486023
-0.42814725637435913
-0.34995925426483154
0.5749797224998474
0.08339648693799973
0.31786638498306274
0.2561119794845581
0.4335518181324005
0.8081399202346802
0.24792449176311493
1.580970048904419
1.1063659191131592
0.22205422818660736
0.8255435228347778
-0.3807680010795593
-0.4654638171195984
-0.13358253240585327
-0.555793821811676
0.2916731834411621
0.5661869645118713
-0.3989230692386627
0.3560437560081482
0.25914323329925537
-0.09269439429044724
0.6216185092926025
0.07295504212379456
-0.06710367649793625
-0.20385397970676422
0.014251085929572582
0.05247897282242775
0.06461451202630997
0.09478475898504257
-0.03501416742801666
0.04209461063146591
0.00783600378781557
-0.03422737121582031
0.02944454923272133
-0.042072031646966934
0.021238716319203377
-0.02651687152683735
0.008897929452359676
0.022841239348053932
0.0014698802260681987
-0.028172815218567848
-0.3158383369445801
0.3371002972126007
-0.06963298469781876
0.34148475527763367
0.36468306183815
-0.30197831988334656
-0.1339784413576126
0.04573023319244385
-0.3229149580001831
-0.30654963850975037
-0.10000043362379074
0.015352531336247921
0.4217563271522522
0.14922580122947693
0.5572752952575684
0.7204761505126953
-0.032198648899793625
-0.011745446361601353
0.009273207746446133
-0.0315808430314064
-0.021457279101014137
0.01607426069676876
-0.05599946156144142
0.005366036668419838
-0.00418116943910718
-0.048431724309921265
0.0261345524340868
-0.017321646213531494
0.052098944783210754
-0.004847649484872818
-0.04901963844895363
-0.0076404293067753315
-0.04404737055301666
0.022769581526517868
-0.03043799288570881
-0.009919054806232452
0.031006071716547012
0.08392544090747833
0.008569610305130482
-0.0005990827921777964
-0.10856510698795319
0.13280171155929565
0.006634064484387636
-0.01817839778959751
-0.015300166793167591
-0.002368644345551729
0.06497298181056976
-0.03391113132238388
0.01318532694131136
-0.005418791901320219
0.04778768867254257
-0.05586777999997139
0.021225210279226303
0.05659149959683418
0.04225953668355942
0.027866268530488014
0.0024133450351655483
0.015392540954053402
0.0245575699955225
-0.09393902122974396
0.0016330801881849766
0.0033425558358430862
-0.03555392473936081
-0.06912317872047424
-0.15946920216083527
0.06851285696029663
-0.30724895000457764
0.2772553265094757
-0.22451385855674744
0.2947882413864136
-0.2736242413520813
0.22699908912181854
-0.005475812591612339
0.1671740710735321
-0.15353314578533173
0.3669984042644501
0.16962693631649017
-0.0016011747065931559
0.12696678936481476
1.4628437757492065
-0.025945166125893593
-0.08104076236486435
-0.10459931939840317
0.5414971709251404
-0.2460125833749771
0.07488349825143814
0.271547794342041
0.9001309275627136
0.021442348137497902
0.1769641935825348
0.47513991594314575
0.7315235733985901
0.1674708127975464
0.4362322688102722
1.069114327430725
3.0969913005828857
-0.06477758288383484
0.08105188608169556
0.02463551238179207
-0.003108675591647625
-0.01501423493027687
0.02082979492843151
-0.07125139236450195
0.057326752692461014
0.07217101007699966
-0.061784856021404266
0.056253064423799515
-0.050952982157468796
0.019814716652035713
-0.06589847058057785
0.04201195761561394
-0.012171819806098938
-0.12365427613258362
-0.14357221126556396
-0.0419442355632782
-0.12501490116119385
0.23106923699378967
0.3226751387119293
-0.08424397557973862
-0.2709563374519348
0.017071422189474106
-0.2517361640930176
0.040874287486076355
0.4249681830406189
-0.1441037654876709
0.30248910188674927
0.03545823693275452
0.3514620363712311
0.31455904245376587
-0.3295288383960724
-0.06303474307060242
0.1123543232679367
0.36527684330940247
0.31645599007606506
-0.4991537630558014
-0.27901965379714966
-0.002555384300649166
-0.009057804010808468
0.28638893365859985
-0.04338940605521202
0.7546847462654114
-0.12015750259160995
-0.5694418549537659
0.3269413113594055
-0.18397128582000732
-0.22816292941570282
-0.21675562858581543
0.257756769657135
-0.42176082730293274
0.19756613671779633
0.2448289692401886
0.528904378414154
0.21478691697120667
-0.005616382230073214
0.2795024812221527
0.3253835141658783
0.24939820170402527
0.27400732040405273
0.7804979085922241
3.255574941635132
-0.5662664175033569
0.12298715859651566
0.08805439621210098
-0.3055940270423889
0.23306706547737122
-0.07342152297496796
-0.7510577440261841
0.1932859867811203
-0.25523754954338074
-0.08204416185617447
0.0726889967918396
0.010988930240273476
0.10281965881586075
-0.39900606870651245
0.25566330552101135
1.4402410984039307
0.7459835410118103
-0.18328557908535004
-0.08405628800392151
-0.2139953225851059
-0.09884976595640182
-0.6594288349151611
0.28095418214797974
-0.1938536912202835
0.12366719543933868
0.06637945026159286
-0.20856276154518127
-0.09530051052570343
0.905102014541626
0.07672467082738876
-0.22971302270889282
0.31753063201904297
-0.06354399025440216
0.13897790014743805
0.08370044082403183
0.1881290078163147
1.2709321975708008
-0.18137821555137634
-0.3984646499156952
-0.35936495661735535
-0.11747647076845169
-0.10130847245454788
-0.11352887749671936
0.08339910209178925
0.09813708811998367
-0.8346701264381409
-0.5868396162986755
1.2994073629379272
0.895986020565033
0.2715858221054077
-0.07163185626268387
0.5254953503608704
0.38112708926200867
-0.28885138034820557
-0.10349764674901962
0.030250487849116325
0.7637724280357361
0.14236590266227722
0.28879645466804504
0.3311508297920227
1.295942783355713
0.17789815366268158
0.028975222259759903
0.2744833528995514
-0.6181154847145081
-0.027878332883119583
0.33106350898742676
0.9560322165489197
0.2230663150548935
-0.016596825793385506
0.11320870369672775
0.6108350157737732
-0.14194907248020172
0.29647594690322876
0.5972532033920288
0.5349897146224976
-0.06323239952325821
0.09062725305557251
0.17573292553424835
1.3287431001663208
0.5680831074714661
0.32793354988098145
0.3193646967411041
0.655292272567749
0.7382909655570984
0.22821809351444244
-0.06519631296396255
-0.8399713039398193
0.21541549265384674
0.1952858716249466
0.07938732951879501
0.27176010608673096
0.1980292797088623
-0.2992466390132904
-0.6447187662124634
1.4686925411224365
-0.01744955964386463
-0.02310459315776825
0.005345636047422886
0.11822939664125443
0.003990532830357552
-0.002830709330737591
-0.072369284927845
0.07963982224464417
-0.07081901282072067
0.0070756603963673115
-0.018727393820881844
-0.12734156847000122
0.03305158019065857
0.05768333375453949
0.03801533579826355
-0.024111678823828697
0.3037208914756775
0.06104687228798866
0.3106479346752167
0.29185280203819275
0.2693961560726166
-0.34883689880371094
-0.2815774083137512
0.2965881824493408
-0.05084015056490898
0.529998779296875
0.2276259809732437
0.3128918707370758
0.19972291588783264
-0.1426829844713211
-0.06530605256557465
2.0516064167022705
0.022288383916020393
-0.004891421180218458
0.020117703825235367
0.022030046209692955
0.0816781222820282
-0.01235058344900608
-0.05639462545514107
-0.008388488553464413
0.05155351385474205
-0.08242528140544891
0.019813435152173042
-0.008786207064986229
-0.04236317798495293
-0.04723509028553963
-0.1037055179476738
-0.018119415268301964
0.08720140904188156
0.0991990715265274
-0.03315858170390129
-0.03327565640211105
0.01822088100016117
-0.0076547712087631226
-0.028744783252477646
-0.008823812007904053
-0.0882721096277237
-0.03638213127851486
-0.0001882298820419237
-0.0469534695148468
-0.028927447274327278
0.05053286999464035
-0.06380697339773178
0.015047937631607056
0.5802009105682373
0.19942516088485718
0.18745052814483643
0.35886189341545105
0.8644018769264221
-0.6757057309150696
-0.5999788641929626
0.4410918354988098
0.20892085134983063
0.2086489051580429
0.41286012530326843
0.6910632252693176
0.3748076856136322
1.0436261892318726
0.0319097563624382
0.19440801441669464
-0.3497472107410431
-0.07161194086074829
-0.1917274445295334
1.1274298429489136
-0.35778868198394775
0.29088783264160156
-0.051115505397319794
-0.8523654937744141
0.1710655689239502
-0.049195509403944016
0.2208496481180191
1.4612818956375122
-0.1321936994791031
-0.03701164573431015
-0.3504740297794342
2.1242809295654297
-0.6441782712936401
-0.05922835320234299
0.09637903422117233
0.8173912167549133
-0.0840509906411171
-0.06208410859107971
-0.2369839996099472
0.33747395873069763
-0.2859673798084259
0.08155548572540283
0.11680570244789124
-0.022503092885017395
-0.03402094170451164
-0.372548371553421
-0.12263628840446472
1.3107140064239502
-0.12727709114551544
0.24648438394069672
0.08730510622262955
0.834147036075592
0.6568055748939514
0.2528257966041565
0.2469121664762497
-0.1523442268371582
0.03496557101607323
0.2878560721874237
0.3503349721431732
0.15988197922706604
-0.06373319774866104
0.441042423248291
-0.4532042443752289
0.9865020513534546
0.07404438406229019
0.032703157514333725
0.01213619951158762
-0.02086588554084301
-0.030976826325058937
-0.05682762339711189
0.23891636729240417
-0.06831656396389008
-0.0028262450359761715
0.027595529332756996
-0.06399562954902649
-0.361369252204895
-0.0020241858437657356
0.10144548118114471
-0.05070780962705612
-0.05061803385615349
-0.2729477882385254
0.32226794958114624
-0.6432590484619141
-0.15476204454898834
-0.15671992301940918
0.14700336754322052
-0.14109648764133453
0.10958027094602585
-0.025616299360990524
0.24245965480804443
-0.12456175684928894
-0.10014405846595764
0.07323457300662994
-0.014580675400793552
0.11099369823932648
0.4435414671897888
-0.011865741573274136
-0.07028287649154663
-0.023552684113383293
0.10503479093313217
0.020845750346779823
0.0018672306323423982
-0.07510287314653397
-0.011683360673487186
0.006407476030290127
0.0010349149815738201
0.10172735154628754
0.03390209376811981
0.022458897903561592
-0.04627485200762749
-0.061599429696798325
-0.046878915280103683
0.4177839457988739
-0.0858592614531517
0.14196737110614777
0.3032175600528717
-0.5907101631164551
0.17944011092185974
0.37586039304733276
-0.7651636004447937
0.4115126430988312
0.28260377049446106
-0.1165766716003418
0.4991362392902374
0.1745346188545227
-0.3694384694099426
-0.5559594035148621
2.122004747390747
-0.020486969500780106
-0.005471847485750914
0.01656477525830269
0.024040067568421364
0.07371895760297775
-0.09407617151737213
0.039490994065999985
-0.12302497774362564
-0.017412863671779633
0.03534970059990883
0.20451009273529053
-0.07525450736284256
0.012665246613323689
0.05218447372317314
-0.04533713683485985
-0.03394029662013054
0.7730527520179749
0.4465862512588501
0.156307652592659
0.5070767402648926
0.76166832447052
-0.2492455393075943
-0.5353491902351379
0.2145690619945526
0.5776745676994324
0.24160103499889374
0.5773635506629944
0.8226162195205688
0.6461878418922424
-0.24554641544818878
1.3234113454818726
0.702968418598175
0.18085482716560364
0.7690087556838989
-0.45392343401908875
-0.015336270444095135
0.09023905545473099
-0.2985047399997711
0.04161090776324272
0.7943587303161621
0.04908721521496773
0.21718408167362213
0.16948342323303223
-0.15339983999729156
0.5044476389884949
0.1588262915611267
-0.1409580111503601
-0.47267478704452515
-0.017558827996253967
0.04720718786120415
0.042870957404375076
0.03591116517782211
0.0003178076585754752
-0.02016252465546131
0.07306321710348129
0.039461635053157806
0.005148140247911215
-0.02145775407552719
-0.04648372158408165
-0.007865486666560173
0.0003241277881897986
-0.013888866640627384
-0.05643675848841667
0.0005428987788036466
-0.3704322278499603
0.3338102102279663
0.16127051413059235
0.7318112254142761
0.3866610527038574
-0.2872306704521179
-0.23555389046669006
0.038873523473739624
-0.39287087321281433
-0.016445601359009743
0.14292894303798676
0.2887308597564697
0.14537271857261658
-0.49808719754219055
0.113970547914505
0.3126278817653656
0.011592939496040344
0.024593520909547806
-0.04129728302359581
-0.0128169609233737
0.04357858747243881
-0.059308506548404694
0.05415662005543709
0.04180203005671501
-0.02640949934720993
0.035660792142152786
0.003543470986187458
-0.056591685861349106
-0.07566937804222107
-0.05444964021444321
0.0139709347859025
0.02272426150739193
-0.040185827761888504
0.0010080661159008741
-0.007435061037540436
0.023814618587493896
-0.04938285052776337
-0.016739344224333763
0.03442547842860222
-0.020875679329037666
0.000653289956972003
0.07285112887620926
0.039418283849954605
-0.016605738550424576
0.07663019746541977
-0.040702205151319504
-0.033633407205343246
0.011474774219095707
-0.014870221726596355
0.059854622930288315
-0.04895727336406708
0.04188810661435127
-0.07497982680797577
-0.011440768837928772
-0.030229175463318825
0.10668212920427322
0.06921789795160294
0.03222331777215004
0.007302300073206425
-0.0006226020632311702
-0.0070222774520516396
0.011945908889174461
-0.09392357617616653
0.0432652048766613
-0.21384325623512268
0.08228062093257904
-0.13159041106700897
0.632785975933075
0.08932144194841385
0.1276770681142807
-0.3116730749607086
-0.1720922440290451
-0.18524956703186035
0.18685078620910645
0.12868653237819672
0.4458277225494385
-0.03210921585559845
-0.14414377510547638
-0.4738937020301819
1.0088990926742554
-0.005354373715817928
-0.18000663816928864
0.45685696601867676
0.4917755424976349
-0.14251959323883057
-0.0001270551874767989
0.2459547370672226
0.9751210808753967
-0.058268629014492035
0.340329110622406
0.3732834458351135
1.1420730352401733
0.020292365923523903
0.18489252030849457
0.7548110485076904
1.5613325834274292
-0.03388025611639023
-0.03547133877873421
-0.0117390351369977
-0.05136329308152199
-0.06834282726049423
0.007980424910783768
-0.02624901384115219
0.03928254544734955
0.007594857830554247
-0.04781385138630867
0.05984111875295639
-0.07021132856607437
-0.027766156941652298
0.06490390747785568
0.0007896830211393535
-0.011709067970514297
-0.1749596744775772
-0.025808239355683327
-0.15562012791633606
0.026060543954372406
0.2891859710216522
0.1540924310684204
-0.18177813291549683
-0.14407142996788025
0.11781571805477142
-0.34214216470718384
0.05439840257167816
0.4712391495704651
-0.16447727382183075
0.4038785696029663
-0.1749187856912613
0.4417233169078827
0.2034107744693756
-0.4457474946975708
-0.3004402220249176
0.2862884998321533
0.4414568543434143
0.2873104512691498
-0.73871910572052
-0.16991731524467468
0.03551164269447327
-0.1710566133260727
0.04534782096743584
-0.3617171049118042
0.5488787293434143
-0.3965146541595459
-1.054883360862732
0.2881147563457489
-0.2286582589149475
-0.1941637247800827
0.40917062759399414
0.17292781174182892
-0.3899567127227783
0.0945892259478569
0.24853071570396423
-0.022971373051404953
0.016923248767852783
0.36982131004333496
0.4151155352592468
0.47357672452926636
-0.0009603630751371384
0.041336242109537125
0.1834644079208374
3.0320887565612793
-0.5792299509048462
0.15801851451396942
0.07402654737234116
0.33732765913009644
0.27424776554107666
-0.15180392563343048
-0.6635165810585022
0.3309991657733917
-0.2884702682495117
-0.08425327390432358
0.048244066536426544
0.016327358782291412
-0.054294537752866745
-0.30246347188949585
0.038941867649555206
1.9230146408081055
0.7472909092903137
-0.2822141647338867
-0.18933650851249695
0.06461052596569061
-0.00684884749352932
-0.6034573912620544
0.1942678987979889
-0.052810102701187134
0.35372573137283325
-0.13878533244132996
-0.007338987197726965
0.006587869953364134
0.9034082293510437
-0.06059543415904045
-0.466083288192749
0.1339416205883026
-0.01715724915266037
0.24506975710391998
-0.19267143309116364
0.23986922204494476
1.203140377998352
-0.31853148341178894
0.10858225077390671
0.28193315863609314
0.14785419404506683
0.09158287197351456
0.271092027425766
0.5725326538085938
0.07290930300951004
-0.5539351105690002
-0.22886349260807037
1.2452811002731323
0.9276252388954163
0.44457119703292847
-0.023244040086865425
0.29715386033058167
0.5031471252441406
-0.3164500594139099
-0.36463963985443115
0.39703577756881714
0.4401090443134308
0.2680472731590271
0.030625399202108383
0.032191649079322815
0.7958952784538269
0.14012882113456726
-1.1863751411437988
0.20983180403709412
-0.08712910115718842
0.4972948431968689
0.3179022967815399
0.9056512117385864
-0.09957791864871979
-0.3220309019088745
-0.11736506223678589
0.22361044585704803
-0.02544170804321766
-0.268261194229126
-0.060496795922517776
0.17538799345493317
0.049771782010793686
-0.4912568926811218
0.3534223139286041
1.1041749715805054
0.6426025032997131
0.41725313663482666
0.32859373092651367
0.5154305100440979
-0.08125574141740799
-0.21309226751327515
0.2908014953136444
-0.08275817334651947
0.32357028126716614
-0.06371472030878067
0.15501590073108673
0.14768892526626587
0.4543362855911255
-0.08822556585073471
-0.08298099040985107
0.6422680020332336
-0.03505198657512665
-0.06873489916324615
-0.00885318499058485
-0.04343537986278534
0.09193150699138641
0.058525439351797104
0.038560520857572556
0.006954190321266651
-0.0523727647960186
-0.023062987253069878
0.029530154541134834
-0.02660832181572914
0.010609650053083897
0.019199267029762268
-0.030160661786794662
-0.0883963406085968
0.6712226271629333
0.08453454822301865
0.21120508015155792
0.16186954081058502
-0.1565694510936737
-0.39648428559303284
0.7634750008583069
0.3545561134815216
0.1843787431716919
0.27047213912010193
0.3144368827342987
-0.25479239225387573
0.23718367516994476
-0.2456856518983841
-0.18513041734695435
1.4944696426391602
-0.001609070342965424
0.015481348149478436
0.014052015729248524
-0.04036419838666916
0.09585807472467422
0.019197240471839905
0.09536448121070862
-0.04113054648041725
0.022874169051647186
-0.04471933841705322
-0.048554543405771255
0.00022688426543027163
0.001994865480810404
-0.034266397356987
-0.03228839114308357
-0.06721878796815872
-0.059718936681747437
0.04885221645236015
0.06718073040246964
0.07774228602647781
0.07708147168159485
-0.031085383147001266
-0.02931717410683632
0.03700372204184532
0.15744033455848694
-0.07347269356250763
-0.08824598789215088
-0.008790996856987476
0.03447503596544266
0.002928048139438033
-0.07391820102930069
0.026065565645694733
0.8760977983474731
0.29093095660209656
0.08008794486522675
0.28917011618614197
1.049936294555664
-0.7430124282836914
0.40672004222869873
0.20081284642219543
-0.3407685160636902
0.07751419395208359
-0.24953217804431915
-0.7366127371788025
0.23485097289085388
-1.1545476913452148
-0.2630245089530945
0.2725452184677124
-0.05485929176211357
-0.2905648946762085
0.08143462985754013
0.996342658996582
-0.23138552904129028
0.3472277522087097
-0.4227457046508789
-0.25077328085899353
0.23144546151161194
-0.22415252029895782
-0.20663414895534515
1.1792830228805542
0.1874695122241974
-0.15028396248817444
0.22370897233486176
2.0325772762298584
-0.49109867215156555
-0.00996347051113844
0.0013888899702578783
0.9349775910377502
-0.15479066967964172
-0.19184459745883942
-0.025709280744194984
0.7977233529090881
-0.16063402593135834
-0.13340169191360474
0.30719032883644104
0.2984079420566559
0.06193400174379349
-0.017584403976798058
0.49236011505126953
1.1846188306808472
0.20074041187763214
0.28847283124923706
0.2501378059387207
0.8055856823921204
-0.0038061514496803284
0.11865615099668503
-0.36636635661125183
-0.6156075596809387
0.026415584608912468
-0.24657635390758514
-0.44698014855384827
0.4507198929786682
0.184622660279274
-1.147865653038025
0.10971202701330185
1.142966866493225
0.05290359631180763
0.007119216490536928
0.03511950001120567
-0.06459691375494003
-0.09470169991254807
-0.013449830934405327
0.1185503825545311
-0.08422201871871948
0.005961343180388212
-0.025713538751006126
0.1283365935087204
-0.2885201573371887
-0.0270705483853817
0.21530330181121826
-0.007711859419941902
-0.004104599356651306
-0.15941762924194336
0.13485169410705566
-0.7707242965698242
-0.16706368327140808
-0.17536750435829163
0.09832070022821426
-0.20473197102546692
-0.14638659358024597
-0.12448614090681076
0.3847833573818207
-0.21093474328517914
0.02418268471956253
-0.034764364361763
-0.07146983593702316
0.03228811174631119
0.40101122856140137
-0.08928599953651428
0.003669756231829524
0.046580757945775986
0.013039283454418182
-0.009618354961276054
0.005172676872462034
0.013284281827509403
-0.014964170753955841
-0.02520589344203472
0.011179382912814617
-0.002367256209254265
0.006823420524597168
-0.03722524642944336
0.050671789795160294
-0.0054984260350465775
0.010920306667685509
0.36438196897506714
-0.2868637442588806
0.03911329433321953
0.322970449924469
-0.4395866394042969
0.09199662506580353
0.3771991431713104
-0.33851173520088196
0.5020303726196289
-0.0627988874912262
0.20426909625530243
0.7514252662658691
0.22068588435649872
0.09103211015462875
-0.034388042986392975
1.7468044757843018
-0.01721189357340336
0.04299981892108917
-0.03468865901231766
-0.03137607499957085
0.02967529557645321
0.038823843002319336
-0.016782820224761963
-0.2904987335205078
-0.017037566751241684
-0.018355291336774826
0.1986784189939499
-0.0016102301888167858
0.02871726267039776
0.05988561734557152
-0.00606111902743578
0.028473298996686935
1.2381258010864258
0.42302894592285156
0.12887586653232574
0.4996947944164276
0.8471183180809021
-0.22643941640853882
0.6652796268463135
0.6573578715324402
0.0832073837518692
0.3206006586551666
-0.15246237814426422
-0.7325178384780884
0.43281784653663635
-0.378096342086792
-1.2459293603897095
0.2417593002319336
0.1344335973262787
0.7610741853713989
-0.3007890284061432
-0.14035198092460632
0.12060371786355972
0.05812511220574379
0.2508617341518402
1.5130958557128906
-0.34696999192237854
0.3778475522994995
0.39612919092178345
0.28544947504997253
0.053741563111543655
0.44294610619544983
-0.018323864787817
-0.03381231427192688
0.008275126107037067
-0.020102892071008682
0.04564378410577774
0.01754594035446644
0.01458084024488926
-0.08497080206871033
-0.01602284237742424
-0.002873033983632922
0.057022303342819214
-0.044803131371736526
0.07563485950231552
0.0442810021340847
-0.022491851821541786
-0.02383067086338997
0.04450058937072754
-0.0815431997179985
0.07755651324987411
0.857044517993927
0.1831378936767578
0.5933119654655457
0.4729333221912384
-0.3148936331272125
0.1698126494884491
0.45751479268074036
-0.24721404910087585
-0.22120235860347748
0.0070678237825632095
-0.24247218668460846
0.11493760347366333
-0.3122313320636749
0.14411208033561707
0.23793955147266388
0.012964298948645592
0.03981795161962509
-0.032557450234889984
0.03438497334718704
0.01789264567196369
0.0012641209177672863
-0.03270740434527397
0.0653616338968277
0.02579476125538349
0.003606373444199562
0.01014481857419014
-0.02128816954791546
0.004180145915597677
-0.007233367767184973
0.05694909021258354
-0.08103145658969879
-0.04604124277830124
-0.022394755855202675
-0.007783669978380203
0.03028467483818531
-0.07731017470359802
-0.038450002670288086
-0.03643452376127243
-0.014664385467767715
-0.0002982885926030576
0.005460029002279043
-0.05008772015571594
-0.025919055566191673
-0.039139002561569214
0.09957333654165268
-0.04869534447789192
-0.016367198899388313
-0.024549448862671852
-0.03996581956744194
-0.0675029307603836
-0.049053389579057693
0.05266578495502472
-0.008579379878938198
-0.10485660284757614
-0.03619837388396263
-0.01126660592854023
-0.05152470991015434
0.07476437091827393
-0.003705354640260339
0.04176770895719528
-0.07033796608448029
0.027986934408545494
0.002515652682632208
-0.010578607209026814
0.011539747938513756
-0.2258591502904892
0.746192455291748
0.37890517711639404
0.16941210627555847
-0.3642022907733917
0.056373950093984604
-0.08743823319673538
0.04012433812022209
0.10940895229578018
0.6160394549369812
0.0914331004023552
-0.11137516051530838
-0.29551416635513306
0.8243959546089172
0.025895321741700172
-0.11090420186519623
0.48386505246162415
0.48482048511505127
-0.35925230383872986
-0.179428830742836
0.37943586707115173
-0.1408638209104538
0.14642900228500366
-0.35911431908607483
-0.31588014960289
0.1728338599205017
0.03995388746261597
-1.1868319511413574
0.2479894608259201
2.339669942855835
0.08077022433280945
-0.030982891097664833
0.02068120613694191
-0.011948863975703716
-0.025055207312107086
-0.008007647469639778
0.06714105606079102
0.031206946820020676
0.07182563096284866
0.04827186465263367
0.09389939904212952
-0.07546370476484299
-0.05465098097920418
0.04984118789434433
0.0012004749150946736
0.0016201128019019961
-0.22932757437229156
-0.030200613662600517
-0.06818649172782898
0.04982251673936844
0.2687082290649414
0.1906183809041977
-0.3248836100101471
-0.1882050633430481
0.04492081701755524
-0.3139013946056366
0.11124628782272339
0.5098770260810852
-0.17160435020923615
0.6430842280387878
0.05374003201723099
0.36251184344291687
0.37947115302085876
-0.37053123116493225
-0.2614448666572571
0.11731813102960587
0.42546623945236206
0.3453655242919922
-0.6963685750961304
0.11201968044042587
0.09065962582826614
0.06788228452205658
0.5079073905944824
0.19003735482692719
0.13778118789196014
-0.022374361753463745
-0.8763017058372498
0.49143365025520325
-0.3070872128009796
-0.12354835867881775
0.4396405816078186
0.3835982084274292
-0.36285877227783203
-0.062454208731651306
0.1893494874238968
0.5161488652229309
0.2635939121246338
-0.18371924757957458
-0.27686068415641785
0.8209406733512878
0.1263801008462906
-0.6079537272453308
0.8261930346488953
3.20788311958313
-0.3192930817604065
0.20456206798553467
-0.038091495633125305
0.4164960980415344
-0.05326750501990318
0.033111922442913055
-0.045805808156728745
0.5252403616905212
-0.32908546924591064
-0.13454389572143555
0.3075939416885376
-0.3194117844104767
0.1592073291540146
-0.25718745589256287
0.26970618963241577
0.8106164932250977
0.6984540224075317
-0.037050761282444
0.04096146300435066
0.09050755947828293
0.16918106377124786
-0.5195346474647522
0.3465048670768738
-0.0467558391392231
0.1068888008594513
0.10363464057445526
-0.12484924495220184
0.28120625019073486
0.49911829829216003
0.21104742586612701
-0.12344492226839066
0.5608333349227905
0.01337810605764389
0.015143762342631817
0.33192193508148193
0.07029463350772858
0.6680616140365601
-0.03990384563803673
0.014506553299725056
-0.4370858073234558
0.013038073666393757
0.2826477587223053
-0.2220001071691513
-0.08823025971651077
0.10248146951198578
-0.3363952040672302
-0.2705807089805603
1.5464158058166504
0.9022031426429749
0.38287353515625
0.08981753885746002
0.6221198439598083
0.2563062608242035
-0.4827314019203186
-0.14568062126636505
0.48599138855934143
0.8547593355178833
0.10680821537971497
0.21827436983585358
0.057305172085762024
1.4334319829940796
0.2848121225833893
0.34707146883010864
0.34493744373321533
-0.32607710361480713
0.3485448658466339
0.9530429840087891
0.870819628238678
0.07690364867448807
-0.2200390249490738
0.23876404762268066
0.4288709759712219
-0.11339965462684631
-0.005755534861236811
0.41250959038734436
0.2938523590564728
0.24758818745613098
0.007982420735061169
-0.12098997831344604
0.12362030148506165
0.4755658507347107
0.22129666805267334
0.6974399089813232
0.5665208697319031
0.1767132729291916
-0.039593957364559174
0.3266123831272125
-0.4141243100166321
0.2816265821456909
0.20786650478839874
-0.03519780933856964
-0.28110358119010925
0.30658796429634094
0.08537687361240387
-0.18231889605522156
0.5046794414520264
-0.04771190881729126
0.02527264691889286
0.015868855640292168
0.00593918189406395
-0.0724823921918869
-0.027554212138056755
-0.04125450178980827
0.023378079757094383
-0.009451821446418762
-0.016249189153313637
-0.06922675669193268
-0.03989427909255028
-0.052454426884651184
0.030002985149621964
-0.04547210410237312
0.05369781702756882
0.44016289710998535
0.02764684520661831
0.5027083158493042
0.07527951896190643
0.3351837396621704
-0.2194065898656845
0.6221266984939575
0.2944861948490143
-0.04273444414138794
0.6683446764945984
-0.06004897132515907
-0.40284520387649536
0.24076709151268005
-0.0900806188583374
-0.0484333410859108
2.1851065158843994
0.002536550397053361
0.04971715435385704
0.00859595462679863
-0.006994422059506178
0.004637844394892454
0.002454733708873391
0.03827717900276184
-0.007699581794440746
0.03198796510696411
0.02810218185186386
-0.05769163370132446
0.011397678405046463
0.01717894710600376
-0.02140536904335022
-6.486272468464449e-05
0.02055133506655693
-0.05346076935529709
0.054744429886341095
0.0037774154916405678
0.035918861627578735
0.07974818348884583
0.08451709151268005
0.0039340718649327755
-0.016603711992502213
-0.009189342148602009
0.031099753454327583
-0.03866484388709068
0.04528781771659851
0.07127741724252701
0.029396938160061836
-0.12262725830078125
0.06504625082015991
0.5160499215126038
0.22872303426265717
0.1891717165708542
0.25291553139686584
0.8252668380737305
-0.8576270937919617
0.4321327805519104
0.5078502297401428
0.03979162499308586
0.2565244138240814
0.15408362448215485
-0.049177445471286774
0.6719447374343872
1.1884212493896484
0.0029592690989375114
0.43235456943511963
-0.2431381642818451
-0.13980315625667572
0.3064579963684082
1.0614618062973022
-0.5387248396873474
0.2817555367946625
-0.23405760526657104
-0.5552391409873962
0.2246614396572113
-0.3238773047924042
0.04978859797120094
1.2582900524139404
0.16120851039886475
-0.20920610427856445
0.22523458302021027
2.1432113647460938
-0.5002920031547546
-0.001256972667761147
0.3835502862930298
0.7223946452140808
-0.13364124298095703
-0.23251250386238098
0.15401440858840942
0.18590758740901947
-0.22048787772655487
-0.10299263894557953
-0.07172372937202454
0.15403400361537933
0.17141368985176086
-0.5020927786827087
-0.06865636259317398
2.27610445022583
-0.10872815549373627
0.4282664954662323
0.7825485467910767
0.9281758666038513
0.15325121581554413
0.17957670986652374
0.0804220587015152
0.25958311557769775
0.028600087389349937
0.05901883915066719
0.23496101796627045
0.22524581849575043
0.34466221928596497
0.16100247204303741
-0.17597725987434387
0.9063680171966553
0.02069990336894989
0.02507166936993599
-0.0396914966404438
-0.036941029131412506
-0.023804137483239174
-0.06001627817749977
0.17668944597244263
-0.07179831713438034
-0.010651330463588238
-0.08096954971551895
0.043334223330020905
-0.25171732902526855
-0.09544737637042999
0.1318846493959427
-0.06002175435423851
-0.04793713986873627
-0.2247210294008255
0.049848999828100204
-0.7915005683898926
-0.08516741544008255
-0.16832315921783447
0.11778031289577484
-0.25711095333099365
-0.04450831562280655
-0.058501023799180984
0.3553948998451233
-0.25382596254348755
-0.17312850058078766
0.09242255985736847
-0.10922560095787048
0.03153902664780617
0.45246484875679016
-0.09676804393529892
0.04061346501111984
-0.010876884683966637
0.026018867269158363
0.028396176174283028
-0.01983395777642727
-0.02826645039021969
-0.002223923336714506
0.051816195249557495
-0.06610193848609924
-0.04653561860322952
-0.012465497478842735
0.022918926551938057
-0.06743905693292618
0.011992068029940128
0.005489696282893419
0.3870883584022522
-0.43106791377067566
0.19527968764305115
0.19330762326717377
-0.665118396282196
0.2107648104429245
0.3159865736961365
-0.4195457994937897
0.46171122789382935
0.2069690078496933
-0.2133753001689911
0.16912560164928436
0.24924880266189575
-0.11632772535085678
0.01036708615720272
2.2406985759735107
-0.07725951075553894
-0.00542865926399827
0.00024305035185534507
-0.014985905960202217
0.07458598911762238
-0.027368122711777687
-0.0381307527422905
-0.12730108201503754
0.015728846192359924
0.012356138788163662
0.05805345997214317
-0.02014121040701866
0.0385180227458477
-0.0018939829897135496
0.030640769749879837
0.05273294076323509
0.7017278671264648
0.3154626488685608
0.1217353492975235
0.5002855658531189
0.7040689587593079
-0.41379380226135254
0.42413538694381714
0.44469863176345825
0.7046794891357422
0.37946993112564087
0.23324494063854218
-0.0701325312256813
0.9305849075317383
-0.0007336715352721512
1.3554291725158691
0.770757257938385
0.12068492919206619
0.7888014912605286
-0.3368679881095886
0.06696581840515137
0.018422424793243408
-0.5837426781654358
0.22578474879264832
1.3005415201187134
-0.060169439762830734
0.23053327202796936
0.469382107257843
0.07403672486543655
0.6276773810386658
0.005019482225179672
0.2379205971956253
-0.28181207180023193
0.05273241177201271
-0.020146222785115242
-0.0472264438867569
0.03160908818244934
-0.02349001169204712
-0.016601640731096268
-0.02910907380282879
0.0684928223490715
0.10100653022527695
-0.048866719007492065
-0.017386972904205322
0.00022944476222619414
-0.017688658088445663
0.03550488501787186
0.010030672885477543
-0.01071277353912592
-0.17443881928920746
0.5158783793449402
0.6771470904350281
0.9766870737075806
0.45901569724082947
-0.44821467995643616
0.3018653392791748
0.1589328795671463
-0.3483904004096985
-0.1971254199743271
-0.36677369475364685
0.008703727275133133
0.4171597361564636
-0.13732373714447021
-0.28559860587120056
0.1300392746925354
0.02579445019364357
-0.01721441000699997
0.04546765610575676
-0.005031092558056116
-0.11144872009754181
-0.013637812808156013
-0.00147464859765023
0.02329539693892002
-0.043131399899721146
-0.038676656782627106
-0.02418258599936962
-0.05222618579864502
0.01698857918381691
-0.047140415757894516
0.015246419236063957
-0.08769944310188293
-0.009020812809467316
-0.027296284213662148
-0.0013889449182897806
0.006877383682876825
-0.02288021706044674
-0.01885438896715641
-0.019691450521349907
-0.04226062446832657
-0.004408847074955702
0.05779347941279411
-0.040300026535987854
-0.00039789764559827745
-0.04048338532447815
0.01856164261698723
0.032870449125766754
0.03320575878024101
-0.015003814361989498
0.08037371188402176
0.0391545444726944
-0.011423671618103981
-0.02924407832324505
-0.009994985535740852
-0.0038119368255138397
-0.03016047179698944
-0.04660778120160103
-0.04906712472438812
0.0040530916303396225
-0.10464946180582047
0.018403105437755585
0.046001892536878586
-0.007235804572701454
-0.004005244933068752
-0.0369875393807888
0.19766664505004883
0.23177464306354523
0.6595786213874817
0.06822515279054642
0.03227546438574791
-0.20186641812324524
-0.13810643553733826
-0.19032935798168182
0.05994652211666107
-0.18550720810890198
0.6309232711791992
0.2638261616230011
-0.25367972254753113
-0.24885445833206177
1.6315698623657227
0.05681227147579193
-0.08432625979185104
0.779343843460083
0.2405979335308075
-0.2752086818218231
-0.16947628557682037
0.5620877146720886
0.8287837505340576
0.007840859703719616
0.15893585979938507
0.3443598449230194
0.6498349905014038
0.10239644348621368
0.2887243628501892
1.1625725030899048
2.6502132415771484
-0.006365702487528324
-0.11647237837314606
-0.05668162927031517
-0.06591958552598953
-0.040817372500896454
-0.0029860965441912413
-0.06791340559720993
-0.020260531455278397
0.005323687102645636
-0.03382745012640953
0.0430966354906559
-0.16793274879455566
0.00554130831733346
0.0559125617146492
-0.08938919752836227
0.025239817798137665
-0.04460731893777847
-0.04387235268950462
-0.12031643092632294
-0.03603804484009743
0.2429865300655365
0.2565125823020935
-0.24558331072330475
-0.25763463973999023
0.16280247271060944
-0.3291095793247223
-0.08301863819360733
0.4332835376262665
-0.09713855385780334
0.4357677400112152
-0.029798798263072968
0.38694480061531067
0.39284470677375793
-0.546570360660553
-0.1327109932899475
0.2385425865650177
0.4765506684780121
0.2784242033958435
-0.6690877079963684
-0.2234678417444229
0.08925171196460724
-0.2673224210739136
0.6549505591392517
-0.13917158544063568
0.7457197904586792
-0.05537666380405426
-1.009434700012207
0.2538214325904846
-0.1460474133491516
-0.29296988248825073
0.6194549202919006
0.10451891273260117
-0.40032142400741577
-0.01293188240379095
0.45747703313827515
0.07761569321155548
0.11550620198249817
0.17089742422103882
0.17789575457572937
0.3581208288669586
0.1700928807258606
0.05812941491603851
0.7079542875289917
3.2348437309265137
-0.3687816262245178
0.23583099246025085
0.3743273913860321
0.3737729489803314
0.01742984727025032
0.0389784574508667
0.046544887125492096
0.22146089375019073
-0.38157448172569275
0.009301087819039822
-0.15250535309314728
-0.20578736066818237
0.13663539290428162
-0.5070317983627319
-0.1593725085258484
1.4464023113250732
0.7007743716239929
-0.20380842685699463
-0.06461068242788315
0.202966570854187
-0.12236712127923965
-0.8271315693855286
0.061229825019836426
0.02301684580743313
0.4869072735309601
-0.08776430040597916
-0.10077479481697083
-0.07261521369218826
1.0851023197174072
0.08920314908027649
-0.22380372881889343
0.21375714242458344

linear_actor,linear_actor.weight
0.4018878638744354
-2.577533721923828
-1.8439785242080688
-1.4358434677124023
-2.064211130142212
-1.9018640518188477
0.39811572432518005
-2.545933485031128
-2.0224742889404297
-2.3884997367858887
-2.193368434906006
-1.9713023900985718
-1.7939549684524536
-2.8371365070343018
-2.5469746589660645
-2.1829659938812256
-2.413425922393799
-1.9723373651504517
-2.0387840270996094
0.46017366647720337
-1.7189440727233887
-2.012047529220581
-2.190955400466919
-2.6514620780944824
-2.2511448860168457
-1.9965564012527466
-1.9457285404205322
-1.9509357213974
-2.1062748432159424
-1.985809564590454
-1.52383291721344
-1.6089860200881958
-2.0519983768463135
-1.766299843788147
-2.2389636039733887
-1.7482577562332153
0.4105057418346405
-2.5504932403564453
-1.8528302907943726
-1.3316984176635742
-2.070078134536743
-2.0605881214141846
0.48346376419067383
-2.5670878887176514
-2.0019350051879883
-2.5555474758148193
-2.2494142055511475
-2.0505237579345703
-1.9294931888580322
-2.763899564743042
-2.3300349712371826
-2.1349480152130127
-2.3172571659088135
-1.897473931312561
-2.1124117374420166
0.21152979135513306
-1.620924711227417
-1.927077293395996
-2.1381020545959473
-2.6076600551605225
-2.4074630737304688
-1.9982593059539795
-1.854600191116333
-2.0714311599731445
-2.291487455368042
-1.8096712827682495
-1.5357704162597656
-1.6866875886917114
-2.010209560394287
-1.708229422569275
-2.4205358028411865
-1.6596946716308594
0.30171313881874084
-2.678518772125244
-1.8226780891418457
-1.3424409627914429
-2.0061566829681396
-1.9119532108306885
0.32448282837867737
-2.4497928619384766
-1.8229918479919434
-2.495262861251831
-2.0952699184417725
-2.0649027824401855
-1.7534202337265015
-2.70717191696167
-2.343062162399292
-2.2898638248443604
-2.3126471042633057
-2.08000111579895
-1.98251211643219
0.574752688407898
-1.7469373941421509
-2.127427339553833
-2.323859453201294
-2.8134653568267822
-2.186234712600708
-1.838834524154663
-1.9665913581848145
-1.8001267910003662
-2.1105501651763916
-2.19242525100708
-1.8557217121124268
-1.376036286354065
-2.2286880016326904
-1.7734103202819824
-2.234318733215332
-1.4710063934326172
0.13289737701416016
-2.5868613719940186
-1.7631266117095947
-1.3876889944076538
-2.1401588916778564
-2.0454916954040527
0.18507680296897888
-2.5101115703582764
-1.8567333221435547
-2.337078094482422
-2.359326124191284
-1.6989613771438599
-1.7164051532745361
-2.6645326614379883
-2.340502977371216
-2.492225408554077
-2.4140241146087646
-1.9174473285675049
-2.0154011249542236
0.7911912798881531
-1.6270191669464111
-2.113521099090576
-2.0311453342437744
-2.8701422214508057
-2.1438441276550293
-2.0017483234405518
-1.8217005729675293
-1.9926964044570923
-2.1913845539093018
-2.087003469467163
-1.734582543373108
-1.7301559448242188
-2.0028767585754395
-1.576246738433838
-2.4017717838287354
-1.7978463172912598
