Layer,Parameter Name,Values

log_std,log_std
0.0
0.0
0.0
0.0

conv0_actor,conv0_actor.weight
4.300119400024414,

conv1_actor,conv1_actor.weight
-0.00020307666272856295,-0.06927546858787537,0.0077156731858849525,-0.3766537308692932,
0.1760060340166092,-0.3927387297153473,0.04483422636985779,-0.038108941167593,
0.15550139546394348,0.08060736954212189,0.13948066532611847,-0.26783373951911926,
-0.07780978083610535,0.1614568680524826,0.0005856608040630817,0.036684371531009674,
-0.6411563158035278,-1.0713145732879639,-1.809120535850525,-2.396526575088501,
-1.2690346240997314,-1.6147117614746094,-1.5501190423965454,-2.0128026008605957,
-1.0805253982543945,-2.2569022178649902,-1.9005658626556396,-2.248748779296875,
-0.6598239541053772,-2.191596031188965,-2.4468116760253906,-0.4385569095611572,
-0.06746093183755875,0.3949909210205078,-0.1748797595500946,-0.19359174370765686,
0.06483153998851776,-0.05914789065718651,0.16357368230819702,-0.07717712223529816,
0.14568641781806946,0.15445315837860107,0.1902075558900833,-0.05571336671710014,
-0.14288613200187683,-0.0466642901301384,0.019760560244321823,0.060865677893161774,
-1.2305512428283691,-1.8589187860488892,-2.0857105255126953,-2.044665575027466,
-0.6529476642608643,-1.8723781108856201,-2.4507672786712646,-1.3739875555038452,
-1.0580711364746094,-2.7920148372650146,-2.599367141723633,-0.2596738934516907,
-1.2505289316177368,-2.242197275161743,-2.0889580249786377,-0.4783693253993988,
0.019585007801651955,-0.3882235586643219,-0.05392824485898018,0.14282728731632233,
-0.15014368295669556,-0.08471640199422836,-0.11632390320301056,-0.10694398730993271,
-0.05854598432779312,0.013872119598090649,-0.12038324028253555,-0.034615688025951385,
-0.10806794464588165,0.1908169537782669,0.056172676384449005,0.043477293103933334,
-0.39269596338272095,-0.8091298341751099,-1.8988161087036133,-2.74265193939209,
0.15131615102291107,-1.3804688453674316,-1.679599404335022,-2.7007508277893066,
-0.09712960571050644,-2.163073778152466,-2.7087864875793457,-2.439654588699341,
-0.6526683568954468,-1.6096298694610596,-2.363344669342041,-1.946909785270691,
-0.024806074798107147,0.04107879474759102,-0.17913499474525452,-0.2813909649848938,
0.09661900997161865,-0.1964113563299179,-0.3445567786693573,-0.12952099740505219,
-0.02806360460817814,-0.20968279242515564,0.1301184445619583,0.17429198324680328,
-0.25332313776016235,0.044357601553201675,0.18695832788944244,0.2734241485595703,
0.6670166254043579,-0.5876011848449707,1.3130152225494385,4.794574737548828,
0.3293590843677521,-0.03353223577141762,1.341193437576294,4.878187656402588,
0.18469062447547913,-0.5559145212173462,1.008561372756958,4.367099285125732,
1.1760540008544922,1.0477869510650635,1.0606634616851807,3.8754239082336426,
-0.0782637745141983,0.32786068320274353,-0.045354072004556656,0.2557472288608551,
-0.1980392187833786,-0.2322908192873001,-0.10928758978843689,-0.5480096936225891,
-0.050584934651851654,0.030743099749088287,-0.10027151554822922,-0.04938506707549095,
0.01869848184287548,-0.08756621927022934,0.25165560841560364,-0.11821700632572174,
1.057322382926941,3.160881996154785,2.343207836151123,-1.2957301139831543,
1.5292376279830933,3.7855300903320312,3.643760919570923,-0.5170493721961975,
1.8753587007522583,3.732970714569092,3.563580274581909,-0.7180846929550171,
1.664045810699463,3.9581282138824463,3.1122729778289795,-0.5124756097793579,
0.3387908637523651,-0.04150013253092766,-0.08733827620744705,0.06335282325744629,
0.38802570104599,0.0030574288684874773,-0.03885641321539879,0.0064325351268053055,
0.19648750126361847,-0.20666562020778656,0.00466961320489645,0.39324718713760376,
0.006164779420942068,-0.2079799324274063,0.1042049378156662,-0.22568285465240479,
0.8960883021354675,3.211465835571289,3.3686013221740723,0.9787744283676147,
0.7328353524208069,2.6980717182159424,3.5339608192443848,0.5608364939689636,
0.3643700182437897,0.18078213930130005,1.1332679986953735,-1.111013650894165,
-0.3180801570415497,-0.7558475732803345,-0.727715015411377,-1.423269271850586,
0.3485816419124603,0.0656687542796135,0.24920426309108734,0.5201005935668945,
0.14284981787204742,0.15214362740516663,0.15093199908733368,0.1935143917798996,
-0.18752814829349518,0.043596524745225906,0.12976068258285522,-0.1541043221950531,
0.055809661746025085,-0.3863271474838257,-0.042352329939603806,-0.10778555274009705,
-0.7813619375228882,-2.5950310230255127,-2.9122493267059326,-2.8858683109283447,
-0.3601878583431244,-1.2196080684661865,-1.4996085166931152,-3.255733013153076,
0.5413421392440796,0.9012966156005859,0.1505480408668518,-2.713153600692749,
-0.03455398976802826,1.7218412160873413,0.5402621030807495,-2.478231191635132,
0.06431379914283752,-0.16812682151794434,0.05741281807422638,-0.03972768783569336,
-0.05335936322808266,0.03334406763315201,0.2759438157081604,-0.2053832709789276,
0.116599440574646,-0.054622165858745575,0.19402764737606049,-0.024241913110017776,
-0.11634618788957596,-0.02057204209268093,-0.13983362913131714,0.2654187083244324,
0.0468306802213192,1.2672067880630493,1.5479859113693237,-0.6683460474014282,
1.5313467979431152,2.122169017791748,2.654043436050415,1.5774059295654297,
1.7202309370040894,3.685551643371582,3.5521607398986816,3.901784896850586,
1.9198696613311768,3.5602638721466064,4.058829307556152,4.65244722366333,
-0.45984092354774475,0.04796837642788887,-0.26581355929374695,0.10920034348964691,
-0.2459636777639389,-0.47067874670028687,0.190124049782753,-0.42083609104156494,
-0.6602463722229004,0.12586411833763123,0.1345728188753128,-0.056404851377010345,
-0.23312807083129883,-0.2639389634132385,-0.013219373300671577,-0.0553397536277771,
0.9902375936508179,4.149621963500977,3.8030941486358643,2.353213310241699,
1.2945865392684937,4.394007205963135,4.515388488769531,1.6822397708892822,
1.5232278108596802,4.006012916564941,4.2466840744018555,3.2465667724609375,
2.5197715759277344,4.4853973388671875,4.439944267272949,3.3333680629730225,
-0.044126950204372406,-0.07939110696315765,-0.23325011134147644,-0.13800230622291565,
0.05391722545027733,0.3804202675819397,0.2065601646900177,-0.2234417051076889,
0.3049604296684265,-0.030023567378520966,0.0010460196062922478,-0.21495746076107025,
-0.01584821380674839,-0.005041854921728373,0.36001089215278625,0.041300613433122635,
-0.7473795413970947,-0.12672029435634613,-0.8231703042984009,-2.19880747795105,
-1.2356922626495361,-0.9915648102760315,-1.7135462760925293,-2.5836212635040283,
-1.1931867599487305,-2.6637930870056152,-2.5427725315093994,-2.6211414337158203,
-1.6295257806777954,-2.417584180831909,-3.0157148838043213,-2.3867080211639404,
-0.19157743453979492,-0.3261762857437134,0.05532160773873329,-0.1104377955198288,
-0.05605366453528404,-0.01186276227235794,0.2615154981613159,-0.18069209158420563,
-0.05440539866685867,-0.0753246396780014,0.11262626200914383,0.42350494861602783,
0.35305550694465637,0.10937344282865524,0.11149770766496658,-0.0772622674703598,
0.34729042649269104,2.1253159046173096,2.3455235958099365,0.21858999133110046,
1.8848603963851929,3.357999324798584,3.3682174682617188,0.8865048885345459,
1.761413812637329,3.427252769470215,3.987243413925171,0.9381408095359802,
1.704445242881775,4.207844257354736,4.054673671722412,0.4206032454967499,
0.37101563811302185,-0.037309154868125916,0.19226188957691193,0.05920982360839844,
0.040893711149692535,-0.10583627223968506,0.03579787164926529,-0.2187841534614563,
-0.10786917805671692,-0.06105061620473862,0.3348889946937561,0.020309599116444588,
0.05899692326784134,-0.07945653051137924,-0.08230571448802948,0.024069223552942276,
-0.7911964058876038,-2.8567399978637695,-2.868346691131592,-2.185964584350586,
-1.1659393310546875,-2.3673086166381836,-2.966057777404785,-2.3374505043029785,
-0.6985113620758057,-0.452962189912796,-1.0489492416381836,-1.1866694688796997,
-0.7495133280754089,-1.3208452463150024,-1.1610362529754639,-1.978621244430542,
-0.03765115141868591,0.01936301402747631,0.1535450518131256,0.03188672661781311,
-0.3830052316188812,0.007752877194434404,-0.0007975565968081355,-0.020916111767292023,
-0.24489642679691315,0.14911100268363953,0.05870244279503822,0.06380480527877808,
0.08551089465618134,-0.02768690325319767,-0.05605383962392807,-0.10483641922473907,
0.8342023491859436,0.5204506516456604,2.0598251819610596,4.680058479309082,
1.3947442770004272,2.9045047760009766,3.053227663040161,4.239114284515381,
1.8911612033843994,3.7244205474853516,3.7912607192993164,1.8011430501937866,
1.6001633405685425,3.899685859680176,3.0627992153167725,1.1684643030166626,
-0.13188429176807404,0.18470671772956848,-0.0793280228972435,0.12364364415407181,
0.08104240894317627,-0.1158909723162651,0.058006249368190765,0.1885281205177307,
0.05083782598376274,-0.09632167965173721,-0.04970720037817955,0.5338549017906189,
-0.220650777220726,-0.10660194605588913,0.27107664942741394,-0.014659902080893517,
-0.3601200580596924,-0.3449547290802002,-0.7306005358695984,-2.04685115814209,
-0.7722229957580566,-1.1929739713668823,-0.9850592613220215,-1.7945455312728882,
-1.7706167697906494,-2.4832069873809814,-2.4593355655670166,0.5818518400192261,
-1.7560611963272095,-3.181953191757202,-2.398836374282837,0.3936912417411804,
0.013012225739657879,-0.11352371424436569,-0.291937917470932,-0.3637191653251648,
-0.06268218159675598,-0.17917990684509277,-0.2874750792980194,0.14523643255233765,
0.047269873321056366,0.19647373259067535,-0.12814073264598846,-0.1281101256608963,
0.3561292290687561,0.024332160130143166,-0.004796287510544062,0.05776829272508621,
1.1886067390441895,3.8551270961761475,4.31576681137085,4.127710342407227,
1.2894166707992554,4.311673164367676,4.612401485443115,4.144938945770264,
1.3694071769714355,3.650110960006714,2.6444873809814453,0.21902009844779968,
1.3223243951797485,3.629967451095581,2.6064515113830566,0.46969160437583923,
0.08788198232650757,0.5349659323692322,0.36576542258262634,-0.08377055078744888,
-0.1618848443031311,-0.03153190761804581,-0.03972547873854637,-0.15014632046222687,
-0.08713652193546295,0.2889646589756012,0.05362819507718086,0.0733993723988533,
-0.1874200403690338,-0.137717604637146,0.16802336275577545,-0.23981454968452454,
1.5766605138778687,3.50418758392334,3.7021644115448,3.6000187397003174,
1.3068006038665771,3.3153512477874756,4.583551406860352,4.364360809326172,
0.8989149332046509,-0.3308415412902832,1.6137535572052002,4.250785827636719,
0.8112929463386536,-0.4535515606403351,-0.20824569463729858,3.700866222381592,
0.44352027773857117,0.268067866563797,0.02302243374288082,0.14395783841609955,
-0.2182345986366272,0.509823739528656,0.030529113486409187,0.3714071810245514,
0.29342544078826904,0.11749638617038727,0.02310873381793499,-0.19598959386348724,
0.18817292153835297,0.0727003663778305,0.22958216071128845,0.03749985992908478,
0.8720248341560364,3.8355154991149902,4.249147891998291,1.821391224861145,
1.6942148208618164,3.723707914352417,4.416015148162842,3.6939589977264404,
1.9553908109664917,4.067306995391846,3.490196704864502,3.9530274868011475,
1.5099977254867554,2.445805549621582,2.607727527618408,4.458649158477783,
-0.1436125934123993,-0.07190164178609848,0.4318808913230896,-0.29245156049728394,
-0.028988642618060112,0.19892902672290802,-0.039952605962753296,0.1356382817029953,
0.021719880402088165,0.07483846694231033,-0.402333527803421,-0.01607499085366726,
0.28282004594802856,0.1754690706729889,-0.16941751539707184,0.183760404586792,
-0.5519956946372986,-0.7497959136962891,-0.7733376026153564,-1.0147520303726196,
-0.9426166415214539,-1.0959620475769043,-1.2722158432006836,-1.8207762241363525,
-0.8431840538978577,-0.7610761523246765,-1.0179989337921143,-2.468726873397827,
-1.5115368366241455,-0.8455266356468201,-0.8634999394416809,-2.3816423416137695,
-0.1430358588695526,0.07336730509996414,0.15760169923305511,-0.09502469003200531,
0.09914924204349518,-0.24749509990215302,-0.012544944882392883,-0.06721499562263489,
0.1421772539615631,0.19382213056087494,0.1705283671617508,0.17998430132865906,
-0.06924916803836823,0.1334892213344574,0.236599400639534,-0.01868055947124958,
1.239477276802063,3.7145745754241943,4.0925726890563965,1.627334713935852,
1.9340827465057373,4.329840660095215,4.537400245666504,3.145350694656372,
1.7917563915252686,3.344052791595459,4.0385212898254395,4.02398157119751,
1.701483964920044,3.3074376583099365,3.665386915206909,3.6255722045898438,
0.01496882550418377,-0.16670820116996765,0.24306195974349976,0.2408468872308731,
-0.13874876499176025,-0.07419238239526749,-0.14848104119300842,0.3028400242328644,
-0.39094972610473633,-0.20832499861717224,0.19527027010917664,-0.03469526022672653,
-0.012903024442493916,0.14314833283424377,0.09308963268995285,0.14653132855892181,
0.6538519859313965,1.1369813680648804,2.389286518096924,4.254483699798584,
-0.2974933683872223,-0.5399898886680603,0.814754843711853,4.154642105102539,
-0.8787928223609924,-1.9033726453781128,-1.0311100482940674,1.0991772413253784,
-1.0742930173873901,-1.8241864442825317,-2.221665382385254,-0.20146146416664124,
0.23461422324180603,0.024164706468582153,0.17905078828334808,0.32787176966667175,
0.08591823279857635,-0.03289734199643135,0.0071835583075881,-0.0857413113117218,
-0.04634658247232437,0.07542390376329422,0.28153786063194275,0.06575391441583633,
-0.14065703749656677,-0.08364502340555191,0.09599924087524414,0.08378839492797852,
-0.35920172929763794,-0.594565212726593,-0.7428300380706787,-1.558455228805542,
-0.57676762342453,-0.2621533274650574,-1.1916885375976562,1.2848577499389648,
-1.003848671913147,-1.512701392173767,-0.4343246817588806,3.2306058406829834,
-1.0603212118148804,-1.6826592683792114,-1.2503726482391357,2.822279214859009,
0.23419621586799622,-0.12588617205619812,-0.0020577129907906055,0.17125925421714783,
0.08831986784934998,0.21978914737701416,0.04728187620639801,-0.08102172613143921,
0.06702295690774918,-0.13936330378055573,0.1691705584526062,0.10645847022533417,
-0.026266921311616898,-0.046359799802303314,-0.1061181128025055,0.2472984939813614,
-0.35212475061416626,-1.6993675231933594,-2.1673834323883057,-2.3726439476013184,
-1.2923071384429932,-1.9094016551971436,-3.0698869228363037,-2.4020326137542725,
-0.5015175938606262,-2.375649929046631,-2.7864174842834473,-0.11402511596679688,
-0.5556417107582092,-1.819329023361206,-1.9764907360076904,0.4625588357448578,
0.2874671518802643,0.014406309463083744,-0.22981573641300201,0.005500358529388905,
0.0481233149766922,-0.14662665128707886,-0.16250565648078918,0.15897014737129211,
-0.16606983542442322,-0.06605386734008789,0.3777257800102234,0.020516106858849525,
-0.1806177794933319,0.07455172389745712,0.14411893486976624,-0.10575892776250839,
-0.4307574927806854,0.6264773011207581,0.9542469382286072,2.0897297859191895,
1.6951066255569458,2.3386588096618652,3.257685661315918,3.8731608390808105,
1.3907593488693237,4.210441589355469,4.277688503265381,3.9279091358184814,
2.000103712081909,4.030406951904297,4.179887771606445,3.4827723503112793,
0.3473949730396271,0.21598292887210846,-0.15529535710811615,-0.5131389498710632,
-0.21292728185653687,-0.12353362143039703,0.1438717246055603,-0.15399572253227234,
0.24817194044589996,-0.01956903748214245,-0.013538500294089317,-0.035909514874219894,
-0.1506214737892151,0.009322564117610455,0.14702658355236053,-0.10450126230716705,
0.7407115697860718,0.3787056803703308,1.3520597219467163,4.569088935852051,
0.7426035404205322,0.31379416584968567,0.658816933631897,4.728589057922363,
-0.39757800102233887,-0.8494299650192261,0.47594231367111206,4.340101718902588,
0.08596811443567276,-0.42498525977134705,-0.433942586183548,3.5638697147369385,
0.27901455760002136,-0.09038245677947998,-0.2156066596508026,-0.11636847257614136,
0.013321813195943832,0.1555296629667282,0.0844373106956482,-0.05521629750728607,
-0.0952955111861229,-0.05810704454779625,-0.06000002473592758,-0.1710137128829956,
-0.21953997015953064,0.19781318306922913,-0.14492924511432648,0.349570631980896,
1.7845548391342163,3.5867793560028076,4.570878505706787,3.8894240856170654,
1.1312636137008667,3.35953688621521,4.162762641906738,3.9285969734191895,
0.462297260761261,-0.6279110312461853,0.6430507898330688,0.6571018695831299,
-0.27295956015586853,-1.43657386302948,-0.8627796173095703,-0.2836035192012787,
0.2498961240053177,0.1666865199804306,-0.07581997662782669,-0.2119378000497818,
0.04709610715508461,0.29387959837913513,-0.038850266486406326,0.31645694375038147,
-0.03491072356700897,-0.0959935188293457,-0.055876243859529495,0.319444864988327,
-0.008174306713044643,0.04187629744410515,-0.13364897668361664,0.032093290239572525,
1.5792328119277954,3.8365209102630615,4.259949207305908,3.5152227878570557,
1.6269909143447876,3.3524527549743652,4.402309417724609,3.983116865158081,
1.0949536561965942,1.5253568887710571,2.711254835128784,1.9972715377807617,
0.7803202867507935,1.037196159362793,1.0335863828659058,0.8213934898376465,
-0.21336960792541504,-0.11233905702829361,0.07931273430585861,-0.001257105846889317,
-0.295243501663208,0.15947215259075165,-0.3535178303718567,-0.32656392455101013,
-0.18756651878356934,0.13999883830547333,-0.179224893450737,-0.0458613820374012,
-0.10436089336872101,0.09844085574150085,0.34134218096733093,-0.16528940200805664,
1.370408296585083,1.5562071800231934,2.8733322620391846,4.743934631347656,
1.0787893533706665,0.308773398399353,1.8464478254318237,4.552611827850342,
-0.15627261996269226,-1.2700480222702026,0.055844034999608994,1.6386064291000366,
0.15665635466575623,-0.978766143321991,-1.491808533668518,1.006616473197937,
0.145670086145401,-0.2693423628807068,0.08084127306938171,-0.07592302560806274,
-0.12617264688014984,9.668122947914526e-05,0.021126333624124527,-0.026198655366897583,
-0.12029068917036057,-0.014210445806384087,0.4283382296562195,0.09933628141880035,
-0.19049595296382904,0.010008291341364384,-0.19164155423641205,0.044646620750427246,
1.4315439462661743,3.938155174255371,3.6048529148101807,3.1601545810699463,
1.558139443397522,3.280893325805664,3.8048007488250732,4.286525726318359,
1.0229521989822388,0.9613674283027649,2.0243682861328125,4.155839920043945,
0.7668167948722839,0.6960389018058777,0.9033939838409424,3.800335645675659,
0.06691412627696991,-0.014817350544035435,0.05348750576376915,0.3185786008834839,
-0.01996958628296852,0.22410765290260315,-0.08962063491344452,-0.13440445065498352,
0.004364791791886091,-0.42218008637428284,0.1872987300157547,0.15060579776763916,
-0.02870136871933937,-0.2505263388156891,0.11915317177772522,-0.009774474427103996,
0.260125994682312,-0.3033283054828644,0.8765998482704163,4.881462574005127,
0.7201728224754333,0.2950282692909241,1.0875855684280396,4.857170104980469,
1.8432555198669434,2.5009407997131348,2.7473607063293457,4.023869037628174,
1.3554641008377075,1.300789713859558,1.3375835418701172,3.7622478008270264,
-0.21355046331882477,0.23382897675037384,0.02475917339324951,-0.011225756257772446,
-0.07141481339931488,0.25142380595207214,0.2746416926383972,-0.16902145743370056,
-0.08522708714008331,0.12460732460021973,0.0517357662320137,-0.0807824581861496,
0.27300140261650085,-0.11948303878307343,0.3667837977409363,-0.21125614643096924,
-0.7079747319221497,-0.07670001685619354,-1.0831981897354126,-3.302645444869995,
1.4257961511611938,1.4495782852172852,0.9523912668228149,-2.8708009719848633,
1.5819370746612549,2.6222164630889893,1.1348727941513062,-1.0109208822250366,
2.077955484390259,4.061686038970947,3.1934337615966797,-0.10431372374296188,
-0.25744742155075073,-0.037217579782009125,-0.023040547966957092,-0.30383720993995667,
-0.1526869237422943,-0.06221994012594223,-0.1396884024143219,-0.09318345785140991,
-0.07284504175186157,0.14718715846538544,-0.030667055398225784,-0.2717931866645813,
-0.3523372709751129,-0.28833454847335815,0.13523618876934052,0.23850813508033752,
1.2168583869934082,3.2980663776397705,3.4283993244171143,0.9397283792495728,
1.6170248985290527,3.8786520957946777,4.545841693878174,1.2484272718429565,
1.5880587100982666,4.257286071777344,4.319226264953613,0.4698149561882019,
1.370125412940979,3.260528326034546,2.8720555305480957,0.6479688882827759,
0.022755371406674385,0.09007733315229416,0.12936411798000336,0.1537909358739853,
0.04608308896422386,0.2248460203409195,-0.37045758962631226,0.017594482749700546,
0.40455085039138794,-0.046656131744384766,-0.06787912547588348,0.2824347913265228,
-0.006498569156974554,-0.06348926573991776,-0.2384292334318161,-0.2301741987466812,
1.709736943244934,4.085003852844238,4.234578609466553,4.6253862380981445,
1.1405534744262695,2.488269567489624,3.976637125015259,4.225618362426758,
0.6521708369255066,0.07154147326946259,0.680861234664917,0.7462891936302185,
0.3273238241672516,-0.6871285438537598,-0.31440669298171997,-0.1518739014863968,

conv2_actor,conv2_actor.weight
0.01813477650284767,-0.01772238127887249,
0.016246234998106956,-0.026639074087142944,
-0.003387888427823782,-0.026756973937153816,
-0.004141082987189293,-0.025362653657794,
-0.004903003573417664,0.03184356167912483,
-0.01355038583278656,-0.024958165362477303,
-0.034638989716768265,-0.015948336571455002,
-0.016404451802372932,-0.0011537648970261216,
0.003053033957257867,0.014050793834030628,
-0.02556695230305195,0.009067143313586712,
0.019366968423128128,-0.006136002019047737,
0.004032549913972616,-0.021485667675733566,
0.007934962399303913,0.011525404639542103,
0.007750852033495903,-0.011207901872694492,
0.02398357354104519,-0.025947466492652893,
-0.0013731226790696383,-0.02265280671417713,
-0.03174770623445511,-0.013751596212387085,
0.00824647769331932,0.004866241943091154,
0.0039015808142721653,0.00796982366591692,
-0.011944163590669632,-0.008150804787874222,
-0.01979527249932289,0.010366423055529594,
0.013459758833050728,0.018843263387680054,
-0.010490254499018192,-0.007851643487811089,
0.07142580300569534,-0.02112737111747265,
-0.00996862631291151,-0.013532265089452267,
0.03886663168668747,0.02535415254533291,
0.0218371395021677,0.005580959841609001,
0.013819236308336258,-0.030141960829496384,
0.017551014199852943,-0.005948962178081274,
-0.03536409139633179,0.002113661030307412,
-0.028530161827802658,0.045520614832639694,
0.011364299803972244,-0.01324879564344883,
0.020938482135534286,0.01262403093278408,
0.04131665453314781,-0.006133335642516613,
-0.00964554212987423,0.011639688163995743,
-0.021938765421509743,-0.007205905392765999,
-0.009724133647978306,-0.0030345553532242775,
0.006570113822817802,-0.007281874772161245,
-0.035420406609773636,0.0071677700616419315,
-0.009882764890789986,-0.005032970570027828,
-0.036947231739759445,-0.026804912835359573,
-0.043983448296785355,-0.00914754904806614,
-0.02238205447793007,0.0006098782178014517,
0.021126480773091316,-0.047677189111709595,
0.03979239612817764,0.005314470734447241,
0.03966407850384712,0.02759685553610325,
-0.013602079823613167,-0.011886653490364552,
0.005961707327514887,-0.03898444026708603,
0.003345499513670802,-0.024294335395097733,
0.039580635726451874,0.0400572270154953,
-0.0004970353911630809,-0.010983038693666458,
-0.047689758241176605,0.030078090727329254,
0.012869933620095253,0.03725971281528473,
0.009358908049762249,-0.02196238562464714,
-0.017906585708260536,0.006998916156589985,
0.01731024868786335,0.006284336093813181,
-0.01082159485667944,-0.012709659524261951,
-0.030958671122789383,-0.009814999997615814,
0.028018265962600708,0.0345400907099247,
0.0068987407721579075,0.018261518329381943,
-0.010102306492626667,-0.03865218535065651,
0.007603690959513187,-0.0005619939183816314,
-0.013865106739103794,0.006933621596544981,
-0.0020878484938293695,-0.03509417548775673,
0.0025976451579481363,0.001766456407494843,
-0.031092330813407898,-0.03352556377649307,
-0.02241462655365467,-0.0016908181132748723,
0.007955560460686684,-0.009051480330526829,
0.005987185053527355,-0.015437315218150616,
0.007629775442183018,-0.03354908153414726,
-0.029000885784626007,-0.005738251376897097,
0.042670268565416336,0.013128502294421196,
-0.025267014279961586,-0.011221998371183872,
0.041808851063251495,0.024760637432336807,
-0.03380531072616577,-0.007823645137250423,
-0.01650979369878769,0.0235916655510664,
0.015252855606377125,-0.0401875339448452,
-0.005646497942507267,0.011928464286029339,
0.0023820726200938225,-0.025722481310367584,
-0.0410466268658638,0.019878407940268517,
0.03902474790811539,-0.015119088813662529,
0.015930265188217163,0.007069708313792944,
0.009778670966625214,-0.0024610154796391726,
0.012787781655788422,-0.01296675018966198,
-0.039772991091012955,0.01403825730085373,
0.04157187417149544,0.02368437685072422,
0.0293512511998415,0.00043868724605999887,
-0.01705036871135235,-0.014536177739501,
0.02714606747031212,-0.018989257514476776,
-0.004053499549627304,-0.0037191410083323717,
-0.03339869901537895,-0.02899499051272869,
0.019570665434002876,0.009689860977232456,
0.05006108805537224,0.02917475998401642,
0.003608566941693425,-0.00909504946321249,
-0.006412527523934841,-0.024181105196475983,
0.0207210760563612,0.021004170179367065,
-0.028014108538627625,-0.03064018487930298,
0.024985847994685173,-0.008990691974759102,
0.03544746711850166,0.031019117683172226,
-0.0013661663979291916,0.006183917168527842,
0.003418215084820986,-0.041273560374975204,
0.02537642978131771,0.009780519641935825,
-0.05438577011227608,-0.01447847206145525,
-0.0014517121016979218,-0.0043065850622951984,
-0.02307218872010708,0.012971624732017517,
0.026558656245470047,0.006605398841202259,
-0.00028622447280213237,-0.017043586820364,
0.0020142109133303165,0.0176245030015707,
0.013834832236170769,0.007111219689249992,
-0.029763437807559967,0.0009349687024950981,
0.010092533193528652,-0.027139835059642792,
0.005527472123503685,0.011790147051215172,
-0.007184633985161781,-0.0012176824966445565,
-0.047480203211307526,0.06066388264298439,
0.023753982037305832,0.01260107010602951,
0.0012625321978703141,0.05873596668243408,
0.032528556883335114,-0.010356338694691658,
0.02743292786180973,0.004346206784248352,
0.007075924891978502,-0.02359873056411743,
0.05573296919465065,-0.05441258102655411,
0.011363117024302483,-0.03732502460479736,
0.023375824093818665,0.002112405840307474,
0.019600678235292435,0.0023084809072315693,
0.005169759504497051,0.017110440880060196,
0.003356090048328042,0.02148033119738102,
0.018603332340717316,-0.021379198879003525,
0.016129422932863235,0.020983917638659477,
-0.004250831436365843,-0.0015973434783518314,
-0.0004410354304127395,-0.0023242344614118338,
-0.029379280284047127,-0.0003703250549733639,
0.04730517789721489,0.019866902381181717,
-0.05100104212760925,0.019035445526242256,
-0.009336898103356361,0.011032519862055779,
0.01888716220855713,-0.003930571023374796,
0.008808651939034462,0.025061411783099174,
0.010890024714171886,0.003048225771635771,
0.041455984115600586,-0.04021131247282028,
0.009246123023331165,-0.044229261577129364,
-0.0024035160895437002,0.02358625829219818,
-0.01593135856091976,0.016774863004684448,
0.021919386461377144,-0.03625061362981796,
0.004855743143707514,0.013038446195423603,
-0.013586616143584251,0.014500152319669724,
-0.03452027216553688,-0.01038510911166668,
-0.006497087888419628,0.03699973225593567,
-0.005326339974999428,-0.04341892525553703,
0.03380921483039856,-0.007853987626731396,
-0.02922898717224598,-0.0420820377767086,
0.0016070123529061675,0.014118398539721966,
0.016696356236934662,0.02025844156742096,
-0.03192618861794472,-0.013194059953093529,
-0.027204927057027817,0.01880343072116375,
-0.025200137868523598,0.01063606422394514,
0.0141989691182971,-0.013588134199380875,
0.008502250537276268,-0.02224649116396904,
-0.00020344847871456295,-0.02029191516339779,
0.00850143376737833,0.00928507000207901,
0.006646253634244204,0.01897362247109413,
-0.03199579194188118,0.003231345908716321,
-0.01853611320257187,-0.0010502258082851768,
0.003705541603267193,-0.06737714260816574,
-0.029306378215551376,0.004760182928293943,
-0.0028372835367918015,-0.01645374298095703,
0.019682714715600014,0.012019583024084568,
0.003891789587214589,0.02058195136487484,
-0.015044852159917355,-0.023073291406035423,
-0.008217761293053627,-0.008606362156569958,
0.031291913241147995,0.021968862041831017,
0.0003726409049704671,0.010126065462827682,
-0.004825008101761341,-0.0012173957657068968,
0.009077741764485836,0.036455098539590836,
-0.0518273189663887,-0.00939377211034298,
0.030072150751948357,-0.0006134527502581477,
-0.030780425295233727,0.026513032615184784,
0.0059754266403615475,0.0151499193161726,
0.0026422927621752024,0.023451367393136024,
-0.014575323089957237,0.01816057227551937,
-0.01719442568719387,-0.04123280569911003,
0.010285282507538795,0.004697045311331749,
0.029305029660463333,0.006113692186772823,
0.04800982028245926,0.022070612758398056,
-0.0017952994676306844,-0.0071069891564548016,
-0.012140222825109959,-0.008968321606516838,
2.8271451810724102e-05,-0.009120501577854156,
-0.02517457865178585,0.009601186029613018,
-0.013177919201552868,0.013017100282013416,
0.0051589664071798325,0.0499541237950325,
0.03202090039849281,-0.007151993457227945,
0.03354647755622864,-0.009119564667344093,
-0.005536011420190334,0.021965114399790764,
0.019627725705504417,-0.016458122059702873,
0.00319270440377295,0.02463025227189064,
-0.036631181836128235,0.055378444492816925,
-0.011418565176427364,0.013585827313363552,
0.010431666858494282,-0.0023035025224089622,
-0.001835592556744814,0.009708121418952942,
0.004394983407109976,-0.005791527219116688,
-0.016268638893961906,-0.012289543636143208,
-0.012909968383610249,-0.03300967440009117,
0.00837115291506052,-0.008525409735739231,
-0.009454315528273582,0.00817152950912714,
-0.00438980245962739,0.010602072812616825,
0.0021813020575791597,0.01225566677749157,
0.011388203129172325,0.0052557578310370445,
0.011965738609433174,-0.016306139528751373,
0.025216449052095413,-0.0028738107066601515,
0.0005594296380877495,0.015754207968711853,
-0.005518051795661449,0.0014041049871593714,
-0.056273628026247025,-0.03010501153767109,
0.004924588371068239,0.04043117165565491,
0.009224540553987026,-0.0024294722825288773,
-0.0012170074041932821,0.001287839375436306,
0.0016269385814666748,0.006844296585768461,
-0.003929042257368565,0.009387285448610783,
-0.018795739859342575,-0.01981227472424507,
0.033751171082258224,-0.03077506273984909,
0.04873314127326012,0.00833316333591938,
-0.006436334457248449,-0.02509809471666813,
0.007253509946167469,0.013550803065299988,
0.03338126838207245,-0.005369237158447504,
0.01316638384014368,-0.008174307644367218,
-0.019677435979247093,-0.000889868475496769,
0.05244152247905731,0.019014965742826462,
-0.03152472898364067,-0.04211021959781647,
0.0005227221408858895,-0.011494611389935017,
-0.028232162818312645,-0.0034415347035974264,
-0.013728479854762554,0.013951846398413181,
-0.0011475908104330301,-0.002107047475874424,
0.024109330028295517,-0.002533321501687169,
-0.026034506037831306,0.033739328384399414,
0.015112653374671936,0.015948645770549774,
-0.025554176419973373,0.016883686184883118,
0.009228033013641834,0.022995207458734512,
0.008806816302239895,-0.01379422564059496,
0.036913346499204636,0.030195247381925583,
0.03989147022366524,0.025463668629527092,
-0.020948920398950577,0.030863536521792412,
-0.016825418919324875,-0.005930163431912661,
-0.008368561044335365,0.04180968925356865,
-0.01042701955884695,0.018246831372380257,
0.0382147841155529,0.002981061115860939,
0.002262002555653453,0.010476481169462204,
-0.017941920086741447,0.0149378702044487,
-0.015441052615642548,-0.013578488491475582,
0.012597290799021721,-0.0212715957313776,
-0.016201002523303032,0.0063444217666983604,
-0.017147157341241837,0.051979031413793564,
-0.0009610701818019152,0.013510512188076973,
0.02739199995994568,-0.06612176448106766,
-0.01876101642847061,0.022260764613747597,
-0.028993936255574226,-0.031119856983423233,
0.02439003810286522,0.007545274216681719,
-0.0006243265816010535,-0.02944009006023407,
0.018857352435588837,-0.009545957669615746,
0.007518860045820475,-0.0020822384394705296,
0.0001394174323650077,0.0003933735715691,
-0.005837017670273781,0.012664176523685455,
-0.03571940213441849,-0.006954581011086702,
0.0057301390916109085,-0.01977776549756527,
-0.0025704961735755205,-0.004668183624744415,
0.038117799907922745,0.010964052751660347,
0.0031821387819945812,0.025555575266480446,
0.007690378464758396,-0.006496679037809372,
0.010574905201792717,-0.0053606219589710236,
-0.0725349634885788,-0.00029675179393962026,
0.012210113927721977,0.0023510647006332874,
-0.0016439458122476935,-0.004048237111419439,
-0.0282551571726799,-0.007100054062902927,
0.007371729239821434,0.06453628093004227,
0.014161028899252415,0.011417549103498459,
0.014385608024895191,-0.006207020487636328,
-0.01647416315972805,0.03865375742316246,
0.016549132764339447,0.012916497886180878,
-0.008680414408445358,-0.03228697553277016,
0.0015430833445861936,0.001826872699894011,
-0.02280854433774948,0.009017307311296463,
-0.013837833888828754,0.012517905794084072,
-0.001617765286937356,-0.022066382691264153,
-0.016635283827781677,-0.015880154445767403,
0.014987782575190067,-0.02306419052183628,
-0.014096756465733051,0.002274517435580492,
0.028279457241296768,-0.005688541568815708,
0.0002201218158006668,0.014315526932477951,
-0.010510087944567204,-0.02262916974723339,
-0.006464594975113869,-0.011826434172689915,
0.00655724760144949,0.02891690284013748,
-0.019358713179826736,0.006504335440695286,
-0.022335587069392204,-0.021295640617609024,
-0.03684551641345024,-0.0227130725979805,
0.034620240330696106,-0.018539583310484886,
0.03403479605913162,-0.033474039286375046,
0.029412874951958656,0.007585502695292234,
0.034983787685632706,0.012838034890592098,
0.010275552049279213,0.013010265305638313,
-0.004751093219965696,0.0034885008353739977,
-0.014974863268435001,-0.020144334062933922,
-0.020361166447401047,-0.005761457607150078,
0.005886786617338657,-0.00892198272049427,
0.01312591228634119,0.03788160905241966,
0.004017492290586233,0.018976619467139244,
-0.00308439414948225,-0.0038662308361381292,
-0.01288000401109457,-0.0056893969886004925,
0.012561788782477379,-0.03825614973902702,
0.0019728525076061487,-0.05610578507184982,
-0.0021632839925587177,0.019879896193742752,
0.014929329976439476,-0.06369183957576752,
0.03502041473984718,-0.0025369557552039623,
0.003245807718485594,-0.010162892751395702,
0.04121587797999382,-0.058341048657894135,
0.017210301011800766,-0.024074135348200798,
-0.005444382783025503,0.027470111846923828,
-0.0028246643487364054,-0.018634039908647537,
-0.027388321235775948,0.03375726193189621,
0.0003482211322989315,-0.016346042975783348,
0.0075590037740767,-0.007293918170034885,
-0.04333965480327606,0.011833855882287025,
0.0037592854350805283,-0.017054980620741844,
-0.0005350520368665457,0.02921895869076252,
-0.04530284181237221,-0.01305617019534111,
-0.018565408885478973,-0.003021352691575885,
-0.0068652271293103695,0.022566409781575203,
0.04260025918483734,-0.03269532322883606,
-0.010226727463304996,-0.053178779780864716,
0.002602302236482501,-0.0070680114440619946,
0.0028838536236435175,-0.00490691140294075,
-0.010752321220934391,0.017627306282520294,
-0.0018287594430148602,-0.002245626412332058,
0.022531211376190186,0.013256642036139965,
-0.03316818177700043,0.03634177893400192,
0.02656746655702591,-0.009945877827703953,
0.009349084459245205,0.024140633642673492,
0.0001580540556460619,-0.014211220666766167,
-0.04506067559123039,-0.02027793414890766,
0.0210484080016613,0.007034201640635729,
0.020085623487830162,-0.024288343265652657,
-0.06964930891990662,0.007468723691999912,
-0.016937019303441048,0.0154587896540761,
0.03673193231225014,-0.0138833774253726,
-0.009424788877367973,0.0019288765033707023,
0.0025494471192359924,0.0002950495691038668,
-0.004403704311698675,0.017034083604812622,
0.046467479318380356,0.018170610070228577,
-0.027742208912968636,0.009818377904593945,
0.03766319900751114,0.03988758847117424,
-0.016939042136073112,-0.012324118055403233,
-0.009564314037561417,0.006423810962587595,
-0.005026822444051504,0.030609741806983948,
0.011097337119281292,0.0026045937556773424,
0.003309811931103468,-0.02337375469505787,
-0.0020181317813694477,-0.005507525056600571,
-0.008910994976758957,-0.0012362790293991566,
0.0006259707733988762,0.004714613780379295,
-0.010478924959897995,0.012661047279834747,
-0.005237423349171877,0.03844384104013443,
0.054504845291376114,-0.0034885085187852383,
-0.025808095932006836,-0.008516497910022736,
0.010906130075454712,-0.019212741404771805,
-0.004675294738262892,0.022507136687636375,
0.02048768848180771,-0.02890968509018421,
-0.003432030323892832,-0.02344096265733242,
0.018676364794373512,-0.0015303260879591107,
0.0028720537666231394,-0.014529070816934109,
-0.04361174628138542,0.010707523673772812,
-0.022211775183677673,-0.035772815346717834,
0.012311291880905628,-0.01347355917096138,
-0.0016112154116854072,-0.035211578011512756,
0.03653885796666145,-0.0040577733889222145,
0.034417543560266495,-0.0004399205790832639,
0.0402301624417305,0.022799020633101463,
-0.001161161926575005,0.0021219828631728888,
-0.030162783339619637,0.028751417994499207,
0.0018334860214963555,-0.005656060762703419,
-0.02350672520697117,0.022079788148403168,
0.0034603190142661333,-0.0200066976249218,
0.0037588742561638355,-0.006381861865520477,
0.040638118982315063,0.008915111422538757,
0.02285074256360531,0.008738670498132706,
0.022910311818122864,-0.024294132366776466,
0.009139278903603554,-0.0018834054935723543,
0.017154574394226074,-0.006325863767415285,
0.007983717136085033,-0.011576009914278984,
0.011829283088445663,-0.019063226878643036,
0.001655776984989643,0.003434517653658986,
0.025006046518683434,0.028369015082716942,
0.004732396453619003,0.014941764995455742,
0.038401514291763306,0.024495897814631462,
0.0005260473699308932,0.029481016099452972,
0.012186204083263874,0.0189497247338295,
0.019310496747493744,-0.02622755616903305,
0.006811568047851324,-0.03561624512076378,
0.01710496097803116,-0.041874561458826065,
0.014592895284295082,-0.015137051232159138,
-0.04304060712456703,-0.012434606440365314,
0.025922000408172607,-0.04592060297727585,
0.020382337272167206,-0.026792408898472786,
-0.01520833931863308,-0.022564170882105827,
0.04449683427810669,-0.030417943373322487,
-0.0079564917832613,-0.03186045214533806,
0.00028095481684431434,0.019695525988936424,
0.037787098437547684,0.006329793948680162,
-0.014875093474984169,-0.01459189597517252,
-0.004010470118373632,-0.007297104224562645,
-0.025849713012576103,0.013435632921755314,
0.028199829161167145,0.005104402080178261,
0.02360331453382969,0.015485493466258049,
-0.02774788811802864,-0.029415767639875412,
0.009788154624402523,-0.021071061491966248,
0.027420729398727417,-0.017270738258957863,
-0.007061472628265619,0.015763845294713974,
-0.013439786620438099,0.02303456701338291,
0.00675359508022666,-0.011248212307691574,
-0.004650092218071222,0.03954146057367325,
-0.01882236637175083,0.007257330697029829,
0.017485538497567177,0.023132706061005592,
0.019415291026234627,-0.0056426371447741985,
0.010132220573723316,-0.008991299197077751,
0.01349320262670517,-0.0095983212813735,
-0.009301935322582722,0.01452978327870369,
-0.04494522511959076,0.03975219652056694,
0.02823815681040287,0.014202074147760868,
-0.031068973243236542,-0.02635987661778927,
-0.0013955025933682919,0.01118410099297762,
0.006381772458553314,-0.0003881535376422107,
-0.0044822124764323235,0.004415698349475861,
-0.015532868914306164,-0.0013823608169332147,
0.006444680970162153,0.014317451044917107,
0.025035550817847252,0.000713486282620579,
0.001552141853608191,0.012070531956851482,
0.022663084790110588,0.03748477250337601,
0.04822111502289772,-0.002653953153640032,
0.018801379948854446,-0.004265562165528536,
0.014472031965851784,-0.060594890266656876,
0.004918854217976332,-0.01977274939417839,
0.013598604127764702,-0.00811134185642004,
0.024846229702234268,0.0015920308651402593,
-6.664606917183846e-05,-0.0020908324513584375,
-0.013064727187156677,-0.011372880078852177,
-0.007914602756500244,0.007182781118899584,
0.011574985459446907,0.03633502498269081,
-0.01831085793673992,-0.0358135923743248,
0.0035330725368112326,0.02180110290646553,
0.003662649542093277,-0.017013007774949074,
-0.012658153660595417,0.01428571343421936,
-0.016570324078202248,-0.01968996599316597,
0.003985213115811348,0.005055142566561699,
0.020800884813070297,-0.024697428569197655,
-0.03813318535685539,0.013581246137619019,
-0.010007274337112904,0.007590156514197588,
-0.03667756915092468,0.009397484362125397,
-0.027099354192614555,-0.02540704794228077,
0.009439668618142605,-0.0005609731888398528,
-0.013926377519965172,-0.0337211936712265,
-0.01658106967806816,0.03934350982308388,
-0.03667471557855606,0.021899767220020294,
0.011890005320310593,0.01612541824579239,
0.026444481685757637,-0.045359011739492416,
-0.001742460299283266,-0.020770231261849403,
0.0010030290577560663,0.0007838674355298281,
-0.013656018301844597,0.018718333914875984,
0.04763121157884598,-0.006308284122496843,
-0.01495555229485035,0.022963417693972588,
-0.01571463979780674,7.125862612156197e-05,
-0.014113076031208038,0.012455604039132595,
0.021142156794667244,0.014945250004529953,
-0.029346488416194916,-0.048571012914180756,
-0.026171952486038208,0.0771198719739914,
0.008017475716769695,-0.02920488826930523,
0.02806037850677967,0.019560180604457855,
0.011613029055297375,-0.00534082343801856,
-0.014285330660641193,0.029807988554239273,
0.06029655411839485,0.01382521353662014,
0.03230101615190506,0.05808958411216736,
-0.03527605161070824,0.017256025224924088,
-0.006718575023114681,-0.049158841371536255,
-0.01605454832315445,0.00014322495553642511,
0.039151281118392944,0.0016052268911153078,
0.031023722141981125,0.013727930374443531,
0.04547220841050148,0.015488014556467533,
0.02378459833562374,0.0347384475171566,
-0.007611930835992098,0.033263109624385834,
-0.00892577413469553,0.0011691682739183307,
-0.025078704580664635,0.009815223515033722,
0.004098332021385431,0.00947699137032032,
0.0047010388225317,0.010846436955034733,
0.010203675366938114,-0.0009748652228154242,
-0.0007533664465881884,-0.03736110404133797,
-0.0010150724556297064,0.013662704266607761,
0.020079057663679123,-0.0016614553751423955,
0.0011131117353215814,0.04217520356178284,
0.000631319941021502,0.02594701200723648,
-0.04102239012718201,-0.010983247309923172,
0.02902083843946457,-0.014672070741653442,
0.037483297288417816,0.04502496123313904,
-0.008335070684552193,0.013552050106227398,
-0.019339559599757195,-0.027499206364154816,
0.01438232883810997,0.04357961565256119,
-0.04565059393644333,0.01790446601808071,
-0.004463959485292435,0.0014069871976971626,
0.0023549951147288084,0.0010449716355651617,
-0.005242170765995979,0.00924687273800373,
0.016988757997751236,-0.045951977372169495,
-0.029171474277973175,0.02256954461336136,
0.009813741780817509,-0.010850445367395878,
0.02488299272954464,-0.014062787406146526,
0.025249850004911423,-0.01714506186544895,
-0.008756465278565884,-0.023514050990343094,
0.008965574204921722,-0.00564871821552515,
0.018484463915228844,-0.03927692770957947,
0.018840452656149864,0.028326425701379776,
-0.025453997775912285,-0.01859601028263569,
0.03642599657177925,0.012493926100432873,
-0.042311303317546844,-0.004834963008761406,
0.022766510024666786,-0.02903830073773861,
-0.022130396217107773,-0.00016991188749670982,
-0.012748179025948048,0.0013288239715620875,
-0.05768091231584549,0.005544913001358509,
-0.031492359936237335,0.009478864260017872,
0.03030538186430931,-0.018095629289746284,
0.014941351488232613,0.027492737397551537,
0.0008141655707731843,-8.56588885653764e-05,
-0.01789683662354946,-0.012977748177945614,
0.020342251285910606,-0.0020715915597975254,
-0.010769293643534184,-0.0068100132048130035,
0.038917288184165955,-0.0030093586537986994,
-0.029050301760435104,0.05601423978805542,
-0.015413479879498482,0.028202468529343605,
-0.041350603103637695,0.035832252353429794,
-0.0151054160669446,-0.03778507560491562,
0.02274300716817379,-0.0030143894255161285,
-0.020289011299610138,0.0071859210729599,
0.005296952556818724,0.030043521896004677,
-0.036019984632730484,0.01467206422239542,
-0.04288272187113762,-0.017767377197742462,
0.015996966511011124,0.006127516273409128,
-0.04656464233994484,-0.024357585236430168,
-0.03143852576613426,0.0018024197779595852,
0.0027155280113220215,0.009704885073006153,
0.05895883962512016,0.003809981280937791,
0.0529017373919487,0.0038209231570363045,
-0.01955176517367363,-0.022748233750462532,
-0.01620243303477764,0.024988004937767982,
-0.028249140828847885,0.004421118181198835,
0.0052080657333135605,-0.07040325552225113,
-0.018335437402129173,0.007761689834296703,
0.022280888631939888,-0.008504004217684269,
0.006823973264545202,-0.022481918334960938,
0.028724869713187218,-0.015536525286734104,
-0.019383808597922325,-0.02146204747259617,
-0.014848614111542702,0.018651608377695084,
-0.013316728174686432,0.036913808435201645,
-0.020207012072205544,0.014677995815873146,
-0.012680169194936752,-0.000819931214209646,
-0.02899879589676857,0.01676633022725582,
-0.01577342301607132,0.02214309573173523,
-0.01918567717075348,-0.008769547566771507,
0.052357111126184464,-0.008108642883598804,
-0.0020295563153922558,-0.01765451580286026,
-0.018389863893389702,-0.01769336499273777,
0.050964612513780594,0.05086451396346092,
0.01869526505470276,0.004127645865082741,
0.012818044051527977,-0.026009349152445793,
-0.010432192124426365,-0.04762009158730507,
0.0173611082136631,0.03131033107638359,
0.014316711574792862,0.046158257871866226,
0.0024046613834798336,-0.028384586796164513,
0.06864646077156067,-0.018657458946108818,
-0.017282316461205482,-0.005224583670496941,
-0.031504567712545395,-0.006513067055493593,
-0.021787220612168312,0.014033776707947254,
0.017202824354171753,0.010500015690922737,
0.02481035515666008,-0.08208804577589035,
-0.004958982113748789,-0.004115155432373285,
0.013958845287561417,0.015235532075166702,
-0.017450829967856407,-0.033330757170915604,
-0.012419704347848892,-0.03315432369709015,
-0.019937332719564438,0.02658390812575817,
-0.028953364118933678,0.03429363667964935,
0.0037843568716198206,0.025436757132411003,
0.042481474578380585,0.028371645137667656,
-0.0029403655789792538,0.01681990921497345,
0.014898927882313728,0.01140688732266426,
-0.036124423146247864,2.1776999346911907e-05,
0.02160216122865677,0.009103266522288322,
-0.032157380133867264,-0.045072585344314575,
-0.010188661515712738,-0.02689395844936371,
0.00698221055790782,0.036099985241889954,
0.022995149716734886,-0.05251043662428856,
0.0065536522306501865,-0.018708152696490288,
-0.021339477971196175,0.02393193356692791,
0.011072859168052673,0.008068272843956947,
-0.005586454179137945,-0.017466634511947632,
0.01651664450764656,0.021481074392795563,
0.0023976729717105627,-0.043101150542497635,
0.03461411967873573,-0.048221100121736526,
-0.030320318415760994,-0.012328056618571281,
0.01534957904368639,0.03464252129197121,
0.0030185552313923836,0.018407823517918587,
-0.030404435470700264,-0.0007694472442381084,
-0.013112768530845642,0.061094578355550766,
-0.003193745156750083,0.007756686769425869,
-0.03531074896454811,0.02165835350751877,
-0.0031511960551142693,0.03899821639060974,
-0.014574560336768627,0.01655765250325203,
0.028562935069203377,-0.022662749513983727,
0.0013627744046971202,0.0008151145884767175,
0.0020804733503609896,0.0024794384371489286,
0.031030353158712387,0.025506556034088135,
0.036512911319732666,-0.0405917689204216,
0.039814963936805725,-0.016853630542755127,
-0.021315820515155792,0.004500739276409149,
-0.019271690398454666,0.032321996986866,
-0.019759824499487877,-0.007646186277270317,
-0.006614984478801489,-0.0017494523199275136,
-0.008662484586238861,-0.0122255003079772,
0.02360611967742443,0.00079870515037328,
0.008586443960666656,-0.04413226619362831,
-0.03620736300945282,-0.013631333597004414,
-0.029171258211135864,-0.0019558523781597614,
-0.002677765442058444,0.010996167548000813,
-0.03789843991398811,-0.014504047110676765,
0.017563775181770325,-0.02296523191034794,
-0.02169862575829029,0.016557348892092705,
-0.020256536081433296,-0.025139527395367622,
-0.02329232357442379,0.01317460648715496,
-0.023552056401968002,-0.017021315172314644,
0.016511036083102226,0.04155145585536957,
-0.016203386709094048,-0.0002502809220459312,
-0.028108153492212296,0.018112588673830032,
0.0642700046300888,-0.010119452141225338,
0.010964181274175644,0.04733118414878845,
0.008439085446298122,0.005243960302323103,
0.002305512549355626,-0.013426097109913826,
-0.009357198141515255,-0.011194051243364811,
0.05064643919467926,0.014730623923242092,
0.03295256942510605,0.027257278561592102,
-0.016983577981591225,0.016947632655501366,
-0.02301882952451706,0.0009125562501139939,
0.008185375481843948,0.010086211375892162,
0.022134259343147278,0.00614186841994524,
0.02476527728140354,-0.00667916564270854,
0.03994949162006378,-0.003705542301759124,
-0.022789334878325462,0.009228271432220936,
0.03971201181411743,-0.004618304315954447,
-0.015400986187160015,-0.0021284499671310186,
0.03514552116394043,-0.034660570323467255,
-0.032134030014276505,0.03622687608003616,
0.01689186878502369,0.035025905817747116,
0.005518645979464054,-0.0012907680356875062,
-0.03464770317077637,0.0009277104982174933,
-0.02900003083050251,0.05284883826971054,
-0.010938302613794804,-0.013087850995361805,
-0.0025679778773337603,0.007558851502835751,
0.012958632782101631,-0.02665557898581028,
0.013982534408569336,0.00796518474817276,
0.03093927726149559,-0.031502533704042435,
0.02526042051613331,-0.02623005583882332,
0.0007056549657136202,-0.047333527356386185,
0.006646031513810158,-0.01708311028778553,
0.014806433580815792,-0.030690541490912437,
-0.022985022515058517,0.007913604378700256,
0.0037632272578775883,-0.021074818447232246,
-0.003112267469987273,0.020130623131990433,
0.02022828720510006,-0.01108565740287304,
-0.01780027709901333,0.026364708319306374,
0.011173284612596035,0.011063380166888237,
0.01143574807792902,-0.021521205082535744,
0.010976920835673809,-0.0019228309392929077,
-0.014773121103644371,-0.012317313812673092,
-0.02328924462199211,0.023420047014951706,
-0.03379226475954056,-0.029755711555480957,
0.013962140306830406,0.009359846822917461,
-0.0010131573071703315,0.01059027947485447,
0.00386811257340014,-0.012562252581119537,
-0.004433221183717251,-0.027648160234093666,
0.007697375025600195,-0.014654031954705715,
-0.0027685435488820076,-0.025125231593847275,
-0.02958797477185726,0.029952723532915115,
-0.04092220962047577,-0.0022225482389330864,
-0.00016131039592437446,-0.017041170969605446,
-0.04284117370843887,-0.0056471251882612705,
-0.001398608204908669,-0.003203226951882243,
0.03961572423577309,0.026230480521917343,
-0.021511321887373924,0.011164577677845955,
-0.006856661755591631,0.01851588673889637,
0.02062458172440529,0.02828025072813034,
-0.03218448534607887,-0.029217148199677467,
0.019484691321849823,-0.005297916475683451,
-0.014066265895962715,0.006255944725126028,
-0.0012561340117827058,-0.07022727280855179,
0.01912614330649376,0.030171817168593407,
0.019787529483437538,0.015355394221842289,
-0.018612146377563477,0.01616911217570305,
0.014328616671264172,-0.007374088745564222,
0.0015626203967258334,-0.006532425060868263,
0.028627585619688034,-0.02159767597913742,
0.03154654800891876,0.03338935226202011,
0.008813485503196716,-0.0336063914000988,
0.013916869647800922,0.012987818568944931,
0.015502386726439,0.020810695365071297,
-0.002854379825294018,-0.007335575297474861,
0.01176205649971962,-0.01697576977312565,
0.021226173266768456,0.0314035527408123,
0.010225865989923477,-0.010376624763011932,
0.030232468619942665,0.006324405316263437,
0.002016609301790595,-0.04583042487502098,
-0.00011843874381156638,-0.037626128643751144,
-0.017219936475157738,-0.0010708278277888894,
0.02542843669652939,0.019415900111198425,
0.01538603100925684,-0.02345048449933529,
-0.004873332567512989,-0.005200517363846302,
0.02561984397470951,0.020353000611066818,
0.013930278830230236,-0.007385439705103636,
0.030202344059944153,0.011307097040116787,
0.008756265975534916,-0.01843629591166973,
-0.03243859112262726,-0.021081650629639626,
0.005501522682607174,-0.005128269549459219,
-0.008876507170498371,0.03353872150182724,
-0.009516546502709389,-0.015871858224272728,
0.028625214472413063,-0.02005823887884617,
-0.014700347557663918,-0.01750282570719719,
-0.007659763563424349,-0.031935032457113266,
-0.032200708985328674,-0.02129286900162697,
0.027109602466225624,0.01136859878897667,
-0.01468267384916544,0.01652374491095543,
0.011209750548005104,0.04920874163508415,
0.01956205815076828,-0.008364220149815083,
0.02923434227705002,-0.015338794328272343,
0.012510274536907673,0.022845719009637833,
0.030110467225313187,0.0007058988558128476,
-0.011482666246592999,0.009931369684636593,
0.039035726338624954,0.04684959724545479,
-0.02142971009016037,0.027066415175795555,
-0.021641874685883522,-0.01149140764027834,
0.011479156091809273,-0.002368053188547492,
0.019533487036824226,0.019803084433078766,
-0.003347533056512475,-0.02443898655474186,
-0.029637228697538376,0.006954969372600317,
-0.034251563251018524,-0.013211860321462154,
0.0054311128333210945,-0.02938953787088394,
0.004490592051297426,0.013213276863098145,
0.006143352948129177,-0.026906365528702736,
0.005030627362430096,-0.003768910188227892,
0.055722951889038086,-0.015685198828577995,
-0.01123738195747137,0.02745000272989273,
0.03449256345629692,-0.010313061065971851,
-0.0037239249795675278,0.003981022164225578,
0.011615980416536331,-0.026506178081035614,
0.003232661634683609,0.019626552239060402,
0.031249819323420525,0.03258027136325836,
0.01263764500617981,0.02004997991025448,
0.011065978556871414,-0.039923131465911865,
0.02253059111535549,-0.06439797580242157,
0.009404229931533337,0.010605785064399242,
-0.029076194390654564,0.022877469658851624,
0.002847611205652356,-0.007711892481893301,
0.01907895691692829,0.03718769922852516,
-0.0054262494668364525,0.01802648790180683,
-0.009448009543120861,-0.013823747634887695,
-0.02092423103749752,0.04233589395880699,
-0.005697928369045258,-0.006441785022616386,
0.006541802082210779,-0.0061170137487351894,
0.0012021127622574568,-0.007988407276570797,
0.00925126951187849,0.01550778467208147,
0.006181163713335991,-0.02862289920449257,
-0.018049336969852448,-0.014865899458527565,
-0.01915278099477291,0.02839047461748123,
-0.023917092010378838,-0.004768655635416508,
0.001732554635964334,0.014292368665337563,
-0.00636692950502038,0.04984939098358154,
0.03164946287870407,0.019880834966897964,
0.00993440207093954,-0.0002436147624393925,
0.023066168650984764,-0.008667469024658203,
-9.40653626457788e-05,-0.024631323292851448,
-0.02963126450777054,-0.019696688279509544,
-0.009803430177271366,0.02359926514327526,
-0.0027334822807461023,0.016363419592380524,
0.012522589415311813,-0.009092849679291248,
0.02885325998067856,-0.003338785143569112,
0.004387799650430679,0.05374538153409958,
0.01274051796644926,0.013544980436563492,
0.010904636234045029,0.02060231938958168,
0.04062508046627045,-0.01671840250492096,
0.03046974539756775,0.01069806981831789,
0.0007825777283869684,0.012088984251022339,
-0.0041664037853479385,-0.0025119769852608442,
-0.027125658467411995,0.003102939808741212,
0.013493168167769909,0.01326792873442173,
0.014771799556910992,0.004585220478475094,
0.01052468828856945,0.0458928719162941,
-0.019465293735265732,0.009213279001414776,
-0.004197089001536369,-0.006758100353181362,
-0.017032397910952568,-0.005887777544558048,
0.016140103340148926,-0.015848007053136826,
0.00735669257119298,0.011653903871774673,
0.005653514992445707,0.001068281359039247,
-0.037163905799388885,-0.016908230260014534,
-0.0015631529968231916,0.0009743089322000742,
0.0017589821945875883,-0.023477714508771896,
0.018225885927677155,0.04466518014669418,
0.02484883926808834,0.03913016989827156,
0.014160994440317154,-0.018105125054717064,
-0.023815548047423363,-0.024691209197044373,
0.006624728906899691,0.0342111699283123,
-0.0027947791386395693,0.01368190161883831,
0.03917872533202171,0.0007004392682574689,
0.017236363142728806,-0.04907318204641342,
-0.012063040398061275,0.015459030866622925,
-0.012152057141065598,-0.017574617639183998,
-0.008079149760305882,-0.029905809089541435,
-0.011203519999980927,0.0041006687097251415,
0.0266020018607378,0.02079213224351406,
0.028810864314436913,-0.0011603470193222165,
0.024001169949769974,0.030661657452583313,
0.023158278316259384,-0.041160766035318375,
-0.012701871804893017,0.03894821181893349,
0.02270400896668434,-0.001765921013429761,
-0.03344504535198212,0.007276149000972509,
-0.02934143878519535,0.006839093752205372,
-0.0027165671344846487,0.01875477470457554,
-0.04591379687190056,0.04410203918814659,
0.027437057346105576,0.0065066078677773476,
0.04621659591794014,-0.00046786130405962467,
-0.0017129561165347695,-0.020282499492168427,
-0.031175633892416954,0.032232627272605896,
-0.00863365363329649,-0.004726579878479242,
0.013349605724215508,-0.018067391589283943,
0.00024009673506952822,-0.0001170359319075942,
-0.004919853527098894,0.011043863371014595,
0.014660200104117393,-0.009692689403891563,
-0.026406923308968544,0.01705785281956196,
-0.0029975336510688066,-0.0044313352555036545,
0.009048199281096458,-0.02503935620188713,
-0.019471971318125725,-0.024571919813752174,
0.027614695951342583,-0.0415315218269825,
-0.013847371563315392,-0.023570695891976357,
0.009264770895242691,0.021313559263944626,
0.052928779274225235,0.0192634928971529,
0.008725552819669247,0.0006971348775550723,
0.013885729014873505,-0.010847500525414944,
0.026437722146511078,-0.030528659000992775,
0.002507114550098777,0.025773100554943085,
-0.027269452810287476,0.02976459078490734,
0.008900269865989685,0.025697389617562294,
-0.01744692027568817,0.02282104827463627,
0.04030447453260422,0.02882973663508892,
0.0033359318040311337,0.014023500494658947,
0.005282084923237562,-0.03985856845974922,
0.045942049473524094,0.007508961483836174,
-0.0196472629904747,0.005926364567130804,
-0.005609702784568071,0.012653812766075134,
-0.009632294997572899,0.014791389927268028,
-0.004419815726578236,-0.026279587298631668,
0.01463418547064066,0.030364885926246643,
0.00018809370521921664,-0.01458976324647665,
0.007845216430723667,0.005414539482444525,
0.013686438091099262,-0.007397325709462166,
0.03226299583911896,-0.037074048072099686,
-0.018416158854961395,-0.0036901296116411686,
-0.007712157443165779,0.018559975549578667,
0.00489621888846159,-0.003748370101675391,
0.010409249924123287,0.039197102189064026,
-0.02438538148999214,0.00488756038248539,
-0.027902385219931602,-0.045699696987867355,
-0.06927379220724106,-0.02208855375647545,
-0.025396322831511497,0.014004497788846493,
-0.011164114810526371,-0.009236259385943413,
0.03946922719478607,-0.026085762307047844,
0.0036394379567354918,0.0217390488833189,
-0.021161168813705444,0.01394942868500948,
0.009986278600990772,-0.02534843608736992,
-0.008692222647368908,-0.01816217042505741,
0.0020844496320933104,-0.0002523985749576241,
-0.03189362585544586,-0.0317097082734108,
0.01887248270213604,-0.03211858868598938,
-0.013513392768800259,-0.004817381035536528,
-0.024025222286581993,0.023426545783877373,
0.0017437624046579003,-0.009862377308309078,
-0.026719912886619568,-0.026085563004016876,
-0.002882105065509677,-0.03815719112753868,
0.016188284382224083,-0.004762918688356876,
-0.0013174833729863167,0.05671500414609909,
-0.03427185118198395,-0.03128565102815628,
-0.024912424385547638,0.03423352167010307,
-0.008683303371071815,-0.00029386155074462295,
0.01566563919186592,0.011976503767073154,
0.004336065612733364,-0.01676597073674202,
-0.019545521587133408,0.025717200711369514,
0.010547882877290249,0.010813386179506779,
-0.006996223237365484,-0.0021151225082576275,
-0.01022697426378727,0.006863143295049667,
0.01747404970228672,0.005092543549835682,
0.024492502212524414,0.02220548503100872,
0.024430425837635994,0.019541792571544647,
-0.02906729094684124,0.0035455094184726477,
-0.01566806249320507,0.011802076362073421,
-0.005116159562021494,0.0028078891336917877,
0.009763425216078758,-0.015609512105584145,
0.013061652891337872,-0.008127234876155853,
0.02830532006919384,0.010202975012362003,
0.03214782848954201,-0.011304843239486217,
0.02333100698888302,-0.01177729107439518,
0.0060019041411578655,0.000570689095184207,
-0.0214442927390337,0.028503824025392532,
0.013953550718724728,0.00823905784636736,
-0.0012562749907374382,-0.015734711661934853,
-0.008073750883340836,-0.05466234311461449,
-0.025389250367879868,-0.007910565473139286,
-0.028794215992093086,-0.03149472549557686,
-0.04537498950958252,0.019123204052448273,
0.02259753830730915,-0.04374957084655762,
0.03245162218809128,-0.026690449565649033,
-0.014529109932482243,-0.01839948631823063,
0.004427923355251551,-0.0006482145399786532,
-0.026631789281964302,0.027926621958613396,
-0.022489536553621292,-0.015149992890655994,
0.00283259735442698,0.022522902116179466,
-0.028806617483496666,-0.004839881788939238,
0.013739557936787605,-0.07003764063119888,
0.018991103395819664,0.0020735436119139194,
-0.03519875928759575,-0.02661590278148651,
0.00580013869330287,0.025920283049345016,
-0.007350492756813765,0.030879538506269455,
-0.015161307528614998,0.019430356100201607,
-0.012544672004878521,0.018916158005595207,
-0.027697646990418434,-0.04043404385447502,
0.0002627100911922753,-0.007150058634579182,
0.018063722178339958,-0.059888385236263275,
-0.003893608460202813,0.024633975699543953,
0.012486489489674568,0.022934436798095703,
-0.0031602634117007256,0.01737891510128975,
0.02281847968697548,-0.003122930647805333,
0.014581511728465557,0.015092962421476841,
0.041015636175870895,-0.04654676839709282,
-0.0024001675192266703,-0.017584320157766342,
-0.00340411439538002,-0.013004358857870102,
-0.022336693480610847,0.011452853679656982,
-0.003951199818402529,-0.010088294744491577,
0.01663433015346527,-0.00796701293438673,
0.0059474497102200985,0.001438639359548688,
-0.017084643244743347,0.01972627080976963,
-0.037338677793741226,0.02804761379957199,
0.004616789054125547,0.004927974194288254,
0.027927396818995476,0.003559499280527234,
-0.0067006382159888744,0.0020109722390770912,
-0.03775439411401749,0.01247295644134283,
0.0012831075582653284,-0.02511192113161087,
-0.009814763441681862,-0.029766058549284935,
0.030589783564209938,-0.02581058442592621,
0.03320300951600075,0.016872713342308998,
0.026747969910502434,0.02876369096338749,
0.0024732090532779694,0.04242248833179474,
-0.01000048965215683,-0.042028237134218216,
0.01941954530775547,-0.004311366938054562,
-0.013735022395849228,0.03173306956887245,
0.026140863075852394,0.016968822106719017,
-0.029567183926701546,0.03903570398688316,
-0.00016733750817365944,-0.017145831137895584,
0.0184121485799551,-0.020009713247418404,
-0.039039112627506256,-0.00717917550355196,
-0.0023338934406638145,0.0025775390677154064,
0.004828745499253273,0.020711367949843407,
0.03024953044950962,0.0037717188242822886,
-0.035287197679281235,-0.006106603890657425,
-0.017144279554486275,-0.015588635578751564,
0.003064576303586364,-0.011104922741651535,
0.01856374181807041,-0.0002719394105952233,
0.039926573634147644,0.021831447258591652,
0.02323118783533573,0.007631252985447645,
-0.03100457787513733,-0.0013993362663313746,
0.011254621669650078,-0.00253550847992301,
0.025629576295614243,0.003837734926491976,
0.023524487391114235,0.010162378661334515,
-0.004510017111897469,-0.005189696326851845,
0.022594455629587173,0.00951501727104187,
-0.02686498500406742,-0.03461269289255142,
-0.0051927207969129086,-0.0057721324265003204,
0.048967525362968445,0.05387106165289879,
-0.03310215100646019,-0.038298897445201874,
0.01167295966297388,0.016178607940673828,
0.029133649542927742,-0.008029872551560402,
-0.04883536696434021,0.019185619428753853,
0.005936942528933287,-0.014462944120168686,
0.018953630700707436,0.0074730534106493,
0.010506895370781422,0.0278976671397686,
-0.017845522612333298,0.01405203528702259,
-0.01301661692559719,0.022546950727701187,
-0.000328995258314535,0.012444408610463142,
-0.013703083619475365,0.008450275287032127,
0.010519927367568016,0.009958995506167412,
0.03303765878081322,0.011657265946269035,
-0.013440934009850025,0.011734478175640106,
-0.03472612798213959,-0.011571518145501614,
-0.0055169351398944855,0.026286127045750618,
0.011548603884875774,-0.02244325913488865,
-0.019794028252363205,0.011280870996415615,
-0.006676652934402227,0.02688249573111534,
0.032532960176467896,0.0006986007210798562,
-0.02794555202126503,0.017750801518559456,
-0.0029484143014997244,-0.027327176183462143,
0.019674042239785194,0.025889556854963303,
0.002581362146884203,-0.040315188467502594,
-0.017215536907315254,0.014543076977133751,
0.0031645111739635468,0.02508348785340786,
0.005635506473481655,-0.02561980113387108,
-0.008729378692805767,0.011004321277141571,
0.031737618148326874,-0.023342452943325043,
-0.015194817446172237,-0.0051539246924221516,
0.024547725915908813,0.019480932503938675,
-0.02355271205306053,0.01934780180454254,
-0.005071782972663641,-0.014571713283658028,
0.0029493074398487806,-0.02628093771636486,
-0.003506382927298546,-0.03258506581187248,
0.04583984240889549,-0.032550424337387085,
-0.013101509772241116,-0.022486558184027672,
0.00738407950848341,0.02782820723950863,
-0.012219992466270924,0.005616500973701477,
0.032454632222652435,-0.004265943076461554,
-0.0124782370403409,0.0368821807205677,
0.023603102192282677,-0.00034869639785028994,
-0.00429824274033308,-0.01811067946255207,
-0.02120864950120449,0.010281442664563656,
0.004837569780647755,0.004746947903186083,
-0.03977720066905022,0.006955624092370272,
0.001717545441351831,-0.00011389692372176796,
-0.005651239771395922,-0.0016012672567740083,
-0.00889261532574892,-0.01731771230697632,
0.013173156417906284,-0.04882108420133591,
0.02857986092567444,-0.02798323705792427,
0.03546055033802986,-0.015159402042627335,
0.018724631518125534,-0.00718911224976182,
0.02791532129049301,-0.025582607835531235,
0.00777885876595974,-0.03154385834932327,
0.02556217648088932,-0.013276412151753902,
-0.007135086692869663,-0.01150490716099739,
-0.01394535694271326,0.034330449998378754,
0.0009462693124078214,-0.012585533782839775,
0.004641036503016949,0.0043566785752773285,
0.03726302832365036,0.037471652030944824,
0.02667979709804058,-0.024565018713474274,
-0.013953481800854206,0.022601479664444923,
-0.03118528425693512,0.026706373319029808,
0.019982323050498962,0.03241727128624916,
-0.03286954388022423,0.02360457181930542,
0.01651858538389206,0.005468313582241535,
-0.02343137189745903,0.04944474250078201,
0.037763647735118866,0.012182239443063736,
0.017266107723116875,-0.0013460610061883926,
-0.04657694324851036,-0.014573304913938046,
0.025888806208968163,-0.0014501595869660378,
-0.006306101568043232,0.006575639825314283,
0.02534288354218006,-0.0013913527363911271,
-0.013425938785076141,0.009869027882814407,
0.007036860100924969,0.014706721529364586,
0.021301157772541046,0.02173505164682865,
-0.02680121175944805,0.027899473905563354,
-0.014731217175722122,0.002569365780800581,
-0.07610683143138885,0.022453242912888527,
0.06985810399055481,0.02553064003586769,
-0.020833777263760567,-0.01476866751909256,
-0.016591085121035576,-0.058518022298812866,
-0.0017943085404112935,0.015890371054410934,
-0.02333785593509674,0.048806145787239075,
-0.039052076637744904,-0.012074226513504982,
-0.018587619066238403,-0.007575205527245998,
-0.02051549218595028,-0.015215286985039711,
0.025216544046998024,0.020174426957964897,
0.012703276239335537,0.01881445199251175,
0.02430272288620472,0.023085111752152443,
0.0038913399912416935,-0.00949945766478777,
-0.029333055019378662,0.013947064988315105,
-0.014182562939822674,-0.006309095304459333,
0.016372552141547203,-0.026397479698061943,
0.020318955183029175,0.03767109662294388,
0.004789137747138739,0.04150804504752159,
0.005811935756355524,0.0165571141988039,
0.025343360379338264,-0.020638899877667427,
0.028180066496133804,-0.02664363384246826,
0.017295362427830696,-0.00783468410372734,
-0.007808097172528505,0.03479780629277229,
-0.005225006025284529,0.03440786898136139,
0.02643771842122078,-0.052521951496601105,
0.01643088459968567,-0.01735060289502144,
-0.009043244644999504,0.007350021041929722,
-0.0028026027139276266,-0.017030375078320503,
0.014316095970571041,0.024787897244095802,
-0.01262598019093275,-0.003951774910092354,
0.0021459797862917185,0.042540714144706726,
-0.022443024441599846,-0.010670293122529984,
-0.0007702218135818839,-0.004220767877995968,
0.025191443040966988,-0.021528102457523346,
-0.0004972150200046599,-0.012731448747217655,
-0.003446762217208743,0.016912095248699188,
-0.00019802710448857397,-0.00353520130738616,
0.024708550423383713,0.016311224550008774,
0.025835659354925156,0.035466231405735016,
-0.016181422397494316,-0.041601307690143585,
-0.004063537809997797,0.03221437335014343,
0.029034020379185677,0.02894793637096882,
0.03181760013103485,-0.0243816114962101,
0.002548663876950741,-0.0054654390551149845,
0.0038098494987934828,-0.007701076567173004,
-0.008396410383284092,0.00018017232650890946,
-0.03688009828329086,-0.007163930684328079,
-0.02644220180809498,-0.002003744710236788,
0.026375945657491684,-0.0022761595901101828,
-0.014750324189662933,0.015929507091641426,
0.026729343459010124,-0.006054790690541267,
0.021291041746735573,-0.012670806609094143,
-0.01698484644293785,-0.024196602404117584,
-0.012681533582508564,0.016947919502854347,
-0.030546052381396294,-0.0291524026542902,
0.00791869405657053,-0.017064891755580902,
0.0035441729705780745,0.056365203112363815,
0.010969497263431549,0.002883541863411665,
0.012083946727216244,-0.017996426671743393,
-0.0010831041727215052,0.016483571380376816,
0.032350655645132065,0.005190118681639433,
0.00013348873471841216,0.026708528399467468,
0.009869491681456566,-0.007870331406593323,
0.020007336512207985,-0.0009248277056030929,
0.0034187915734946728,0.0034450108651071787,
-0.01332702673971653,-0.0008452070178464055,
0.04439519718289375,0.0346246138215065,
-0.037355273962020874,-0.048966627568006516,
-0.0040331133641302586,0.008603392168879509,
-0.004579167813062668,0.01465408131480217,
0.02107379399240017,-0.03942454978823662,
0.022527551278471947,0.012903206050395966,
-0.011803735978901386,0.007896225899457932,
-0.006078039295971394,0.01561913825571537,
-0.000976929091848433,0.025729507207870483,
-0.02262970618903637,0.01742980070412159,
0.02087312750518322,-0.027146166190505028,
0.03686780110001564,-0.013695278204977512,
0.03180845081806183,0.017315715551376343,
0.02099667303264141,0.04201768711209297,
-0.003964749164879322,0.01903364062309265,
-0.04178708791732788,0.0038693922106176615,
0.02690022811293602,-0.012477712705731392,
-0.0033831147011369467,0.00920894555747509,
0.015979887917637825,-0.013245608657598495,
-0.01957477629184723,0.021593449637293816,
-0.027983713895082474,-0.024585597217082977,
0.010658422484993935,-0.014499352313578129,
-0.01608087494969368,-0.0609707273542881,
-0.00235939072445035,0.006421581842005253,
-0.008712350390851498,-0.019542470574378967,
0.015632620081305504,-0.00726385647431016,
0.024110347032546997,0.017760446295142174,
0.008780062198638916,0.006933311000466347,
0.017653625458478928,-0.0299360454082489,
0.02004404179751873,0.0340338759124279,
0.009651482105255127,-0.02316170744597912,
-0.009305221028625965,-0.001154975383542478,
0.011511287651956081,0.017629243433475494,
-0.031025785952806473,0.0025912830606102943,
0.014562963508069515,0.0026120287366211414,
0.03230644762516022,0.015076440759003162,
-0.007633266970515251,-0.006724985782057047,
0.010232705622911453,0.03453141450881958,
-0.001447024056687951,-0.013790507800877094,
-0.0013620674144476652,0.043632254004478455,
0.007641576696187258,-0.01098087802529335,
0.0193342175334692,0.039981625974178314,
-0.007853837683796883,0.0069631123915314674,
-0.0008562722359783947,0.00782743003219366,
0.016984371468424797,0.015909230336546898,
-0.004874697420746088,-0.03444385156035423,
0.03179336339235306,-0.04421968758106232,
0.018700629472732544,0.008942656219005585,
-0.011224468238651752,-0.002841496141627431,
-0.0320059210062027,0.023304548114538193,
0.012364204972982407,-1.1316286872897763e-05,
0.008172883652150631,0.027094947174191475,
0.029492218047380447,-0.010763830505311489,
-0.01874924637377262,0.021930580958724022,
-0.015863489359617233,-0.04230039566755295,
-0.02304254099726677,-0.004125264007598162,
-0.011983864940702915,-0.008873321115970612,
0.007969986647367477,-0.033291883766651154,
-0.024914024397730827,-0.01638653315603733,
0.019393811002373695,-0.0011827554553747177,
0.019496100023388863,0.023362113162875175,
-0.009445007890462875,-0.015660641714930534,
0.03205323591828346,-0.01513260044157505,
-0.049195144325494766,0.024829016998410225,
0.04271536320447922,0.021959535777568817,
0.0008390434668399394,-0.02692265622317791,
-0.045899923890829086,0.019001539796590805,
0.01915173977613449,-0.015561864711344242,
-0.01469624787569046,-0.0350448302924633,
-0.02748609334230423,0.014639731496572495,
0.004639936611056328,0.047024305909872055,
0.017125172540545464,0.007025453262031078,
0.014290422201156616,-0.01131418440490961,
0.0037292083725333214,0.009508906863629818,
0.023179372772574425,-0.028602302074432373,
-0.022829608991742134,0.02827032469213009,
0.00016653613420203328,-0.03564776852726936,
-0.018318258225917816,0.04141005873680115,
0.0019939667545259,-0.040377337485551834,
-0.02575271762907505,0.015984544530510902,
-0.0013433287385851145,0.030131613835692406,
0.002523265779018402,0.015251337550580502,
-0.04501155763864517,0.03820618987083435,
0.025092052295804024,-0.016936425119638443,
-0.00016271269123535603,-0.018545309081673622,
0.013428345322608948,-0.0020785084925591946,
0.015426399186253548,-0.034463703632354736,
0.012098844163119793,-0.0021771425381302834,
0.03984520584344864,0.05390048027038574,
-0.04373544082045555,0.007975276559591293,
0.008678579702973366,0.03620998188853264,
-0.0020868328865617514,0.021010883152484894,
-0.019009578973054886,-0.006576048210263252,
-0.02583964541554451,0.004429150838404894,
-0.05685346946120262,0.02727007493376732,
0.01287171058356762,0.013349701650440693,
-0.007140375208109617,0.02407226338982582,
0.051345344632864,0.0077612390741705894,
0.0025497162714600563,-0.0004584597481880337,
-0.04188170284032822,0.02842630445957184,
-0.003356293076649308,-0.05356433987617493,
0.026097839698195457,0.0029300316236913204,
-0.007923931814730167,-0.013775492087006569,
0.025627601891756058,0.009782083332538605,
0.003134976141154766,-0.03588224947452545,
-0.01829451508820057,-0.00141253846231848,
-0.024424072355031967,-0.00398440845310688,
-0.010122675448656082,0.0011483001289889216,
-0.0384659469127655,-0.00862191990017891,
-0.012149193324148655,0.008193803951144218,
0.0008354331948794425,-0.02141210436820984,
-0.018054448068141937,0.009732243604958057,
0.03806784376502037,0.009087638929486275,
0.006432976108044386,-0.00265997345559299,
0.01256373431533575,0.0017096822848543525,
0.02362118475139141,-0.008276736363768578,
0.0010747825726866722,-0.01620585098862648,
-0.026228198781609535,0.005529188551008701,
-0.007023159880191088,-0.04624044522643089,
0.004768661223351955,-0.0034892288967967033,
-0.009151621721684933,-0.005529056768864393,
0.025993946939706802,0.011904699727892876,
0.021656189113855362,0.030376579612493515,
-0.024649349972605705,0.003458188148215413,
0.07799211889505386,0.0344066359102726,
0.015035891905426979,-0.019525868818163872,
0.02743549831211567,-0.037022143602371216,
-0.024625683203339577,-0.009820378385484219,
0.04267058148980141,0.06720893085002899,
-0.013318540528416634,-0.018181808292865753,
-0.012642274610698223,0.020088596269488335,
0.008719537407159805,-0.0034764462616294622,
0.01381213404238224,-0.038272760808467865,
0.006287903990596533,-0.010806065052747726,
-0.017393684014678,-0.008012079633772373,
0.01644624024629593,-0.03498097136616707,
0.0213138647377491,0.012220163829624653,
0.007152222562581301,0.00028362582088448107,
-0.009453332051634789,-0.00786180142313242,
-0.007916315458714962,0.011231997981667519,
-0.004960863851010799,0.00823904387652874,
0.002026562113314867,-0.04000508040189743,
-0.015573210082948208,0.03359402343630791,
-0.0008483004639856517,0.020533718168735504,
-0.013972810469567776,0.014496361836791039,
-0.01640665903687477,0.020609496161341667,
-0.009774238802492619,-0.02382710576057434,
-0.022390231490135193,-0.0006369640468619764,
-0.025983097031712532,-0.002139965770766139,
0.01489912811666727,0.008081481792032719,
0.020462172105908394,-0.039902541786432266,
-0.028355833142995834,0.01335968915373087,
0.006905936636030674,-0.01877763494849205,
-0.014149004593491554,-0.005060580093413591,
0.02134622074663639,-0.017405958846211433,
-0.046905796974897385,-0.030842095613479614,
-0.02659386210143566,-0.02419574372470379,
0.0020339321345090866,-0.019478166475892067,
0.014929837547242641,-0.025128280743956566,
0.011366372928023338,0.031456973403692245,
0.009033506736159325,0.007785737048834562,
0.008563806302845478,-0.004525018390268087,
-0.0020275076385587454,0.01839573122560978,
0.008369010873138905,-0.042613379657268524,
0.0016662897542119026,-0.00862389151006937,
-0.012118103913962841,-0.027346108108758926,
-0.03333629295229912,-0.013608521781861782,
0.02033095434308052,-0.04655110836029053,
0.02055337466299534,0.04190460219979286,
0.007699112873524427,0.011883516795933247,
0.0008954502991400659,0.012083151377737522,
0.006009130273014307,0.007974386215209961,
-0.016946787014603615,-0.028014039620757103,
-0.03376532346010208,0.01763959228992462,
0.021389048546552658,0.00032880803337320685,
-0.013929305598139763,-0.008290682919323444,
-0.01927245408296585,0.02032117173075676,
-0.016222508624196053,-0.019385075196623802,
-0.017487119883298874,-0.01420758105814457,
0.023085303604602814,-0.009693716652691364,
0.021400930359959602,-0.0012819113908335567,
-0.006548247300088406,-0.022235143929719925,
-0.0272231362760067,-0.021883968263864517,
0.008449344895780087,-0.00800547655671835,
0.022483432665467262,-0.0280862245708704,
0.008948572911322117,-0.011837916448712349,
0.010151077061891556,-0.037848908454179764,
-0.0023464018013328314,0.011552155017852783,
0.005402144510298967,-0.01150595210492611,
-0.003266375046223402,0.02755925990641117,
0.024609796702861786,-0.04828863963484764,
-0.005526521243155003,0.005456943996250629,
0.02201259694993496,-0.01555666234344244,
-0.0059728012420237064,-0.008456005714833736,
0.006543450057506561,0.019009867683053017,
-0.02268373593688011,-0.029782770201563835,
-0.006114982068538666,-0.002926369197666645,
-0.026592498645186424,0.01852475479245186,
-0.01653738133609295,-0.01497593056410551,
0.007778706960380077,0.025510193780064583,
-0.020199481397867203,-0.018937386572360992,
-0.04677996784448624,-0.00822632946074009,
0.005852345377206802,-0.006354974582791328,
-0.012488219887018204,0.006230889819562435,
0.004465898964554071,0.0004913206794299185,
0.009182504378259182,0.03260170295834541,
0.009160465560853481,0.02229643240571022,
-0.002957936143502593,-0.005122920498251915,
-0.01869085617363453,-0.019352564588189125,
0.022361505776643753,0.009093872271478176,
0.012270470149815083,0.02206624113023281,
-0.013097847811877728,-0.02130662091076374,
0.03234408050775528,-0.0060349819250404835,
-0.0249235350638628,-0.044126734137535095,
0.015705659985542297,-0.034140970557928085,
0.020262645557522774,0.019053243100643158,
-0.024531466886401176,-0.008581613190472126,
0.011903513222932816,0.020196624100208282,
0.021114032715559006,0.009061872027814388,
-0.03102589026093483,0.009252846240997314,
-0.017882954329252243,0.013006569817662239,
0.023510508239269257,0.015489166602492332,
-0.013930600136518478,-0.0025416361168026924,
-0.03435029089450836,0.0316586047410965,
-0.006281155161559582,0.02127278782427311,
-0.03160570561885834,-0.009590798057615757,
0.03338490054011345,-0.019720153883099556,
0.039794452488422394,0.026395248249173164,
-0.027534840628504753,0.006938796956092119,
0.0031348939519375563,0.029129302129149437,
0.03544286638498306,-0.05540081486105919,
-0.0007529097492806613,-0.027737081050872803,
-0.01840413548052311,-0.044467631727457047,
0.029977785423398018,0.017358727753162384,
0.0006580878398381174,0.028786057606339455,
-0.031101670116186142,-0.001291819615289569,
0.03109152428805828,-0.004403665196150541,
0.01914428547024727,0.017386419698596,
-0.018787601962685585,0.018856534734368324,
0.014196649193763733,-0.030964994803071022,
-0.020997196435928345,0.06404852867126465,
-0.007233674172312021,-0.002115795621648431,
0.012456897646188736,0.015239487402141094,
0.0057664476335048676,-0.015887735411524773,
0.025147804990410805,0.009888571687042713,
-0.03298976272344589,-0.036903493106365204,
-0.005595762748271227,0.03758229315280914,
0.016751831397414207,-0.0010607934091240168,
0.001098285662010312,0.03154705464839935,
-0.027516668662428856,-0.005961257964372635,
0.0012626165989786386,0.019373232498764992,
0.007224367465823889,0.013856646604835987,
-0.014124656096100807,0.06854773312807083,
-0.002448165323585272,-0.0034443032927811146,
-0.017637325450778008,0.052679628133773804,
-0.0020317230373620987,-0.02382737025618553,
-0.0040733702480793,0.00898963026702404,
-0.0008579366840422153,-0.019165582954883575,
0.019455645233392715,-0.0056528267450630665,
0.0031512852292507887,0.021809445694088936,
-0.04429206624627113,-0.002849771874025464,
0.0020195895340293646,0.006556170526891947,
0.007081897463649511,0.0013412217376753688,
-0.027141740545630455,0.0172001700848341,
-0.00341246766038239,-0.007134464103728533,
-0.007758446503430605,0.025988196954131126,
-0.037391096353530884,0.02461414597928524,
0.008698437362909317,-0.028931034728884697,
0.0012275550980120897,0.02897130884230137,
-0.007430373225361109,-0.005331059452146292,
-0.020636992529034615,0.024656949564814568,
-0.0230832751840353,-0.007348864804953337,
-0.003356560366228223,-0.01134828757494688,
0.02365194261074066,-0.01845461316406727,
0.021013548597693443,-0.0018652592552825809,
0.010275606997311115,0.0025963089428842068,
0.04351838678121567,0.03713526204228401,
-0.026610616594552994,0.005507985595613718,
0.00010584061965346336,0.02413405105471611,
-0.03863553702831268,0.008371441625058651,
0.01530272327363491,-0.0027497713454067707,
-0.008148621767759323,-0.01871074177324772,
-0.0036115406546741724,-0.024528583511710167,
0.0064976634457707405,0.02067308872938156,
0.0021586529910564423,0.04276779294013977,
0.02616526186466217,0.061099424958229065,
-0.004028039053082466,-0.005927287042140961,
0.004390396177768707,-0.03152560442686081,
-0.032534170895814896,-0.021139634773135185,
0.002305692294612527,0.02284039370715618,
0.030830003321170807,-0.01387384906411171,
-0.005147917196154594,-0.018364865332841873,
0.014581677503883839,0.02243255265057087,
0.02158721163868904,-0.007051951251924038,
0.00309204775840044,-0.05207149684429169,
0.00899892020970583,-0.0197440292686224,
-0.03535058721899986,0.03673277050256729,
-0.03119092807173729,-0.00042496182140894234,
-0.0008291146950796247,0.008869758807122707,
0.015035288408398628,-0.013353106565773487,
0.021090727299451828,-0.00040069519309327006,
-0.001966954441741109,0.015367573127150536,
-0.005629001185297966,0.019537294283509254,
0.020064087584614754,-0.0007040303898975253,
0.006026111077517271,0.02638528309762478,
-0.0012359125539660454,0.02319551445543766,
0.015517144463956356,0.03536161780357361,
-0.002314815064892173,-0.03281465917825699,
-0.005098435096442699,-0.0033532262314110994,
0.010136222466826439,-0.009027485735714436,
0.016318757086992264,0.00599904777482152,
-0.025825146585702896,0.017023621127009392,
-0.01598731428384781,-0.01798402890563011,
-0.005066368263214827,-0.04476523771882057,
0.011810646392405033,0.03315480798482895,
0.0062162866815924644,1.9795830667135306e-05,
0.03576633334159851,-0.015727879479527473,
-0.006334366742521524,-0.03523477911949158,
0.009151359088718891,-0.007597292773425579,
0.0023779377806931734,-0.0492188036441803,
-0.027851630002260208,0.028243832290172577,
0.04053548350930214,-0.0008468655869364738,
0.01811792142689228,0.007595431059598923,
0.02149152383208275,0.011908878572285175,
-0.03092588111758232,0.01158848125487566,
-0.00555472681298852,0.006966557819396257,
0.00012895542022306472,-0.041420768946409225,
-0.02428358606994152,0.005088559351861477,
0.005338126327842474,-0.017064649611711502,
-0.012016348540782928,-0.04615335911512375,
-0.010486475192010403,-0.0031461992766708136,
-0.013271349482238293,-0.006797814276069403,
-0.022812893614172935,-0.0061283474788069725,
0.028131164610385895,0.012727179564535618,
-0.014162364415824413,0.0016813636757433414,
-0.00943080149590969,-0.014329704456031322,
0.008852782659232616,-0.013930690474808216,
-0.010036471299827099,-0.03814173489809036,
-0.01121019572019577,0.013989327475428581,
-0.019044725224375725,-0.025002818554639816,
0.017408577725291252,0.031962305307388306,
0.033249631524086,-0.052743371576070786,
-0.0025090770795941353,0.021737398579716682,
0.020866937935352325,0.02344110980629921,
0.01639307290315628,-0.011206724680960178,
-0.004360729828476906,0.012632928788661957,
-0.020196421071887016,0.034066375344991684,
0.0007357334834523499,-0.023801762610673904,
-0.002750843297690153,0.016341647133231163,
0.018697187304496765,0.00373678095638752,
0.0266833808273077,-0.006564538925886154,
0.04723545163869858,-0.002652600174769759,
-0.02982713095843792,0.014510618522763252,
0.028261234983801842,-0.006741025485098362,
0.02293006330728531,0.018659183755517006,
-0.006083936430513859,0.005025085527449846,
0.03341551870107651,0.026263637468218803,
0.01785186678171158,-0.02328474260866642,
0.02949787862598896,0.004806548822671175,
-0.0024297377094626427,-0.006679877173155546,
-0.00871043000370264,0.033288806676864624,
0.03439681604504585,-0.0124950110912323,
-0.030829230323433876,0.004975092597305775,
0.010611358098685741,-0.009336385875940323,
0.037555452436208725,-0.017483482137322426,
0.026753636077046394,0.008714553900063038,
0.008326669223606586,-0.009618251584470272,
-0.011906120926141739,-0.03492620587348938,
-0.012639551423490047,-0.03330032154917717,
-0.042243532836437225,0.005445454269647598,
-0.0072339363396167755,0.0051643019542098045,
-0.006822687573730946,-0.023578397929668427,
0.014017210341989994,-0.02041373960673809,
0.015997422859072685,-0.008361169137060642,
-0.015183079056441784,-0.026706840842962265,
0.021221257746219635,0.032796379178762436,
0.031223902478814125,0.01264879945665598,
-0.02628318965435028,-0.026116151362657547,
-0.011168044991791248,0.04011077806353569,
-0.032803814858198166,0.009469004347920418,
-0.01180501189082861,0.006526611279696226,
-0.00046854058746248484,-0.009910824708640575,
-0.014494245871901512,0.008993051014840603,
0.020272862166166306,-0.03555769845843315,
-0.004701472818851471,0.003106697928160429,
0.026619788259267807,-0.005247815046459436,
-0.025924310088157654,-0.02456495352089405,
0.006955605465918779,0.0446811206638813,
-0.015200729481875896,0.01599322445690632,
-0.030354900285601616,0.020167915150523186,
0.008384205400943756,-0.009057926014065742,
-0.018658220767974854,-0.01258875522762537,
-0.018026093021035194,-0.025502510368824005,
-0.007621637545526028,0.010144527070224285,
0.014167076908051968,0.00997436698526144,
-0.019685758277773857,-0.01129947230219841,
0.04362628608942032,-0.013656746596097946,
0.011763493530452251,0.04758485034108162,
0.0399315319955349,-0.03775402531027794,
-0.034896861761808395,0.023450227454304695,
-0.009263268671929836,0.009722314774990082,
0.02691500261425972,0.019795866683125496,
-0.00839183572679758,-0.02251264452934265,
-0.011303999461233616,0.006790139712393284,
0.006888441275805235,0.013601965270936489,
0.034866198897361755,0.02037772536277771,
-0.0015108556253835559,0.0078033823519945145,
-0.021037930622696877,-0.022816380485892296,
0.006766411010175943,-0.0077470215037465096,
-0.03003261424601078,0.014930104836821556,
-0.008239549584686756,0.022803515195846558,
0.028284631669521332,-0.000858810031786561,
0.03554878383874893,0.02922073006629944,
-0.00905357114970684,0.03967495635151863,
0.0023825052194297314,-0.009700927883386612,
-0.016830256208777428,0.004866333212703466,
-0.06930306553840637,0.010462390258908272,
-0.012932227924466133,-0.016958564519882202,
-0.003188839415088296,-0.015500536188483238,
-0.018389565870165825,-0.024243496358394623,
0.015278132632374763,0.018565502017736435,
0.015814827755093575,0.030430573970079422,
0.01690109446644783,0.0005873120971955359,
-0.04626709222793579,-0.012263089418411255,
-0.012737548910081387,0.02305769920349121,
-0.02402077428996563,-0.01702503301203251,
-0.0028474447317421436,0.019968613982200623,
0.010718580335378647,-0.0525878481566906,
0.027827933430671692,0.01796654984354973,
-0.011504942551255226,0.004977650940418243,
-0.012984718196094036,-0.006708268076181412,
-0.012498695403337479,-0.03037939965724945,
-0.026037445291876793,0.028162404894828796,
-0.029040776193141937,-0.014594893902540207,
-0.015851987525820732,-0.010706229135394096,
0.039231326431035995,-0.023030387237668037,
0.0027922361623495817,-0.014127916656434536,
-0.020467976108193398,-0.021074902266263962,
-0.04720107838511467,-0.024699538946151733,
-0.02921334281563759,-0.0021531577222049236,
-0.01571139134466648,0.024483775720000267,
-0.002552309539169073,-0.008467309176921844,
-0.007186999544501305,0.029271017760038376,
0.011899850331246853,0.002576458500698209,
0.021213283762335777,0.012542862445116043,
0.030477210879325867,-0.019969141110777855,
-0.0009657395421527326,0.015827689319849014,
0.01975042000412941,-0.018717952072620392,
-0.004197217989712954,-0.016110187396407127,
0.006328348070383072,-0.015999779105186462,
0.015322430059313774,0.009544040076434612,
0.014953034929931164,0.005794378463178873,
0.0009162521455436945,-0.05434534326195717,
0.028624216094613075,0.012157789431512356,
-0.0349126011133194,-0.004755980335175991,
-0.009301755577325821,-0.024846410378813744,
0.015555689111351967,0.012620593421161175,
0.0339326448738575,0.02210778370499611,
-0.01696775108575821,-0.03127937391400337,
-0.001232799724675715,0.00035085497074760497,
0.01269441843032837,-0.001816391828469932,
0.008260938338935375,0.028834108263254166,
-0.00010194225615123287,0.035028014332056046,
0.0033064221497625113,0.017399141564965248,
0.00810933206230402,0.021031055599451065,
0.010652853175997734,0.00043970925617031753,
0.004363473504781723,0.007966306060552597,
-0.009641285985708237,-0.03633875027298927,
-0.01842017099261284,-0.010807170532643795,
0.019490761682391167,0.017339009791612625,
-0.00039415055653080344,0.016216086223721504,
-0.013966004364192486,0.030704660341143608,
-0.05293208733201027,-0.060152702033519745,
-0.02014295756816864,-0.04226529970765114,
-0.009778155945241451,0.008971091359853745,
-0.008122227154672146,-0.003825254738330841,
-0.02820518985390663,-0.01357193198055029,
0.020168831571936607,0.010753143578767776,
0.02480963058769703,0.06695995479822159,
-0.03810148686170578,0.02908739075064659,
0.014131134375929832,-0.024209678173065186,
0.06877271085977554,-0.00953940860927105,
-0.041113730520009995,0.01897960528731346,
0.030100902542471886,0.04088139533996582,
-0.02686372585594654,0.0315474234521389,
-0.018577879294753075,-0.00890488550066948,
-0.008777456358075142,-0.0009275026386603713,
0.0028215579222887754,-0.001922297989949584,
-0.006044087000191212,-0.011903385631740093,
-0.018537044525146484,-0.005947973113507032,
0.0030351909808814526,0.023690277710556984,
0.011949345469474792,-0.03212527930736542,
0.018003029748797417,-0.01806267723441124,
-0.03881695121526718,-0.02659432403743267,
0.011465699411928654,0.0243221502751112,
-0.0034273015335202217,0.004279803019016981,
-0.018021199852228165,-0.01967862993478775,
-0.02356008253991604,0.019826874136924744,
0.0037793274968862534,-0.040013790130615234,
0.016676699742674828,0.006514434237033129,
0.01800728589296341,-0.051848139613866806,
-0.01663980633020401,0.0037923958152532578,
0.0035396460443735123,-0.08566486835479736,
0.008733757771551609,-0.004809780512005091,
-0.03585623577237129,0.011137883178889751,
0.04388481006026268,0.011884919367730618,
-0.017809860408306122,-0.013670644722878933,
-0.01581849716603756,-0.003673086641356349,
0.011631140485405922,0.014827972277998924,
0.005233313888311386,0.010265166871249676,
0.03693298250436783,-0.014478650875389576,
-0.01277741976082325,0.012540029361844063,
-0.06043824926018715,-0.033435020595788956,
-0.039545729756355286,-0.03800959885120392,
0.0086508858948946,0.02079346589744091,
0.02129543200135231,-0.033973511308431625,
-0.006296113599091768,-0.020744994282722473,
0.006314071826636791,-0.027360456064343452,
-0.0223806444555521,0.017256250604987144,
0.0032498021610081196,0.005040563177317381,
0.010407700203359127,-0.0035081785172224045,
0.008761421777307987,-0.015357245691120625,
0.01120203547179699,-0.01745511032640934,
-0.028649862855672836,0.015767069533467293,
0.02419448457658291,0.002883150242269039,
-0.019654054194688797,0.013190495781600475,
0.008365605026483536,0.007651045918464661,
-0.061983563005924225,0.009303243830800056,
-0.030419759452342987,-0.023292960599064827,
0.02102810889482498,-0.017137177288532257,
-0.038342222571372986,0.02710350789129734,
0.039859894663095474,-0.017696507275104523,
0.0382089726626873,-0.010237123817205429,
0.0226241797208786,-0.010801256634294987,
0.002105351537466049,-0.027852628380060196,
0.008775574155151844,-0.012535600923001766,
-0.009660576470196247,-0.018713990226387978,
-0.0029338716994971037,0.004987092688679695,
0.01103285700082779,-0.018842697143554688,
0.003870174055919051,0.003275294089689851,
0.007181849796324968,0.03216792270541191,
0.04351348057389259,-0.005458862986415625,
-0.017775295302271843,0.013420271687209606,
-0.00455078948289156,0.01220871414989233,
-0.027994191274046898,0.04080339893698692,
0.022548925131559372,-0.007522013038396835,
-0.029547128826379776,0.010765967890620232,
0.014180454425513744,-0.003142918460071087,
-0.0050431955605745316,0.031099779531359673,
0.008081968873739243,0.010944030247628689,
-0.011146106757223606,0.029360592365264893,
-0.015387347899377346,-0.0027492211665958166,
0.012875702232122421,-0.0031079710461199284,
0.05781906470656395,-0.0581488162279129,
0.005002357065677643,0.016210850328207016,
0.01161170657724142,-0.04754379391670227,
-0.007627943996340036,0.0099679259583354,
-0.05015380680561066,0.010893790051341057,
-0.02499268390238285,0.013689206913113594,
0.0006303625414147973,-0.009475219063460827,
-0.008502348326146603,0.02513069286942482,
-0.01536882296204567,0.0353277362883091,
0.020203985273838043,0.025691349059343338,
-0.039204295724630356,0.02043170854449272,
-0.052266765385866165,0.014410079456865788,
-0.026808490976691246,-0.03364967554807663,
0.0003606873215176165,0.00649320799857378,
-0.009246881119906902,0.0038337167352437973,
0.019422316923737526,-0.01610630936920643,
-0.022969963029026985,0.01932879351079464,
-0.013063340447843075,0.008778507821261883,
0.010257161222398281,-0.008600512519478798,
0.014182796701788902,0.04791655018925667,
0.006460674572736025,0.004710791632533073,
0.0016892339335754514,0.001812795177102089,
0.007937991991639137,0.012280309572815895,
0.0031548901461064816,-0.003519980935379863,
0.011285416781902313,0.008546674624085426,
-0.024645498022437096,0.017734311521053314,
0.00913708470761776,-0.025044333189725876,
-0.011979365721344948,-0.03113858960568905,
-0.026792582124471664,-0.003697532694786787,
0.005052607040852308,0.0025059329345822334,
0.01052902452647686,-0.0016269413754343987,
-0.0007570855668745935,-0.009642185643315315,
0.0022875661961734295,0.0035167974419891834,
-0.0028521001804620028,0.030779333785176277,
0.012600565329194069,0.026081278920173645,
-0.05214008316397667,0.013766779564321041,
0.04726486653089523,0.005031940061599016,
-0.02292945608496666,0.027362344786524773,
0.0033671970013529062,0.01554571371525526,
0.007536848075687885,0.005470707546919584,
0.018897343426942825,-0.006876194849610329,
0.013931628316640854,0.04362194612622261,
0.04878363758325577,0.03968886286020279,
0.022977696731686592,-0.02924298122525215,
0.01428917609155178,-0.011375210247933865,
0.02022727206349373,0.019098157063126564,
-0.02006417140364647,0.019902875646948814,
0.007510227616876364,0.009558075107634068,
-0.01853071339428425,-0.0057868980802595615,
-0.009643218480050564,0.02548961527645588,
-0.005146692506968975,-0.03843468055129051,
-0.033118754625320435,-0.004632551223039627,
-0.00625021243467927,-0.031204640865325928,
-0.022628089413046837,0.023584140464663506,
0.008635517209768295,-0.02041192166507244,
-0.012682650238275528,-0.021101733669638634,
-0.0032811861019581556,0.045075710862874985,
0.00481115048751235,-0.03625931590795517,
-0.016665367409586906,-0.004355763550847769,
0.013013526797294617,0.015044479630887508,
-0.021936524659395218,-0.009438490495085716,
0.0510491319000721,-0.00024343763652723283,
0.02511567808687687,0.039281245321035385,
-0.015317896381020546,0.022779710590839386,
-0.03042198158800602,0.007114845793694258,
0.02701565809547901,-0.0014276052825152874,
0.025243796408176422,-0.02814568020403385,
-0.018597668036818504,-0.029774541035294533,
-0.009543664753437042,0.0035140688996762037,
1.065432797986432e-06,-0.019888460636138916,
0.025575637817382812,-0.014789406210184097,
0.0002496149390935898,0.018542388454079628,
0.025979826226830482,-0.0014957103412598372,
0.020329436287283897,0.03481387719511986,
-0.0007884835358709097,0.03965119272470474,
0.024143073707818985,-0.018228966742753983,
-0.010221008211374283,0.000968441367149353,
-0.009913552552461624,0.010788148269057274,
-0.012830046936869621,-0.00628458708524704,
0.05065754055976868,-0.0016959381755441427,
-0.056402288377285004,0.0013262665597721934,
0.002611518371850252,-0.016069844365119934,
0.03572368621826172,0.0006457564304582775,
-0.02012217789888382,0.05503971129655838,
0.010679849423468113,0.0034462129697203636,
-0.016865894198417664,-0.013723911717534065,
-0.02515861578285694,0.02816660702228546,
-0.007792585529386997,-0.0013852543197572231,
-0.02216843143105507,0.03992621600627899,
0.0030364866834133863,-0.018365832045674324,
-0.01825200393795967,0.014334983192384243,
0.003770807757973671,-0.008075420744717121,
0.008258684538304806,-0.035504426807165146,
-0.013811769895255566,0.010789109393954277,
-0.016816245391964912,-0.02988743968307972,
0.029569989070296288,-0.051168292760849,
0.05463425815105438,0.013666688464581966,
0.008451845496892929,-0.01025755237787962,
0.033871520310640335,0.025923866778612137,
-0.004298708401620388,0.049281977117061615,
0.0029419877100735903,0.00529788201674819,
0.010454701259732246,-0.02568754181265831,
-0.02515675500035286,0.00874563679099083,
-6.421475700335577e-05,-0.009654966183006763,
0.03027944453060627,-0.010291245765984058,
-0.001502838684245944,-0.01767350733280182,
-0.0018156616715714335,-0.011599346064031124,
-0.03358323499560356,0.048093948513269424,
0.023141341283917427,-0.0011543036671355367,
-0.005872134584933519,-0.005609297659248114,
0.00972223561257124,0.007163747679442167,
-0.04246122017502785,-0.001499204896390438,
-0.013148553669452667,0.007990607991814613,
-0.022646157070994377,-0.04206647723913193,
-0.015384307131171227,0.009113996289670467,
-0.0032297291327267885,-0.049223076552152634,
0.04775989055633545,-0.005828286521136761,
0.005715124309062958,0.01141260378062725,
-0.04614739492535591,0.0020227914210408926,
0.006790447980165482,-0.04332517832517624,
0.0224022027105093,-0.02338704839348793,
0.01733800582587719,0.020384203642606735,
-0.0179643202573061,0.010773271322250366,
-0.02031455747783184,-0.0012388722971081734,
0.020010005682706833,-0.003088864032179117,
0.045225031673908234,-0.0016367945354431868,
-0.013298613019287586,0.013730527833104134,
-0.008884221315383911,-0.018669577315449715,
-0.01652761921286583,0.01315945666283369,
-0.027979018166661263,0.010536336340010166,
0.025238685309886932,0.038267724215984344,
-0.012712432071566582,-0.014203237369656563,
0.019534597173333168,9.180110646411777e-05,
0.0005912714987061918,0.03392758220434189,
0.034685444086790085,0.013869785703718662,
0.00523966271430254,-0.009190945886075497,
-0.007391977123916149,0.021992361173033714,
-0.009796113707125187,0.005311133340001106,
0.004658800084143877,0.03481077775359154,
0.038697630167007446,-0.042303405702114105,
0.04011998698115349,-0.009120728820562363,
0.03511444479227066,-0.007333681918680668,
0.043300945311784744,0.0003794717777054757,
0.011170447804033756,0.00814438983798027,
0.022215615957975388,-0.0019117321353405714,
-0.03168206661939621,0.011522549204528332,
0.018584951758384705,0.018804293125867844,
-0.04297541454434395,0.002555795246735215,
-0.012201044708490372,0.02738318033516407,
-0.020217617973685265,-0.015391824766993523,
-0.01579049974679947,-0.008787715807557106,
-0.023928754031658173,-0.002779401605948806,
0.014851296320557594,0.008543831296265125,
0.016546981409192085,0.001832266105338931,
0.0023957511875778437,0.025517933070659637,
0.0026378370821475983,-0.0011882844846695662,
-0.003721057903021574,-0.011912661604583263,
-0.02210712805390358,-0.013332733884453773,
0.007780411280691624,-0.017208434641361237,
0.0013125367695465684,0.0030269057024270296,
0.031612809747457504,0.012709435075521469,
-0.0015550904208794236,0.01204289123415947,
0.039450470358133316,-0.007599771488457918,
-0.007158196065574884,-0.024513622745871544,
0.008054369129240513,0.016555139794945717,
-0.008160230703651905,0.023574592545628548,
0.028912179172039032,-0.0002031041804002598,
-0.011422482319176197,0.012091956101357937,
-0.009907317347824574,-0.010950101539492607,
0.021033577620983124,0.0041793095879256725,
-0.01393723301589489,0.029728729277849197,
0.0018540688324719667,0.0008372950251214206,
-0.022223614156246185,-0.032433681190013885,
-0.027110662311315536,-0.0240783728659153,
0.010859568603336811,0.037591345608234406,
-0.03426068648695946,-0.030205344781279564,
-0.03258724883198738,0.017628084868192673,
0.02115759439766407,0.024069683626294136,
0.008310158737003803,0.018475810065865517,
-0.006067434325814247,0.01209084503352642,
0.007237164303660393,-0.007244483567774296,
-0.003067316487431526,-0.0002469845348969102,
-0.01770944893360138,-0.025063766166567802,
0.030255215242505074,-0.02550024725496769,
-0.035879947245121,0.01601051539182663,
-0.011892874725162983,0.003629447892308235,
-0.010084114037454128,0.019375940784811974,
-0.008574713952839375,0.007408402394503355,
-0.016595682129263878,0.0042381929233670235,
0.010573990643024445,-0.00885056983679533,
-0.033988989889621735,-0.011378363706171513,
0.014993478544056416,0.031097525730729103,
-0.026393195614218712,-0.008135119453072548,
-0.018137380480766296,-0.009297261014580727,
-0.03965190798044205,0.03254811838269234,
0.012495080009102821,0.014461384154856205,
-0.017767785117030144,-0.004995869938284159,
0.02767512947320938,0.01892787590622902,
-0.0128498375415802,0.02560645155608654,
0.007654979825019836,0.017300214618444443,
-0.025661557912826538,0.027535971254110336,
0.010879481211304665,-0.017838893458247185,
0.00598257826641202,0.009987670928239822,
-0.02223614975810051,0.0014451632741838694,
-0.01168115809559822,-0.005063496995717287,
-0.011805908754467964,0.01179305650293827,
-0.061625365167856216,-0.00848627183586359,
-0.018156414851546288,0.0009252654854208231,
0.01690170355141163,0.017178256064653397,
-0.024100853130221367,0.01427401416003704,
0.03624476492404938,0.029682934284210205,
-0.04187740758061409,-0.028216255828738213,
0.024999378249049187,0.028107866644859314,
0.023701496422290802,-0.018497876822948456,
-0.017563549801707268,-0.0012013756204396486,
0.014582033269107342,0.020827097818255424,
0.004096348769962788,0.0022354265674948692,
0.011315004900097847,0.04018860310316086,
0.014768237248063087,0.007287637330591679,
0.011457987129688263,-0.033779166638851166,
-0.04177314415574074,-0.026112545281648636,
-0.014153929427266121,-0.014212770387530327,
0.032846175134181976,-0.008132055401802063,
0.010393666103482246,0.018160084262490273,
0.03201964497566223,-0.028956593945622444,
-0.00928207952529192,0.03999717906117439,
-0.0015977713046595454,0.038616668432950974,
0.010037831030786037,0.021398445591330528,
-0.001511869952082634,-0.002570013515651226,
-0.02421403117477894,-0.026584841310977936,
-0.029915498569607735,-0.020115898922085762,
-0.016192957758903503,-0.017582768574357033,
-0.0018852486973628402,-0.015656251460313797,
0.017342867329716682,-0.03615231439471245,
0.002216857858002186,0.04239894822239876,
-0.0016828397056087852,-0.005575495772063732,
0.011190944351255894,0.013301375322043896,
-0.002415809780359268,0.044464416801929474,
0.03419630229473114,-0.0030871841590851545,
-0.03236973658204079,0.002000960987061262,
0.015083804726600647,0.006251663435250521,
-0.03428778424859047,-0.03217218071222305,
0.004277895670384169,-0.017764773219823837,
0.016176877543330193,0.023668302223086357,
0.03190779685974121,-0.024264005944132805,
0.01920943893492222,-0.06112905219197273,
0.017061002552509308,0.03916827589273453,
-0.03646225854754448,-0.026402879506349564,
-0.005058682523667812,0.035406310111284256,
0.007809241767972708,0.013851861469447613,
-0.017116613686084747,0.004289711359888315,
0.008412190712988377,0.04419105872511864,
0.023599302396178246,0.010939248837530613,
-0.023429395630955696,-0.0010846193181350827,
0.04104908928275108,0.0070747677236795425,
-0.015059567987918854,-0.016471130773425102,
0.012310945428907871,-0.01575421914458275,
-0.026437364518642426,-0.009512418881058693,
0.010078930296003819,0.005405046511441469,
0.0039008241146802902,0.02506869286298752,
0.002310780342668295,0.012979153543710709,
-0.0012186304666101933,-0.02953300252556801,
-0.008333404548466206,-0.010826131328940392,
-0.027840539813041687,0.0038992618210613728,
-0.03921139985322952,-0.029047610238194466,
-0.01225318294018507,0.011335104703903198,
0.0007535848999395967,0.003242658218368888,
-0.009366098791360855,-0.02303485944867134,
0.010482743382453918,0.006126123946160078,
-0.018071983009576797,0.007700121030211449,
-0.0002941013080999255,-0.003461900632828474,
-0.03435015678405762,-0.026599101722240448,
0.02851300872862339,-0.03494725376367569,
0.036180973052978516,-0.005005904473364353,
-0.02194487676024437,0.022130867466330528,
0.033832624554634094,-0.00025849265512079,
0.027458177879452705,0.029280979186296463,
0.03484196588397026,0.028870761394500732,
-0.013119538314640522,0.018388893455266953,
-0.0012163182254880667,0.054541751742362976,
-0.03300603851675987,-0.015814460813999176,
-0.02840491198003292,0.01531069353222847,
0.020298587158322334,-0.0022829691879451275,
-0.019152110442519188,0.022754285484552383,
0.0009386584279127419,-0.013894892297685146,
0.01524064876139164,0.0008333363803103566,
-0.0175747312605381,0.007981961593031883,
0.00039204652421176434,0.02742885798215866,
0.008258513174951077,0.0007699832203797996,
0.02577098459005356,0.013320762664079666,
-0.01212738174945116,0.031077278777956963,
-0.005251442082226276,-0.03787475451827049,
-0.004969229456037283,-0.004364917986094952,
0.0379154272377491,-0.021389415487647057,
0.0032964933197945356,-0.02066841907799244,
-0.027064796537160873,-0.018110763281583786,
0.016406577080488205,0.025318140164017677,
0.014566394500434399,0.010863970033824444,
0.026031887158751488,-0.010844860225915909,
-0.03518008440732956,0.004517629276961088,
-0.025515632703900337,-0.00911239068955183,
0.03403816744685173,-0.00920407846570015,
-0.018765486776828766,-0.013304317370057106,
0.015246432274580002,0.017346801236271858,
-0.011913783848285675,-0.007131526712328196,
0.014427443034946918,0.014978940598666668,
-0.056391164660453796,0.005407135002315044,
-0.03170743212103844,-0.015007608570158482,
-0.026390554383397102,0.0009744192357175052,
-0.03594663366675377,0.018358251079916954,
0.021143218502402306,-0.029320379719138145,
0.014842239208519459,-0.02163701131939888,
0.04739798605442047,0.028898021206259727,
-0.00044982400140725076,0.01675279624760151,
0.01622147671878338,0.03004327230155468,
-0.015014839358627796,-0.013271101750433445,
-0.004010394215583801,0.027851903811097145,
0.0241006501019001,-0.007387806195765734,
-0.0013774068793281913,0.021129023283720016,
0.002983968937769532,0.019607998430728912,
-0.04758801683783531,0.008745123632252216,
0.021783720701932907,-0.0318133719265461,
0.010990616865456104,0.008449201472103596,
0.009367798455059528,-0.012052290141582489,
0.01535486988723278,0.01490823458880186,
0.011167580261826515,0.001208122237585485,
0.03132706135511398,0.01717390865087509,
-0.00857307855039835,-0.017338866367936134,
0.01785055175423622,-0.018253013491630554,
-0.022797370329499245,0.01468329131603241,
-0.004332072101533413,0.00025757873663678765,
-0.018303479999303818,0.01705780439078808,
0.056694239377975464,0.049065668135881424,
-0.013942944817245007,0.005906232167035341,
-0.02257952094078064,0.026885969564318657,
0.04605896398425102,-0.022710131481289864,
0.028928078711032867,-0.007991455495357513,
0.036251530051231384,0.0013880468904972076,
0.0013259805273264647,0.0011063492856919765,
-0.014838598668575287,-0.03839177265763283,
-0.0026962924748659134,0.008618366904556751,
0.0344572439789772,0.012030470184981823,
0.005170835182070732,0.013764364644885063,
-0.0006863740272819996,-0.026587054133415222,
0.011431513354182243,-0.004035064950585365,
-0.04238147288560867,-0.011698083020746708,
-0.036144837737083435,0.022330982610583305,
-0.0009152877610176802,0.04787681624293327,
0.024381889030337334,0.02047128789126873,
0.0038569876924157143,0.03498280420899391,
0.028030579909682274,0.013570335693657398,
-0.007363520096987486,0.029990730807185173,
-0.03349924832582474,0.03198665380477905,
0.02267102710902691,-0.006526296958327293,
-0.0364798866212368,0.02919621765613556,
0.01944613829255104,-0.0009184149093925953,
0.03370478376746178,0.012862728908658028,
0.010481196455657482,0.009231469593942165,
0.002772187115624547,-0.016480954363942146,
0.00048743427032604814,-0.01199201587587595,
-0.011208354495465755,-0.020006928592920303,
-0.015958907082676888,0.025246798992156982,
0.014802802354097366,-0.0308340173214674,
-0.023283986374735832,-0.030193928629159927,
0.008760291151702404,-0.020031362771987915,
-0.02300085686147213,-0.00637435307726264,
0.008977790363132954,-0.018181372433900833,
-0.018062902614474297,-0.026605498045682907,
0.010517091490328312,0.008421029895544052,
-0.06354597955942154,-0.008977708406746387,
-0.0029352549463510513,-0.03561996668577194,
0.004506020341068506,-0.02668159455060959,
-0.005075486842542887,0.012919727712869644,
-0.016330964863300323,0.0044253733940422535,
0.03364531323313713,-0.005671480670571327,
-0.032498713582754135,-0.014861947856843472,
0.01668904535472393,-0.00040672547766007483,
-0.014199463650584221,-0.024064259603619576,
0.014484094455838203,0.029758809134364128,
-0.03155612573027611,0.059581607580184937,
-0.021913709118962288,0.0006921194726601243,
0.005005284212529659,0.028826052322983742,
-0.007155099883675575,0.017019124701619148,
0.026843756437301636,-0.005205277353525162,
-0.0236012302339077,0.00215148669667542,
0.012389345094561577,-0.0034991225693374872,
0.025575151666998863,-0.036605268716812134,
-0.035786546766757965,-0.010415837168693542,
-0.015605363994836807,-0.008068535476922989,
-0.00483659328892827,0.007006016559898853,
0.012614812701940536,-0.005724955350160599,
0.04223557561635971,-0.012756121344864368,
0.006142653990536928,-0.0008374422322958708,
-0.017494801431894302,-0.015292434953153133,
0.030793938785791397,0.016734391450881958,
-0.01673112064599991,0.012856819666922092,
-0.006493328604847193,-0.001483374391682446,
0.0015131235122680664,0.0017802075017243624,
-0.034034714102745056,-0.010729102417826653,
0.025507718324661255,0.028668301180005074,
0.0019282615976408124,0.015863019973039627,
0.014993797987699509,-0.022028936073184013,
-0.018227914348244667,-0.022424569353461266,
-0.015557313337922096,0.020001137629151344,
-0.036290984600782394,-0.017482174560427666,
0.00781997386366129,0.012657702900469303,
0.028083978220820427,0.0011116006644442677,
-0.0243395883589983,-0.02035551890730858,
-0.0020344911608844995,0.016351399943232536,
0.011497512459754944,0.014302270486950874,
-0.030745092779397964,0.025111448019742966,
0.02827512100338936,0.021787971258163452,
0.00956894550472498,0.016167502850294113,
-0.021991508081555367,-0.02522715926170349,
0.013966158963739872,0.0014684367924928665,
-0.04268649220466614,-0.027462176978588104,
-0.00030911556677892804,0.0165175162255764,
-0.008928285911679268,-0.010114042088389397,
0.0028521311469376087,-0.026422029361128807,
-0.003550964407622814,-0.014837414026260376,
0.028393028303980827,-0.006276991218328476,
0.00228315987624228,0.007361282594501972,
-0.011286655440926552,0.019393369555473328,
0.00643140496686101,-0.010252065025269985,
0.011419834569096565,-0.0005513378418982029,
-0.033481087535619736,0.004011068027466536,
-0.015402616932988167,0.024120060727000237,
-0.009575603529810905,-0.02751363068819046,
0.010785107500851154,0.01673797331750393,
-0.012210444547235966,-0.032622821629047394,
-0.05857190489768982,-0.0011428950820118189,
0.03368334099650383,-0.017130520194768906,
-0.028855957090854645,-0.02351776696741581,
-0.005493448581546545,-0.000991008011624217,
-0.014395028352737427,-0.006766702979803085,
-0.0008177155978046358,-0.00647215498611331,
0.008175467140972614,0.004114902578294277,
-0.012396544218063354,-0.0044401949271559715,
-0.010571629740297794,0.013490598648786545,
-0.0362045019865036,0.013105723075568676,
-0.05801517888903618,0.004689567256718874,
0.020349524915218353,0.0031857152935117483,
-0.028320515528321266,0.021566318348050117,
0.01841617561876774,-0.012278434820473194,
0.022773999720811844,0.01761513762176037,
-0.016930053010582924,0.002648297231644392,
0.009000342339277267,0.004183567129075527,
-0.015753883868455887,-0.0026204807218164206,
0.015694634988904,0.015164248645305634,
0.0034981784410774708,0.009263279847800732,
0.0027990001253783703,-0.023463355377316475,
0.00896853394806385,-0.057616379112005234,
0.02944904752075672,0.03964696452021599,
-0.04704218730330467,0.057907313108444214,
-0.008332248777151108,0.027311932295560837,
-0.027806907892227173,-0.019826732575893402,
0.003089865203946829,-0.04174850136041641,
0.005715709645301104,0.012722521089017391,
0.031216979026794434,-0.014044603332877159,
0.025054339319467545,-0.004061076790094376,
-0.0016872293781489134,0.009402789175510406,
-0.017773792147636414,-0.002375739859417081,
0.03041459247469902,0.016677936539053917,
0.017686637118458748,0.010222621262073517,
0.039575207978487015,0.03180268779397011,
-0.0004306304035708308,-0.0294962078332901,
0.012386594898998737,0.0044498625211417675,
0.01805596984922886,-0.011533538810908794,
0.017231473699212074,-0.015923036262392998,
0.02488299086689949,-0.0541778989136219,
0.007000448647886515,0.005864002276211977,
0.005234731361269951,-0.02630113996565342,
0.0018313751788809896,-0.006804870907217264,
0.01847253181040287,0.04116441309452057,
-0.029845740646123886,0.005562919657677412,
-0.00840725190937519,0.03961183503270149,
0.04219220206141472,0.005901074502617121,
0.024411741644144058,-0.021766450256109238,
-0.03375398367643356,0.02304929681122303,
-0.007092995103448629,0.030884770676493645,
-0.031462427228689194,0.008375732228159904,
0.027993224561214447,-0.0029306989163160324,
0.015059510245919228,0.04270034655928612,
0.012384737841784954,0.012844130396842957,
0.03668437525629997,-0.014929593540728092,
-0.006107183638960123,0.022014889866113663,
0.0069727823138237,-0.02296116203069687,
-0.007259417325258255,0.01739649660885334,
-0.004959338344633579,-0.014092795550823212,
-0.010998830199241638,-0.022189214825630188,
-0.030717885121703148,0.029665911570191383,
0.00016766213229857385,-0.0037571375723928213,
0.004717339761555195,0.0005964729352854192,
0.0026265832129865885,0.005897491239011288,
0.011686178855597973,-0.00479121832177043,
-0.017360301688313484,0.01713644526898861,
0.006647901143878698,-0.006306561175733805,
-0.012785302475094795,-0.0245075523853302,
-0.0046516102738678455,-0.00584429083392024,
-0.0015021534636616707,-0.016260599717497826,
-0.0017195908585563302,-0.001999516040086746,
0.025634679943323135,-2.030284122156445e-05,
0.004359301645308733,0.005773664452135563,
0.01759806089103222,-0.009070449508726597,
0.05091151222586632,-0.008522335439920425,
-0.03728342428803444,-0.009115456603467464,
-0.02556096389889717,-0.016043443232774734,
-0.005214291159063578,-0.011416776105761528,
0.03804246336221695,0.012778439559042454,
0.025752469897270203,0.03586737811565399,
-0.016007235273718834,-0.02057632990181446,
-0.021790698170661926,-0.005050826817750931,
-0.0031258973758667707,0.031124982982873917,
-0.05509749427437782,-0.018590083345770836,
0.02761843614280224,0.015776075422763824,
-0.01821845769882202,0.015753941610455513,
0.01224533375352621,-0.0019562465604394674,
-0.0021688726264983416,0.05119728296995163,
-0.008735258132219315,0.006685157772153616,
0.028619451448321342,-0.03638523444533348,
-0.01757073402404785,-0.029229892417788506,
-0.021387537941336632,0.0141312126070261,
-0.0005524769658222795,-0.03898746892809868,
-0.008172452449798584,-0.026365268975496292,
-0.0001743403699947521,0.008642157539725304,
0.026447420939803123,-0.006530533079057932,
0.0012605221709236503,0.00608074851334095,
-0.05797877907752991,-0.016113944351673126,
0.025189759209752083,0.04734484478831291,
-0.023913871496915817,0.02603030763566494,
0.046393848955631256,-0.039088305085897446,
0.031631045043468475,0.009835013188421726,
-0.022181520238518715,0.04858073219656944,
-0.015750465914607048,0.003985429648309946,
0.023056654259562492,-0.01450754702091217,
0.005473618861287832,-0.0284827072173357,
0.004088872112333775,-0.01452706754207611,
0.016232632100582123,-0.020646413788199425,
0.0357842780649662,-0.010267836041748524,
0.013960245996713638,-0.0030964594334363937,
-0.01139751821756363,-0.01328746136277914,
0.03911476954817772,-0.016458401456475258,
-0.013005155138671398,0.0048770783469080925,
0.0075666820630431175,0.006165081635117531,
-0.019499890506267548,0.03590793535113335,
-0.01708383671939373,-0.011558783240616322,
0.003720143111422658,0.013593930751085281,
-0.0064432015642523766,-0.029414717108011246,
0.03917281702160835,0.018156392499804497,
-0.015136731788516045,-0.04238469898700714,
0.015833742916584015,0.010495462454855442,
-0.004244406707584858,0.026386553421616554,
-0.0437186025083065,-0.013459494337439537,
-0.015249369665980339,0.019008124247193336,
-0.007014380767941475,-0.009962310083210468,
0.0070471311919391155,0.024943847209215164,
0.0018947870703414083,-0.00960912462323904,
-0.013243590481579304,0.003228225512430072,
0.00898465234786272,0.005140063818544149,
0.008211727254092693,-0.01612137071788311,
0.007490148302167654,-0.010609178803861141,
0.03195010870695114,-0.02186233177781105,
-0.02000345289707184,0.030495552346110344,
0.022332560271024704,-0.029225340113043785,
0.015085873194038868,-0.012513892725110054,
0.012066910974681377,-0.04674575477838516,
0.02047266624867916,0.010161392390727997,
0.013944550417363644,-0.023387866094708443,
-0.04244864732027054,0.02402573637664318,
-0.0018353593768551946,0.005841566249728203,
0.019762855023145676,-0.008209108375012875,
0.0009116053697653115,-0.004583828616887331,
0.023411870002746582,0.007001029327511787,
-0.018468333408236504,0.01396810170263052,
0.025313958525657654,-0.013433026149868965,
-0.0044077495113015175,-0.007991781458258629,
0.01786152645945549,-0.02593427523970604,
0.01193369273096323,0.0038305490743368864,
-0.0031464621424674988,-0.002877982333302498,
0.005452906712889671,-0.03393606096506119,
-0.009583468548953533,0.016726016998291016,
0.02197452262043953,-0.033399201929569244,
-0.015448659658432007,-0.007066374644637108,
-0.01672726683318615,-0.0030452015344053507,
-0.023341026157140732,-0.017350008711218834,
0.013042534701526165,0.024704862385988235,
0.021204419434070587,0.013048477470874786,
-0.010648460127413273,-0.01365662831813097,
-0.009541524574160576,-0.031545817852020264,
-0.014553243294358253,-0.0013943559024482965,
0.014844071120023727,0.030861450359225273,
-0.0025597703643143177,-0.0168757326900959,
0.004388182889670134,0.02487802319228649,
-0.0062862238846719265,-0.047160305082798004,
2.804624273267109e-05,0.04883722960948944,
-0.04363959655165672,0.024337610229849815,
-0.003998604603111744,-0.031018201261758804,
-0.0015111040556803346,0.004208466503769159,
-0.019276179373264313,-0.008619146421551704,
-0.027439549565315247,0.0315009281039238,
-0.0024715138133615255,-0.0013893754221498966,
-0.006293181795626879,0.023699460551142693,
-0.015010030940175056,0.0025152016896754503,
0.010242953896522522,-0.003630734048783779,
-0.017283212393522263,0.023849662393331528,
0.009662668220698833,0.001139846513979137,
-0.008269572630524635,0.014886543154716492,
0.05690322443842888,0.03277010843157768,
0.022112183272838593,0.019320113584399223,
0.03552774339914322,0.020425641909241676,
-0.0075410944409668446,0.004943877924233675,
-0.0008036041399464011,0.005320735275745392,
-0.011719762347638607,0.018588339909911156,
0.030040672048926353,0.017578041180968285,
0.018878282979130745,0.0021626916714012623,
0.048291005194187164,0.0014385392423719168,
-0.002678853226825595,-0.020290018990635872,
0.04062032699584961,-0.0022975504398345947,
0.004427156411111355,-0.008016361854970455,
-0.017620064318180084,0.02608824521303177,
-0.03331989794969559,-0.0479520745575428,
-0.030493974685668945,0.003677700413390994,
0.025306550785899162,0.006483839359134436,
-0.020126529037952423,-0.015987427905201912,
0.0021680768113583326,0.016240503638982773,
-0.018743833526968956,-0.001283452846109867,
0.0030060801655054092,-0.02155095897614956,
-0.007304239086806774,-0.016118336468935013,
0.013717344962060452,0.0179227776825428,
0.0020737950690090656,0.003493796568363905,
0.009020857512950897,0.0015342849073931575,
9.080364543478936e-05,-0.03456299006938934,
0.006305713672190905,-0.03419221192598343,
-0.01418038085103035,0.01141273695975542,
-0.030455417931079865,0.006052928976714611,
0.012022444978356361,0.005206238944083452,
-0.007388942874968052,0.02081778086721897,
-0.018256573006510735,-0.024576198309659958,
-0.0051199342124164104,-0.040872834622859955,
-0.019982660189270973,0.027376146987080574,
-0.022759584710001945,0.04799854755401611,
0.0367811918258667,-0.021007495000958443,
0.030195239931344986,-0.004847357515245676,
-0.0038252281956374645,-0.03301021829247475,
0.014620764181017876,0.030051641166210175,
-0.0009591225534677505,-0.015776999294757843,
0.02201969549059868,0.00968914944678545,
0.014694798737764359,-0.005546996835619211,
0.00388770061545074,-0.004346839617937803,
0.004093559458851814,-0.005963497329503298,
0.0064239646308124065,0.008171262219548225,
0.009914466179907322,0.032549064606428146,
0.03162878006696701,-0.011247362941503525,
-0.012817665003240108,0.008072533644735813,
0.021456623449921608,-0.005885343067348003,
-0.05164830759167671,0.027674386277794838,
0.01502155140042305,0.006298663094639778,
0.005435345694422722,0.021311571821570396,
0.002298296894878149,0.01516751665621996,
0.025532903149724007,-0.031063497066497803,
0.014456338249146938,-0.007380952127277851,
-0.016217505559325218,0.016495490446686745,
-0.006505305878818035,-0.008994054049253464,
-0.006148217711597681,-0.0030310729052871466,
-0.04486175626516342,0.004694794304668903,
-0.004667534958571196,0.016855774447321892,
0.012604868039488792,0.020710980519652367,
0.02299853041768074,-0.03031749464571476,
0.009831756353378296,-0.02843676507472992,
0.019236993044614792,0.020094625651836395,
-0.016279632225632668,0.0038537741638720036,
0.01809392310678959,0.06256081908941269,
-0.0016225781291723251,0.004007906652987003,
0.047554679214954376,-0.011197962798178196,
0.03484153002500534,-0.00392802432179451,
0.00018413881480228156,0.040757160633802414,
0.01559691783040762,0.027632636949419975,
0.0022788364440202713,-0.05516715347766876,
-0.010022890754044056,0.014091890305280685,
-0.02363773249089718,0.012766067869961262,
-0.012038426473736763,-0.0030151528771966696,
0.013421423733234406,0.039186637848615646,
-0.01531296968460083,0.013226454146206379,
-0.021517526358366013,-0.010648252442479134,
0.0013384675839915872,-0.041159141808748245,
-0.019663343206048012,0.04312651976943016,
-0.011659116484224796,0.01802671328186989,
0.026258641853928566,-0.00012949576193932444,
-0.005857125855982304,0.024546029046177864,
-0.0012890287907794118,0.0007405561627820134,
-0.026966214179992676,0.00496088108047843,
-0.0017043756088241935,0.08535061031579971,
-0.0046401359140872955,0.027663499116897583,
-0.018938006833195686,-0.01562703773379326,
-0.005152943544089794,0.022259565070271492,
0.017780926078557968,0.029410474002361298,
-0.016082290560007095,-0.010901111178100109,
0.036339789628982544,0.007333382498472929,
-0.025922447443008423,0.013725250028073788,
-0.0057113030925393105,-0.01771518588066101,
0.006373011507093906,-0.017899595201015472,
-0.04350453242659569,-0.004061810206621885,
0.013469599187374115,0.011216973885893822,
-0.006623927503824234,0.014396069571375847,
-0.02907543256878853,0.028928721323609352,
-0.015202370472252369,-0.0028692514169961214,
0.007955605164170265,-0.0004336540587246418,
-0.013069003820419312,0.014917109161615372,
0.03184910863637924,0.04447983205318451,
0.02737203612923622,0.019133858382701874,
0.016915742307901382,-0.01592809520661831,
-0.037522830069065094,-0.029410457238554955,
-0.016371898353099823,0.013495285995304585,
0.04816514998674393,-0.0008273867424577475,
0.036501429975032806,-0.026232920587062836,
-0.004462825134396553,-0.04708103835582733,
0.0010882625356316566,0.018373390659689903,
-0.015685150399804115,0.018082214519381523,
0.01958000473678112,-0.007758407387882471,
-0.03411142900586128,-0.007915151305496693,
0.008431589230895042,0.040562860667705536,
-0.02386835217475891,-0.015253759920597076,
-0.021488718688488007,0.02313985675573349,
0.0006538727320730686,-0.041636645793914795,
-0.016936881467700005,0.00776613038033247,
-0.00036568997893482447,0.02211647853255272,
-0.024373624473810196,-0.0005304585793055594,
0.018958095461130142,0.009465725161135197,
-0.04708641767501831,0.020079314708709717,
-0.03777383640408516,-0.01880161464214325,
-0.02715105377137661,-0.01834886148571968,
-0.0011269907699897885,0.017858542501926422,
0.04301914945244789,0.022292060777544975,
-0.009885180741548538,0.0015911773080006242,
-0.015131841413676739,-0.0008782852091826499,
-0.009902045130729675,-0.03957135230302811,
0.0240143071860075,0.0024791110772639513,
0.007484023459255695,0.025705836713314056,
-0.0492403469979763,-0.0011552851647138596,
-0.01115065161138773,-0.042909614741802216,
0.015144696459174156,0.03585870563983917,
-0.010496329516172409,-0.019325360655784607,
-0.010311577469110489,0.028877906501293182,
0.01161212008446455,0.031074723228812218,
0.0020472609903663397,-0.0005507273599505424,
0.03494640067219734,0.023739544674754143,
0.003032378386706114,0.01956872269511223,
-0.026738425716757774,-0.033581070601940155,
-0.02631901577115059,-0.009636284783482552,
0.007570409681648016,0.010273372754454613,
-0.010980497114360332,0.021423636004328728,
0.010118242353200912,-0.025710640475153923,
-0.019047249108552933,0.01816176064312458,
0.023412521928548813,0.012193991802632809,
-0.04417448863387108,0.01635773479938507,
-0.03220474720001221,0.03786351531744003,
0.03341539949178696,0.00963215809315443,
0.004012341611087322,0.03670267388224602,
0.005003866273909807,0.01043897494673729,
-0.017897648736834526,0.02757122367620468,
0.002727778162807226,0.0025117965415120125,
0.016055917367339134,-0.0009613091824576259,
0.01780138723552227,0.005452202633023262,
0.03851332142949104,-0.0005930550396442413,
-0.040090411901474,-0.009768678806722164,
0.0062911477871239185,0.006548323668539524,
0.03506036475300789,-0.013866808265447617,
-0.03232273459434509,-0.009516870602965355,
-0.03487759828567505,-0.045508626848459244,
0.006718769203871489,-0.013597678393125534,
0.007915987633168697,-0.013421852141618729,
0.04150969162583351,-0.0022795479744672775,
0.008196262642741203,-0.04769926890730858,
0.016652889549732208,-0.015982449054718018,
0.009943567216396332,0.00910927727818489,
-0.03558272123336792,0.002768869511783123,
-0.010507646016776562,-0.006445887964218855,
0.006632283329963684,-0.013743313029408455,
0.00764055922627449,-0.009172489866614342,
0.011859087273478508,0.0013101501390337944,
-0.0021885274909436703,-0.011311577633023262,
0.0032286522909998894,-0.048509810119867325,
-0.0031188346911221743,0.012426159344613552,
-0.030703870579600334,-0.0061210826970636845,
0.008012787438929081,0.0172723438590765,
-0.012246974743902683,-0.015588471665978432,
0.021608000621199608,-0.011240439489483833,
-0.02579226903617382,-0.0014249907108023763,
0.00486184936016798,-0.030897242948412895,
0.0014578176196664572,-0.008300282061100006,
-0.03657873347401619,-0.0271022729575634,
-0.002808939665555954,0.012265650555491447,
-0.023916123434901237,0.03550389036536217,
0.016836557537317276,-0.023691296577453613,
-0.010363714769482613,0.012209550477564335,
-0.004253735300153494,-0.009129391051828861,
0.01832515001296997,-0.03456847742199898,
-0.007526470348238945,0.004130776505917311,
0.016093691810965538,0.004701447207480669,
-0.04877893254160881,-0.0393313504755497,
0.016790403053164482,-0.008115732111036777,
-0.0004135523922741413,-0.029321148991584778,
-0.007544014602899551,-0.019844233989715576,
-0.015090420842170715,0.014480515383183956,
-0.02318025752902031,0.004094826523214579,
-0.022200383245944977,0.0014558675466105342,
-0.007152848411351442,-0.0240264143794775,
0.021793533116579056,0.015236864797770977,
0.02069460041821003,-0.0052139232866466045,
-0.002360382117331028,-0.00698073348030448,
-0.021975288167595863,0.006965450942516327,
-0.0395866297185421,-0.0358380526304245,
-0.004477075766772032,0.004011175129562616,
-0.014237736351788044,-0.021841321140527725,
-0.012503646314144135,0.01795409806072712,
-0.0029859731439501047,-0.018039539456367493,
-0.03483530133962631,-0.002584942616522312,
0.0169068593531847,0.01661396399140358,
-0.00536551745608449,-0.006783338729292154,
-0.028564270585775375,0.02793165110051632,
-0.00019066331151407212,0.023141011595726013,
0.008666771464049816,0.023215048015117645,
-0.028258120641112328,-0.0005138669512234628,
-0.004669082351028919,0.03086077608168125,
0.0030299369245767593,-0.01244792528450489,
-0.01880144141614437,0.024936161935329437,
-0.04900876432657242,0.020477410405874252,
-0.0035164826549589634,0.021191928535699844,
0.03645210713148117,-0.012371229007840157,
0.05843879655003548,0.03012075275182724,
-0.014428667724132538,0.01268643606454134,
-0.018870001658797264,-0.015486069023609161,
-0.0406370647251606,-0.009315014816820621,
0.03940810635685921,-0.03834674507379532,
0.03937457129359245,-0.025420963764190674,
0.012898500077426434,-0.027981456369161606,
-0.03243017941713333,0.006161204073578119,
0.0033951762598007917,0.024544764310121536,
-0.002474928740411997,0.02493540570139885,
0.010467919521033764,-0.037773117423057556,
0.01114233024418354,-0.0010756177362054586,
0.045193906873464584,0.012570894323289394,
0.0005874662892892957,0.0021657960023730993,
0.010123364627361298,-0.0029729490634053946,
0.039290472865104675,-0.009704424068331718,
0.009591164998710155,-0.02098800241947174,
-0.007695437408983707,-0.027978133410215378,
-0.010473144240677357,-0.016541440039873123,
0.018059423193335533,-0.030434953048825264,
0.02054879628121853,-0.01715235784649849,
0.02005254663527012,-0.01862969994544983,
0.0021782417315989733,-0.04036027193069458,
0.015561814419925213,-0.040619734674692154,
-0.07465291768312454,0.027145342901349068,
-0.005191935691982508,0.015270066447556019,
0.011669676750898361,0.004681404214352369,
-0.004993906710296869,-0.015206911601126194,
0.011988942511379719,-0.05019555240869522,
-0.008013344369828701,0.005153319798409939,
-0.003958425484597683,0.0016852706903591752,
-0.03645165637135506,-0.05113217234611511,
-0.049789465963840485,0.017018157988786697,
-0.021067475900053978,0.0016967736883088946,
0.03432846441864967,0.005478176288306713,
-0.011814883910119534,-0.026155220344662666,
-0.04736950993537903,-0.0013104547979310155,
-0.0051019079983234406,0.015237340703606606,
0.01948871836066246,-0.020833292976021767,
-0.013947210274636745,-0.011091061867773533,
0.028596414253115654,0.014584691263735294,
0.013876335695385933,0.01435383316129446,
0.026187190786004066,0.017184121534228325,
-0.020990032702684402,-0.008649896830320358,
-0.026807419955730438,-0.01152840442955494,
-0.013495796360075474,0.014625492505729198,
0.02223065495491028,-0.015822019428014755,
-0.0028053128626197577,-0.023381374776363373,
-0.006330196280032396,-0.010750261135399342,
0.03352174907922745,0.02844761312007904,
-0.014297526329755783,-0.013553948141634464,
0.0005112970829941332,0.006045998074114323,
-0.0047563472762703896,-0.010633244179189205,
0.0005169071373529732,-0.0023697989527136087,
0.009973553940653801,0.005294288974255323,
-0.008518317714333534,-0.0057850610464811325,
-0.022672705352306366,-0.009071363136172295,
0.02651115506887436,0.013921178877353668,
-0.002543447772040963,0.0127507783472538,
0.0017053794581443071,-0.010526650585234165,
-0.010996891185641289,-0.01575390063226223,
0.0013140742667019367,-0.02611054666340351,
-0.04712815582752228,0.033560656011104584,
-0.034345097839832306,0.004886478651314974,
0.020227743312716484,0.02119748480618,
0.0019027638481929898,-0.006408838555216789,
0.03795317932963371,0.030788926407694817,
0.028388962149620056,0.0033634218852967024,
-0.013390222564339638,-0.017048940062522888,
-0.007859572768211365,0.027693184092640877,
0.04611559584736824,0.009026860818266869,
-0.03726950287818909,0.0413752980530262,
-0.0011910743778571486,-0.010393264703452587,
0.0025148254353553057,-0.010705458000302315,
-0.022235030308365822,-0.002652579452842474,
0.004599255509674549,-0.01666807010769844,
0.0021306960843503475,-0.01164680439978838,
-0.010184836573898792,0.014692459255456924,
0.016631441190838814,0.006317547056823969,
-0.03541049361228943,0.019550256431102753,
-0.010576634667813778,0.025401057675480843,
-0.01324909646064043,-0.035279981791973114,
0.012605216354131699,-0.01233824621886015,
0.020085271447896957,-7.516329060308635e-05,
0.024259528145194054,-0.020971694961190224,
-0.0067306035198271275,-0.021914275363087654,
-0.019915154203772545,0.006081513594835997,
-0.019874610006809235,-0.015399374067783356,
-0.014870306476950645,0.014030513353645802,
-0.0004183434066362679,-0.01734604313969612,
-0.020879102870821953,0.007266281172633171,
-0.010298325680196285,0.03987530991435051,
0.007894880138337612,0.029371753334999084,
-0.013838602229952812,-0.009171828627586365,
-0.01964510977268219,0.03653666004538536,
0.013101517222821712,0.0003851790097542107,
0.02809484302997589,-0.02772338315844536,
-0.004780050367116928,-0.011337224394083023,
-0.008509870618581772,-0.007097902707755566,
-0.04097598046064377,-0.018695754930377007,
0.0037256451323628426,-0.00010932858276646584,
0.012241778895258904,-0.012660777196288109,
-0.00041416636668145657,0.0001737135899020359,
-0.039772164076566696,-0.000290247262455523,
0.02352011203765869,-0.012346921488642693,
-0.010682370513677597,0.018081899732351303,
0.010275375097990036,-0.004966470412909985,
-0.020336439833045006,0.02624746784567833,
0.011999865062534809,0.023601200431585312,
0.0077462829649448395,-0.018488211557269096,
0.0035783941857516766,-0.011910153552889824,
-0.01079231221228838,0.025641124695539474,
0.009095371700823307,-0.03921187296509743,
0.02513289451599121,-0.004219138994812965,
-0.004445768892765045,-0.02507966011762619,
0.00867085438221693,-0.008049938827753067,
0.009274808689951897,-0.0012670059222728014,
-0.028951866552233696,0.0322263166308403,
0.010908416472375393,-0.0024449003394693136,
0.030013596639037132,0.005424561910331249,
0.015608078800141811,-0.011739235371351242,
-0.006211334839463234,0.016519157215952873,
0.01374706719070673,-0.026361409574747086,
0.02263149991631508,0.016137124970555305,
-0.007772295735776424,0.017846420407295227,
0.014629753306508064,0.010621616616845131,
-0.0175090953707695,0.030008867383003235,
0.000811094359960407,-0.016503935679793358,
0.007423946633934975,-0.017039159312844276,
-0.015405414626002312,0.0008708201348781586,
-0.05158448591828346,0.009987970814108849,
0.046471741050481796,-0.017057212069630623,
0.021096155047416687,0.007414426188915968,
-0.000407638173783198,-0.0006408257177099586,
-0.01178524550050497,0.01715712435543537,
0.017220111563801765,0.027212878689169884,
0.002684464678168297,0.022844631224870682,
0.003109653014689684,-0.027085205540060997,
0.0006824799929745495,-0.03921780362725258,
0.033197589218616486,0.017561528831720352,
-0.035696424543857574,-0.009846152737736702,
0.015566370449960232,-0.026759736239910126,
-0.006943740416318178,0.011641629971563816,
-0.02610635757446289,0.056888457387685776,
-0.008766910061240196,0.03685836121439934,
0.01578315533697605,0.004042729735374451,
0.0023837785702198744,0.006396741606295109,
-0.023774273693561554,-0.038040149956941605,
0.0008241996401920915,-0.013492973521351814,
-0.04445018246769905,0.00013021381164435297,
0.010385650210082531,0.004562925547361374,
-0.037819504737854004,-0.0384073406457901,
-0.00014563597505912185,0.02099689468741417,
0.03597033768892288,0.012133396230638027,
0.0358542799949646,0.024469830095767975,
-0.01430418062955141,-0.015041761100292206,
-0.0021174815483391285,0.028797214850783348,
0.005449316464364529,-0.03427409753203392,
-0.021820345893502235,-0.014903032220900059,
0.017117252573370934,-0.02576434426009655,
-0.022631842643022537,-0.020412283018231392,
-0.011424219235777855,0.037594638764858246,
0.007362882606685162,-0.03407704085111618,
-0.0169536005705595,-0.037971217185258865,
0.003397854510694742,0.014576497487723827,
-0.0032780992332845926,0.012160022743046284,
-0.004250607918947935,0.010624122805893421,
-0.035682111978530884,0.0046430532820522785,
-0.010568942874670029,0.0007275976822711527,
-0.012404038570821285,-0.04008791595697403,
0.014925198629498482,-0.0045279269106686115,
-0.010586954653263092,-0.03171686828136444,
0.0024642248172312975,0.023097742348909378,
0.0005849943845532835,-0.02739110216498375,
-0.0010499423369765282,0.037191130220890045,
0.023291852325201035,0.012095955200493336,
0.00879192166030407,0.004194994457066059,
-0.003533654846251011,-0.053913816809654236,
-0.017947372049093246,-0.031185556203126907,
-0.008342738263309002,-0.015227747149765491,
0.007586674299091101,-0.004342386964708567,
0.03256133571267128,0.017551222816109657,
0.023646539077162743,-0.03422592207789421,
0.0033361867535859346,-0.02757677435874939,
-0.04167699068784714,-0.019186850637197495,
0.014984946697950363,-0.011482341215014458,
0.03977498784661293,0.00019943532242905349,
-0.023020988330245018,-0.020704209804534912,
-0.022789577022194862,0.028202518820762634,
-0.00022362862364389002,-0.017951153218746185,
0.00041907012928277254,0.04495110362768173,
0.02343268133699894,0.020198354497551918,
-0.033481501042842865,0.011310153640806675,
-0.02974800206720829,0.015211603604257107,
0.03847327455878258,0.025797927752137184,
-0.018371054902672768,0.007315120194107294,
0.019639471545815468,-0.006755988113582134,
-0.02764417976140976,0.019704265519976616,
-0.01158191543072462,0.05048998445272446,
-0.033154748380184174,-0.02183721773326397,
0.01290373969823122,2.854693593690172e-05,
-0.0018893941305577755,0.03465880826115608,
-0.005175760481506586,-0.03297189623117447,
0.021075595170259476,0.013246092945337296,
-0.0008469073800370097,-0.03910272568464279,
0.017511311918497086,-0.01820533722639084,
0.009466033428907394,0.018459198996424675,
0.03270144388079643,0.03216233849525452,
0.021106114611029625,-0.003310329979285598,
-0.00594777287915349,-0.011682159267365932,
0.012090688571333885,0.006265417207032442,
-0.033070892095565796,0.014788131229579449,
-0.01570289023220539,-0.01543293334543705,
-0.025471694767475128,0.015411307103931904,
-0.0639352798461914,0.0004727780178654939,
-0.009718377143144608,-0.010719416663050652,
0.006211237516254187,-0.011433366686105728,
-0.01798361726105213,0.007815956138074398,
-0.020808929577469826,-0.011695141904056072,
-0.0063371919095516205,-0.03557214140892029,
-0.006852937396615744,0.027922844514250755,
-0.002989160129800439,8.412020542891696e-05,
0.016626065596938133,-0.02911188453435898,
-0.018292628228664398,-0.011659589596092701,
0.025820331647992134,0.020603585988283157,
-0.014317957684397697,-0.0006430053035728633,
-0.022396864369511604,0.0175787266343832,
-0.0300397127866745,-0.005414753220975399,
0.01845017820596695,0.01949104480445385,
-0.026133980602025986,0.016320325434207916,
0.02071060799062252,0.017277255654335022,
0.0037656789645552635,0.006821317132562399,
0.029517726972699165,0.007789554074406624,
-0.012820815667510033,-0.0026953977067023516,
-0.01291257981210947,-0.03722989559173584,
0.03267628327012062,0.0036510585341602564,
0.008718560449779034,0.0206390880048275,
-0.05868501961231232,0.010400358587503433,
-0.02666100300848484,-0.018110213801264763,
-0.005989565048366785,0.00592417549341917,
0.032376836985349655,-0.009354474022984505,
-0.03048364259302616,-0.007127785123884678,
-0.026655593886971474,0.022603314369916916,
0.00038137909723445773,-0.005247775930911303,
0.013437782414257526,-0.018997900187969208,
-0.004657385870814323,-0.012989850714802742,
0.004425186198204756,-0.00314768822863698,
0.014752835035324097,0.04639802500605583,
0.026361696422100067,-0.007662338204681873,
-0.0036272320430725813,-0.007967370562255383,
-0.041807692497968674,0.033039309084415436,
-0.011707065626978874,-0.02000286802649498,
0.026841124519705772,0.0034498441964387894,
0.03404177352786064,-0.007484420668333769,
0.00664099957793951,0.024226350709795952,
0.021987250074744225,-0.006118600256741047,
0.03272796422243118,0.027326412498950958,
0.04300738871097565,-0.012735220603644848,
0.018048720434308052,0.020267151296138763,
0.0037893052212893963,0.0324149914085865,
0.03954975679516792,0.00043216385529376566,
0.005516222678124905,0.01418785285204649,
0.013184748589992523,-0.007185693830251694,
-0.042141541838645935,0.014873985201120377,
-0.04410771280527115,-0.01754259318113327,
-0.03475096449255943,-0.004913742188364267,
0.02749057300388813,0.021965768188238144,
-0.036415304988622665,-0.005423532798886299,
0.034502554684877396,-0.06436661630868912,
-0.0013075887691229582,-0.03725625202059746,
0.018657581880688667,-0.02448626235127449,
-0.028861403465270996,-0.001912066712975502,
0.03321969881653786,0.012276098132133484,
0.0357527956366539,0.011092805303633213,
-0.009510540403425694,0.006435714196413755,
0.008147107437252998,0.02131623588502407,
0.0567772351205349,0.0017218614229932427,
0.013504884205758572,0.006962362211197615,
-0.049607519060373306,0.011749034747481346,
0.007751044817268848,0.02052883431315422,
-0.035635724663734436,0.0297276359051466,
-0.03849267587065697,-0.021453889086842537,
-0.01805148832499981,-0.007399784401059151,
-0.01878669671714306,-0.014364488422870636,
-0.004767203703522682,0.0038534405175596476,
0.01487991213798523,-0.0217282697558403,
0.011219176463782787,0.03264095261693001,
0.0032156938686966896,0.015376069582998753,
0.004324952140450478,-0.03305025026202202,
-0.014494932256639004,0.006687006913125515,
-0.014363355934619904,-0.00021381412807386369,
0.004450855776667595,0.006000813562422991,
-0.004312934819608927,0.013519377447664738,
-0.00040791777428239584,-0.0020823560189455748,
-0.02615932561457157,-0.06855235248804092,
0.02334238961338997,-0.013710008934140205,
0.003233831375837326,-0.04148465394973755,
0.009357190690934658,0.005064088851213455,
0.005962181370705366,-0.01244642399251461,
0.0110829072073102,-0.01706128939986229,
0.047545868903398514,0.004188037943094969,
-0.016726767644286156,-0.003140862099826336,
0.00045856749056838453,0.02096734568476677,
-0.02611408196389675,-0.02197306603193283,
-0.0017740305047482252,0.00543229142203927,
-0.023746293038129807,-0.02393805794417858,
-0.012397262267768383,-0.008928646333515644,
-0.007011779583990574,0.019334208220243454,
-0.05116141214966774,0.04297270625829697,
0.017224030569195747,-0.03108080103993416,
-0.028694646432995796,0.017138507217168808,
-0.009979771450161934,-0.05423801392316818,
0.0013126847334206104,0.023024266585707664,
-0.0033507253974676132,-0.032100457698106766,
-0.013030287809669971,0.014322490431368351,
-0.008167698048055172,-0.02091483399271965,
0.006662639323621988,0.006734292488545179,
0.010831093415617943,-0.023046918213367462,
0.006677636411041021,0.04420899227261543,
0.015904953703284264,-0.014716551639139652,
0.014628521166741848,-0.021839722990989685,
0.0005571835790760815,-0.013195200823247433,
-0.016360469162464142,0.04476217180490494,
-0.009781766682863235,-0.013138461858034134,
-0.013941003940999508,-0.022018255665898323,
-0.008416496217250824,-0.0038908515125513077,
0.004778812173753977,0.025444908067584038,
-0.00308115198276937,-0.006518431473523378,
0.03591432049870491,0.02001691423356533,
0.0018650380661711097,0.01237413939088583,
-0.0061534554697573185,-0.01123813446611166,
0.006978963501751423,-0.01477155089378357,
0.03209119290113449,0.04276217147707939,
-0.006997119635343552,-0.0018590216059237719,
-0.020383479073643684,0.010487426072359085,
0.024127474054694176,0.05555803328752518,
0.006716888397932053,0.00465854536741972,
-0.03009589947760105,-0.035436201840639114,
0.016471877694129944,0.02071349509060383,
-0.039759159088134766,-0.003614984219893813,
0.013936925679445267,0.0036680190823972225,
0.0026016482152044773,0.017158299684524536,
-0.011607871390879154,-0.01823107898235321,
0.015068602748215199,-0.01621400937438011,
-0.009184321388602257,0.012980056926608086,
-0.011147885583341122,-0.06484504044055939,
0.03680488094687462,-0.012310541234910488,
0.0485832504928112,-0.016767827793955803,
0.042492274194955826,-0.011103359051048756,
-0.01845441944897175,-0.013083163648843765,
0.01847812347114086,0.04965493083000183,
-0.0404883548617363,0.008608244359493256,
0.032947126775979996,-0.007087116129696369,
-0.03125045821070671,0.010050416924059391,
0.005084985867142677,0.008299620822072029,
-0.046298835426568985,0.020596297457814217,
-0.0072051226161420345,-0.001452707452699542,
-0.03055652044713497,0.012447552755475044,
0.010486418381333351,0.004017842933535576,
0.030553916469216347,0.02207210846245289,
-0.023990139365196228,0.02434372343122959,
-0.006605942267924547,0.015072532929480076,
0.007437387481331825,0.019576413556933403,
-0.02352708950638771,-0.03964356333017349,
0.004947071895003319,0.040142450481653214,
-0.0037232646718621254,-0.03707772120833397,
-0.04010796919465065,0.03419192507863045,
-0.010248574428260326,0.000293119897833094,
-0.028117995709180832,0.0369773730635643,
-0.028610166162252426,-0.05750075355172157,
-0.008863253518939018,-0.0191151462495327,
-0.050052106380462646,-0.038919392973184586,
-0.021288691088557243,-0.022896476089954376,
-0.0017095278017222881,-0.027178363874554634,
0.008547862060368061,0.0012100753374397755,
-0.036632537841796875,0.023994311690330505,
-0.011617083102464676,0.051859211176633835,
-0.0074684531427919865,0.005037135444581509,
-0.009643731638789177,-0.011272174306213856,
-0.004416496958583593,-0.013961350545287132,
-0.0029248716309666634,-0.011625529266893864,
-0.013965444639325142,0.02775927260518074,
0.00037604712997563183,0.00047672216896899045,
0.02902141772210598,0.0033190546091645956,
-0.015567445196211338,0.013199678622186184,
0.015327178873121738,0.008003480732440948,
-0.022330179810523987,0.0046318708918988705,
-0.0050667631439864635,-0.007189500145614147,
0.010680198669433594,-0.007996510714292526,
-0.042131777852773666,-0.035550761967897415,
-0.04231633245944977,0.00874312873929739,
-0.027619896456599236,0.005177211947739124,
-0.026959633454680443,0.012769206427037716,
-0.021447328850626945,0.0036811253521591425,
-0.01533606555312872,0.043110206723213196,
-0.01708500273525715,-0.017420997843146324,
-0.02890772558748722,0.009101342409849167,
-0.01392707321792841,0.022013194859027863,
-0.02735460363328457,0.004063333384692669,
0.006171044427901506,0.017139747738838196,
0.05157196894288063,0.026228507980704308,
-0.022946063429117203,0.0005943105788901448,
0.009297804906964302,0.004597188904881477,
0.01891346275806427,0.013859606347978115,
-0.02980104275047779,-0.014380278997123241,
-0.0041428785771131516,-0.016261646524071693,
0.036198366433382034,0.0021290031727403402,
-0.0047232406213879585,0.02833988517522812,
0.012466398999094963,-0.007852560840547085,
-0.03961871936917305,0.016574887558817863,
0.04187639802694321,-0.004133928567171097,
-0.027155978605151176,0.0077478522434830666,
-0.024594422429800034,-0.001148166717030108,
-0.054375238716602325,-0.005526391323655844,
-0.019951479509472847,-0.010038716718554497,
0.008903645910322666,0.008520277217030525,
-0.007651553489267826,-0.007440573535859585,
-0.0015974568668752909,-0.011069501750171185,
0.023331377655267715,0.022608580067753792,
0.00018127552175428718,0.026500776410102844,
0.054374031722545624,-0.041034117341041565,
-0.005845393519848585,-0.025425544008612633,
-0.007862994447350502,0.008840478025376797,
0.002339721890166402,0.005316919181495905,
-0.0045915707014501095,-0.0019296102691441774,
0.030198393389582634,0.02018282376229763,
-0.037343572825193405,0.01659522019326687,
0.02785048633813858,0.011385603807866573,
-0.04124225676059723,0.029914353042840958,
-0.011072196997702122,0.02256091497838497,
-0.010934827849268913,0.0017124873120337725,
0.03342727944254875,-0.0008838294306769967,
-0.007976171560585499,0.004289465490728617,
-0.001948291203007102,-0.007930243387818336,
-0.002011761534959078,-0.007674731779843569,
0.021214807406067848,-0.005129692610353231,
-0.027892718091607094,-0.008434329181909561,
0.022444861009716988,0.021472839638590813,
-0.013415838591754436,0.015797844156622887,
-0.0006057759164832532,0.015266240574419498,
-0.0013247154420241714,-0.0098891481757164,
0.01304983627051115,-0.0024158693850040436,
0.0019656324293464422,-0.012145627290010452,
0.047071002423763275,-0.004681872203946114,
0.002465116558596492,0.004769226536154747,
-0.013263915665447712,-0.011881318874657154,
-0.02924402430653572,-0.0016280028503388166,
-0.028793245553970337,0.010334452614188194,
0.0004774815170094371,-0.042520586401224136,
-0.01215772982686758,0.005363429896533489,
0.001132481382228434,-0.002211090410128236,
0.03168840706348419,-0.004654604475945234,
-0.009255072101950645,0.013356556184589863,
-0.0009512826800346375,0.008177506737411022,
0.033304329961538315,0.02893950417637825,
0.019508767873048782,-0.016906842589378357,
0.01725068874657154,0.0016134559409692883,
0.008656795136630535,0.005845572799444199,
0.03168852627277374,-0.008178414776921272,
-0.0028337258845567703,-0.00021449654013849795,
0.010108038783073425,0.0220811627805233,
0.027332806959748268,0.016826726496219635,
0.006693325005471706,-0.01706172339618206,
0.0179235078394413,-0.003977736458182335,
-0.013760862872004509,-0.013541505672037601,
-0.0010046397801488638,-0.023337887600064278,
0.026731474325060844,0.0023688669316470623,
-0.008690686896443367,-0.003646077588200569,
0.014929455704987049,0.014960217289626598,
0.0400436632335186,-0.031307343393564224,
-0.002708238083869219,0.03913712128996849,
-0.04870963841676712,-0.043663330376148224,
-0.018094487488269806,0.005774565506726503,
0.018655672669410706,-0.006147928535938263,
-0.009554884396493435,-0.03392019122838974,
-0.018583431839942932,-0.004653943236917257,
0.011670426465570927,-0.013366586528718472,
0.014750735834240913,-0.0004569593002088368,
-0.009271528571844101,0.005198739469051361,
-0.03066571243107319,-0.022171471267938614,
-0.011632148176431656,-0.005425796378403902,
0.023535827174782753,-0.053424421697854996,
0.020553680136799812,-0.0037153444718569517,
-0.047876402735710144,0.00697153527289629,
0.021609826013445854,0.010882283560931683,
0.026704255491495132,0.004187173210084438,
0.033997710794210434,0.0025477230083197355,
0.023212097585201263,0.013607603497803211,
0.022947557270526886,0.04405997693538666,
-0.03270081803202629,0.04608248919248581,
-0.027991358190774918,0.02015889622271061,
0.0015952115645632148,-0.043401431292295456,
0.010554537177085876,-0.04647389054298401,
-0.040932826697826385,0.012967691756784916,
0.027247745543718338,-0.033904872834682465,
0.04683598875999451,0.00405736593529582,
0.011728568002581596,0.008265572600066662,
0.004325299058109522,0.003047148697078228,
-0.04303525760769844,-0.0003879601426888257,
-0.00037669387529604137,0.0031685803551226854,
0.01937495544552803,-0.01470088865607977,
0.033976417034864426,-0.02677050605416298,
-0.012182654812932014,-0.029569143429398537,
0.03756053373217583,0.004351045470684767,
0.016344500705599785,0.0009468880598433316,
0.006944805383682251,0.005625362973660231,
-0.01515281107276678,0.001101912697777152,
0.0034785743337124586,0.004543005954474211,
-0.0012262227246537805,0.026353465393185616,
-0.0029340379405766726,-0.005721165332943201,
0.02355232462286949,0.004115845542401075,
0.06674981117248535,-0.007228328846395016,
0.008520014584064484,-0.013344623148441315,
0.006532627623528242,0.003290184773504734,
-0.005624193698167801,0.04087609052658081,
-0.005728318355977535,-0.010964879766106606,
-0.005014515947550535,-0.02005225606262684,
-0.033541981130838394,-0.004237070679664612,
0.008233162574470043,0.028619416058063507,
0.006113136652857065,-0.01683986745774746,
0.0165773406624794,-0.020514855161309242,
-0.015051796101033688,-0.02147744409739971,
-0.016449470072984695,0.0044226995669305325,
0.028961781412363052,-0.03150580823421478,
0.02260245569050312,-0.018057547509670258,
-0.027204828336834908,0.020914293825626373,
0.018245471641421318,-0.021147698163986206,
-0.03461294248700142,-0.020384617149829865,
0.03228660672903061,-0.05198412761092186,
-0.01833428628742695,0.020308684557676315,
0.02991403639316559,-0.0020861951634287834,
0.004448508843779564,0.03198007494211197,
-0.04932936653494835,0.01414559781551361,
-0.021275915205478668,-0.010177887976169586,
0.02338320203125477,-0.021743357181549072,
-0.024526072666049004,0.054008424282073975,
0.0498691126704216,-0.04361442103981972,
-0.030234333127737045,-0.00417826185002923,
-0.010640689171850681,-0.00826084055006504,
-0.008255836553871632,-0.012253598310053349,
0.04449602961540222,-0.04025225341320038,
-0.014257912524044514,-0.007376491092145443,
0.03468351066112518,-0.004756429232656956,
-0.02393767051398754,-0.029311075806617737,
0.012047501280903816,-0.0032128950115293264,
-0.017913034185767174,-0.01820981688797474,
-0.0013221410335972905,0.01771140843629837,
-0.06123289465904236,-0.007859902456402779,
-0.01771898940205574,0.005300858058035374,
0.026216870173811913,-0.029928218573331833,
-0.007991036400198936,-0.04666038602590561,
0.025668110698461533,0.038891565054655075,
-0.0012211784487590194,-0.0005794832832179964,
0.004849561955779791,0.011761504225432873,
-0.006267542019486427,-0.002004035050049424,
0.010358725674450397,-0.03848959505558014,
-0.005659918766468763,0.013072292320430279,
-0.007248993031680584,0.01959013007581234,
0.03654339164495468,-0.009140482172369957,
0.025258300825953484,0.02808181755244732,
0.017109567299485207,0.015317738056182861,
0.0014110659249126911,-0.002775520319119096,
-0.006433831062167883,-0.03992118313908577,
-0.034687139093875885,-0.013346157968044281,
0.0747716873884201,-0.013341458514332771,
0.019950952380895615,0.02194097638130188,
-0.047438617795705795,0.01568969152867794,
-0.0250236839056015,0.006190686486661434,
0.011579346843063831,-0.030010955408215523,
0.05673421919345856,-0.018538281321525574,
0.03856417164206505,0.016211867332458496,
-0.018912605941295624,0.05137813836336136,
-0.0045100050047039986,-0.02868596650660038,
0.009358374401926994,0.014004784636199474,
-0.0003017417329829186,0.03129785135388374,
0.023372145369648933,0.04110116884112358,
0.017928825691342354,-0.025291824713349342,
0.036014705896377563,0.004319207742810249,
0.03143639117479324,-0.00417193491011858,
-0.03821749985218048,-0.021642815321683884,
0.013804810121655464,-0.023088399320840836,
0.01087143924087286,-0.016711458563804626,
-0.034711435437202454,0.03213576599955559,
0.02212914265692234,-0.024147704243659973,
-0.000531765865162015,-0.01251231785863638,
0.001978157786652446,0.02296045422554016,
0.03282637894153595,-0.024294665083289146,
0.021836528554558754,-0.014750855043530464,
0.015274311415851116,0.02204263210296631,
0.011788683012127876,0.001972575904801488,
0.04604153335094452,0.02392626740038395,
-0.01940162293612957,0.0046588825061917305,
0.008891157805919647,0.014025728218257427,
-0.004542067646980286,-0.003038636641576886,
-0.0033774692565202713,0.043580424040555954,
-0.025121992453932762,0.017051134258508682,
-0.021380318328738213,-0.007106269244104624,
-0.020613763481378555,-0.011002208106219769,
0.012946034781634808,-0.009824822656810284,
-0.015264855697751045,0.022351212799549103,
-0.05036066845059395,-0.01311649288982153,
-0.04476914927363396,0.0015625011874362826,
0.01656106859445572,-0.0028934914153069258,
0.013528652489185333,0.02441086433827877,
-0.039546359330415726,-0.01039861049503088,
-0.0020327293314039707,-0.046599529683589935,
-0.030728120356798172,-0.030081503093242645,
0.021296236664056778,-0.028008105233311653,
0.038397278636693954,0.011444563046097755,
0.03643004968762398,-0.0009921694872900844,
0.007791469339281321,-0.006374446675181389,
0.016212724149227142,-0.01883010007441044,
-0.020155085250735283,-0.006773711647838354,
0.02455967850983143,0.03508308529853821,
0.00836950819939375,0.0036099811550229788,
0.025919858366250992,-0.04777569696307182,
-0.0004892822471447289,-0.016184397041797638,
-0.01205072458833456,0.03743772953748703,
0.008239745162427425,0.02966819889843464,
-0.014568977057933807,0.0010142556857317686,
0.01159659679979086,0.022444237023591995,
0.029330536723136902,0.014212255366146564,
-0.006952241528779268,0.01937827281653881,
0.004608862567692995,0.012311899103224277,
-0.025370031595230103,-0.02752102166414261,
-0.003785328008234501,-0.036217037588357925,
-0.007478457875549793,0.03552796319127083,
-0.044053904712200165,0.0019757109694182873,
0.0007964721880853176,-0.0112918084487319,
0.03201327100396156,-0.016908660531044006,
-0.0091513367369771,0.03657001629471779,
0.012412887997925282,0.005855741910636425,
-0.023967579007148743,0.0034434362314641476,
-0.017169630154967308,-0.023710427805781364,
0.03252066299319267,0.011336302384734154,
0.02249445579946041,-0.030054926872253418,
-0.0011092160129919648,-0.005272235721349716,
0.006224204786121845,-0.0014131029602140188,
-0.007588145323097706,-0.017279021441936493,
0.01064918003976345,-0.0020219821017235518,
0.002613571472465992,-0.015131154097616673,
0.00991063006222248,0.0155159467831254,
-0.002610038034617901,-0.0466606579720974,
0.01016022264957428,0.016624221578240395,
-0.0008304027142003179,-0.03743712231516838,
-0.029405608773231506,0.03607219457626343,
0.011672912165522575,-0.0069196149706840515,
-0.03922570124268532,0.013639730401337147,
0.06058388203382492,-0.014758407138288021,
0.027779901400208473,0.0075743114575743675,
0.01064210757613182,0.027652863413095474,
0.018063459545373917,-0.04765422269701958,
0.0247944425791502,-0.001852576737292111,
-0.0023957204539328814,0.01895083300769329,
-0.008601299487054348,-0.032935597002506256,
-0.05260599032044411,-0.024173904210329056,
-0.0113302543759346,-0.019983787089586258,
0.020581625401973724,0.010621302761137486,
0.018703727051615715,0.015341557562351227,
0.013524048961699009,-0.0020672662649303675,
-0.016262898221611977,-0.006184179801493883,
0.016577374190092087,0.010840179398655891,
-0.009074113331735134,-0.008115417324006557,
-0.008991274982690811,0.001668437267653644,
-0.015258260071277618,-0.027953553944826126,
-0.020462049171328545,-0.03893711417913437,
0.004593640565872192,0.005862099584192038,
0.01715829223394394,0.026192596182227135,
0.052395522594451904,0.018040664494037628,
-0.012890484184026718,0.025042634457349777,
-0.04601336270570755,0.05381515994668007,
-0.03698280081152916,-0.01733541674911976,
-0.01329461857676506,-0.011907010339200497,
0.03250189125537872,0.03725067153573036,
0.06279776990413666,-0.0012062503956258297,
-0.013392557390034199,0.006291770841926336,
-0.0075019788928329945,-0.002300493884831667,
-0.01770007610321045,-0.007397762034088373,
-0.030819617211818695,0.05419037118554115,
-0.011868546716868877,-0.010166686028242111,
0.0048138294368982315,-0.026255745440721512,
0.009398063644766808,-0.0023580200504511595,
0.014958021230995655,0.0002320481144124642,
-0.02809254638850689,0.0028545677196234465,
-0.0024320506490767,0.009661772288382053,
0.0025350707583129406,-0.03141867741942406,
0.0006260958034545183,0.007311356719583273,
5.7565088354749605e-05,0.005621008574962616,
0.007794859819114208,0.012234276160597801,
-0.001740998006425798,-0.01304397638887167,
0.02080838941037655,-0.025622284039855003,
-0.011029554530978203,-0.0018469729693606496,
-0.0348658561706543,0.00894197542220354,
-0.002174022374674678,0.009857491590082645,
-0.03242916986346245,0.014088288880884647,
-0.00022159462969284505,-0.003909785766154528,
0.012292429804801941,-0.008789277635514736,
-0.000555623322725296,0.04528849571943283,
0.004014006815850735,-0.0019012688426300883,
0.015048795379698277,0.012348449788987637,
0.03365100175142288,0.026965945959091187,
0.028406601399183273,-0.02022218517959118,
0.01936488226056099,-0.04371725022792816,
-0.019119616597890854,0.002616564277559519,
-0.004842673894017935,0.021054605022072792,
-0.05696568638086319,0.006851841229945421,
0.030458852648735046,-0.005868752487003803,
-0.04454933851957321,-0.02364097535610199,
0.002664499916136265,-0.017721904441714287,
0.026620158925652504,0.005917294416576624,
0.0017209050711244345,0.01983078196644783,
-0.02460883930325508,0.02427612617611885,
0.027459248900413513,-0.014263048768043518,
-0.028103994205594063,0.03518785908818245,
-0.017203155905008316,-0.005342606920748949,
-0.010654524900019169,-0.004733992740511894,
-0.049175288528203964,0.046943895518779755,
0.02362583950161934,-0.010008190758526325,
0.020812489092350006,0.016900964081287384,
-0.008056992664933205,0.02020207978785038,
-0.0032822105567902327,0.014895115979015827,
0.009932012297213078,0.028660202398896217,
0.01483194064348936,-0.01529761590063572,
0.004405580926686525,0.008071673102676868,
-0.03902735188603401,-0.03284059092402458,
-0.03875795006752014,-0.002074082149192691,
0.02250593714416027,0.01087280735373497,
0.0014291569823399186,0.01232441421598196,
0.013261646963655949,-0.03114103339612484,
-0.026882916688919067,0.007731919642537832,
0.007409457117319107,-0.01802617311477661,
-0.028675436973571777,0.053921185433864594,
-0.030757157132029533,-0.025199299678206444,
0.024994734674692154,-0.0003803065628744662,
0.010046682320535183,0.05187811702489853,
0.02514030411839485,-0.03470844402909279,
0.004485363140702248,-0.002574340905994177,
0.023672504350543022,-0.008646981790661812,
0.019012929871678352,-0.02887124754488468,
-0.03211924061179161,0.03439886122941971,
-0.027170397341251373,0.04044877737760544,
0.03191760554909706,-0.00441882386803627,
0.02556210197508335,0.013435124419629574,
-0.007447178941220045,0.029241563752293587,
-0.01371503621339798,-0.016401229426264763,
0.018399063497781754,-0.003821788588538766,
0.004179843235760927,0.011759580112993717,
-0.03064166195690632,0.003019471652805805,
-0.04142612963914871,0.007888130843639374,
-0.002794880187138915,-0.011713615618646145,
0.012310700491070747,0.006038249004632235,
-0.035278454422950745,-0.0036795514170080423,
0.02233021892607212,0.024275904521346092,
0.021849632263183594,-0.032953567802906036,
-0.029747188091278076,-0.0146259730681777,
-0.0190377589315176,0.00924600288271904,
-0.00839232187718153,-0.0011313151335343719,
-0.012248512357473373,-0.0007970755686983466,
-0.002856555627658963,-0.04282888025045395,
0.011914488859474659,0.0004654426593333483,
-0.0002662883198354393,-0.020658425986766815,
0.009155703708529472,-0.017478851601481438,
-0.013925760984420776,0.03606298938393593,
0.002260960405692458,0.004401294980198145,
0.031775981187820435,0.0008547879406251013,
0.01361839845776558,-0.01507615391165018,
-0.009569648653268814,0.014336718246340752,
0.02144503779709339,0.03620067983865738,
-0.0018879977287724614,0.0019925886299461126,
0.024555888026952744,-0.005678847897797823,
0.008332915604114532,0.029909895732998848,
0.020164521411061287,-0.030216164886951447,
0.024369513615965843,-0.021991688758134842,
0.009586487896740437,-0.006945529021322727,
0.015340198762714863,0.022589169442653656,
0.03706246614456177,-0.0008311901474371552,
-0.029067371040582657,-0.019612938165664673,
-0.0039806123822927475,-0.003531163325533271,
-0.0050850482657551765,-0.02005781978368759,
0.03266529366374016,0.020063282921910286,
0.007497740443795919,0.014560661278665066,
0.023177647963166237,0.011896845884621143,
0.021735545247793198,-0.005015005823224783,
-0.029343323782086372,-0.029416216537356377,
0.004750887863337994,0.03238474950194359,
-0.0245472751557827,0.006295120343565941,
-0.02629556879401207,-0.037060245871543884,
0.001438985113054514,0.015475633554160595,
-0.011409041471779346,0.012060862965881824,
-0.02648545615375042,-0.019584551453590393,
-0.03683096170425415,-0.04694401100277901,
0.03748437762260437,0.023944810032844543,
0.021549994125962257,-0.036583006381988525,
-0.014374436810612679,-0.020767144858837128,
-0.04289407283067703,-0.029856136068701744,
0.0032689247746020555,-0.030688997358083725,
-0.06674449890851974,0.009346188977360725,
-0.002044406021013856,-0.006454245187342167,
-0.0012551832478493452,0.009536133147776127,
0.0004421641933731735,0.0077470457181334496,
0.02507806196808815,-0.040365904569625854,
0.02955550327897072,-0.02710133232176304,
-0.005334919318556786,0.0052098766900599,
-0.01919461041688919,0.01792282797396183,
0.03659847378730774,-0.04038771241903305,
0.04692301154136658,-0.011530347168445587,
0.00462973490357399,0.014624380506575108,
0.0008051528711803257,0.0035498349461704493,
-0.034924283623695374,0.009751914069056511,
-0.04380771145224571,-0.02134598046541214,
0.033896468579769135,-0.006213026121258736,
0.01606840454041958,0.022073237225413322,
0.03452971205115318,0.02026497945189476,
0.010523597709834576,0.02466849982738495,
-0.030693747103214264,-0.008831765502691269,
-0.0054621221497654915,0.013349185697734356,
-0.026351073756814003,-0.021820034831762314,
0.028213942423462868,-0.029987838119268417,
-0.010398807004094124,-0.021561026573181152,
0.042566075921058655,-0.0195672158151865,
-0.03500855341553688,0.002325757872313261,
-0.021658679470419884,0.03139404207468033,
0.02881077118217945,-0.030727839097380638,
-0.02296638861298561,-0.022258497774600983,
0.00022109904966782779,0.01780511811375618,
-0.0042860545217990875,0.0051437122747302055,
-0.017253929749131203,-0.009949966333806515,
-0.004258171189576387,0.02501855604350567,
-0.006753790192306042,-0.00429260078817606,
-0.0025030351243913174,-0.041054628789424896,
-0.0013062424259260297,-0.026798374950885773,
-0.01774788461625576,-0.019519483670592308,
0.006503337062895298,0.06174805760383606,
0.006549421232193708,-0.018371012061834335,
0.011595339514315128,-0.0017407662235200405,
0.0027533001266419888,-0.001367113902233541,
0.046640511602163315,0.007864898070693016,
-0.021653657779097557,0.010015293955802917,
0.034344661980867386,0.008671164512634277,
-0.04019045829772949,-0.02417772449553013,
-0.008706518448889256,-0.0011444996343925595,
-0.006946503184735775,-0.011884746141731739,
0.04201960936188698,-0.010634585283696651,
-0.019371915608644485,-0.02291158214211464,
0.0129059087485075,0.000633477873634547,
-0.011826382018625736,0.03648873046040535,
0.027612753212451935,-0.011305732652544975,
0.00913318246603012,-0.004380864091217518,
-0.02632339671254158,0.029228420928120613,
0.01871548406779766,-0.01971489191055298,
-0.013914115726947784,0.012137523852288723,
0.053461141884326935,0.025967415422201157,
0.02318684570491314,-0.007195907179266214,
-0.04586445167660713,-0.028830956667661667,
0.007710173726081848,-0.009693185798823833,
0.024612855166196823,0.01357622817158699,
0.007748187519609928,0.029542366042733192,
0.033586665987968445,-0.018914170563220978,
-0.0013009656686335802,-0.020327309146523476,
-0.0524744838476181,-0.01870819181203842,
0.007608567830175161,0.013451386243104935,
0.031768277287483215,-0.012065699324011803,
0.021138451993465424,0.018035689368844032,
0.0035011956933885813,0.013797764666378498,
-0.009453125298023224,-0.0037567599210888147,
0.035667162388563156,0.03350896015763283,
-0.015514343976974487,0.007814503274857998,
-0.04196735844016075,0.004842178896069527,
0.006202979013323784,-0.004906998947262764,
-0.0026048077270388603,-0.0008212202810682356,
0.0030454741790890694,0.014572788029909134,
0.002840244211256504,-0.0019952787552028894,
-0.006279308814555407,0.03019796870648861,
-0.024849649518728256,-0.029643302783370018,
-0.006569365505129099,-0.01847538724541664,
0.03235350176692009,-0.007010403089225292,
0.019753461703658104,0.009187075309455395,
0.018862692639231682,-0.013218899257481098,
-0.041951704770326614,0.030298283323645592,
0.03273357078433037,-0.038711391389369965,
0.02082478068768978,-0.011245117522776127,
0.03758765384554863,0.0130058154463768,
-0.0024676139000803232,-0.012155291624367237,
-0.044331617653369904,-0.02812753990292549,
0.0004949882859364152,-0.02457379922270775,
0.0370769165456295,0.04469238966703415,
0.022735126316547394,0.006795800756663084,
-0.01490549836307764,-0.008919242769479752,
-0.0362013541162014,0.013020681217312813,
0.00999355036765337,-0.0016101772198453546,
0.02615337260067463,-0.007438805419951677,
0.02377685159444809,-0.012097623199224472,
0.04275044426321983,-0.026575874537229538,
0.018925804644823074,0.016202757135033607,
-0.01687271147966385,0.0033739018253982067,
-0.015153341926634312,-0.02590244635939598,
-0.001557940966449678,0.008757843635976315,
-0.028197357431054115,0.008055377751588821,
-0.0206738393753767,-0.05047764256596565,
-0.03614932671189308,0.014665474183857441,
0.004681113176047802,0.021652262657880783,
0.003962368238717318,0.0013942510122433305,
0.009746180847287178,0.034453533589839935,
-0.01699572242796421,-0.0324554406106472,
-0.025099122896790504,0.009530019015073776,
0.009638289920985699,0.014474605210125446,
0.04906187579035759,-0.01351243257522583,
0.004330881871283054,-0.017740365117788315,
0.0057375761680305,0.018634021282196045,
-0.024368785321712494,0.014906701631844044,
0.009226763620972633,0.029063764959573746,
-0.004042315762490034,5.1151768275303766e-05,
-0.005671719089150429,0.012577156536281109,
-0.02151024527847767,-0.008921414613723755,
-0.004536847583949566,0.0005926780286245048,
-0.0028728623874485493,0.016503067687153816,
0.0220551285892725,-0.021108100190758705,
0.03387098386883736,0.04482816159725189,
0.035233303904533386,0.012057234533131123,
0.012162414379417896,-0.003797742770984769,
-0.016817603260278702,-0.018849315121769905,
0.038769304752349854,0.019110064953565598,
-0.0271616168320179,0.0036050190683454275,
-0.0433029867708683,-0.008284768089652061,
-8.806575351627544e-05,0.020734939724206924,
0.012044441886246204,-0.021671079099178314,
0.007802317850291729,0.014647729694843292,
0.0017905569402500987,0.01959201879799366,
-0.007111305370926857,-0.02515820600092411,
0.0008285954827442765,0.020165588706731796,
0.007298137526959181,-0.026454132050275803,
0.01688322052359581,-0.019426889717578888,
0.002722999081015587,0.028467653319239616,
-0.015550416894257069,0.06597558408975601,
0.023073984310030937,-0.0056612081825733185,
-0.03051930107176304,0.024402618408203125,
-0.016511835157871246,0.011789659038186073,
0.021463532000780106,-0.025507193058729172,
0.034399695694446564,-0.019414091482758522,
-0.03355866298079491,-0.019631102681159973,
0.008641356602311134,-0.035044312477111816,
0.02909374050796032,0.01960441842675209,
0.04337884485721588,-0.0031324406154453754,
-0.0005651115789078176,-0.011368000879883766,
-0.02068287506699562,0.001699441927485168,
0.0031799161806702614,0.004908135160803795,
0.009256716817617416,-0.008567031472921371,
-0.011941520497202873,-0.006499864626675844,
-0.0107149388641119,0.025522734969854355,
-0.0017205225303769112,0.004247552249580622,
-0.013915357179939747,-0.020318713039159775,
-0.02087206020951271,0.004180245101451874,
0.007011926732957363,0.025540059432387352,
-0.00010196812218055129,-0.0028274143114686012,
0.029868219047784805,0.007283914368599653,
0.02418285794556141,-0.037282027304172516,
-0.012122005224227905,-0.037217073142528534,
-0.00027807443984784186,-0.009675819426774979,
0.026504898443818092,-0.002434707013890147,
0.039388250559568405,-0.014644021168351173,
-0.019371312111616135,0.03691878542304039,
0.003159895306453109,0.02113565430045128,
-0.015374898910522461,-0.02438230626285076,
0.009708322584629059,0.006363759282976389,
-0.013940620236098766,0.014210579916834831,
0.019565826281905174,-0.0016452280106022954,
0.02323741465806961,0.031186025589704514,
-0.010286285541951656,-0.00918734259903431,
-0.03215216100215912,0.0031315500382333994,
-0.04144351929426193,0.002217769855633378,
0.005747929681092501,-0.0006640410283580422,
0.009461487643420696,-0.016362590715289116,
0.01939108967781067,0.005295282229781151,
-0.010361261665821075,0.016540270298719406,
0.010656656697392464,-0.0016208873130381107,
0.0008416894124820828,0.021590907126665115,
0.009866614826023579,-0.011951002292335033,
-0.0033309448044747114,-0.004313847981393337,
0.010601640678942204,-0.04689572751522064,
0.019154086709022522,-0.04605158045887947,
0.007053800392895937,-0.01812223345041275,
-0.01132386364042759,0.007274651899933815,
0.026979675516486168,-0.002284393645823002,
0.011591380462050438,-0.004934603814035654,
-0.00919746607542038,0.033995818346738815,
-0.028240103274583817,0.013311748392879963,
0.0015406276797875762,0.006796430330723524,
0.02982960268855095,0.001602670643478632,
0.01243552379310131,-0.02074448950588703,
0.012695805169641972,0.05081174895167351,
-0.00749286450445652,0.05091721564531326,
-0.0056039877235889435,0.014037813991308212,
0.021768497303128242,-0.02817835472524166,
-0.04016318544745445,0.012357467785477638,
0.007574938237667084,0.012602400965988636,
-0.040283653885126114,0.05811898410320282,
-0.007950372993946075,-0.0012416377430781722,
0.0342382937669754,0.02522236667573452,
0.02658091112971306,-0.01826675608754158,
-0.0014437547652050853,-0.006231959443539381,
-0.018460098654031754,-0.01770029403269291,
-0.042415592819452286,0.002066181041300297,
0.0004065916291438043,0.013960286043584347,
-0.009949732571840286,0.010450055822730064,
0.0023982550483196974,0.021513279527425766,
0.008847185410559177,-0.017163215205073357,
0.007581452839076519,0.05165182426571846,
-0.007373709697276354,0.01486754696816206,
0.003218802623450756,0.007345347199589014,
-0.020824596285820007,-0.019975274801254272,
-0.012244511395692825,-0.021458610892295837,
0.011254122480750084,0.006683340761810541,
0.018697090446949005,-0.007133278995752335,
-0.0019613534677773714,-0.03611721470952034,
0.023387562483549118,-0.019853871315717697,
-0.023892581462860107,0.02667965739965439,
-0.012380304746329784,0.01454542949795723,
0.0032081310637295246,-0.003351141232997179,
0.019895896315574646,0.001228700508363545,
-0.02722136117517948,0.0014315375592559576,
0.007691211067140102,-0.034153569489717484,
-0.0046511548571288586,-0.0054198019206523895,
-0.02303280495107174,0.007676534820348024,
0.027320072054862976,-0.0002458532399032265,
0.0008167417836375535,-0.025907980278134346,
-0.004198571667075157,-0.0010604310082271695,
-0.017342817038297653,0.038592297583818436,
0.028880922123789787,0.004293343517929316,
0.024919621646404266,-0.015822123736143112,
0.01595565862953663,0.013407871127128601,
0.01670577935874462,-0.01944209448993206,
-0.0007244311273097992,-0.009181216359138489,
-0.009179451502859592,0.016337214037775993,
-0.02243000641465187,-0.004647898022085428,
0.01128908060491085,-0.022769013419747353,
-0.014250713400542736,-0.009241768158972263,
0.04081166535615921,0.004346647299826145,
0.016941118985414505,0.0067040822468698025,
0.004275695886462927,-0.014571377076208591,
-0.0031347027979791164,0.02907910943031311,
0.04098013415932655,0.03213327005505562,
0.0017261231550946832,-0.008044499903917313,
0.04560701549053192,-0.005550862289965153,
-0.01868293806910515,0.0011654586996883154,
0.013726158998906612,-0.008081851527094841,
0.027000924572348595,-0.004661379382014275,
-0.02980218082666397,-0.019055167213082314,
-0.020953133702278137,-0.022817939519882202,
-0.02397540770471096,0.013823194429278374,
0.007965206168591976,0.013891108334064484,
0.010041761212050915,-0.027334369719028473,
0.036569368094205856,-0.0305375624448061,
0.018476180732250214,0.0030100145377218723,
0.010213485918939114,-0.03224308788776398,
0.0009821851272135973,0.00296544237062335,
-0.015982570126652718,-0.0332077294588089,
-0.04757426679134369,0.019896375015378,
-0.015162280760705471,0.002186509082093835,
0.003624505130574107,-0.015364203602075577,
0.03206843137741089,-0.0010170668829232454,
0.013264058157801628,-0.05268489941954613,
-0.05183333531022072,-0.004093055613338947,
-0.02368331514298916,0.03801437467336655,
0.009341221302747726,0.009648769162595272,
0.021696478128433228,-0.0030440392438322306,
-0.014018077403306961,0.02591528743505478,
-0.011119919829070568,-0.015758641064167023,
-0.014745686203241348,-0.005598327610641718,
0.03945893421769142,-0.007852964103221893,
-0.022153330966830254,-0.01466785091906786,
-0.028953291475772858,-0.03376101702451706,
0.013316969387233257,0.0026581708807498217,
-0.003969974350184202,-0.02199356071650982,
-0.005902556702494621,0.03603650629520416,
-0.0027449990157037973,0.01878492534160614,
0.04679220914840698,0.0019571431912481785,
0.0348823182284832,0.052208311855793,
0.01848708838224411,0.01414268184453249,
-0.026648811995983124,0.016256673261523247,
0.013684521429240704,0.005259017460048199,
0.019893839955329895,0.01189141720533371,
-0.015879416838288307,0.0011914606438949704,
-0.02262089028954506,-0.0008273200946860015,
-0.006891412660479546,0.013703646138310432,
-0.003759618615731597,-0.018024999648332596,
-0.0023937157820910215,0.04819348081946373,
-0.004499354399740696,-0.011970491148531437,
0.007420415058732033,0.003831501118838787,
-0.007383821066468954,-0.0230477936565876,
-0.0025455341674387455,-0.01488499529659748,
0.04872940480709076,0.020244618877768517,
-0.033506304025650024,0.015130733139812946,
0.023188237100839615,-0.012670302763581276,
-0.012837211601436138,0.038911305367946625,
0.014338919892907143,0.016617169603705406,
0.015160667710006237,0.07846908271312714,
0.0013756589032709599,-0.05928909778594971,
0.003119410714134574,-0.028863463550806046,
0.037043482065200806,0.02705770917236805,
-0.026894524693489075,-0.03593495115637779,
-0.008567780256271362,-0.010298648849129677,
-0.0018413909710943699,-0.006009708624333143,
-0.024998676031827927,0.020911775529384613,
0.013687281869351864,-0.01589551568031311,
0.005537513177841902,-0.03009195812046528,
-0.018988246098160744,-0.007190943695604801,
-0.009113166481256485,0.02649695985019207,
-0.007498201914131641,-0.02980019524693489,
-0.017444729804992676,-0.05120779201388359,
0.0006204159581102431,-0.03146718069911003,
-0.009023881517350674,-0.01640201546251774,
0.018007762730121613,-0.04172045737504959,
-0.015113025903701782,-0.016049619764089584,
0.018104063346982002,0.03373916447162628,
0.02744757942855358,-0.005182746332138777,
0.015299494378268719,-0.020357007160782814,
-0.024904130026698112,-0.019618170335888863,
-0.026454897597432137,0.013758720830082893,
0.019126253202557564,-0.011715295724570751,
-0.019458036869764328,-0.015849361196160316,
-0.006126393564045429,-0.010963541455566883,
-0.004054941236972809,0.016621727496385574,
0.0015589924296364188,0.01041741669178009,
0.01949583925306797,0.0014668151270598173,
0.012075161561369896,0.0001885120291262865,
-0.017070522531867027,-0.033889833837747574,
0.020142167806625366,-0.03587069362401962,
0.003631260711699724,-0.026152685284614563,
0.005753414239734411,-0.007506015710532665,
0.027472052723169327,0.01818663440644741,
-0.012683146633207798,-0.000407275598263368,
-0.00976142194122076,-0.0040182629600167274,
-0.015079368837177753,0.011409986764192581,
0.017805293202400208,-0.0021815081126987934,
0.04068854823708534,-0.01868796907365322,
0.011645585298538208,0.004674891009926796,
0.010722354054450989,-0.019081275910139084,
-0.02499561198055744,0.025746341794729233,
-0.02048741653561592,-0.02274114266037941,
-0.023810220882296562,-0.003097692970186472,
-0.007031705696135759,-0.008309769444167614,
-0.02577328123152256,0.01863774098455906,
-0.00945835467427969,-0.02013365365564823,
-0.012488237582147121,-0.017909932881593704,
-0.009190893732011318,-0.04717821627855301,
-0.015698162838816643,0.027382537722587585,
-0.007448700722306967,0.005209061782807112,
-0.021134143695235252,-0.00701573072001338,
-0.00679879542440176,-0.010311427526175976,
0.026656633242964745,-0.002458967501297593,
-0.008404452353715897,-0.0024204894434660673,
0.011805078014731407,0.020606638863682747,
-0.0016651289770379663,0.053871843963861465,
0.0003423052839934826,-0.04767142981290817,
-0.013527721166610718,-0.027693795040249825,
0.017042528837919235,0.01469484344124794,
-0.014145509339869022,0.017621047794818878,
0.002389867091551423,0.01892988383769989,
0.028264174237847328,-0.016843101009726524,
-0.015510247088968754,0.04054468125104904,
0.04183729365468025,0.026356717571616173,
0.020881744101643562,0.02490490861237049,
-0.05473159998655319,-0.021423131227493286,
0.02664279006421566,0.041178762912750244,
-0.010740329511463642,0.026130057871341705,
0.023181643337011337,0.025001447647809982,
0.036636337637901306,0.03242563083767891,
-0.05866527184844017,-0.0007236574892885983,
-0.024808935821056366,-0.0003181162755936384,
-0.001791559741832316,-0.02176734060049057,
0.005529968533664942,0.020043741911649704,
0.0480717308819294,-0.007281675469130278,
0.019863644614815712,-0.0048263040371239185,
0.001804459490813315,0.02008310705423355,
0.02831125818192959,-0.0030854311771690845,
-0.018689289689064026,0.0268782377243042,
-0.013571789488196373,0.0031104995869100094,
-0.015736056491732597,0.001360899768769741,
0.003529865061864257,0.026989618316292763,
0.0296340174973011,0.028214391320943832,
0.011465298011898994,-0.005710962228477001,
-0.015672940760850906,-0.040398385375738144,
-0.005410413723438978,-0.01401921734213829,
-0.027002235874533653,0.011189158074557781,
-0.03685350716114044,0.013692243956029415,
-0.012920798733830452,-0.007909349165856838,
0.01912052370607853,0.056343924254179,
0.011656801216304302,-0.014553564600646496,
0.06068839505314827,-0.013877639546990395,
0.0026143069844692945,-0.00014733518764842302,
-0.018146773800253868,-0.018051426857709885,
-0.0057977717369794846,0.012589649297297001,
-0.005201245192438364,-0.003332854248583317,
0.03541779890656471,0.006720551755279303,
-0.02374822273850441,0.020857147872447968,
0.024301132187247276,0.017492005601525307,
-0.02695845440030098,-0.01363515853881836,
-0.030071498826146126,-0.010332738049328327,
-0.005619095638394356,-0.012324227951467037,
-0.010775862261652946,0.008952065370976925,
-0.0008432009490206838,-0.0032657987903803587,
0.025313572958111763,0.03648916259407997,
-0.015184340998530388,0.013471259735524654,
0.021286649629473686,-0.00623926380649209,
0.021483780816197395,-0.011952859349548817,
-0.024306930601596832,0.03937150165438652,
-0.018384527415037155,0.003709668992087245,
-0.014579025097191334,0.012890112586319447,
0.0014774479204788804,-0.054126862436532974,
-0.01079613994807005,-0.004322506487369537,
-0.003376111388206482,-0.0027589567471295595,
-0.005072570871561766,-0.00198310986161232,
-0.028055617585778236,0.0049085430800914764,
0.022062070667743683,-0.024045098572969437,
-0.036092787981033325,0.017879905179142952,
0.0023976212833076715,-0.0209833774715662,
0.002692184643819928,0.021602019667625427,
0.029265599325299263,0.025158880278468132,
0.006428724620491266,0.0014963089488446712,
-0.007425122894346714,-0.006457372102886438,
-0.02031766064465046,0.03585359454154968,
0.01829712837934494,0.020367009565234184,
-0.0073550064116716385,-0.035836562514305115,
0.001572737586684525,-0.0031648525036871433,
-0.02645486779510975,-0.0021553493570536375,
0.02190929651260376,-0.012370419688522816,
0.00425894558429718,-0.027951696887612343,
-0.056013040244579315,-0.020910577848553658,
-0.008105270564556122,0.009950789622962475,
0.032779108732938766,0.024433815851807594,
-0.0005011673201806843,-0.01711132936179638,
0.012017671950161457,-0.02208022028207779,
-0.02879977412521839,-0.032192815095186234,
0.007408246863633394,0.004929383285343647,
-0.008119639940559864,-0.02493330091238022,
0.041499994695186615,-0.03439642861485481,
-0.035903919488191605,-0.04019562900066376,
-0.03788765147328377,-0.0015314274933189154,
0.04147249460220337,0.011211012490093708,
-0.03144798427820206,-0.022261492908000946,
-0.0182464811950922,-0.014104741625487804,
0.019637836143374443,0.029674747958779335,
0.0230088010430336,-0.0038637500256299973,
-0.028346307575702667,-0.015445850789546967,
0.00977250188589096,0.018311986699700356,
-0.010255860164761543,0.017909759655594826,
-0.011229181662201881,0.00172197085339576,
-0.0072911991737782955,-0.003203808329999447,
0.013284697197377682,-0.0064363800920546055,
-0.02557876892387867,0.007462732959538698,
-0.006854742765426636,0.019885485991835594,
-0.03177778050303459,0.0046548969112336636,
0.034118443727493286,0.05578724294900894,
-0.02221742644906044,-0.01690557412803173,
0.0018251588335260749,-0.013696372509002686,
0.04126520827412605,-0.009763618931174278,
0.012453741393983364,-0.025737015530467033,
-0.027082882821559906,0.026435425505042076,
-0.0005070744664408267,0.000757685222197324,
-0.016588209196925163,0.039973534643650055,
0.002253137296065688,-0.024014949798583984,
-0.01848793588578701,0.014650962315499783,
0.04998454451560974,-8.53789460961707e-05,
-0.005427551455795765,-0.015190490521490574,
-0.03251989185810089,0.00838396605104208,
-0.003922793548554182,0.0020092253107577562,
-0.0015827675815671682,-0.04761853069067001,
0.02739826962351799,0.01780962012708187,
0.004447705578058958,0.004454843699932098,
-0.011570156551897526,-0.01621217653155327,
-0.010920530185103416,-0.008902712725102901,
0.011215670965611935,0.023463284596800804,
-0.04032224789261818,-0.012532798573374748,
-0.012477626092731953,0.003571515204384923,
-0.012949171476066113,-0.042565423995256424,
0.004666687920689583,-0.007876540534198284,
0.005807123612612486,-0.024127274751663208,
0.0356806218624115,-0.012286605313420296,
-0.017030900344252586,-0.005261667538434267,
0.05224155634641647,0.016380660235881805,
-0.019104575738310814,0.047942619770765305,
-0.011092538945376873,-0.006304069887846708,
-0.0040661985985934734,-0.059042442589998245,
0.012104729190468788,0.007018346339464188,
0.04360540583729744,0.010444086976349354,
0.016328886151313782,-0.020464155822992325,
-0.02791091799736023,-0.0004888478433713317,
0.043938230723142624,0.007956125773489475,
-0.012587915174663067,0.03588653355836868,
-0.0124971279874444,0.022649439051747322,
0.008556942455470562,-0.012955295853316784,
0.012118197046220303,0.0022641830146312714,
0.013409022241830826,0.015366286039352417,
-0.001941082184202969,0.02806968428194523,
-0.020271722227334976,-0.04058903083205223,
0.006766447331756353,0.0021853598300367594,
0.011265473440289497,0.009607709012925625,
0.02493552304804325,-0.0003078721056226641,
-0.01942218281328678,-0.014171523042023182,
0.02969937212765217,-0.018234990537166595,
0.01919882744550705,-0.02913135662674904,
0.0203932486474514,-0.007735446561127901,
0.020380591973662376,-0.04058638960123062,
-0.007457489613443613,-0.0023328722454607487,
0.0001764148910297081,0.00033828496816568077,
-0.0021928984206169844,-0.02059311605989933,
0.031314920634031296,-0.01993568427860737,
0.005297699477523565,-0.018653880804777145,
0.016844743862748146,0.001505599357187748,
-0.01672317460179329,-0.004478917457163334,
0.015504492446780205,-0.01611526496708393,
-0.010852926410734653,0.017054058611392975,
0.03219710662961006,0.01767192780971527,
-0.02647893689572811,0.016217613592743874,
-0.03827275335788727,0.020475441589951515,
0.02764301188290119,-0.02039197087287903,
0.008461489342153072,0.001479699625633657,
-0.008007277734577656,0.01764628104865551,
0.015089518390595913,-0.018617698922753334,
0.005624941550195217,-0.009223487228155136,
0.01423619594424963,0.014111044816672802,
-0.0004331386589910835,-0.01261880062520504,
-0.002464545425027609,-0.03355611860752106,
-0.004921194165945053,0.01731264591217041,
-0.0033748021814972162,-0.004640433471649885,
-0.0034293814096599817,0.010730165988206863,
0.032444484531879425,0.008429194800555706,
0.003975176252424717,-0.014253130182623863,
-0.019654110074043274,0.005191455595195293,
0.0011319860350340605,-0.026105530560016632,
-0.02803979441523552,0.034785669296979904,
0.007606985047459602,-0.02258608490228653,
-0.06090952828526497,0.0007699962588958442,
0.009012688882648945,0.012717064470052719,
0.025190193206071854,0.044388897716999054,
0.043387312442064285,-0.01813375949859619,
-0.00634060287848115,0.001567593775689602,
0.021465545520186424,0.015242813155055046,
-0.0323248952627182,0.02871432527899742,
-0.011293751187622547,0.01608544960618019,
0.0063120718114078045,-0.022240204736590385,
-0.03061116300523281,0.020158180966973305,
0.02578115276992321,0.04035882651805878,
0.013821081258356571,0.009845137596130371,
0.02670915797352791,0.023921439424157143,
-0.0017609861679375172,0.013353795744478703,
-0.008384240791201591,0.013683557510375977,
0.02439839392900467,-0.016765430569648743,
-0.015981044620275497,-0.010977133177220821,
0.015247521921992302,-0.02847139909863472,
0.009404071606695652,0.0033030142076313496,
0.013072810135781765,0.008112275041639805,
0.00223692343570292,0.014888400211930275,
0.02953079529106617,-0.01975885033607483,
-0.009974370710551739,-0.02277822233736515,
-0.039545752108097076,-0.017562761902809143,
-0.007100429851561785,-0.012982302345335484,
-0.0036523030139505863,-0.016362322494387627,
0.007591168861836195,0.035908784717321396,
0.014803783036768436,-0.005709357559680939,
0.01418472733348608,0.014685148373246193,
-0.011263455264270306,0.010561241768300533,
-0.022669058293104172,0.012852031737565994,
-0.017741957679390907,-0.04761010780930519,
0.03099820390343666,0.0075997221283614635,
-0.0017321594059467316,-0.008835195563733578,
0.026325885206460953,0.010583186522126198,
0.020827190950512886,0.03097580187022686,
0.03077242523431778,-0.00632138317450881,
-0.0001127880605054088,0.014504964463412762,
0.006173835601657629,0.048331961035728455,
0.03463954105973244,0.03462599962949753,
-0.05181962251663208,-0.026517540216445923,
-0.023173552006483078,0.007822269573807716,
-0.01434667780995369,0.003347570775076747,
0.03552073612809181,0.044466450810432434,
0.035680606961250305,0.031430792063474655,
0.0022158350329846144,0.020860323682427406,
-0.024202361702919006,0.0342579148709774,
-0.010046003386378288,0.03593028336763382,
0.005517332348972559,0.011344951577484608,
0.002254423452541232,-0.0015916164265945554,
-0.016193121671676636,-0.003678780747577548,
-0.005750549491494894,0.00892825610935688,
0.005082339514046907,-0.02617059275507927,
-0.008823352865874767,-0.014502303674817085,
0.007766419555991888,-0.0002806932316161692,
0.00575886620208621,0.01835552230477333,
-0.006855892017483711,-0.034132249653339386,
-0.003559078322723508,0.008089746348559856,
-0.025964755564928055,0.035567428916692734,
-0.010478943586349487,-0.034284044057130814,
-0.029563039541244507,-0.002069939626380801,
-0.03771617263555527,-0.03356529027223587,
0.01302757766097784,-0.008492215536534786,
0.03325285762548447,0.00641325069591403,
-0.013966786675155163,0.017850561067461967,
0.05112629011273384,0.019631441682577133,
0.009445545263588428,-0.01890621893107891,
-0.01160598173737526,0.011810308322310448,
-0.020966308191418648,0.011475162580609322,
0.034394193440675735,0.0007513976306654513,
-0.004796488210558891,0.005514555610716343,
-0.01952270232141018,0.0030614060815423727,
-0.0028717617969959974,-0.05842207372188568,
-0.019124800339341164,0.020316194742918015,
0.0375845693051815,-0.01881580427289009,
0.020740708336234093,-0.010378925129771233,
0.0011221054010093212,-0.02744838409125805,
0.0170553270727396,-0.01211575698107481,
0.028404422104358673,0.032741110771894455,
-0.008499996736645699,-0.005711894948035479,
0.016951309517025948,-0.004022612236440182,
0.016221007332205772,0.013166625052690506,
-0.022089777514338493,0.013070759363472462,
0.0005787761765532196,-0.021872418001294136,
0.010114825330674648,-0.017485015094280243,
0.016646336764097214,-0.00030357413925230503,
-0.011541238985955715,-0.01762267015874386,
-0.03230658173561096,0.0025753232184797525,
0.014683899469673634,-0.042733024805784225,
-0.017312105745077133,0.027778780087828636,
-0.008199885487556458,0.015243642963469028,
-0.0027222391217947006,-0.002426690421998501,
0.02933375909924507,-0.007278320845216513,
-0.022611161693930626,-0.005230954382568598,
0.02332318015396595,0.0391269251704216,
-0.00038482717354781926,0.007143273483961821,
-0.05903543904423714,0.019158611074090004,
0.0020951286423951387,-1.3499710803444032e-05,
0.03775026276707649,0.010720285587012768,
-0.02282012067735195,-0.004569248296320438,
0.014327511191368103,0.019237810745835304,
0.016231311485171318,-0.00032842581276781857,
0.013543232344090939,-0.0019850695971399546,
0.005439150147140026,-0.019877677783370018,
-0.028570525348186493,0.03707592561841011,
0.00661446712911129,-0.018942439928650856,
-0.007334236521273851,-0.020318366587162018,
0.004803991876542568,-0.03740989416837692,
-0.0010117392521351576,-0.0035263891331851482,
-0.0361473485827446,0.03256946802139282,
0.0055051459930837154,-0.005381154362112284,
-0.007767992559820414,0.025974469259381294,
-0.007510468363761902,-0.03821972385048866,
-0.04659833386540413,-0.03128240257501602,
0.030494961887598038,0.02729928493499756,
-0.030787337571382523,-0.003728371113538742,
0.009844413958489895,-0.022530673071742058,
0.0020322140771895647,-0.04779769107699394,
-0.056127361953258514,-0.003207175526767969,
0.052254337817430496,-0.03572584316134453,
0.019546758383512497,0.06715144217014313,
-0.0076362574473023415,0.03101133368909359,
0.035240691155195236,0.004151673521846533,
0.004180934280157089,0.01158710103482008,
0.011865845881402493,0.023615989834070206,
0.036520663648843765,-0.005947309546172619,
0.0076354434713721275,-0.012999376282095909,
-0.0226240586489439,0.00536782993003726,
-0.019977759569883347,0.038179583847522736,
0.030314354225993156,-0.013493930920958519,
-0.02326592057943344,-0.013150401413440704,
-0.04113779589533806,0.03957030549645424,
0.012614402920007706,0.012375579215586185,
0.025751033797860146,-0.0015415253583341837,
-0.011363143101334572,-0.0017156093381345272,
-0.04082508385181427,-0.004414866212755442,
0.010357330553233624,0.005463572219014168,
-0.014499201439321041,-0.01606452651321888,
0.05474232882261276,0.006703379563987255,
-0.04148673266172409,-0.03361382707953453,
0.002043274464085698,-0.010379786603152752,
-0.013607093133032322,-0.03194063529372215,
-0.00515176635235548,-0.02136439085006714,
0.0027063905727118254,-0.008956173434853554,
-0.01666093058884144,-0.018513286486268044,
0.009050285443663597,-0.005135528743267059,
0.030253984034061432,-0.034155432134866714,
-0.004717337433248758,0.0006309266318567097,
-0.026753846555948257,-0.006968155037611723,
0.042413413524627686,-0.008640363812446594,
-0.03924672305583954,-0.02732749655842781,
-0.050574056804180145,-0.0344342365860939,
-0.0038573727943003178,-0.012455719523131847,
-0.014431462623178959,0.012842554599046707,
-0.03980840742588043,0.046603091061115265,
-0.0025827104691416025,-0.0077599636279046535,
0.0010875007137656212,-0.02336745522916317,
0.0006766286096535623,-0.02189444750547409,
0.043997131288051605,0.026468252763152122,
-0.0034639709629118443,-0.04754507914185524,
-0.016125578433275223,0.0010076394537463784,
0.005007363855838776,-0.007302022539079189,
0.005141772795468569,-0.05641816556453705,
-0.015322165563702583,0.015425052493810654,
0.027805650606751442,-0.0074427807703614235,
0.014047631062567234,0.02010565809905529,
-0.014055795967578888,-0.03058774769306183,
0.02712169475853443,0.011193545535206795,
0.0011054032947868109,0.021542446687817574,
-0.021610870957374573,0.002315901918336749,
-0.012118931859731674,-0.022577060386538506,
-0.003262120997533202,-0.010777215473353863,
0.025012563914060593,0.01187374722212553,
0.014948693104088306,0.0465528704226017,
-0.020868880674242973,-0.008338388055562973,
-0.0066594937816262245,0.01383870281279087,
3.4556291211629286e-05,-0.06587660312652588,
-0.027785535901784897,0.020486120134592056,
-0.004046688787639141,0.016159582883119583,
-0.04021254926919937,-0.005819625686854124,
-0.014576594345271587,-0.0238896943628788,
0.0159565731883049,-0.0222702044993639,
0.007108768448233604,-0.0014420310035347939,
0.0004429820692166686,0.0010515785543248057,
0.032810308039188385,0.0405237041413784,
0.034966085106134415,-0.022813785821199417,
0.005105344578623772,0.011746314354240894,
0.03126354143023491,0.003564894199371338,
0.017072578892111778,0.009698689915239811,
-0.023216230794787407,0.03250284120440483,
0.019151194021105766,-0.01791406236588955,
-0.02095857635140419,0.041032738983631134,
-0.029998769983649254,0.007426499854773283,
-0.021176962181925774,0.009082072414457798,
0.012635153718292713,0.006619378924369812,
0.026220563799142838,-0.016680175438523293,
-0.0024889870546758175,-0.03131457418203354,
-0.0222551878541708,-0.0350414514541626,
0.05893302708864212,-0.007764306850731373,
0.00560899218544364,0.006402891594916582,
-0.009252838790416718,-0.029258698225021362,
-0.022728480398654938,0.025395149365067482,
-0.04644279554486275,-0.01648627035319805,
0.025127863511443138,-0.010108131915330887,
0.03738871216773987,0.009952256456017494,
0.03881943225860596,0.034787990152835846,
0.012914977967739105,0.04858529940247536,
0.021500809118151665,-0.04179646447300911,
0.00954086147248745,0.00015389676264021546,
0.02496257983148098,0.003828521119430661,
-0.008696401491761208,-0.035034824162721634,
-0.005390663631260395,0.021066633984446526,
0.024891486391425133,-0.05638565495610237,
-0.011138364672660828,-0.00739770382642746,
0.022632790729403496,-0.011318156495690346,
-0.004288562573492527,-0.0007649169419892132,
0.016770850867033005,-0.005828525871038437,
-0.005816719960421324,-0.00976817961782217,
-0.02644335851073265,-0.017371775582432747,
0.03099900484085083,-0.0013403642224147916,
-0.00902086403220892,-0.009895935654640198,
0.02063567005097866,0.01929236203432083,
-0.01222782302647829,-0.026902712881565094,
0.005130670499056578,-0.0028770235367119312,
-0.004443359561264515,0.012751522473990917,
-0.002940964652225375,0.050607696175575256,
0.017244644463062286,0.03518840670585632,
-0.01639108918607235,-0.001529161585494876,
-0.0030278190970420837,-0.012208809144794941,
0.006546399090439081,0.007713546976447105,
-0.011581499129533768,-0.022302499040961266,
0.02318073809146881,-0.005395205691456795,
-0.024122022092342377,0.00980259571224451,
0.02349063754081726,-0.015202369540929794,
0.006480966228991747,0.039239607751369476,
0.00444007245823741,-0.012782366015017033,
0.023975443094968796,0.035163991153240204,
0.017323099076747894,0.010913742706179619,
0.017599502578377724,-0.015200694091618061,
0.02082797698676586,-0.014080801978707314,
0.005167725030332804,0.02910430356860161,
0.0263386033475399,0.0029062009416520596,
-0.017358746379613876,-0.023540645837783813,
-0.013604910112917423,-0.015268387272953987,
-0.0031114036682993174,-0.005842817481607199,
-0.020045356824994087,0.013015447184443474,
0.005892517976462841,0.007991431280970573,
0.0060033369809389114,0.005883794743567705,
-0.016763417050242424,-0.022875912487506866,
0.007977353408932686,0.03535167872905731,
-0.030512429773807526,0.01607896201312542,
0.012126356363296509,0.0233346838504076,
-0.036396026611328125,0.021908024325966835,
0.0019818434957414865,0.030267274007201195,
-0.004328645765781403,0.011469912715256214,
-0.015093755908310413,0.025667866691946983,
0.013489278964698315,0.00858829915523529,
0.00010840144386747852,-0.01177273690700531,
0.009630821645259857,-0.025740405544638634,
-0.005864941515028477,-0.05484938248991966,

pkj_actor,pkj_actor.weight
0.020590106025338173
0.07404191046953201
-0.08411398530006409
-0.007618088740855455
0.0030334643088281155
0.057834140956401825
-0.030929185450077057
-0.0520046092569828
-0.07686137408018112
0.03183852881193161
0.02642754837870598
-0.03003089688718319
0.01714751310646534
-0.02054706960916519
-0.0022465279325842857
0.032600268721580505
0.04710348695516586
-0.12533721327781677
0.027072768658399582
-0.012788224034011364
0.030322322621941566
0.02887280099093914
-0.013542942702770233
0.019245026633143425
0.038852158933877945
-0.019431088119745255
-0.023213420063257217
0.028883108869194984
0.05156856030225754
0.0276326984167099
-0.03636465221643448
0.03039930947124958
-0.010078094899654388
0.0232732892036438
-0.008358670398592949
-0.004246236756443977
-0.009419307112693787
0.009380902163684368
-0.012681177817285061
0.02676898054778576
-0.05471033975481987
0.03391546383500099
0.02173050120472908
0.02174670621752739
0.05883260443806648
0.0503598153591156
0.03555598855018616
0.011269633658230305
-0.3212089240550995
-0.20637990534305573
-0.671068012714386
-1.1360700130462646
-0.06772494316101074
0.5009672045707703
-0.39588508009910583
-0.5435786843299866
0.2555754780769348
0.4850410223007202
-0.590461254119873
-0.6523604393005371
-0.4180448353290558
-0.393473356962204
-1.1884218454360962
-1.0304590463638306
-0.2805885374546051
-0.08358139544725418
0.0010241760173812509
-0.04966010898351669
0.20249558985233307
0.08929010480642319
-0.0465463362634182
0.21457305550575256
-0.1075388565659523
0.26135849952697754
0.15251494944095612
0.029898665845394135
0.012416444718837738
-0.07809792459011078
0.013033650815486908
-1.1253230571746826
0.08267264813184738
-0.11697366833686829
-0.2302291989326477
-0.19310776889324188
-0.2519269585609436
0.08946368098258972
-0.12063399702310562
0.27419528365135193
0.28883862495422363
0.15300124883651733
0.041125647723674774
-0.24916526675224304
-0.23636981844902039
-0.05374991148710251
-0.0028538606129586697
-0.3551023304462433
0.08355696499347687
0.026294823735952377
0.05013493821024895
0.10524804145097733
0.05579961836338043
0.029886990785598755
0.030070487409830093
-0.04776585474610329
0.008173121139407158
-0.032171186059713364
-0.07294516265392303
0.012071291916072369
0.0963045060634613
0.07667908072471619
-0.024915916845202446
0.06449026614427567
-0.22872813045978546
0.27738499641418457
-0.03604981303215027
-0.08490323275327682
0.7192388772964478
0.30000773072242737
-0.46006274223327637
-0.45066511631011963
0.10769042372703552
0.0606377050280571
-0.23146454989910126
-0.40320199728012085
-0.2785244882106781
-0.3079623281955719
-0.9047939777374268
-1.1732232570648193
-0.49591538310050964
-0.1118014007806778
-0.1709701418876648
-1.3053796291351318
0.09834887832403183
0.03942936286330223
-0.2239706665277481
-1.2495869398117065
-0.12345583736896515
0.04056810960173607
-0.09050349146127701
-1.2622133493423462
-1.383563756942749
-0.955940842628479
-1.3102225065231323
-1.8053110837936401
-0.043290503323078156
0.08334863930940628
0.024842068552970886
0.05256524682044983
0.05700205639004707
-0.039767973124980927
-0.08287911862134933
-0.001375606399960816
0.009952242486178875
0.017689891159534454
-0.017431214451789856
0.036148473620414734
-0.04759209230542183
-0.0027603511698544025
0.01581740751862526
-0.009476358070969582
-0.34845396876335144
-0.18600839376449585
0.17142365872859955
-0.3439202904701233
0.5645799040794373
0.2609669268131256
-0.038633689284324646
-0.4386952519416809
0.01902233250439167
0.0696924701333046
0.026337843388319016
-0.1590670645236969
-0.36629486083984375
-0.5010615587234497
-0.7026896476745605
-1.3072541952133179
-0.1189015656709671
0.08662387728691101
-0.0396677702665329
-0.005840113386511803
-0.10999494791030884
-0.010040706023573875
-0.034930888563394547
0.04203207418322563
0.02376544661819935
-0.009447352029383183
0.02362729050219059
0.02587204985320568
0.004913199692964554
0.012998903170228004
-0.019978603348135948
-0.08902355283498764
-0.2156059294939041
-0.17626231908798218
-0.17645342648029327
-0.9731401205062866
0.2021121084690094
0.5022531747817993
-0.431630939245224
-0.3748604655265808
0.221543550491333
0.8036916851997375
-0.44612959027290344
-0.4900100827217102
-0.05261935293674469
-0.2144574224948883
-0.526561439037323
-1.2399336099624634
-0.009319406002759933
0.02944790944457054
0.04406734183430672
0.010780299082398415
-0.021755438297986984
0.023178666830062866
0.00886993482708931
0.013925442472100258
-0.023237140849232674
0.14388172328472137
-0.09185471385717392
0.012516429647803307
-0.022689104080200195
-0.025729602202773094
-0.015130290761590004
0.06930851191282272
-0.44995737075805664
-0.2156158685684204
-0.38248881697654724
-1.454999327659607
-0.07683388143777847
0.16880200803279877
-0.08109313249588013
-0.18235664069652557
0.5249391198158264
0.5856143832206726
-0.48231804370880127
-0.9570286273956299
-0.05946832150220871
-0.3738545775413513
-0.879722535610199
-0.9770564436912537
-0.40207839012145996
-0.2065405696630478
-0.5632272958755493
-0.6386843323707581
0.1730039417743683
0.5184329152107239
-0.30637386441230774
-0.16261784732341766
0.35937121510505676
0.626423716545105
-0.4628390669822693
-0.5018940567970276
-0.6674293279647827
-0.308179646730423
-0.901085376739502
-1.0903908014297485
-0.42754319310188293
0.38387271761894226
-0.40699177980422974
-1.2768428325653076
0.18415726721286774
0.30609965324401855
-0.3699896037578583
-0.3186967074871063
0.44340479373931885
0.03011595644056797
-0.6001316905021667
-1.0397746562957764
-0.2611650824546814
-0.39778757095336914
-0.8522928357124329
-1.2342702150344849
0.014894985593855381
0.012361443601548672
0.0151047483086586
0.057275183498859406
-0.04019210860133171
0.017438331618905067
0.0048471675254404545
-0.013067743740975857
0.004740023985505104
-0.031076865270733833
-0.029902786016464233
-0.023068245500326157
-0.04176715016365051
-0.023659517988562584
-0.022315101698040962
-0.058570053428411484
-0.531974196434021
-0.2090669423341751
-0.569913923740387
-1.0347981452941895
0.18650871515274048
0.3868463337421417
-0.3363993465900421
-0.4948105216026306
0.5075058937072754
0.05012227222323418
-0.03545839712023735
-0.834795355796814
-0.14755822718143463
-0.33734261989593506
-1.1679719686508179
-1.3494597673416138
0.08604315668344498
-0.15014322102069855
-0.3188212811946869
-0.39689332246780396
-0.11209344118833542
0.1839209347963333
-0.07128291577100754
0.26381805539131165
0.5856571793556213
0.38222435116767883
0.1767483353614807
-0.18613742291927338
0.25382325053215027
0.1522466540336609
-0.22057120501995087
-0.19132252037525177
-0.06142793223261833
-0.05040786415338516
0.16988196969032288
0.12692049145698547
0.1785542219877243
0.13750441372394562
0.12812571227550507
-0.28439444303512573
0.16617661714553833
0.045958735048770905
-0.03072945773601532
-0.09206722676753998
0.0679929107427597
-0.12466134876012802
-0.17126862704753876
-0.10862623900175095
-0.02737189643085003
-0.07654261589050293
0.02399471215903759
0.05851207301020622
-0.021331286057829857
0.0013183016562834382
-0.05012258514761925
-0.04618719220161438
0.05380821228027344
0.024517282843589783
0.023431435227394104
-0.00547187402844429
-0.010837648995220661
-0.03824023902416229
-0.0018744945991784334
-0.0062997895292937756
-0.3205745816230774
-0.1008298397064209
-0.2937983274459839
-0.7912523746490479
0.49956411123275757
0.4270874559879303
0.1429206132888794
-0.6708844900131226
0.08886582404375076
0.4107453525066376
-0.25835493206977844
-0.40351569652557373
-0.3254223167896271
-0.6346290111541748
-0.8130685687065125
-1.6852256059646606
-0.21936704218387604
-0.39454156160354614
-0.5611112713813782
-0.8720771074295044
-0.004716561175882816
0.5129152536392212
0.033609602600336075
-0.3527451753616333
0.3344747722148895
0.5017053484916687
-0.14432144165039062
-0.3742539882659912
-0.3020748198032379
-0.29984599351882935
-1.0475130081176758
-0.7209739089012146
0.1063961386680603
-0.21994443237781525
-0.5437999367713928
-1.1245015859603882
-0.04785081371665001
0.04849383980035782
-0.2661830186843872
-0.39119356870651245
0.6345688104629517
0.34088459610939026
-0.2582656145095825
-0.81766277551651
-0.0028665796853601933
-0.08149782568216324
-0.5462839007377625
-0.1472218632698059
-0.12715639173984528
-0.054838746786117554
-0.469250351190567
-1.1805918216705322
0.0366586372256279
0.3146568834781647
-0.03737151250243187
-0.19863192737102509
0.6063878536224365
0.6291600465774536
-0.020530400797724724
-0.5794442892074585
-0.025789132341742516
-0.16639450192451477
-0.616869330406189
-0.6114163994789124
-0.09198224544525146
-0.34367817640304565
-0.7076586484909058
-0.9669952988624573
-0.3196769058704376
0.4840794801712036
-0.3145122826099396
-0.12944218516349792
0.2640670835971832
0.7174555063247681
-0.033740442246198654
-0.2139023095369339
-0.09217093139886856
-0.34999993443489075
-0.5368565320968628
-0.3984060287475586
-0.11186981946229935
-0.058322031050920486
0.07947007566690445
-0.49971824884414673
0.192608043551445
0.7250228524208069
-0.38558369874954224
-0.13366608321666718
0.42448946833610535
0.770456850528717
0.07069630920886993
-0.28189942240715027
-0.37186968326568604
-0.1712242215871811
-0.41015344858169556
-1.1383119821548462
-0.21030940115451813
-0.18333780765533447
-0.6396320462226868
-1.3447176218032837
-0.09172333031892776
0.7011813521385193
-0.828302800655365
-0.5765404105186462
0.3087991774082184
0.2822236120700836
-0.7465761303901672
-0.6532201170921326
-0.3830552101135254
-0.34024345874786377
-1.0757306814193726
-1.0239306688308716
-0.3757804036140442
-0.1867161989212036
0.22305215895175934
0.3301776051521301
0.03178299218416214
0.33695366978645325
-0.0014988064067438245
0.17358897626399994
-0.15647821128368378
-0.03440331295132637
0.03309130296111107
-0.3372640907764435
-0.14211761951446533
-0.4449422061443329
-0.12073054164648056
-0.7716147899627686
-0.5989600419998169
-0.24301864206790924
-0.7016541361808777
-0.8631812334060669
0.4106370210647583
-0.10695810616016388
0.2644721269607544
-0.27458035945892334
0.09230022877454758
-0.21657425165176392
-0.10379527509212494
-0.25762003660202026
-0.516747236251831
-0.6351678371429443
-0.4325794577598572
-1.6167986392974854
0.06336718797683716
-0.47120481729507446
-0.8935266733169556
-1.4660509824752808
-0.36646008491516113
0.1739906370639801
-0.6299373507499695
-0.1406252086162567
0.4456131160259247
0.4873087704181671
-0.8766352534294128
-0.9897730946540833
-0.27599141001701355
-0.3257080912590027
-0.7168501019477844
-0.5384793281555176
-0.058346156030893326
-0.015485226176679134
-0.012027593329548836
-0.013111830689013004
-0.03443619981408119
-0.07611846178770065
-0.04213697835803032
-0.004341429099440575
0.01860257238149643
0.0082596056163311
-0.0589342899620533
-0.019045403227210045
-0.04470321908593178
-0.041971586644649506
-0.08482622355222702
-0.008235027082264423
-0.014251116663217545
-0.06286240369081497
-0.015042521990835667
-0.019023174419999123
-0.013480722904205322
-0.01661589741706848
-0.028035292401909828
-0.02084668166935444
-0.04705282673239708
-0.014265642501413822
0.0003681066446006298
-0.036767516285181046
0.008837609551846981
0.02261570654809475
0.013049092143774033
0.003317825263366103
0.037389278411865234
0.0519079826772213
-0.010535976849496365
-0.024858055636286736
-0.08786870539188385
-0.013943158090114594
-0.0655059739947319
0.04383660852909088
0.05751201882958412
0.019746199250221252
0.05431997776031494
-0.019698360934853554
0.030164556577801704
-0.03424758464097977
-0.0720500722527504
0.04871159791946411
-0.5830518007278442
-0.6864383816719055
-1.1377785205841064
-1.7584234476089478
-0.435818612575531
-0.12077224254608154
-0.7706379294395447
-0.9086604118347168
-0.21631507575511932
-0.21109618246555328
-0.7137501239776611
-0.6267973184585571
-0.6387357711791992
-0.30610185861587524
-1.0195354223251343
-0.8062183856964111
-0.1653466373682022
-0.142221599817276
-0.1382707953453064
-0.30281007289886475
-0.07129500061273575
0.004883680958300829
0.21387536823749542
0.13372749090194702
-0.34768614172935486
0.24724705517292023
0.37576138973236084
0.24573200941085815
-0.10288480669260025
-0.15080009400844574
-0.307157039642334
-0.854827344417572
0.005484028719365597
-0.15109513700008392
-0.3988005220890045
-0.4962383806705475
-0.23108139634132385
-0.021319877356290817
-0.0016689833719283342
0.028203247115015984
0.12621274590492249
-0.15147681534290314
0.5364710092544556
0.008245347067713737
-0.22637619078159332
-0.04042614996433258
-0.18650376796722412
-0.3941461741924286
-0.1323508769273758
-0.09221874177455902
0.04809248819947243
0.09731677174568176
0.05073270946741104
-0.05843541398644447
-0.04601922258734703
0.022604383528232574
-0.011585759930312634
-0.061307668685913086
-0.0023917106445878744
-0.04002240672707558
-0.010985632427036762
0.012363668531179428
-0.023574424907565117
-0.0027317001949995756
-0.31630513072013855
-0.06567233800888062
-0.16536583006381989
-0.3488791584968567
0.1576811522245407
0.11971217393875122
-0.2247735857963562
-0.09936460107564926
-0.28272080421447754
-0.06662382930517197
-0.07620356231927872
-0.15510743856430054
-0.5190505385398865
-0.41537150740623474
-1.1802778244018555
-1.2746834754943848
-1.0484143495559692
-0.7383015155792236
-0.7240483164787292
-1.5781381130218506
-0.7660528421401978
-0.5644844770431519
-0.8787813186645508
-1.1868371963500977
-0.8275587558746338
-0.5049093961715698
-0.673870861530304
-1.1296718120574951
-1.647134780883789
-1.0646151304244995
-1.3743312358856201
-1.5389001369476318
0.002503162482753396
-0.0669943317770958
-0.01749197393655777
0.021575018763542175
0.03375456854701042
-0.03398037329316139
-0.04665498435497284
0.01868210732936859
0.05967087671160698
-0.026641514152288437
-0.0724039152264595
0.0005558327538892627
-0.009401030838489532
-0.001625626813620329
-0.09922605007886887
0.014333822764456272
-0.1646111011505127
-0.11136629432439804
-0.08581198751926422
-0.5169260501861572
-0.038869936019182205
-0.266225129365921
0.11148876696825027
-0.2524581849575043
-0.32193315029144287
0.08438703417778015
0.21293844282627106
0.04478904977440834
-0.33880776166915894
-0.31408068537712097
-0.776921808719635
-1.4352234601974487
0.029976608231663704
0.006092050112783909
-0.017442364245653152
0.019602887332439423
-0.05685456842184067
0.021953536197543144
-0.012008205987513065
-0.09260227531194687
-0.07713675498962402
0.004838553722947836
-0.009712642058730125
0.02414650283753872
-0.0037349241320043802
-0.07766906917095184
0.024595122784376144
-0.012730978429317474
-0.41275471448898315
-0.6289577484130859
-0.47288110852241516
-1.3975982666015625
-0.3569645881652832
-0.05379437282681465
-0.09777576476335526
-0.5961265563964844
-0.18472741544246674
0.1185499057173729
-0.184836283326149
-0.5120105147361755
-0.2566245496273041
-0.2780567407608032
-0.6534968018531799
-1.0334192514419556
-0.014032028615474701
0.009239950217306614
0.07275727391242981
-0.03421106934547424
-0.03413383290171623
-0.06631363183259964
-0.007870486006140709
-0.02399779111146927
0.06362111121416092
0.01758226938545704
-0.01911032572388649
0.12285860627889633
-0.03739752247929573
0.023234160616993904
-0.00272501353174448
0.04600038751959801
-0.8065045475959778
-0.8987642526626587
-0.9095901846885681
-1.8703193664550781
-0.555420994758606
-0.22499749064445496
-0.18527115881443024
-0.31896278262138367
-0.24744358658790588
-0.2485206425189972
-0.501948893070221
-0.8356667160987854
-0.5465942025184631
-0.3497608006000519
-1.0346918106079102
-1.0227079391479492
-0.584077000617981
-0.6442992687225342
-0.8099022507667542
-1.3278168439865112
-0.30220404267311096
0.0028333524242043495
-0.3219163417816162
-0.4083811938762665
-0.16639333963394165
-0.10299883037805557
-0.09269668906927109
-0.38332030177116394
-0.8464590907096863
-0.20816542208194733
-1.072678565979004
-1.0869272947311401
-0.7031987905502319
-0.13956351578235626
-0.8932589292526245
-1.5621906518936157
-0.4601622521877289
-0.15700624883174896
-0.5527114272117615
-0.41798263788223267
-0.32066261768341064
-0.3112562894821167
-0.388760507106781
-0.846998393535614
-0.6500504612922668
-0.519099771976471
-0.9346274137496948
-1.4252684116363525
0.018953250721096992
-0.007364169228821993
-0.03022138960659504
0.023639395833015442
-0.0024194561410695314
0.017713923007249832
0.01287049613893032
-0.01663704216480255
0.016151893883943558
-0.06520146131515503
-0.01456339843571186
0.06816307455301285
-0.004275999031960964
-0.003576258197426796
0.04773430898785591
0.050721243023872375
-0.9369606375694275
-0.6623694896697998
-1.0558648109436035
-1.4767165184020996
-0.5505517721176147
-0.02608572132885456
-0.3028516471385956
-0.4484997093677521
-0.24868136644363403
-0.4988669455051422
-0.37627583742141724
-0.688055694103241
-0.42509931325912476
-0.14923281967639923
-1.1345188617706299
-1.4279494285583496
-0.22300884127616882
-0.6225435137748718
-0.39100614190101624
-0.8338906764984131
-0.40558433532714844
-0.03848492354154587
-0.14059653878211975
-0.08124104142189026
0.35424190759658813
0.10422541201114655
0.16645082831382751
-0.25460803508758545
0.21573664247989655
0.0851779356598854
-0.35515567660331726
-0.24506224691867828
-0.15006723999977112
-0.032388120889663696
0.1684080958366394
-0.09084955602884293
0.2130243182182312
0.1472112089395523
0.43293508887290955
-0.2879839241504669
0.08757244795560837
0.047110382467508316
-0.06668726354837418
-0.08909066766500473
0.11729659885168076
-0.019558385014533997
-0.07323276996612549
-0.06452301144599915
0.065526083111763
-0.005479530431330204
0.0018257369520142674
0.04369238018989563
0.021540721878409386
0.052613332867622375
-0.0013913912698626518
0.0687321200966835
0.002579624531790614
0.03218841925263405
0.020824536681175232
0.03124338388442993
0.07832913845777512
0.0017181150615215302
0.010533884167671204
0.05024198815226555
-0.6164026260375977
-0.46776124835014343
-0.6861502528190613
-0.7038236856460571
-0.2173653095960617
-0.07551010698080063
-0.12104278802871704
-0.38371288776397705
-0.45035678148269653
0.01733815297484398
-0.0997844710946083
-0.41051146388053894
-0.32961270213127136
-0.5960876941680908
-1.0169403553009033
-1.5468525886535645
-0.6050692200660706
-0.8397291302680969
-0.8403960466384888
-1.4128012657165527
-0.46133503317832947
-0.09522558748722076
-0.1839846968650818
-0.6838508248329163
-0.12918926775455475
-0.12748931348323822
-0.19491955637931824
-0.3812113404273987
-0.6547839641571045
-0.26134297251701355
-0.8691852688789368
-0.5767771601676941
-0.16239646077156067
-0.4117242991924286
-0.6831971406936646
-1.3730807304382324
-0.3455737233161926
-0.17047074437141418
-0.455117791891098
-0.5828133821487427
0.11967933923006058
0.1370677947998047
0.12218185514211655
-0.5554136037826538
-0.41095778346061707
0.05216400325298309
-0.5907431840896606
-0.33912354707717896
-0.2277286797761917
-0.5154386758804321
-0.9145044684410095
-1.4161782264709473
-0.3276674151420593
0.012139027006924152
-0.04953637719154358
-0.31344079971313477
0.022117629647254944
0.0948580652475357
0.3061104416847229
-0.29545316100120544
-0.4361441731452942
-0.09945008158683777
-0.7443833947181702
-0.6567241549491882
-0.5947284698486328
-0.734315812587738
-0.921688437461853
-1.5043737888336182
-0.5336748957633972
-0.318665087223053
-0.4158362150192261
-0.5375499725341797
-0.28773725032806396
-0.12141264975070953
-0.05357379838824272
-0.369182825088501
-0.25529465079307556
-0.35881122946739197
-0.5398616790771484
-0.3514183759689331
-0.39139324426651
-0.4492904841899872
-0.4695388376712799
-1.0137288570404053
0.00160431326366961
0.18396145105361938
-0.3113632798194885
-0.3800973892211914
0.01007524598389864
0.08473281562328339
0.46135419607162476
-0.047186147421598434
-0.7006224393844604
0.18103595077991486
-0.7419834136962891
-1.095179796218872
-0.530602216720581
-0.6374996304512024
-0.9442207217216492
-1.7646665573120117
-0.37958502769470215
0.16948258876800537
-0.6616412997245789
-0.8988415598869324
-0.19407813251018524
-0.35034435987472534
-1.1007879972457886
-0.6781911849975586
-0.596557080745697
-0.25620150566101074
-0.8493558168411255
-0.8204812407493591
-0.20530182123184204
-0.18743610382080078
-0.1650339514017105
0.2826937437057495
-0.19112303853034973
0.2561064064502716
0.16919219493865967
0.5129044055938721
-0.28086742758750916
-0.024230819195508957
0.077694371342659
-0.5032209753990173
-0.22845500707626343
-0.4249803423881531
-0.07803908735513687
-0.6921879649162292
-0.7028300166130066
-0.5112942457199097
-0.9780002236366272
-0.9987981915473938
-0.41744714975357056
-0.4769026041030884
0.09569542855024338
-0.30020105838775635
-0.4122889041900635
-0.47205719351768494
0.18000078201293945
-0.07386800646781921
-0.4796300232410431
-0.5221312642097473
-0.6929908394813538
-1.3571401834487915
-0.48824620246887207
-0.7939529418945312
-1.3178008794784546
-1.8675570487976074
-0.6464627981185913
-0.48985764384269714
-0.7621429562568665
-0.6249879002571106
-0.12251348793506622
-0.2603738307952881
-0.6342809796333313
-0.6773350834846497
-0.5800942778587341
-0.297026664018631
-0.6083532571792603
-0.44991886615753174
-0.003245837055146694
0.0018375342478975654
0.004927970934659243
-0.018169308081269264
0.04033632576465607
-0.022326231002807617
0.023661555722355843
-0.019818471744656563
-0.000500162597745657
0.07109683007001877
0.022242601960897446
0.008631167002022266
-0.04569001868367195
0.07298196107149124
0.02796878293156624
0.031268950551748276
-0.02775692567229271
-0.008047956973314285
-0.016905570402741432
-0.06983332335948944
-0.004378918092697859
-0.03902830928564072
-0.0042816526256501675
-0.03272831812500954
0.10384325683116913
-0.1156831681728363
-0.006048675160855055
-0.0001570283784531057
-0.031410764902830124
-0.007426386699080467
-0.014602347277104855
0.016694633290171623
0.020507685840129852
0.01725774072110653
0.0013669467298313975
-0.10367157310247421
-0.032608214765787125
-0.08491110801696777
-0.039629340171813965
-0.051416799426078796
0.024089094251394272
-0.04813343286514282
0.005675889551639557
0.02793985977768898
0.02727212943136692
-0.01896912045776844
-0.04864255711436272
0.06491310149431229
-0.35938385128974915
-0.22869043052196503
-0.8100075721740723
-1.4032833576202393
-0.030569233000278473
0.33389049768447876
-0.2777033746242523
-0.7837643027305603
0.2404320240020752
0.27966389060020447
-0.2845562994480133
-0.8606417775154114
-0.5426763296127319
-0.36180683970451355
-0.7742942571640015
-0.8962776064872742
-0.051888082176446915
0.03980522230267525
-0.17606814205646515
-0.043809741735458374
0.13879340887069702
0.09634306281805038
0.5228421688079834
0.20496295392513275
-0.24567708373069763
0.15650470554828644
0.8008435368537903
0.19735005497932434
-0.2037927657365799
-0.23440086841583252
-0.0933464989066124
-0.6782094240188599
0.07145124673843384
0.032409414649009705
-0.21717634797096252
-0.15973840653896332
-0.13847246766090393
0.16087624430656433
-0.13811227679252625
0.24388062953948975
0.17686788737773895
0.19776204228401184
0.8740906715393066
-0.03682047128677368
-0.26177433133125305
-0.2473321259021759
-0.154881551861763
-0.28228646516799927
0.007241601590067148
-0.04650617763400078
0.137241393327713
0.022303959354758263
0.03810853138566017
0.07033402472734451
0.040108341723680496
0.04837251827120781
0.04087068885564804
0.01083257608115673
0.009863787330687046
0.007528146728873253
0.04821056127548218
-0.03165614232420921
0.05376247689127922
-0.07771443575620651
0.034820158034563065
0.18458643555641174
-0.2793899476528168
-0.02843768522143364
0.4922579526901245
0.49011459946632385
0.2301275134086609
0.08658751100301743
0.0634312555193901
0.11727862805128098
0.07293598353862762
-0.047281328588724136
-0.6214414834976196
-0.30979543924331665
-0.7488268613815308
-1.190734624862671
-0.3661383092403412
-0.16656138002872467
-0.15114423632621765
-1.231197714805603
-0.0869303047657013
0.25842148065567017
0.17632988095283508
-0.7247285842895508
-0.3376255929470062
0.19216018915176392
0.23861262202262878
-0.47306889295578003
-1.9475041627883911
-0.804032564163208
-0.6976963877677917
-1.1523897647857666
-0.004627658519893885
0.027350924909114838
-0.04445803910493851
-0.011201759800314903
-0.04958521947264671
0.007096940651535988
0.011695196852087975
0.04534013941884041
-0.028695499524474144
0.07964357733726501
-0.01971621997654438
-0.04227122291922569
0.03705141320824623
0.044515062123537064
-0.010978138074278831
-0.03182310238480568
0.10101848840713501
-0.045979857444763184
0.029267750680446625
-0.05044316127896309
0.32969143986701965
0.10371294617652893
0.954237163066864
0.08707240223884583
-0.19718517363071442
0.22411388158798218
0.43495866656303406
0.11250963807106018
-0.36586809158325195
-0.4610312879085541
-0.37050801515579224
-1.0515786409378052
0.0228092260658741
0.015379971824586391
-0.060890477150678635
0.05722351372241974
0.017834065482020378
0.028047336265444756
0.005866431165486574
0.02389502339065075
-0.04701865464448929
0.013855119235813618
-0.04836850240826607
-0.034800123423337936
0.008124026469886303
-0.05454503744840622
0.03551306575536728
0.03180071711540222
-0.11345696449279785
-0.18287767469882965
-0.1960430145263672
-0.8694467544555664
0.012914856895804405
0.3903530240058899
0.6813253164291382
-0.5377730131149292
0.08965489268302917
0.7236444354057312
0.39709416031837463
-0.4986615777015686
-0.2625221610069275
-0.3039543032646179
-0.3936682343482971
-1.023425817489624
0.01065310649573803
-0.04641740769147873
-0.06542767584323883
-0.019537441432476044
0.024497758597135544
0.07112284004688263
0.007445120252668858
-0.0021678984630852938
0.09881587326526642
0.043720465153455734
0.027877934277057648
0.007695866283029318
-0.05357680469751358
-0.08555406332015991
-0.058929864317178726
-0.01606915146112442
-0.44509023427963257
-0.21062341332435608
-0.40910470485687256
-1.2720930576324463
-0.13766096532344818
0.2174062728881836
0.319234162569046
-0.2836220860481262
0.24784131348133087
0.4699985384941101
0.4252869486808777
-0.3560147285461426
-0.5019106864929199
-0.21488817036151886
-0.39993277192115784
-0.8922601342201233
-0.20576289296150208
-0.1328471153974533
-0.3244306743144989
-0.6503697633743286
0.20981910824775696
0.356112539768219
-0.07035359740257263
-0.2116144895553589
0.10952061414718628
0.5610931515693665
0.5409202575683594
-0.24893449246883392
-0.7373761534690857
-0.17096112668514252
-0.6971117258071899
-0.8359047174453735
-0.21549972891807556
0.21718740463256836
-0.48235389590263367
-0.8980827331542969
0.24305331707000732
0.13628537952899933
-0.10724521428346634
-0.04654619097709656
-0.039325643330812454
0.21424983441829681
0.739052951335907
-0.358125239610672
-0.6478449106216431
-0.2075396329164505
-0.3916744887828827
-1.087697148323059
0.009180945344269276
0.058949071913957596
0.040116433054208755
-0.04292261227965355
-0.04394141584634781
-0.008722744882106781
-0.03554396703839302
-0.09227515757083893
0.02545035630464554
0.04143206402659416
-0.023558560758829117
-0.05261390656232834
-0.03843525052070618
-0.0412021204829216
-0.053837236016988754
0.038782279938459396
-0.5149695873260498
-0.15836189687252045
-0.33357977867126465
-0.9584085941314697
0.05921841785311699
0.1840384304523468
0.3619878590106964
-0.3471546769142151
0.18655385076999664
0.22993068397045135
0.6576862931251526
-0.12486321479082108
-0.4689463973045349
-0.04642580449581146
-0.36894840002059937
-0.8491504192352295
0.2587726414203644
-0.599308431148529
-0.2293248474597931
-0.3832392692565918
-0.11764132231473923
0.07423803955316544
-0.1655009686946869
0.4209097623825073
0.5925610065460205
0.7282784581184387
0.24257998168468475
-0.18983876705169678
0.17731991410255432
-0.02555611915886402
-0.22292505204677582
-0.302766889333725
-0.07220610976219177
-0.08360469341278076
0.36749616265296936
0.04215780645608902
0.2237679362297058
0.16510875523090363
0.29009613394737244
-0.3465428650379181
0.10819286853075027
0.1378735452890396
-0.06544256955385208
-0.07392687350511551
0.1165294423699379
-0.07853326946496964
-0.24392570555210114
-0.15773816406726837
-0.015536060556769371
-0.023940924555063248
0.04947700724005699
-0.02526060864329338
0.04412474110722542
0.03182116150856018
0.009462949819862843
0.04028462618589401
0.023363301530480385
0.03216832876205444
0.013581144623458385
-0.007106870412826538
0.06748683005571365
0.03167444095015526
0.029768839478492737
0.010033328086137772
-0.15771213173866272
-0.23291020095348358
-0.3197818398475647
-0.4638505280017853
0.20411324501037598
0.3721783757209778
0.8592822551727295
0.06187286227941513
-0.08918672800064087
0.3449658751487732
0.29495158791542053
-0.23563170433044434
-0.3720230758190155
-0.5483332276344299
-0.9429124593734741
-1.0431995391845703
-0.14129912853240967
-0.348324179649353
-0.5419999361038208
-0.9993603229522705
-0.098981574177742
0.30176275968551636
0.010888009332120419
-0.3454301953315735
0.16027961671352386
0.29017946124076843
0.19062940776348114
-0.44687002897262573
-0.4213821291923523
-0.34927108883857727
-0.45996400713920593
-0.8412705063819885
0.12134534865617752
-0.21618391573429108
-0.5780978202819824
-1.0233020782470703
-0.052077315747737885
-0.12884989380836487
-0.3380402624607086
-0.25602707266807556
0.4256659150123596
0.6426464319229126
1.1999409198760986
-0.24677790701389313
-0.19049189984798431
-0.08318676054477692
-0.27939558029174805
-0.23699073493480682
-0.04900253564119339
-0.11396117508411407
-0.9083455204963684
-0.9909061789512634
0.09012492746114731
0.27795475721359253
0.25656938552856445
-0.19352379441261292
0.3183439075946808
0.796024739742279
1.3131130933761597
0.10480460524559021
-0.33758917450904846
-0.061694711446762085
-0.39963608980178833
-0.44131040573120117
-0.20700348913669586
-0.32180267572402954
-0.7964274287223816
-1.0531072616577148
-0.4417177736759186
0.1399988979101181
-0.5776360630989075
-0.21351949870586395
0.20206305384635925
0.42418232560157776
0.2298707365989685
-0.39842110872268677
-0.30475035309791565
-0.22771623730659485
-0.2890869677066803
-0.3644423186779022
-0.12035704404115677
-0.14838723838329315
0.12875080108642578
-0.4235808253288269
0.3438778221607208
0.5280488729476929
-0.040970731526613235
-0.3137699365615845
0.2954150438308716
0.507422149181366
0.9632422924041748
0.0012458860874176025
-0.648007869720459
-0.06874401122331619
-0.20525790750980377
-1.0046451091766357
-0.17218947410583496
-0.18759548664093018
-0.8642505407333374
-1.4523100852966309
-0.13603150844573975
0.36313626170158386
-0.21594874560832977
-0.9098316431045532
0.2379240095615387
0.33584439754486084
-0.507083535194397
-0.9146501421928406
-0.4865449368953705
-0.49035537242889404
-0.7108295559883118
-1.037674903869629
-0.1848759949207306
-0.07318837940692902
0.030439456924796104
0.5266819596290588
-0.1514747440814972
0.24783584475517273
0.14748157560825348
0.4794457256793976
-0.2065116912126541
-0.0025285794399678707
0.00899452343583107
-0.3665930926799774
-0.10908685624599457
-0.43091458082199097
-0.20732790231704712
-0.9192456603050232
-0.41533344984054565
-0.14506103098392487
-0.47586578130722046
-0.5275604128837585
0.18320772051811218
0.10617833584547043
0.6313206553459167
0.2915632724761963
-0.18482597172260284
0.13348329067230225
0.8554086685180664
0.06136428564786911
-0.6635973453521729
-0.371217280626297
-0.3419211208820343
-0.8971269130706787
0.06429783999919891
-0.5365009903907776
-1.0478695631027222
-1.4601105451583862
-0.2613205313682556
0.13563555479049683
-0.5209885239601135
-0.2500075399875641
0.3079163432121277
0.23231980204582214
0.01760125905275345
-0.5902766585350037
-0.27904385328292847
-0.2515079379081726
-0.3075167238712311
-0.5551300048828125
0.03903017193078995
-0.03401612862944603
-0.017256829887628555
0.00846096407622099
-0.042312074452638626
0.04214010015130043
0.004586710594594479
0.016243815422058105
-0.12986725568771362
-0.024353303015232086
-0.005158617626875639
0.012519313022494316
-0.00399604020640254
0.051725298166275024
-0.003684023395180702
0.003186376066878438
-0.08515569567680359
-0.012078582309186459
0.017595574259757996
-0.006244082003831863
-0.06769667565822601
0.04481302946805954
-0.04795271158218384
0.02954399213194847
0.04628101736307144
-0.0039702532812952995
0.027182482182979584
0.031183786690235138
-0.026540739461779594
-0.05150110274553299
-0.007706817239522934
-0.025341037660837173
0.06253203749656677
-0.0041745794005692005
-0.07899418473243713
0.07567042112350464
-0.036325499415397644
0.047189440578222275
0.02031349204480648
0.04217441380023956
0.029367471113801003
-0.03338245674967766
-0.022124318405985832
0.015291767194867134
-0.021814333274960518
-0.023061588406562805
0.014129738323390484
-0.017317626625299454
0.09609995782375336
0.44577139616012573
-0.5390661358833313
-0.8984786868095398
-0.05950380116701126
0.35678577423095703
-0.5344048738479614
-0.7179461717605591
-0.2840386629104614
0.3079276382923126
-0.48698702454566956
-0.5203883647918701
-0.5312062501907349
-0.5961384177207947
-0.5020526647567749
-0.23908813297748566
0.28489357233047485
0.18058213591575623
0.20159611105918884
-0.28095144033432007
0.22257597744464874
-0.004557414911687374
0.3618527352809906
0.15625983476638794
-0.14354634284973145
-0.08161059767007828
0.2457123100757599
0.25445783138275146
-0.24657492339611053
-0.24817848205566406
-0.412876695394516
-0.11321532726287842
0.044587310403585434
0.1948610097169876
0.5878642797470093
-0.10286353528499603
0.22672490775585175
-0.016335386782884598
0.13825206458568573
-0.020616358146071434
-0.055185142904520035
-0.2919629216194153
0.4571703374385834
0.19121147692203522
-0.018004482612013817
-0.10589434206485748
-0.22123855352401733
0.062040746212005615
0.043202709406614304
0.04156839847564697
0.05071598291397095
-0.010233781300485134
0.01251804456114769
0.004765836987644434
0.007993193343281746
0.024806806817650795
-0.01610439270734787
0.07237062603235245
-0.02303112857043743
0.037631724029779434
0.08625993877649307
0.04650435224175453
-0.06371037662029266
-0.009014919400215149
0.26428356766700745
0.30010443925857544
0.2387159913778305
-0.4200960397720337
0.12392731010913849
0.3095129132270813
-0.1451127678155899
0.0825670063495636
-0.06907126307487488
-0.2921391725540161
-0.0159690510481596
0.1588011085987091
-0.060091812163591385
-0.6073089838027954
-0.1125512346625328
-0.3381914496421814
-0.26984870433807373
0.32293248176574707
-0.045256443321704865
-1.0993549823760986
-0.38905391097068787
0.27730023860931396
-0.20220701396465302
-0.7621476054191589
-0.6187945604324341
-0.3250378370285034
0.04022594913840294
-0.7803134322166443
-1.555609107017517
-1.2640440464019775
-1.2739068269729614
-0.5947015881538391
-0.01865009032189846
0.018011081963777542
0.021662497892975807
-0.04431220144033432
0.0036169495433568954
0.0819489061832428
0.04273442551493645
0.043587859719991684
-0.029501473531126976
0.0669270008802414
-0.013091783970594406
0.053496699780225754
0.028388360515236855
-0.007332942448556423
0.038665901869535446
0.06156732141971588
0.17083263397216797
0.35023069381713867
0.15627509355545044
-0.2671973407268524
0.008474135771393776
0.015349638648331165
0.45473435521125793
0.39107587933540344
-0.09275400638580322
-0.16515018045902252
0.14062118530273438
0.2321147322654724
-0.42832309007644653
-0.6469869017601013
-0.40140557289123535
-0.4466038942337036
-0.009314912371337414
0.06803511083126068
-0.009694595821201801
-0.021792005747556686
0.03256089612841606
0.06799674779176712
-0.04122953116893768
0.01733633503317833
0.07815227657556534
0.04902367666363716
0.03872508555650711
-0.03160134702920914
-0.009931323118507862
-0.03709791600704193
0.04232819750905037
-0.0705101415514946
0.23693673312664032
0.25669753551483154
-0.0052674803882837296
-0.6565480828285217
0.20569775998592377
0.03270680457353592
0.21231889724731445
-0.5453667640686035
-0.22033259272575378
0.453513503074646
-0.19268561899662018
-0.44614270329475403
-0.5336776375770569
-0.37002602219581604
-0.5876222848892212
-0.17055203020572662
-0.0008186552440747619
0.017544448375701904
-0.024163680151104927
0.02011442370712757
0.087260901927948
0.07726649194955826
0.008179903030395508
-0.021761387586593628
-0.00822729617357254
0.04283802583813667
-0.024657810106873512
-0.027775254100561142
-0.03273048251867294
0.0024328005965799093
-0.010038243606686592
0.05155402794480324
-0.0041376943700015545
0.4829374849796295
0.2534388601779938
-0.7178916335105896
0.1450723558664322
0.17668159306049347
0.1019737645983696
-0.3215011656284332
-0.31510061025619507
0.39976683259010315
-0.05040924623608589
-0.2936828136444092
-0.42734211683273315
-0.5159494280815125
-0.7577038407325745
-0.3922957181930542
-0.12882915139198303
0.16718699038028717
0.21594929695129395
-0.519206702709198
-0.03369315713644028
0.5320507884025574
0.0670778751373291
-0.4368323087692261
-0.423408567905426
0.34803497791290283
0.1451772302389145
-0.13341909646987915
-0.38242775201797485
-0.5552499890327454
-0.5810585021972656
-0.307416170835495
0.10827445238828659
0.42052704095840454
0.07091403752565384
-0.8394075036048889
-0.21902449429035187
0.32702404260635376
-0.13372449576854706
-0.17794105410575867
-0.5502374768257141
0.06781727075576782
0.13766317069530487
-0.41578972339630127
-0.4306299090385437
-0.6426450610160828
-0.7530806660652161
-0.4482409954071045
-0.0200818944722414
-0.01779283955693245
-0.03204333782196045
0.023157984018325806
0.004516145214438438
-0.01323131937533617
0.07655543833971024
0.08563646674156189
0.012442548759281635
-0.05615672841668129
0.0324067622423172
0.011409380473196507
0.018375540152192116
-0.0702567920088768
-0.03615761920809746
-0.029061250388622284
-0.03505617752671242
0.3240950405597687
-0.025671787559986115
-0.6719827055931091
-0.22377055883407593
0.6284054517745972
0.019748663529753685
-0.09161998331546783
-0.4827381372451782
0.00941723957657814
0.25758126378059387
-0.15851372480392456
-0.5647996068000793
-0.8537116050720215
-0.8467424511909485
-0.31413182616233826
0.34383779764175415
0.657602846622467
0.12047788500785828
0.22048713266849518
0.2828793227672577
0.05309409648180008
-0.061010368168354034
-7.003021892160177e-06
0.3122088313102722
0.4305424094200134
0.5497802495956421
-0.08464064449071884
-0.1006232500076294
-0.002157445764169097
-0.015037058852612972
-0.039699919521808624
-0.22622132301330566
0.019720805808901787
0.16170981526374817
-0.19414745271205902
0.10922501981258392
0.08622745424509048
0.3849742114543915
0.033507104963064194
-0.1290062814950943
0.13100646436214447
-0.030117016285657883
-0.05543491244316101
-0.05909312888979912
-0.1484808772802353
-0.023646743968129158
0.01646566018462181
-0.0014091090997681022
0.058287911117076874
-0.05349645018577576
0.06757601350545883
0.02151676081120968
-0.013239331543445587
-0.041748203337192535
0.008263049647212029
0.0035669931676238775
0.02079792506992817
-0.02752557210624218
0.0207754485309124
0.03609737753868103
0.007415229920297861
0.01726676896214485
-0.019647374749183655
-0.07156757265329361
0.25853726267814636
-0.08879710733890533
-0.7155534029006958
-0.10958506166934967
0.45984888076782227
0.42063432931900024
0.06443778425455093
-0.4345357120037079
-0.06555182486772537
-0.17647859454154968
0.023234782740473747
-0.4531136751174927
-0.9158758521080017
-0.9114635586738586
-0.26608020067214966
0.036493293941020966
0.2707687020301819
-0.3962778151035309
-0.4580004811286926
-0.10639981925487518
0.5260465145111084
-0.008762812241911888
-0.5412798523902893
-0.17526516318321228
0.38095128536224365
0.0381033718585968
-0.32178035378456116
-0.5487517714500427
-0.573412299156189
-0.3757520914077759
-0.13025665283203125
0.14333605766296387
0.4502731263637543
0.5986027717590332
-0.4642726182937622
0.21594808995723724
0.15610623359680176
-0.1612151563167572
-0.5683639645576477
-0.10233651101589203
0.612469494342804
0.4069810211658478
-0.01711270771920681
-0.1517084687948227
-0.04966927319765091
-0.4473615884780884
-0.02186468429863453
-0.014863203279674053
0.35810866951942444
0.2849535346031189
-0.6174866557121277
0.24065770208835602
0.4696248173713684
0.15053610503673553
-0.3018203377723694
-0.26172733306884766
0.4311639368534088
0.6513622403144836
0.04414309188723564
-0.33927589654922485
-0.25089961290359497
-0.5992148518562317
-0.31908750534057617
0.013931147754192352
0.5480780005455017
-0.22565262019634247
-0.44680142402648926
0.09776104241609573
0.06905153393745422
-0.2324412763118744
-0.5046915411949158
-0.19856169819831848
0.3923192620277405
-0.06376200914382935
-0.20947711169719696
-0.44646599888801575
-0.4163268506526947
-0.32874536514282227
-0.06245405599474907
0.17840009927749634
0.28380024433135986
0.43754857778549194
-0.3688894808292389
0.18891870975494385
0.4686098098754883
-0.09654822200536728
-0.45608025789260864
0.03256441280245781
0.18694700300693512
0.2730417549610138
-0.03835659101605415
-0.1483025699853897
-0.4040442109107971
-0.349982887506485
-0.22615888714790344
0.24824419617652893
0.35025879740715027
-0.4935952126979828
-0.9513933658599854
-0.05205840617418289
0.42459341883659363
-0.8660147190093994
-0.5712912082672119
-0.2956034541130066
0.20895427465438843
-0.8062586188316345
-0.47266361117362976
-0.6103312373161316
-0.6247881054878235
-0.2793240547180176
-0.17777273058891296
0.18082988262176514
0.1332772672176361
0.13964758813381195
0.6085032820701599
-0.2127768099308014
-0.15534047782421112
0.35840874910354614
0.7100358009338379
-0.032791681587696075
-0.21843966841697693
-0.05312633514404297
-0.12715865671634674
-0.14123155176639557
0.2266775369644165
-0.287830650806427
0.08360511064529419
-0.1379612386226654
0.31963038444519043
-0.1403397172689438
-0.6823280453681946
-0.0658702701330185
-0.019538845866918564
0.6419151425361633
0.004868927411735058
-0.5691068768501282
-0.2875947952270508
0.4607926309108734
0.15421241521835327
-0.6657548546791077
-1.0472509860992432
-0.7816701531410217
-0.36208635568618774
0.25236132740974426
0.43295273184776306
0.17400531470775604
-0.38661494851112366
0.2605075240135193
0.09256891161203384
-0.40667903423309326
-0.4970093369483948
-0.19833698868751526
0.19173936545848846
-0.1888715922832489
-0.2407744973897934
-0.5811413526535034
-0.4402120113372803
-0.3983970284461975
-0.19570405781269073
0.08743717521429062
0.0600401908159256
0.03932351619005203
0.014331582933664322
0.005081246141344309
-0.032539211213588715
0.05630294606089592
0.013068092055618763
0.0352855809032917
-0.037913545966148376
-0.02653789520263672
0.0020781951025128365
-0.025822635740041733
-0.004080392885953188
0.01108655147254467
-0.07145339250564575
0.08249567449092865
-0.014660174027085304
0.012017548084259033
0.13016127049922943
-0.03011336736381054
0.07182710617780685
-0.07182548940181732
0.005296341609209776
-0.0013055716408416629
-0.09746135771274567
-0.05378230661153793
0.0447586365044117
-0.07532431185245514
-0.029519814997911453
0.0674339011311531
0.004583083558827639
0.04105064645409584
0.018853457644581795
0.027634339407086372
0.0028748763725161552
0.03785354271531105
0.03250568360090256
-0.00298122176900506
0.060543451458215714
0.06045939400792122
0.03989529609680176
0.032260168343782425
0.11988023668527603
-0.027248669415712357
-0.05026914179325104
-0.04418957233428955
-0.023796262219548225
-0.6186808347702026
-0.5221145749092102
-0.8684818744659424
-1.625705361366272
-0.44090116024017334
-0.13913244009017944
-0.6556658148765564
-0.8367443084716797
-0.23917241394519806
-0.19447718560695648
-0.7093567252159119
-0.6280900835990906
-0.7012183666229248
-0.468731164932251
-0.9018117785453796
-0.7457617521286011
-0.16121616959571838
-0.07948516309261322
-0.23164211213588715
-0.23671884834766388
-0.04841309040784836
0.08290759474039078
0.24021926522254944
0.17672976851463318
-0.2873309850692749
0.3239131569862366
0.46944114565849304
0.2626503109931946
-0.18166954815387726
-0.19281208515167236
-0.27822479605674744
-0.7558103799819946
0.03651760518550873
0.019877808168530464
-0.33517715334892273
-0.35815149545669556
-0.23253710567951202
-0.06378684192895889
0.05517621710896492
0.09110631048679352
0.06364526599645615
-0.05900343507528305
0.5789680480957031
0.024592017754912376
-0.1404096633195877
0.05308876559138298
-0.1818942129611969
-0.25461483001708984
-0.006304729264229536
-0.024907492101192474
0.0018960611196234822
0.021035894751548767
-0.026716265827417374
0.0245413426309824
-0.01094063650816679
0.0624132975935936
-0.02567669004201889
0.05372457578778267
0.07606670260429382
-0.023810647428035736
-0.04787995293736458
0.031056445091962814
-0.049724508076906204
-0.007567605935037136
-0.1967191845178604
0.05847010388970375
-0.0325208343565464
-0.25789493322372437
0.13060042262077332
0.1539119929075241
-0.21153230965137482
-0.11029665917158127
-0.24325664341449738
-0.029548404738307
-0.05158096179366112
-0.1374090015888214
-0.542294442653656
-0.2720135748386383
-1.0820913314819336
-1.058700680732727
-0.9263885021209717
-0.6135494709014893
-0.6919789910316467
-1.5373338460922241
-0.7569623589515686
-0.5503826141357422
-0.6695855855941772
-1.0233889818191528
-0.8474005460739136
-0.5586897730827332
-0.5699195861816406
-1.0686911344528198
-1.6166505813598633
-1.0744787454605103
-1.3702417612075806
-1.532128930091858
-0.022352522239089012
0.059818416833877563
-0.055667050182819366
-0.003124829614534974
-0.0018804222345352173
-0.0013116496847942472
-0.035342782735824585
-0.015123470686376095
0.010213213972747326
0.008893647231161594
-0.04714677482843399
0.04071315750479698
0.03311789035797119
-0.059590622782707214
0.031743187457323074
-0.026335468515753746
-0.17167921364307404
-0.19127370417118073
-0.0913768783211708
-0.4375651180744171
-0.02933410555124283
-0.2312651425600052
0.20045331120491028
-0.08743113279342651
-0.352389931678772
0.026178957894444466
0.27136489748954773
0.17711615562438965
-0.3379950225353241
-0.4182854890823364
-0.6712332367897034
-1.2534472942352295
0.07221746444702148
-0.0885118693113327
0.014024575240910053
0.10732605308294296
0.020909693092107773
0.04163821414113045
-0.06253816187381744
-0.020680148154497147
0.013078160583972931
0.0555129200220108
-0.010375798679888248
-0.016580795869231224
0.042906083166599274
-0.011508402414619923
-0.04678700491786003
0.01683931052684784
-0.42697399854660034
-0.5487568974494934
-0.42724594473838806
-1.3257691860198975
-0.2890816926956177
-0.04008210450410843
-0.09918474406003952
-0.5698404908180237
-0.28655263781547546
0.09988302737474442
-0.1457984298467636
-0.49539923667907715
-0.3496874272823334
-0.4454008936882019
-0.6076751947402954
-0.8885204792022705
-0.0003697523206938058
0.019991379231214523
0.05231449007987976
0.002755319233983755
-0.004278897307813168
-0.004593600519001484
-0.02236686646938324
0.0029294751584529877
0.030052512884140015
0.07588814198970795
-0.0078896414488554
0.07253488153219223
0.06843072175979614
-0.00297842756845057
-0.05495966970920563
0.008137189783155918
-0.7956882119178772
-0.7543787360191345
-0.8863579630851746
-1.7133164405822754
-0.6022741198539734
-0.17894649505615234
-0.21096359193325043
-0.24524042010307312
-0.26850494742393494
-0.14021046459674835
-0.46772488951683044
-0.8119181394577026
-0.563506007194519
-0.3635767698287964
-0.8619864583015442
-1.0173194408416748
-0.5083547234535217
-0.5400941371917725
-0.7378479838371277
-1.2339398860931396
-0.18009763956069946
0.08377683162689209
-0.1332833617925644
-0.37498214840888977
-0.21852286159992218
-0.11381988972425461
-0.01784009486436844
-0.2400042563676834
-0.8486522436141968
-0.20996510982513428
-1.103136658668518
-1.003524899482727
-0.5534218549728394
-0.0037735148798674345
-0.7568380236625671
-1.493884563446045
-0.42100924253463745
-0.1978098303079605
-0.4525764584541321
-0.26781177520751953
-0.3851166069507599
-0.32898879051208496
-0.30090370774269104
-0.8166353702545166
-0.6644951105117798
-0.4832068681716919
-0.8788872957229614
-1.3710530996322632
-0.003057748544961214
-0.006057153455913067
0.09022259712219238
-0.025275345891714096
-0.0013643690617755055
-0.0041989050805568695
-0.03778892010450363
-0.017264559864997864
0.009739997796714306
0.0012017983244732022
0.052416812628507614
-0.08613982051610947
0.006899526342749596
-0.001944394432939589
-0.05219387635588646
0.04525735229253769
-0.8457323908805847
-0.5521634221076965
-1.0551095008850098
-1.4529261589050293
-0.5274010300636292
0.024086814373731613
-0.23644383251667023
-0.4131806790828705
-0.2636881470680237
-0.37520861625671387
-0.26025423407554626
-0.5183430314064026
-0.4700302183628082
-0.08507104963064194
-1.057836651802063
-1.3153026103973389
-0.14058609306812286
-0.5428130626678467
-0.34210216999053955
-0.770666241645813
-0.3443942964076996
-0.1336972415447235
-0.136026531457901
0.0444948635995388
0.3268736004829407
0.20263145864009857
0.21121269464492798
-0.21939551830291748
0.22907119989395142
0.0919419676065445
-0.3243165612220764
-0.20948393642902374
-0.20804697275161743
-0.12406142801046371
0.19405204057693481
-0.10285196453332901
0.1389349400997162
0.15494725108146667
0.32950514554977417
-0.19404134154319763
0.017457861453294754
-0.029746467247605324
-0.03839905560016632
-0.018319809809327126
0.06669601798057556
-0.11671693623065948
-0.11206904798746109
-0.10451307892799377
0.021424487233161926
0.02731608785688877
-0.02377670630812645
-0.01726902648806572
0.012097353115677834
0.014183682389557362
0.062242474406957626
0.06579989939928055
-0.015434309840202332
0.008557246066629887
-0.03291931748390198
0.021955076605081558
0.048142943531274796
-0.010356216691434383
-0.009463315829634666
-0.050583261996507645
-0.5651150941848755
-0.3443465530872345
-0.5551506876945496
-0.7053157687187195
-0.1785469502210617
-0.007330937776714563
0.022235358133912086
-0.3094054162502289
-0.4529315233230591
-0.049092162400484085
-0.14703424274921417
-0.32797732949256897
-0.30284008383750916
-0.7400612831115723
-1.0793970823287964
-1.401928186416626
-0.6514970064163208
-0.7491884827613831
-0.8247690200805664
-1.326759934425354
-0.46996214985847473
-0.02187454327940941
-0.25957563519477844
-0.5449028611183167
-0.1686137318611145
-0.12208321690559387
-0.20769797265529633
-0.40540027618408203
-0.6775582432746887
-0.27197515964508057
-0.8448048830032349
-0.6020535230636597
-0.15848633646965027
-0.3567327558994293
-0.6989327073097229
-1.2617762088775635
-0.2609580159187317
-0.15585829317569733
-0.512799859046936
-0.5459927916526794
0.11362666636705399
0.15164174139499664
0.17595668137073517
-0.41196632385253906
-0.40262654423713684
0.003231333801522851
-0.5100018978118896
-0.30850058794021606
-0.17623868584632874
-0.4363154172897339
-0.8823515176773071
-1.3763867616653442
-0.25008171796798706
0.12411960959434509
-0.035189270973205566
-0.2608945071697235
-0.09271913766860962
0.2267128974199295
0.394159197807312
-0.17836517095565796
-0.4178876280784607
-0.18135027587413788
-0.7426287531852722
-0.6949440836906433
-0.5283271074295044
-0.6967750191688538
-0.853192150592804
-1.3699642419815063
-0.4852243661880493
-0.1720743030309677
-0.4416519105434418
-0.535267174243927
-0.2505534291267395
0.018213434144854546
-0.08834276348352432
-0.31129658222198486
-0.34557294845581055
-0.4361070990562439
-0.5822225213050842
-0.2326553463935852
-0.3594490885734558
-0.3548869490623474
-0.288137286901474
-0.9753674268722534
-0.02360539324581623
0.2699504792690277
-0.3013371229171753
-0.35369324684143066
-0.0013051684945821762
0.10458764433860779
0.5174638628959656
-0.03928017616271973
-0.5694264769554138
0.1157897561788559
-0.688895046710968
-1.0546972751617432
-0.44091784954071045
-0.5577731728553772
-0.8276140689849854
-1.6988627910614014
-0.4366462230682373
0.1503576636314392
-0.7470746040344238
-0.9554080963134766
-0.1576356589794159
-0.3398977518081665
-1.0163127183914185
-0.7103569507598877
-0.6768083572387695
-0.3054332733154297
-0.8509783148765564
-0.7217267155647278
-0.19845983386039734
-0.18649253249168396
-0.10072061419487
0.37730345129966736
-0.2302020639181137
0.21364372968673706
0.2267313450574875
0.5098133683204651
-0.3141128718852997
-0.03957535699009895
0.03318941220641136
-0.3342788517475128
-0.18837513029575348
-0.37901967763900757
-0.16859592497348785
-0.628982424736023
-0.6872034072875977
-0.45824599266052246
-0.901863157749176
-0.9494057297706604
-0.33572036027908325
-0.4020220637321472
0.15773014724254608
-0.2144375890493393
-0.45777657628059387
-0.36991530656814575
0.20771989226341248
-0.06277086585760117
-0.47962847352027893
-0.4986603558063507
-0.7313550710678101
-1.2950652837753296
-0.4525027573108673
-0.7534011602401733
-1.1107540130615234
-1.813012957572937
-0.591088056564331
-0.4798769950866699
-0.6982503533363342
-0.5620369911193848
-0.06591200083494186
-0.335124671459198
-0.5142084956169128
-0.5573578476905823
-0.48143771290779114
-0.3814728558063507
-0.5667954683303833
-0.3539658486843109
-0.06038852035999298
0.018160857260227203
0.003601525444537401
-0.04702601954340935
0.01153173204511404
0.06617018580436707
0.0015982631593942642
-0.0032521493267267942
0.015243652276694775
-0.0392654724419117
-0.05972978472709656
0.07027263194322586
-0.06173425167798996
0.03253784030675888
3.175602978444658e-05
-0.03157849609851837
0.06911826878786087
4.325115878600627e-05
-0.059404585510492325
-0.053354449570178986
-0.015076542273163795
0.04970330744981766
-0.02284391038119793
-0.010369681753218174
-0.010492285713553429
0.039649371057748795
-0.009130681864917278
0.03899494186043739
0.054149944335222244
-0.03366288170218468
0.01377366203814745
0.031430330127477646
0.10433926433324814
0.039784498512744904
-0.010037677362561226
0.0017852801829576492
0.03588014096021652
0.059946220368146896
-0.12322399765253067
0.045557618141174316
0.074824757874012
-0.03394418582320213
0.04538312554359436
0.029195314273238182
-0.06433895230293274
0.09319013357162476
0.03783673048019409
0.0038126904983073473
0.41194990277290344
0.1942286640405655
0.8072404265403748
1.312029480934143
0.27987563610076904
-0.2202652245759964
-0.3528844714164734
1.1036936044692993
0.21708233654499054
-0.28155577182769775
-0.23178145289421082
0.5298059582710266
0.5650877356529236
0.2412276268005371
0.6443709135055542
0.6826460361480713
0.08309157192707062
0.13733749091625214
-0.0037872332613915205
0.13120217621326447
0.03682659938931465
-0.2183365672826767
-0.4787009656429291
-0.4770536422729492
0.2688906192779541
-0.191029354929924
-0.2957761883735657
-0.2700554430484772
0.3469756543636322
0.07051346451044083
0.19582873582839966
0.4730694890022278
-0.09898373484611511
0.019480597227811813
0.28297650814056396
0.24401763081550598
-0.08926990628242493
-0.01493971236050129
0.1663609743118286
-0.2423604130744934
-0.21895797550678253
-0.18674573302268982
-0.5423494577407837
-0.2281583994626999
0.10242334008216858
0.12779809534549713
0.10419920086860657
0.09021911025047302
0.0033842904958873987
0.01573406346142292
0.0072971913032233715
-0.05698695406317711
9.460409637540579e-05
-0.0589466355741024
-0.0049291648901999
-0.001343894749879837
0.004157025367021561
0.029223289340734482
0.013458526693284512
0.049945980310440063
0.051860079169273376
0.014965715818107128
0.003288483712822199
0.050097957253456116
0.008416363969445229
-0.1168360635638237
-0.10628881305456161
-0.0005540540441870689
-0.08451812714338303
-0.3348495662212372
0.13111764192581177
-0.1223120242357254
0.17232313752174377
0.026807501912117004
0.2546634376049042
0.14419858157634735
0.5920250415802002
0.2965191900730133
0.7942708134651184
1.1566712856292725
0.38481032848358154
0.3263404369354248
0.6763594150543213
0.9213101267814636
0.4555372893810272
0.3810301125049591
-0.04930775612592697
0.5665889382362366
0.5429872274398804
0.36614346504211426
-0.10474764555692673
0.5156475305557251
1.6183223724365234
0.8788226246833801
0.9089362025260925
1.2430427074432373
0.014635588973760605
-0.0004453072033356875
-0.07159917801618576
-0.05018205940723419
-0.0039123971946537495
0.02638562023639679
-0.0739048570394516
0.10037697851657867
0.03635279834270477
-0.08270923793315887
-0.019603848457336426
-0.06845735758543015
-0.046470481902360916
-0.0652911588549614
-0.01920323073863983
-0.08458459377288818
-0.09383628517389297
0.05843604356050491
0.1976970136165619
-0.021736210212111473
-0.10825075954198837
0.013057799078524113
-0.5857719779014587
-0.1774204522371292
0.2008906900882721
-0.20254653692245483
-0.05903629958629608
-0.35281744599342346
0.5215163230895996
0.28821268677711487
0.5448765754699707
0.8488779664039612
-0.019514402374625206
-0.004574700724333525
-0.025612011551856995
-0.012728971429169178
-0.0014989756746217608
-0.05577202886343002
0.06098935380578041
-0.09133590012788773
0.01285584643483162
0.05140528455376625
0.009012268856167793
-0.01733321323990822
0.014718028716742992
0.09000436961650848
-0.049929697066545486
-0.008974330499768257
0.2967601716518402
0.3741760551929474
0.33754095435142517
0.8295494914054871
0.12173188477754593
-0.13941818475723267
-0.23542672395706177
0.4355681538581848
0.21378910541534424
-0.4893125295639038
-0.25282058119773865
0.34642577171325684
0.48007848858833313
0.07050113379955292
0.34917259216308594
0.6447020769119263
0.0032799120526760817
0.015123064629733562
-0.012148063629865646
0.026238558813929558
0.03746652230620384
0.0028726584278047085
-0.04030126705765724
-0.07554017752408981
-0.006136707030236721
-0.019551949575543404
0.04351793974637985
0.08457157760858536
-0.029377954080700874
-0.006724064704030752
0.04940370097756386
0.03326607123017311
0.4599592685699463
0.49828776717185974
0.6695173382759094
1.4037014245986938
0.38091108202934265
0.12616769969463348
-0.21718785166740417
0.17009346187114716
0.08939210325479507
0.1716301292181015
-0.18963968753814697
0.33093488216400146
0.6751498579978943
0.23913760483264923
0.5322255492210388
0.39157989621162415
0.33940187096595764
0.5533746480941772
0.3305806517601013
0.8733137845993042
0.15843389928340912
0.0856146514415741
-0.37207114696502686
-0.10864678025245667
0.21467235684394836
0.04407498612999916
-0.27915284037590027
-0.2423345148563385
0.48008325695991516
0.0809810608625412
0.6673961281776428
0.8252627849578857
0.1972021609544754
0.35351747274398804
0.44856011867523193
1.1394293308258057
0.3089982867240906
-0.10800874978303909
0.1770002692937851
-0.08910167217254639
0.1250312477350235
0.20949171483516693
-0.2830544710159302
0.308432400226593
0.5322416424751282
0.521848201751709
0.4965873658657074
1.0098880529403687
-0.022060507908463478
-0.006596433464437723
-0.016859613358974457
0.008976073935627937
0.02985464595258236
0.05518773943185806
0.003920243587344885
0.06747116148471832
-0.03178046643733978
0.04335974529385567
-0.05928323045372963
-0.01586858369410038
0.03387622907757759
0.014004259370267391
0.015032995492219925
-0.002574478043243289
0.3644568622112274
0.28276973962783813
0.7064149975776672
0.8182326555252075
0.3391861319541931
-0.150813490152359
-0.18063129484653473
0.06102926284074783
0.12802396714687347
0.2553074359893799
-0.31929609179496765
0.04965520650148392
0.6136273741722107
0.07939273864030838
0.6267592906951904
0.7996734976768494
0.09720433503389359
0.40517717599868774
0.10095827281475067
0.4526762068271637
0.24510955810546875
-0.016046641394495964
0.10434631258249283
-0.05227930098772049
-0.46016252040863037
-0.15389569103717804
-0.41401466727256775
0.01783256232738495
-0.249007448554039
-0.183663472533226
-0.06534914672374725
0.19177453219890594
0.10499727725982666
0.13252148032188416
-0.21235372126102448
-0.022808590903878212
-0.21003609895706177
-0.13069458305835724
-0.331660658121109
0.18000227212905884
-0.07497476786375046
-0.03960327431559563
0.0024733589962124825
0.08174414187669754
-0.10793442279100418
-0.06218515336513519
0.14950506389141083
0.16471408307552338
-0.08559667319059372
0.02738484926521778
-0.03774094954133034
0.013917786069214344
0.06191161274909973
-0.005099309142678976
-0.0017323411302641034
0.010246926918625832
0.013732563704252243
-0.028363745659589767
0.026018638163805008
-0.07749416679143906
-0.05338168516755104
-0.0431220605969429
-0.0715465322136879
0.0050102416425943375
0.07062724977731705
0.26041585206985474
0.478007435798645
0.2101401686668396
-0.07771081477403641
-0.1701275110244751
-0.4291117191314697
0.07275866717100143
0.49612006545066833
-0.1467074602842331
-0.20132754743099213
0.0814916118979454
0.24567803740501404
0.5777795910835266
0.7708070278167725
1.126888632774353
0.48518022894859314
0.683337390422821
0.6081382632255554
1.0454710721969604
0.3007620573043823
-0.2461739331483841
-0.36963096261024475
0.7137743234634399
0.17017780244350433
-0.1634608954191208
-0.41393202543258667
0.20934148132801056
0.49113550782203674
0.12106868624687195
0.43732428550720215
0.5719292759895325
0.03155899792909622
0.30985864996910095
0.4479796886444092
0.9061359167098999
0.2568871080875397
-0.035211797803640366
0.36022332310676575
-0.031161250546574593
-0.20919407904148102
-0.07867369800806046
-0.37449753284454346
-0.1518746167421341
0.20201314985752106
-0.18299531936645508
0.1819978505373001
-0.08199981600046158
0.04361535236239433
0.36699527502059937
0.7093899250030518
0.9561576247215271
0.043416257947683334
-0.19409552216529846
-0.01112035010010004
0.05598064139485359
-0.3668353259563446
-0.07480066269636154
-0.38592222332954407
-0.30625978112220764
0.23930221796035767
-0.08087405562400818
0.2962603271007538
0.0543108768761158
0.5137029886245728
0.5763564705848694
0.5953735113143921
1.0002342462539673
0.401511013507843
0.10828277468681335
0.007640963885933161
0.20326977968215942
0.2536916136741638
-0.26979488134384155
-0.33274680376052856
0.10488275438547134
0.28474876284599304
0.14724324643611908
0.20565712451934814
0.3300304710865021
0.20640455186367035
0.06292116641998291
-0.030183009803295135
0.7424712777137756
-0.01997355930507183
-0.23404766619205475
-0.14971719682216644
0.15107159316539764
0.21357497572898865
-0.27289241552352905
-0.44269973039627075
-0.21566420793533325
0.32028308510780334
0.012248547747731209
0.25001299381256104
0.6889664530754089
0.2717078626155853
0.27591148018836975
0.672990083694458
1.524269938468933
0.3089475929737091
-0.2824806571006775
-0.12907689809799194
0.903527557849884
0.18009214103221893
-0.10678622126579285
0.004548212513327599
0.6228514909744263
0.5560348033905029
0.3387184143066406
0.6821337342262268
0.7299712300300598
0.07098072022199631
0.14564546942710876
-0.11133894324302673
-0.3046148419380188
0.06907270848751068
-0.11597621440887451
-0.013054778799414635
-0.4809158444404602
0.18155275285243988
-0.04439219832420349
0.06244312971830368
0.18055681884288788
0.29215309023857117
0.4473055899143219
0.10319827497005463
0.4123155176639557
0.3881637454032898
0.3852262496948242
0.865791380405426
0.755561351776123
0.27903589606285095
0.018170813098549843
-0.7467020750045776
-0.33673331141471863
0.37079402804374695
0.3229251801967621
-0.30119219422340393
-0.6352464556694031
0.30688321590423584
0.28195101022720337
0.4295470118522644
0.9724702835083008
0.21957239508628845
0.6849652528762817
0.9848273992538452
1.5160446166992188
0.22825883328914642
0.19440212845802307
0.4783015549182892
0.37073516845703125
0.06023508682847023
-0.47026073932647705
0.17752999067306519
0.07200118899345398
0.3709614872932434
0.024281397461891174
0.32680612802505493
0.12137309461832047
0.040298942476511
-0.02969488315284252
0.06498224288225174
0.09765279293060303
0.0012339518871158361
-0.03776407614350319
0.003711136057972908
-0.025431141257286072
-0.00913531519472599
-0.023205092176795006
-0.06451407819986343
-0.027380041778087616
-0.03023236244916916
0.06524160504341125
-0.08707844465970993
0.0001179471510113217
-0.006343272514641285
0.003981112036854029
0.006475846748799086
0.004549594130367041
0.02682151459157467
-0.009199233725667
0.0015380479162558913
0.017600396648049355
0.028139496222138405
0.01332300715148449
0.029977809637784958
-0.01237726490944624
0.012157969176769257
0.016986947506666183
0.05299053713679314
-0.03796263411641121
-0.049020517617464066
0.0229287538677454
0.06027381122112274
0.006128681357949972
-0.046566035598516464
0.03254008665680885
0.03641141206026077
-0.07270635664463043
0.07256902009248734
0.04474915564060211
0.021356122568249702
-0.03712579235434532
0.045501016080379486
-0.03005763329565525
-0.04157945513725281
0.02815472148358822
0.4937078058719635
0.3270231783390045
0.433245986700058
1.1113379001617432
0.24489279091358185
-0.02423088066279888
-0.8080293536186218
0.9331364035606384
0.05981897935271263
-0.12419169396162033
-0.15476244688034058
0.5813502669334412
0.6281702518463135
0.396290123462677
0.6061714291572571
0.7564495801925659
0.17384684085845947
0.06181574612855911
0.06164262816309929
-0.015899155288934708
-0.1857070028781891
-0.23566506803035736
-0.46700596809387207
-0.6439282894134521
0.19914039969444275
-0.24722276628017426
-0.33153676986694336
-0.26278558373451233
0.3350607454776764
0.1951974481344223
0.30020153522491455
0.5195488333702087
0.023048685863614082
0.015448632650077343
0.09998317807912827
0.14700214564800262
-0.047399330884218216
0.07731799781322479
0.21876181662082672
-0.18935459852218628
-0.228309765458107
-0.08504178375005722
-0.4511611759662628
-0.22940866649150848
0.1072980985045433
0.08930497616529465
0.24246712028980255
0.12039291113615036
-0.04105374217033386
-0.0411829873919487
0.02581687457859516
-0.09412715584039688
-0.06110754981637001
-0.09362497925758362
-0.012378442101180553
-0.09970113635063171
0.054429829120635986
-0.014272665604948997
0.057798732072114944
0.00859579537063837
-0.03034272789955139
-0.012227652594447136
-0.03754033148288727
0.016026129946112633
0.1127256229519844
0.0657537579536438
-0.3545013964176178
-0.1466543972492218
-0.249253049492836
-0.31118282675743103
0.3524579703807831
-0.1784820705652237
0.2211606353521347
-0.016318978741765022
0.42754948139190674
-0.0481443889439106
0.5957931876182556
0.3811996877193451
0.7853686809539795
1.0865575075149536
0.6434565782546997
0.4888225495815277
0.4933434724807739
0.8178204894065857
0.8219793438911438
0.26084139943122864
-0.05814593285322189
0.3851991891860962
0.8151596784591675
0.25666216015815735
-0.06857972592115402
0.4144176244735718
1.3062396049499512
0.9709110260009766
1.0989052057266235
1.2659714221954346
0.053853634744882584
0.015293106436729431
-0.014689899049699306
-0.007424038369208574
-0.009046049788594246
0.014371183700859547
-0.06186389550566673
0.000365079496987164
0.0330742672085762
-0.049709901213645935
-0.00018005534366238862
0.0235021710395813
-0.024973582476377487
0.014626670628786087
-0.016652507707476616
-0.016978103667497635
0.09734324365854263
0.25264137983322144
-0.14238236844539642
-0.15881837904453278
-0.010139206424355507
-0.12467993795871735
-0.43778860569000244
-0.40982991456985474
0.07690246403217316
-0.24099227786064148
-0.0066172839142382145
-0.4111485779285431
0.26518943905830383
0.2822839617729187
0.6114089488983154
0.9613142013549805
0.059670865535736084
-0.03642180189490318
0.0014430771116167307
0.05367296189069748
-0.05693976581096649
-0.036925915628671646
-0.038398634642362595
-0.07292700558900833
-0.05372963473200798
-0.08056624233722687
0.01976102404296398
0.00225143413990736
0.05682961270213127
-0.011462039314210415
-0.028640082105994225
0.09183799475431442
0.33539319038391113
0.39403030276298523
0.5282853245735168
0.5073339343070984
0.12822577357292175
-0.1617351770401001
-0.8105716705322266
0.21081601083278656
0.11889685690402985
-0.5528843998908997
-0.09754259139299393
0.2062486708164215
0.48791706562042236
0.37632596492767334
0.28726494312286377
0.6194939613342285
-0.02889149822294712
0.03655432164669037
0.011356091126799583
-0.000260646891547367
0.01533892098814249
-0.003590375417843461
-0.04284736141562462
-0.022256003692746162
0.08558417111635208
0.05512865260243416
0.018307533115148544
0.08296061307191849
-0.05502631515264511
0.02357570081949234
-0.05743401125073433
-0.015523876063525677
0.5972918272018433
0.609697699546814
0.6659377813339233
1.2018827199935913
0.508143424987793
0.16479673981666565
-0.8265836238861084
0.00378681649453938
0.19889603555202484
0.11286323517560959
0.037399664521217346
0.009841032326221466
0.6052036285400391
0.2399097979068756
0.48098230361938477
0.49695685505867004
0.4626587927341461
0.5901418328285217
0.19923320412635803
0.7733834385871887
0.027588937431573868
0.12399257719516754
-0.5506134033203125
-0.11322792619466782
0.13332195580005646
-0.012585563585162163
-0.2741052806377411
-0.23974712193012238
0.5584774017333984
0.06336016952991486
0.773779571056366
0.8598470687866211
0.4623224139213562
0.44243133068084717
0.22777995467185974
0.839938759803772
0.22711297869682312
0.008810979314148426
0.10611121356487274
-0.2129247933626175
0.3213123679161072
0.2768453359603882
-0.07328686118125916
0.02467123232781887
0.4150659739971161
0.3831605613231659
0.56474769115448
0.9848763346672058
0.010052967816591263
0.06389650702476501
-0.010755136609077454
0.07180469483137131
-0.052296314388513565
-0.018500011414289474
-0.027949878945946693
-0.01274202112108469
0.014009746722877026
-0.012282334268093109
0.04745011031627655
0.003942679148167372
0.020138688385486603
-0.04162662848830223
0.06679923087358475
0.05298878252506256
0.5398114919662476
0.49148014187812805
0.442879319190979
0.6901554465293884
0.448962539434433
-0.027916058897972107
-0.16349834203720093
-0.13421672582626343
0.22810456156730652
0.12475331872701645
-0.24929986894130707
-0.03898526728153229
0.5809707641601562
0.05948478356003761
0.6779710650444031
0.7994570136070251
0.09794400632381439
0.3723515272140503
-0.07999621331691742
0.4465824067592621
0.17175915837287903
0.07660096883773804
-0.5237092971801758
-0.21005766093730927
-0.5921568870544434
-0.18742859363555908
-0.1684824377298355
0.09176400303840637
-0.17812448740005493
-0.12126678973436356
-0.06438857316970825
0.2300139218568802
0.08336517214775085
0.12255933880805969
-0.15672245621681213
-0.0072855642065405846
-0.31103676557540894
-0.05625966936349869
-0.4707704782485962
0.31061437726020813
-0.24189111590385437
-0.01576223038136959
0.10144047439098358
0.07340821623802185
-0.11278477311134338
0.03684272617101669
0.035534944385290146
0.0750194638967514
-0.07705207914113998
-0.03366044536232948
-0.020944269374012947
-0.04278095066547394
0.023249339312314987
-0.04570820927619934
0.016153939068317413
-0.0224098339676857
-0.012336698360741138
-0.07253523916006088
-0.1272258311510086
0.04714867100119591
0.04211396351456642
0.09219186753034592
-0.09848999977111816
0.02814413234591484
0.42133262753486633
0.286612331867218
-0.006987797562032938
-0.0023499957751482725
0.27906668186187744
-0.13027943670749664
-0.352968692779541
-0.09675972908735275
0.48038390278816223
-0.15629829466342926
-0.08147689700126648
0.06887590140104294
0.12361089140176773
0.5131503343582153
0.9329245686531067
1.1181384325027466
0.5451174974441528
0.7556471824645996
0.20746225118637085
0.9298350214958191
0.1279722899198532
0.11435022205114365
-0.8025173544883728
0.673065721988678
0.04348751902580261
-0.11018574237823486
-0.33476975560188293
0.3764200210571289
0.48781445622444153
0.36982983350753784
0.4094912111759186
0.55758136510849
0.07660336792469025
0.3266162574291229
0.3879036009311676
0.7364333868026733
0.10917288810014725
0.10445546358823776
-0.21128827333450317
-0.011058561503887177
-0.26536983251571655
-0.0460115447640419
-0.38445451855659485
-0.15896904468536377
0.14469864964485168
-0.2519397437572479
0.28350210189819336
-0.044152453541755676
0.13469313085079193
0.4870053231716156
0.6065389513969421
0.7611109614372253
0.1141337975859642
0.020444096997380257
-0.3967178761959076
-0.16107375919818878
-0.24864131212234497
-0.14429953694343567
-0.2784406542778015
-0.24657756090164185
0.2165059745311737
-0.20361073315143585
0.358176589012146
0.1365632563829422
0.49807488918304443
0.5265108942985535
0.6632120609283447
1.0600801706314087
0.4765031337738037
0.169739231467247
-0.575056791305542
0.09092698246240616
0.01311978604644537
-0.3066748082637787
-0.25952979922294617
0.22400890290737152
0.2823474705219269
0.3755688965320587
0.24726003408432007
0.2931169867515564
0.2869458496570587
0.19768400490283966
-0.30540043115615845
0.6535584926605225
-0.15737062692642212
-0.3466965854167938
-0.26138293743133545
-0.04007911682128906
0.05346295237541199
-0.3948284089565277
-0.17250041663646698
-0.10800420492887497
0.33867326378822327
0.04816610366106033
0.3813553750514984
0.6213290095329285
0.4002718925476074
0.30352339148521423
0.41835686564445496
1.2838419675827026
0.32576629519462585
-0.22841261327266693
-0.5686689615249634
0.786264955997467
-0.004045398440212011
-0.0012318595545366406
-0.09607507288455963
0.4881933331489563
0.5249868631362915
0.5313616991043091
0.6393834948539734
0.6907927989959717
0.03437304124236107
0.16765853762626648
-0.17037610709667206
-0.452884703874588
0.1758473962545395
-0.2722305953502655
-0.10910212993621826
-0.38441187143325806
-0.015503325499594212
-0.051281265914440155
0.20232322812080383
0.14572179317474365
0.27089089155197144
0.4099818468093872
0.0893080085515976
0.3626459538936615
0.6825205683708191
0.38803690671920776
0.615524172782898
0.46549084782600403
0.4767201244831085
0.03639673814177513
-0.5895164012908936
-0.8107497692108154
0.37055671215057373
0.31652596592903137
-0.20413972437381744
-0.6229709982872009
0.17330609261989594
0.37917837500572205
0.5505537390708923
0.9408764839172363
0.35283926129341125
0.6444453597068787
0.9904918074607849
1.2605009078979492
0.21726661920547485
0.2466072291135788
-0.15857800841331482
0.27222540974617004
0.01726270467042923
-0.37820640206336975
0.35232189297676086
0.0802786722779274
0.44909486174583435
0.14114795625209808
0.4308476448059082
0.11531144380569458
0.041624344885349274
-0.05444224178791046
-0.020498257130384445
0.0985613539814949
0.03316204994916916
-0.09485185891389847
0.00717712240293622
-0.05685167759656906
0.052299510687589645
-0.03103949874639511
-0.07171758264303207
0.04638156667351723
0.04347653687000275
0.042419932782649994
0.0012763713020831347
-0.007458580657839775
-0.006549123674631119
0.015171361155807972
0.003834512084722519
-0.09544728696346283
0.0010711527429521084
-0.04812611639499664
-0.06122898682951927
-0.05399026349186897
0.050120335072278976
0.05995948240160942
0.011775045655667782
-0.0017132264329120517
-0.040755126625299454
0.03713453561067581
0.04965934902429581
-0.023692697286605835
0.04077496379613876
-0.06438424438238144
-0.03686462715268135
0.004852043464779854
0.007920198142528534
0.04788585752248764
-0.015693938359618187
-0.013234465382993221
-0.07707933336496353
0.07214273512363434
-0.0427585132420063
0.07228824496269226
-0.027706323191523552
0.00990218110382557
-0.01481311023235321
-0.004465974401682615
0.4721495509147644
0.1931072324514389
0.9267104268074036
1.4135010242462158
0.17968393862247467
-0.1143098920583725
-0.02860315702855587
1.0523457527160645
0.05865861102938652
-0.05673670768737793
-0.2142598032951355
0.5594114661216736
0.48927608132362366
0.4678240418434143
0.529150664806366
0.7499910593032837
0.11465318500995636
0.07973521947860718
0.03752952814102173
0.2652365565299988
-0.08705390244722366
-0.20391836762428284
-0.45660313963890076
-0.5116974711418152
0.18999922275543213
-0.2248658835887909
-0.2790364921092987
-0.2933450937271118
0.45403483510017395
0.039335403591394424
0.3120504915714264
0.47175002098083496
-0.08722809702157974
0.03785347938537598
0.22270481288433075
0.2831313908100128
-0.16713328659534454
0.07544904202222824
0.1264631599187851
-0.07108068466186523
-0.17280806601047516
-0.1970769315958023
-0.514353334903717
-0.30579498410224915
0.06695062667131424
0.07653898000717163
0.2893073558807373
0.11673447489738464
-0.016674919053912163
0.10836847871541977
-0.06804751604795456
-0.07028981298208237
-0.022769974544644356
-0.012610622681677341
-0.08411137014627457
-0.05188673362135887
-0.022532423958182335
0.047920580953359604
-0.04806368052959442
0.03233662247657776
0.03282150626182556
-0.05886352062225342
-0.002488436410203576
0.015972208231687546
0.02848084084689617
-0.10279174894094467
-0.19011984765529633
-0.004650096874684095
-0.286361426115036
-0.3306526839733124
0.31936267018318176
-0.2334470897912979
0.04410669952630997
0.012838018126785755
0.3618670701980591
-0.04694649204611778
0.687843382358551
0.36556485295295715
0.8260908126831055
1.1740856170654297
0.5470463633537292
0.5037029385566711
0.6219243407249451
0.9038848280906677
0.5210406184196472
0.32985666394233704
0.05970238149166107
0.6914882063865662
0.5052487850189209
0.19361557066440582
-0.02198416367173195
0.3016819953918457
1.82987642288208
0.8794055581092834
1.1037158966064453
1.2998582124710083
-0.028230134397745132
-0.0022227636072784662
0.012125127948820591
-0.04087068885564804
-0.013338432647287846
-0.05208372697234154
0.00432043569162488
-0.021359652280807495
0.007163850590586662
-0.05541321635246277
-0.010726870968937874
0.018556183204054832
0.037086907774209976
-0.16296055912971497
0.02553997002542019
-0.019523300230503082
-0.09241946041584015
0.22887754440307617
0.2941571772098541
-0.020808812230825424
-0.07503145188093185
-0.05716393515467644
-0.43648290634155273
-0.21270644664764404
0.11876334995031357
-0.23995304107666016
0.07014696300029755
-0.41599082946777344
0.45111319422721863
0.24477919936180115
0.536709189414978
0.9263685345649719
0.05387027934193611
-0.007289515808224678
-0.029375366866588593
0.004446434322744608
-0.05693785101175308
-0.046579036861658096
0.02477460540831089
0.03808055445551872
-0.0046851010993123055
0.029481885954737663
-0.021455781534314156
-0.01385999470949173
0.01965574361383915
0.01969050243496895
-0.0826156735420227
0.00020021814270876348
0.18806536495685577
0.4976049065589905
0.4599795937538147
0.8063912987709045
0.1916474848985672
-0.1607956439256668
0.053860705345869064
0.35379377007484436
0.045117221772670746
-0.5561568737030029
-0.18288294970989227
0.31845077872276306
0.44974008202552795
0.313863068819046
0.31476300954818726
0.6224462985992432
0.04612432047724724
-0.027863699942827225
0.04109077528119087
-0.006593616213649511
-0.03149832412600517
-0.009167902171611786
0.012153545394539833
0.018327530473470688
-0.06459920853376389
-0.07654286175966263
0.012828298844397068
-0.02080780640244484
-0.08000997453927994
0.006973505951464176
-0.051217950880527496
0.007282501086592674
0.7598057985305786
0.5929453372955322
0.7005138993263245
1.4957541227340698
0.30887752771377563
0.19198015332221985
-0.24374905228614807
0.18198569118976593
0.03395938128232956
0.01458427682518959
-0.01791994832456112
0.20100948214530945
0.5840665698051453
0.32410818338394165
0.5114920139312744
0.4800475239753723
0.48410919308662415
0.5041147470474243
0.4510047733783722
0.8692581653594971
0.005774409044533968
0.14369168877601624
-0.16464732587337494
0.08204764872789383
0.07438965141773224
0.011929655447602272
-0.24025365710258484
-0.30554336309432983
0.5872553586959839
0.1652149260044098
0.7370905876159668
0.7859341502189636
0.40137314796447754
0.3521633744239807
0.47863543033599854
1.3001549243927002
0.24684032797813416
-0.03972892090678215
0.2110529989004135
-0.12963168323040009
0.21686741709709167
0.1258118748664856
-0.1183161586523056
0.05396272614598274
0.602445125579834
0.38412001729011536
0.5912073254585266
0.931521475315094
-0.07187996059656143
-0.04043574258685112
-0.08065719902515411
-0.06119630113244057
-0.007427985314279795
0.02698701061308384
-0.01118518691509962
0.022344667464494705
0.034168366342782974
0.027447400614619255
-0.07149673998355865
-0.05843975022435188
-0.010365373454988003
-0.0976044088602066
0.06096218153834343
0.010870135389268398
0.594236433506012
0.4310430586338043
0.8496819138526917
0.9096329808235168
0.41502416133880615
-0.013412878848612309
-0.03319475054740906
0.07009395956993103
0.28113266825675964
0.026092825457453728
-0.26964259147644043
-0.13131901621818542
0.5924339890480042
0.16547606885433197
0.6628924608230591
0.7843484878540039
0.11710597574710846
0.4297308623790741
0.05694006383419037
0.4203427731990814
0.14843961596488953
-0.05916482210159302
0.2747199535369873
-0.08725424110889435
-0.5340743660926819
-0.15623195469379425
-0.2870601415634155
0.20740781724452972
-0.18973389267921448
-0.07978251576423645
0.06743600964546204
0.1567821502685547
0.11141268908977509
0.14877359569072723
-0.1298353374004364
-0.05538589879870415
-0.25924739241600037
-0.08544143289327621
-0.2448817938566208
0.18594440817832947
-0.13115482032299042
0.06174083054065704
0.029817208647727966
0.05219335854053497
-0.16470210254192352
-0.012288961559534073
0.15270303189754486
0.0244602020829916
0.01773776113986969
-0.037986159324645996
-0.007799291983246803
-0.044129256159067154
-0.019338907673954964
0.0696808323264122
-0.07525012642145157
0.039879538118839264
0.11801177263259888
0.010943271219730377
0.034360405057668686
-0.007503466680645943
0.014555463567376137
0.003641582792624831
-0.00562992924824357
0.08769801259040833
0.1358518749475479
0.22112779319286346
0.3499165177345276
0.39936357736587524
0.04016212746500969
-0.29603177309036255
-0.2546049952507019
-0.10112521797418594
0.34921205043792725
-0.019111767411231995
-0.0422549843788147
0.10217264294624329
0.2778171896934509
0.5571804046630859
0.8729346990585327
1.0546103715896606
0.5725604295730591
0.5434878468513489
0.643807590007782
0.9860545992851257
0.24229785799980164
-0.030776023864746094
-0.07663585245609283
0.7231276631355286
0.009698880836367607
-0.030960923060774803
-0.32378366589546204
0.41507279872894287
0.5247749090194702
0.4116716682910919
0.42946621775627136
0.6343673467636108
0.031785089522600174
0.34044820070266724
0.44308650493621826
0.9120214581489563
0.12232618778944016
0.12759867310523987
0.3022710680961609
0.1415635347366333
-0.33763033151626587
-0.150539830327034
-0.39979082345962524
-0.17287978529930115
0.12382158637046814
-0.21544459462165833
0.2890457510948181
-0.07978735119104385
0.18192079663276672
0.5114293098449707
0.5849537253379822
0.952078104019165
-0.06471855938434601
-0.043479073792696
0.0545172356069088
-0.009364673867821693
-0.30422526597976685
-0.26544222235679626
-0.46809321641921997
-0.38287755846977234
0.19788968563079834
-0.1487852782011032
0.3122185170650482
0.10639327764511108
0.48936814069747925
0.5075703263282776
0.6259429454803467
1.029405117034912
0.4455161392688751
-0.04136482626199722
0.27982833981513977
0.3925884962081909
0.02550698257982731
-0.17807655036449432
-0.2957157492637634
0.16794709861278534
0.29420793056488037
0.36060935258865356
0.3053715229034424
0.3371587097644806
0.20467877388000488
0.10880673676729202
0.026455089449882507
0.8335993885993958
-0.26097649335861206
-0.37225040793418884
0.008016462437808514
0.1388207972049713
-0.03289010748267174
-0.2640298902988434
-0.3034406304359436
-0.270444393157959
0.350138783454895
0.00022441917099058628
0.45099198818206787
0.5592172741889954
0.3553549647331238
0.2904171347618103
0.7763451337814331
1.5768709182739258
0.23735171556472778
-0.3139004707336426
0.1695319265127182
0.940193772315979
-0.0057700807228684425
-0.032346636056900024
-0.07626686990261078
0.5268111824989319
0.48087278008461
0.5498584508895874
0.6450107097625732
0.6885308027267456
0.04998769611120224
0.1345939189195633
-0.14507217705249786
-0.086344875395298
0.11161144077777863
-0.304238885641098
0.06248711422085762
-0.4455099403858185
0.23764416575431824
-0.1078953966498375
0.21102069318294525
0.15535035729408264
0.282714307308197
0.4171885550022125
-0.0019508086843416095
0.47239425778388977
0.6028130054473877
0.47700589895248413
0.8098069429397583
0.8682029843330383
0.18804451823234558
0.0574478842318058
-0.6693618893623352
-0.6078331470489502
0.285399466753006
0.1487240195274353
-0.3177150785923004
-0.5514041185379028
0.41816970705986023
0.37858590483665466
0.6002682447433472
1.0505805015563965
0.27448770403862
0.6760663390159607
0.914696216583252
1.4643880128860474
0.28166893124580383
0.22278839349746704
0.5545230507850647
0.5510803461074829
-0.11691758036613464
-0.3909006118774414
0.2558301091194153
0.008619965054094791
0.28493720293045044
0.14259380102157593
0.36432215571403503
0.1420278549194336
-0.04829215258359909
-0.039267562329769135
-0.024684499949216843
-0.005745009984821081
-0.008815091103315353
-0.01691379025578499
0.07713542878627777
-0.013041086494922638
0.05362869054079056
0.018513068556785583
0.03346015885472298
-0.053111255168914795
0.015262349508702755
0.05587190389633179
0.06409861892461777
0.04476826637983322
-0.011919504031538963
-0.04739711061120033
0.06642230600118637
0.0004838893946725875
0.06223107501864433
-0.04033173993229866
0.019231775775551796
-0.05459960922598839
0.029532162472605705
-0.048272185027599335
-0.029665179550647736
0.09690046310424805
-0.03773407265543938
-0.01128561794757843
0.015488970093429089
-0.006198327522724867
0.05199700966477394
-0.02164119854569435
0.02148180641233921
0.03176408261060715
0.015372228808701038
0.05687738582491875
-0.052602969110012054
-0.018648939207196236
-0.03722552955150604
-0.015955233946442604
-0.05997594818472862
0.017854388803243637
0.054337549954652786
-0.02341855689883232
-0.025977259501814842
-0.00425085611641407
0.3661497235298157
0.21919453144073486
0.8519198298454285
1.4004607200622559
0.4911770522594452
-0.21281418204307556
0.1793653666973114
0.9746246337890625
0.28693437576293945
-0.08795737475156784
0.5336716771125793
0.7058444619178772
0.5261270999908447
0.2840794324874878
0.736869752407074
0.7014096975326538
0.12853659689426422
0.1766262948513031
-0.1125396117568016
0.2461155503988266
-0.010714950039982796
-0.10689199715852737
-0.7090198397636414
-0.3537940979003906
0.24188359081745148
-0.146876260638237
-0.05488263815641403
-0.2872830331325531
0.4298171103000641
0.09840448200702667
0.11270823329687119
0.5007960200309753
-0.03339025378227234
0.008050916716456413
0.3128945827484131
0.3017101585865021
-0.10753121972084045
0.07431072741746902
-0.10427015274763107
-0.018048277124762535
-0.16568207740783691
0.21532025933265686
-0.6978892087936401
-0.2628903090953827
0.02153073437511921
0.05427958443760872
0.2403496950864792
0.19247204065322876
-0.03564887493848801
-0.02277621440589428
-0.038703951984643936
-0.06375889480113983
0.08706110715866089
0.029547030106186867
0.017846429720520973
-0.03322533518075943
-0.00653179781511426
0.007474488578736782
0.09040641784667969
-0.03937465697526932
0.059768181294202805
-0.03831436112523079
-0.04202526807785034
0.03715702146291733
0.06927681714296341
-0.03237468749284744
-0.021781325340270996
0.03376529738306999
-0.05627867579460144
-0.03566490486264229
0.3315066397190094
-0.06659124046564102
0.19897319376468658
0.23585234582424164
0.2667028605937958
0.008754832670092583
0.5543360710144043
0.36289843916893005
0.7149550914764404
1.1259775161743164
0.5930999517440796
0.4967898726463318
0.5232260227203369
1.284539818763733
0.8585222959518433
0.41815030574798584
0.12484543770551682
1.3304214477539062
0.7603500485420227
0.39772576093673706
-0.10036654770374298
1.00542414188385
1.3302782773971558
0.9946082234382629
1.0363142490386963
1.373253583908081
0.002962464699521661
-0.012301530689001083
-0.014063947834074497
-0.05780252441763878
0.03537443280220032
0.040856145322322845
0.024041797965765
0.02524738758802414
-0.054255641996860504
-0.07341963797807693
0.005370673723518848
0.02149059809744358
0.003956763539463282
0.018538568168878555
-0.021227996796369553
-0.03184113651514053
-0.010712782852351665
0.2001631110906601
0.12151288986206055
0.1985856294631958
0.09231224656105042
0.21709971129894257
-0.5602899789810181
-0.07104678452014923
0.18300673365592957
0.06551491469144821
-0.10417820513248444
-0.2914142310619354
0.3564504384994507
0.3369133770465851
0.536614716053009
0.8831440806388855
-0.05010616406798363
0.019519418478012085
0.02172928862273693
0.002782868454232812
-0.06222446262836456
0.018557066097855568
0.058063656091690063
0.007194179575890303
0.023046426475048065
-0.10040266066789627
0.011557117104530334
-0.07289483398199081
-0.015628160908818245
0.03260544314980507
-0.019122162833809853
-0.03355126827955246
0.3032791316509247
0.4908381998538971
0.2063068002462387
1.0594924688339233
0.22074107825756073
0.01851329393684864
-0.008371951058506966
0.6685929298400879
0.2939658463001251
-0.21307557821273804
0.2641194760799408
0.37589046359062195
0.459005206823349
0.21789124608039856
0.3245945870876312
0.5327461361885071
-0.038820527493953705
0.05167136713862419
-0.10421832650899887
-0.0019123542588204145
-0.04047185182571411
0.011097218841314316
-0.045929085463285446
-0.033684466034173965
-0.05717447027564049
0.04351985082030296
0.019234605133533478
-0.047811947762966156
0.017346134409308434
-0.03234807029366493
0.05378502979874611
-0.08328205347061157
0.6525728702545166
0.6554899215698242
0.6654300689697266
1.5614246129989624
0.48537179827690125
0.06876210123300552
0.028949813917279243
0.4193137288093567
0.4130970239639282
0.17557765543460846
0.16099892556667328
0.6161336302757263
0.5982632040977478
0.3761949837207794
0.5369380712509155
0.6347760558128357
0.48196208477020264
0.5649453997612
0.5116581320762634
0.8051603436470032
0.2151128500699997
-0.21328748762607574
0.30153706669807434
0.05676809698343277
0.2368469089269638
0.03607518970966339
0.004727523773908615
-0.08333326131105423
0.5693627595901489
-0.0040641105733811855
0.7354556918144226
0.737808108329773
0.40819641947746277
0.27077919244766235
0.7388593554496765
1.1918059587478638
0.39359143376350403
-0.024855846539139748
0.575265645980835
0.13089294731616974
0.4958740472793579
0.3091186285018921
-0.0957929864525795
0.6050129532814026
0.5000038146972656
0.6154415011405945
0.4761364459991455
1.2711210250854492
0.030675439164042473
-0.1110309511423111
-0.03204065188765526
-0.03746126592159271
-0.03184664994478226
-0.018954770639538765
-0.023308487609028816
0.0003179266641382128
0.021558605134487152
-0.09855075180530548
0.03899656608700752
0.004038152750581503
0.01290907897055149
-0.0658193901181221
-0.012064884416759014
-0.00827769935131073
0.5751477479934692
0.4532805383205414
0.7404429316520691
1.0545461177825928
0.5983241200447083
-0.005279152188450098
0.3363676965236664
0.5093467235565186
0.34648197889328003
0.36725565791130066
-0.22911565005779266
0.38300496339797974
0.5268054008483887
0.19565027952194214
0.6393694877624512
1.067708969116211
0.09695333987474442
0.43188533186912537
0.1011771485209465
0.4734398126602173
0.197750985622406
-0.10389650613069534
-0.018370626494288445
-0.049302924424409866
-0.23087525367736816
0.04276303946971893
-0.5179334878921509
-0.05321532487869263
-0.1822611689567566
-0.10990716516971588
0.13714729249477386
0.17784930765628815
0.11603519320487976
0.05086769163608551
-0.006364008411765099
-0.031199894845485687
-0.23183409869670868
-0.27084654569625854
-0.4646371006965637
0.1848699152469635
-0.06095673143863678
-0.06350772827863693
0.014933380298316479
0.1328306943178177
-0.13936956226825714
-0.08413800597190857
0.02474057488143444
0.07382047176361084
-0.01772318407893181
0.05324667692184448
-0.045346517115831375
0.018016329035162926
-0.07019539922475815
-0.0433458536863327
0.035964250564575195
-0.03272378072142601
0.03301956132054329
-0.020405998453497887
-0.02403653971850872
0.04737948253750801
0.003241928992792964
0.06888705492019653
-0.010040201246738434
0.08248381316661835
0.428947776556015
0.2080957442522049
0.354078084230423
0.39004525542259216
0.36600977182388306
-0.1691770702600479
-0.05718837305903435
0.219193235039711
0.5135436058044434
0.22171364724636078
0.055074140429496765
0.1513286530971527
0.1856590211391449
0.5715217590332031
0.802038311958313
0.9877607822418213
0.5879550576210022
0.5441455245018005
0.6042532920837402
1.022287368774414
0.42142748832702637
-0.2139502763748169
0.07134618610143661
0.5294094681739807
0.2696702182292938
0.12897516787052155
0.07936979085206985
0.35572507977485657
0.49376723170280457
0.31246304512023926
0.4253753423690796
0.53648841381073
0.07604213058948517
0.31500300765037537
0.46810755133628845
0.9580236673355103
0.10231397300958633
-0.019721444696187973
0.33459556102752686
0.2410692721605301
-0.05459728091955185
-0.058536455035209656
-0.37278255820274353
0.1258031576871872
0.12405281513929367
0.05995931103825569
0.21383073925971985
0.19009004533290863
0.13307730853557587
0.5210656523704529
0.6314185261726379
0.952934980392456
0.1365886777639389
-0.17750638723373413
0.2083086371421814
0.13511613011360168
-0.07207847386598587
-0.0438179150223732
-0.316430926322937
-0.31463533639907837
0.2564862072467804
0.10987859219312668
0.25975000858306885
0.2913625240325928
0.5327672958374023
0.4963681995868683
0.6237068176269531
0.9990063905715942
0.5027675628662109
-0.04079175740480423
0.5112327933311462
0.2509500980377197
0.29004594683647156
-0.05976736173033714
0.0030643963254988194
0.14645399153232574
0.3683316111564636
0.298473596572876
0.26924195885658264
0.29039400815963745
0.2021118700504303
0.1540645807981491
0.14636540412902832
0.8570955991744995
-0.007391664199531078
-0.24736090004444122
0.155308797955513
0.07391661405563354
0.1853887140750885
-0.165080264210701
-0.03930520638823509
-0.056230466812849045
0.3562721312046051
0.04299432411789894
0.18178358674049377
0.7217347621917725
0.34011751413345337
0.2360232174396515
0.7578110098838806
1.5300586223602295
0.4004274308681488
-0.26168814301490784
0.5380140542984009
0.8769380450248718
0.2571824789047241
0.19063259661197662
0.5527651309967041
0.6285983920097351
0.519985556602478
0.45138421654701233
0.7032513618469238
0.6393888592720032
-0.0029479856602847576
0.11537336558103561
-0.20629766583442688
-0.12274761497974396
0.19581708312034607
-0.021492283791303635
0.11562009900808334
-0.5435386896133423
0.1757313311100006
-0.05485958233475685
0.15369394421577454
0.12319056689739227
0.3305266499519348
0.47705963253974915
0.10874946415424347
0.36931148171424866
0.5633542537689209
0.3621351718902588
0.7721097469329834
0.7501716613769531
0.42036086320877075
0.11550837755203247
-0.578322172164917
-0.06277559697628021
0.48825156688690186
0.4910293221473694
-0.30374062061309814
-0.43422931432724
0.24408259987831116
0.4033093750476837
0.4744008183479309
0.9568816423416138
0.31429553031921387
0.640591561794281
0.9506949186325073
1.521321415901184
0.21790523827075958
0.11738795042037964
0.6030824184417725
0.5557295083999634
0.301871120929718
-0.23497889935970306
0.6438554525375366
0.5496651530265808
0.4406554400920868
0.2831306755542755
0.3865610659122467
0.25062036514282227
0.02752070128917694
0.008856376633048058
0.04968844726681709
0.07878842949867249
-0.04324962571263313
0.060427453368902206
0.04034522920846939
-0.02670694887638092
-0.10481052845716476
0.03652001917362213
-0.12097451835870743
-0.07249798625707626
0.05324849486351013
-0.03265039995312691
0.03478330373764038
0.0317310132086277
-0.02710423804819584
-0.02065850980579853
-0.05431688204407692
0.0024754502810537815
0.020831214264035225
0.07418069988489151
-0.08849365264177322
0.0667356625199318
0.0015331924660131335
0.0399751141667366
0.02883448638021946
-0.10863321274518967
0.02519870735704899
0.0604516826570034
-0.0503225214779377
-0.010457371361553669
-0.07933057099580765
-0.023791860789060593
-0.0436343215405941
-0.04707348719239235
-0.010879965499043465
-0.0333453044295311
-0.04498353973031044
0.013653596863150597
0.01534929871559143
0.08067985624074936
-0.014778143726289272
-0.008281121030449867
0.03591490536928177
-0.02979358844459057
-0.00890361424535513
-0.020907815545797348
-0.7035467028617859
-0.6231646537780762
-1.0314388275146484
-1.709242820739746
-0.4672352373600006
-0.20075105130672455
-0.7836822271347046
-0.8719944953918457
-0.2313743233680725
-0.2480623722076416
-0.8223258852958679
-0.6713769435882568
-0.7265432476997375
-0.28325355052948
-1.105554461479187
-0.8092266917228699
-0.21078696846961975
-0.1526821255683899
-0.1305142343044281
-0.2976189851760864
-0.1092640683054924
0.036711376160383224
0.24357721209526062
0.23731696605682373
-0.39375030994415283
0.31865549087524414
0.4539971947669983
0.1423216164112091
-0.12490523606538773
-0.18784749507904053
-0.2929280996322632
-0.9810476899147034
-0.010338051244616508
-0.06649573892354965
-0.39328277111053467
-0.4666411280632019
-0.131523996591568
-0.109477698802948
-0.002010202268138528
0.011203054338693619
0.1342933028936386
-0.08007298409938812
0.5640356540679932
-0.02089761756360531
-0.20081590116024017
-0.062449950724840164
-0.15856993198394775
-0.3268677890300751
-0.026225874200463295
-0.044704217463731766
0.029859347268939018
0.09958194941282272
0.007470303680747747
-0.018721867352724075
-0.0634748712182045
0.10463754832744598
-0.04034128785133362
-0.05427305027842522
0.08610427379608154
0.030256785452365875
-0.011397844180464745
0.019404666498303413
0.03688230738043785
0.0647849589586258
-0.22022968530654907
0.18948626518249512
-0.0758657231926918
-0.37048402428627014
0.1210038959980011
0.17703643441200256
-0.18717296421527863
-0.19672413170337677
-0.2755763530731201
-0.13118097186088562
-0.11075706034898758
-0.17248320579528809
-0.5582448840141296
-0.29567497968673706
-1.095685601234436
-1.2193927764892578
-0.9891084432601929
-0.6457298994064331
-0.7796326279640198
-1.5088168382644653
-0.8010640740394592
-0.4957960546016693
-0.8061087131500244
-1.2439833879470825
-0.8091959953308105
-0.5602186322212219
-0.66178297996521
-1.1523451805114746
-1.6333637237548828
-1.0688178539276123
-1.3440005779266357
-1.6869875192642212
0.0413372777402401
-0.03836805373430252
-0.0007963820826262236
0.06108514219522476
0.004853948950767517
0.012250415049493313
-0.006098393816500902
-0.06289808452129364
0.08325542509555817
-0.05165942758321762
0.1407410353422165
-0.0015124609926715493
-0.0641530305147171
0.007965042255818844
-0.044614966958761215
-0.04652554541826248
-0.23231762647628784
-0.36664706468582153
-0.20076756179332733
-0.42793548107147217
0.0511275976896286
-0.18992732465267181
0.1295214146375656
-0.23434729874134064
-0.30643022060394287
0.09688954055309296
0.08726824820041656
0.14079253375530243
-0.39195045828819275
-0.33421099185943604
-0.7918282151222229
-1.4008451700210571
0.028637273237109184
0.019188832491636276
-0.011104739271104336
-0.08186504989862442
-0.0849272832274437
-0.031239211559295654
-0.003587250364944339
-0.007756606210023165
0.023977885022759438
0.0330670066177845
-0.0013272061478346586
0.08261768519878387
0.06769094616174698
0.03249022364616394
0.02537873201072216
-0.03428634628653526
-0.4527347683906555
-0.6762346029281616
-0.5858921408653259
-1.5059161186218262
-0.3501664102077484
0.004030679818242788
-0.12402506917715073
-0.5782820582389832
-0.30696409940719604
0.12519735097885132
-0.34083330631256104
-0.6865562796592712
-0.3142716586589813
-0.2828792333602905
-0.6685388684272766
-0.9880496263504028
0.07463797181844711
0.06967388093471527
-0.03010101057589054
-0.004699499811977148
-0.010011835023760796
-0.05247144401073456
0.004157182760536671
0.06784457713365555
0.06854796409606934
-0.054387208074331284
0.06447509676218033
0.08586633950471878
-0.017292875796556473
0.0022888544481247663
0.027157746255397797
-0.04095691442489624
-0.8795070648193359
-0.8022382855415344
-0.947320282459259
-1.833168625831604
-0.6338443756103516
-0.24955983459949493
-0.2880181074142456
-0.3662714660167694
-0.2859378755092621
-0.18485060334205627
-0.6022087335586548
-0.7969921827316284
-0.5843047499656677
-0.32111114263534546
-0.9166873693466187
-1.0784709453582764
-0.5132436752319336
-0.558809220790863
-0.8137764930725098
-1.3059375286102295
-0.25397175550460815
-0.013913092203438282
-0.35456112027168274
-0.3603150248527527
-0.2577272653579712
-0.07913866639137268
-0.22249843180179596
-0.35571837425231934
-0.9787379503250122
-0.13370729982852936
-1.1985019445419312
-1.149436354637146
-0.7182219624519348
-0.17866718769073486
-0.9231517910957336
-1.5991768836975098
-0.4823210835456848
-0.16693651676177979
-0.5369381308555603
-0.3751527667045593
-0.4242265820503235
-0.4009617567062378
-0.43406233191490173
-0.8164379000663757
-0.7105525135993958
-0.3991079032421112
-0.878816545009613
-1.414886236190796
0.07557232677936554
0.01534207258373499
0.0446290597319603
0.06623613834381104
-0.08285979926586151
0.026962531730532646
0.019780874252319336
-0.004410413559526205
-0.0360264852643013
-0.002016994636505842
0.06947372108697891
-0.056901972740888596
-0.017715007066726685
0.07340102642774582
0.03313111141324043
-0.06265659630298615
-0.9036301970481873
-0.5936233401298523
-1.0745093822479248
-1.4296467304229736
-0.5423307418823242
-0.10456369072198868
-0.37565916776657104
-0.41520050168037415
-0.2581061124801636
-0.4754432737827301
-0.35618123412132263
-0.6966950297355652
-0.5003421306610107
-0.011355954222381115
-1.1423043012619019
-1.367276668548584
-0.16322287917137146
-0.5655094385147095
-0.3669513761997223
-0.7395829558372498
-0.3939877450466156
-0.08138912916183472
-0.15390171110630035
-0.03901902586221695
0.2984638810157776
0.2716311812400818
-0.05922238901257515
-0.16445225477218628
0.11836016923189163
0.03592590615153313
-0.3245239853858948
-0.1413854956626892
-0.19331614673137665
-0.09877394139766693
0.22493337094783783
-0.06816946715116501
0.15390625596046448
0.09553892910480499
0.3698134124279022
-0.39741775393486023
0.14963862299919128
0.07222246378660202
-0.05013616383075714
-0.05037635564804077
0.06565453857183456
-0.09756432473659515
-0.2091812640428543
-0.1116500273346901
0.009613280184566975
-0.04463595151901245
-0.04168089106678963
0.10201612114906311
-0.005832311697304249
0.04612341895699501
-0.0038801487535238266
0.0070701842196285725
-0.10576315224170685
0.0614442303776741
0.008794721215963364
0.031297001987695694
0.053785599768161774
-0.0462334007024765
-0.032763659954071045
0.07068155705928802
-0.6084305047988892
-0.46655961871147156
-0.5498464107513428
-0.811136782169342
-0.28332796692848206
-0.1271880716085434
-0.0901210755109787
-0.46253007650375366
-0.4202312231063843
-0.008553748019039631
-0.0644315853714943
-0.43996477127075195
-0.3635561168193817
-0.6153684258460999
-0.9804003834724426
-1.5317587852478027
-0.6390876770019531
-0.9067850112915039
-0.8235246539115906
-1.3745503425598145
-0.5375839471817017
-0.11342786252498627
-0.2379007637500763
-0.6412512063980103
-0.15339447557926178
-0.1409606635570526
-0.30531764030456543
-0.37623831629753113
-0.5745230317115784
-0.20549871027469635
-0.8487842082977295
-0.6088643670082092
-0.14865894615650177
-0.4271948039531708
-0.7506140470504761
-1.3573161363601685
-0.3308079242706299
-0.28265106678009033
-0.40700826048851013
-0.5260473489761353
0.10058621317148209
0.18886297941207886
0.011810289695858955
-0.5702093839645386
-0.30121558904647827
0.04717447608709335
-0.5489128828048706
-0.3271336257457733
-0.2822358012199402
-0.4892503321170807
-0.8428472280502319
-1.4024713039398193
-0.26319780945777893
0.0403858944773674
-0.19369325041770935
-0.28520438075065613
-0.06823268532752991
0.10155846923589706
0.3106921315193176
-0.3249143064022064
-0.4320264160633087
-0.09208831936120987
-0.7752848863601685
-0.564103364944458
-0.5499351620674133
-0.6283692121505737
-0.9051173329353333
-1.4094792604446411
-0.5415521264076233
-0.16408109664916992
-0.5191057920455933
-0.47439107298851013
-0.26470550894737244
-0.013353871181607246
-0.1401088982820511
-0.3351159393787384
-0.28252092003822327
-0.38066861033439636
-0.5516494512557983
-0.3398517072200775
-0.33591026067733765
-0.4645337760448456
-0.39320600032806396
-0.9721287488937378
-0.014937925152480602
0.2955210208892822
-0.31637319922447205
-0.3592793047428131
-0.006951619405299425
0.11873369663953781
0.4119764268398285
-0.15578073263168335
-0.7082456946372986
0.11646711081266403
-0.7229950428009033
-1.007331132888794
-0.5218402743339539
-0.6518733501434326
-0.8350719809532166
-1.791955590248108
-0.4887464642524719
0.1526339054107666
-0.8441316485404968
-0.900193989276886
-0.27539175748825073
-0.3536522090435028
-1.0875033140182495
-0.6867993474006653
-0.6604310870170593
-0.26434874534606934
-1.0235345363616943
-0.8233876824378967
-0.2999424934387207
-0.23257124423980713
-0.03152492642402649
0.31854119896888733
-0.1930965781211853
0.13065654039382935
0.24853457510471344
0.4424099922180176
-0.28781092166900635
0.0030297348275780678
0.020585887134075165
-0.46897968649864197
-0.24150726199150085
-0.3941505551338196
-0.24807916581630707
-0.7233099341392517
-0.6772371530532837
-0.5347617864608765
-0.9576193690299988
-0.9328988194465637
-0.4380510449409485
-0.45832154154777527
0.07355833053588867
-0.2980000972747803
-0.5118327140808105
-0.5052955746650696
0.10607018321752548
-0.085286445915699
-0.4514678418636322
-0.4576820433139801
-0.7067963480949402
-1.4381006956100464
-0.4668132960796356
-0.759773313999176
-1.2471469640731812
-1.8371199369430542
-0.5333945155143738
-0.44966962933540344
-0.716537356376648
-0.5229268074035645
-0.22910095751285553
-0.31264540553092957
-0.8011829257011414
-0.7147328853607178
-0.4859387278556824
-0.1551087200641632
-0.5341960787773132
-0.49165332317352295
-0.025791091844439507
-0.022550394758582115
-0.01609930768609047
-0.024877497926354408
-0.01941097341477871
0.03040299005806446
-0.0012052839156240225
-0.010251673869788647
0.03789207711815834
-0.06694821268320084
-0.07091791182756424
-0.013519035652279854
-0.036172159016132355
-0.043063435703516006
-0.02553624100983143
-0.009332722052931786
-0.09038480371236801
0.03966999426484108
0.011289249174296856
-0.03931731358170509
-0.020686805248260498
0.02463962696492672
-0.08724754303693771
-0.06852685660123825
0.018650762736797333
0.05403827875852585
-0.03733145073056221
-0.022898094728589058
-0.08714327961206436
0.019554417580366135
0.016772398725152016
0.024676136672496796
0.01388305053114891
0.09042322635650635
-0.09252110868692398
0.07026204466819763
-0.02242416702210903
-0.12340475618839264
-0.0020881027448922396
0.03410746902227402
0.008106942288577557
-0.036182235926389694
0.034009575843811035
-0.09011512249708176
0.04562287777662277
-0.0017400248907506466
0.004657820798456669
0.026951637119054794
0.4875788390636444
0.3448542654514313
0.5549925565719604
1.2269318103790283
0.2812013030052185
-0.06166859716176987
-0.40591108798980713
1.1070139408111572
0.04326522722840309
-0.08732572197914124
-0.13636691868305206
0.564411461353302
0.43955278396606445
0.46982306241989136
0.6826037764549255
0.607200026512146
0.12001000344753265
0.11553536355495453
-0.029941901564598083
0.04850373417139053
-0.09005173295736313
-0.27540212869644165
-0.5639364719390869
-0.5570027232170105
0.20513637363910675
-0.3743140399456024
-0.22234049439430237
-0.3523370921611786
0.41777941584587097
0.050724491477012634
0.2604134976863861
0.48884260654449463
0.016838354989886284
0.060400933027267456
0.009802309796214104
0.10786193609237671
-0.15234984457492828
0.08222685009241104
0.11963808536529541
-0.15868687629699707
-0.2878757417201996
-0.21025748550891876
-0.4441903233528137
-0.3042454123497009
0.047040555626153946
0.010922318324446678
0.2639220058917999
0.051969174295663834
0.0010499920463189483
0.026448199525475502
0.051333021372556686
-0.07674016803503036
-0.02309528924524784
0.041382916271686554
0.010013774037361145
-0.09857596457004547
0.08003612607717514
0.07517760992050171
-0.0013558208011090755
-0.04026544839143753
0.057234928011894226
0.0447094552218914
-0.051624588668346405
-0.010598818771541119
0.11708185076713562
-0.03111368417739868
-0.2075786292552948
-0.09895024448633194
-0.408584326505661
-0.4734717905521393
0.31154781579971313
-0.14399829506874084
0.13860629498958588
0.02195233292877674
0.48180899024009705
0.04658542200922966
0.6942366361618042
0.250441312789917
0.8109641075134277
1.1285455226898193
0.7690101861953735
0.5353631377220154
0.7168383002281189
0.7854579091072083
0.7280563116073608
0.20983901619911194
0.09169656038284302
0.33097222447395325
0.6109119057655334
0.13383913040161133
0.24944087862968445
0.2895452082157135
1.8899418115615845
0.8810458779335022
1.1407151222229004
1.4154222011566162
0.014507037587463856
0.07043144106864929
-0.017795434221625328
-0.03697638213634491
0.04159501567482948
0.03412695974111557
0.027355369180440903
0.07208048552274704
0.06202782317996025
0.04175908491015434
-0.03475610911846161
-0.05080331861972809
-0.0183090940117836
0.005245294887572527
-0.011138278059661388
0.01686883345246315
0.016996018588542938
0.31039315462112427
0.18010050058364868
-0.23603250086307526
-0.07460052520036697
-0.21486052870750427
-0.3839089274406433
-0.34760788083076477
0.015306314453482628
-0.2575075626373291
0.09359700977802277
-0.380307137966156
0.4321461319923401
0.3896886110305786
0.47880488634109497
0.9031383395195007
-0.023563483729958534
-0.0837535485625267
0.0073477826081216335
0.00977399107068777
0.053738225251436234
0.041127029806375504
-0.04908500984311104
0.09250674396753311
-0.041175972670316696
-0.07995054125785828
-0.1022709384560585
0.10424687713384628
-0.04605838656425476
-0.022186610847711563
-0.03220449760556221
-0.03831108659505844
0.29266977310180664
0.4183105230331421
0.46926039457321167
0.678261399269104
0.1992848813533783
-0.1693463921546936
-0.5099018216133118
0.4022767245769501
0.053319256752729416
-0.5483264327049255
0.033675022423267365
0.20820391178131104
0.4259018301963806
0.3729651868343353
0.18782983720302582
0.6307871341705322
-0.004371308255940676
0.011958700604736805
-0.05999062582850456
0.005074765533208847
-0.0016911348793655634
0.03515419363975525
0.03210403770208359
-0.09121602028608322
0.004822414834052324
0.08666034042835236
-0.017752960324287415
0.04240897670388222
-0.0256442092359066
0.018141495063900948
0.03817504644393921
0.04169262945652008
0.9245560765266418
0.588790774345398
0.7067062258720398
1.356319785118103
0.49856388568878174
0.10854588449001312
-0.4612651765346527
-0.1667390763759613
0.10827771574258804
-0.1502913534641266
0.13238294422626495
0.022327087819576263
0.5696428418159485
0.20622393488883972
0.6363499164581299
0.31170836091041565
0.5568855404853821
0.5705500245094299
0.3472457528114319
0.8354116678237915
0.12381592392921448
-0.08173476904630661
-0.46660640835762024
0.07906097918748856
-0.09648880362510681
-0.06771352887153625
-0.21185153722763062
-0.20484468340873718
0.5519721508026123
0.23895084857940674
0.5914095640182495
0.8907504677772522
0.555841863155365
0.41256725788116455
0.41380786895751953
1.011188268661499
0.2313879132270813
-0.2444780021905899
0.2790299952030182
-0.28683581948280334
0.30196264386177063
0.1527312994003296
0.10016366839408875
0.04920162260532379
0.6758311986923218
0.3976936340332031
0.7013612389564514
1.0079373121261597
-0.09410528093576431
-0.05852074921131134
-0.02495063841342926
-0.055261898785829544
0.07433886080980301
0.04323878884315491
-0.050168007612228394
0.0017885512206703424
-0.039601489901542664
0.018518783152103424
0.007796385791152716
-0.014216439798474312
-0.01779600791633129
0.0623522624373436
-0.048351652920246124
0.04402889311313629
0.7468104362487793
0.5353492498397827
0.646232545375824
0.7268058061599731
0.3850213289260864
-0.25174278020858765
0.09051018208265305
-0.12936478853225708
0.2580753266811371
0.0014195714611560106
0.04827013239264488
-0.11922518908977509
0.6318663954734802
0.1840057224035263
0.7867533564567566
0.7830590605735779
0.07956890016794205
0.36468684673309326
0.09375984221696854
0.42145946621894836
0.25136733055114746
-0.010509973391890526
-0.20253168046474457
-0.01954319328069687
-0.4410569667816162
-0.14216506481170654
-0.24879136681556702
0.19719360768795013
-0.07486221939325333
0.03106994368135929
-0.07932639122009277
0.1762918084859848
0.05364297330379486
0.15097174048423767
-0.23371538519859314
-0.09437500685453415
-0.2388698011636734
-0.13862061500549316
-0.3081343472003937
0.3286650478839874
-0.11453858762979507
-0.05713425576686859
0.050741977989673615
0.15580293536186218
-0.14413020014762878
-0.08544065803289413
0.1352381855249405
0.04843159765005112
0.005057414993643761
0.006612379569560289
0.010928776115179062
-0.06845195591449738
0.008509952574968338
-0.07642606645822525
-0.011887812055647373
-0.07236412167549133
-0.023972028866410255
0.03976530209183693
0.04490548372268677
0.024912556633353233
0.007855361327528954
-0.032694172114133835
-0.006186883430927992
-0.054582443088293076
0.6032390594482422
0.2972445487976074
0.19871677458286285
0.0022259068209677935
0.22879262268543243
-0.5320961475372314
-0.2801242768764496
-0.19424192607402802
0.24244850873947144
-0.025908151641488075
0.04676438495516777
0.16684550046920776
0.33773595094680786
0.48486122488975525
0.7545471787452698
1.1026111841201782
0.5588039755821228
0.67658531665802
0.42576563358306885
1.064810872077942
0.18464554846286774
-0.016332710161805153
-0.5155497193336487
0.7068252563476562
0.013088569045066833
-0.09955061972141266
-0.3242526054382324
0.3661883473396301
0.43487340211868286
0.41121089458465576
0.39637142419815063
0.5589686632156372
0.2018963247537613
0.3190242648124695
0.3405681252479553
0.8633697628974915
0.022264258936047554
-0.04040011391043663
0.18440082669258118
0.1273721605539322
-0.21719007194042206
-0.2925320565700531
-0.2856893241405487
-0.22582462430000305
0.11249038577079773
-0.1744246482849121
0.4015759825706482
0.026169225573539734
0.2597544491291046
0.4559900164604187
0.6203623414039612
0.8307432532310486
0.103493832051754
-0.1369907557964325
-0.04056081920862198
-0.0854419693350792
-0.2931317090988159
-0.3027232885360718
-0.29757770895957947
-0.2743140757083893
0.15164411067962646
-0.13870874047279358
0.43451806902885437
0.13414986431598663
0.45710569620132446
0.5973793864250183
0.6919023394584656
1.0158002376556396
0.4903690218925476
0.13097499310970306
-0.2988669276237488
0.3732469379901886
0.07566602528095245
-0.25030332803726196
-0.31622451543807983
0.19656206667423248
0.26884812116622925
0.369829386472702
0.32647353410720825
0.29264453053474426
0.2748561501502991
0.15545624494552612
-0.08627411723136902
0.7132474780082703
-0.07477984577417374
-0.32270348072052
-0.17943468689918518
0.024732794612646103
-0.08560122549533844
-0.3156071901321411
-0.2323836237192154
-0.23200425505638123
0.373358815908432
-0.007575900759547949
0.2825849652290344
0.8063337206840515
0.28416937589645386
0.33351683616638184
0.6471136212348938
1.4981658458709717
0.2459385246038437
-0.22678707540035248
-0.3981020152568817
0.8059309124946594
0.002524681854993105
-0.04742985591292381
-0.24082954227924347
0.5386462211608887
0.36300981044769287
0.5183025598526001
0.6278019547462463
0.6783093810081482
0.0697379857301712
0.19357600808143616
-0.22281695902347565
-0.5463823080062866
0.10109897702932358
-0.32211267948150635
-0.047869160771369934
-0.5673996210098267
0.22647625207901
-0.1294543743133545
0.2640707492828369
0.10176580399274826
0.35114771127700806
0.4600233733654022
0.08397354930639267
0.40918755531311035
0.7266789674758911
0.48772329092025757
0.6742973923683167
0.5695599913597107
0.34601718187332153
-0.17964453995227814
-0.6707332730293274
-0.7876806259155273
0.2579599916934967
0.19786925613880157
-0.12739838659763336
-0.5298951864242554
0.3798988163471222
0.3858470916748047
0.49994373321533203
0.9850054979324341
0.42585188150405884
0.6610962748527527
0.9091425538063049
1.2573940753936768
0.19764220714569092
0.28802022337913513
0.30937254428863525
0.3676866292953491
0.10470534861087799
-0.3099312484264374
0.29311826825141907
0.03854765370488167
0.24808591604232788
0.18479816615581512
0.48699915409088135
0.14193975925445557
0.06381560862064362
0.04774252697825432
-0.024426527321338654
-0.016007956117391586
0.04457363858819008
0.007199746556580067
-0.04159976541996002
0.022829797118902206
0.11001987010240555
0.007199748884886503
-0.03914448991417885
0.035530008375644684
-0.012589764781296253
-0.00726025365293026
0.017099197953939438
-0.04530918225646019
-0.017619429156184196
-0.02061896212399006
-0.05293620750308037
0.056101370602846146
-0.005805529188364744
-0.005656239110976458
-0.016410810872912407
0.007077800575643778
-0.02409452572464943
0.011984748765826225
0.03878552466630936
0.004576248116791248
0.04524025693535805
0.02357788197696209
0.013904783874750137
-0.004796384833753109
0.007118601817637682
-0.004946605768054724
-0.02259877696633339
-0.040438782423734665
0.004839526489377022
0.007463127374649048
0.003063417039811611
-0.042134884744882584
0.065677709877491
0.11457740515470505
-0.012544929049909115
-0.003103583585470915
0.03995512053370476
0.0035699717700481415
0.001347591751255095
0.022746535018086433
0.3615257740020752
0.2871272563934326
0.8898324966430664
1.3023998737335205
0.3829014003276825
-0.1732654571533203
0.5894227027893066
0.8722220659255981
0.04069427400827408
-0.20259033143520355
0.7035017013549805
0.6724205613136292
0.4189729392528534
0.3807886242866516
0.580686628818512
0.6204395294189453
-0.0016894411528483033
-0.01489177718758583
0.11481019854545593
0.29895535111427307
0.004229056648910046
-0.11333668977022171
-0.1313539445400238
-0.020989852026104927
0.2850680351257324
-0.3500804603099823
-0.4616781175136566
-0.004709756001830101
0.4611116349697113
0.16627661883831024
0.077855184674263
0.5361582040786743
-0.14832837879657745
-0.038235537707805634
0.41916367411613464
0.31206372380256653
-0.03181814029812813
0.051019661128520966
0.005666025914251804
-0.03185852989554405
-0.17147187888622284
-0.024177944287657738
-0.4263606071472168
-0.04862391576170921
0.08423033356666565
0.0056798639707267284
0.1616116762161255
0.17808939516544342
-0.021649958565831184
0.12739212810993195
0.008906361646950245
-0.047806546092033386
-0.05379225313663483
0.03425535187125206
-0.01595759019255638
0.010203941725194454
0.03924531489610672
0.015533801168203354
-0.09252991527318954
-0.008609231561422348
0.022563738748431206
-0.038945477455854416
0.02439229004085064
-0.0291705634444952
-0.018894745036959648
-0.12032925337553024
0.030862297862768173
0.07680307328701019
-0.325053870677948
-0.4420630633831024
0.3838995397090912
0.051176123321056366
0.10799480974674225
0.023048123344779015
-0.0003878036804962903
0.17387108504772186
0.6847586631774902
0.3738549053668976
0.7338870763778687
1.0648878812789917
0.2666815519332886
0.4629907011985779
0.5384806990623474
1.393737554550171
0.33135277032852173
0.22801806032657623
0.419574111700058
1.1944482326507568
0.709054708480835
0.04097871854901314
0.5138576030731201
1.061759114265442
1.6830943822860718
0.7953667640686035
1.0275357961654663
1.4498826265335083
-0.0199967660009861
-0.07785788178443909
-0.014809256419539452
-0.04102422669529915
0.04096609726548195
0.013147681951522827
-0.011981201358139515
-0.07237348705530167
-0.06344248354434967
-0.0874299556016922
0.009958568029105663
-0.010740892961621284
-0.037197843194007874
-0.11216678470373154
0.03795455023646355
0.06467696279287338
-0.1296737939119339
0.1759970784187317
0.0669775977730751
0.16952329874038696
-0.04565342143177986
-0.11858096718788147
-0.0913539007306099
-0.1828620284795761
0.12920747697353363
-0.37569761276245117
-0.127519428730011
-0.07993953675031662
0.580082893371582
0.27172067761421204
0.46586480736732483
0.9207042455673218
-0.07060118764638901
0.01721300557255745
0.04999181628227234
0.0283295139670372
0.06368522346019745
0.002335864119231701
-0.033508043736219406
0.022434476763010025
-0.038593877106904984
0.08272825926542282
-0.005452435463666916
-0.07312095910310745
0.014487509615719318
0.0292765311896801
-0.04624413698911667
0.002619836712256074
0.15117184817790985
0.3741849958896637
0.39540159702301025
1.048744797706604
0.19170211255550385
-0.06362204253673553
0.08576402813196182
0.7296271920204163
0.07026590406894684
-0.3975495994091034
0.21847641468048096
0.3896676301956177
0.404302716255188
0.29778558015823364
0.2512565851211548
0.5853801965713501
0.012358034029603004
0.04614528641104698
0.008203897625207901
-0.1020318940281868
-0.05065202713012695
0.0023905804846435785
-0.04306451976299286
-0.04338577017188072
-0.025976235046982765
-0.024846399202942848
0.00893959030508995
-0.12611013650894165
0.04427837207913399
0.04545128345489502
0.020771794021129608
-0.0349285826086998
0.2478194683790207
0.38332265615463257
0.6433753967285156
1.586765170097351
0.22196677327156067
0.15825144946575165
0.11666415631771088
0.4986208975315094
0.10046491771936417
-0.10799054801464081
0.5355510115623474
0.8266633749008179
0.4809483587741852
0.15362867712974548
0.6006336212158203
0.5733402967453003
0.28040531277656555
0.41853371262550354
0.5864887833595276
0.944205641746521
0.20052747428417206
-0.02312648296356201
0.16376008093357086
0.12180506438016891
0.005715947598218918
-0.05437460541725159
0.05429614707827568
0.012702170759439468
0.505579948425293
0.05508766695857048
0.6880858540534973
0.6688395738601685
-0.055805910378694534
0.01997710019350052
0.7998925447463989
1.2202776670455933
0.1444634050130844
0.10201124846935272
0.5590973496437073
0.35961413383483887
0.2132365107536316
0.1154978945851326
0.31660979986190796
0.7309666275978088
0.6437863707542419
0.31746479868888855
0.5521257519721985
1.2860227823257446
0.01654134877026081
-0.0011085346341133118
0.010191262699663639
0.0005283289938233793
0.04730260372161865
-0.07156345248222351
0.055059876292943954
-0.029965432360768318
-0.07947047054767609
-0.027926569804549217
0.008395477198064327
-0.01657703146338463
-0.003777830395847559
0.00832956749945879
0.032621148973703384
-0.019393455237150192
0.13760662078857422
0.451894611120224
0.6832700371742249
1.010642647743225
0.0955762267112732
0.15754394233226776
0.43803414702415466
0.5019768476486206
0.2678985297679901
0.029578089714050293
0.39550891518592834
0.520900547504425
0.642403781414032
0.15591908991336823
0.7964208722114563
1.0996439456939697
0.11450611054897308
0.4079180359840393
0.15197061002254486
0.5278883576393127
0.16810867190361023
0.0015966151840984821
0.0022084962110966444
-0.059912312775850296
-0.599265456199646
-0.34503260254859924
-0.28367817401885986
0.031432799994945526
-0.29083338379859924
-0.04041381552815437
0.08241167664527893
0.26624739170074463
0.06777434051036835
0.10324656218290329
-0.005878113675862551
0.07120727002620697
-0.219093456864357
-0.0495959110558033
-0.35210487246513367
0.07841365784406662
-0.24626348912715912
0.009340611286461353
-0.04418244957923889
0.1161937415599823
-0.2145003229379654
-0.01651921309530735
0.06863505393266678
0.05752946436405182
-0.06838231533765793
-0.00933153461664915
-0.0423673652112484
-0.07397995889186859
0.07297728955745697
-0.06896044313907623
-0.0018746440764516592
-0.004173722118139267
-0.009327500127255917
-0.0001159862003987655
-0.021223463118076324
-0.023284807801246643
0.0291485246270895
-0.0037273054476827383
-0.02285825088620186
0.01659291796386242
0.023348860442638397
0.2894798517227173
0.29927051067352295
0.3151967227458954
0.07815791666507721
-0.15602262318134308
0.13527703285217285
0.11577281355857849
0.3442208170890808
-0.3446809947490692
-0.027137912809848785
0.10970360785722733
0.3609617054462433
0.5618277788162231
0.7705779671669006
1.0230355262756348
0.44159045815467834
0.5632327795028687
0.6521154046058655
1.0064685344696045
0.27557262778282166
-0.12110723555088043
0.3233531415462494
0.4741436243057251
-0.10676868259906769
-0.13904617726802826
0.31745338439941406
0.4375271797180176
0.32711973786354065
0.1434292048215866
0.4170961081981659
0.5529362559318542
-0.10688615590333939
0.18076680600643158
0.43484631180763245
0.8352009654045105
0.16350476443767548
0.046916645020246506
0.3260326683521271
0.1721118539571762
-0.3635323643684387
-0.26823440194129944
0.01973763108253479
-0.013045413419604301
0.1250585913658142
-0.16120705008506775
0.33104372024536133
0.16894693672657013
-0.12528729438781738
0.1534780114889145
0.672886073589325
0.9101753234863281
-0.10246549546718597
-0.23493222892284393
0.03945828974246979
0.16886179149150848
-0.24501490592956543
-0.2773430347442627
-0.4549006521701813
-0.12886208295822144
0.13206686079502106
-0.15115773677825928
0.34127336740493774
0.3916856646537781
0.45403164625167847
0.5557450652122498
0.6422743201255798
1.0982121229171753
0.4385954439640045
0.052009217441082
0.5283721685409546
0.2588961124420166
0.03380021080374718
-0.23111043870449066
0.23722781240940094
0.22179853916168213
0.20164015889167786
0.1985810548067093
0.36169588565826416
0.24599689245224
0.10622933506965637
0.14669470489025116
0.2647241950035095
0.8926756381988525
-0.06939025223255157
-0.40604788064956665
0.26400989294052124
0.09841592609882355
-0.07061882317066193
-0.24538518488407135
-0.3777307868003845
0.05714879184961319
0.34710460901260376
-0.1246795654296875
0.2536431550979614
0.7268176674842834
0.28989315032958984
0.30623653531074524
0.8489691615104675
1.554721713066101
0.287386417388916
-0.2732020318508148
0.5533967614173889
0.722589373588562
-0.0344390831887722
-0.17492496967315674
0.7188075184822083
0.7369496822357178
0.3445519208908081
0.3583180904388428
0.6660791039466858
0.6422511339187622
0.031465496867895126
0.28423693776130676
0.0376598984003067
-0.14720991253852844
0.13855405151844025
-0.34983620047569275
-0.275490939617157
-0.43220698833465576
0.20284174382686615
-0.17383973300457
-0.10700266063213348
0.2881695628166199
0.25003257393836975
0.4376758337020874
0.14513902366161346
0.3383464515209198
0.14704447984695435
0.2292863130569458
0.6666274666786194
0.6724147200584412
0.20757415890693665
0.04121631011366844
-0.07580284029245377
-0.08222893625497818
0.3362198770046234
0.1131172701716423
-0.31013819575309753
-0.32545334100723267
0.45356088876724243
0.35018807649612427
0.4267768859863281
0.9838935136795044
0.07904630154371262
0.7251707315444946
0.9978532791137695
1.4415709972381592
0.20359627902507782
0.23028144240379333
0.5272780656814575
0.5622597932815552
-0.10493631660938263
-0.13871711492538452
0.9756247997283936
0.7956205606460571
0.15062636137008667
0.0093904510140419
0.5282924771308899
0.24665020406246185
0.04435887187719345
0.011156801134347916
-0.042606744915246964
0.008302867412567139
0.05025371536612511
-0.09086287021636963
-0.08151284605264664
0.020752528682351112
-0.013256666250526905
0.019114386290311813
-0.07861384004354477
0.012501600198447704
-0.012513745576143265
0.0812995657324791
-0.040357619524002075
-0.013044897466897964
-0.04197898134589195
-0.03179324045777321
0.014015302062034607
-0.08306678384542465
0.07520555704832077
-0.06856691837310791
0.015376857481896877
0.00968316663056612
0.04095727577805519
0.0595269650220871
0.03241119533777237
-0.013299702666699886
0.028850357979536057
-0.01362413726747036
-0.053141817450523376
0.022966355085372925
-0.049792975187301636
0.0405786857008934
-0.027745498344302177
0.03606221452355385
-0.015231114812195301
0.018414044752717018
0.004327838309109211
-0.05970616266131401
5.384511314332485e-05
-0.016191868111491203
0.06404589116573334
-0.030415231361985207
0.03242577239871025
-0.006535250693559647
0.030025532469153404
-0.006055868696421385
0.555266261100769
0.4109968841075897
0.7353672385215759
1.167548656463623
0.36913660168647766
0.12059623003005981
0.5066419243812561
0.6138306856155396
0.23887358605861664
0.4285094439983368
0.6285970211029053
0.7602373361587524
0.5340037941932678
0.18580637872219086
0.7154662609100342
0.645645260810852
0.1465880274772644
-0.030308248475193977
-0.054209377616643906
0.23224154114723206
-0.023053783923387527
0.022149458527565002
0.24344629049301147
-0.04398128390312195
0.20580075681209564
-0.3077932596206665
0.413282573223114
-0.04770582914352417
0.624241292476654
0.1310492902994156
0.11590023338794708
0.5590930581092834
-0.02899407409131527
-0.0648777112364769
0.3056369423866272
0.2866896390914917
-0.0020304713398218155
0.024529431015253067
0.16698874533176422
0.4338635206222534
-0.07086090743541718
-0.03301285579800606
0.3676346242427826
0.09872913360595703
0.11096325516700745
0.02973325364291668
0.12850941717624664
0.20270439982414246
-0.003681092755869031
-0.022374404594302177
-0.02988298423588276
-0.006416266784071922
-0.01815980114042759
-0.04060329124331474
0.02124546281993389
-0.0593533031642437
0.014823599718511105
0.040467821061611176
0.04956834763288498
-0.030920201912522316
0.07186301797628403
0.03907235711812973
-0.03173470497131348
-0.007325671147555113
0.07697389274835587
-0.37331926822662354
-0.12637601792812347
0.24688522517681122
-0.27103301882743835
0.06474059075117111
-0.186663419008255
0.10108096152544022
0.28110677003860474
-0.04207992181181908
0.28219783306121826
0.1095631867647171
0.670272171497345
0.39498671889305115
0.7941160798072815
1.147675633430481
0.1947672963142395
0.38225090503692627
0.6412526369094849
0.7330926060676575
0.32389381527900696
0.45656442642211914
0.004174642730504274
-0.18839506804943085
0.7256688475608826
0.23147247731685638
0.3378426730632782
-0.3249179422855377
2.3782849311828613
0.9135295152664185
1.0786806344985962
1.4723488092422485
-0.03115466982126236
0.02294415421783924
0.036669179797172546
0.04811443015933037
0.06534001231193542
0.01569763384759426
-0.055157702416181564
0.028229203075170517
0.00932805985212326
0.005654528271406889
-0.046039700508117676
0.006535511929541826
0.02884526550769806
0.08882900327444077
-0.08162076026201248
0.007729673758149147
-0.22105872631072998
0.14157074689865112
0.021406514570116997
0.3087940216064453
-0.04665123671293259
0.018473923206329346
0.23929435014724731
0.005639472510665655
0.20195509493350983
-0.23977988958358765
0.19027851521968842
-0.01945575512945652
0.7297622561454773
0.29992666840553284
0.4939844608306885
0.904230535030365
-0.07888778299093246
0.03730025887489319
0.010457918047904968
0.042318858206272125
-0.038638629019260406
0.024675341323018074
0.014648335985839367
0.008542273193597794
0.01715056225657463
-0.02945851907134056
-0.015999572351574898
0.033815838396549225
-0.04824446886777878
-0.020009972155094147
0.0874459370970726
0.028792355209589005
0.3435226082801819
0.4276849329471588
0.6619051098823547
0.908688485622406
0.2579702138900757
-0.02522430755198002
0.7450575828552246
-0.25937899947166443
0.14251002669334412
0.12416931986808777
0.13116171956062317
0.3953198790550232
0.6390131711959839
0.2666509747505188
0.36205989122390747
0.6763449907302856
0.034401968121528625
0.05986127257347107
0.015142818912863731
-0.061415791511535645
-0.01307430025190115
0.017967185005545616
-0.033628422766923904
-0.026163633912801743
-0.0029294081032276154
0.009416865184903145
-0.01665327697992325
-0.052923914045095444
0.006455739960074425
-0.02069881185889244
-0.030857374891638756
0.006569478660821915
0.37586474418640137
0.4893805682659149
0.9918549060821533
0.9328173398971558
0.3820667564868927
0.1742541640996933
0.8058646321296692
0.12182457000017166
0.06499704718589783
0.30163148045539856
0.06827931851148605
-0.2723101079463959
0.6306257247924805
0.06545574963092804
0.6185459494590759
0.49332717061042786
0.3350362181663513
0.5480408072471619
0.7144434452056885
0.4581277370452881
0.015658169984817505
0.33334338665008545
0.0037465314380824566
0.22115546464920044
0.14006030559539795
0.386868417263031
0.4055459797382355
-0.20449866354465485
0.5103074312210083
0.06956227868795395
0.7638272643089294
0.8442695140838623
0.1973934918642044
-0.029971009120345116
0.5982427597045898
0.8528422117233276
0.21719519793987274
0.11890395730733871
-0.2973780930042267
0.3848930299282074
0.3220127820968628
0.35215312242507935
0.2054695039987564
-0.30107176303863525
0.9790082573890686
0.2633071839809418
0.6111860275268555
1.0043060779571533
0.034957580268383026
-0.03861701115965843
0.049337174743413925
-0.07140008360147476
-0.015357023105025291
0.017435714602470398
0.04229797422885895
0.02767009101808071
0.05120716243982315
0.012558523565530777
0.020259298384189606
0.009864306077361107
-0.009482775814831257
-0.0007188079180195928
-0.06815295666456223
-0.07640112191438675
0.3009262979030609
0.34876352548599243
0.9010581970214844
0.929502010345459
0.16881076991558075
0.28872695565223694
-0.2620322108268738
0.18637792766094208
0.26881757378578186
0.22125278413295746
0.3270453214645386
-0.3887760043144226
0.8552119135856628
0.1601920872926712
0.7710558772087097
0.7348703742027283
0.09367050975561142
0.450763076543808
-0.0016476544551551342
0.47119376063346863
0.2834468483924866
0.111036516726017
0.27005666494369507
-0.03546487167477608
-0.47801586985588074
0.07997296750545502
0.6082890629768372
0.4269319176673889
-0.2243843972682953
-0.14975792169570923
0.07275445759296417
0.11940374970436096
0.21819299459457397
0.06989140063524246
0.1345982402563095
-0.1876235157251358
-0.06765206903219223
0.20463962852954865
0.2373570054769516
0.2981712818145752
-0.09405583143234253
-0.0622299388051033
0.005793078802525997
0.07623758167028427
-0.12008411437273026
-0.08584447205066681
0.05707717686891556
0.14324791729450226
-0.022269967943429947
0.03686424717307091
0.0017498383531346917
0.030816758051514626
0.08459442853927612
0.01773124374449253
0.024348299950361252
0.019509384408593178
0.009654841385781765
0.09128676354885101
0.11262194812297821
0.09106890857219696
0.052660636603832245
0.023042675107717514
-0.0436876006424427
0.01841914653778076
0.11806764453649521
0.18184790015220642
0.6696723103523254
0.3615912199020386
-0.02849358320236206
0.07964789122343063
0.13726583123207092
-0.19286559522151947
0.4732464551925659
-0.3213084638118744
-0.24213744699954987
0.10702097415924072
0.7333635091781616
0.5808156728744507
0.7190304398536682
1.1183658838272095
0.5797457098960876
0.46568140387535095
0.5965767502784729
0.7090164422988892
0.3336103558540344
0.6511877179145813
0.5897660851478577
0.32693928480148315
0.138297900557518
0.46360519528388977
0.750995934009552
0.2516215741634369
0.4656049907207489
-0.015383649617433548
0.5909878015518188
0.5638227462768555
-0.06488406658172607
0.27375468611717224
0.33925703167915344
0.6276737451553345
0.06527239829301834
0.12502121925354004
0.7458841800689697
0.4349900186061859
-0.32307058572769165
0.2975824475288391
0.3871944546699524
-0.016006074845790863
0.09774226695299149
-0.348158597946167
0.3689902722835541
-0.06487050652503967
0.06885367631912231
0.3418201208114624
0.4402258098125458
0.6510751247406006
-0.08877766877412796
0.13637743890285492
0.549802839756012
0.2514156997203827
-0.2383984923362732
0.26769551634788513
0.3848184645175934
0.02293335273861885
0.2669990062713623
-0.1913624405860901
0.4792099893093109
0.2040766179561615
0.589465320110321
0.5323802828788757
0.466790109872818
1.0697603225708008
0.44232532382011414
0.11691587418317795
0.5041713118553162
0.21125714480876923
0.12302172183990479
0.5118798613548279
0.5920096635818481
0.5559921264648438
0.29959020018577576
0.120875284075737
0.3556083142757416
0.39042502641677856
0.27242568135261536
0.19459713995456696
0.31322506070137024
0.3159916400909424
-0.17555078864097595
-0.10382016748189926
-0.3532220423221588
0.6283877491950989
0.15250901877880096
0.09723976999521255
0.3713935911655426
-0.3047062158584595
0.2850719690322876
-0.0590931661427021
0.305067241191864
0.8603010177612305
0.320003479719162
0.37203484773635864
0.7284539341926575
1.1428403854370117
0.41740745306015015
0.12542277574539185
0.5465503334999084
0.7232754230499268
0.035354841500520706
0.5160160064697266
0.7346806526184082
0.8233581185340881
0.5692741870880127
0.2134234756231308
0.8729501366615295
0.6189712285995483
0.04746280610561371
0.12639734148979187
0.1999836564064026
0.2598933279514313
0.14292024075984955
-0.11193627119064331
0.13259346783161163
0.48604875802993774
0.14658714830875397
-0.1117117628455162
-0.0785364881157875
0.19556155800819397
0.479749470949173
0.4279535114765167
0.14051006734371185
0.40135812759399414
0.29129672050476074
0.3775818347930908
0.6802011728286743
0.4961225688457489
0.19612541794776917
0.1418444663286209
0.5191223621368408
-0.2246684581041336
0.2369878739118576
0.23703265190124512
0.4242366850376129
-0.19906045496463776
0.9323867559432983
0.4683429002761841
0.48071303963661194
1.080232858657837
0.3753185570240021
0.6770350337028503
0.7397693991661072
1.3569086790084839
0.33985790610313416
0.35546067357063293
0.8008456826210022
0.39127621054649353
-0.06031862646341324
0.21759313344955444
0.08270364254713058
0.04003680497407913
0.36276453733444214
0.10264253616333008
0.43676626682281494
0.07900317758321762
-0.049581378698349
-0.029486313462257385
-0.00011253103730268776
-0.012655230239033699
0.018700353801250458
-0.005595966707915068
0.02004293166100979
0.03010767139494419
0.022471556439995766
-0.06911454349756241
0.006860075984150171
-0.036720968782901764
-0.035449422895908356
0.029172375798225403
-0.039203494787216187
-0.0031277162488549948
-0.010993940755724907
-0.060549937188625336
0.017967499792575836
-0.0023899455554783344
0.0033461065031588078
-0.00329265627078712
0.0037885038182139397
0.06851108372211456
-0.08058183640241623
0.013474411331117153
0.02341235987842083
0.060069262981414795
-0.0888497456908226
0.011757713742554188
0.025335056707262993
0.13080507516860962
-0.08345892280340195
-0.038994234055280685
-0.018720131367444992
0.0538807213306427
-0.05166614428162575
-0.02225915901362896
-0.023334136232733727
0.021899575367569923
0.0029687159694731236
-0.008663280867040157
0.006581369321793318
-0.02574298344552517
-0.01949448138475418
0.026714615523815155
-0.09878447651863098
0.017048511654138565
0.49446606636047363
0.39786043763160706
0.7420576214790344
1.2754602432250977
0.30862507224082947
0.035763271152973175
0.5582031011581421
0.6857009530067444
0.2506052553653717
0.5859506726264954
0.6871470808982849
0.7040805816650391
0.5638535618782043
0.24132758378982544
0.8514691591262817
0.6106970310211182
0.17031049728393555
0.04216647893190384
0.005654209293425083
0.26307544112205505
-0.04410804435610771
0.03230256587266922
0.26784616708755493
-0.0505480132997036
0.3084173798561096
-0.21012791991233826
0.2326626479625702
0.0268386397510767
0.6459054946899414
0.11173663288354874
0.10514234751462936
0.6138327121734619
-0.025438819080591202
-0.057859957218170166
0.3713701665401459
0.1675727665424347
-0.04042857885360718
0.036524560302495956
0.10003484040498734
0.2677692770957947
-0.18091565370559692
-0.03934607654809952
0.3924139142036438
-0.04801922291517258
0.035778023302555084
0.0034735891968011856
0.13020309805870056
0.2644592523574829
-0.07811447232961655
0.07426626235246658
-0.003808194538578391
0.05517688766121864
-0.07312800735235214
-0.025486070662736893
-0.03586059436202049
-0.06362231820821762
0.016198521479964256
-0.05702308937907219
-0.06421326845884323
-0.036830127239227295
-0.029764901846647263
-0.06466899812221527
-0.008819653652608395
-0.02546771802008152
0.04238004982471466
-0.28766900300979614
-0.2348202019929886
0.2731028199195862
-0.19808903336524963
0.03389882296323776
-0.2128901332616806
0.07533932477235794
0.17409798502922058
-0.090731181204319
0.2053474485874176
0.17072616517543793
0.6747934222221375
0.29683664441108704
0.8146029114723206
1.1351780891418457
0.15203455090522766
0.39917832612991333
0.6448139548301697
0.8167277574539185
0.3737930655479431
0.623043954372406
-0.09298612922430038
-0.18696898221969604
0.649873673915863
0.23997347056865692
0.3874669373035431
-0.3739915192127228
2.277029275894165
0.837697446346283
1.165776252746582
1.5643483400344849
0.042777400463819504
0.03200583532452583
0.057823240756988525
-0.04793068766593933
0.059821128845214844
-0.048240698873996735
-0.045726776123046875
-0.019772280007600784
0.07815509289503098
-0.09753815084695816
-0.10624341666698456
-0.010429669171571732
0.04144265875220299
-0.003436194732785225
0.05767514184117317
0.013203157112002373
-0.1946883201599121
0.09275705367326736
0.041994526982307434
0.21884019672870636
-0.08948897570371628
0.05577266216278076
0.25095781683921814
-0.042691972106695175
0.3222108483314514
-0.3104584217071533
0.17717555165290833
0.0012039802968502045
0.663239061832428
0.29410937428474426
0.44736233353614807
0.9984791278839111
0.015372400172054768
0.08548366278409958
-0.017135221511125565
-0.043787792325019836
-0.07513303309679031
-0.03287597373127937
0.05588051304221153
0.029363058507442474
0.03125208616256714
0.007600552402436733
-0.075389064848423
0.053445003926754
-0.03392878547310829
-0.027131786569952965
-0.0762106403708458
0.060558002442121506
0.3700806796550751
0.3325190246105194
0.6650390625
0.9230872392654419
0.15330390632152557
0.018796855583786964
0.7129288911819458
-0.3532944321632385
0.30987638235092163
0.18206241726875305
0.15395012497901917
0.3191033601760864
0.5897679328918457
0.1768929362297058
0.28989291191101074
0.679522693157196
0.0027540926821529865
-0.07889331132173538
-0.039253104478120804
0.017214592546224594
-0.017630871385335922
-0.024765072390437126
-0.013863610103726387
0.07459459453821182
-0.09702415019273758
0.08312215656042099
-0.04730012267827988
-0.009816670790314674
0.024398157373070717
0.05557205528020859
0.03888151794672012
0.0175271425396204
0.47901904582977295
0.5279737114906311
1.055061936378479
0.9416919350624084
0.3552677035331726
0.26859205961227417
0.7703819274902344
0.10569489002227783
0.13698841631412506
0.4442387521266937
-0.031829584389925
-0.41479989886283875
0.671197772026062
0.09951697289943695
0.5887841582298279
0.49134957790374756
0.45348498225212097
0.5839413404464722
0.6882669925689697
0.4507445991039276
0.11070824414491653
0.4694588780403137
-0.04851055517792702
0.21821759641170502
0.2364071011543274
0.35997581481933594
0.22181862592697144
-0.206199049949646
0.5592412948608398
0.03901397064328194
0.6548846364021301
0.7981285452842712
0.2824249565601349
0.01384138036519289
0.5550918579101562
0.8397740721702576
0.2122088074684143
0.20562291145324707
-0.4523991644382477
0.4261319935321808
0.24849680066108704
0.31893640756607056
0.2091747671365738
-0.27378347516059875
1.0700238943099976
0.4389376640319824
0.6685804724693298
1.0678520202636719
0.06282548606395721
0.020130561664700508
-0.06022806093096733
-0.02988029457628727
0.02010558918118477
0.026979345828294754
0.009787147864699364
-0.005649283993989229
0.057410791516304016
0.041928112506866455
0.0881902202963829
0.009120669215917587
-0.054512325674295425
0.02273302897810936
-0.03924389183521271
0.0048830206505954266
0.32702380418777466
0.4576646387577057
0.9096794724464417
0.9204466342926025
0.1806822270154953
0.3160780668258667
-0.17995645105838776
0.19430625438690186
0.20480473339557648
0.3643832802772522
0.29686689376831055
-0.3916780352592468
0.9585425853729248
0.24305422604084015
0.7852431535720825
0.8160863518714905
0.1938072293996811
0.39969176054000854
-0.12681491672992706
0.431340754032135
0.27583926916122437
-0.0017560147680342197
0.23778200149536133
-0.04009627178311348
-0.39919090270996094
0.037120915949344635
0.5659900903701782
0.39487966895103455
-0.09672380238771439
-0.08167948573827744
0.06748335808515549
0.2334010899066925
0.1099357157945633
0.11002356559038162
0.06371264159679413
-0.2844533622264862
-0.05576125532388687
0.20187312364578247
0.2771340608596802
0.3905918002128601
-0.13726946711540222
-0.07189211249351501
-0.020980827510356903
0.066248819231987
-0.15573237836360931
-0.06393159925937653
0.12236016243696213
0.10914149880409241
-0.037975966930389404
0.015491697005927563
0.011635766364634037
0.026942545548081398
-0.02629772759974003
-0.06651204824447632
-0.06159810349345207
0.048487577587366104
0.06833656877279282
-0.01679862104356289
0.015228066593408585
0.027628932148218155
0.04456162452697754
-0.0026249615475535393
-0.0030066727194935083
-0.009852949529886246
0.015590992756187916
0.3363463282585144
0.7031352519989014
0.27657338976860046
-0.050777655094861984
0.06094370037317276
0.17832374572753906
-0.33818569779396057
0.4420114755630493
-0.23563462495803833
-0.25412461161613464
0.14452746510505676
0.6885378360748291
0.5296558141708374
0.8945246934890747
1.1007384061813354
0.4665905237197876
0.5223404765129089
0.522641658782959
0.7398669719696045
0.3936013877391815
0.5753352642059326
0.5222095251083374
0.3237607479095459
0.20049290359020233
0.4750835597515106
0.7535989284515381
0.33563104271888733
0.533783495426178
0.0729341134428978
0.4606056213378906
0.5292454957962036
-0.034998513758182526
0.28262272477149963
0.4179428517818451
0.7377221584320068
0.15422774851322174
0.17002826929092407
0.6884390115737915
0.3993218243122101
-0.2864985764026642
0.38929852843284607
0.39699459075927734
-0.00405212864279747
0.1933906227350235
-0.2714100480079651
0.32065442204475403
0.044353216886520386
0.0024227991234511137
0.5346737504005432
0.5238019227981567
0.6593124866485596
-0.14224043488502502
0.1405109167098999
0.680031955242157
0.22596926987171173
-0.2997822165489197
0.30472812056541443
0.3369728922843933
-0.0813927948474884
0.21250514686107635
-0.13476286828517914
0.43490761518478394
0.1343867927789688
0.5376596450805664
0.5723241567611694
0.58570396900177
1.1186180114746094
0.4773494303226471
0.15231378376483917
0.4137994349002838
0.2735361158847809
0.101580910384655
0.6511056423187256
0.6011735200881958
0.579401433467865
0.3537588119506836
0.2278435230255127
0.345674991607666
0.3751072585582733
0.27969422936439514
0.2251509726047516
0.31369099020957947
0.3497282564640045
-0.24097095429897308
0.04821517691016197
-0.47531357407569885
0.5283100008964539
0.17405910789966583
0.03811738267540932
0.20031259953975677
-0.25593721866607666
0.38936084508895874
-0.06206941977143288
0.33908963203430176
0.832606852054596
0.3357822597026825
0.3011249303817749
0.8180684447288513
1.0056114196777344
0.3758740723133087
0.11864792555570602
0.6558651924133301
0.7836704850196838
0.05600190907716751
0.543887197971344
0.7180402874946594
0.6523652672767639
0.5613118410110474
0.2796642780303955
0.7059515714645386
0.737592339515686
0.023274855688214302
0.13228322565555573
0.17868202924728394
0.2702379822731018
0.17113174498081207
-0.0936816930770874
0.1412907987833023
0.41863468289375305
0.20102281868457794
-0.020189380273222923
-0.019517812877893448
0.29937905073165894
0.3772355020046234
0.5594003796577454
0.1736697405576706
0.3398115038871765
0.36551299691200256
0.44977542757987976
0.7108625173568726
0.4388352930545807
0.2175910472869873
0.2305677980184555
0.44305071234703064
-0.12243332713842392
0.2771335542201996
0.13338497281074524
0.4314379394054413
-0.23064596951007843
0.9700800776481628
0.2624719738960266
0.558807373046875
1.020809292793274
0.27603474259376526
0.6709660887718201
0.6835975050926208
1.252433180809021
0.3178825378417969
0.15401268005371094
0.7333412766456604
0.38551780581474304
0.044378459453582764
0.2790890634059906
0.07525108754634857
0.04340898245573044
0.3728070557117462
0.15584811568260193
0.4432241916656494
0.15822485089302063
-0.018714560195803642
-0.053753241896629333
0.0664641335606575
-0.01283167488873005
0.04348240792751312
0.07380709052085876
-0.07032385468482971
-0.002847980475053191
0.03604203090071678
0.052464649081230164
-0.06016630679368973
-0.04763362556695938
0.0548836849629879
0.007440180517733097
-0.04669193923473358
0.034229595214128494
-0.009942618198692799
0.03958198428153992
-0.024494705721735954
-0.06478739529848099
0.04373818263411522
-0.009055400267243385
-0.01787746325135231
-0.020197641104459763
0.020901931449770927
0.006423569284379482
-0.032557763159275055
-0.03960122913122177
0.018977398052811623
-0.04029691964387894
-0.06465522944927216
-0.017744582146406174
0.05582931265234947
0.0216754712164402
-0.08385240286588669
-0.023113401606678963
-0.01180057693272829
-0.03773951902985573
0.05672286078333855
-0.03011765331029892
-0.03325730562210083
-0.036996059119701385
-0.029156401753425598
0.05958649143576622
0.08971691131591797
-0.04757443442940712
0.060876913368701935
0.010996561497449875
0.4690680503845215
0.1706307828426361
0.9247727394104004
1.3363138437271118
0.403652548789978
-0.2687528729438782
-0.2265050858259201
1.1435602903366089
0.09530285000801086
-0.22495169937610626
0.08951786160469055
0.55026775598526
0.36431992053985596
0.4686780571937561
0.6609566807746887
0.6886117458343506
0.14524923264980316
0.20471049845218658
0.06164286658167839
0.03466002643108368
-0.047750744968652725
-0.2757604420185089
-0.25560620427131653
-0.5124415755271912
0.34817567467689514
-0.25278177857398987
-0.3073178231716156
-0.21016106009483337
0.32288047671318054
0.07981692999601364
0.13563966751098633
0.5464731454849243
0.004654974676668644
0.17001308500766754
0.3268830478191376
0.21554340422153473
-0.12807290256023407
0.04517515003681183
-0.10790491849184036
-0.05084451287984848
-0.12845487892627716
-0.04102712124586105
-0.46814295649528503
-0.32228541374206543
0.05013345181941986
-0.03233037143945694
0.1634555608034134
0.2567415237426758
-0.010026472620666027
0.10749617964029312
-0.029878348112106323
-0.05807625502347946
0.02979220822453499
-3.548933091224171e-05
-0.021191496402025223
0.008595266379415989
-0.028830716386437416
-0.05924799293279648
-0.009170806966722012
-5.988211341900751e-05
-0.02573425881564617
-0.0664537250995636
0.04845527559518814
0.0625612661242485
0.04184359684586525
-0.0070386785082519054
-0.40352171659469604
0.13632220029830933
-0.27988746762275696
-0.5692497491836548
0.28979623317718506
-0.1324281245470047
0.07833186537027359
-0.14026223123073578
0.16178102791309357
0.037685543298721313
0.6242542862892151
0.3303946554660797
0.6753438711166382
1.0851340293884277
0.7612325549125671
0.4764959216117859
0.5698258876800537
0.8158053159713745
0.6671587824821472
-0.14324328303337097
0.31888774037361145
0.3060336410999298
0.6293291449546814
-0.12291604280471802
0.4290168285369873
0.20848597586154938
1.518566608428955
0.9888028502464294
1.157048225402832
1.3805381059646606
0.06243105232715607
0.032703038305044174
0.03038310632109642
0.023719051852822304
0.017173422500491142
-0.035213492810726166
0.016882378607988358
-0.016367966309189796
0.018545381724834442
0.06471531838178635
-0.1150902509689331
-0.020494025200605392
0.06868728995323181
0.006841578055173159
-0.025355247780680656
-0.03595497086644173
0.012750574387609959
0.13061738014221191
0.175177201628685
-0.24523872137069702
-0.11752496659755707
-0.20522873103618622
-0.3356219232082367
-0.3304367959499359
0.08718785643577576
-0.367495596408844
-0.27105215191841125
-0.4016958475112915
0.4717084467411041
0.2544589638710022
0.4597308933734894
0.9079518914222717
0.009823660366237164
0.0010915667517110705
-0.035186201333999634
-0.0317363478243351
-0.02403876557946205
-0.07386579364538193
-0.08885075896978378
-0.02902546152472496
-0.04911799356341362
0.06221754476428032
-0.016564635559916496
0.06768737733364105
0.01917547918856144
-0.061917487531900406
0.029727352783083916
0.05153553932905197
0.3621805012226105
0.3956466317176819
0.28776323795318604
0.590204656124115
0.15021485090255737
-0.08642031252384186
-0.10612761229276657
0.3034784197807312
0.15781374275684357
-0.5938379168510437
0.04851763695478439
0.2263513058423996
0.34136971831321716
0.2265184074640274
0.2715633511543274
0.5582287311553955
0.01668563485145569
-0.002428508596494794
-0.03406323865056038
0.007356615271419287
0.046883758157491684
-0.037052564322948456
0.05007443204522133
0.0045000771060585976
0.04000603035092354
-0.03820638358592987
-0.06571836769580841
0.03726031258702278
0.030343739315867424
0.019527776166796684
0.030511075630784035
-0.05077185854315758
0.8922839164733887
0.7426964640617371
0.723383367061615
1.3015823364257812
0.46550455689430237
0.06521163880825043
0.01714741624891758
-0.271780401468277
-0.020703023299574852
-0.44158676266670227
0.20043021440505981
0.07213365286588669
0.4537685513496399
0.19930900633335114
0.6028467416763306
0.48028725385665894
0.5200506448745728
0.5428370833396912
0.4274873733520508
0.9316564202308655
0.07445939630270004
-0.37000682950019836
-0.22252310812473297
0.013118108734488487
0.06697661429643631
-0.24903477728366852
-0.02453899197280407
-0.243705615401268
0.3957977592945099
0.12387735396623611
0.6544553637504578
0.8287232518196106
0.5486783385276794
0.31438738107681274
0.35903623700141907
1.0720305442810059
0.2624117136001587
-0.3015415072441101
0.31735947728157043
-0.29958003759384155
0.12319681793451309
-0.17205560207366943
0.31045523285865784
0.0689365565776825
0.5657825469970703
0.39095136523246765
0.6418037414550781
0.9831215143203735
-0.018481122329831123
-0.05008479952812195
-0.0470905564725399
-0.05551991984248161
-0.03336247056722641
0.01611497811973095
-0.0050545670092105865
0.033421650528907776
-0.00044576628715731204
-0.02844063751399517
0.04135151952505112
0.0019273718353360891
0.03595518320798874
-0.045243844389915466
-0.008880909532308578
0.024978872388601303
0.7439778447151184
0.39411863684654236
0.6073516607284546
0.8186001181602478
0.3607814610004425
-0.2255013883113861
0.2959454357624054
-0.11500132083892822
0.24091215431690216
-0.166290283203125
0.25417372584342957
-0.15973712503910065
0.727206289768219
0.08627422153949738
0.7492609024047852
0.8052704930305481
0.05760836601257324
0.3417220711708069
0.09176129102706909
0.5277722477912903
0.26771441102027893
-0.011777619831264019
-0.1590094417333603
-0.03055919148027897
-0.47102418541908264
-0.15804632008075714
-0.21398033201694489
0.25260090827941895
-0.2734767496585846
-0.09480103105306625
-0.021775903180241585
0.15765970945358276
0.02317838743329048
0.10236787796020508
-0.0831717848777771
-0.039003435522317886
-0.1373869627714157
-0.18113473057746887
-0.19284294545650482
0.22066150605678558
-0.1443389356136322
-0.06377832591533661
-0.05808103829622269
0.11600825190544128
-0.08826423436403275
-0.07072717696428299
0.07355816662311554
0.22302132844924927
-0.013253994286060333
0.019826596602797508
0.07351700216531754
-0.10585523396730423
-0.05056300014257431
0.018566876649856567
0.06985703855752945
-0.04254753142595291
0.0006292601465247571
-0.04114558547735214
-0.034785203635692596
-0.14120182394981384
0.07414957135915756
0.0688977763056755
-0.00022070342674851418
0.011018093675374985
0.4473974108695984
0.21469086408615112
0.2884387671947479
0.1908988207578659
0.031268298625946045
-0.4573541581630707
-0.16409209370613098
-0.21991631388664246
0.31998249888420105
-0.2446586936712265
0.044750191271305084
0.04307243600487709
0.24501600861549377
0.5744568705558777
0.8552584648132324
1.1030997037887573
0.4167068898677826
0.4405871629714966
0.5945378541946411
1.0449457168579102
0.4088674485683441
-0.40631216764450073
-0.2058359831571579
0.6513376235961914
0.01998722366988659
-0.2633862793445587
-0.2815794050693512
0.3476087749004364
0.30840715765953064
0.3948380947113037
0.4034205973148346
0.4664904475212097
0.18321329355239868
0.3108266592025757
0.4459892213344574
0.9428399801254272
0.08681949973106384
-0.07987528294324875
0.10697950422763824
0.008495893329381943
-0.3701103925704956
-0.3792581856250763
-0.11442351341247559
-0.1002059355378151
0.0619218684732914
-0.21814775466918945
0.32789984345436096
0.041440680623054504
0.311078816652298
0.42510783672332764
0.6381439566612244
0.8966567516326904
0.02060474455356598
-0.26566943526268005
-0.07531663030385971
-0.010229559615254402
-0.28556007146835327
-0.5660976767539978
-0.42343854904174805
-0.235714390873909
0.32006171345710754
-0.1892756223678589
0.35265734791755676
0.14817190170288086
0.3681284785270691
0.5365082025527954
0.5926769375801086
1.0016199350357056
0.48842042684555054
0.029879651963710785
0.11343460530042648
0.34610694646835327
0.09296227991580963
-0.48541349172592163
-0.22020620107650757
0.28525474667549133
0.2077166587114334
0.2826693058013916
0.20343831181526184
0.3170490264892578
0.23196403682231903
0.13407734036445618
0.05439143255352974
0.9386125802993774
-0.09817453473806381
-0.3430563509464264
-0.12180028110742569
0.14979490637779236
0.011367268860340118
-0.32330772280693054
-0.337860643863678
-0.1569596230983734
0.3730166256427765
-0.08937839418649673
0.3053465783596039
0.793210506439209
0.34722065925598145
0.2163824439048767
0.6109074950218201
1.447953701019287
0.3639379143714905
-0.2983298599720001
-0.03547746315598488
0.8001334071159363
0.056756630539894104
-0.32678908109664917
0.05311524122953415
0.5904988646507263
0.34248265624046326
0.5048494935035706
0.7197661399841309
0.5668731331825256
0.041980523616075516
0.23633244633674622
-0.17223943769931793
-0.4175424575805664
0.14989382028579712
-0.3471125364303589
-0.19793331623077393
-0.5096117854118347
0.15860462188720703
-0.06060470640659332
-0.16312871873378754
0.20771436393260956
0.3472761809825897
0.5231504440307617
0.10040485858917236
0.3775618076324463
0.7521116137504578
0.46486395597457886
0.7461829781532288
0.6322340369224548
0.21481208503246307
-0.25942063331604004
-0.2862691581249237
-0.7858788371086121
0.40716832876205444
-0.015146528370678425
-0.15340113639831543
-0.5948107242584229
0.3474123477935791
0.39817726612091064
0.5012914538383484
1.0819958448410034
0.41505342721939087
0.7511206269264221
1.0160943269729614
1.4184255599975586
0.31090328097343445
0.23073476552963257
0.3746553659439087
0.4302091896533966
0.025822553783655167
-0.4254518747329712
0.5335566401481628
0.01595037616789341
0.24990254640579224
0.23758962750434875
0.3549276292324066
0.09126827120780945
0.02075042389333248
0.0733470618724823
0.02450696751475334
-0.017980732023715973
0.040493760257959366
-0.07800386846065521
-0.013456995598971844
0.01402348279953003
-0.028202315792441368
0.06002650037407875
-0.01576087437570095
-0.045768458396196365
0.020118270069360733
0.02472841925919056
-0.06218751519918442
-0.03638844937086105
-0.034004125744104385
-0.060877781361341476
0.05189746990799904
-0.005693343002349138
-0.030658064410090446
0.020713286474347115
-0.09858610481023788
0.04349437728524208
-0.022145921364426613
0.01621420681476593
0.011763752438127995
-0.014416860416531563
-0.019070640206336975
0.044175829738378525
0.06489427387714386
-0.022138848900794983
-0.09209980815649033
-0.026949794963002205
0.08430144190788269
0.025378433987498283
-0.05206570401787758
-0.006157765630632639
0.013265237212181091
-0.08920012414455414
-0.11533322930335999
0.0011858181096613407
-0.01927284151315689
-0.07959543913602829
0.026285624131560326
0.006438433658331633
-0.018669040873646736
-0.01031393650919199
0.6202089190483093
0.2733120620250702
0.8847141265869141
1.3093839883804321
0.3438241481781006
-0.15383096039295197
-0.07136709988117218
1.0087902545928955
0.07611823081970215
0.010125048458576202
-0.23088884353637695
0.6248009204864502
0.501945436000824
0.39987048506736755
0.7224757671356201
0.6995939612388611
0.024556366726756096
0.10006719827651978
-0.08624299615621567
0.26399585604667664
-0.04371274635195732
-0.2720079720020294
-0.5074089765548706
-0.4633086919784546
0.20219916105270386
-0.24517756700515747
-0.3218161463737488
-0.3054138123989105
0.333954393863678
0.09677387028932571
0.2757534086704254
0.5190807580947876
-0.08218447864055634
-0.00826385896652937
0.1181270033121109
0.2337309867143631
-0.11963541060686111
0.042756371200084686
0.14228489995002747
-0.09845589101314545
-0.2878037095069885
-0.14936088025569916
-0.4648507237434387
-0.2429395318031311
0.15719901025295258
0.06463870406150818
0.1706419587135315
0.11470470577478409
0.023391932249069214
-0.005600154399871826
-0.03974010422825813
-0.10434886813163757
0.026593467220664024
0.05577465519309044
-0.05160665512084961
0.020482562482357025
-0.003960607573390007
-0.007767887786030769
-0.013176990672945976
-0.043216343969106674
-0.012612474150955677
-0.08107253164052963
0.054190509021282196
-0.014328544959425926
-0.006635142024606466
-0.05457216873764992
-0.1788851022720337
0.12405990809202194
-0.24900949001312256
-0.36899110674858093
0.30241337418556213
-0.11209797114133835
0.12176981568336487
0.18443997204303741
0.5114866495132446
-0.01944715902209282
0.6107782125473022
0.39804598689079285
0.728549599647522
1.118714451789856
0.47379425168037415
0.5365031361579895
0.6327563524246216
1.046402096748352
0.66349858045578
0.266025185585022
0.1742357313632965
0.8670631051063538
0.7114670872688293
0.33677971363067627
0.19423504173755646
0.27000486850738525
1.3140865564346313
0.9602844715118408
1.2915568351745605
1.2194854021072388
-0.028839359059929848
-0.02064843848347664
0.053616009652614594
0.01840263232588768
-0.01872878521680832
-0.003066360019147396
-0.028910428285598755
-0.10215616226196289
0.08755762875080109
-0.054481711238622665
-0.006002673879265785
0.06383327394723892
-0.07493769377470016
0.05530397221446037
0.05121248587965965
0.028486881405115128
-0.006026241462677717
0.22969767451286316
0.2701961398124695
0.04091620072722435
-0.07682112604379654
-0.05000883340835571
-0.3937032222747803
-0.06331893056631088
0.22217950224876404
-0.10799198597669601
0.1836707442998886
-0.3635089695453644
0.4156825840473175
0.29130250215530396
0.5789045691490173
0.9033704996109009
0.02229142002761364
0.054791539907455444
0.011298371478915215
-0.032726626843214035
-0.01818486675620079
-0.013751549646258354
-0.010102705098688602
0.001030650339089334
0.042240701615810394
0.10198754072189331
-0.031678516417741776
-0.03758374601602554
0.004808587953448296
0.0551019050180912
-0.03191971778869629
0.009072698652744293
0.17221790552139282
0.40770962834358215
0.4182676672935486
0.8091681003570557
0.09609141945838928
-0.13718026876449585
-0.07042606174945831
0.461850106716156
0.14864526689052582
-0.5265178680419922
-0.09773705899715424
0.20428891479969025
0.4576539099216461
0.33862629532814026
0.31402072310447693
0.5526213645935059
-0.002655793447047472
-0.0062828874215483665
0.07045024633407593
-0.03705035522580147
-0.006663414649665356
-0.051841869950294495
0.07859914749860764
0.002546015428379178
-0.011234566569328308
0.02739138714969158
-0.0026916491333395243
-0.024044392630457878
-0.08774946630001068
-0.01455114409327507
0.04448225349187851
0.03753301501274109
0.45685842633247375
0.5511935949325562
0.7104071378707886
1.4584934711456299
0.47257015109062195
0.1445150375366211
-0.2564243674278259
0.04543386772274971
0.22343243658542633
0.005595400929450989
0.015761174261569977
0.09760360419750214
0.6028456091880798
0.2888415455818176
0.6470056176185608
0.4420149624347687
0.4695534110069275
0.6430234909057617
0.39752545952796936
0.8190086483955383
0.14578025043010712
0.057051509618759155
-0.24198582768440247
0.08005939424037933
0.11614584177732468
0.06753990054130554
-0.23887024819850922
-0.4397830665111542
0.5066035389900208
0.06666973233222961
0.650202751159668
0.764033317565918
0.34488603472709656
0.3077796995639801
0.38626453280448914
1.300638198852539
0.25036531686782837
-0.1130061149597168
0.17821791768074036
-0.07540898770093918
0.3393186628818512
0.18560759723186493
0.004640407394617796
0.1969687044620514
0.508587121963501
0.40917468070983887
0.6909434199333191
1.0358061790466309
0.024256378412246704
-0.04665340855717659
-0.0066897631622850895
-0.04193120449781418
-0.04261871427297592
0.03254405036568642
-0.05335361510515213
-0.007771488279104233
-0.049009960144758224
-0.0018895837711170316
-0.024842210114002228
0.06147560849785805
-0.046978242695331573
0.09365225583314896
0.033865030854940414
-0.07836448401212692
0.41168347001075745
0.5205154418945312
0.7335178256034851
0.9899656176567078
0.42644521594047546
0.019108176231384277
0.024412184953689575
0.13786548376083374
0.2551555931568146
0.11183661967515945
-0.02482546865940094
-0.01761028915643692
0.6363477110862732
0.1560676097869873
0.9141263961791992
0.7987250089645386
0.07798970490694046
0.3795810639858246
0.15530413389205933
0.4960119426250458
0.10308364033699036
-0.10229268670082092
0.13300788402557373
-0.04600072279572487
-0.46593615412712097
-0.11835914105176926
-0.21248123049736023
0.24192674458026886
-0.19196608662605286
0.04595422372221947
0.06433877348899841
0.301507830619812
0.07133446633815765
0.14030708372592926
-0.11335866153240204
-0.09036388993263245
-0.21675702929496765
-0.15731196105480194
-0.2789098024368286
0.29032278060913086
-0.16328980028629303
-0.10737378150224686
0.08827434480190277
0.11320957541465759
-0.09751100838184357
-0.0603199265897274
0.08958891034126282
0.14933201670646667
0.04123850539326668
-0.042327772825956345
-0.01586124673485756
0.02224763296544552
0.010617190971970558
-0.06277959793806076
0.06862033903598785
0.013831094838678837
-0.0604705847799778
0.014984105713665485
0.02508910931646824
0.02921304479241371
-0.046333178877830505
-0.0572446770966053
-0.0012183086946606636
-0.045575547963380814
0.33837321400642395
0.17758923768997192
0.3683715760707855
0.39781537652015686
0.10902541130781174
-0.38300779461860657
-0.1091730073094368
-0.0839291512966156
0.3967649042606354
-0.026215240359306335
0.07129854708909988
0.0052952212281525135
0.24960696697235107
0.5472909808158875
0.8886966705322266
1.1631978750228882
0.5894132256507874
0.660786509513855
0.5575695633888245
1.108825445175171
0.3270854353904724
-0.1036217212677002
-0.006481643300503492
0.6686375141143799
0.07192935794591904
-0.02156311273574829
-0.40023210644721985
0.44801709055900574
0.5665149688720703
0.39884331822395325
0.4608229994773865
0.4852176010608673
0.003247584216296673
0.35774287581443787
0.3278314471244812
0.7965690493583679
0.20085817575454712
0.06338115781545639
0.34651851654052734
0.07715447247028351
-0.288979709148407
-0.11680620908737183
-0.1414642333984375
-0.14109393954277039
0.21166187524795532
-0.02778005041182041
0.5171060562133789
-0.10586059838533401
0.12711350619792938
0.361663818359375
0.6112313866615295
1.0222150087356567
0.15117664635181427
-0.10459132492542267
-0.024805089458823204
0.12214724719524384
-0.10812932997941971
-0.3010226786136627
-0.23529747128486633
-0.3542482852935791
0.319895476102829
-0.02574251964688301
0.49218443036079407
0.13757869601249695
0.5298255681991577
0.48771634697914124
0.628945529460907
1.016404151916504
0.47245755791664124
0.10715221613645554
0.24432238936424255
0.2769400179386139
0.1846683770418167
-0.15433652698993683
-0.3326621353626251
0.10567258298397064
0.4035530686378479
0.4524736702442169
0.3392378091812134
0.30137771368026733
0.19047507643699646
0.2013513147830963
-0.05691458284854889
0.729590117931366
-0.0499594509601593
-0.3336203396320343
-0.046534471213817596
0.25405699014663696
0.0006780445692129433
-0.3896434009075165
-0.18915048241615295
-0.2514103651046753
0.3391883373260498
0.05294221267104149
0.3274123966693878
0.797232449054718
0.33277615904808044
0.3231746256351471
0.6746035218238831
1.551978588104248
0.3507011830806732
-0.25540539622306824
0.07428442686796188
0.8892520070075989
0.18417255580425262
-0.02667136862874031
-0.2833399772644043
0.6569427847862244
0.5070542097091675
0.49020135402679443
0.7309883236885071
0.6830841302871704
0.0500619150698185
0.16522903740406036
-0.12969642877578735
-0.08399557322263718
0.14345623552799225
-0.23302127420902252
-0.051277678459882736
-0.5931789875030518
0.19375371932983398
-0.03376565873622894
0.23234160244464874
0.21930544078350067
0.31914499402046204
0.41623416543006897
0.015429239720106125
0.4195748269557953
0.5082177519798279
0.4025762677192688
0.8188959360122681
0.6848392486572266
0.3732873797416687
0.01311916671693325
-0.726978063583374
-0.4864824116230011
0.36896735429763794
0.17088034749031067
-0.05738285556435585
-0.6293289661407471
0.34745147824287415
0.4259454309940338
0.5483840703964233
1.0306259393692017
0.23982909321784973
0.6516171097755432
1.086838722229004
1.499800205230713
0.2137969732284546
0.29236486554145813
0.5250062942504883
0.6029464602470398
0.010249060578644276
-0.3553326427936554
0.12974733114242554
-0.09099110960960388
0.38370051980018616
0.2536802291870117
0.45024701952934265
0.1673705130815506
0.04638003557920456
0.047076091170310974
0.005784992594271898
-0.028847586363554
-0.0749964565038681
-0.015263357199728489
-0.05536254867911339
-0.0024395855143666267
-0.044564347714185715
-0.003175432328134775
0.03477462753653526
0.054749056696891785
0.016275156289339066
0.015681175515055656
-0.03317393362522125
0.026232020929455757
-0.06525450199842453
0.01637718267738819
0.008584605529904366
0.013667992316186428
-0.0076331282034516335
0.04593813419342041
-0.001280869240872562
-0.012211216613650322
0.008899104781448841
-0.0032247481867671013
-0.0362120196223259
-0.04324201121926308
0.05588274076581001
-0.037766143679618835
0.00929965265095234
0.05082090571522713
-0.023441528901457787
0.07498224824666977
-0.0013576969504356384
0.03360319137573242
-0.00043652355088852346
-0.03112640790641308
0.052171096205711365
0.13482779264450073
0.09482789039611816
-0.13666723668575287
0.031961891800165176
0.018492799252271652
-0.006000305060297251
0.058775268495082855
0.03133684769272804
0.02018408104777336
0.11053039133548737
0.4606383144855499
-0.3316744267940521
0.2570525109767914
0.3072602152824402
0.10786738246679306
-0.6857237219810486
-0.7969834208488464
0.08991245925426483
0.24127323925495148
-0.7223939895629883
-0.4769223928451538
0.11299806833267212
-0.3723905682563782
0.03554230555891991
0.6406644582748413
-0.04449457302689552
0.029292698949575424
0.0812891498208046
-0.5524182319641113
-0.05408865958452225
-0.22798366844654083
0.2202465832233429
-0.019390132278203964
0.20126819610595703
-0.1372412145137787
0.37122052907943726
0.4158710837364197
-0.3731103241443634
-0.09852223098278046
0.17948581278324127
0.4021620750427246
-0.3705223500728607
0.0315331406891346
-0.043535277247428894
-0.10384807735681534
0.17252755165100098
0.07277408987283707
0.08405718952417374
-0.7296715378761292
-0.1102953553199768
-0.21376003324985504
0.4015500843524933
0.3021898865699768
0.2643732726573944
0.12025710940361023
0.039818715304136276
0.38856884837150574
-0.024062789976596832
-0.11296901106834412
0.017395008355379105
0.07019273936748505
-0.040020689368247986
0.01670149713754654
0.0026940046809613705
0.05635426193475723
-0.02731781080365181
-0.028805039823055267
0.0395604632794857
-0.06636039167642593
0.020016804337501526
0.002615179168060422
-0.07318704575300217
0.10088612884283066
-0.05764495208859444
-0.18800893425941467
-0.011871307156980038
-1.0665347576141357
-0.2545515298843384
-0.35214918851852417
-0.5308247208595276
-0.10259084403514862
0.18983319401741028
0.07818742096424103
-0.02957356534898281
0.3407960832118988
0.14655907452106476
0.03565054386854172
0.45631512999534607
0.8992839455604553
0.16934017837047577
0.31675440073013306
0.33975085616111755
-0.6312993764877319
0.24740609526634216
-0.1246396079659462
-0.4281354248523712
-1.031875729560852
0.6166447997093201
0.04069807007908821
0.08977996557950974
-0.5161213278770447
0.21432024240493774
0.45122623443603516
-0.23011808097362518
0.8061192035675049
-0.0642126202583313
0.03410331532359123
0.020631587132811546
-0.027585888281464577
-0.027680736035108566
-0.007071549538522959
0.020518505945801735
0.023537959903478622
-0.052508749067783356
-0.05138999968767166
-0.007421571761369705
0.1145457997918129
-0.05142800137400627
-0.042911019176244736
0.0036836641374975443
0.10879071056842804
-0.15176363289356232
-0.02218478173017502
0.15621234476566315
-0.543907880783081
-0.19440503418445587
-0.6112521886825562
0.1894873082637787
-0.012428004294633865
0.3887782096862793
0.1396913230419159
0.2725781202316284
0.5469950437545776
-0.49324217438697815
0.0445406436920166
0.3438700735569
0.9292839169502258
0.03632400929927826
-0.08419231325387955
0.018010884523391724
-0.061115194112062454
-0.10584253817796707
-0.05879450961947441
-0.04852406680583954
0.03794175758957863
-0.06264054775238037
0.008604492992162704
0.10118675231933594
0.020706525072455406
-0.021755943074822426
-0.0064950124360620975
-0.017484256997704506
-0.007942035794258118
0.14289753139019012
0.2091270089149475
-0.021511318162083626
0.31832268834114075
-0.05894364416599274
-0.21817965805530548
-0.10401319712400436
-0.7863273620605469
0.3404916226863861
0.19523122906684875
-0.33222970366477966
-0.2349553108215332
-0.3097052574157715
-0.18335656821727753
0.16637198626995087
0.7642166018486023
0.037630174309015274
-0.007681649643927813
0.061071448028087616
0.057742826640605927
-0.004567342810332775
2.3733250600344036e-06
-0.015230781398713589
-0.048758577555418015
0.04292823374271393
-0.039684150367975235
0.014171579852700233
-0.021616194397211075
-0.02481936663389206
0.011044339276850224
0.04457755759358406
0.01742984727025032
0.17537523806095123
0.5994952917098999
0.7739769220352173
0.24749772250652313
0.14364774525165558
-0.15030209720134735
0.20204810798168182
-0.920854926109314
0.020383380353450775
-0.21041041612625122
-0.13927963376045227
-0.22934220731258392
0.09038447588682175
-0.1845114380121231
-0.1146974116563797
0.14135028421878815
0.23255397379398346
0.4947071075439453
0.5736187696456909
0.03754318505525589
0.1618172526359558
-0.1385364979505539
-0.19750627875328064
-0.9203695058822632
-0.019208846613764763
-0.07495342940092087
0.10523587465286255
0.04411686584353447
0.6349380612373352
0.21110710501670837
0.49663594365119934
0.499444842338562
0.3112124502658844
0.18564265966415405
0.5359939336776733
-0.2385784089565277
0.23415350914001465
-0.4456138610839844
-0.5461426973342896
-0.717955470085144
0.30461281538009644
-0.38239896297454834
0.1125403344631195
-0.09349682927131653
0.3446054756641388
-0.07397114485502243
-0.005696795880794525
0.6256747245788574
0.022252289578318596
-0.00659380666911602
0.0005994678940623999
-0.03547701612114906
0.061560533940792084
-0.011063510552048683
0.018506024032831192
0.02711520344018936
-0.009643223136663437
-0.04929577559232712
0.06551475077867508
0.016402937471866608
-0.030487319454550743
0.013326194137334824
-0.08092112839221954
0.053544897586107254
0.17237989604473114
0.38232502341270447
0.8701444864273071
-0.2192474901676178
-0.10054245591163635
-0.4177291989326477
-0.34458857774734497
-0.4715611934661865
0.043416306376457214
-0.40872281789779663
0.06683862954378128
-0.0988311767578125
0.1670074164867401
-0.1795007735490799
0.046151407063007355
0.6808127164840698
0.20470161736011505
0.5317975282669067
0.24720311164855957
0.2627847492694855
0.6191946864128113
0.03138760104775429
-0.0219208225607872
-0.8488233685493469
-0.40655407309532166
0.28454333543777466
0.21685785055160522
0.07336761802434921
-0.26146239042282104
0.17312011122703552
0.07228446751832962
0.114395372569561
0.31982654333114624
0.09710294008255005
-0.1253860741853714
-0.42825043201446533
-0.19398225843906403
0.025668179616332054
0.48157748579978943
0.15387019515037537
-0.2785097360610962
0.09228137880563736
0.2181904911994934
0.049703605473041534
-0.18954500555992126
0.2621646523475647
0.03345038369297981
0.12514060735702515
-0.00927022099494934
0.010122999548912048
0.053335946053266525
0.07034625858068466
-0.012006393633782864
-0.00980695802718401
0.02583700232207775
0.04589272290468216
-0.0016089444980025291
0.014089332893490791
0.04731850326061249
-0.011653049848973751
0.05118774250149727
-0.008362502790987492
0.012562897056341171
-0.06215421482920647
-0.061409834772348404
0.15745986998081207
0.506178617477417
-1.0122679471969604
0.1044493243098259
-0.42607399821281433
-0.05560179799795151
-0.1942102611064911
0.6612317562103271
-0.005062036216259003
-0.16087816655635834
0.05026055499911308
-0.5898602604866028
0.28608086705207825
0.4214645028114319
1.2556648254394531
0.2303565889596939
0.7036325931549072
0.040780626237392426
0.5557318329811096
0.34459659457206726
0.37015512585639954
-0.5236927270889282
-0.48505300283432007
-0.0010541243245825171
0.2483283132314682
-0.16544698178768158
-0.3364584743976593
0.30297064781188965
-0.31968608498573303
0.3598114252090454
0.7942780256271362
-0.3093204200267792
0.41801705956459045
0.45775410532951355
-0.005678623914718628
-0.11044156551361084
-0.23121874034404755
0.40849626064300537
-0.6875113248825073
-0.3237574100494385
-0.1776484102010727
0.22957853972911835
0.17508569359779358
0.33256101608276367
0.07029755413532257
-0.30398333072662354
0.06873375922441483
-0.30415597558021545
0.4657753109931946
0.6342237591743469
-0.1736256629228592
-0.10633818060159683
0.07977542281150818
0.6093893051147461
-0.8463461399078369
-0.28975892066955566
-0.2552264630794525
0.4466528296470642
0.2472943663597107
0.502433717250824
0.10937676578760147
-0.2906613349914551
0.33841970562934875
0.3490748703479767
0.5829598307609558
0.09927938133478165
0.7411310076713562
0.19220858812332153
0.08691395819187164
-0.44408994913101196
-0.7352139353752136
-0.021475091576576233
0.28654587268829346
-0.31714797019958496
-0.18100705742835999
-0.05808132141828537
-0.21527986228466034
0.07907968014478683
0.2796746790409088
0.11681894958019257
0.2961609661579132
0.10118558257818222
-0.3057517409324646
-0.12641747295856476
-0.23224210739135742
-0.41707149147987366
-0.9051110744476318
-0.28890350461006165
-0.09255234152078629
0.11074663698673248
0.08098895847797394
0.4303067624568939
-0.11563906818628311
0.15136121213436127
0.49248138070106506
0.0836419090628624
0.32025983929634094
-0.2527039051055908
0.05560343340039253
0.25436240434646606
-0.010725315660238266
-0.9983811378479004
-0.7724165916442871
0.08142276108264923
0.21417224407196045
-0.9404782652854919
-0.4687614440917969
0.14190952479839325
-0.3595297038555145
0.1960744559764862
0.8963571786880493
0.34272822737693787
0.1795208901166916
-0.03429014980792999
-0.11537867784500122
0.051932331174612045
-0.29855138063430786
0.2012249380350113
0.6974117159843445
0.3068902790546417
0.10581163316965103
0.2677270770072937
0.06766965240240097
-0.672692060470581
0.17433106899261475
0.34461739659309387
0.5060349702835083
0.14137038588523865
0.2928677201271057
0.904022216796875
-0.4176490306854248
0.28452837467193604
-0.1497189700603485
0.18208380043506622
-0.3304283618927002
0.5943275690078735
-0.23327098786830902
0.4721654951572418
0.13921606540679932
-0.2795117497444153
0.32562586665153503
0.40227192640304565
0.8217741847038269
0.16973012685775757
0.7197806239128113
0.5138962864875793
0.6834604144096375
0.07104448229074478
0.17076390981674194
-0.11845020204782486
-1.0247536897659302
0.18680702149868011
-0.11290741711854935
-0.6512473225593567
-0.3532668650150299
0.26164186000823975
-0.17413264513015747
-0.0372757762670517
0.21666058897972107
-0.06576316803693771
-0.05674819275736809
0.0038376743905246258
-0.046378474682569504
0.0833539143204689
0.02399182692170143
-0.06558764725923538
-0.01170705072581768
-0.03240017965435982
0.03693796321749687
0.011891086585819721
-0.005579507909715176
-0.05829205736517906
0.0029842799995094538
-0.037908606231212616
0.010090363211929798
-0.050460297614336014
0.019703291356563568
0.07953763753175735
-0.01621519960463047
-0.08851775527000427
0.018451478332281113
0.017122097313404083
-0.030153261497616768
-0.04254179820418358
0.026278620585799217
0.04011595994234085
0.04866527020931244
0.007390292827039957
0.02775494009256363
0.049336325377225876
0.018801365047693253
-0.022605830803513527
-0.00021990214008837938
-0.004913687240332365
-0.04656878486275673
-0.0016353788087144494
0.030059324577450752
-0.03358534723520279
0.007372118998318911
0.05966322124004364
0.03944655507802963
-0.015762774273753166
0.013345790095627308
0.05086857080459595
-0.05846162512898445
0.01816270872950554
0.028500549495220184
0.5650696754455566
0.36339887976646423
0.8941195011138916
1.336629867553711
0.415681928396225
-0.08543377369642258
-0.3404334783554077
1.0016716718673706
0.20457081496715546
-0.3779691755771637
-0.2928372919559479
0.687972903251648
0.5412903428077698
0.09408184885978699
0.6339626908302307
0.6155099272727966
0.07359333336353302
0.08368708193302155
0.10041659325361252
0.3669385612010956
-0.15239383280277252
-0.1592322140932083
-0.41791048645973206
-0.2906925678253174
0.23450951278209686
-0.18631243705749512
-0.4148550033569336
-0.2526257634162903
0.32144081592559814
0.08563319593667984
0.04877946898341179
0.384150892496109
-0.000416775030316785
-0.0254521444439888
0.03671099618077278
0.21401359140872955
-0.11560957133769989
0.11499078571796417
0.06879401952028275
-0.08621950447559357
-0.16611348092556
-0.11986007541418076
-0.5286641120910645
-0.176620215177536
0.054526034742593765
0.08317916840314865
0.14325018227100372
0.15348809957504272
0.025667350739240646
0.06867855787277222
-0.0016958016203716397
-0.08835040032863617
-0.06499797105789185
0.055833008140325546
0.030530817806720734
-0.01764810085296631
0.036731600761413574
0.031119154766201973
0.05146260932087898
-0.05242832750082016
0.03479871153831482
0.0050378465093672276
0.015255304053425789
0.04067112132906914
0.06240678206086159
-0.006523520220071077
-0.19488386809825897
0.20219697058200836
-0.15600883960723877
-0.3698391616344452
0.09638739377260208
-0.10065393149852753
0.23563767969608307
-0.17345720529556274
0.19060468673706055
-0.0056598293595016
0.6593575477600098
0.31316882371902466
0.7941762804985046
1.1729477643966675
0.6612832546234131
0.5384353399276733
0.6725233793258667
1.2078895568847656
0.8411799669265747
0.2864130139350891
0.048809122294187546
1.0094600915908813
0.8181339502334595
0.2985919415950775
-0.2266383171081543
0.6698899269104004
1.2010122537612915
0.8970096111297607
0.7447911500930786
1.2873622179031372
0.12296469509601593
0.030396707355976105
-0.03992055729031563
-0.013466594740748405
0.04981909692287445
-0.06486179679632187
0.023496730253100395
-0.059669364243745804
-0.01968453824520111
-0.0661291554570198
-0.001207552501000464
0.05190374702215195
-0.016228288412094116
0.021063679829239845
-0.0490015484392643
-0.023831281810998917
0.11573467403650284
0.2561403512954712
0.20744983851909637
0.04019489139318466
-0.02228071168065071
-0.041183702647686005
-0.31642600893974304
-0.020412225276231766
0.22659137845039368
-0.20530468225479126
-0.15778477489948273
-0.2616172432899475
0.3903668224811554
0.2807437777519226
0.49433019757270813
0.8898780941963196
-0.04753025248646736
0.008308016695082188
-0.0064134178683161736
-0.06659456342458725
0.015794886276125908
-0.03531156852841377
0.010507890023291111
-0.05140160396695137
-0.009296451695263386
-0.05775744467973709
0.011943518184125423
-0.08522382378578186
0.005306962411850691
-0.04540719464421272
-0.0043198904022574425
-0.007004927843809128
0.2769336402416229
0.4961848556995392
0.47865304350852966
0.9770960211753845
0.28018200397491455
-0.041174788028001785
-0.37695127725601196
0.39750218391418457
0.126713365316391
-0.4982518255710602
-0.3982580900192261
0.2651366591453552
0.46832796931266785
-0.040004756301641464
0.2789822518825531
0.5820746421813965
-0.07827221602201462
-0.05950886756181717
0.07995916903018951
0.02775547280907631
0.0530717596411705
0.02102315053343773
-0.012729576788842678
-0.03239978104829788
0.060358647257089615
-0.014692720025777817
-0.033022746443748474
-0.03021266683936119
-0.03969557583332062
-0.026889659464359283
-0.039823632687330246
-0.040073346346616745
0.7422302961349487
0.6758065223693848
0.6524099111557007
1.453525424003601
0.49684587121009827
0.2763127386569977
-0.3659416139125824
0.14394819736480713
0.3054112493991852
0.07157908380031586
-0.1633552759885788
0.5150535702705383
0.6445292234420776
-0.00014042010297998786
0.335488885641098
0.5497055649757385
0.4973171055316925
0.5906580686569214
0.3967856466770172
0.8379420042037964
0.19984252750873566
-0.06753664463758469
-0.24044755101203918
0.0946868285536766
0.1672963798046112
0.00948527455329895
-0.2515724003314972
-0.013665045611560345
0.5122538208961487
-0.2749662399291992
0.5710479617118835
0.7252793908119202
0.47397974133491516
0.3567396402359009
0.3258034288883209
1.1524600982666016
0.3496522307395935
-0.008301366120576859
0.14366690814495087
0.10530080646276474
0.37396830320358276
0.0641711875796318
-0.23391838371753693
0.4528602063655853
0.4281719923019409
0.40661391615867615
0.4445016086101532
1.2076948881149292
-0.0036095287650823593
0.03439677879214287
-0.005494636949151754
0.053285151720047
-0.035206396132707596
-0.03257308527827263
0.028045395389199257
0.011573654599487782
-0.05394550412893295
-0.025068344548344612
-0.024145949631929398
-0.00675641093403101
-0.06699403375387192
0.017838502302765846
0.0926334485411644
-0.026148322969675064
0.7142683267593384
0.490938276052475
0.8063084483146667
0.94483482837677
0.48785385489463806
-0.010275512933731079
-0.043292369693517685
0.33091673254966736
0.34179386496543884
0.12418908625841141
-0.21941864490509033
0.4089176058769226
0.5038723945617676
-0.0340195931494236
0.5516640543937683
1.0329234600067139
0.09246820211410522
0.3599891662597656
0.13804002106189728
0.4423980712890625
0.10571351647377014
-0.07302923500537872
0.0732342079281807
-0.10822810232639313
-0.36067214608192444
-0.01529688574373722
-0.5066736936569214
-0.06752197444438934
-0.1377876102924347
-0.3300134241580963
-0.0028981065843254328
0.20418792963027954
0.10932642221450806
0.16420507431030273
-0.11457693576812744
-0.007015269249677658
-0.2630150020122528
-0.1399850845336914
-0.23470047116279602
0.18164481222629547
-0.028460554778575897
-0.08740580826997757
-0.09185688197612762
0.07943734526634216
-0.1448683887720108
-0.10329435020685196
0.10017950087785721
0.21085859835147858
-0.0019315530080348253
-0.0034187629353255033
0.00215806788764894
-0.004988586064428091
0.05822058767080307
-0.025490153580904007
0.10430653393268585
-0.05528397858142853
0.019334079697728157
0.016689274460077286
-0.019240528345108032
0.017444519326090813
-0.023809093981981277
0.08346287906169891
-0.01605585403740406
-0.0004500179784372449
0.3191474676132202
0.24186336994171143
0.42690473794937134
0.29219216108322144
0.2617928981781006
-0.26568523049354553
-0.31593677401542664
0.09094661474227905
0.5167326927185059
-0.12867003679275513
-0.10643322020769119
0.19260233640670776
0.08494522422552109
0.5118158459663391
0.685377836227417
1.0698041915893555
0.547688364982605
0.654910683631897
0.6159159541130066
1.1025044918060303
0.28157058358192444
-0.01271482091397047
-0.43875887989997864
0.5148072242736816
0.16458319127559662
-0.1720925122499466
-0.5667906403541565
0.3505287766456604
0.5043370723724365
-0.1528487354516983
0.3604755699634552
0.5498690009117126
0.12062863260507584
0.31312692165374756
0.27522245049476624
0.8549549579620361
0.18069542944431305
0.15750038623809814
0.28909626603126526
0.11662159115076065
-0.16094572842121124
-0.17685167491436005
-0.28653374314308167
0.12923578917980194
0.19378496706485748
-0.33934253454208374
0.16802765429019928
0.13710394501686096
0.2553756535053253
0.46390464901924133
0.5485643744468689
0.9930883646011353
0.11225379258394241
-0.090171679854393
0.17419548332691193
0.2306348979473114
-0.13845138251781464
-0.14299657940864563
-0.5149548649787903
-0.3042988181114197
0.21399928629398346
-0.24260006844997406
0.30508142709732056
0.19967792928218842
0.5399917960166931
0.4614872336387634
0.5723291039466858
0.9665284156799316
0.44623491168022156
0.08914107084274292
0.08567383885383606
0.22723262012004852
0.24617426097393036
-0.23479489982128143
-0.5161675214767456
0.16837547719478607
0.320849746465683
-0.04649389907717705
0.1319177895784378
0.18216268718242645
0.2841711938381195
0.18854878842830658
-0.02226455695927143
0.8107545375823975
0.02350548282265663
-0.3393261134624481
-0.043702613562345505
0.2986002564430237
0.05561775714159012
-0.3364171087741852
-0.40197595953941345
-0.20787741243839264
0.35197708010673523
-0.1637507826089859
0.16803506016731262
0.6002947092056274
0.3345480263233185
0.21704748272895813
0.7668354511260986
1.5019114017486572
0.4249892830848694
-0.21852751076221466
-0.1940852701663971
0.7500412464141846
0.16562297940254211
-0.14301976561546326
-0.1632147580385208
0.7020021677017212
0.46506431698799133
0.2051277905702591
0.5895252227783203
0.7186713814735413
0.03881356120109558
0.11581850796937943
-0.05584821477532387
-0.21923880279064178
0.11525246500968933
-0.08404354006052017
0.13179516792297363
-0.5365571975708008
0.18791359663009644
-0.12365720421075821
-0.12480071932077408
0.22754818201065063
0.23513874411582947
0.46830445528030396
0.1344420611858368
0.38748109340667725
0.6240389943122864
0.5059753656387329
0.7560571432113647
0.7740944623947144
0.38994738459587097
0.06530405580997467
-0.5889278650283813
-0.24806545674800873
0.5313060879707336
0.2671441435813904
-0.38351157307624817
-0.5091343522071838
0.30182111263275146
0.40534788370132446
0.2698045074939728
0.9666467905044556
0.2557331621646881
0.7181171774864197
0.9283453226089478
1.438218593597412
0.20253074169158936
0.26527702808380127
0.40693411231040955
0.6242966055870056
0.010942262597382069
-0.3422308564186096
0.1351139396429062
0.35852816700935364
0.40703293681144714
-0.1011599749326706
0.29098716378211975
0.1537076085805893
-0.01827237941324711
-0.013821172527968884
-0.05500686168670654
0.03257281333208084
-0.03817988187074661
-0.014411947689950466
0.022236015647649765
0.01421589870005846
-0.04560510814189911
0.013614767231047153
0.027048977091908455
0.011900928802788258
0.03790503740310669
-0.03715064376592636
-0.05160722881555557
-0.013850140385329723
0.02825646661221981
0.07678219676017761
-0.006344727240502834
0.07187569886445999
0.08230872452259064
0.043510910123586655
-0.05503079667687416
-0.01601480133831501
-0.019636912271380424
0.0317271426320076
-0.0004653403302654624
0.03006279096007347
0.02616417594254017
0.01400439627468586
0.029347358271479607
-0.03250609710812569
-0.04552476853132248
0.0010650010081008077
-0.02035091258585453
-0.013615645468235016
0.04422271251678467
-0.01014039944857359
-0.05785185843706131
-0.007780307903885841
-0.03916236758232117
0.004123831167817116
-0.003016353351995349
-0.002840931061655283
0.0037590675055980682
-0.018143203109502792
0.006901978515088558
0.05615469440817833
0.5175271034240723
0.22193726897239685
0.7172010540962219
1.3953588008880615
0.3456043601036072
-0.0796419233083725
-0.331628680229187
1.0801913738250732
0.003398593980818987
-0.20320168137550354
-0.22185702621936798
0.411909282207489
0.4865729808807373
0.2667562663555145
0.6134076714515686
0.6274542808532715
0.25766322016716003
0.0980852022767067
-0.047057222574949265
0.22165372967720032
-0.007059811148792505
-0.28081807494163513
-0.47133979201316833
-0.3380410969257355
0.3345462381839752
-0.2299315184354782
-0.23974862694740295
-0.2746032476425171
0.3649575114250183
0.052868347615003586
0.21929596364498138
0.4160047173500061
-0.04960509389638901
0.004377513192594051
0.10759907215833664
0.2994353175163269
-0.0675043910741806
0.04659680277109146
0.08430541306734085
-0.09300803393125534
-0.3478427529335022
-0.19573189318180084
-0.5805480480194092
-0.17864753305912018
0.20770828425884247
0.05793287977576256
0.19590868055820465
0.18899856507778168
0.004786687437444925
0.05941396579146385
-0.017643244937062263
-0.03683317080140114
0.019868046045303345
-0.056468021124601364
-0.04081178829073906
-0.06333912909030914
0.006082851905375719
0.040776584297418594
0.02902909927070141
-0.02460659109055996
-0.010516581125557423
-0.018287815153598785
0.049777306616306305
-0.016169313341379166
0.10211603343486786
-0.0994064137339592
-0.14889459311962128
0.09296064078807831
-0.2608143389225006
-0.5302300453186035
0.1653096079826355
-0.03752182424068451
0.1479165107011795
-0.017727749422192574
0.3971748650074005
0.08511577546596527
0.6903451681137085
0.31890085339546204
0.804239809513092
1.1798487901687622
0.3483459949493408
0.3884506821632385
0.694686233997345
1.0453306436538696
0.45709267258644104
0.21365594863891602
0.03526928275823593
0.8111963272094727
0.6698697209358215
0.24527865648269653
-0.12618346512317657
0.6443429589271545
1.1604409217834473
0.9813333749771118
0.8880881071090698
1.2305262088775635
0.0733964741230011
0.01009258534759283
0.04987766966223717
0.04420383647084236
0.08206373453140259
0.026543717831373215
-0.02830919809639454
-0.022376755252480507
-0.11850091069936752
0.004480928182601929
-0.025330925360322
0.015421961434185505
0.08244207501411438
0.012337728403508663
0.07471122592687607
-0.06312160938978195
-0.07609441876411438
0.13096193969249725
0.21337462961673737
-0.08377853035926819
-0.1132950484752655
-0.23051892220973969
-0.4847216010093689
0.018867548555135727
0.20793884992599487
-0.15768156945705414
-0.05809129402041435
-0.34135615825653076
0.2596402168273926
0.3045130670070648
0.5751587748527527
0.9571491479873657
0.00830021221190691
-0.049534425139427185
-0.021148012951016426
0.028532736003398895
0.007043051533401012
-0.012463514693081379
-0.02427656389772892
-0.03103877790272236
0.05174016207456589
-0.07420552521944046
0.08730223029851913
-0.04158234968781471
-0.04393288493156433
0.009832849726080894
0.06545945256948471
0.05077008157968521
0.21561641991138458
0.39390987157821655
0.36792126297950745
0.7881205081939697
0.09145690500736237
-0.1195448562502861
-0.3937607407569885
0.5502546429634094
0.016632836312055588
-0.5014757513999939
-0.1370207816362381
0.21247896552085876
0.4275670051574707
0.1461862176656723
0.22409003973007202
0.5136964917182922
-0.031359583139419556
0.13507166504859924
-0.05114159733057022
0.04778962954878807
-0.041119467467069626
0.06585749983787537
-0.0032292595133185387
0.057991158217191696
0.002758899237960577
-0.047499701380729675
0.01612461917102337
-0.007985309697687626
-0.06282191723585129
0.00483854953199625
0.040355097502470016
-0.03799862042069435
0.6359431743621826
0.5969949960708618
0.6505380868911743
1.4153666496276855
0.389563649892807
0.022124821320176125
-0.33357542753219604
0.1456417590379715
-0.0251091830432415
0.043252673000097275
-0.08341506868600845
0.4759295582771301
0.5410088896751404
0.21824206411838531
0.5421320199966431
0.6225994229316711
0.4033063054084778
0.6297990679740906
0.3814278244972229
0.8646484613418579
0.05105365067720413
-0.1913055181503296
-0.33742934465408325
-0.033841606229543686
-1.0214847861789167e-05
0.05486796423792839
-0.3268429636955261
-0.026978271082043648
0.4831427335739136
0.10051704943180084
0.7086430191993713
0.800054132938385
0.3745426833629608
0.3984653651714325
0.4143284857273102
1.0422555208206177
0.1925475150346756
-0.39390191435813904
0.17919355630874634
-0.10939875990152359
0.11121639609336853
0.1495945006608963
-0.20498763024806976
0.6132796406745911
0.36202678084373474
0.5070531368255615
0.5925032496452332
1.1343746185302734
0.020977690815925598
0.0337274931371212
0.05462249368429184
0.00531628355383873
0.012279517948627472
0.010784367099404335
-0.04899902269244194
0.011130757629871368
-0.011490818113088608
-0.011689755134284496
-0.021918034180998802
-0.031723037362098694
0.050258927047252655
-0.08560565114021301
0.018050914630293846
-0.030293451622128487
0.5656441450119019
0.382192999124527
0.6503286361694336
0.8240645527839661
0.2938139736652374
-0.18064464628696442
0.049120884388685226
0.27470889687538147
0.2472362220287323
0.07639758288860321
-0.25273722410202026
0.36324888467788696
0.3774259090423584
0.09182951599359512
0.6989443898200989
0.8603708744049072
0.05819088593125343
0.42495015263557434
0.12812761962413788
0.5019445419311523
0.1930559277534485
-0.10109981149435043
0.13291029632091522
-0.04834717884659767
-0.5580885410308838
-0.16720616817474365
-0.36186301708221436
0.0368104912340641
-0.24161386489868164
-0.15882839262485504
0.001852510031312704
0.2292441576719284
0.100481316447258
0.10191148519515991
-0.09857472032308578
-0.04788241907954216
-0.15765656530857086
-0.17557711899280548
-0.30087924003601074
0.14020664989948273
-0.16608700156211853
-0.1294918656349182
0.010655337013304234
0.033983081579208374
-0.19583582878112793
-0.09039788693189621
0.16837099194526672
0.14971330761909485
-0.044496066868305206
-0.009515094570815563
-0.006127303000539541
0.07684793323278427
-0.026062697172164917
0.036019183695316315
0.05668181553483009
-0.016749029979109764
-0.005501721519976854
-0.07344184815883636
-0.04022066667675972
0.04499892145395279
0.02245139144361019
-0.0100997444242239
-0.03283943608403206
-0.10556542873382568
0.17952778935432434
0.2269713282585144
0.3632018268108368
0.25558316707611084
0.0365796834230423
-0.35926395654678345
-0.40212276577949524
0.3140517473220825
0.38611552119255066
-0.12680387496948242
-0.1584457904100418
0.031826067715883255
0.06164928898215294
0.5484506487846375
0.7922360301017761
1.116633653640747
0.5840656161308289
0.7391331195831299
0.5955439805984497
1.037900447845459
0.3603653609752655
-0.07904087007045746
-0.29747551679611206
0.6626790761947632
0.030203113332390785
-0.1209869533777237
-0.4561251103878021
0.3191410005092621
0.39047306776046753
0.21734021604061127
0.37005650997161865
0.605417013168335
0.10425621271133423
0.4160996973514557
0.39701998233795166
0.8652358055114746
0.20787827670574188
0.07414086908102036
0.3807116150856018
-0.05523601546883583
-0.3436312973499298
-0.22319625318050385
-0.3608086109161377
0.23852266371250153
0.17373858392238617
-0.06714119017124176
0.22424694895744324
-0.019723208621144295
0.18897944688796997
0.4505089223384857
0.5257381200790405
0.925285816192627
-0.022540031000971794
-0.21483607590198517
0.014869275502860546
-0.019656838849186897
-0.39910241961479187
-0.2767854332923889
-0.3633028566837311
-0.23496662080287933
0.2226879596710205
0.03628164529800415
0.30376026034355164
0.16296374797821045
0.4721817374229431
0.5338139533996582
0.6426701545715332
0.9872274398803711
0.4952467381954193
0.18286415934562683
0.05073518678545952
0.2932060956954956
0.07317474484443665
-0.23809441924095154
-0.3408831059932709
0.17655429244041443
0.29427069425582886
0.05417684465646744
0.2608995735645294
0.2552076578140259
0.201178178191185
0.13639283180236816
-0.014848291873931885
0.7639408111572266
-0.16488023102283478
-0.3427046239376068
-0.10165338963270187
0.04213164374232292
0.11927992105484009
-0.31548434495925903
-0.32371312379837036
-0.16571339964866638
0.36141297221183777
0.0009711155435070395
0.2217920869588852
0.5690830945968628
0.32246798276901245
0.34012332558631897
0.6221955418586731
1.5307623147964478
0.34469905495643616
-0.1446244716644287
-0.05324258282780647
0.9514874815940857
0.03911374881863594
-0.14604848623275757
-0.2111714482307434
0.5542704463005066
0.4912509024143219
0.3186216354370117
0.6347678303718567
0.6324643492698669
0.05941316857933998
0.08068860322237015
-0.19870485365390778
-0.31806617975234985
0.16295453906059265
-0.16125662624835968
0.0026218935381621122
-0.5548385977745056
0.1255536824464798
-0.11674534529447556
0.10157476365566254
0.13530233502388
0.35673364996910095
0.5565016865730286
0.019412018358707428
0.319979727268219
0.3904545307159424
0.34707769751548767
0.8068987131118774
0.7150605916976929
0.23415863513946533
-0.1475459784269333
-0.5724591612815857
-0.2756032645702362
0.47034990787506104
0.35912272334098816
-0.3834506571292877
-0.386090487241745
0.2174498438835144
0.38933923840522766
0.4403475522994995
1.00123929977417
0.31120502948760986
0.5428395867347717
0.9390833377838135
1.4842555522918701
0.27484655380249023
0.2060074508190155
0.3771682679653168
0.40253961086273193
-0.031475190073251724
-0.3987528681755066
0.18203222751617432
0.34308189153671265
0.29630106687545776
0.1441366821527481
0.42721712589263916
0.17400258779525757
-0.02224704436957836
-0.01598159410059452
0.02806120179593563
-0.015778470784425735
-0.04760291054844856
-0.01054779440164566
-0.09068900346755981
0.002196351531893015
-0.06084129959344864
-0.056778647005558014
0.01425081491470337
0.04404009133577347
-0.05086980760097504
0.06217866390943527
0.006004834081977606
-0.0011865206761285663
0.060000717639923096
-0.023079421371221542
0.05333369970321655
0.04759492352604866
0.03986518457531929
0.040747106075286865
-0.03579820320010185
0.05394132807850838
-0.04012133181095123
-0.014819575473666191
0.040247827768325806
0.030872294679284096
-0.028737161308526993
0.07877358794212341
0.023249194025993347
-0.055034589022397995
0.052199576050043106
0.009550428949296474
0.03088587149977684
-0.024266140535473824
0.10805124044418335
-0.014926156029105186
-0.0008952464559115469
-0.08044832944869995
0.04777737334370613
0.05791410058736801
-0.021265987306833267
0.03322223946452141
0.04811037331819534
0.008744286373257637
-0.0018210485577583313
-0.004660729318857193
0.06758525967597961
0.5078195929527283
-0.6542865633964539
-0.7284123301506042
0.026283029466867447
0.31871312856674194
-0.19299523532390594
-0.5922938585281372
-0.32942602038383484
0.21569690108299255
-0.1965508759021759
-0.4601200520992279
-0.5187384486198425
-0.49078673124313354
-0.7211505770683289
0.0014469294110313058
-0.02471749670803547
0.06216255575418472
0.3930986821651459
-0.3955119252204895
0.07922179251909256
0.09292641282081604
0.31374087929725647
0.4825875461101532
-0.22954115271568298
-0.29470792412757874
0.28122156858444214
0.5486131310462952
-0.4871891140937805
-0.2277456820011139
-0.26004233956336975
-0.13091911375522614
-0.04235563427209854
0.06047213822603226
0.6130545735359192
-0.07479739934206009
0.1620415896177292
0.007608004845678806
0.013061696663498878
-0.03793589770793915
-0.344638854265213
-0.08827604353427887
0.5223413109779358
0.5148746371269226
0.17921748757362366
-0.03282482549548149
-0.22906893491744995
0.06456407159566879
0.030104823410511017
-0.018545612692832947
-0.015461171977221966
0.053515058010816574
0.0247671939432621
-0.01189902052283287
0.04172002151608467
0.043250322341918945
-0.0031004780903458595
0.06352968513965607
-0.0807085782289505
0.07506123930215836
0.013340216130018234
0.02202601172029972
0.015331350266933441
-0.02805354818701744
0.4250892400741577
0.3947693705558777
0.24737489223480225
-0.2143791764974594
-0.134860560297966
0.3515000343322754
-0.19974522292613983
0.4520342946052551
-0.13242895901203156
-0.14689737558364868
0.014869744889438152
0.10683871060609818
-0.1925322264432907
-0.48775073885917664
-0.023347852751612663
-0.0808473527431488
0.15272250771522522
0.45633167028427124
0.225558340549469
-0.9233682155609131
-0.335681289434433
0.36451229453086853
-0.15758177638053894
-0.22802868485450745
-0.9494354724884033
-0.2043144255876541
-0.04602411016821861
-0.40019941329956055
-1.4830834865570068
-1.0318728685379028
-0.9915671348571777
-0.8764035105705261
-0.013436177745461464
-0.02196379378437996
0.007677672430872917
-0.002836216241121292
0.03922798112034798
-0.028988663107156754
-0.015822812914848328
0.015583743341267109
-0.01659754104912281
0.018961166962981224
-0.07931588590145111
0.03924935311079025
0.00034060829784721136
-0.03638245537877083
0.08160966634750366
0.03838735446333885
0.3880673348903656
0.32962489128112793
0.3379327654838562
0.06500624120235443
-0.2872377634048462
0.3787480890750885
0.5905564427375793
0.5893189907073975
-0.24678345024585724
-0.17237703502178192
0.44482654333114624
0.5273951292037964
-0.2363530993461609
-0.5082398056983948
-0.17060868442058563
0.04739440977573395
0.0139921260997653
0.018006933853030205
0.025729460641741753
-0.032623905688524246
3.606619202400907e-06
-0.03164362534880638
-0.014307977631688118
-0.01039078924804926
0.014773941598832607
-0.05397951230406761
-0.0021436873357743025
0.06351961195468903
-0.024396834895014763
0.0213084127753973
-0.051799945533275604
0.12406501173973083
0.1126788854598999
0.2678648829460144
-0.012903031893074512
-0.9221182465553284
0.07103019207715988
0.3406085669994354
0.2979351580142975
-0.19376757740974426
-0.47833627462387085
0.23490649461746216
0.12857197225093842
-0.1992841511964798
-0.7780449390411377
-0.3667789697647095
-0.5299533605575562
-0.016514236107468605
0.026280947029590607
-0.04444519057869911
0.045891888439655304
-0.0056939497590065
-0.049871768802404404
-0.053546395152807236
-0.02259582094848156
0.03097127564251423
0.04428670555353165
-0.05089486762881279
0.012368571013212204
-0.11759137362241745
-0.05259284749627113
0.03443240001797676
0.008601030334830284
0.011530093848705292
-0.11306246370077133
0.5802154541015625
0.29035672545433044
-0.7439956665039062
0.18881791830062866
0.397211492061615
0.26105284690856934
0.17825965583324432
-0.6818761825561523
0.447005033493042
0.10596463829278946
-0.09119925647974014
-0.7176266312599182
-0.333505243062973
-0.6519439816474915
-0.3962955176830292
-0.11026877909898758
0.36993342638015747
0.12065392732620239
-0.4213152527809143
0.09477967023849487
0.5739412307739258
0.2706425189971924
-0.2055301070213318
-0.6198974251747131
0.351542592048645
0.1272452473640442
0.20690377056598663
-0.11575789004564285
-0.355927437543869
-0.34388571977615356
0.0017011534655466676
0.20467963814735413
0.7661081552505493
0.1344735473394394
-0.7631945013999939
-0.06827445328235626
0.15344327688217163
-0.11502198874950409
0.322051465511322
-0.7849255204200745
0.1288391500711441
0.05334124341607094
0.05271799862384796
-0.3983112573623657
-0.5921310186386108
-0.4561302065849304
-0.18341024219989777
-0.0016645208233967423
-0.05168319493532181
-0.030163826420903206
0.004852087236940861
-0.01691305637359619
-0.03148268535733223
0.005657817702740431
0.04243874549865723
-0.04855882003903389
0.041042547672986984
-0.014897650107741356
-0.02587226592004299
0.07037287950515747
-0.041283924132585526
0.035274188965559006
0.03358321264386177
0.30234286189079285
0.5023516416549683
0.16955795884132385
-0.7537472248077393
-0.05103924125432968
0.463042676448822
0.2382098138332367
0.34572097659111023
-0.9227989912033081
0.09078261256217957
0.13222339749336243
0.06998196989297867
-0.6564643979072571
-0.9611037969589233
-0.49236392974853516
-0.2687126696109772
0.29370570182800293
0.8649339079856873
0.30688875913619995
0.5053081512451172
0.44262588024139404
0.448606938123703
0.38085007667541504
0.045762140303850174
-0.05333568528294563
0.4872288405895233
0.9009222388267517
0.07992373406887054
-0.22883066534996033
0.1436372697353363
-0.13921363651752472
0.1840730607509613
0.047236908227205276
0.18008263409137726
0.031876854598522186
-0.23049955070018768
-0.11530441790819168
0.05922592058777809
0.5771744251251221
-0.04870172217488289
-0.2633713483810425
-0.08421893417835236
-0.07234428822994232
0.03345145657658577
-0.009306846186518669
-0.14862410724163055
0.056703031063079834
-0.054567765444517136
-0.02765321545302868
-0.05531514063477516
-0.04791214317083359
-0.04123396426439285
-0.04161829128861427
-0.01811840385198593
0.011517047882080078
0.02529081702232361
-0.0012487544445320964
0.01212777104228735
0.0336228646337986
0.07474787533283234
-0.005733569618314505
-0.02135051228106022
0.0065359091386199
0.11537405848503113
0.4285424053668976
0.44559240341186523
0.11368488520383835
-0.2730521857738495
-0.49358344078063965
0.45150578022003174
0.4634189009666443
0.4944964349269867
-0.45734962821006775
-0.11555134505033493
-0.05882154032588005
0.015262150205671787
-0.309249609708786
-0.7741494178771973
-0.6601296067237854
0.18133047223091125
-0.07396414130926132
0.3505654036998749
-0.4768189489841461
-0.38042885065078735
0.03896701708436012
0.5567637085914612
0.30494698882102966
-0.37122589349746704
-0.3766086995601654
0.24719229340553284
0.3371569514274597
-0.26906946301460266
-0.5021329522132874
-0.42051151394844055
-0.5607323050498962
0.07880596071481705
0.12143006920814514
0.7611000537872314
0.44611769914627075
-0.11103827506303787
0.48261550068855286
0.27956199645996094
0.1526397466659546
-0.26078417897224426
-0.4737106263637543
0.6045125126838684
0.5258296132087708
0.42461341619491577
-0.38473275303840637
-0.17966802418231964
-0.11819609254598618
-0.10135053098201752
0.15081919729709625
0.5883406400680542
0.055552221834659576
-0.2923353910446167
0.4100935757160187
0.4987710118293762
0.45988351106643677
0.031246373429894447
-0.6837261319160461
0.4640698730945587
0.5538235902786255
0.4945724904537201
-0.3183341920375824
-0.47905638813972473
-0.2908787131309509
-0.18082715570926666
-0.0836484283208847
0.4574824869632721
-0.30450376868247986
-0.262485146522522
0.1998300552368164
0.26703691482543945
0.10644854605197906
-0.3260573744773865
-0.3158505856990814
0.3372664153575897
0.35487520694732666
0.0704086497426033
-0.6773895025253296
-0.27912265062332153
-0.412562757730484
0.07461041212081909
0.05447704344987869
0.26968565583229065
0.12504397332668304
-0.5246328115463257
0.3700560927391052
0.5094356536865234
0.049203235656023026
-0.05168404430150986
-0.2959369719028473
0.2121553122997284
0.43525639176368713
0.3870386481285095
0.04778974875807762
-0.3274172246456146
-0.20713047683238983
-0.012614470906555653
0.09857058525085449
0.4476366937160492
-0.5429545044898987
-0.8956184387207031
-0.021221069619059563
0.37889307737350464
-0.30335718393325806
-0.5488005876541138
-0.3232642114162445
0.06257637590169907
-0.5613229274749756
-0.5147524476051331
-0.535116970539093
-0.36867326498031616
-0.5864565968513489
0.013652066700160503
0.16648398339748383
0.050497740507125854
0.2750445306301117
0.6160410642623901
-0.3417031466960907
-0.09778909385204315
0.33133411407470703
0.8505144119262695
-0.006032241508364677
-0.0869326964020729
-0.028868302702903748
-0.0558730885386467
-0.1158217191696167
0.5410298705101013
-0.2752779722213745
0.3780546188354492
0.3193241059780121
0.44793784618377686
0.15363749861717224
-0.5312098860740662
-0.26926189661026
0.22746038436889648
0.5570876598358154
0.5127081871032715
-0.7940917611122131
-0.06406162679195404
0.46363112330436707
0.43875986337661743
-0.6886882781982422
-0.8043009042739868
-0.5900558829307556
-0.19496989250183105
-0.14428792893886566
0.37372997403144836
0.09810911864042282
-0.378690630197525
0.36676427721977234
0.2372632920742035
-0.14819130301475525
-0.384117066860199
-0.4085254967212677
0.11044280976057053
-0.15885591506958008
-0.12558725476264954
-0.6557958722114563
-0.3583972156047821
-0.3235591650009155
-0.19960130751132965
0.05035315454006195
0.061646170914173126
-0.021445808932185173
0.05332562327384949
-0.12567628920078278
0.0383247435092926
-0.05514686554670334
-0.030551282688975334
0.030646678060293198
0.07523344457149506
-0.09173787385225296
0.010451900772750378
-0.007098902948200703
-0.005296433810144663
-0.019593752920627594
-0.06457976251840591
0.010589743964374065
0.011193659156560898
0.02335219271481037
-0.0033615417778491974
0.016693033277988434
0.07130517810583115
-0.0180659182369709
-0.022550947964191437
-0.0013711897190660238
-0.019291169941425323
0.015913620591163635
-0.062278542667627335
-0.020402178168296814
-0.06974102556705475
0.02224673330783844
0.012067005038261414
-0.013234751299023628
0.07494629919528961
-0.009608592838048935
-0.02381635643541813
0.09565823525190353
-0.044503919780254364
-0.0026530243922024965
0.013681799173355103
0.014343074522912502
-0.007144034840166569
-0.038841672241687775
0.026819609105587006
0.0018456659745424986
-0.01619879901409149
-0.028291387483477592
-0.03158390522003174
0.46062126755714417
0.2728831470012665
0.5466168522834778
1.3604871034622192
0.26221153140068054
-0.17192697525024414
-0.5660243034362793
1.1695812940597534
0.023991763591766357
-0.13212600350379944
-0.1494966447353363
0.595802903175354
0.5565251111984253
0.45223891735076904
0.5804057121276855
0.5865641832351685
0.1703839898109436
0.04541286453604698
-0.014460875652730465
0.08396477997303009
-0.06050915643572807
-0.20453545451164246
-0.4965224862098694
-0.692969024181366
0.3898116946220398
-0.34926509857177734
-0.22324326634407043
-0.32091817259788513
0.44934147596359253
0.14769349992275238
0.3011752963066101
0.3869391679763794
-0.0576070174574852
-0.02624758519232273
0.13391953706741333
0.20311874151229858
-0.08252136409282684
0.06314457952976227
0.051929447799921036
-0.2684439420700073
-0.20940837264060974
-0.10751188546419144
-0.5463642477989197
-0.3696576952934265
-0.01944718137383461
0.08181486278772354
0.29613563418388367
0.05808495730161667
-0.0020770509727299213
0.05145542323589325
0.022111954167485237
-0.07451937347650528
0.046503983438014984
-0.024527879431843758
-0.07361163198947906
0.01142375823110342
-0.08437660336494446
0.0751320868730545
-0.0490095354616642
0.03446173667907715
0.03209198638796806
-0.0740433782339096
-0.041165612637996674
0.028321638703346252
0.050671614706516266
0.039676666259765625
-0.17873121798038483
-0.09947912395000458
-0.24629230797290802
-0.36837443709373474
0.3596685528755188
-0.4038905203342438
0.11094529926776886
0.12506356835365295
0.273973673582077
-0.01779318042099476
0.5531449317932129
0.34385326504707336
0.7482925653457642
1.1223258972167969
0.39986172318458557
0.4886716902256012
0.5769652724266052
0.8917378783226013
0.45141226053237915
0.23573869466781616
-0.16349072754383087
0.6302187442779541
0.6166253089904785
0.2773239314556122
0.033404819667339325
0.4534766674041748
1.7173107862472534
0.949537992477417
1.0445241928100586
1.187572956085205
-0.047308795154094696
0.020242419093847275
-0.02778622880578041
-0.02439580112695694
-0.055861156433820724
0.046562034636735916
-0.0204949788749218
-0.03796137869358063
0.07232460379600525
-0.1355295032262802
-0.014294709078967571
0.016967250034213066
-0.07288915663957596
0.029172493144869804
0.03483333811163902
0.0341746062040329
-0.07305651158094406
0.29932692646980286
-0.02019803784787655
-0.05282323807477951
-0.10059202462434769
-0.1050058901309967
-0.48660707473754883
-0.2862967848777771
0.20815493166446686
-0.18505747616291046
-0.06834428012371063
-0.5971009731292725
0.6030853390693665
0.34011614322662354
0.5327258706092834
0.8470693826675415
-0.0074372063390910625
0.004052183590829372
0.030231166630983353
-0.044553570449352264
0.040956418961286545
-0.012165555730462074
-0.038670893758535385
-0.023267006501555443
-0.030530236661434174
-0.033784206956624985
-0.027455046772956848
-0.009269311092793941
-0.0776921957731247
0.03419617936015129
0.07798480987548828
0.05548135191202164
0.3200988173484802
0.4216350018978119
0.44857436418533325
0.7046428918838501
0.17769204080104828
-0.06373847275972366
-0.6224818229675293
0.15243040025234222
0.060567162930965424
-0.5702595710754395
-0.07454090565443039
0.24809332191944122
0.4273202121257782
0.23191159963607788
0.33296287059783936
0.5806609392166138
0.027654720470309258
-0.07287654280662537
0.08705668151378632
0.04472879692912102
0.059392016381025314
0.05549108237028122
0.030197810381650925
0.010159499011933804
0.03875452280044556
0.0803920328617096
0.029629506170749664
-0.028447575867176056
-0.057911474257707596
0.028826560825109482
0.07664122432470322
0.0005045087309554219
0.5280292630195618
0.5474398136138916
0.7142789959907532
1.3056950569152832
0.37398630380630493
0.24195006489753723
-0.552476704120636
0.1127130538225174
0.04524717107415199
-0.026385817676782608
-0.00569041958078742
0.30631712079048157
0.6087192296981812
0.20778825879096985
0.49141499400138855
0.49627748131752014
0.42007169127464294
0.6316452622413635
0.2677033245563507
0.8064578771591187
0.06397881358861923
0.06491311639547348
-0.6197242736816406
-0.0597059428691864
0.1117766797542572
0.04689187929034233
-0.2442236691713333
-0.3240581750869751
0.4956537187099457
0.1432056427001953
0.712151050567627
0.8248314261436462
0.25030967593193054
0.4151308238506317
0.31273847818374634
1.0197410583496094
0.19199149310588837
-0.034216370433568954
-0.006549600511789322
-0.22423388063907623
0.19360050559043884
0.24563783407211304
-0.09422524273395538
0.2450932413339615
0.6016725301742554
0.5051526427268982
0.5430060625076294
1.0284082889556885
-0.0010776881827041507
0.01483833510428667
-0.05118865147233009
0.02665470726788044
-0.030844546854496002
0.0023955823853611946
-0.09530996531248093
-0.036113180220127106
0.03770412504673004
0.054946351796388626
-0.01803429424762726
0.02453022077679634
-0.02146325074136257
-0.05021901801228523
0.02217433601617813
-0.014404109679162502
0.3308877944946289
0.4454900324344635
0.4421796202659607
0.8493903279304504
0.19229556620121002
0.0679093524813652
-0.12184104323387146
0.004955361597239971
0.19734100997447968
0.22849473357200623
-0.2496093511581421
0.02815059944987297
0.6784590482711792
0.15107890963554382
0.6895023584365845
0.91457200050354
0.14074233174324036
0.30774807929992676
0.06464666873216629
0.510716438293457
0.22777023911476135
-0.08152203261852264
-0.2200729101896286
-0.03233635053038597
-0.6562263369560242
-0.08729413151741028
-0.20389579236507416
0.09218540787696838
-0.21952536702156067
-0.0856756716966629
-0.07898832857608795
0.17205382883548737
0.09127441793680191
0.09077949821949005
-0.18500889837741852
-0.1301368921995163
-0.17371223866939545
-0.10444653779268265
-0.4472463130950928
0.18906506896018982
-0.17835070192813873
0.044509172439575195
-0.042226605117321014
0.10313401371240616
-0.1551254242658615
0.006280336994677782
0.13350744545459747
0.14309664070606232
-0.008369751274585724
-0.046138666570186615
0.031764257699251175
-0.03304620459675789
-0.04676959663629532
-0.0315103717148304
-0.018289491534233093
0.0016094498569145799
0.04605013504624367
0.06586411595344543
-0.023700548335909843
0.035170331597328186
0.020752934738993645
0.05443497374653816
-0.022801607847213745
0.015302668325603008
0.170816108584404
0.29836851358413696
0.10127127915620804
0.06511170417070389
0.028616085648536682
-0.23593449592590332
-0.3844525218009949
-0.012672396376729012
0.4004054069519043
-0.04650009050965309
-0.019744962453842163
0.006726184394210577
0.28672856092453003
0.551921010017395
0.9105639457702637
1.1531356573104858
0.598712146282196
0.6292720437049866
0.36954233050346375
0.9942392110824585
0.2183004468679428
-0.016014382243156433
-0.5084661245346069
0.6562615036964417
0.05594761669635773
-0.08351723104715347
-0.4433722496032715
0.2792320251464844
0.5784928202629089
0.368436723947525
0.3824736475944519
0.5134860277175903
-0.03900333493947983
0.3170824646949768
0.30650627613067627
0.7747563123703003
0.1495479792356491
0.16500316560268402
-0.10293535888195038
-0.14502818882465363
-0.3419782817363739
-0.07530093193054199
-0.35625824332237244
-0.12958373129367828
0.18979960680007935
-0.2485080510377884
0.20156148076057434
-0.115243099629879
0.06467039883136749
0.4867202639579773
0.6303055286407471
0.9718406200408936
0.08263769000768661
0.0023932147305458784
-0.11292585730552673
0.012318014167249203
-0.3515959680080414
-0.18722832202911377
-0.35557809472084045
-0.30631133913993835
0.24173282086849213
-0.02385021559894085
0.2912865877151489
0.06220637261867523
0.4722188115119934
0.5815075635910034
0.5901443362236023
1.0460131168365479
0.3711138963699341
0.10028014332056046
-0.4041120409965515
0.3278194069862366
0.04967696964740753
-0.2569899559020996
-0.4221979081630707
0.12786845862865448
0.21138931810855865
0.30646076798439026
0.22265543043613434
0.26923999190330505
0.20336510241031647
0.23202703893184662
-0.25670021772384644
0.6908855438232422
-0.14933264255523682
-0.3080440163612366
-0.3162630796432495
0.06424849480390549
-0.030553998425602913
-0.3746676743030548
-0.24915190041065216
-0.35528045892715454
0.41580700874328613
0.0547637976706028
0.450744092464447
0.6301563382148743
0.2515934705734253
0.3129277527332306
0.5329231023788452
1.4579484462738037
0.26489078998565674
-0.23395805060863495
-0.4707431197166443
0.8561289310455322
-0.022469520568847656
0.022757338359951973
-0.0467408262193203
0.6963220834732056
0.465400755405426
0.4771946668624878
0.6438237428665161
0.549418032169342
0.04941163957118988
0.14402976632118225
-0.21614262461662292
-0.48793336749076843
0.10633765161037445
-0.3106161653995514
0.07068391889333725
-0.5612948536872864
0.12158020585775375
-0.05429272726178169
0.2655803859233856
0.08571785688400269
0.2660928964614868
0.48111116886138916
0.044406767934560776
0.3304592967033386
0.44923272728919983
0.425893634557724
0.5830750465393066
0.6201399564743042
0.2737957239151001
0.09791570901870728
-0.6005921959877014
-0.3764760494232178
0.2703714966773987
0.21669337153434753
-0.2778022885322571
-0.699390172958374
0.5131714344024658
0.3912523686885834
0.5586420297622681
1.0174500942230225
0.23182812333106995
0.6588549613952637
1.000390887260437
1.3109042644500732
0.28478842973709106
0.19664588570594788
-0.10899855941534042
0.39443856477737427
-0.10031741857528687
-0.34730225801467896
0.14688056707382202
0.002132908208295703
0.3582890033721924
0.15439875423908234
0.32248401641845703
0.03783823177218437
0.06974492222070694
-0.010377926751971245
0.02809695154428482
-0.11353594064712524
0.01731005497276783
0.016989009454846382
0.06584371626377106
0.05946572124958038
0.0594542920589447
-0.08750317990779877
0.05032409355044365
-0.004292610101401806
-0.0444149523973465
-0.008268393576145172
-0.048092976212501526
0.08015163987874985
-0.020667221397161484
0.039824824780225754
-0.014565078541636467
0.004189405590295792
-0.04706672951579094
-0.023106157779693604
-0.0174768827855587
-0.08872005343437195
-0.02571941912174225
0.026672426611185074
0.04218481481075287
0.004220008384436369
-0.006391376722604036
-0.06616836786270142
-0.04241957142949104
-0.059012316167354584
-0.015702154487371445
-0.008368127979338169
0.06866955012083054
0.12147559970617294
-0.05032026395201683
-0.01863556168973446
0.009135139174759388
-0.04679657146334648
-0.027087412774562836
-0.0012240111827850342
0.007041238248348236
0.1160367801785469
-0.025298018008470535
0.04360951855778694
-0.0176619254052639
0.03646601736545563
0.44536352157592773
0.3995024561882019
0.2751489281654358
0.5838566422462463
0.20674251019954681
0.20445168018341064
0.5635005235671997
0.45401203632354736
-0.0007444082293659449
0.2886022627353668
0.6445885300636292
0.8511540293693542
0.5291832089424133
0.6794397234916687
0.8933696746826172
0.765408992767334
0.12222650647163391
0.08308017253875732
0.2681034505367279
-0.4778013825416565
0.009852534160017967
-0.3341157138347626
-0.0687599927186966
-0.797324001789093
0.3890186548233032
-0.24530981481075287
0.1545678824186325
0.013682438060641289
0.5895383358001709
0.16416959464550018
0.3362157344818115
0.697285532951355
-0.06773602962493896
-0.057094983756542206
0.14627070724964142
-0.29110199213027954
-0.13486333191394806
0.026545094326138496
0.4460640847682953
-0.7007906436920166
-0.17127764225006104
0.053185682743787766
-0.09856291115283966
-0.29439640045166016
0.058412134647369385
0.013598624616861343
0.22677811980247498
0.3926028609275818
-0.025847164914011955
-0.07238169759511948
-0.014662827365100384
0.028192054480314255
-0.05489914119243622
-0.02581627108156681
-0.04017895460128784
-0.04270990192890167
-0.024059109389781952
0.012577947229146957
-0.029768619686365128
0.04404520243406296
-0.08035287261009216
-0.04079337418079376
0.05351969599723816
-0.08045392483472824
0.019353393465280533
-0.13059009611606598
-0.42822009325027466
-0.4984169006347656
-0.10564373433589935
-0.4040793180465698
-0.9231916069984436
-0.2869064211845398
0.14144499599933624
0.21297922730445862
0.32127660512924194
0.23986440896987915
0.7673317790031433
0.40587303042411804
0.8011115193367004
1.226059913635254
0.4276585280895233
0.38800424337387085
0.3322392404079437
0.26012903451919556
0.3038346469402313
0.12721121311187744
-0.4855285584926605
-0.7873927354812622
0.7455170154571533
0.28220126032829285
0.09862881153821945
-0.11418318748474121
2.468371868133545
1.0056750774383545
1.3580667972564697
1.5488853454589844
0.07421159744262695
0.07857781648635864
0.04703235626220703
0.015354081988334656
0.03025314398109913
-0.0178564190864563
-0.029675308614969254
0.005839973222464323
0.06593067944049835
0.03204219415783882
-0.08360586315393448
0.0014312750427052379
-0.05048539116978645
-0.00963458139449358
-0.05178702250123024
0.01328496914356947
-0.14155249297618866
0.11627423018217087
0.1378452479839325
-0.4261118769645691
-0.005155814811587334
-0.18780292570590973
-0.03808484971523285
-0.6096062660217285
0.11472620069980621
-0.04068871960043907
0.049667876213788986
-0.03721633926033974
0.7340207099914551
0.33014199137687683
0.6640016436576843
1.0504889488220215
0.00843237154185772
0.00237005646340549
0.08191567659378052
-0.008671683259308338
-0.022923951968550682
0.06350077688694
-0.03692644089460373
-0.01627213880419731
0.08519434928894043
0.06508495658636093
0.006733647547662258
0.029869694262742996
-0.06312302500009537
-0.027851395308971405
-0.05597526580095291
-0.024691589176654816
0.2751106917858124
0.3472650647163391
0.6546359658241272
0.029780741780996323
0.09851805865764618
-0.07123831659555435
0.1674530804157257
-0.48377668857574463
0.14292621612548828
0.07009084522724152
0.2063886523246765
0.7366634011268616
0.5726664066314697
0.499736487865448
0.41312551498413086
0.7513251304626465
0.012446071952581406
-0.08085185289382935
-0.028181081637740135
0.11867004632949829
-0.02530398964881897
-0.06884905695915222
0.018611034378409386
0.04434472694993019
-0.001091722515411675
0.0033273501321673393
-0.029260072857141495
-0.019721336662769318
0.09971199184656143
0.0519990511238575
-0.027487149462103844
0.03914788365364075
0.5275880694389343
0.5380145311355591
1.0827252864837646
0.3506490886211395
0.33407753705978394
0.02329162321984768
-0.25199493765830994
-0.33543631434440613
0.06015068665146828
-0.13802915811538696
-0.5078340768814087
-0.38097989559173584
0.665141224861145
0.46343180537223816
0.6802524328231812
0.4360320568084717
0.43435579538345337
0.6692048907279968
0.0367339588701725
0.12616591155529022
-0.06402633339166641
0.12950369715690613
-0.5274611115455627
-0.17269444465637207
-0.006851854268461466
0.11356527358293533
-0.17284055054187775
-0.20169751346111298
0.5059031844139099
0.20999234914779663
0.7134989500045776
0.8718629479408264
0.3028004765510559
0.1380937248468399
0.196141317486763
0.2507500648498535
0.23652584850788116
-0.18327581882476807
-0.9185096025466919
-0.1443055123090744
0.14586205780506134
0.08743742853403091
-0.2518619894981384
-0.2550429105758667
1.0030651092529297
0.6192679405212402
0.6829635500907898
1.146608591079712
0.0076156300492584705
-0.042917706072330475
0.025707408785820007
0.00197160174138844
0.039459582418203354
-0.05014260485768318
-0.0201687291264534
0.016994331032037735
-0.012265758588910103
0.06042400747537613
-0.009963685646653175
-0.03577054664492607
-0.04698460176587105
0.013187328353524208
-0.04050363600254059
0.00394892692565918
0.3968575894832611
0.4853266775608063
0.4506579339504242
0.51776522397995
0.22751416265964508
-0.07020058482885361
-0.9166275262832642
-0.23918893933296204
0.22076378762722015
0.21371382474899292
-0.0450674332678318
-0.42944851517677307
0.8065521717071533
0.28922101855278015
0.7798444032669067
0.9930194020271301
0.06532447785139084
0.3299802541732788
-0.3946145474910736
0.06074453890323639
0.22341397404670715
0.07709357142448425
-0.3322945833206177
-0.4607976973056793
-0.6160591244697571
0.014496291987597942
0.3885165750980377
0.5630388259887695
-0.1673092097043991
0.013212884776294231
0.038405440747737885
0.23178812861442566
0.14435161650180817
0.15110832452774048
-0.3113705515861511
-0.34275856614112854
-0.26475563645362854
0.008824520744383335
-0.00927081611007452
0.33943191170692444
-0.14695626497268677
-0.09684430807828903
0.043241579085588455
0.1237771287560463
-0.1295699179172516
-0.04633535444736481
0.13240328431129456
0.16414855420589447
-0.05160707235336304
-0.05755768343806267
0.021711261942982674
-0.05938720703125
0.03509485721588135
0.020524293184280396
0.002853248966857791
0.07555197924375534
0.1084943488240242
0.002836228348314762
-0.05029269680380821
-0.01813802681863308
-0.018292564898729324
0.0689358189702034
0.042440883815288544
0.006849850062280893
0.09157023578882217
0.3565032184123993
0.02230807952582836
-0.30776965618133545
0.08027628809213638
-0.4166466295719147
-0.5316713452339172
-0.619435727596283
0.22758838534355164
0.038080938160419464
0.15393084287643433
0.19941683113574982
0.7145499587059021
0.6319819092750549
0.9766338467597961
1.1292668581008911
0.5348419547080994
0.6249363422393799
-0.07822711765766144
0.43312695622444153
0.3286706209182739
0.5154016613960266
0.22582946717739105
0.12384972721338272
0.04815448448061943
0.3622787594795227
0.41032350063323975
0.2828837037086487
0.4389166533946991
0.6432705521583557
0.6248155832290649
0.6478549838066101
-0.006856233812868595
0.40501588582992554
0.2382698357105255
0.48839712142944336
0.20002920925617218
0.14146968722343445
0.09096325188875198
-0.3947783410549164
-0.3993563652038574
-0.23834583163261414
-0.19612105190753937
-0.30090150237083435
0.017537876963615417
0.07884839177131653
0.2850649058818817
-0.005794055759906769
0.08765507489442825
0.4539276361465454
0.4720669686794281
0.20173892378807068
-0.0899997279047966
0.10036752372980118
0.14699815213680267
-0.2695567309856415
-0.29832980036735535
-0.23178240656852722
0.03598876670002937
0.06825509667396545
0.18529602885246277
0.19153234362602234
0.338283896446228
0.20148275792598724
0.49959689378738403
0.57863849401474
0.21056348085403442
0.6184635758399963
0.48867014050483704
0.37315109372138977
0.08095644414424896
-0.0907059758901596
0.06710629165172577
0.3817709982395172
0.20475265383720398
0.44723591208457947
0.2803093492984772
0.43194523453712463
0.4596678614616394
0.41291600465774536
0.12861596047878265
0.23011527955532074
-0.525545060634613
-0.37482187151908875
-0.14452525973320007
-0.11657603830099106
-0.6893999576568604
-0.14942128956317902
-0.005543831270188093
-0.11885909736156464
0.1328788548707962
-0.2587570548057556
0.3314107656478882
0.16079334914684296
0.4520115554332733
0.8401265144348145
0.3562191426753998
0.4039881229400635
0.15158991515636444
0.6087002754211426
0.42417582869529724
0.07094637304544449
0.4117581844329834
0.6100157499313354
0.07493162900209427
0.27728071808815
0.9104419350624084
0.972379744052887
0.6754727959632874
0.7299883961677551
0.8513286709785461
0.7740156054496765
0.0952148512005806
0.2420002818107605
0.19389626383781433
-0.4786731004714966
0.26187658309936523
-0.28178152441978455
0.13751086592674255
0.17419826984405518
0.17737175524234772
-0.08232209831476212
0.04753248021006584
0.3157094717025757
0.4031596779823303
0.4612613022327423
-0.004032554570585489
0.46688783168792725
0.5434148907661438
0.5207738280296326
0.6980528831481934
-0.01242453046143055
0.23373939096927643
-0.26794207096099854
-0.12104925513267517
-0.911272406578064
0.27597126364707947
0.3285007178783417
0.09337732940912247
-0.03986375033855438
0.9481472969055176
0.4469897449016571
0.7634503245353699
1.1879963874816895
0.17754890024662018
0.7569551467895508
0.6082097291946411
0.8250322937965393
0.33802330493927
0.44272997975349426
0.4805063307285309
-0.2916559875011444
0.024144629016518593
-0.06412895768880844
-0.2091604620218277
0.1511908918619156
0.37849563360214233
0.6133633255958557
0.4847285747528076
0.25717368721961975
-0.02321622706949711
0.004820456262677908
-0.03036339022219181
-0.08815183490514755
0.0273332167416811
0.05775251239538193
-0.11250931024551392
0.04105938971042633
0.008674678392708302
0.027134474366903305
-0.02020108327269554
-0.0465330109000206
0.03256576880812645
0.037404127418994904
0.03208025544881821
-0.028714057058095932
-0.021563922986388206
-0.020076410844922066
0.04965389519929886
0.020878368988633156
-0.10831158608198166
0.014555907808244228
-0.03442179784178734
0.07952553033828735
0.014289154671132565
0.018921904265880585
-0.13791048526763916
0.009208044037222862
0.07735294103622437
0.003131768200546503
-0.004919803235679865
0.0535186305642128
0.06423460692167282
-0.005987720564007759
0.014874560758471489
0.046719279140233994
0.03349488601088524
0.05764203518629074
0.06498771160840988
0.030261563137173653
0.024206388741731644
-0.027048693969845772
-0.005782324355095625
0.042335979640483856
0.026125766336917877
-0.007014092989265919
0.03623930364847183
0.01979782059788704
-0.4361066222190857
-0.20841935276985168
-0.3021124601364136
-1.7797625064849854
-0.08051743358373642
0.6213283538818359
0.4521687626838684
-0.8620279431343079
-0.07819318771362305
0.25740140676498413
0.23516277968883514
-0.3402597904205322
-0.5431541204452515
-0.3025977313518524
-0.43257537484169006
-0.5388768315315247
-0.1971619576215744
0.02340153232216835
0.04499884322285652
-0.18994209170341492
0.14502796530723572
0.10974772274494171
0.7974914908409119
0.8200056552886963
-0.17619101703166962
0.17997534573078156
0.7945917844772339
0.6812418699264526
-0.14576081931591034
-0.07915487885475159
-0.21506670117378235
-0.3646211624145508
0.0775216594338417
-0.018060211092233658
-0.12342263013124466
-0.5887579321861267
-0.145797461271286
0.11870542168617249
0.09630364179611206
0.08274266868829727
0.2665334939956665
0.06414484977722168
1.08363938331604
0.5306150317192078
-0.2745731770992279
-0.21886911988258362
-0.2716570794582367
-0.07808592915534973
-0.09560804814100266
-0.08498530834913254
-0.04408295452594757
-0.014960676431655884
-0.028028545901179314
-0.09088944643735886
0.02332359179854393
0.06322243064641953
0.03528664633631706
-0.035083334892988205
-0.05688416585326195
-0.019725356251001358
-0.043122030794620514
-0.041306741535663605
0.035696204751729965
0.07117246836423874
-0.040575169026851654
0.02770986035466194
0.4084876477718353
-0.19738765060901642
0.3538280725479126
0.35899031162261963
0.4515265226364136
0.6741884350776672
0.11465493589639664
0.0001547491701785475
-0.3312242329120636
-0.11554376780986786
-0.49840644001960754
-0.3453804850578308
-0.5216089487075806
-0.8712300658226013
-0.6149923801422119
-0.23576690256595612
-0.08920685201883316
-0.7265344262123108
-0.23281875252723694
-0.22258807718753815
0.3872433602809906
0.30256643891334534
-0.40626025199890137
-0.34659746289253235
0.1768486648797989
0.19830745458602905
-1.6237789392471313
-0.6372715830802917
-0.5331017971038818
-0.5768405199050903
0.025813013315200806
-0.0529741570353508
0.0528617762029171
0.019357947632670403
0.019424457103013992
-0.059899188578128815
0.052011638879776
0.01978071592748165
0.019664200022816658
0.0013204345013946295
0.046013448387384415
-0.014808681793510914
-0.011214041151106358
-0.05049526318907738
0.05302742123603821
0.025494595989584923
0.047000396996736526
-0.1162477359175682
-0.058685172349214554
0.12815669178962708
0.2840544581413269
-0.14857937395572662
1.3091850280761719
1.0685547590255737
-0.08170313388109207
0.14907976984977722
-0.040577564388513565
0.2551758885383606
-0.2878709137439728
-0.4248017966747284
-0.4615906774997711
-0.7125970125198364
0.05688612163066864
0.008881237357854843
0.025732271373271942
-0.010409950278699398
0.005947084631770849
0.03812197223305702
-0.0596141554415226
-0.03699219226837158
0.07112602889537811
-0.07003120332956314
0.025480348616838455
-0.023136552423238754
0.0131647614762187
0.05815476179122925
-0.0503191202878952
0.010475430637598038
-0.172806978225708
-0.1767926961183548
0.05437095835804939
-0.5432475209236145
0.14481216669082642
0.264828085899353
0.7319042682647705
0.19474560022354126
-0.08168304711580276
0.6487890481948853
0.2952551543712616
-0.12429096549749374
-0.26318418979644775
-0.36399561166763306
-0.24366459250450134
-0.6765629053115845
-0.0414375364780426
0.07174317538738251
-0.05874647945165634
0.0015285828849300742
-0.02625761181116104
-0.017367571592330933
-0.0118397893384099
0.0045756567269563675
0.0754316970705986
-0.03304942324757576
0.030354658141732216
-0.021372562274336815
0.027959873899817467
-0.08206400275230408
-0.02461552433669567
0.048179369419813156
-0.5728582739830017
-0.382750540971756
-0.3797297775745392
-0.7312846183776855
-0.2794143259525299
0.14349816739559174
0.4899892210960388
0.2615625858306885
-0.11039041727781296
0.06703854352235794
0.49935096502304077
0.8086856007575989
-0.3153255879878998
-0.21397599577903748
-0.3911195397377014
-0.3898221552371979
-0.4304969012737274
-0.41172710061073303
0.002478561596944928
-2.0745022296905518
0.012092859484255314
0.5606300234794617
0.7133401036262512
-0.45398077368736267
-0.056246232241392136
0.19808566570281982
0.6491647958755493
0.63266921043396
-0.9900469183921814
0.018457815051078796
-0.39449307322502136
-0.39572086930274963
-0.3388945460319519
0.10573041439056396
0.19631871581077576
-1.0468610525131226
-0.0029427548870444298
0.4159773290157318
0.33242303133010864
0.48076438903808594
0.030872350558638573
-0.05884616822004318
0.3326740264892578
0.5153903365135193
-0.5941067337989807
-0.3221457600593567
-0.32894542813301086
-0.4409885108470917
0.02166493982076645
0.08075486868619919
-0.04536885395646095
0.028089430183172226
-0.02478259988129139
-0.019138580188155174
0.01036889385432005
0.035728611052036285
0.036266714334487915
0.02747650258243084
0.01655661128461361
0.014608558267354965
-0.0019419642630964518
0.05156388506293297
0.026084892451763153
-0.033784281462430954
-0.8252946138381958
-0.26016736030578613
-0.06399939209222794
-0.8029811382293701
-0.022595256567001343
0.37796223163604736
0.572049617767334
0.4609358608722687
-0.06331762671470642
-0.08672797679901123
0.35380712151527405
0.5210605263710022
-0.4710938632488251
-0.11837475746870041
-0.4365779459476471
-0.52006995677948
0.04015743359923363
-0.46877536177635193
-0.3960571587085724
-0.9559626579284668
-0.11954719573259354
-0.03481956198811531
0.10072482377290726
-0.4851737320423126
0.4680778682231903
0.5400038361549377
0.4111340343952179
-0.13142912089824677
0.14525896310806274
0.06544490158557892
-0.14186586439609528
-0.20813791453838348
-0.1436532884836197
-0.16755512356758118
0.2874346673488617
0.06333156675100327
0.23691926896572113
0.21994581818580627
0.38934510946273804
-0.3368070125579834
0.1890558898448944
-0.011215114034712315
-0.02077304758131504
-0.07993464916944504
0.06026966869831085
-0.12797270715236664
-0.30776894092559814
-0.16565383970737457
0.002586089540272951
-0.013455534353852272
-0.005709879565984011
-0.004901316482573748
0.02163304015994072
-0.036483149975538254
0.04552255570888519
-0.01723988726735115
-0.06916437298059464
-0.014697347767651081
-0.0037637916393578053
-0.0010919584892690182
-0.0678156390786171
0.05814650282263756
0.030970916152000427
0.04739908128976822
-0.24536387622356415
-0.2036135196685791
0.11353763937950134
-0.3786199688911438
0.18991127610206604
0.3216833174228668
1.243326187133789
1.0086866617202759
-0.13897787034511566
0.2129194289445877
-0.1799846738576889
-0.3187665045261383
-0.37421536445617676
-0.287361204624176
-0.2685549855232239
-1.4556831121444702
-0.3979877531528473
-0.4135688543319702
-0.11161093413829803
-1.3575432300567627
-0.1959395706653595
0.4459632337093353
0.7924227714538574
-0.5398003458976746
-0.04095347970724106
0.1950644552707672
0.40053123235702515
-0.1662769913673401
-0.44378215074539185
-0.18191416561603546
-0.2942148745059967
-0.4535459876060486
-0.040913015604019165
-0.37048959732055664
-0.438559353351593
-1.7906248569488525
-0.14671818912029266
-0.06535312533378601
0.02893952466547489
-0.3373693525791168
0.3645916283130646
0.20408640801906586
1.0913466215133667
0.6733116507530212
-0.1420704871416092
-0.10201630741357803
-0.2676543891429901
-0.1725747138261795
-0.1220482587814331
-0.3492093086242676
-0.5643143653869629
-1.3880771398544312
0.08630650490522385
0.14640890061855316
0.13852575421333313
0.04996975138783455
0.25659921765327454
0.33219626545906067
1.28585684299469
1.027235746383667
-0.30152228474617004
-0.09000998735427856
-0.27733373641967773
-0.1787681132555008
-0.363675981760025
-0.7599770426750183
-0.9108428955078125
-1.5953404903411865
-0.40101388096809387
0.017573632299900055
0.18313603103160858
-0.665588915348053
-0.09178746491670609
0.36906698346138
0.4627203941345215
0.022163089364767075
-0.26623210310935974
-0.2319638729095459
-0.12271222472190857
-0.3747480809688568
-0.2182198017835617
-0.16718308627605438
0.17294374108314514
-1.3898301124572754
0.25416266918182373
0.8549790382385254
0.4265017509460449
-0.08351406455039978
0.06014140695333481
0.3432440161705017
0.8584399223327637
0.7166380882263184
-0.6622821688652039
-0.007367958314716816
-0.29234492778778076
-0.20046357810497284
-0.27792972326278687
-0.314360648393631
-0.17155613005161285
-1.6684596538543701
-0.0786871388554573
0.6609086394309998
0.22132597863674164
-0.37623968720436096
-0.06697513163089752
0.22043666243553162
0.12700985372066498
-0.4803296625614166
-0.4888460040092468
-0.3569655418395996
-0.37069475650787354
-0.6870676875114441
-0.2815797030925751
0.031646132469177246
0.16368478536605835
0.5864548683166504
-0.18631497025489807
0.2639133930206299
0.36227676272392273
0.6637518405914307
-0.32377997040748596
0.004983855877071619
0.054259635508060455
-0.21079035103321075
-0.14557993412017822
-0.420295387506485
-0.308336079120636
-0.9465078711509705
-0.6668801307678223
-0.3062748610973358
-0.7150276303291321
-0.4324024021625519
0.11269140243530273
-0.027680926024913788
0.7891132235527039
0.824626088142395
-0.16579677164554596
-0.2505332827568054
0.721017599105835
0.9260974526405334
-0.4722120463848114
-0.2389642596244812
-0.436698317527771
-0.5069773197174072
-0.25181424617767334
-0.736206591129303
-0.7356593012809753
-2.336040496826172
-0.32055163383483887
-0.15578871965408325
-0.07806584984064102
-0.649238109588623
-0.014621326699852943
0.045260727405548096
0.2567906379699707
0.6112240552902222
-0.362982839345932
-0.368754118680954
-0.16568785905838013
-0.364135205745697
0.0013831184478476644
0.03766610473394394
0.04370935261249542
0.03530449792742729
0.04459813982248306
-0.013203125447034836
-0.030003108084201813
-0.08509740233421326
-0.014441250823438168
-0.035657864063978195
-0.08183836936950684
0.029993347823619843
-0.10621759295463562
-0.02472640760242939
-0.0057212174870073795
-0.06686922162771225
-0.04632797837257385
-0.0385652631521225
-0.07634074240922928
-0.08171072602272034
-0.063364677131176
-0.02584414929151535
0.0006621564389206469
0.036217883229255676
0.037375617772340775
-0.038552988320589066
0.014745811931788921
-0.0263200793415308
-0.01699783466756344
-0.030588211491703987
-0.0464024618268013
0.0043092574924230576
-0.03721906244754791
-0.04133981093764305
0.028014304116368294
-0.06754761934280396
0.03202270716428757
-0.07795771956443787
0.05558030307292938
-0.09891799092292786
-0.022807152941823006
0.015492778271436691
-0.027422085404396057
0.009405243210494518
0.02695440500974655
-0.028670135885477066
-0.031116439029574394
-0.0318792387843132
0.5833635926246643
0.23903609812259674
0.612519383430481
1.2979835271835327
0.2292979210615158
-0.10398773849010468
-0.38267454504966736
1.171507477760315
-0.02267063409090042
-0.12733915448188782
-0.13027216494083405
0.46394845843315125
0.42438724637031555
0.5034087896347046
0.5850909352302551
0.6951870918273926
0.13189159333705902
0.18918174505233765
-0.015668421983718872
-0.028129998594522476
-0.1019139438867569
-0.18411047756671906
-0.495496928691864
-0.6551675200462341
0.3261414170265198
-0.26944106817245483
-0.17108185589313507
-0.34857338666915894
0.4203431010246277
0.10545511543750763
0.3228387236595154
0.4617091417312622
-0.0630611851811409
0.062463391572237015
-0.00230438937433064
0.24641825258731842
-0.16499735414981842
0.022706586867570877
0.10747654736042023
-0.23567670583724976
-0.30192306637763977
-0.21672263741493225
-0.5098515748977661
-0.27352920174598694
0.03502232953906059
-0.022561535239219666
0.22739587724208832
0.16135622560977936
-0.003799930913373828
0.04038502275943756
0.06919444352388382
-0.00999356433749199
-0.002749531762674451
-0.022675931453704834
-0.08871128410100937
-0.056547824293375015
0.022911224514245987
-0.03577908128499985
-0.05994540452957153
0.002637813799083233
0.014632781967520714
0.037569526582956314
-0.029737796634435654
0.06017083674669266
0.05141688883304596
-0.03553339093923569
-0.313359797000885
-0.011068862862884998
-0.4255654811859131
-0.3610868453979492
0.19509924948215485
-0.18534758687019348
0.12745331227779388
0.059112466871738434
0.4434759020805359
-0.02968679741024971
0.6381346583366394
0.2951587438583374
0.8125624656677246
1.097569227218628
0.7657930254936218
0.4722404479980469
0.5447009801864624
0.8402267694473267
0.7015803456306458
0.23178061842918396
0.11203594505786896
0.2811182737350464
0.7095105051994324
0.17897367477416992
-0.06415172666311264
0.2912295162677765
1.527836799621582
0.943436861038208
1.112951397895813
1.299424171447754
-0.01693872921168804
0.0019206592114642262
-0.0648723617196083
0.04682786017656326
-0.008097561076283455
-0.0665072500705719
-0.07894317060709
-0.0190083310008049
-0.03230176866054535
-0.03586386889219284
-0.00394216226413846
0.02775968611240387
0.03089427947998047
0.0017938856035470963
0.01068259496241808
0.07024265080690384
0.07734359800815582
0.23272472620010376
0.09268741309642792
-0.13914670050144196
-0.05380205437541008
-0.11092894524335861
-0.499154269695282
-0.3809022903442383
0.0487636961042881
-0.3349080979824066
0.08130448311567307
-0.25602078437805176
0.44579172134399414
0.2242872565984726
0.5691876411437988
0.8619515895843506
0.029740041121840477
-0.044879764318466187
0.02444809302687645
-0.012339622713625431
0.01396795641630888
-0.034361645579338074
0.0197539571672678
0.04680066183209419
-0.050415344536304474
0.02846328355371952
-0.03760469704866409
-0.03239936754107475
-0.004918330814689398
0.013506866060197353
0.07467196136713028
0.017103541642427444
0.39222878217697144
0.4097815752029419
0.3451272249221802
0.7068865299224854
0.04099573940038681
-0.1640002280473709
-0.5200977921485901
0.2577432096004486
0.04795745760202408
-0.5477988123893738
0.005388961639255285
0.2709665298461914
0.41513144969940186
0.4333898425102234
0.3553723990917206
0.6758939623832703
-0.09349304437637329
0.010381236672401428
-0.09292080998420715
-0.018224839121103287
-0.003937582019716501
-0.1136474609375
-0.010494296438992023
0.014492795802652836
0.001200578291900456
0.08224959671497345
-0.03604239225387573
-0.021412048488855362
-0.011914674192667007
-0.013785924762487411
-0.020524732768535614
-0.04725093021988869
0.7930291295051575
0.6450574398040771
0.7053759694099426
1.209394097328186
0.5297602415084839
0.21102847158908844
-0.46713900566101074
-0.19721294939517975
0.12901782989501953
0.006141285877674818
0.065462127327919
0.08142837136983871
0.46981361508369446
0.19175444543361664
0.6788229942321777
0.4903191030025482
0.49346479773521423
0.6667826175689697
0.21901436150074005
0.7833542227745056
-0.04201640188694
-0.027081254869699478
-0.461501806974411
-0.03775959834456444
-0.029337119311094284
-0.075585275888443
-0.2020299881696701
-0.26328280568122864
0.4569801688194275
0.08650105446577072
0.641613781452179
0.7932459115982056
0.5325109362602234
0.44017359614372253
0.30729901790618896
0.9690731763839722
0.21673280000686646
-0.15701650083065033
0.2504784166812897
-0.2530558109283447
0.20497667789459229
0.04445873945951462
0.07749386131763458
0.07183437049388885
0.5398911237716675
0.3587833642959595
0.6149900555610657
0.9550221562385559
0.0047398884780704975
-0.09100372344255447
0.03844622150063515
0.003082842333242297
-0.049912236630916595
-0.004009844269603491
-0.016911888495087624
-0.0008592502563260496
-0.06686247885227203
0.03464945778250694
0.05353397876024246
-0.04024616256356239
0.06085595116019249
0.01757100597023964
-0.024773569777607918
-0.028153786435723305
0.7103458642959595
0.5397315621376038
0.5669422149658203
0.7834627032279968
0.27476492524147034
-0.0444236695766449
0.01909720152616501
-0.12682193517684937
0.24988499283790588
-0.03041861765086651
-0.11460067331790924
-0.17654933035373688
0.6773688793182373
0.15985828638076782
0.7612613439559937
0.8376270532608032
0.13174235820770264
0.3919786512851715
0.17585349082946777
0.4980020225048065
0.2442360371351242
-0.12171607464551926
-0.13679835200309753
-0.05639673396945
-0.5198132991790771
-0.26461270451545715
-0.2750382125377655
0.23143470287322998
-0.2704448401927948
0.08606792986392975
-0.021550755947828293
0.20202647149562836
0.04779338464140892
0.12936103343963623
-0.29785433411598206
-0.021247629076242447
-0.3055482506752014
-0.08524425327777863
-0.3804430067539215
0.32598695158958435
-0.1855781525373459
-0.02752453088760376
0.059755850583314896
0.10812538862228394
-0.07452969253063202
-0.054754771292209625
0.10934936255216599
0.10811778157949448
0.017772071063518524
-0.06436008214950562
0.005451885052025318
0.03276057913899422
-0.05368418991565704
0.029640795662999153
0.00783985760062933
0.06282874941825867
-0.038460880517959595
0.022624274715781212
0.02036467380821705
-0.11292136460542679
-0.04056994616985321
-0.04892490804195404
-0.032543204724788666
0.044009365141391754
0.5283998847007751
0.2599375545978546
0.07136829197406769
0.09582450985908508
0.1313934475183487
-0.36663830280303955
-0.4169548451900482
-0.06548213213682175
0.3231676518917084
-0.14755021035671234
0.039431240409612656
0.11845340579748154
0.22296743094921112
0.5363296270370483
0.9356940388679504
0.999691367149353
0.5464186668395996
0.7376043796539307
0.47052744030952454
1.0578104257583618
0.2310989648103714
0.0021968556102365255
-0.49984094500541687
0.7192667722702026
0.007389811333268881
-0.0438263975083828
-0.3850254416465759
0.33881062269210815
0.46770772337913513
0.4941064119338989
0.36026400327682495
0.546423614025116
0.1887882798910141
0.17756570875644684
0.4210684299468994
0.7764245867729187
0.09702196717262268
0.027458205819129944
0.12278947234153748
0.017131468281149864
-0.29270756244659424
-0.14325621724128723
-0.26658982038497925
-0.21679934859275818
0.12741515040397644
-0.3077618181705475
0.3767302632331848
-0.06711845099925995
0.2680288553237915
0.49396103620529175
0.616322934627533
0.9255667328834534
0.11047003418207169
-0.07761560380458832
-0.15323485434055328
-0.019470836967229843
-0.2695201337337494
-0.0493188239634037
-0.30620265007019043
-0.3658677935600281
0.20403124392032623
-0.18585197627544403
0.37851759791374207
0.09826541692018509
0.4839720129966736
0.519591748714447
0.6977521777153015
1.005271553993225
0.4666699469089508
0.0686817318201065
-0.2062806338071823
0.43431317806243896
0.0018862305441871285
-0.29222622513771057
-0.2837652266025543
0.15634259581565857
0.18526019155979156
0.4235365688800812
0.2919113039970398
0.34583786129951477
0.3046540319919586
0.10640943795442581
-0.1378335952758789
0.7762986421585083
-0.2204395979642868
-0.34046703577041626
-0.17715714871883392
0.12449835240840912
-0.0584014393389225
-0.38699740171432495
-0.2740994393825531
-0.1928313821554184
0.35343703627586365
0.06547162681818008
0.3093377649784088
0.7442801594734192
0.4089902341365814
0.267238974571228
0.6088446974754333
1.386792540550232
0.30900606513023376
-0.31952333450317383
-0.253984272480011
0.7982479333877563
-0.05199266970157623
-0.010218276642262936
-0.2146083414554596
0.5228096842765808
0.3746614456176758
0.5791679620742798
0.6536784768104553
0.6469214558601379
0.13797608017921448
0.07752102613449097
-0.1478608399629593
-0.5997918248176575
0.12303657829761505
-0.35375261306762695
-0.10554087907075882
-0.4474010765552521
0.2271175980567932
-0.11917944997549057
0.19414934515953064
0.22152532637119293
0.2577560544013977
0.4877403676509857
-0.023293528705835342
0.4703015685081482
0.6241159439086914
0.4301852881908417
0.636035144329071
0.5472434163093567
0.35188794136047363
-0.020410755649209023
-0.5953039526939392
-0.7333794236183167
0.3332847058773041
0.15275563299655914
-0.1715819090604782
-0.5920426249504089
0.24799025058746338
0.29350364208221436
0.6119417548179626
1.0282384157180786
0.33690765500068665
0.6861281394958496
0.9020991921424866
1.2933405637741089
0.26835954189300537
0.33138713240623474
0.26360371708869934
0.3829345405101776
-0.05787825584411621
-0.3440881371498108
0.1824769824743271
0.01118029747158289
0.33767861127853394
0.24153663218021393
0.46787115931510925
0.062188565731048584
-0.03916800767183304
0.007431506644934416
0.07046988606452942
-0.0019027781672775745
-0.011760873720049858
0.04252787306904793
-0.027992188930511475
-0.06145079433917999
-0.02309306710958481
-0.15211938321590424
0.028778981417417526
0.07549021393060684
0.059960342943668365
0.0367710255086422
-0.021341536194086075
0.04896559566259384
0.11530434340238571
0.03078572452068329
-0.02107843942940235
0.03738684952259064
0.03730921074748039
0.013525785878300667
0.027373863384127617
0.08310948312282562
-0.035377051681280136
-0.054235681891441345
-0.03471584618091583
-0.019991379231214523
0.037326205521821976
-0.04179244115948677
0.06188158690929413
-0.040918849408626556
0.036467451602220535
-0.048901621252298355
0.09695088863372803
-0.020514490082859993
0.06243177130818367
0.08591331541538239
-0.032037556171417236
-0.013237392529845238
-0.0065710293129086494
0.001153885037638247
0.029846666380763054
-0.01912969909608364
-0.06602805852890015
-0.014780368655920029
0.015778105705976486
0.012183470651507378
-0.5850352644920349
-0.6440677046775818
-0.9204999208450317
-1.6648460626602173
-0.3930540382862091
-0.16581791639328003
-0.661373496055603
-0.880912184715271
-0.2322801798582077
-0.2741527855396271
-0.7848898768424988
-0.5790678858757019
-0.6546761393547058
-0.3120165765285492
-0.9399718046188354
-0.8299683928489685
-0.17863310873508453
-0.05854120850563049
-0.15183793008327484
-0.23425434529781342
-0.09823707491159439
0.0792699083685875
-0.006916493643075228
0.16355739533901215
-0.3604891300201416
0.2625996470451355
0.27263396978378296
0.22642768919467926
-0.16754232347011566
-0.11448551714420319
-0.20900815725326538
-0.8994881510734558
0.06195995584130287
-0.16661104559898376
-0.34207484126091003
-0.4356306791305542
-0.17655187845230103
0.016590023413300514
-0.1512877196073532
-0.0014630802907049656
0.024784140288829803
-0.03578672185540199
0.38809990882873535
-0.04930098354816437
-0.13749507069587708
-0.005097832530736923
-0.17112970352172852
-0.3830188810825348
0.03885859623551369
-0.039500631392002106
-0.07224328070878983
0.004823000635951757
-0.052789703011512756
0.0005200380110181868
0.022982899099588394
-0.0026665537152439356
-0.03140099719166756
-0.03398621454834938
-0.013587192632257938
-0.04708293452858925
-0.023085832595825195
0.044833555817604065
0.0018733186880126595
-0.0908270925283432
-0.23353402316570282
-0.012891094200313091
-0.06434238702058792
-0.353180468082428
0.07672526687383652
0.14527995884418488
-0.31705543398857117
-0.10353092849254608
-0.2818862199783325
0.007348982151597738
-0.26257961988449097
-0.13534404337406158
-0.4633033871650696
-0.33920446038246155
-1.0679222345352173
-1.233086109161377
-1.0648341178894043
-0.6164266467094421
-0.8166044354438782
-1.4691619873046875
-0.9060179591178894
-0.6044359803199768
-0.880898654460907
-1.145343542098999
-0.7802754640579224
-0.40445005893707275
-0.7867856621742249
-1.0948190689086914
-1.5385925769805908
-1.000441074371338
-1.3720647096633911
-1.6382330656051636
0.009391693398356438
-0.05888616293668747
-0.01797482930123806
-0.06304257363080978
-0.033635158091783524
0.0032827232498675585
-0.039337631314992905
-0.003210644703358412
0.009425478987395763
-0.03004806861281395
-0.037607744336128235
0.022033456712961197
-0.059050172567367554
0.06157442554831505
-0.06479804962873459
-0.015207253396511078
-0.31038451194763184
-0.17370827496051788
-0.1851886361837387
-0.41563931107521057
0.015424533747136593
-0.2238544076681137
-0.1503627896308899
-0.18919308483600616
-0.2754203677177429
0.11144201457500458
0.09005170315504074
0.14108726382255554
-0.3053073287010193
-0.45480042695999146
-0.6962393522262573
-1.3725217580795288
0.03514963388442993
0.053767234086990356
-0.06450630724430084
0.03579498082399368
-0.03415045514702797
-0.020371656864881516
-0.07683116942644119
-0.06710027158260345
0.07474174350500107
-0.022880012169480324
0.028857653960585594
0.043300870805978775
-0.01511459145694971
0.007237814832478762
-0.0002903846907429397
-0.0031594850588589907
-0.4670701324939728
-0.6192471385002136
-0.6128095388412476
-1.4018584489822388
-0.30641433596611023
0.008116952143609524
-0.2925078868865967
-0.5249459743499756
-0.32884299755096436
0.11718440800905228
-0.4372780919075012
-0.5200014710426331
-0.28764599561691284
-0.22589217126369476
-0.6571330428123474
-0.944716215133667
-0.0007225550943985581
-0.001355232554487884
0.017067987471818924
0.027982152998447418
-0.06818962097167969
-0.024350399151444435
0.043313074856996536
-0.008324341848492622
-0.022849785163998604
0.01850239560008049
0.008823662996292114
-0.04684116318821907
-0.012748140841722488
0.03518184274435043
0.00020394880266394466
-0.0016771209193393588
-0.8373278975486755
-0.7230982184410095
-0.9655857682228088
-1.8134169578552246
-0.6805258989334106
-0.24940794706344604
-0.38466876745224
-0.2178151160478592
-0.2888779640197754
-0.2256639301776886
-0.6930943727493286
-0.6688092947006226
-0.5389045476913452
-0.352470338344574
-0.9753221869468689
-0.8635191917419434
-0.5746046900749207
-0.5614680051803589
-0.7224298715591431
-1.2181146144866943
-0.397988498210907
-0.036930788308382034
-0.25494179129600525
-0.3610624670982361
-0.24394747614860535
-0.06800906360149384
-0.38435491919517517
-0.31753280758857727
-0.8101574778556824
-0.21036826074123383
-1.0801059007644653
-1.1130092144012451
-0.611330509185791
-0.1558675318956375
-0.8659037351608276
-1.570525884628296
-0.4913472533226013
-0.20630531013011932
-0.6355808973312378
-0.32335931062698364
-0.5034239888191223
-0.5045157074928284
-0.6425241827964783
-0.7055113315582275
-0.6589602828025818
-0.42817574739456177
-0.8548704981803894
-1.4216015338897705
-0.01907234638929367
0.04253276437520981
0.04496464878320694
-0.03910082206130028
0.0021272816229611635
0.07688988745212555
0.02893373742699623
0.04362257942557335
0.013400748372077942
0.02539757452905178
0.030754059553146362
-0.0028915447182953358
0.03175174444913864
0.05345432087779045
0.0667225793004036
-0.10729481279850006
-0.8946805000305176
-0.5242714881896973
-1.1187251806259155
-1.4749940633773804
-0.6643493175506592
-0.06486774981021881
-0.5993293523788452
-0.38146576285362244
-0.35370150208473206
-0.47464853525161743
-0.6158044934272766
-0.5523532032966614
-0.48635292053222656
-0.1273282766342163
-1.1637897491455078
-1.355289340019226
-0.2671971917152405
-0.5786887407302856
-0.3643748164176941
-0.7321280241012573
-0.32231175899505615
-0.08594651520252228
-0.08330928534269333
0.003190767951309681
0.291248083114624
0.11578529328107834
-0.008909828029572964
-0.1364283412694931
0.0735938772559166
-0.004035138059407473
-0.29273489117622375
-0.14631956815719604
-0.1372959017753601
-0.05019860714673996
0.16098487377166748
-0.12748023867607117
0.09929841756820679
-0.05109735205769539
0.2958206534385681
-0.19505149126052856
0.04125402495265007
-0.01726127229630947
-0.01958272233605385
-0.0038506058044731617
0.058789871633052826
-0.09206582605838776
-0.06027283892035484
-0.05618991330265999
0.018621746450662613
-0.06908806413412094
-0.04810994863510132
-0.032786838710308075
0.013519088737666607
-0.07809343934059143
0.015221953392028809
0.06743798404932022
0.021375447511672974
0.002857252024114132
0.05344482138752937
-0.09864388406276703
0.0006447288324125111
0.06838829070329666
-0.031410183757543564
-0.07250551134347916
-0.6315224170684814
-0.4348255395889282
-0.5517924427986145
-0.7859565019607544
-0.3431389331817627
-0.03656692057847977
-0.09862180054187775
-0.4540099501609802
-0.5395020842552185
0.03984973952174187
-0.12283703684806824
-0.3588593006134033
-0.35432159900665283
-0.6807842254638672
-1.016739010810852
-1.4942083358764648
-0.6414739489555359
-0.8491351008415222
-0.7702350616455078
-1.4522736072540283
-0.5417091250419617
-0.1410660445690155
-0.15659183263778687
-0.695385217666626
-0.1508096158504486
-0.19058704376220703
-0.27473771572113037
-0.36011213064193726
-0.5927574634552002
-0.1536932736635208
-0.7630685567855835
-0.6127337217330933
-0.059654995799064636
-0.33738988637924194
-0.6922019124031067
-1.311987280845642
-0.4114358723163605
-0.1742400974035263
-0.4335121512413025
-0.5054445862770081
0.02365168184041977
0.17195001244544983
-0.13079090416431427
-0.3853212296962738
-0.33657190203666687
0.0024677226319909096
-0.5756474137306213
-0.23619301617145538
-0.2695569097995758
-0.4183814227581024
-0.8279822468757629
-1.4365345239639282
-0.331329882144928
0.08113481104373932
-0.27393049001693726
-0.2374926507472992
-0.16776736080646515
-0.05985807627439499
0.1336120367050171
-0.2993389666080475
-0.43763527274131775
-0.05301526561379433
-0.777475893497467
-0.5776523351669312
-0.5412851572036743
-0.7079642415046692
-0.8087276816368103
-1.4071613550186157
-0.4887332320213318
-0.10425182431936264
-0.4327569007873535
-0.5239953398704529
-0.08584902435541153
0.013340761885046959
-0.3625997304916382
-0.302144318819046
-0.3395480513572693
-0.3426484763622284
-0.4793403446674347
-0.30500733852386475
-0.4011678993701935
-0.48660996556282043
-0.3191046118736267
-0.9545910358428955
-0.13139106333255768
0.23571275174617767
-0.2964151203632355
-0.3020489513874054
-0.02638496272265911
0.20980022847652435
0.2898082137107849
0.04242020472884178
-0.5423292517662048
0.10856683552265167
-0.7661067843437195
-1.038791537284851
-0.5265139937400818
-0.6291839480400085
-0.8577776551246643
-1.7568551301956177
-0.47474488615989685
0.055694397538900375
-0.8471208810806274
-0.8375647068023682
-0.2049046754837036
-0.42009231448173523
-0.9857646226882935
-0.6447383761405945
-0.5796487331390381
-0.1304781287908554
-0.8295969367027283
-0.7290582060813904
-0.2063097357749939
-0.1518792062997818
-0.1544613093137741
0.2685610353946686
-0.22907410562038422
0.12604141235351562
0.03527751564979553
0.4240242540836334
-0.25110605359077454
-0.06708760559558868
-0.02105778455734253
-0.33571094274520874
-0.19044071435928345
-0.4730646312236786
-0.20272579789161682
-0.6216093897819519
-0.7648387551307678
-0.5676686763763428
-1.0110963582992554
-1.0267996788024902
-0.5045775175094604
-0.4540591835975647
-0.08701056987047195
-0.33347320556640625
-0.41845786571502686
-0.4457816481590271
-0.023219535127282143
0.02910030446946621
-0.35175976157188416
-0.4729754328727722
-0.7557055950164795
-1.4133380651474
-0.49474117159843445
-0.721869170665741
-1.245136022567749
-1.731513500213623
-0.6280502080917358
-0.40442538261413574
-0.6993575692176819
-0.4575124979019165
-0.16727814078330994
-0.2014598250389099
-0.9196557402610779
-0.5611644387245178
-0.4436160624027252
-0.12238168716430664
-0.685615062713623
-0.4869648218154907
-0.022707069292664528
0.019650034606456757
0.0956248790025711
0.03783736750483513
-0.05126797407865524
-5.01231370435562e-05
0.02776939980685711
0.04367520287632942
-0.024029841646552086
-0.017552480101585388
0.04520760849118233
0.025475267320871353
0.0229102224111557
-0.07639370858669281
-0.03321649506688118
0.08113015443086624
0.0034912070259451866
-0.042061883956193924
0.005829243455082178
0.05066293478012085
0.021980926394462585
-0.03166026622056961
0.06592993438243866
0.04120282083749771
-0.08568550646305084
-0.0377616286277771
-0.1049523875117302
0.015518775209784508
-0.011262240819633007
0.010591387748718262
0.05239919573068619
0.01850491762161255
0.03352031111717224
0.07774718850851059
0.026653099805116653
-0.029989486560225487
0.005589502397924662
0.0018169836839661002
-0.040817566215991974
-0.024524660781025887
0.05985035374760628
0.08043856918811798
-0.017507925629615784
0.06767570972442627
0.021418286487460136
-0.030083050951361656
0.0010240506380796432
0.01996489055454731
-0.348015159368515
-0.08017081022262573
-1.1305761337280273
-1.8529349565505981
-0.27404192090034485
0.5191670060157776
0.5094889998435974
-1.0364439487457275
0.056475456804037094
0.2154330462217331
0.3317592144012451
-0.5797110795974731
-0.5444824695587158
-0.4400441646575928
-0.4860798418521881
-0.675818145275116
-0.15456627309322357
0.13481128215789795
-0.36298903822898865
-0.25379571318626404
0.12520930171012878
0.14850202202796936
0.5941740274429321
0.5414718389511108
-0.2685745060443878
0.15920782089233398
0.5989604592323303
0.6311514377593994
-0.15366269648075104
-0.058420389890670776
-0.266641229391098
-0.2462414801120758
0.13238456845283508
0.022511668503284454
-0.15102733671665192
-0.48972856998443604
-0.24871601164340973
0.09253576397895813
-0.03902232646942139
-0.2243032604455948
0.2913394570350647
0.13088692724704742
1.063855528831482
0.39666450023651123
-0.2690625488758087
-0.2708800733089447
-0.26461467146873474
-0.05081021785736084
-0.07101471722126007
-0.08131446689367294
-0.039437469094991684
0.03301863372325897
-0.04257426783442497
0.024568727239966393
-0.0008100862032733858
0.024691948667168617
0.016657697036862373
-0.012928226962685585
0.018491677939891815
0.01249011792242527
0.06368399411439896
-0.007100868504494429
0.03770267590880394
0.014379024505615234
-0.09915772825479507
0.2956311106681824
-0.22816608846187592
-0.8998619318008423
0.5372374057769775
0.4114495515823364
0.2292262464761734
0.49365904927253723
-0.03357218950986862
-0.11482199281454086
-0.3560597896575928
0.05956035852432251
-0.5770695805549622
-0.44375184178352356
-0.40259695053100586
-1.0753525495529175
-0.638343334197998
0.035159796476364136
-0.09928064048290253
-1.4645404815673828
-0.3467550575733185
0.4185486137866974
0.08196763694286346
0.03916151821613312
-0.534145712852478
0.14776158332824707
0.169430673122406
0.23753118515014648
-1.843643307685852
-0.7124435305595398
-0.6954058408737183
-0.7297208905220032
-0.05097093805670738
0.023035820573568344
-0.004026777110993862
0.0964755043387413
0.05754050984978676
0.10757455229759216
-0.08567050844430923
-0.04208449646830559
0.07085425406694412
-0.052754003554582596
-0.02131321094930172
-0.07009700685739517
-0.010003718547523022
0.04137764498591423
0.008403467014431953
-0.07756184041500092
-0.04379692301154137
-0.04385866969823837
-0.06781887263059616
-0.38666144013404846
0.33071258664131165
0.10577499121427536
0.9031606316566467
0.8436288237571716
-0.2037537395954132
-0.020150411874055862
-0.004592042416334152
0.524424135684967
-0.42537572979927063
-0.4446242153644562
-0.3437742590904236
-0.6623252034187317
-0.01925586722791195
0.07114725559949875
0.0238045547157526
-0.07833966612815857
-0.0013886085944250226
-0.00864142645150423
-0.012507868930697441
-0.0006327992887236178
-0.0009560309699736536
0.047052185982465744
0.08796656876802444
-0.05213095620274544
0.016906162723898888
-0.017883045598864555
0.03819912672042847
-0.005356953479349613
-0.08633256703615189
-0.11499503254890442
-0.14458130300045013
-1.4626376628875732
-0.0021505963522940874
0.32390448451042175
0.438822478055954
0.1553613841533661
0.048165760934352875
0.6063881516456604
0.2917628586292267
-0.06270035356283188
-0.3540792465209961
-0.40562036633491516
-0.38651522994041443
-0.7273019552230835
0.0013372375397011638
-0.029788602143526077
0.055847153067588806
0.02579834870994091
0.022315997630357742
-0.03838308900594711
-0.033395517617464066
-0.04232321307063103
-0.02147255465388298
0.05053584650158882
0.0003754953504540026
-0.03012358769774437
-0.02111540362238884
0.010089871473610401
0.0026394266169518232
0.012083564884960651
-0.4250619411468506
-0.13455109298229218
-0.36566245555877686
-1.9089875221252441
-0.34083443880081177
0.2611510455608368
0.17454394698143005
0.12311583757400513
0.07579760253429413
0.4224897027015686
0.4998377561569214
0.3651317358016968
-0.5036562085151672
-0.2804083824157715
-0.43805500864982605
-0.4045299291610718
-0.25713780522346497
-0.2645464241504669
-0.5798431038856506
-1.5490888357162476
0.032291870564222336
0.6740807294845581
0.4203929603099823
-0.7236133217811584
-0.0048994505777955055
0.3191671669483185
0.5454984307289124
0.5251500606536865
-0.9335066080093384
-0.21448326110839844
-0.35202181339263916
-0.35359275341033936
-0.3231942355632782
0.1534205824136734
-0.4953998327255249
-1.7720346450805664
-0.011508596129715443
0.4095306396484375
0.1253800243139267
0.4479394257068634
-0.13623438775539398
0.17814849317073822
0.4134845435619354
0.3323614001274109
-0.7651675939559937
-0.3934406042098999
-0.3853679597377777
-0.4257023334503174
-0.06877226382493973
0.05247858911752701
0.035255491733551025
-0.012590410187840462
0.02052154578268528
-0.03520965948700905
-0.04703715071082115
-0.014958462677896023
0.020743275061249733
0.09005256742238998
0.05199652910232544
-0.05996772646903992
-0.0033521633595228195
0.0038909113500267267
-0.009610040113329887
0.06886468082666397
-0.6925609707832336
-0.17340083420276642
-0.3817324936389923
-1.6053588390350342
-0.15832948684692383
0.4599095582962036
0.4605126678943634
0.3125014007091522
-0.11474014818668365
0.2197199910879135
0.43987879157066345
0.32812419533729553
-0.5814886093139648
-0.26547279953956604
-0.4485247731208801
-0.5010877251625061
0.17700597643852234
-0.39571553468704224
-0.28346964716911316
-0.8453673720359802
-0.12147759646177292
0.046650201082229614
-0.3457101285457611
-0.2619679868221283
0.5883206725120544
0.5463789105415344
0.7098482847213745
-0.07779394835233688
0.13052886724472046
-0.07692689448595047
-0.15168911218643188
-0.24445247650146484
-0.17534683644771576
-0.1688215285539627
0.3823142647743225
0.003793406765908003
0.2003825455904007
0.19194288551807404
0.4175547957420349
-0.28633978962898254
0.23236554861068726
0.11491457372903824
-0.050474897027015686
-0.0822334885597229
0.16949990391731262
-0.11680751293897629
-0.3331645727157593
-0.18571992218494415
-0.07842845469713211
0.07082923501729965
-0.012097018770873547
0.04736261069774628
0.014807259663939476
-0.03248652443289757
0.043765533715486526
-0.0011912183836102486
0.029306981712579727
-0.033186014741659164
-0.010803760960698128
-0.025294926017522812
-0.010352645069360733
0.010795297101140022
0.036617182195186615
-0.08011494576931
-0.38181936740875244
-0.06288110464811325
-0.15119019150733948
-1.0774195194244385
0.034417830407619476
0.685965895652771
0.8549055457115173
0.8432984948158264
-0.20679490268230438
0.202736496925354
-0.09088927507400513
-0.1406281292438507
-0.36189332604408264
-0.5087062120437622
-0.381318062543869
-1.3481405973434448
-0.23233219981193542
-0.4263538718223572
-0.6761521697044373
-1.5071874856948853
-0.1941065490245819
0.43267732858657837
0.5187403559684753
-0.6953958868980408
0.10855860263109207
0.24626214802265167
0.6480968594551086
-0.288152277469635
-0.546180009841919
-0.4329821765422821
-0.29534661769866943
-0.46024027466773987
0.10296749323606491
-0.25202038884162903
-0.6686698794364929
-1.7906112670898438
-0.1834511160850525
0.053072139620780945
-0.21887163817882538
-0.7765526175498962
0.35459625720977783
0.5504475831985474
1.0714013576507568
0.4772014319896698
-0.19858641922473907
-0.044269029051065445
-0.2957479953765869
-0.049303408712148666
-0.02017374150454998
-0.08752810955047607
-0.8141699433326721
-1.7129353284835815
-0.013521627523005009
0.43149909377098083
-0.04121403396129608
-0.4335106611251831
0.23040416836738586
0.6883730888366699
1.187961459159851
0.7720393538475037
-0.3704472482204437
-0.2487938553094864
-0.25466635823249817
-0.14120171964168549
-0.22887274622917175
-0.6063950061798096
-0.9589911103248596
-1.5875087976455688
-0.30844056606292725
0.10944601893424988
-0.32146915793418884
-0.6775321364402771
0.13373811542987823
0.3617676794528961
0.44141772389411926
-0.012675497680902481
-0.29800426959991455
-0.3219212591648102
-0.16917382180690765
-0.36957600712776184
-0.0390540212392807
-0.07412131875753403
-0.16480356454849243
-1.1915655136108398
0.17106232047080994
0.7476820945739746
0.12175235897302628
-0.4923112392425537
0.3581012785434723
0.3080047369003296
0.8646100163459778
0.4211011528968811
-0.6363117098808289
-0.23188360035419464
-0.26578816771507263
-0.31509852409362793
-0.23624159395694733
-0.05311822146177292
-0.8877951502799988
-1.9774971008300781
-0.1097496822476387
0.5553216934204102
-0.03088677115738392
-0.5184348821640015
0.14501570165157318
0.2711346447467804
0.15625745058059692
-0.5158506631851196
-0.5972880721092224
-0.5197595357894897
-0.4340091943740845
-0.7837505340576172
-0.2987380027770996
0.05513053014874458
-0.005361246410757303
0.21809059381484985
-0.2966342866420746
0.41231974959373474
0.5169116854667664
0.8631703853607178
-0.20664289593696594
0.09908554702997208
-0.16856275498867035
-0.11592818051576614
-0.13729463517665863
-0.4356548488140106
-0.3914045989513397
-1.0133670568466187
-0.61405348777771
-0.1981668621301651
-0.3721839189529419
-1.1599770784378052
0.045877985656261444
0.33121854066848755
0.8553375005722046
0.7156704068183899
-0.1943722814321518
-0.14131544530391693
0.7456749677658081
0.7570427656173706
-0.5384852290153503
-0.3284527063369751
-0.3635238707065582
-0.5258486866950989
-0.0510408915579319
-0.6117667555809021
-1.2325080633163452
-2.1631150245666504
-0.31335556507110596
-0.04720499739050865
-0.6193063259124756
-1.2196927070617676
0.1809302419424057
0.16899558901786804
0.16280381381511688
0.3012407422065735
-0.49882087111473083
-0.3079054653644562
-0.154082253575325
-0.2923852801322937
0.004491464700549841
0.0164638739079237
-0.06428375095129013
0.011983600445091724
0.11616773158311844
0.06852015107870102
0.012423497624695301
-0.03158664330840111
-0.010416270233690739
0.014065904542803764
0.0015257979976013303
0.0687110424041748
0.004573802463710308
-0.01656924933195114
-0.01907949522137642
-0.014537716284394264
0.09039101749658585
-0.02613103948533535
0.023848993703722954
-0.009204462170600891
0.03818577527999878
-0.008596595376729965
0.0017697967123240232
-0.0017645678017288446
-0.004616530146449804
0.024663066491484642
0.026775255799293518
-0.060164716094732285
0.034854184836149216
0.04579590633511543
0.04627399891614914
0.028843630105257034
-0.00889138225466013
-0.025024786591529846
0.028643708676099777
0.018601085990667343
0.14280612766742706
-0.017785662785172462
-0.018417343497276306
-0.05530573055148125
-0.010968645103275776
0.00878396537154913
0.01755940355360508
0.053511228412389755
0.017896350473165512
0.01896468922495842
0.021459614858031273
-0.010289800353348255
-0.6248232126235962
-0.5282241702079773
-0.9531930685043335
-1.6195785999298096
-0.5598606467247009
-0.027222558856010437
-0.6716727614402771
-0.9403620362281799
-0.203205406665802
-0.24170148372650146
-0.783300518989563
-0.6931445002555847
-0.6481882333755493
-0.328458309173584
-0.9960419535636902
-0.6844243407249451
-0.22392681241035461
-0.0769907534122467
-0.27430495619773865
-0.32436177134513855
-0.17937588691711426
0.0014629090437665582
0.14776532351970673
0.14600230753421783
-0.3442355990409851
0.20571789145469666
0.4153577983379364
0.14745008945465088
-0.14327864348888397
-0.1574460119009018
-0.3009801208972931
-0.7794467806816101
0.02298067882657051
-0.18467886745929718
-0.38732028007507324
-0.5442467331886292
-0.23550604283809662
-0.054570287466049194
0.01768302172422409
0.09477879106998444
0.047032784670591354
-0.1577208787202835
0.3904367685317993
-0.01725067012012005
-0.101549431681633
-0.007235650438815355
-0.28074702620506287
-0.416029691696167
-0.07351355999708176
0.08052351325750351
-0.028809377923607826
0.09607773274183273
-0.029279585927724838
0.07469813525676727
-0.007674380671232939
0.03539181128144264
0.01403078157454729
-0.06294020265340805
-0.010383917950093746
0.011588823981583118
0.03411078825592995
-0.04513350501656532
0.015563041903078556
-0.018513988703489304
-0.19334368407726288
-0.026206552982330322
-0.16987113654613495
-0.2818218767642975
0.03687063232064247
0.04130430519580841
-0.45745715498924255
-0.16560909152030945
-0.3798027038574219
-0.13113872706890106
-0.13564477860927582
-0.2894294857978821
-0.545720636844635
-0.37603554129600525
-1.0633467435836792
-1.0877927541732788
-1.0112462043762207
-0.6573929190635681
-0.7817202806472778
-1.5520548820495605
-0.9464653134346008
-0.5128519535064697
-0.8572068810462952
-1.2118149995803833
-1.0074807405471802
-0.5800837874412537
-0.5581619143486023
-1.2219537496566772
-1.5621709823608398
-0.9792875051498413
-1.3146299123764038
-1.6019971370697021
0.04586132988333702
-0.06941983103752136
-0.009238927625119686
-0.07042291015386581
0.05030534416437149
0.03717801719903946
0.007560445927083492
-0.04000362008810043
0.05042024329304695
-0.03319930657744408
0.03349277377128601
0.08285423368215561
-0.08281701058149338
-0.012895298190414906
0.05061570927500725
0.05950665473937988
-0.2362564504146576
-0.2967258393764496
-0.167591854929924
-0.33483177423477173
-0.1451917290687561
-0.3511725664138794
-0.006730125285685062
-0.14229920506477356
-0.29381340742111206
0.04672345146536827
0.11883436888456345
-0.01872168853878975
-0.32168373465538025
-0.3922387659549713
-0.7794665098190308
-1.388587474822998
0.03968958556652069
-0.0439082533121109
0.06379681080579758
-0.03138237074017525
0.02668081969022751
-0.02391790598630905
0.05101993307471275
-0.024652181193232536
-0.009577315300703049
-0.08746500313282013
0.018905851989984512
-0.00082315196050331
-0.04159180074930191
-0.04096214473247528
0.009500492364168167
0.10224846005439758
-0.3676508963108063
-0.5731645822525024
-0.428709477186203
-1.4710502624511719
-0.2710530161857605
-0.14457270503044128
-0.10098570585250854
-0.5768764615058899
-0.41734158992767334
0.06897727400064468
-0.3036380112171173
-0.5478358268737793
-0.2494630217552185
-0.30149054527282715
-0.7009993195533752
-0.9289011359214783
0.017450036481022835
-0.0066719320602715015
-0.007873679511249065
0.0895925983786583
-0.003283252939581871
-0.006829102523624897
-0.011865096166729927
-0.0392720066010952
0.023517878726124763
0.005169922485947609
-0.03564314544200897
-0.009599065408110619
0.01385367289185524
-0.0060954708606004715
0.03350527584552765
-0.004502610769122839
-0.8041799664497375
-0.6776631474494934
-0.8870061635971069
-1.8893603086471558
-0.6119512319564819
-0.3436335325241089
-0.24398913979530334
-0.31266075372695923
-0.46131160855293274
-0.1636124849319458
-0.5922579169273376
-0.8542340397834778
-0.534620463848114
-0.3234136998653412
-0.8438425660133362
-0.9752074480056763
-0.511367678642273
-0.5873615741729736
-0.7245156764984131
-1.2747533321380615
-0.37446802854537964
0.1295562982559204
-0.25396406650543213
-0.3278948962688446
-0.4363735318183899
-0.010421579703688622
-0.1108698695898056
-0.3832484781742096
-0.8345011472702026
-0.1645754873752594
-0.9710714817047119
-1.1306123733520508
-0.6210557818412781
-0.2597820460796356
-0.9445148706436157
-1.6015419960021973
-0.4877699315547943
-0.15740256011486053
-0.5993309020996094
-0.31947803497314453
-0.5457238554954529
-0.36456388235092163
-0.2675589621067047
-0.7931095361709595
-0.5590113401412964
-0.5421610474586487
-0.8467881083488464
-1.3928790092468262
0.00326239294372499
0.04902627319097519
0.056122008711099625
0.06568576395511627
0.028374021872878075
-0.053206685930490494
0.13643167912960052
0.029431983828544617
-0.0057591781951487064
0.0011991182109341025
0.037997543811798096
0.004913839977234602
-0.0002771345025394112
0.027073346078395844
-0.007647199090570211
0.003243471961468458
-0.8398028016090393
-0.4891272187232971
-1.097633957862854
-1.3955410718917847
-0.6523197889328003
-0.08812705427408218
-0.40824881196022034
-0.4423866868019104
-0.43424147367477417
-0.594156801700592
-0.3679724931716919
-0.6628329157829285
-0.46631938219070435
-0.14050139486789703
-1.0133967399597168
-1.33608078956604
-0.13641344010829926
-0.6011077761650085
-0.34387707710266113
-0.6944295167922974
-0.370517760515213
-0.13086310029029846
-0.13030914962291718
-0.07969289273023605
0.24472211301326752
0.0754113495349884
0.019779179245233536
-0.182012140750885
0.1446455717086792
-0.04709596931934357
-0.27194395661354065
-0.14898833632469177
-0.22651812434196472
-0.11301302909851074
0.13875098526477814
-0.04106663167476654
0.13051775097846985
0.09540995210409164
0.28319767117500305
-0.20419475436210632
0.07065792381763458
-0.03526994213461876
0.00253292010165751
-0.0544264130294323
0.09232719242572784
-0.04482213035225868
-0.09111221879720688
0.024479947984218597
-0.04992949590086937
0.03088155947625637
0.011086888611316681
0.0352262407541275
0.015789831057190895
0.022664343938231468
0.049102216958999634
-0.019542483612895012
-0.001249578665010631
0.015255843289196491
0.015041123144328594
0.03289979323744774
-0.005344414617866278
-0.08034275472164154
0.01250067912042141
-0.028424011543393135
-0.6236446499824524
-0.40470045804977417
-0.6165696978569031
-0.7362204790115356
-0.44881772994995117
-0.09422861039638519
-0.10105347633361816
-0.4771936237812042
-0.49871736764907837
0.005600255914032459
-0.1231217309832573
-0.42873892188072205
-0.25179046392440796
-0.6331901550292969
-0.8974069952964783
-1.426536202430725
-0.5800027251243591
-0.7412986755371094
-0.8076879978179932
-1.4251658916473389
-0.571010172367096
0.0024679244961589575
-0.23356159031391144
-0.5860424041748047
-0.2720663249492645
-0.08662779629230499
-0.20640721917152405
-0.381517618894577
-0.5911546349525452
-0.19575273990631104
-0.7564199566841125
-0.570639431476593
-0.18032310903072357
-0.2985093593597412
-0.650243878364563
-1.3409068584442139
-0.3066198527812958
-0.19703900814056396
-0.45661813020706177
-0.5522770285606384
-0.021407805383205414
0.2174237221479416
-0.08576978743076324
-0.636864960193634
-0.3634707033634186
0.06761481612920761
-0.48951661586761475
-0.3801283538341522
-0.252702534198761
-0.4268890619277954
-0.8287084698677063
-1.3831565380096436
-0.27698132395744324
0.021853214129805565
-0.09828995168209076
-0.3101273477077484
-0.21587495505809784
0.053345244377851486
0.311746746301651
-0.27087485790252686
-0.49607008695602417
-0.028096068650484085
-0.6697142720222473
-0.5015422701835632
-0.6124609112739563
-0.738534152507782
-0.880363941192627
-1.392709493637085
-0.5603470206260681
-0.19172577559947968
-0.383802205324173
-0.4554663300514221
-0.2931782603263855
-0.0886971578001976
-0.1616496443748474
-0.2626301944255829
-0.2877977192401886
-0.4177422821521759
-0.5789127349853516
-0.26431405544281006
-0.40241801738739014
-0.34439966082572937
-0.4581490159034729
-0.8985927104949951
-0.056208547204732895
0.22877702116966248
-0.37803199887275696
-0.42672911286354065
-0.17144809663295746
0.12986671924591064
0.33008986711502075
-0.03677714616060257
-0.5585418939590454
0.1200394481420517
-0.6589570641517639
-1.0228246450424194
-0.5026706457138062
-0.5698519945144653
-0.8534895181655884
-1.5781140327453613
-0.40994009375572205
0.044759601354599
-0.8745841979980469
-0.8478111624717712
-0.25939586758613586
-0.2756005823612213
-1.0237449407577515
-0.6587812304496765
-0.681281566619873
-0.286060631275177
-0.8772421479225159
-0.737774133682251
-0.33016008138656616
-0.15270473062992096
-0.06944823265075684
0.3276723325252533
-0.2621763050556183
0.09940069913864136
0.1003207415342331
0.3652692437171936
-0.3051840662956238
0.0048180799931287766
0.05988737940788269
-0.5026947855949402
-0.20752857625484467
-0.38685545325279236
-0.24004405736923218
-0.6274703741073608
-0.7199727296829224
-0.5509065389633179
-0.8495616912841797
-0.9868081212043762
-0.4548232853412628
-0.3813856244087219
0.060987990349531174
-0.3526955246925354
-0.5398865342140198
-0.4504545032978058
0.2009512484073639
-0.15053938329219818
-0.41592320799827576
-0.40876486897468567
-0.6400880217552185
-1.3244426250457764
-0.4356122612953186
-0.7823297381401062
-1.1208146810531616
-1.7837284803390503
-0.6091746091842651
-0.445596307516098
-0.7902294993400574
-0.5858206152915955
-0.2732589840888977
-0.29314932227134705
-0.7385465502738953
-0.7855883240699768
-0.45389267802238464
-0.27831876277923584
-0.6997339129447937
-0.4547474682331085
0.08233319222927094
-0.05345824360847473
-0.012331941165030003
0.008496611379086971
0.0027729638386517763
0.021440481767058372
0.00857852678745985
-0.08143876492977142
0.003535572672262788
0.07400745898485184
-0.017413292080163956
-0.042857684195041656
-0.09359753876924515
0.04455386474728584
0.07277286797761917
0.04601775482296944
-0.07611045241355896
-0.01671515591442585
0.05482156574726105
0.05318355932831764
-0.05729644373059273
0.028246300294995308
-0.009858864359557629
0.0173113364726305
0.01699492521584034
0.031194649636745453
0.006536723114550114
0.04478936642408371
0.025282518938183784
0.10289093852043152
0.06986446678638458
-0.020398801192641258
0.020680870860815048
-0.10002616792917252
0.07007727771997452
-0.020235197618603706
0.020586490631103516
0.04185023531317711
-0.05134955421090126
-0.048793211579322815
-0.03238746523857117
-0.048301223665475845
0.012954005040228367
-0.02894989773631096
-0.08768013119697571
0.05552442744374275
-0.020064376294612885
-0.04708431288599968
0.46376511454582214
0.21232876181602478
0.6007543206214905
1.3271856307983398
0.30279096961021423
-0.14911474287509918
-0.5311396718025208
1.1318824291229248
-0.04345102235674858
-0.2870079576969147
-0.08150394260883331
0.5238630175590515
0.4871203303337097
0.5160640478134155
0.7078325152397156
0.6074177026748657
0.13875915110111237
0.1569729745388031
-0.026401357725262642
-0.11408012360334396
-0.03501426428556442
-0.2977690100669861
-0.49473172426223755
-0.5551754236221313
0.21618083119392395
-0.3777276277542114
-0.42315053939819336
-0.25348931550979614
0.40446335077285767
0.04394286125898361
0.12700563669204712
0.4406788945198059
-0.0359748974442482
0.0333862267434597
0.1053689643740654
0.24006867408752441
-0.0863426923751831
0.016524873673915863
0.14851583540439606
-0.17538043856620789
-0.3184798061847687
-0.17627669870853424
-0.6008508801460266
-0.15360121428966522
0.1005437895655632
0.0022857815492898226
0.10980517417192459
0.0997549369931221
0.004882847890257835
0.025645015761256218
-0.009539676830172539
-0.14290206134319305
-0.06722468137741089
0.029816245660185814
-0.08624737709760666
-0.02997344359755516
0.011691448278725147
-0.003554683644324541
-0.018350636586546898
-0.10353250056505203
0.02796521782875061
0.010759430006146431
-0.06823907792568207
0.07363332062959671
0.10777712613344193
-0.030124904587864876
-0.26185500621795654
-0.07397597283124924
-0.2814923822879791
-0.46320343017578125
0.17452143132686615
-0.3194035589694977
0.025075724348425865
0.02961535006761551
0.4268563985824585
0.059751592576503754
0.5711341500282288
0.29606443643569946
0.7793466448783875
1.1930118799209595
0.7944706082344055
0.4638587236404419
0.6933815479278564
0.9526681303977966
0.6986144185066223
0.12447100877761841
0.177751824259758
0.5751754641532898
0.7509246468544006
0.02736552245914936
0.06495103985071182
0.6103053689002991
1.4539812803268433
0.8245748281478882
1.1147222518920898
1.39490807056427
0.07473696768283844
0.022876795381307602
-0.02569887973368168
-0.03157970681786537
-0.05933595076203346
0.06329111754894257
0.013510930351912975
0.020601514726877213
0.003365941811352968
0.014308175072073936
0.020188352093100548
-0.04643828794360161
0.031211834400892258
0.07073496282100677
0.00573636032640934
-0.01882711984217167
-0.011392234824597836
0.24686340987682343
0.29297521710395813
-0.021479468792676926
-0.10873803496360779
-0.27606406807899475
-0.34466323256492615
-0.14770859479904175
0.03707217425107956
-0.3860986828804016
-0.05477301776409149
-0.30316033959388733
0.5421018004417419
0.3213796019554138
0.5087828636169434
0.808862566947937
-0.03050956502556801
-0.05113770812749863
0.053167473524808884
-0.011413258500397205
0.02188056893646717
0.10738496482372284
-0.03620405122637749
0.047813549637794495
0.037456613034009933
0.03446062281727791
0.003680307185277343
0.02029266580939293
-0.03646007925271988
-0.008439050987362862
-0.008137444965541363
-0.03728888928890228
0.2516985535621643
0.4047704339027405
0.4158506393432617
0.676883339881897
0.15189066529273987
-0.14563366770744324
-0.5043587684631348
0.3126431405544281
0.060280684381723404
-0.41120967268943787
-0.2249809056520462
0.251961886882782
0.4551108181476593
0.2460480034351349
0.3168943226337433
0.5523802638053894
0.019239891320466995
-0.004297157283872366
0.08354371041059494
0.007831647992134094
-0.000661187048535794
0.000489796744659543
-0.013063757680356503
0.05786091089248657
-0.018458794802427292
-0.04324278235435486
0.018554475158452988
-0.04113910347223282
0.00814582034945488
-0.029897119849920273
0.0033305687829852104
-0.006540894508361816
0.9373981952667236
0.6218560338020325
0.6579729914665222
1.246397614479065
0.5099227428436279
0.07150749117136002
-0.407177597284317
-0.1462344229221344
0.13492059707641602
-0.11777564138174057
0.06945686787366867
0.281007319688797
0.5556150078773499
0.18311530351638794
0.3922981917858124
0.5280227661132812
0.5431966781616211
0.6506251692771912
0.26009199023246765
0.8849672079086304
-0.005349744576960802
-0.20658554136753082
-0.4153998792171478
-0.06282404810190201
-0.05504104867577553
-0.06151942163705826
-0.22791077196598053
-0.2217065840959549
0.5190142393112183
0.022546885535120964
0.6635605096817017
0.6872735619544983
0.5497817993164062
0.408311665058136
0.21182416379451752
0.91960608959198
0.26231837272644043
-0.21116916835308075
0.2588675618171692
-0.16502323746681213
0.2145536094903946
0.10798978805541992
0.08874507248401642
0.3724062442779541
0.4071165919303894
0.3959086835384369
0.4980661869049072
1.2588058710098267
0.009527865797281265
0.05669061467051506
-0.031744956970214844
-0.014749255031347275
-0.03765226900577545
0.06651192158460617
-0.08447280526161194
0.0071840910241007805
0.023235639557242393
0.0474107451736927
0.027091095224022865
-0.03407275676727295
-0.02541978657245636
-0.01092278491705656
-0.04078327491879463
0.0034198807552456856
0.8022924065589905
0.40152838826179504
0.6320542693138123
0.7978930473327637
0.26747429370880127
-0.2929214835166931
0.10357420891523361
0.17523716390132904
0.29110434651374817
-0.01772177964448929
-0.0682952031493187
0.21613086760044098
0.5580880641937256
0.20330780744552612
0.5793821811676025
0.9852468371391296
0.059850942343473434
0.3704174757003784
0.06589797884225845
0.5125806331634521
0.18084673583507538
-0.1264069676399231
-0.06023865565657616
-0.03233717381954193
-0.5380513072013855
-0.1558915227651596
-0.2973964214324951
0.139752596616745
-0.19775252044200897
-0.09868210554122925
-0.008530539460480213
0.13739585876464844
0.06801445782184601
0.2233932465314865
-0.23818908631801605
-0.05508854240179062
-0.23280750215053558
-0.10749436914920807
-0.3253363072872162
0.2342725545167923
-0.13730190694332123
0.00934681762009859
0.021022094413638115
0.05219392478466034
-0.11690369993448257
-0.05191067233681679
0.14334838092327118
0.218474879860878
0.01711946353316307
0.008650925010442734
0.05554362013936043
-0.004844417795538902
-0.026148788630962372
0.0722423791885376
-0.061043880879879
0.05758402496576309
0.0037165614776313305
-0.12220887094736099
0.06265084445476532
-0.04536321014165878
-0.023254625499248505
0.02247406356036663
0.0460607148706913
0.014839381910860538
0.46835172176361084
0.16456559300422668
0.3832642138004303
0.12272641062736511
0.22131837904453278
-0.46676719188690186
-0.2748488187789917
0.08308332413434982
0.40230271220207214
-0.03826063126325607
-0.03772621601819992
0.15204603970050812
0.21772246062755585
0.5209652781486511
0.8709611296653748
1.0333752632141113
0.5227853655815125
0.6345987915992737
0.3664335012435913
1.017027497291565
0.31365257501602173
-0.1405474692583084
-0.5138263702392578
0.6376234889030457
0.03147967904806137
-0.11868864297866821
-0.41960230469703674
0.3451521694660187
0.2841794490814209
0.3109436631202698
0.4012552499771118
0.5852283239364624
0.18125462532043457
0.27241915464401245
0.3955340087413788
0.8165386915206909
0.06838309019804001
-0.06221306324005127
0.33233436942100525
0.01884586364030838
-0.2267291098833084
-0.2820114493370056
-0.4148654341697693
-0.14059393107891083
0.09240234643220901
-0.22148603200912476
0.06872976571321487
0.1269839107990265
0.2513304352760315
0.4813379645347595
0.6535194516181946
0.9654057025909424
0.12309816479682922
-0.303402841091156
0.08766651153564453
0.0677325502038002
-0.2831598222255707
-0.23650217056274414
-0.36220696568489075
-0.33321866393089294
0.2548276484012604
-0.16619829833507538
0.29564398527145386
0.10074310749769211
0.487061083316803
0.4919162094593048
0.6167663931846619
1.0483757257461548
0.5064325928688049
0.20447911322116852
-0.16328823566436768
0.28609609603881836
0.0689782202243805
-0.2916974425315857
-0.2929812967777252
0.16753125190734863
0.25297829508781433
0.2564505636692047
0.3298373520374298
0.21805091202259064
0.3531809151172638
0.23642370104789734
-0.1650814414024353
0.7270020246505737
-0.040233176201581955
-0.44458338618278503
-0.22952766716480255
0.10229834914207458
-0.00954508688300848
-0.22374123334884644
-0.3389205038547516
-0.2172105759382248
0.4362577199935913
-0.01780977100133896
0.1461932361125946
0.7259050011634827
0.38177502155303955
0.38188236951828003
0.6342831254005432
1.5465306043624878
0.2743189334869385
-0.2723386585712433
-0.3596372604370117
0.8374295830726624
0.03096533752977848
-0.12585659325122833
-0.15083163976669312
0.5563259124755859
0.4426620602607727
0.5860168933868408
0.6793052554130554
0.6522021889686584
0.10096831619739532
0.16208894550800323
-0.15731754899024963
-0.5784550309181213
0.19941788911819458
-0.20414230227470398
-0.03238596394658089
-0.5477390885353088
0.17025640606880188
-0.1486043930053711
0.1102108284831047
0.2827519178390503
0.3129580020904541
0.48088324069976807
0.06488209217786789
0.41810694336891174
0.678106963634491
0.44739121198654175
0.842963695526123
0.6450955867767334
0.30534040927886963
-0.15790441632270813
-0.5233184695243835
-0.3921337425708771
0.35975268483161926
0.16033078730106354
-0.39521560072898865
-0.5275366902351379
0.039738886058330536
0.41173985600471497
0.5696120858192444
0.951993465423584
0.4253831207752228
0.6414272785186768
1.0196380615234375
1.4909390211105347
0.2991712987422943
0.17258641123771667
0.18968871235847473
0.3363627791404724
0.002412096131592989
-0.3982478082180023
0.1982242465019226
0.09291215240955353
0.2841790020465851
0.15677307546138763
0.22500978410243988
0.20429840683937073
-0.018072839826345444
0.064845509827137
0.048535145819187164
-0.08315704017877579
-0.0071587758138775826
0.005772517062723637
0.017953481525182724
-0.03680921718478203
-0.028400752693414688
-0.07239624112844467
-0.029101883992552757
-0.04325515404343605
0.038438186049461365
-0.10111984610557556
0.017522083595395088
0.07740100473165512
0.07121230661869049
-0.007382106501609087
-0.05625393986701965
0.04890872538089752
0.08225172758102417
0.005706502590328455
0.008905843831598759
-0.014077584259212017
-0.04353668913245201
-0.017682965844869614
0.07110258936882019
-0.02901902049779892
0.0003377661050762981
0.05457575246691704
0.07018337398767471
-0.003764531807973981
-0.0637391060590744
0.01690210960805416
0.05497187376022339
-0.019063249230384827
0.0161899421364069
0.051629673689603806
-0.08199577778577805
-0.056522171944379807
0.024663330987095833
0.013337392359972
-0.019540123641490936
0.005708687007427216
0.08378652483224869
0.026736419647932053
0.03864861652255058
0.00991001445800066
-0.07190334796905518
0.47100353240966797
-0.4284643232822418
-1.1436800956726074
-0.418539434671402
0.2213437706232071
-0.6631235480308533
-0.6557198762893677
-0.7209979295730591
0.21740028262138367
-0.3957105875015259
-0.3317594528198242
-0.22454042732715607
-0.6606124639511108
-0.0699470043182373
0.27106472849845886
-0.19613279402256012
-0.18775920569896698
0.25742384791374207
-0.7516825795173645
-0.29613375663757324
-0.4313995838165283
0.12109234929084778
0.5943080186843872
-0.14687161147594452
-0.6688441634178162
0.33724310994148254
0.6475364565849304
-0.6927792429924011
-0.19518765807151794
-0.13954180479049683
0.3426901400089264
-0.10026857256889343
0.026466256007552147
0.4152733087539673
-0.5024850964546204
-0.0193194467574358
-0.19186446070671082
0.02405719831585884
-0.0017743920907378197
-0.4659374952316284
-0.08758347481489182
0.6334586143493652
0.5968644618988037
0.2935023307800293
0.1130138412117958
-0.2595314085483551
0.3147667646408081
-0.027631616219878197
0.015546207316219807
-0.0037798096891492605
0.01342002023011446
-0.06635282933712006
0.11590167135000229
0.047895193099975586
-0.011006118729710579
-0.004451819695532322
0.022782526910305023
0.09457432478666306
-0.01824902929365635
-0.006635007914155722
-8.647138747619465e-05
0.01300701405853033
0.0445832833647728
-0.05502018332481384
-0.3572953939437866
0.09811990708112717
-0.7176557779312134
-0.6139524579048157
0.013526582159101963
-0.038688577711582184
0.511358916759491
0.10870616883039474
-0.06290028989315033
0.06459196656942368
0.4135202169418335
0.12001793086528778
-0.39052894711494446
0.4267057180404663
0.7225664854049683
0.03561331704258919
0.11118375509977341
0.17103871703147888
-1.1720633506774902
-0.4530901312828064
-0.30268940329551697
-0.22020742297172546
-0.11353336274623871
-0.7249140739440918
-0.46179434657096863
-0.3005399703979492
0.030472714453935623
-0.5145331025123596
-0.34745198488235474
-0.22684119641780853
0.35644692182540894
-0.02644987404346466
0.019600097090005875
-0.039636027067899704
0.014649653807282448
-0.05123507231473923
-0.013515321537852287
0.034066393971443176
-0.020504947751760483
-0.08750487864017487
0.05488726496696472
-0.013871811330318451
-0.05988159403204918
-0.0113166319206357
0.017982373014092445
-0.018212031573057175
-0.0351019948720932
0.08898650854825974
-0.08677438646554947
0.31822240352630615
-0.06679966300725937
-0.7553461194038391
-0.14368674159049988
0.704477071762085
0.9667300581932068
0.03109768033027649
-0.2225051373243332
0.49958932399749756
0.8139107823371887
0.015063220635056496
-0.05783310532569885
0.2576453983783722
0.8507310748100281
0.055942945182323456
0.036059774458408356
0.05007186159491539
-0.08134638518095016
-0.037229739129543304
-0.04431445524096489
0.030993370339274406
-0.027520153671503067
0.020669620484113693
-0.07899875193834305
-0.02421913482248783
-0.019551957026124
0.055236294865608215
0.056887801736593246
-0.04686810448765755
-0.04643258824944496
-0.05341368541121483
0.32581961154937744
-0.12889288365840912
-1.1270257234573364
-0.5594702363014221
-0.11438901722431183
-0.17699183523654938
-0.19542798399925232
-0.44475284218788147
0.4014248549938202
-0.2694512903690338
-0.1824163794517517
-0.9433320164680481
-0.32681766152381897
-0.21713624894618988
0.4029405415058136
-0.024042490869760513
-0.010206419974565506
-0.01956060715019703
-0.0698421522974968
-0.019822459667921066
0.04751480370759964
0.0017778462497517467
-0.056275419890880585
-0.00559839466586709
0.005549049470573664
0.04960663616657257
-0.0017123902216553688
-0.029643403366208076
-0.0023009341675788164
-0.07824710756540298
-0.001049840822815895
0.08343293517827988
0.6632955074310303
0.5969535708427429
-1.0851733684539795
-0.2585875988006592
-0.2089495062828064
0.043416474014520645
-0.1341455578804016
-1.0506670475006104
0.10824042558670044
-0.08730173110961914
0.45637667179107666
-0.647222101688385
-0.32853537797927856
-0.16515107452869415
-0.10227088630199432
-0.4125176668167114
0.5798711180686951
0.14359278976917267
-1.1478092670440674
-0.46110066771507263
0.04775526374578476
-0.1464540809392929
-0.10155972093343735
-0.8609059453010559
-0.02334493398666382
-0.020775046199560165
0.5229437947273254
0.2859570384025574
-0.23312383890151978
0.21399907767772675
0.29016444087028503
-0.01732475310564041
0.033013880252838135
0.438010036945343
-1.2341065406799316
-0.2556430697441101
-0.4718628525733948
-0.30067259073257446
0.06833669543266296
-0.7571240663528442
-0.2811333239078522
0.04775957018136978
0.5250034928321838
-0.13910995423793793
-0.33436551690101624
0.17862474918365479
0.26499056816101074
0.10145693272352219
-0.06587442010641098
0.05596119910478592
0.09282051026821136
-0.0234132818877697
-0.007420215755701065
-0.0026580453850328922
0.04432934150099754
-0.006922279950231314
-0.017904415726661682
-0.020054597407579422
-0.0076953270472586155
-0.05580085143446922
-0.023632610216736794
-0.018598448485136032
0.05670029670000076
0.021769262850284576
0.455374538898468
0.6218403577804565
-1.2204349040985107
-0.29508644342422485
-0.3513430953025818
-0.09924434125423431
0.4782946705818176
-1.1320184469223022
-0.5247921347618103
0.1344951093196869
0.6093663573265076
-0.8144127130508423
-0.9312244057655334
0.23360243439674377
0.37400880455970764
0.3360356092453003
0.8126437664031982
0.26590070128440857
-0.017898933961987495
0.14307811856269836
0.6761229634284973
0.37274613976478577
-0.4122205674648285
-0.40694913268089294
0.7319396734237671
0.49059978127479553
0.1335439831018448
-0.27880311012268066
0.006540331523865461
-0.049310103058815
0.1413489133119583
0.06709246337413788
0.1038273274898529
-0.06785627454519272
-0.3846307396888733
-0.22015728056430817
0.16709956526756287
0.633786678314209
0.11885646730661392
-0.26906272768974304
-0.021388722583651543
0.14889085292816162
-0.009659193456172943
-0.04648061469197273
-2.8660362659138627e-05
0.15904110670089722
0.08571095019578934
0.017589064314961433
-0.001654868945479393
0.022559821605682373
0.01371865626424551
0.008149053901433945
0.0064210062846541405
-0.031521815806627274
0.05182909592986107
-0.05878939852118492
0.00170833186712116
-0.028415191918611526
-0.015017510391771793
-0.02518332563340664
-0.031758978962898254
-0.0037765814922749996
0.004113820847123861
0.221933975815773
-0.04750233516097069
0.33734098076820374
-0.6522616147994995
-0.8389585614204407
-0.028337368741631508
0.33141273260116577
0.8054057955741882
-0.0906812995672226
-0.31774887442588806
0.01336932647973299
0.05908207222819328
-0.07896073907613754
-0.3218250572681427
-0.02821672521531582
1.0190647840499878
0.013349496759474277
0.5284174084663391
-0.2826123535633087
-0.9258255362510681
-0.363389253616333
0.28370875120162964
-0.13477787375450134
-0.3972093164920807
-0.6678311824798584
0.12035289406776428
-0.009123613126575947
-0.10086008906364441
-0.09686721861362457
-0.6334230303764343
0.16500675678253174
0.4904195964336395
-0.019428234547376633
0.4957435727119446
0.5601376891136169
-0.340068519115448
0.11918816715478897
-0.22821497917175293
0.3907914459705353
-0.09762750566005707
-1.0603394508361816
0.20184031128883362
0.7937729358673096
0.8752675652503967
-0.12402582913637161
-0.38648712635040283
0.06033112853765488
-0.04754580184817314
-0.024110041558742523
0.6030119061470032
0.5706073641777039
-0.8180632591247559
0.15475186705589294
-0.3220196068286896
0.3998614251613617
0.06739442050457001
-0.9666475653648376
-0.005809041205793619
0.7864136099815369
1.0246042013168335
-0.15659700334072113
-0.23496754467487335
0.03764447197318077
-0.08684392273426056
0.06685177236795425
0.6719033122062683
-0.4581907093524933
-0.7539581060409546
-0.2288007140159607
0.028327664360404015
-0.2641843855381012
-0.6691308617591858
-0.5907565355300903
0.32991862297058105
-0.08531761914491653
-0.25126680731773376
-0.5905165076255798
-0.25864800810813904
-0.16800148785114288
0.192955881357193
-0.08932892233133316
0.39146751165390015
-0.0432087741792202
-0.9827263355255127
-0.2911951243877411
0.10513541847467422
-0.24547863006591797
-0.0887216106057167
-0.677266001701355
0.17965154349803925
0.5302373170852661
0.39784306287765503
0.3078913688659668
-0.2848886251449585
0.3789210617542267
0.3636372983455658
0.018681731075048447
0.3391472399234772
-0.4351224899291992
-1.1990822553634644
-0.2991775870323181
0.20212063193321228
-0.7559706568717957
-0.6808252930641174
-0.5084552764892578
0.01913970150053501
-0.6849375367164612
-0.40680569410324097
-0.3397137224674225
-0.7982237935066223
0.06116677448153496
0.31704697012901306
0.06335689127445221
-0.1448460817337036
0.3602546751499176
0.3278922438621521
-0.3080117702484131
-0.2587408423423767
0.6478728652000427
0.8660759925842285
0.23621179163455963
-0.046261679381132126
-0.09786459058523178
0.14026442170143127
-0.4295940101146698
0.48403966426849365
-0.040611520409584045
0.6359429955482483
0.15402106940746307
0.12880104780197144
0.6268889904022217
-0.8183090686798096
-0.7985147833824158
-0.2673472762107849
0.6168200969696045
0.7319746613502502
-0.5172019600868225
-0.470517098903656
0.24937891960144043
0.8078885078430176
-0.5274430513381958
-0.44702115654945374
-0.1974714994430542
0.5279645323753357
0.12427520006895065
0.7201943397521973
0.06222319230437279
-0.7674936056137085
-0.06043291836977005
-0.19332045316696167
-0.18510465323925018
-0.6362221240997314
-0.6021484136581421
0.11870988458395004
-0.342067152261734
0.4125601053237915
-0.4139014184474945
-0.4118718206882477
-0.3200785219669342
0.1041126549243927
-0.003940277732908726
-0.007448863238096237
-0.0381680391728878
-0.048449691385030746
0.018077155575156212
0.04669834300875664
0.019251400604844093
0.055964287370443344
-0.05358056724071503
-0.0317998006939888
0.05401231721043587
0.02029852755367756
-0.01990819349884987
-0.012314056046307087
-0.011143955402076244
-0.02211175300180912
-0.05034000426530838
0.03242677450180054
-0.009159655310213566
0.044096775352954865
-0.004993208684027195
0.03895052894949913
0.03164363279938698
-0.024777861312031746
-0.0250126663595438
-0.07246150821447372
0.04901806265115738
-0.031884077936410904
0.02746577560901642
-0.04875858128070831
-0.0064598494209349155
0.07894869893789291
0.04417291656136513
0.004561202134937048
0.018318749964237213
-0.00194695801474154
-0.02817818708717823
-0.012351017445325851
0.017991803586483
-0.003482522675767541
-0.028213020414114
0.0951332151889801
0.005260004196316004
0.026696767657995224
0.03228428214788437
0.0062841372564435005
-0.0065040430054068565
-0.0414179302752018
0.5395832061767578
0.2727326452732086
0.9636011123657227
1.3911230564117432
0.36185383796691895
-0.1539771854877472
-0.17667797207832336
1.006828784942627
0.3110206127166748
-0.09418576210737228
0.22999659180641174
0.594336986541748
0.6303837895393372
0.3936084806919098
0.720367431640625
0.591293215751648
0.12458464503288269
0.18598467111587524
-0.006194579415023327
0.3131815791130066
-0.03496769070625305
-0.009954732842743397
-0.6906937956809998
-0.43453142046928406
0.17105256021022797
-0.1938684731721878
-0.17178255319595337
-0.26746198534965515
0.4764423072338104
0.06929623335599899
0.184653639793396
0.48466548323631287
0.05532149225473404
0.02377411350607872
0.2632026672363281
0.19518612325191498
-0.03617944195866585
0.10270027071237564
0.014043472707271576
-0.07049616426229477
-0.09376466274261475
0.1483982354402542
-0.7132928371429443
-0.21363236010074615
0.09026851505041122
0.057762131094932556
0.1946575939655304
0.19518227875232697
0.012000982649624348
0.07270364463329315
-0.0233693215996027
-0.04512203112244606
0.0786266177892685
0.03651277720928192
-0.03795628249645233
-0.05689384788274765
-0.024083605036139488
-0.07263711094856262
-0.0486416295170784
0.056249406188726425
-0.020963959395885468
-0.07768546789884567
-0.08269280195236206
0.01850164495408535
0.141511470079422
0.0717824250459671
-0.13814567029476166
0.05520724132657051
-0.002140237018465996
-0.15847773849964142
0.2697650194168091
-0.16518543660640717
0.14740464091300964
0.21801412105560303
0.33281123638153076
-0.013580728322267532
0.5707425475120544
0.2647152543067932
0.8347941040992737
1.133057951927185
0.9484206438064575
0.5147515535354614
0.5531900525093079
1.108080267906189
0.9862224459648132
0.3851189911365509
0.2326831966638565
1.159088373184204
0.8820440173149109
0.5491581559181213
0.123202845454216
0.9178802967071533
1.742427110671997
0.921894371509552
1.1385142803192139
1.3939545154571533
-0.0008084788569249213
0.020201362669467926
0.05475086718797684
0.022853819653391838
0.03822353109717369
-0.029994254931807518
-0.07551610469818115
0.011192095465958118
0.013871588744223118
0.06125430017709732
0.0333290658891201
0.00810249149799347
-0.029915237799286842
-0.030965255573391914
-0.0497872531414032
-0.04192481189966202
0.15107890963554382
0.2967734634876251
0.10780196636915207
-0.003971496596932411
0.09684766083955765
0.25995761156082153
-0.43545129895210266
-0.19786424934864044
0.247581347823143
-0.020516276359558105
-0.03941839560866356
-0.20895013213157654
0.5622742176055908
0.3303889036178589
0.5115655064582825
0.8992884755134583
0.027843322604894638
-0.027628207579255104
-0.002391241490840912
-0.033215489238500595
0.03336486592888832
0.03646785393357277
-0.03970851004123688
0.013197367079555988
-0.08621575683355331
-0.00014248216757550836
-0.0445665568113327
-0.08973222225904465
-0.07566073536872864
0.0062418472953140736
-0.07443267852067947
-0.08616087585687637
0.3131485879421234
0.42159706354141235
0.3463362455368042
0.9078445434570312
0.18960970640182495
0.08521348983049393
-0.0636586844921112
0.5911029577255249
0.3073838949203491
-0.19596397876739502
0.2096501737833023
0.21641500294208527
0.5880611538887024
0.2968471348285675
0.3527904748916626
0.5176173448562622
-0.027687260881066322
0.048405665904283524
0.027469808235764503
0.029754402115941048
-0.0030553778633475304
0.015759410336613655
0.020365027710795403
0.004126104060560465
0.01901029609143734
-0.018496239557862282
-0.030061958357691765
-0.024813558906316757
0.03926805034279823
0.0038546426221728325
-0.07580549269914627
0.001964992145076394
0.9961132407188416
0.7572344541549683
0.7183866500854492
1.5830082893371582
0.6316362023353577
0.06626567989587784
-0.35457298159599304
0.2843801975250244
0.3834075629711151
0.24934573471546173
0.1397615671157837
0.6084062457084656
0.577171802520752
0.43073570728302
0.6130519509315491
0.5400069355964661
0.48492956161499023
0.4863723814487457
0.5015212893486023
0.9355472922325134
0.3403344750404358
-0.26302370429039
-0.040434323251247406
0.02909751608967781
0.3450932204723358
0.20880535244941711
-0.11695227026939392
-0.08323275297880173
0.42738786339759827
-0.031403977423906326
0.49832165241241455
0.7803449034690857
0.5409337282180786
0.3062696158885956
0.5632386803627014
1.1969726085662842
0.5212668180465698
0.04030193015933037
0.2564398944377899
0.048103783279657364
0.5061580538749695
0.33142051100730896
0.04979853704571724
0.5908498167991638
0.5477724671363831
0.6746386289596558
0.5682255029678345
1.1958317756652832
0.05274376645684242
0.019521741196513176
-0.017883896827697754
0.030416389927268028
-0.023808376863598824
0.015159379690885544
-0.04631150886416435
-0.03475897014141083
-0.08663849532604218
0.00427693035453558
-0.01386722456663847
-0.07712604850530624
-0.03942638635635376
0.002462013391777873
0.045175909996032715
-0.007891352288424969
0.7272166013717651
0.4985515773296356
0.8704712390899658
0.841870903968811
0.659535825252533
-0.01707521080970764
0.26290279626846313
0.31921860575675964
0.36010849475860596
0.40665265917778015
0.027178557589650154
0.4330753684043884
0.6745386719703674
0.18694661557674408
0.6898980140686035
0.9576989412307739
0.04948902130126953
0.34596946835517883
0.10758563131093979
0.5201168060302734
0.21190251410007477
-0.06951313465833664
-0.08698488026857376
-0.07597646117210388
-0.31253349781036377
0.0580805279314518
-0.2660682797431946
0.03264128416776657
-0.14378859102725983
-0.06692082434892654
0.09784393012523651
0.2244129478931427
0.033491138368844986
0.1529587358236313
-0.1975160390138626
-0.017774218693375587
-0.13779476284980774
-0.35573139786720276
-0.42515960335731506
0.17828576266765594
-0.07445760816335678
-0.08709543198347092
-0.03399240970611572
0.1483626365661621
-0.13759730756282806
-0.09875605255365372
0.027662502601742744
0.19686205685138702
0.04996194317936897
-0.020225869491696358
-0.0014388541458174586
0.016315273940563202
-0.038866277784109116
-0.024587491527199745
-0.050082962960004807
0.027376146987080574
-0.01585341803729534
-0.08938273787498474
-0.07368519902229309
-0.044709865003824234
-0.0006852814694866538
0.03488621115684509
0.03568854555487633
-0.030787797644734383
0.519148588180542
0.25515079498291016
0.3083050549030304
0.2986660897731781
0.4737534523010254
-0.18700814247131348
-0.07804746180772781
0.06848787516355515
0.5244458317756653
0.1860794574022293
-0.02057167887687683
0.023257462307810783
0.28845489025115967
0.49969255924224854
0.7818881869316101
1.1248754262924194
0.5576542615890503
0.560274064540863
0.6298283338546753
1.0324113368988037
0.46636831760406494
-0.24435047805309296
-0.08403687924146652
0.523868978023529
0.26626473665237427
-0.022337879985570908
-0.16424302756786346
0.32324254512786865
0.48378607630729675
0.4101194441318512
0.454913854598999
0.4623498022556305
0.20217427611351013
0.2452915608882904
0.4445040225982666
0.8486966490745544
0.26434412598609924
0.044664327055215836
0.1944010704755783
0.14462663233280182
-0.03995463252067566
0.07585950940847397
-0.37600255012512207
0.07024899870157242
0.2079923152923584
0.05651243031024933
0.29120779037475586
0.13175173103809357
0.2574709951877594
0.5130491256713867
0.5612779855728149
0.9600260257720947
0.20924188196659088
-0.18551816046237946
-0.11080244928598404
0.07493669539690018
0.030166279524564743
-0.028074709698557854
-0.40500733256340027
-0.13237978518009186
0.21767394244670868
0.2536863684654236
0.3536244332790375
0.260050892829895
0.457216739654541
0.5629280805587769
0.5914494395256042
0.9686879515647888
0.4792097210884094
0.07562048733234406
0.3128977417945862
0.2721695303916931
0.3198006749153137
-0.3119157552719116
-0.07408055663108826
0.18991023302078247
0.35942500829696655
0.42533543705940247
0.3411656618118286
0.3005373775959015
0.2682957947254181
0.12486916780471802
0.0569566935300827
0.8007308840751648
0.17721228301525116
-0.239169180393219
0.096776083111763
0.19540579617023468
0.2689318060874939
-0.14927935600280762
-0.4214802086353302
-0.2100934237241745
0.39538246393203735
-0.00887142401188612
0.1549183428287506
0.7203577160835266
0.2991694211959839
0.24854131042957306
0.7310217022895813
1.5508259534835815
0.48084333539009094
-0.1559227854013443
0.14109587669372559
0.8430061340332031
0.29955628514289856
-0.09020006656646729
0.43847909569740295
0.5818091630935669
0.5968372821807861
0.5187737941741943
0.7037572860717773
0.6559351086616516
0.039340220391750336
0.13692767918109894
-0.21365202963352203
-0.2301487922668457
0.15887171030044556
-0.1774027794599533
0.016700249165296555
-0.48203882575035095
0.04540028050541878
-0.05644534155726433
0.13606512546539307
0.2272663116455078
0.29447317123413086
0.48991695046424866
0.03198763355612755
0.4567413032054901
0.6657512784004211
0.4417981505393982
0.8718405961990356
0.7155564427375793
0.4515899121761322
0.14228039979934692
-0.8683720827102661
-0.1218039020895958
0.4402920603752136
0.591536283493042
-0.2926669120788574
-0.39420247077941895
0.44910523295402527
0.39050114154815674
0.5777314305305481
1.0262787342071533
0.506076455116272
0.6142760515213013
0.9651958346366882
1.4268982410430908
0.3310264050960541
0.16581985354423523
0.4867957830429077
0.5634291172027588
0.3273255527019501
-0.21916963160037994
0.5143356323242188
0.5243121981620789
0.360178679227829
0.49123045802116394
0.435130774974823
0.1978992074728012
0.10876955091953278
-0.022298822179436684
-0.10585254430770874
-0.0008491713088005781
-0.016195880249142647
-0.0025411401875317097
0.024045489728450775
-0.00884923804551363
-0.03436431661248207
0.0052613611333072186
-0.02625243179500103
0.05690513551235199
-0.03938727080821991
0.03762343153357506
0.007877570576965809
-0.02915712259709835
0.040744684636592865
-0.09951551258563995
-0.0837164893746376
0.024865098297595978
-0.08695803582668304
-0.042266812175512314
-0.02313905954360962
-0.011184598319232464
-0.07049664109945297
0.07089205086231232
-0.04273128882050514
0.013574359938502312
-0.0016318398993462324
-0.005351248662918806
0.015183170326054096
0.03920719027519226
0.05486690253019333
0.06065785512328148
-0.006181587465107441
-0.018200663849711418
0.021711209788918495
0.06543131172657013
0.11565271764993668
-0.05122171714901924
-0.023809870705008507
0.05499297007918358
-0.021482283249497414
0.10478343069553375
-0.08523718267679214
-0.06573517620563507
-0.07952899485826492
-0.024699360132217407
-0.6220405697822571
-0.5620999932289124
-0.9966787695884705
-1.74135160446167
-0.43942055106163025
-0.07235423475503922
-0.7678021788597107
-0.8924424648284912
-0.2363668978214264
-0.21852374076843262
-0.8338682055473328
-0.7222217917442322
-0.6826545596122742
-0.3450672924518585
-0.9678749442100525
-0.7683525681495667
-0.28382858633995056
-0.09772814810276031
-0.28854113817214966
-0.23302830755710602
-0.09917796403169632
0.07614563405513763
0.1708819717168808
0.1551656424999237
-0.39448657631874084
0.26792189478874207
0.4435194134712219
0.1984187364578247
-0.22145985066890717
-0.12090648710727692
-0.29428625106811523
-0.7883740067481995
0.02877013199031353
-0.10381573438644409
-0.3583679795265198
-0.5119555592536926
-0.19365394115447998
-0.03581886366009712
-0.036966972053050995
0.10217247903347015
0.09119392186403275
-0.15510985255241394
0.39132028818130493
-0.06124626472592354
-0.17248320579528809
0.01819397509098053
-0.28719615936279297
-0.34720033407211304
-3.000309516210109e-05
-0.07223615795373917
0.024510866031050682
0.044095758348703384
0.04051346704363823
0.05417980998754501
-0.04692370444536209
0.06171441823244095
-0.07126028090715408
-0.03569731488823891
0.05229088291525841
-0.009825828485190868
-0.008808202110230923
0.03996914252638817
0.0493319109082222
-0.010820969007909298
-0.21401576697826385
0.02743556722998619
-0.16784971952438354
-0.23888510465621948
0.13387124240398407
-0.04225781559944153
-0.3796496093273163
-0.16502904891967773
-0.20725587010383606
-0.004637239966541529
-0.059149354696273804
-0.19013622403144836
-0.49322509765625
-0.3144577443599701
-1.1167571544647217
-1.2725615501403809
-1.0059782266616821
-0.6565051674842834
-0.7529885172843933
-1.6400219202041626
-0.761424720287323
-0.5586685538291931
-0.8161449432373047
-1.0787012577056885
-0.9251632690429688
-0.588433563709259
-0.5253857374191284
-1.2226618528366089
-1.5977412462234497
-1.0858291387557983
-1.3464174270629883
-1.712666630744934
0.06346629559993744
0.034124091267585754
-0.06350842863321304
-0.06482016295194626
0.0009803530992940068
0.059848885983228683
-0.053927551954984665
-0.004981162026524544
0.026570240035653114
-0.002664581872522831
-0.0791100412607193
0.02609197236597538
-0.012141774408519268
0.04794418439269066
-0.08768999576568604
0.12298139184713364
-0.2597493827342987
-0.21924974024295807
-0.15508097410202026
-0.44983285665512085
-0.0019103065133094788
-0.4143531322479248
0.0680025964975357
-0.27866029739379883
-0.3121124505996704
0.057492781430482864
0.15937727689743042
0.09119554609060287
-0.3911595940589905
-0.3824250102043152
-0.7731006741523743
-1.4148082733154297
0.043769340962171555
-0.0651211366057396
0.0033192005939781666
-0.009937489405274391
0.036716561764478683
0.011801294982433319
-0.04835810884833336
0.020298227667808533
-0.025891991332173347
0.031210338696837425
-0.044653814285993576
0.032736822962760925
0.014916135929524899
0.014056977815926075
-0.02334601618349552
0.020884333178400993
-0.43837499618530273
-0.6512437462806702
-0.36848464608192444
-1.5272233486175537
-0.34756144881248474
-0.08823491632938385
-0.06311646103858948
-0.5864245295524597
-0.37481406331062317
0.06432121992111206
-0.2759089171886444
-0.5913094282150269
-0.2576066851615906
-0.3015819787979126
-0.7201210260391235
-1.000361680984497
0.0018456977559253573
0.010910939425230026
0.004799621179699898
0.03211144357919693
-0.06841842085123062
-0.0036034821532666683
0.014674905687570572
-0.003575425362214446
-0.07312709093093872
-0.02698098123073578
-0.03014931082725525
-0.013313106261193752
-0.04138646647334099
-0.045575130730867386
-0.029204854741692543
0.05329651013016701
-0.8332980871200562
-0.7315411567687988
-1.0159627199172974
-1.8096524477005005
-0.6500082015991211
-0.24949584901332855
-0.20182667672634125
-0.3196395933628082
-0.31901633739471436
-0.15494145452976227
-0.4699151813983917
-0.9781861305236816
-0.5665988326072693
-0.34392237663269043
-0.9636695384979248
-0.9936032295227051
-0.5177072882652283
-0.6306339502334595
-0.7948293089866638
-1.2569751739501953
-0.3248371183872223
0.06637244671583176
-0.2743372321128845
-0.42492905259132385
-0.2930598855018616
-0.07704205811023712
-0.11682553589344025
-0.41344159841537476
-0.9582920670509338
-0.2056458294391632
-1.148327112197876
-1.0380504131317139
-0.6446558833122253
-0.23076683282852173
-0.93793123960495
-1.713299036026001
-0.5816299319267273
-0.1369163542985916
-0.5672224164009094
-0.41185057163238525
-0.48576176166534424
-0.39874008297920227
-0.357204794883728
-0.8980230093002319
-0.6501230001449585
-0.4470438063144684
-0.8071709871292114
-1.4287049770355225
0.0001442826760467142
0.0005302006611600518
-0.02441614307463169
0.0443430058658123
0.012947576120495796
0.04124423488974571
0.04914407804608345
0.09178433567285538
-0.04356810823082924
-0.0647611916065216
0.05770811811089516
-0.05699790641665459
-0.05470840632915497
-0.010765865445137024
-0.0855872705578804
-0.05625775083899498
-0.8251742720603943
-0.6188433170318604
-1.1579675674438477
-1.542259931564331
-0.5330480933189392
-0.1407320350408554
-0.358553946018219
-0.3951904773712158
-0.3146101236343384
-0.42650237679481506
-0.2962409257888794
-0.7242453694343567
-0.428141713142395
-0.1017327606678009
-1.0689343214035034
-1.3616150617599487
-0.18072609603405
-0.6072811484336853
-0.4107222259044647
-0.770506739616394
-0.4055204689502716
-0.15531699359416962
-0.11073078960180283
0.06144799292087555
0.33977118134498596
0.08003724366426468
0.036155395209789276
-0.1997477412223816
0.1526750773191452
-0.02075805701315403
-0.26387685537338257
-0.18525269627571106
-0.24669010937213898
-0.07886112481355667
0.1850891262292862
-0.10409526526927948
0.16824981570243835
0.05188670754432678
0.4133731424808502
-0.23976044356822968
0.200545534491539
-0.06061427295207977
-0.02890710160136223
-0.10173766314983368
0.07380321621894836
-0.10415298491716385
-0.12341876327991486
-0.09625501930713654
-0.050213418900966644
-0.010913529433310032
-0.01139551680535078
-0.019198203459382057
0.01642175391316414
0.020444393157958984
-0.004048958886414766
-0.038443371653556824
0.08989700675010681
-0.019351864233613014
-0.02060657925903797
-0.012145237065851688
0.04770443215966225
-0.029233690351247787
-0.018732234835624695
0.01741863042116165
-0.5720205307006836
-0.4096378982067108
-0.6323255896568298
-0.867419958114624
-0.28181561827659607
-0.012479180470108986
-0.12478315085172653
-0.49268659949302673
-0.6034905910491943
-0.047169215977191925
-0.08253270387649536
-0.40183356404304504
-0.2599807381629944
-0.7140645384788513
-1.0281190872192383
-1.4537121057510376
-0.7385665774345398
-0.8009322881698608
-0.869853138923645
-1.4064077138900757
-0.5249584913253784
0.01716797612607479
-0.26793786883354187
-0.5924253463745117
-0.17523017525672913
-0.06662634760141373
-0.30524927377700806
-0.46506133675575256
-0.6848284006118774
-0.23532734811306
-0.9002163410186768
-0.6450047492980957
-0.13986322283744812
-0.4189889132976532
-0.8165667653083801
-1.3389958143234253
-0.3653542101383209
-0.16333875060081482
-0.48194679617881775
-0.5248062610626221
0.08284498751163483
0.22041253745555878
-0.018338384106755257
-0.603222668170929
-0.38404378294944763
0.0399307943880558
-0.5023554563522339
-0.3134148418903351
-0.3141917884349823
-0.5085641145706177
-0.8689640164375305
-1.4008225202560425
-0.26831263303756714
0.05593559145927429
-0.06717532873153687
-0.3587758243083954
0.057293541729450226
0.17998653650283813
0.31071943044662476
-0.3791918158531189
-0.4146415889263153
-0.044655293226242065
-0.7177960872650146
-0.7410833835601807
-0.4926294684410095
-0.7530146837234497
-0.8807443976402283
-1.4643659591674805
-0.6054680347442627
-0.2278977632522583
-0.5171074271202087
-0.5359086990356445
-0.22414451837539673
-0.0202105101197958
-0.18305592238903046
-0.39600318670272827
-0.2926191985607147
-0.39182567596435547
-0.5615367293357849
-0.2946873605251312
-0.45370444655418396
-0.4424739181995392
-0.3597909212112427
-0.9273520112037659
-0.06571326404809952
0.12204493582248688
-0.3602008819580078
-0.34755656123161316
-0.06160268187522888
-0.04934762790799141
0.3585667014122009
-0.11936311423778534
-0.6554700136184692
0.0826437845826149
-0.6398673057556152
-1.1574230194091797
-0.47018590569496155
-0.541064441204071
-0.9093035459518433
-1.8335423469543457
-0.43828117847442627
0.08203911781311035
-0.8126706480979919
-0.9064581394195557
-0.3126915693283081
-0.2698040306568146
-1.1776649951934814
-0.6265372633934021
-0.6334124207496643
-0.20671489834785461
-0.9450918436050415
-0.804245114326477
-0.19707143306732178
-0.213081493973732
-0.04303378239274025
0.35917267203330994
-0.2821274697780609
0.20525714755058289
0.17354057729244232
0.4631998836994171
-0.3177240192890167
0.015459789894521236
-0.028517387807369232
-0.4066658020019531
-0.22705212235450745
-0.3803088963031769
-0.20008644461631775
-0.6223973631858826
-0.7462584972381592
-0.6212130784988403
-0.9320582151412964
-1.021216869354248
-0.41031980514526367
-0.4405463933944702
0.09021259099245071
-0.35270389914512634
-0.4943932890892029
-0.45403704047203064
0.2273664027452469
-0.18191607296466827
-0.42850223183631897
-0.49075162410736084
-0.7343180775642395
-1.4244909286499023
-0.4771585166454315
-0.7562417984008789
-1.1930290460586548
-1.827042818069458
-0.552191972732544
-0.4126274287700653
-0.6840930581092834
-0.5544010400772095
-0.1918165385723114
-0.4693168103694916
-0.6669836640357971
-0.8188990354537964
-0.5189184546470642
-0.22864040732383728
-0.5971432328224182
-0.41408440470695496
-0.007431346457451582
0.029553748667240143
0.015203515067696571
-0.021330775693058968
-0.00021102072787471116
-0.06037815660238266
-0.05609584227204323
0.042403992265462875
0.002001685556024313
0.010803316719830036
0.01852354407310486
0.043061889708042145
-0.015565648674964905
0.03588110953569412
-0.0066878763027489185
0.06793535500764847
0.020967012271285057
-0.0706343799829483
-0.1188119649887085
-0.03850569203495979
0.0023243636824190617
0.0189480260014534
0.03157025948166847
-0.009355494752526283
0.03223133459687233
-0.014293254353106022
0.01188892126083374
-0.11591265350580215
0.02778233215212822
0.021598534658551216
-0.04178384691476822
-0.02559656649827957
0.02996051125228405
0.010373739525675774
-0.014511988498270512
-0.009892200119793415
-0.0205736942589283
-0.06659279763698578
-0.028709858655929565
-0.036887891590595245
0.0004196600348223001
0.014201590791344643
0.06466139107942581
0.01898697391152382
0.030092984437942505
-0.03355534374713898
0.003443234832957387
-0.0006704399129375815
-0.4540417790412903
-0.19754572212696075
-0.8397724628448486
-1.8852657079696655
-0.09011442214250565
0.25447720289230347
0.6104075312614441
-1.002251148223877
-0.21183061599731445
0.2048095017671585
0.3364989161491394
-0.5877733826637268
-0.63811194896698
-0.42298200726509094
-0.486345112323761
-0.7827487587928772
-0.16788630187511444
0.14669416844844818
-0.1195903867483139
0.05703965947031975
0.11538557708263397
0.2204686403274536
0.5067360401153564
0.8686901926994324
-0.20835624635219574
0.2729305922985077
0.6426757574081421
0.8823935389518738
-0.20186883211135864
-0.1757582575082779
-0.29964756965637207
-0.2986624538898468
0.10647222399711609
-0.05590079724788666
-0.2872774600982666
-0.6785299181938171
-0.11430376023054123
0.10816094279289246
0.028138361871242523
-0.010866315104067326
0.28069984912872314
0.20491793751716614
1.00175940990448
0.6258169412612915
-0.2092442661523819
-0.2067008763551712
-0.2049962729215622
-0.07496027648448944
0.0427040196955204
-0.02202749066054821
0.006315812934190035
0.09930402040481567
0.041190147399902344
0.029869401827454567
0.04054325073957443
0.011491212993860245
0.006571687757968903
0.003595894668251276
0.010805918835103512
-0.0037702068220824003
-0.030678292736411095
-0.0022785253822803497
0.006622524932026863
0.006107725668698549
-0.015813598409295082
0.09928669035434723
-0.017720511183142662
-0.5946823954582214
0.33316269516944885
0.5259687900543213
0.2345137596130371
0.57053542137146
0.11264826357364655
-0.035176508128643036
-0.1922082006931305
0.03658812493085861
-0.652625560760498
-0.45615968108177185
-0.39618024230003357
-0.9610732197761536
-0.48045000433921814
-0.26594898104667664
-0.10679357498884201
-1.0260194540023804
-0.4270062744617462
0.17582610249519348
0.19419023394584656
0.2188980132341385
-0.5496013760566711
-0.033839136362075806
0.143840029835701
0.31418654322624207
-2.097867488861084
-0.5770881175994873
-0.5907328128814697
-0.6140428185462952
0.030431240797042847
-0.06375210732221603
0.014533860608935356
0.012301566079258919
0.036947205662727356
0.026743045076727867
0.05434417352080345
-0.03539980202913284
-0.042387839406728745
0.029143143445253372
0.026006100699305534
0.07387564331293106
-0.020378712564706802
0.0017178547568619251
-0.033098004758358
-0.0058992174454033375
0.045728642493486404
-0.05905760079622269
0.07933871448040009
-0.11473622918128967
0.18813036382198334
-0.02894524298608303
0.9823403358459473
0.9506155252456665
-0.053546953946352005
0.08909894526004791
0.0631847083568573
0.6603887677192688
-0.44446244835853577
-0.31426548957824707
-0.3148534893989563
-0.7930538654327393
0.0030645013321191072
0.04205010086297989
-0.019549088552594185
0.012037561275064945
0.04814698547124863
0.04032503813505173
-0.0029557752422988415
0.03990296646952629
-0.12195593863725662
0.056710027158260345
-0.013952439650893211
0.01864897459745407
-0.04961502179503441
0.08280588686466217
-0.008349521085619926
0.06635595858097076
-0.15581539273262024
-0.1508658081293106
-0.21077123284339905
-0.8582428097724915
0.0032655270770192146
0.5186967253684998
0.5303249359130859
0.23045825958251953
-0.13506634533405304
0.6447648406028748
0.365060955286026
-0.039487916976213455
-0.4639071226119995
-0.4349901080131531
-0.2827364504337311
-0.7435094118118286
-0.008259451016783714
0.07661865651607513
0.0896347239613533
-0.0604679174721241
-0.07285907864570618
0.0068093882873654366
-0.03651139512658119
0.031144797801971436
0.05359770357608795
0.05877448618412018
0.052922267466783524
-0.011549555696547031
-0.04380679503083229
0.06397407501935959
0.0036906024906784296
-0.01236517634242773
-0.4692324995994568
-0.2584373652935028
-0.40465840697288513
-1.815596580505371
-0.31792494654655457
0.2050916850566864
0.36951515078544617
0.3920074999332428
-0.1199822872877121
0.39451587200164795
0.5264873504638672
0.4318588078022003
-0.5211737751960754
-0.3460458517074585
-0.3109292984008789
-0.30281975865364075
-0.2887798249721527
-0.2406160533428192
-0.27907904982566833
-1.8267379999160767
0.0572277195751667
0.3334011137485504
0.6039526462554932
-0.560247004032135
-0.21241293847560883
0.33459484577178955
0.4757007956504822
0.41382309794425964
-0.9422816634178162
-0.12027373164892197
-0.38276273012161255
-0.25343218445777893
-0.3349427878856659
0.17019245028495789
-0.09156343340873718
-1.973167061805725
-0.06801921874284744
0.12152896076440811
0.34439873695373535
0.6574224233627319
-0.1803748607635498
0.32543450593948364
0.46353840827941895
0.4587661325931549
-0.7813924551010132
-0.3403737246990204
-0.3311820328235626
-0.4321761131286621
-0.06196369603276253
0.0024356073699891567
0.09381688386201859
-0.051682233810424805
-0.010577634908258915
-0.02285817638039589
0.0262027345597744
-0.03876609727740288
0.025148821994662285
0.0007780404994264245
0.01451899018138647
0.0063624633476138115
-0.0046442789025604725
0.04550228640437126
-0.009397956542670727
0.0363437756896019
-0.7314585447311401
-0.24842700362205505
-0.11950090527534485
-1.7085591554641724
-0.16369356215000153
0.29397934675216675
0.5469635128974915
0.5937113165855408
-0.050166044384241104
0.10216398537158966
0.4583064615726471
0.42881250381469727
-0.6100639700889587
-0.2625170350074768
-0.38893717527389526
-0.5112558603286743
0.17729535698890686
-0.4565925598144531
-0.26863864064216614
-0.9566990733146667
-0.1911611258983612
0.11834079772233963
-0.21561256051063538
-0.44178423285484314
0.31864646077156067
0.6785715222358704
0.6208121180534363
-0.22233617305755615
0.07777191698551178
-0.10947847366333008
-0.19828583300113678
-0.26723653078079224
-0.16421332955360413
-0.06007186695933342
0.3875139355659485
0.04399222508072853
0.15042775869369507
0.20698042213916779
0.5218269228935242
-0.38935840129852295
0.18598215281963348
0.14894376695156097
-0.13286377489566803
-0.11592154949903488
0.11432739347219467
-0.20165765285491943
-0.2562142312526703
-0.13707147538661957
0.009436731226742268
0.07275696098804474
0.019399985671043396
0.049336325377225876
-0.026269080117344856
0.05735751986503601
-0.030032265931367874
0.021368015557527542
0.017687072977423668
0.028811533004045486
-0.09032382071018219
-0.002172081032767892
-0.017602745443582535
-0.09692154079675674
0.040205731987953186
0.011321126483380795
-0.32400742173194885
-0.20738713443279266
-0.2590517997741699
-0.6488909125328064
0.02178981341421604
0.3832363486289978
0.8253902792930603
0.8691302537918091
-0.06371445208787918
0.1982681304216385
0.02888457290828228
-0.10119171440601349
-0.48071515560150146
-0.5536571741104126
-0.35334545373916626
-1.2171430587768555
-0.2960212230682373
-0.4359932243824005
-0.4901255965232849
-1.7598538398742676
-0.179566890001297
0.26414647698402405
0.6065036058425903
-0.8326943516731262
-0.13481605052947998
0.19622041285037994
0.48101159930229187
-0.4442377984523773
-0.41518136858940125
-0.4079456627368927
-0.3200921416282654
-0.49062612652778625
0.08181464672088623
-0.34154942631721497
-0.7163654565811157
-1.983014464378357
-0.17553798854351044
-0.027680914849042892
-0.01904766820371151
-0.6945390105247498
0.4150804579257965
0.6392436027526855
1.095763921737671
0.586922824382782
-0.15509288012981415
-0.16738411784172058
-0.22616536915302277
-0.02604452334344387
-0.054866060614585876
-0.16847001016139984
-0.8587766885757446
-1.9613882303237915
-0.005363080184906721
0.2910880148410797
0.2884989380836487
-0.0934206172823906
0.13735342025756836
0.7351983189582825
1.189894199371338
0.8034058809280396
-0.39570173621177673
-0.30969732999801636
-0.10833784192800522
-0.16184554994106293
-0.32192346453666687
-0.4999905526638031
-0.9831265211105347
-1.7876325845718384
-0.30492979288101196
0.2780939042568207
-0.23885571956634521
-0.7623236179351807
-0.11468391120433807
0.3422375023365021
0.5497996211051941
-0.1974487155675888
-0.41462817788124084
-0.33982792496681213
-0.09150262176990509
-0.3105747699737549
-0.11655192822217941
-0.2346457988023758
0.029055586084723473
-1.4401016235351562
0.3090985119342804
0.6712990403175354
0.2587852478027344
-0.33414241671562195
0.10146377980709076
0.4315486550331116
0.7823284864425659
0.5571739673614502
-0.6379448175430298
-0.182860866189003
-0.20010021328926086
-0.2803448736667633
-0.34363335371017456
-0.23919972777366638
-0.5388981103897095
-2.1590723991394043
-0.08518650382757187
0.4279162585735321
0.19262149930000305
-0.4065040349960327
-0.024406105279922485
0.22931942343711853
0.12293709069490433
-0.756833553314209
-0.6521636843681335
-0.4651711583137512
-0.43004152178764343
-0.8538224101066589
-0.26971325278282166
-0.102293461561203
0.009998706169426441
0.29571637511253357
-0.16910500824451447
0.17460162937641144
0.2847858965396881
0.8227471709251404
-0.3052085041999817
-0.009987144730985165
-0.06583433598279953
-0.15878590941429138
-0.17043490707874298
-0.4501122534275055
-0.360531747341156
-0.9096154570579529
-0.6059290766716003
-0.13989408314228058
-0.4604048430919647
-1.1255112886428833
0.02782105840742588
0.012851336970925331
0.7905359268188477
0.8559545278549194
-0.2525600492954254
0.09796366095542908
0.6147164702415466
0.835882842540741
-0.6335701942443848
-0.18587447702884674
-0.4188153147697449
-0.5219756364822388
-0.12318597733974457
-0.5704897046089172
-1.319090485572815
-2.3938796520233154
-0.3773919343948364
0.14046314358711243
-0.3391517996788025
-1.1041837930679321
-0.021775944158434868
0.21211200952529907
0.09064488857984543
0.41170457005500793
-0.41155943274497986
-0.24249812960624695
-0.09053581953048706
-0.255770206451416
-0.027340784668922424
-0.032290980219841
-0.06989941000938416
-0.036409322172403336
-0.07097262144088745
-0.03112308494746685
-0.020219499245285988
-0.037155237048864365
-0.0094892093911767
-0.09709601104259491
-0.03274080529808998
-0.003705855691805482
-0.02699369750916958
-0.029321011155843735
0.06489503383636475
-0.09884339570999146
-0.03969469293951988
0.03733966127038002
-0.010723156854510307
0.05511844530701637
-0.04694356024265289
0.017186863347887993
-0.05966085568070412
-0.020914359018206596
0.032676905393600464
0.02347164787352085
0.05350583791732788
0.0459931381046772
0.001617889036424458
-0.051143620163202286
-0.037947263568639755
0.009715012274682522
-0.012809450738132
-0.009740512818098068
0.001129236537963152
0.008204233832657337
-0.020476097241044044
-0.006392151117324829
-0.00819335412234068
-0.004086783155798912
-0.0010057180188596249
-0.005713879596441984
-0.08952263742685318
0.011005817912518978
-0.06497782468795776
-0.041682127863168716
0.01967243291437626
-0.011908636428415775
-0.49743813276290894
-0.3878406584262848
-0.9032682180404663
-1.512539029121399
-0.3650934100151062
-0.13982030749320984
-0.5891991853713989
-0.8353143334388733
-0.16270555555820465
-0.18147778511047363
-0.7529492378234863
-0.5974331498146057
-0.6363190412521362
-0.4665314853191376
-0.9788357615470886
-0.6514654755592346
-0.17356793582439423
-0.07349156588315964
-0.07777750492095947
-0.2136959284543991
-0.12971200048923492
0.12460896372795105
0.2711503207683563
0.2623780369758606
-0.3576945960521698
0.2401927411556244
0.38659384846687317
0.24781253933906555
-0.2061990648508072
-0.2273530811071396
-0.29034045338630676
-0.7455863952636719
0.026501815766096115
-0.007791314739733934
-0.3223358392715454
-0.4021896421909332
-0.15069982409477234
-0.03853067755699158
0.006856822408735752
0.03297964110970497
0.0766923576593399
0.050933826714754105
0.5842595100402832
0.0657559335231781
-0.1831163913011551
-0.013171306811273098
-0.14618690311908722
-0.34107741713523865
-0.04753779247403145
0.0222577266395092
-0.0013495254097506404
-0.0060366373509168625
-0.024780631065368652
-0.05972395837306976
0.06858409196138382
0.07559259235858917
-0.0253922026604414
-0.048613518476486206
0.050417710095644
-0.07268431782722473
-0.07313016802072525
-0.07538113743066788
0.06835060566663742
0.10453025996685028
-0.1480669528245926
0.08596844971179962
-0.08222571760416031
-0.3573874533176422
0.26593998074531555
0.26548102498054504
-0.05181267857551575
0.010043788701295853
-0.08329251408576965
0.017357761040329933
-0.10161785036325455
-0.12130288034677505
-0.4270581007003784
-0.44486141204833984
-0.9776071310043335
-1.0330936908721924
-0.798192024230957
-0.6082278490066528
-0.6274541020393372
-1.3323014974594116
-0.682050347328186
-0.3374750018119812
-0.6242119073867798
-0.9653504490852356
-0.769757866859436
-0.4889448583126068
-0.5878396034240723
-0.9039981365203857
-1.6113824844360352
-1.1231392621994019
-1.3962392807006836
-1.4747143983840942
-0.03256618231534958
0.007948542945086956
-0.015025049448013306
-0.049202028661966324
-0.05344060808420181
-0.005717449821531773
0.04280781000852585
-0.016084881499409676
0.053471557796001434
0.04049692675471306
0.006204305216670036
0.009834838099777699
0.05760178714990616
-0.1021042987704277
-0.0005032618646509945
-0.04164133965969086
-0.12065449357032776
-0.21701572835445404
9.495607082499191e-05
-0.2599669098854065
0.023394692689180374
-0.043201714754104614
0.2797009348869324
0.0055315024219453335
-0.1556815356016159
0.08707540482282639
0.2363145649433136
0.28418442606925964
-0.46030423045158386
-0.4276334047317505
-0.6446464657783508
-1.1358219385147095
0.08422866463661194
0.03563665226101875
-0.018873369321227074
-0.03633647412061691
0.03591466695070267
0.0391228087246418
0.03496995195746422
-0.0018219560151919723
-0.09140606224536896
-0.018282663077116013
0.05492730438709259
0.050772130489349365
0.018437320366501808
-0.01776173710823059
0.004528633784502745
-0.022703174501657486
-0.3539572060108185
-0.5658988356590271
-0.43519172072410583
-1.269956111907959
-0.23810534179210663
0.03024926967918873
-0.12434619665145874
-0.5667204856872559
-0.06028063967823982
0.16649378836154938
-0.19090083241462708
-0.5023748874664307
-0.36680638790130615
-0.37381890416145325
-0.5925250053405762
-0.7878362536430359
-0.0179657731205225
0.042098887264728546
-0.01665627397596836
0.05285533517599106
-0.026518557220697403
-0.004788872320204973
-0.022645290940999985
-0.0037954081781208515
-0.07591089606285095
0.07225332409143448
-0.05775078386068344
-0.024893108755350113
-0.10677603632211685
-0.022021669894456863
-0.06565125286579132
-0.040435194969177246
-0.7356704473495483
-0.7297669053077698
-0.8188630938529968
-1.628426194190979
-0.5145170092582703
-0.0459459125995636
-0.13624824583530426
-0.24210181832313538
-0.15594662725925446
-0.09831991791725159
-0.40610116720199585
-0.620733380317688
-0.659370481967926
-0.4611803889274597
-0.9144867062568665
-0.9888452291488647
-0.4464191794395447
-0.4172406792640686
-0.5384751558303833
-1.0313011407852173
-0.20596526563167572
0.10050901770591736
-0.13423730432987213
-0.2850218713283539
-0.12611648440361023
-0.04659663513302803
-0.043994560837745667
-0.2528567314147949
-0.7618864178657532
-0.23853157460689545
-0.9640901684761047
-0.9968529939651489
-0.5282078385353088
0.0009447362390346825
-0.676048994064331
-1.4105112552642822
-0.23806129395961761
-0.1698903888463974
-0.4682793617248535
-0.2921646535396576
-0.33241507411003113
-0.20671328902244568
-0.3464639484882355
-0.6627309322357178
-0.6225164532661438
-0.4795069694519043
-0.9334065914154053
-1.2202551364898682
0.004165577702224255
0.01382365357130766
-0.03441987931728363
-0.00043688068399205804
-0.0752950981259346
0.034924399107694626
-0.04031277075409889
0.04533132165670395
0.03251480311155319
0.04405470937490463
-0.06463877856731415
-0.07877882570028305
-0.039932720363140106
0.007184991613030434
-0.0031012019608169794
0.013504925183951855
-0.7150402665138245
-0.5741956830024719
-0.7859006524085999
-1.2981092929840088
-0.47689008712768555
0.03216755390167236
-0.29371050000190735
-0.19534385204315186
-0.2679034471511841
-0.3464563488960266
-0.31082943081855774
-0.4356794059276581
-0.5468687415122986
-0.3098864257335663
-1.0960304737091064
-1.2292205095291138
-0.1267765462398529
-0.4356701672077179
-0.3176150918006897
-0.6225927472114563
-0.286408007144928
-0.038246333599090576
-0.0040268744342029095
0.04570120573043823
0.4718964993953705
0.3234724998474121
0.33121922612190247
-0.17804211378097534
0.19187875092029572
0.054136425256729126
-0.2626406252384186
-0.14124882221221924
-0.17341560125350952
-0.12284256517887115
0.13112978637218475
-0.11410731077194214
0.1777159422636032
0.11430749297142029
0.41486674547195435
-0.15286090970039368
0.04905319586396217
0.013826693408191204
0.01745535247027874
-0.053598105907440186
0.025314301252365112
-0.08988162875175476
-0.08998420834541321
0.03314852714538574
-0.08032365888357162
0.01941685937345028
0.0590377040207386
-0.0058053527027368546
-0.0005207097274251282
-0.06278611719608307
0.011385759338736534
0.02964918315410614
0.006173695437610149
-0.07394333928823471
0.016747992485761642
0.006545389536768198
-0.0172438882291317
0.0057839443907141685
-0.01420531328767538
0.09742718935012817
-0.5556997656822205
-0.40415388345718384
-0.5032920241355896
-0.6763139963150024
-0.24221688508987427
0.07195079326629639
0.01727888360619545
-0.1669863611459732
-0.4419482350349426
0.03500472381711006
-0.11604886502027512
-0.272015780210495
-0.34011635184288025
-0.6987240314483643
-0.9335582256317139
-1.3110498189926147
-0.5763580799102783
-0.6954436302185059
-0.7036928534507751
-1.2287662029266357
-0.38872259855270386
-0.0549885556101799
-0.07117924094200134
-0.613147497177124
-0.10846751183271408
-0.11452698707580566
-0.14738303422927856
-0.5037215352058411
-0.5759183168411255
-0.34543660283088684
-0.6192185282707214
-0.46040651202201843
-0.03868216276168823
-0.31627193093299866
-0.5977165102958679
-1.124613642692566
-0.2065659612417221
-0.13672389090061188
-0.46542495489120483
-0.45502907037734985
0.15902751684188843
0.29258599877357483
0.21223299205303192
-0.277144193649292
-0.3776762783527374
0.04119759798049927
-0.5532274842262268
-0.3089176118373871
-0.1640930026769638
-0.40514376759529114
-0.7360435724258423
-1.215612769126892
-0.16671012341976166
0.16182401776313782
-0.04746072739362717
-0.24437324702739716
-0.09601499140262604
0.1534772366285324
0.41789692640304565
-0.13979139924049377
-0.43257972598075867
-0.1736108660697937
-0.7440097332000732
-0.6874718070030212
-0.39474475383758545
-0.5982649326324463
-0.7402588129043579
-1.299351692199707
-0.39353635907173157
-0.1084025427699089
-0.4218163788318634
-0.5331910252571106
-0.06486373394727707
0.03845539316534996
-0.12086213380098343
-0.22549308836460114
-0.3321303427219391
-0.46900084614753723
-0.5284606218338013
-0.20916321873664856
-0.3220900595188141
-0.4080921709537506
-0.2692785859107971
-0.9445846676826477
0.06597106903791428
0.27852320671081543
-0.18501734733581543
-0.32248207926750183
0.07622543722391129
0.18819409608840942
0.48104169964790344
0.016655653715133667
-0.5350919365882874
0.013101616874337196
-0.5920947194099426
-0.9876024127006531
-0.49534696340560913
-0.48522257804870605
-0.8108923435211182
-1.4777860641479492
-0.38034409284591675
0.16051866114139557
-0.7283472418785095
-0.8288827538490295
-0.10066009312868118
-0.31393399834632874
-0.9621880650520325
-0.7110504508018494
-0.5726222991943359
-0.2818291187286377
-0.7305081486701965
-0.6594895720481873
-0.19238786399364471
-0.19605810940265656
-0.01762782782316208
0.3581893742084503
-0.23223602771759033
0.31956008076667786
0.3102778494358063
0.5302815437316895
-0.2234872281551361
-0.00171120825689286
-0.04874953255057335
-0.3773641586303711
-0.14783377945423126
-0.37842991948127747
-0.16832417249679565
-0.5393387079238892
-0.6019515991210938
-0.4355440139770508
-0.8514893651008606
-0.8069294095039368
-0.3554548919200897
-0.45253461599349976
0.16733509302139282
-0.22448225319385529
-0.44176575541496277
-0.34049877524375916
0.18194100260734558
0.09784817695617676
-0.47757187485694885
-0.5232912302017212
-0.6839397549629211
-1.2502866983413696
-0.4419560730457306
-0.7269194722175598
-1.0421040058135986
-1.5942330360412598
-0.46422985196113586
-0.3365929126739502
-0.7097845077514648
-0.5529788136482239
-0.0061309682205319405
-0.1978834867477417
-0.5865803360939026
-0.4722767174243927
-0.4879801869392395
-0.37443485856056213
-0.6366131901741028
-0.3530188798904419
-0.05584082379937172
-0.009640993550419807
0.01096215471625328
0.013359895907342434
0.07167360931634903
0.037016987800598145
0.06391064077615738
-0.010247082449495792
-0.061355289071798325
0.0476558580994606
-0.020489875227212906
0.003987966571003199
-0.01079405564814806
-0.02036801166832447
-0.015277457423508167
0.0260151494294405
-0.05865578353404999
-0.03632960841059685
-0.030608000233769417
0.005474630743265152
0.026809465140104294
-0.05104319006204605
0.02919006161391735
0.015669193118810654
0.029984697699546814
-0.06896574795246124
0.010155651718378067
-0.048296790570020676
0.06703562289476395
0.02160097286105156
0.1099245548248291
0.01073472946882248
0.03484634682536125
0.053331129252910614
0.008151604793965816
0.02162524312734604
0.06290320307016373
0.05912498012185097
0.01649063266813755
-0.02906745858490467
0.005371468141674995
0.009500173851847649
0.026767080649733543
0.08036591857671738
0.020695842802524567
-0.0050966269336640835
-0.04874192178249359
0.018259024247527122
0.41980910301208496
0.2817227840423584
0.880144476890564
1.3060500621795654
0.29530590772628784
-0.26605767011642456
-0.10036059468984604
1.0134367942810059
0.05260840058326721
-0.22472354769706726
0.13740003108978271
0.5166935920715332
0.3803345263004303
0.5756546854972839
0.7201533913612366
0.610520601272583
0.18543152511119843
0.22120632231235504
0.02431526780128479
0.1368999481201172
0.001741550164297223
-0.259975403547287
-0.6317874789237976
-0.39756113290786743
0.3179419934749603
-0.33597224950790405
-0.26628032326698303
-0.42805153131484985
0.3218817710876465
0.11986571550369263
0.15434636175632477
0.5210186839103699
0.0375090017914772
0.022648412734270096
0.19096553325653076
0.23301716148853302
-0.011336049996316433
-0.08056343346834183
0.11418037116527557
-0.1397206336259842
-0.1773078888654709
0.035398371517658234
-0.5538216233253479
-0.21442462503910065
0.02204052358865738
0.00820654071867466
0.23176409304141998
0.08838823437690735
-0.057845715433359146
0.06674812734127045
-0.09600485861301422
-0.003143894486129284
-0.002709734020754695
0.009678366594016552
0.009939970448613167
-0.025432640686631203
0.003430781653150916
0.059229135513305664
-0.0030440054833889008
-0.004786007571965456
-0.02824743092060089
-0.09190653264522552
0.0026325827930122614
0.06692687422037125
0.12528611719608307
-0.03983049467206001
-0.24379394948482513
-0.011910648085176945
-0.3740675747394562
-0.6119351387023926
0.08657483011484146
-0.133902907371521
0.09551449120044708
-0.07298009842634201
0.24439944326877594
-0.020497644320130348
0.5775671601295471
0.23359081149101257
0.7160217761993408
1.1131911277770996
0.8405162692070007
0.4553441107273102
0.5462195873260498
1.0128333568572998
0.611106276512146
-0.09180133044719696
0.0940939337015152
0.6023537516593933
0.7222117781639099
-0.07329285889863968
0.17513833940029144
0.629042387008667
1.405578374862671
0.8979576230049133
0.9642267227172852
1.468243956565857
0.0059297834523022175
-0.03742356225848198
0.03964368999004364
-0.04368310794234276
-0.0518307238817215
0.0026663353201001883
-0.003819321282207966
-0.029831791296601295
-0.02103159762918949
-0.01394557673484087
0.002815911313518882
0.06003718450665474
0.052556686103343964
-0.0072334157302975655
0.02111099287867546
-0.010160954669117928
0.18490047752857208
0.23400363326072693
0.23384630680084229
-0.05845595523715019
-0.1131686121225357
-0.2428133338689804
-0.39093151688575745
-0.20030026137828827
0.17745091021060944
-0.4072244465351105
-0.09137080609798431
-0.38928499817848206
0.44683805108070374
0.3631844222545624
0.49021750688552856
0.8944370150566101
0.038514211773872375
-0.014803284779191017
-0.002602065447717905
0.021286988630890846
-0.018694614991545677
0.08089953660964966
0.0010158057557418942
0.00035248318454250693
0.055177293717861176
0.02106904238462448
-0.06644990295171738
0.03489214554429054
-0.08211830258369446
0.028530316427350044
-0.06323816627264023
0.001006974489428103
0.3271827697753906
0.46976926922798157
0.36537331342697144
0.8042184710502625
0.33500710129737854
-0.1026322990655899
-0.17256081104278564
0.4655998647212982
0.12664096057415009
-0.5029032230377197
0.16874822974205017
0.1904883235692978
0.3452724814414978
0.32424771785736084
0.3346479535102844
0.6163904070854187
0.006005237810313702
0.006687389686703682
-0.0033467323519289494
0.05214465409517288
0.02758176624774933
0.06554295867681503
-0.004249165765941143
0.017620399594306946
-0.03890218958258629
-0.010445867665112019
-0.011817289516329765
-0.03251846134662628
0.031259048730134964
-0.01541697047650814
0.04435305669903755
0.013769836165010929
0.8462189435958862
0.548484206199646
0.6229045391082764
1.3503673076629639
0.5458978414535522
0.07631544023752213
-0.35021987557411194
-0.037466153502464294
0.037464458495378494
-0.4072178304195404
0.1724998950958252
0.37764936685562134
0.5023154020309448
0.20195823907852173
0.5214860439300537
0.3979049623012543
0.47093668580055237
0.5074862241744995
0.31653228402137756
0.8431364297866821
0.20634126663208008
-0.2420472502708435
-0.2514210343360901
0.0871322900056839
-0.05202454328536987
-0.2631947696208954
-0.1401163786649704
-0.05216054618358612
0.44902303814888
0.13339856266975403
0.6500807404518127
0.7831303477287292
0.5903001427650452
0.41596096754074097
0.328882098197937
1.081551432609558
0.15140286087989807
-0.37034568190574646
0.17496654391288757
-0.01917208544909954
0.20923618972301483
0.027676677331328392
0.1073032096028328
0.44326987862586975
0.3950372636318207
0.30950215458869934
0.6012182831764221
1.1371687650680542
-0.0227202195674181
-0.03815445676445961
0.007800042629241943
-0.03732944652438164
-0.04011029750108719
-0.09494279325008392
-0.003571651643142104
0.10598871856927872
-0.018775638192892075
-0.024065986275672913
0.02051684632897377
-0.03620751202106476
-0.10502873361110687
0.1021120473742485
0.01731608435511589
0.010844566859304905
0.8145102262496948
0.5214093327522278
0.7038711905479431
0.8199792504310608
0.4305354356765747
-0.33306360244750977
0.08300687372684479
0.24739722907543182
0.25251469016075134
-0.26246926188468933
0.10622930526733398
0.251959890127182
0.7180139422416687
0.19040098786354065
0.6956337690353394
0.8510515689849854
0.07407867163419724
0.3501330614089966
0.19785016775131226
0.485041081905365
0.20453131198883057
-0.05450700223445892
-0.023237550631165504
-0.07149536907672882
-0.5486786365509033
-0.1144045740365982
-0.2105139195919037
0.16444331407546997
-0.19942086935043335
-0.013692349195480347
0.06434618681669235
0.19571082293987274
0.025767209008336067
0.20266316831111908
-0.14287854731082916
-0.06459791213274002
-0.11965055018663406
-0.200452983379364
-0.4813809096813202
0.17448607087135315
-0.22136811912059784
-0.033496174961328506
0.0681745857000351
0.18791989982128143
-0.14619480073451996
-0.10489531606435776
0.006007892079651356
0.14808166027069092
-0.07278420031070709
-0.01775105856359005
-0.002919805468991399
-0.02043398842215538
-0.04329422861337662
0.010652821511030197
0.011987537145614624
0.049680229276418686
0.047121625393629074
-0.07852198928594589
0.03133339434862137
-0.006835089530795813
0.04959304630756378
0.0712183341383934
-0.03480306640267372
0.08770538121461868
0.530663251876831
0.22386124730110168
0.35324403643608093
0.35263875126838684
0.1450149118900299
-0.6451213359832764
-0.19076479971408844
0.11189720034599304
0.4026823937892914
-0.12134893238544464
-0.021245963871479034
-0.024942364543676376
0.12751005589962006
0.5804398059844971
0.864440381526947
1.1337759494781494
0.4478616416454315
0.626394510269165
0.6348065137863159
1.0356611013412476
0.3535006046295166
-0.20213517546653748
0.003349574515596032
0.5031608939170837
-0.036164939403533936
-0.16954882442951202
-0.14258617162704468
0.29758286476135254
0.3770865499973297
0.508468747138977
0.5098819136619568
0.5819181203842163
0.18580889701843262
0.23217834532260895
0.4841638207435608
0.8593817949295044
0.12384171038866043
-0.053640566766262054
0.1957896649837494
0.06480657309293747
-0.25168195366859436
-0.3406817615032196
-0.29046133160591125
0.10218699276447296
0.19314569234848022
-0.200519397854805
0.3269985616207123
0.036766283214092255
0.2696433961391449
0.3850661516189575
0.4649753272533417
0.9420560002326965
0.11541856825351715
-0.25892335176467896
-0.13957233726978302
0.008335371501743793
-0.23358608782291412
-0.4791110157966614
-0.5690078735351562
-0.1640509068965912
0.2339019924402237
-0.10712360590696335
0.34526559710502625
0.27707383036613464
0.41143083572387695
0.5325015783309937
0.6331812739372253
1.0105984210968018
0.4329359531402588
0.2364692986011505
0.2930881083011627
0.22393973171710968
0.1777656078338623
-0.3752492070198059
-0.15204940736293793
0.06120237708091736
0.29513898491859436
0.34580886363983154
0.24874037504196167
0.26872602105140686
0.2692028284072876
0.12888924777507782
-0.03761402517557144
0.7518959045410156
-0.03903215005993843
-0.32336804270744324
0.03408198431134224
0.175519660115242
-0.07599055022001266
-0.36197003722190857
-0.379550039768219
-0.3190639317035675
0.26356056332588196
-0.05168323218822479
0.25001147389411926
0.7335450649261475
0.36511048674583435
0.348158061504364
0.6159862875938416
1.557934045791626
0.2691749036312103
-0.11502259969711304
0.05836968496441841
0.7489551901817322
-0.10678284615278244
-0.3048347234725952
0.2491217702627182
0.538692831993103
0.45759981870651245
0.5079841613769531
0.645505964756012
0.6871353983879089
0.009610791690647602
0.10592634975910187
-0.12857495248317719
-0.29432788491249084
0.21807551383972168
-0.4569610357284546
-0.25297603011131287
-0.5133135318756104
0.10234123468399048
-0.12008678168058395
0.07269921153783798
0.19085031747817993
0.22982722520828247
0.4912911355495453
0.14735183119773865
0.318530410528183
0.7360256910324097
0.42652449011802673
0.8926564455032349
0.7421754598617554
0.28018423914909363
-0.08355220407247543
-0.6986340880393982
-0.3719412684440613
0.3359702229499817
0.05604693666100502
-0.18691928684711456
-0.608957052230835
0.3588225543498993
0.3584887981414795
0.6147164702415466
1.0050239562988281
0.4528592526912689
0.6875541806221008
0.9623944759368896
1.4991092681884766
0.3447141647338867
0.27629992365837097
0.5721301436424255
0.40906795859336853
-0.12204587459564209
-0.5229511857032776
0.7329091429710388
0.11914373934268951
0.35368746519088745
0.30612051486968994
0.5111258625984192
0.10725189745426178
-0.040744733065366745
0.06345988810062408
0.029131943359971046
0.007538578938692808
-0.002779443748295307
-0.013838442973792553
0.004173668567091227
-0.020070064812898636
-0.02355307899415493
-0.06903846561908722
-0.0637107565999031
0.05215426906943321
0.014593763276934624
0.0014964970760047436
0.0817856714129448
-0.0437617301940918
-0.01250010821968317
-0.00043223993270657957
0.0028989422135055065
-0.03328901156783104
-0.0016146872658282518
0.005139652173966169
0.005849155131727457
-0.003702520625665784
0.052380237728357315
-0.01727011799812317
-0.03964800760149956
-0.020284317433834076
-0.07968048006296158
0.018803197890520096
-0.06729184836149216
-0.04861300811171532
-0.012340894900262356
0.09794369339942932
0.10467170923948288
-0.018229952082037926
-0.0031184442341327667
-0.015609514899551868
-0.0234109777957201
0.028322972357273102
-0.02670295163989067
0.034777671098709106
-0.016507862135767937
0.020750833675265312
0.07870516926050186
-0.002744195284321904
-0.011229665018618107
0.07208302617073059
0.47248390316963196
0.2181941568851471
0.44013187289237976
1.3763178586959839
0.3114672899246216
-0.16700871288776398
-0.5088439583778381
1.2248306274414062
-0.005993833765387535
-0.08115166425704956
-0.16430550813674927
0.5254930853843689
0.34655141830444336
0.46997717022895813
0.6572932004928589
0.6653337478637695
0.10549855977296829
0.0529402494430542
-0.02437015064060688
0.037358835339546204
0.041508909314870834
-0.258846640586853
-0.45704907178878784
-0.6796433329582214
0.3332192599773407
-0.3355882465839386
-0.24108284711837769
-0.2468331754207611
0.420731782913208
0.07050328701734543
0.3296290338039398
0.4885598421096802
-0.10513570159673691
-0.09603282809257507
0.013522914610803127
0.2535057067871094
-0.025100242346525192
0.12561357021331787
0.1700344681739807
-0.14826761186122894
-0.1964734047651291
-0.17221711575984955
-0.4741266071796417
-0.26204004883766174
0.14326976239681244
0.058278463780879974
0.2954234480857849
0.17666637897491455
-0.08681606501340866
-0.028976839035749435
-0.016126975417137146
-0.0727347582578659
-0.0028230620082467794
0.00413399888202548
-0.053107161074876785
-0.08002954721450806
0.003282007994130254
-0.05058787018060684
0.005553039722144604
0.03147963434457779
0.012228313833475113
-0.0320248119533062
0.08271196484565735
-0.1023298054933548
0.0027777566574513912
-0.03662795573472977
-0.25690552592277527
-0.09762420505285263
-0.22254183888435364
-0.5584421157836914
0.3949417769908905
-0.27744895219802856
0.18517622351646423
-0.10888756811618805
0.4318370223045349
-0.02426903508603573
0.6868598461151123
0.34496793150901794
0.7911890745162964
1.130250334739685
0.3506300449371338
0.4461858868598938
0.603771984577179
0.8778128623962402
0.42322367429733276
0.16419431567192078
0.06180381029844284
0.4466148614883423
0.6553544998168945
0.14697687327861786
0.0173879973590374
0.2976151406764984
1.6818689107894897
0.9303538799285889
1.2069240808486938
1.3072881698608398
0.0010410710237920284
-0.04312321916222572
-0.009848660789430141
-0.0621161125600338
-0.021952597424387932
0.0008386839763261378
-0.07182378321886063
-0.020378822460770607
-0.03963792696595192
0.06540504097938538
-0.05412132665514946
0.008650370873510838
-0.024574289098381996
-0.0412488728761673
-0.07379449158906937
-0.02364269271492958
-0.11788208782672882
0.1298982799053192
0.31082409620285034
-0.15726706385612488
-0.08039449900388718
-0.2491510510444641
-0.4922862946987152
-0.276554673910141
0.10350877046585083
-0.27847233414649963
0.0730871856212616
-0.440979927778244
0.4816358685493469
0.21514497697353363
0.614198625087738
0.9600280523300171
-0.02602573111653328
0.029565345495939255
-0.035302240401506424
0.009321276098489761
0.03547067567706108
-0.1020670086145401
0.015521930530667305
0.013189069926738739
-0.042964521795511246
-0.04412442073225975
-0.021732458844780922
0.02473062090575695
-0.07267942279577255
0.01231386698782444
-0.02784690260887146
0.014636831358075142
0.1974938064813614
0.44413185119628906
0.5063436627388
0.6147860288619995
0.19254539906978607
-0.1768253892660141
-0.7170934081077576
0.3371751606464386
0.17724300920963287
-0.7074140310287476
-0.08054230362176895
0.3178894519805908
0.45551395416259766
0.3288000226020813
0.2013026922941208
0.6610789895057678
0.023718828335404396
-0.03726242110133171
0.0003056455170735717
-0.06163864955306053
-0.008329469710588455
0.02144022472202778
0.03279586508870125
-0.07204578071832657
0.06114288419485092
0.01414412260055542
-0.009407439269125462
-0.07213477790355682
0.028001008555293083
-0.049022167921066284
0.08359626680612564
-0.0032876196783035994
0.5204780697822571
0.5894399285316467
0.8358193635940552
1.2902644872665405
0.3136675953865051
0.20253849029541016
-0.3646242022514343
0.049505893141031265
0.0387708954513073
-0.06640954315662384
-0.014227808453142643
0.03964971378445625
0.40673625469207764
0.21131955087184906
0.6579084992408752
0.41746634244918823
0.44362929463386536
0.6155405044555664
0.27524107694625854
0.712332010269165
0.12155008316040039
0.0383463129401207
-0.3552088737487793
-0.038161952048540115
0.021535303443670273
-0.06852103024721146
-0.10970578342676163
-0.3250688314437866
0.4843427538871765
0.06262751668691635
0.6756100654602051
0.8132765889167786
0.16363774240016937
0.35955822467803955
0.34216398000717163
1.0098010301589966
0.16570794582366943
-0.16701433062553406
0.27961018681526184
-0.14651185274124146
0.16241607069969177
0.14465640485286713
0.04154787212610245
-0.01853865198791027
0.6524662375450134
0.3595038950443268
0.5347303748130798
1.0278117656707764
-0.04268985614180565
-0.02204299345612526
-0.035615164786577225
0.09326097369194031
-0.01693854108452797
0.012954662553966045
0.05149635300040245
-0.05277344211935997
0.10807380080223083
0.014028917998075485
0.00882277637720108
-0.007749486248940229
0.07089067250490189
0.10462986677885056
-0.10844186693429947
-0.024200355634093285
0.45297905802726746
0.41718804836273193
0.5258903503417969
0.7952390313148499
0.31320714950561523
0.0065635317005217075
0.15385359525680542
-0.035409945994615555
0.19290538132190704
-0.04744911193847656
-0.06978210806846619
-0.08638723939657211
0.655494749546051
0.09814026206731796
0.750268280506134
0.7309876680374146
0.11336138099431992
0.37498459219932556
0.09833772480487823
0.4895719289779663
0.2005051076412201
-0.12254580855369568
-0.26767128705978394
-0.06243247538805008
-0.43402066826820374
-0.24255499243736267
-0.26114097237586975
0.24067887663841248
-0.22117610275745392
0.06878124922513962
-0.05684072524309158
0.1366376131772995
0.14551286399364471
0.1390795260667801
-0.10853159427642822
-0.0008033079793676734
-0.22618602216243744
-0.1186470240354538
-0.3709697425365448
0.2757933437824249
-0.2284715324640274
0.00288567878305912
0.10006874054670334
0.07500080019235611
-0.11530239135026932
-0.07039550691843033
0.09625298529863358
0.10982955992221832
-0.029605526477098465
-0.008292170241475105
0.029782546684145927
-0.005145443137735128
-0.007981548085808754
-0.02421150915324688
-0.06380395591259003
0.013744274154305458
-0.10456925630569458
0.009732658974826336
-0.048245154321193695
-0.025293897837400436
0.03651359677314758
-0.0016949521377682686
-0.05025793984532356
-0.014942996203899384
0.09373271465301514
0.2944236397743225
0.21309569478034973
0.09411495178937912
-0.04904245585203171
-0.3878030478954315
-0.3918344974517822
-0.1169348806142807
0.3066459894180298
-0.07424894720315933
-0.047242406755685806
0.05522135645151138
0.4051634669303894
0.46431007981300354
0.837900698184967
1.111132264137268
0.5837271213531494
0.7040539383888245
0.3552316129207611
1.0217984914779663
0.338401198387146
-0.042011652141809464
-0.5926073789596558
0.7102251052856445
-0.06259296834468842
-0.028400223702192307
-0.3829687535762787
0.35129275918006897
0.34106647968292236
0.36181631684303284
0.37366801500320435
0.5305809378623962
-0.08231333643198013
0.30765971541404724
0.38419315218925476
0.8512683510780334
0.12715661525726318
0.0725252628326416
0.22567443549633026
0.013648577965795994
-0.3208758234977722
-0.2613433301448822
-0.24239982664585114
-0.18877145648002625
0.02732848934829235
-0.304966539144516
0.4268837571144104
0.03896072506904602
0.04919794574379921
0.4614163935184479
0.6916331052780151
0.859603226184845
-0.027672063559293747
-0.061954598873853683
-0.0661347508430481
-0.07096894830465317
-0.2597694993019104
-0.31237122416496277
-0.2878771424293518
-0.3851052224636078
0.12983377277851105
-0.1589735895395279
0.32654517889022827
0.09048373997211456
0.4998169243335724
0.4907318353652954
0.6856757998466492
1.0728027820587158
0.4861755669116974
0.10447216778993607
-0.30309635400772095
0.2904064357280731
0.03423178195953369
-0.1878276914358139
-0.27330344915390015
0.12239805608987808
0.2243792712688446
0.4235774874687195
0.2827535569667816
0.36093127727508545
0.15786266326904297
0.07847157120704651
-0.04585404321551323
0.7113498449325562
-0.08685718476772308
-0.27610576152801514
-0.1202484741806984
0.0916726142168045
0.007641057949513197
-0.39744484424591064
-0.22540231049060822
-0.15848228335380554
0.38266023993492126
-0.03685677796602249
0.31504353880882263
0.8305148482322693
0.2938311696052551
0.2370680421590805
0.5764379501342773
1.403277039527893
0.2786921262741089
-0.2184632420539856
-0.4393267035484314
0.8802286386489868
0.04016107693314552
0.04594995081424713
-0.17118021845817566
0.5588762760162354
0.3822931945323944
0.5317422151565552
0.6864539980888367
0.7008897662162781
0.0010357019491493702
0.17602740228176117
-0.134373739361763
-0.6132603287696838
0.12124913930892944
-0.3589678108692169
-0.170025035738945
-0.35718032717704773
0.11972373723983765
-0.1650664061307907
0.18637093901634216
0.0765964612364769
0.3795417845249176
0.5280163884162903
0.052558306604623795
0.38727468252182007
0.3414933681488037
0.4187089204788208
0.7194198966026306
0.6981288194656372
0.2464880496263504
-0.06083623319864273
-0.6230688095092773
-0.6901206970214844
0.3926008939743042
0.21980589628219604
-0.1391068994998932
-0.5987482666969299
0.37100693583488464
0.41740188002586365
0.556209146976471
1.042264461517334
0.3006706237792969
0.6783596873283386
0.9339210391044617
1.2223899364471436
0.18377813696861267
0.2700430154800415
0.18936583399772644
0.3551265597343445
-0.1259191483259201
-0.3729581832885742
0.29363200068473816
0.01584532856941223
0.29329562187194824
0.16590306162834167
0.4547717273235321
0.09310054033994675
-0.02116040512919426
-0.08403345197439194
0.03627109155058861
-0.010487525723874569
-0.021463459357619286
0.07762614637613297
-0.005488170776516199
-0.011671304702758789
-0.009832958690822124
-0.10066860914230347
0.015562528744339943
-0.01977720856666565
0.06991268694400787
-0.02787209488451481
0.019303645938634872
0.06594565510749817
0.04558006301522255
-0.03202492743730545
-0.03006645478308201
-0.04078303277492523
-0.011020277626812458
-0.13030320405960083
0.014871048741042614
-0.025251280516386032
-0.031775012612342834
0.023295361548662186
-0.061400800943374634
0.024566499516367912
0.07474853098392487
-0.02224559336900711
0.04942046105861664
-0.024530062451958656
-0.10634826868772507
0.04380158707499504
-0.010632438585162163
-0.07346175611019135
0.022533537819981575
-0.03514990955591202
-0.012740393169224262
-0.09561366587877274
-0.07347211241722107
0.010732256807386875
-0.08882191777229309
-0.06699807196855545
0.07046346366405487
0.024904459714889526
-0.036343660205602646
0.016639407724142075
0.47879189252853394
0.12081500142812729
0.8729928731918335
1.3818566799163818
0.26102325320243835
-0.18640844523906708
0.14399990439414978
1.085770845413208
0.13958847522735596
-0.047905925661325455
0.4772920310497284
0.5514702796936035
0.5609034895896912
0.5335460305213928
0.6270743608474731
0.6388813257217407
0.16555926203727722
0.16243302822113037
-0.14785978198051453
0.2478136271238327
-0.024262994527816772
-0.2822279632091522
-0.7245020270347595
-0.14383576810359955
0.13064195215702057
-0.20830079913139343
-0.10174933820962906
-0.16235381364822388
0.46274101734161377
0.08360069990158081
0.2096787840127945
0.5485407710075378
0.031169965863227844
-0.0059531377628445625
0.35032975673675537
0.3422470688819885
-0.0658707246184349
0.04363832622766495
0.08359447121620178
-0.007862336002290249
-0.22010628879070282
-0.064818374812603
-0.5151113271713257
-0.1315704584121704
0.08390144258737564
0.04996053874492645
0.20394489169120789
0.15039750933647156
0.017309624701738358
0.029628969728946686
0.013665171340107918
-0.10307897627353668
-0.014401634223759174
-0.04336559399962425
-0.06590403616428375
0.05284589156508446
-0.051678046584129333
-0.08094746619462967
0.0775362029671669
-0.041358012706041336
-0.02286752313375473
0.06960909068584442
-0.09522810578346252
-0.01755719631910324
0.13052994012832642
-0.09213932603597641
-0.18945668637752533
0.02437889389693737
-0.21724683046340942
-0.4376896917819977
0.2177867293357849
-0.14811934530735016
0.11718234419822693
0.14736604690551758
0.31380966305732727
-0.03168986365199089
0.6474381685256958
0.3918421268463135
0.7736577987670898
1.1062123775482178
0.7370035648345947
0.39689791202545166
0.52992844581604
1.4363566637039185
0.8201003074645996
0.15757109224796295
0.07004685699939728
1.526852011680603
0.8000016212463379
0.297824501991272
0.01215343177318573
1.0766465663909912
1.6942055225372314
0.9211530089378357
1.0297642946243286
1.3633058071136475
-0.03246063366532326
-0.01210350263863802
0.018753521144390106
0.01542982179671526
-0.007856178097426891
0.012157450430095196
0.0436512753367424
-0.06195487454533577
0.044380977749824524
-0.001838746597059071
0.041636139154434204
0.027827681973576546
-0.01766650378704071
0.011725948192179203
0.0205009076744318
-0.051107387989759445
0.04543215036392212
0.1693052351474762
0.02967093326151371
0.17860300838947296
-0.05463331192731857
-0.10591544955968857
-0.5400536060333252
-0.07753674685955048
0.14352279901504517
0.014243180863559246
-0.03574040159583092
-0.1621956080198288
0.5634557604789734
0.25681933760643005
0.5281848907470703
0.9556657075881958
0.011486317031085491
-0.0322946235537529
-0.06917857378721237
0.07068412005901337
0.06644205003976822
-0.051196981221437454
0.029156344011425972
-0.041436661034822464
0.07719363272190094
0.011167499236762524
0.009138567373156548
0.02654108963906765
-0.014999152161180973
-0.031491659581661224
0.08132978528738022
-0.06344494968652725
0.2617993652820587
0.3707929253578186
0.22584867477416992
1.0559245347976685
0.2058427780866623
-0.1748248189687729
-0.17709586024284363
0.6725548505783081
0.10548695921897888
-0.3710068166255951
0.40136176347732544
0.43104785680770874
0.44510453939437866
0.4410560727119446
0.32450607419013977
0.5019211173057556
0.048646096140146255
0.010942623019218445
0.0739482194185257
-0.0632610097527504
-0.09640582650899887
-0.03709854930639267
-0.0205403883010149
0.06721916794776917
-0.026793314144015312
-0.06382571905851364
0.01614593341946602
0.009944199584424496
-0.025088002905249596
-0.05187997221946716
-0.007742868736386299
-0.06649670004844666
0.8080198764801025
0.7036063075065613
0.6141671538352966
1.4945321083068848
0.5032122731208801
0.05947107449173927
-0.19381777942180634
0.3771517872810364
0.21214377880096436
0.004866311326622963
0.18099036812782288
0.7500240206718445
0.5067310333251953
0.2926473617553711
0.46039360761642456
0.6174750328063965
0.5479061603546143
0.4986041784286499
0.49425560235977173
0.8313222527503967
0.02283843420445919
-0.18405506014823914
0.05567215010523796
0.023973723873496056
0.1236589178442955
-0.029434023424983025
0.11525697261095047
0.09699834138154984
0.44183459877967834
0.1908060759305954
0.7100465893745422
0.7669649124145508
0.5288907885551453
0.24883119761943817
0.7894793152809143
1.223694086074829
0.34834155440330505
-0.21712350845336914
0.5025068521499634
0.2004982978105545
0.3713136911392212
0.19554759562015533
0.004405439365655184
0.6572533845901489
0.7576723098754883
0.5701661705970764
0.5998823642730713
1.2885948419570923
-0.10696419328451157
0.007673691026866436
0.009879890829324722
-0.011087996885180473
0.04203946143388748
0.05220113694667816
-0.01241471990942955
0.030948132276535034
-0.0879393219947815
-0.058153439313173294
-0.008672081865370274
0.03557309880852699
0.02094470150768757
0.01909915916621685
-0.01821664161980152
-0.05188924819231033
0.7695289850234985
0.42063358426094055
0.6811183094978333
1.0838630199432373
0.3088448941707611
-0.1306433528661728
0.23243413865566254
0.5006005764007568
0.37385818362236023
0.1764189749956131
-0.17736604809761047
0.5749570727348328
0.7719259262084961
0.19226904213428497
0.7111515402793884
1.0670535564422607
0.0833578035235405
0.42465636134147644
0.09876086562871933
0.5241830348968506
0.22105035185813904
-0.1000237688422203
-0.053439605981111526
-0.06254999339580536
-0.4998253881931305
-0.027677999809384346
-0.40637534856796265
-0.09161452203989029
-0.24636882543563843
0.004716495517641306
0.026936784386634827
0.23879221081733704
0.06092657893896103
0.0736890658736229
-0.019519712775945663
-0.005944124422967434
-0.2825985252857208
-0.14975546300411224
-0.45985648036003113
0.13437031209468842
-0.17011214792728424
0.043107978999614716
-0.08118230849504471
0.13632063567638397
-0.1788991391658783
-0.06451252847909927
-0.0008740057237446308
0.1001981571316719
0.03399720788002014
0.05014626309275627
-0.029581988230347633
0.060048457235097885
-0.03281231224536896
-0.0661633089184761
0.01602908782660961
-0.10231009125709534
0.011069567874073982
-0.0015626654494553804
-0.08017425984144211
-0.0017384899547323585
-0.0121505381539464
-0.004374782554805279
0.0075830682180821896
0.04963505640625954
0.46212589740753174
0.18310536444187164
0.31937795877456665
0.32193198800086975
0.24307817220687866
-0.38902443647384644
-0.18968717753887177
0.04822595790028572
0.43590623140335083
0.09532272815704346
0.1254638135433197
0.07925545424222946
0.4190489947795868
0.5183757543563843
0.7569723129272461
1.0528289079666138
0.604383111000061
0.5708200931549072
0.5536208152770996
1.1084048748016357
0.34297847747802734
-0.04251883551478386
-0.020797498524188995
0.5245012640953064
-0.025725480169057846
0.11473341286182404
-0.0037235466297715902
0.3955363631248474
0.5434550046920776
0.40102437138557434
0.34327730536460876
0.5763174891471863
0.19787777960300446
0.3627570569515228
0.41954901814460754
0.8885325789451599
0.12695373594760895
-0.0486379973590374
0.3118983507156372
0.19286669790744781
-0.18936528265476227
-0.20180746912956238
-0.34622374176979065
-0.0614595003426075
0.2081400752067566
0.00936216302216053
0.2727872431278229
0.13517265021800995
0.2429460883140564
0.49542543292045593
0.5573230385780334
1.0052460432052612
0.26600179076194763
-0.20569854974746704
-0.022835595533251762
0.16179238259792328
-0.11682373285293579
-0.2514410614967346
-0.22954773902893066
-0.0745646208524704
0.21086154878139496
0.018412794917821884
0.37668177485466003
0.17879070341587067
0.47250694036483765
0.5731063485145569
0.6176239848136902
1.080916166305542
0.5488294959068298
0.057749539613723755
0.5164329409599304
0.313387006521225
-0.0015202643116936088
-0.18845057487487793
-0.07525961846113205
0.1530357301235199
0.3044525384902954
0.42250049114227295
0.20073509216308594
0.2696705758571625
0.2397555708885193
0.02309677191078663
0.08948639035224915
0.8233900666236877
-0.07055263966321945
-0.36729055643081665
0.13250860571861267
0.09039308875799179
0.038978271186351776
-0.2644963562488556
0.0035808382090181112
-0.009687279351055622
0.38777390122413635
0.19778791069984436
0.29252466559410095
0.7001935243606567
0.32907506823539734
0.2572665810585022
0.7567785978317261
1.491567611694336
0.26294422149658203
-0.19408714771270752
0.38578686118125916
0.873555064201355
0.029324594885110855
-0.09893947094678879
0.6700541377067566
0.6793632507324219
0.5672589540481567
0.5599444508552551
0.5810062885284424
0.5934751033782959
-0.008291522972285748
0.22147367894649506
-0.15749062597751617
-0.19371150434017181
0.14412054419517517
-0.2685088515281677
0.025440549477934837
-0.5809539556503296
0.11661453545093536
-0.10549598187208176
0.19292625784873962
0.2771000564098358
0.2726620137691498
0.4381199777126312
0.10599653422832489
0.3327503204345703
0.5610185861587524
0.39023885130882263
0.7206408381462097
0.7163273692131042
0.3244968056678772
-0.15832319855690002
-0.7672495245933533
-0.11121077090501785
0.42964306473731995
0.27763959765434265
-0.24801135063171387
-0.29008761048316956
0.5296683311462402
0.42642197012901306
0.5682519674301147
0.9808012843132019
0.277695894241333
0.7174173593521118
1.0289700031280518
1.468191385269165
0.3514425754547119
0.1265338957309723
0.5866524577140808
0.4467712640762329
-0.02346150390803814
-0.40437111258506775
0.6714377999305725
0.5109098553657532
0.45556268095970154
0.37571287155151367
0.3564597964286804
0.15975293517112732

linear_actor,linear_actor.weight
0.5271837711334229
0.22479620575904846
0.46330440044403076
-0.340104341506958
0.005215904209762812
-2.4558489322662354
-2.6187827587127686
-3.0143065452575684
-2.3037056922912598
0.3505731225013733
-2.972778797149658
-1.833165168762207
-1.9928381443023682
-2.099226236343384
-2.5382704734802246
-2.248073101043701
-1.2212263345718384
-2.68806791305542
-2.5230801105499268
-1.1803295612335205
-2.7021236419677734
-2.5093564987182617
1.559809923171997
-2.9743399620056152
0.22337685525417328
0.784297525882721
0.18307043612003326
-2.452829360961914
-1.33645761013031
-2.330095052719116
0.10946667194366455
0.971771776676178
0.0682377740740776
-2.238633155822754
-2.9626376628875732
-2.2512447834014893
0.27540937066078186
0.015807319432497025
0.36419302225112915
-0.6701498627662659
0.11901375651359558
-2.568179130554199
-2.97450852394104
-2.8154642581939697
-2.36963152885437
0.09398853033781052
-2.9581689834594727
-1.9578146934509277
-1.969864845275879
-1.7691794633865356
-2.4837684631347656
-2.704679012298584
-1.3056985139846802
-2.4547955989837646
-2.638793468475342
-1.0987683534622192
-2.3737587928771973
-2.173015832901001
1.6269471645355225
-2.9378244876861572
-0.0656394213438034
0.667578935623169
-0.19847308099269867
-2.5248193740844727
-1.0218074321746826
-2.303436756134033
0.21498553454875946
0.8723328709602356
0.1288672536611557
-2.4981958866119385
-2.997609853744507
-2.165977954864502
0.3326987028121948
-0.18459002673625946
0.3832467496395111
-0.288265198469162
0.0023351130075752735
-2.5806968212127686
-2.8407726287841797
-2.6327321529388428
-1.9000985622406006
0.09219219535589218
-2.7731006145477295
-2.220128297805786
-2.045076847076416
-1.950498104095459
-2.7780792713165283
-2.5683908462524414
-1.044130802154541
-2.2975924015045166
-2.663386344909668
-1.1369972229003906
-2.6685104370117188
-2.3268556594848633
1.548364520072937
-3.071040391921997
-0.05493190884590149
0.8820085525512695
0.15258221328258514
-2.5589540004730225
-1.4229501485824585
-2.2342066764831543
0.2981196939945221
0.9712982177734375
-0.10926122218370438
-2.3957464694976807
-3.0121684074401855
-2.304119348526001
0.11793268471956253
0.38415277004241943
0.8085057139396667
-0.3873535096645355
0.056683577597141266
-2.3693952560424805
-3.0070383548736572
-2.577319383621216
-2.443530559539795
-0.12571991980075836
-2.948707342147827
-2.0099406242370605
-1.845716118812561
-2.0276496410369873
-2.99153470993042
-2.7776944637298584
-1.2341617345809937
-2.3600006103515625
-2.5011966228485107
-1.0105043649673462
-2.617943525314331
-2.368687868118286
1.5838029384613037
-2.948507070541382
-0.031234819442033768
0.846342921257019
0.10098443180322647
-2.3686134815216064
-1.2450072765350342
-2.2623064517974854
0.25065967440605164
0.6321896910667419
-0.028128737583756447
-2.1892850399017334
-2.779010057449341
-2.292414426803589
