Layer,Parameter Name,Values

log_std,log_std
0.0
0.0
0.0
0.0

conv0_actor,conv0_actor.weight
-1.4889849424362183,

conv1_actor,conv1_actor.weight
0.051875028759241104,-0.021906599402427673,-0.16502128541469574,0.07877320051193237,
-0.09067345410585403,0.1667032092809677,0.006341260392218828,-0.026180028915405273,
-0.07837745547294617,0.08138512074947357,-0.02526412531733513,0.2187398076057434,
-0.06295519322156906,-0.07142447680234909,-0.1264568716287613,-0.2220829576253891,
1.4459707736968994,1.5630602836608887,-0.4661707282066345,-2.819680690765381,
2.4017975330352783,3.0341408252716064,1.0285608768463135,-1.0309122800827026,
1.058415174484253,1.799498438835144,1.9223814010620117,-0.10793155431747437,
-1.6629995107650757,-0.8728734850883484,0.9526287913322449,-0.7321354150772095,
-0.1408318132162094,0.30852028727531433,0.018792282789945602,0.1409289836883545,
-0.08767704665660858,0.0012338852975517511,-0.26132136583328247,-0.24171023070812225,
0.13194766640663147,0.2334451675415039,-0.1699100136756897,-0.1967931091785431,
0.16899167001247406,-0.11808276921510696,-0.08692147582769394,0.006006074137985706,
-2.4507477283477783,-1.2806761264801025,2.3636324405670166,3.130276918411255,
-1.942407250404358,-0.36444032192230225,2.9558351039886475,3.3850855827331543,
0.9585517048835754,0.6753156185150146,3.81322979927063,3.4010696411132812,
0.9919707179069519,2.1022443771362305,4.662226676940918,3.973798990249634,
-0.06120407208800316,-0.11189660429954529,-0.0324753113090992,0.08316243439912796,
0.08346341550350189,-0.031915124505758286,-0.38885778188705444,0.11182556301355362,
-0.11120548099279404,0.10664711892604828,-0.04120918735861778,0.13821128010749817,
0.023990197107195854,0.022390097379684448,-0.07926363497972488,-0.0322524793446064,
0.014099166728556156,0.043849050998687744,-1.3321926593780518,-2.899832248687744,
1.0745255947113037,0.9981967806816101,-0.7858001589775085,-2.9641947746276855,
-1.8366228342056274,-1.6734474897384644,-2.3242785930633545,-2.6880948543548584,
-3.266906499862671,-2.689404249191284,-2.7637882232666016,-1.5363349914550781,
0.202053502202034,0.12845630943775177,0.1475653350353241,0.19039149582386017,
0.010084360837936401,-0.15128253400325775,-0.05909194052219391,-0.18847975134849548,
-0.08084519952535629,0.06923564523458481,-0.10936225205659866,0.13049721717834473,
-0.27321040630340576,0.059237804263830185,0.22486744821071625,0.18864016234874725,
2.118900775909424,3.957402467727661,3.6701884269714355,3.1667137145996094,
3.124452590942383,4.117685794830322,4.343140125274658,3.099950075149536,
3.747772455215454,4.386500835418701,4.556145668029785,2.800056219100952,
4.530802249908447,4.949706077575684,4.528511047363281,4.241827011108398,
-0.10022903978824615,-0.06874433904886246,0.3206406533718109,0.010358355939388275,
-0.06052536517381668,-0.07960633188486099,-0.22261354327201843,0.14417092502117157,
-0.04399102181196213,0.03765500709414482,0.16103620827198029,-0.1773730218410492,
0.21103231608867645,0.09468993544578552,0.009440494701266289,-0.14300836622714996,
-1.0542508363723755,-1.0678313970565796,-2.8001604080200195,-2.4996495246887207,
-1.858936071395874,-2.485539436340332,-1.569018006324768,-0.07762517035007477,
-2.6405303478240967,-2.741645574569702,-1.1410411596298218,1.4844075441360474,
-2.839407444000244,-2.5299651622772217,-0.8574164509773254,0.42427465319633484,
0.03314123675227165,-0.18301905691623688,0.4337208569049835,0.030490301549434662,
-0.13390834629535675,-0.11055169999599457,-0.04027087986469269,-0.1507548987865448,
0.21401828527450562,0.17607955634593964,0.09001893550157547,-0.1848473995923996,
-0.13311900198459625,0.061687879264354706,-0.15950629115104675,0.31863322854042053,
2.074338674545288,3.3685576915740967,3.372225046157837,2.7745110988616943,
3.534932851791382,4.322410583496094,4.034885406494141,3.8159995079040527,
2.276209592819214,3.2592225074768066,4.125387191772461,3.3243823051452637,
1.7967950105667114,3.1304636001586914,3.480135440826416,2.151841402053833,
-0.21541926264762878,-0.024126900359988213,0.08544863760471344,-0.2732160687446594,
0.18286803364753723,0.03355385363101959,-0.011914074420928955,0.22943687438964844,
0.10296794027090073,0.07381737232208252,0.08704351633787155,-0.10246806591749191,
-0.03409596160054207,0.3891583979129791,0.19406314194202423,-0.3136068284511566,
-2.007909059524536,-1.6501686573028564,-2.8668136596679688,-2.584237813949585,
-2.7676944732666016,-2.97670578956604,-3.4315521717071533,-2.829026460647583,
-1.5037859678268433,-2.8770437240600586,-2.826336145401001,-2.850785732269287,
-0.40387478470802307,-0.4874280095100403,-3.3345038890838623,-1.0533844232559204,
-0.08206742256879807,-0.07215669006109238,0.21083775162696838,0.01727181486785412,
0.23260895907878876,0.35192760825157166,0.14192450046539307,-0.2533803880214691,
-0.16740961372852325,0.19141221046447754,-0.2177525907754898,-0.2503221929073334,
-0.17757320404052734,-0.03240158408880234,-0.11835713684558868,-0.33487850427627563,
1.7290596961975098,2.5639381408691406,3.5305328369140625,3.2404754161834717,
1.6023406982421875,2.685220956802368,3.6541786193847656,3.434044599533081,
1.5407254695892334,2.0175559520721436,3.326415777206421,3.1340041160583496,
0.743956983089447,1.726415991783142,2.5542044639587402,1.2082964181900024,
-0.15814796090126038,-0.3292899429798126,-0.3779955506324768,-0.011333955451846123,
0.09110365808010101,0.06970682740211487,-0.22034336626529694,0.011332251131534576,
-0.03695013374090195,-0.23851236701011658,0.4677894115447998,0.17344795167446136,
0.27132031321525574,-0.10388293117284775,-0.2406475841999054,-0.16507160663604736,
-2.98218035697937,-2.7928214073181152,-3.2800896167755127,-1.8673019409179688,
-3.1285693645477295,-3.380841016769409,-3.5764167308807373,-1.6182206869125366,
0.4241980314254761,-0.19461701810359955,-1.2196379899978638,-1.4977014064788818,
1.3621667623519897,1.370647668838501,0.18018153309822083,-0.40430933237075806,
0.3352441191673279,-0.014982025139033794,-0.06734325736761093,0.22391413152217865,
-0.08063419163227081,0.022075863555073738,-0.008877155371010303,0.03946570307016373,
0.15951071679592133,-0.11951002478599548,0.043020837008953094,0.13325227797031403,
0.01606461964547634,-0.09955745935440063,0.3749077618122101,-0.05840962380170822,
-0.5740032196044922,-0.2679138481616974,-2.932971715927124,-3.5109024047851562,
-3.614410877227783,-3.7703661918640137,-3.0700104236602783,-1.9497942924499512,
0.4612027704715729,0.46645358204841614,-0.5102782845497131,-1.1192868947982788,
1.1871761083602905,1.3673195838928223,0.9348375201225281,-0.6908502578735352,
-0.009101691655814648,-0.00936339981853962,0.5694394111633301,0.17431503534317017,
0.17676886916160583,0.13879844546318054,-0.06608127802610397,-0.08783012628555298,
0.01614544540643692,0.10502776503562927,0.012262798845767975,-0.111881323158741,
0.055697523057460785,0.32212722301483154,0.2745197117328644,0.009651939384639263,
1.8072078227996826,3.0844221115112305,4.303306579589844,4.691869258880615,
1.8963642120361328,2.5121853351593018,3.6908700466156006,4.031496524810791,
0.20863056182861328,0.21082928776741028,2.907092332839966,3.841501474380493,
-0.8675739169120789,-0.4006795287132263,1.6350557804107666,3.0472114086151123,
-0.16082723438739777,-0.1264304220676422,-0.13614526391029358,0.03667701035737991,
-0.1517375409603119,0.16433300077915192,-0.027211861684918404,-0.311145156621933,
-0.0007820118917152286,0.07048948109149933,0.2920236587524414,-0.19962871074676514,
0.2068169265985489,-0.00801856629550457,0.35092249512672424,-0.026776090264320374,
-2.3225789070129395,-1.0234891176223755,2.763730525970459,4.532594203948975,
-2.60941743850708,-1.5672308206558228,3.329244613647461,4.327417850494385,
0.9605249166488647,1.7864152193069458,3.964536190032959,4.174325942993164,
2.3530428409576416,3.6075551509857178,3.4641265869140625,3.0531258583068848,
0.07513376325368881,-0.023342294618487358,-0.1786707043647766,-0.11321830749511719,
0.05553053691983223,0.17088502645492554,0.2578244209289551,-0.07698037475347519,
-0.25435689091682434,-0.14048123359680176,0.09719435125589371,-0.08717174828052521,
0.18983761966228485,0.1391567438840866,0.0467580147087574,0.07996608316898346,
3.3642356395721436,5.121456623077393,4.672541618347168,3.899972677230835,
4.098905086517334,4.001955509185791,3.9943127632141113,3.7899842262268066,
3.060621976852417,2.858781576156616,3.6620142459869385,3.5818848609924316,
1.3177326917648315,2.407135248184204,2.814789056777954,2.927622079849243,
0.12422772496938705,-0.4977964162826538,0.24092048406600952,-0.3634406626224518,
-0.15133142471313477,-0.08695146441459656,0.014536069706082344,-0.020199976861476898,
-0.30000072717666626,-0.32833191752433777,-0.05116122215986252,0.1517993062734604,
0.2248755246400833,0.1278613954782486,-0.0003569013497326523,-0.35957130789756775,
-1.8484787940979004,-0.4662950038909912,3.7704386711120605,4.283117771148682,
-2.6079697608947754,-1.9542309045791626,3.081674814224243,4.371522426605225,
-2.5760855674743652,-1.5697575807571411,1.938591480255127,4.613480091094971,
-2.8973278999328613,-1.4992048740386963,2.2594857215881348,4.022184371948242,
-0.08032094687223434,-0.22467391192913055,0.2238026261329651,0.005177565850317478,
0.171714186668396,0.03081224299967289,-0.22656506299972534,-0.09257400035858154,
-0.05435807630419731,0.10972802340984344,-0.08379904925823212,-0.04391957446932793,
-0.016929667443037033,0.15264546871185303,0.13780687749385834,0.045620258897542953,
4.1765241622924805,3.8103039264678955,4.191905498504639,3.3678641319274902,
4.051619529724121,3.651322603225708,4.360678672790527,4.001491546630859,
2.785879373550415,2.8111941814422607,3.2717490196228027,4.082336902618408,
-0.5135573744773865,-0.3153296411037445,2.7245187759399414,3.5838584899902344,
-0.07048530131578445,0.18454791605472565,0.038567330688238144,0.3514128029346466,
0.10108634829521179,0.03401380032300949,0.39708301424980164,0.10650625079870224,
-0.020477887243032455,-0.09177324175834656,-0.040605757385492325,-0.08163196593523026,
0.016952790319919586,-0.2213444709777832,-0.34008949995040894,-0.1342407464981079,
1.5219835042953491,2.2248928546905518,2.6672887802124023,2.078716993331909,
1.0981745719909668,1.53441321849823,3.352217674255371,4.162158012390137,
2.361314535140991,2.7367072105407715,4.143104076385498,4.019449234008789,
2.281299591064453,2.792006254196167,3.450035810470581,2.1451923847198486,
-0.20809264481067657,-0.3910515308380127,-0.08809182047843933,0.13468457758426666,
-0.1471232771873474,0.18251609802246094,0.11080776154994965,0.1648392528295517,
-0.27122583985328674,-0.20953437685966492,-0.16985484957695007,-0.12731999158859253,
0.035886459052562714,0.050204481929540634,0.24141010642051697,0.05504397675395012,
4.099206924438477,4.337419509887695,3.8709909915924072,3.183750629425049,
3.9550204277038574,4.5329179763793945,3.8605668544769287,4.198782444000244,
4.508389472961426,4.203062057495117,4.062419891357422,3.4170398712158203,
4.40317440032959,4.693969249725342,3.1624817848205566,3.2288010120391846,
-0.2791324257850647,-0.05495664104819298,0.1374821811914444,0.04649036377668381,
0.18790364265441895,-0.008210724219679832,0.09424678236246109,-0.07971567660570145,
0.12015075981616974,-0.27651575207710266,-0.11338259279727936,-0.43535810708999634,
0.11379914730787277,0.10726343095302582,0.003161984495818615,-0.08520973473787308,
0.5669367909431458,0.9031984806060791,0.32922327518463135,-0.8331248164176941,
2.354215145111084,2.9309422969818115,1.746716022491455,0.49188846349716187,
1.6891509294509888,1.6828759908676147,2.1721885204315186,0.8550004363059998,
-1.1620289087295532,-0.9705935716629028,1.421661138534546,0.5669606328010559,
0.07959610223770142,-0.17128735780715942,-0.11218985170125961,0.010988807305693626,
0.06988394260406494,-0.3380168676376343,-0.03471522033214569,-0.3237325847148895,
0.11272089928388596,0.02006492391228676,0.12865570187568665,0.2812729477882385,
-0.10363513976335526,0.21459463238716125,0.35630330443382263,-0.06581491231918335,
0.3386586010456085,-0.0919530987739563,-0.9452252984046936,-0.002049034461379051,
0.36815643310546875,0.34082379937171936,-0.5723722577095032,-1.877316951751709,
-2.8523404598236084,-2.7766177654266357,-2.3949084281921387,-2.4081315994262695,
-2.936577081680298,-3.6336662769317627,-2.533824920654297,-3.2419166564941406,
0.2086290717124939,0.22637511789798737,0.05457311496138573,0.10578073561191559,
0.3638284504413605,0.2051951140165329,-0.0426265224814415,0.11851131916046143,
0.13666892051696777,-0.12430070340633392,0.0005682791233994067,0.2040458470582962,
0.052398763597011566,0.10384068638086319,-0.16059353947639465,0.28728193044662476,
-3.077028512954712,-2.727853536605835,-2.0749073028564453,-1.8057721853256226,
-2.474130630493164,-2.9675486087799072,-0.39886319637298584,1.0644317865371704,
-2.6973414421081543,-2.935990810394287,0.3978714048862457,0.6592780351638794,
-2.3909549713134766,-2.5355865955352783,0.3241179287433624,-0.13118281960487366,
0.09799384325742722,0.0186531413346529,-0.08840979635715485,0.0455830842256546,
-0.14984405040740967,0.0648142620921135,0.3847142457962036,-0.2870536148548126,
-0.05687787011265755,0.22308944165706635,-0.026445690542459488,0.05445766821503639,
-0.13448789715766907,0.28159099817276,-0.10705911368131638,-0.45598429441452026,
0.7638452649116516,1.5119552612304688,3.1727793216705322,2.8326847553253174,
2.653865098953247,3.678537130355835,3.972745656967163,3.136540174484253,
2.6924889087677,3.4297046661376953,4.437628269195557,3.8383419513702393,
2.8524813652038574,3.9301328659057617,3.953328847885132,2.6923365592956543,
0.3677595257759094,-0.13112452626228333,-0.1692158728837967,0.17561404407024384,
-0.22336728870868683,0.052913084626197815,0.17268694937229156,0.3071335256099701,
0.04106779024004936,0.0018287459388375282,0.10747170448303223,0.2512001693248749,
-0.24029408395290375,-0.07833901792764664,0.12625358998775482,-0.09953439980745316,
2.3868277072906494,3.270202398300171,3.134516954421997,1.6873644590377808,
3.683762311935425,4.511347770690918,4.0642523765563965,3.163301706314087,
1.182829737663269,1.5104202032089233,2.575439691543579,4.289616107940674,
-2.040562629699707,-0.8665858507156372,2.4273481369018555,4.764208793640137,
0.08252489566802979,0.09306361526250839,0.0757550522685051,-0.056116990745067596,
0.3079988360404968,0.07187458872795105,0.14906848967075348,-0.028457770124077797,
0.06440286338329315,0.07551131397485733,-0.08963990956544876,-0.019202766939997673,
0.09666544944047928,0.4868617057800293,0.02504342421889305,-0.03463529050350189,
-1.8160769939422607,-0.7219260931015015,0.7348116636276245,2.2926719188690186,
-3.11321759223938,-1.9691566228866577,2.302811861038208,3.623631238937378,
0.9754772186279297,1.079482913017273,3.9225234985351562,4.506875038146973,
1.1922074556350708,2.3617100715637207,3.7627952098846436,3.721825122833252,
0.09738148003816605,0.39537927508354187,-0.026088137179613113,0.1501409113407135,
0.01579202152788639,-0.11225681006908417,-0.047893717885017395,0.044538870453834534,
0.11836491525173187,-0.14436623454093933,0.010624963790178299,-0.024665554985404015,
-0.3405735492706299,-0.3351671099662781,0.30827078223228455,-0.2679081857204437,
1.1433666944503784,2.0157711505889893,3.4012508392333984,1.8705673217773438,
4.184673309326172,4.8349199295043945,4.07452917098999,2.5272679328918457,
2.237201452255249,2.382584571838379,3.000250816345215,2.0897138118743896,
-1.5092090368270874,-0.6754025816917419,1.69172203540802,2.4174909591674805,
0.23077096045017242,0.10294953733682632,-0.17251700162887573,0.23736605048179626,
-0.048173945397138596,-0.31802839040756226,0.16149795055389404,0.178722083568573,
0.14708393812179565,0.2809090316295624,0.09268452227115631,-0.04003319516777992,
0.13197152316570282,-0.14439480006694794,0.2519833445549011,-0.04348753020167351,
2.5027332305908203,4.095675945281982,4.760593891143799,2.689323663711548,
3.7775790691375732,3.8193931579589844,4.550240516662598,2.8472163677215576,
1.3681855201721191,1.9322587251663208,2.2540533542633057,2.2718825340270996,
-2.3747546672821045,-0.8111058473587036,1.6536872386932373,1.3529515266418457,
-0.14894962310791016,-0.20463040471076965,0.007415582425892353,0.20373864471912384,
0.07991239428520203,0.130630761384964,0.4619186520576477,-0.3812307119369507,
-0.009952741675078869,-0.1880933940410614,0.08565711975097656,-0.21958792209625244,
-0.21752308309078217,0.4498137831687927,-0.03859254717826843,0.016645675525069237,
2.7040088176727295,4.015108108520508,3.511286735534668,2.235597610473633,
4.3001508712768555,3.899662971496582,3.550036907196045,3.5382192134857178,
3.6993470191955566,3.1994073390960693,3.863182306289673,3.4914259910583496,
3.533297061920166,3.93442964553833,4.311629295349121,3.5088329315185547,
-0.10502553731203079,0.1821109652519226,0.047210682183504105,0.16545896232128143,
0.08204437792301178,-0.4028209447860718,-0.024103274568915367,-0.23645177483558655,
0.0029093106277287006,0.09969115257263184,-0.0008184905746020377,-0.05459696426987648,
-0.07241179049015045,-0.2638557255268097,0.1696915328502655,0.19961240887641907,
2.18127179145813,2.8241093158721924,3.731282949447632,2.5154640674591064,
3.0237395763397217,3.3584537506103516,3.9623923301696777,2.698786973953247,
2.7532758712768555,3.526538848876953,4.619302749633789,3.26235032081604,
2.12508487701416,4.172966003417969,3.8471810817718506,2.487931966781616,
-0.4939591884613037,0.08442813158035278,-0.14049792289733887,-0.0732799544930458,
-0.02895507402718067,-0.14213667809963226,-0.035351138561964035,0.08310409635305405,
0.035291727632284164,-0.1577678620815277,-0.20227201282978058,0.0013770166551694274,
-0.14688906073570251,-0.12986496090888977,0.11210720241069794,-0.38250797986984253,
2.4366257190704346,4.380453586578369,3.221371650695801,2.8983564376831055,
3.835862159729004,3.8827333450317383,3.8774211406707764,3.6963210105895996,
4.082977771759033,4.423033237457275,3.6074602603912354,2.979499578475952,
3.9899511337280273,5.256807804107666,4.076196670532227,4.00137186050415,
0.2305586338043213,-0.231448233127594,-0.15203505754470825,0.09013934433460236,
0.28263792395591736,0.10037657618522644,0.03160566836595535,0.19081224501132965,
0.08414257317781448,0.1424696296453476,0.19120922684669495,-0.052138153463602066,
-0.0715198665857315,-0.31793540716171265,0.07454455643892288,-0.015887996181845665,
2.195021629333496,3.6638317108154297,4.058430194854736,3.1021299362182617,
3.2310707569122314,3.4069459438323975,4.450283050537109,4.001929759979248,
2.646448850631714,3.265291929244995,4.396877765655518,3.14969539642334,
2.386497735977173,3.9618823528289795,3.5789124965667725,2.364941120147705,
0.15935251116752625,0.2649606466293335,-0.03215506672859192,0.23531988263130188,
-0.20295730233192444,-0.09297120571136475,-0.1053900271654129,0.018984751775860786,
-0.11362209916114807,0.24754542112350464,-0.15338629484176636,0.1858900487422943,
-0.10565079748630524,0.17514029145240784,-0.015824632719159126,-0.21177245676517487,
0.3699868321418762,-1.6727741956710815,0.9734188318252563,1.2537391185760498,
-2.3394064903259277,-2.3540079593658447,-2.9096362590789795,-2.4220573902130127,
-2.4252593517303467,-2.502371311187744,-3.403585910797119,-3.4288997650146484,
-1.2400070428848267,-1.4395577907562256,-3.6072802543640137,-1.421378254890442,
0.15581874549388885,0.2094651609659195,0.07030278444290161,0.032125990837812424,
-0.1006711795926094,-0.16354715824127197,-0.08064918220043182,-0.4247463345527649,
-0.23639458417892456,0.035189706832170486,0.07522136718034744,0.22856971621513367,
-0.129169300198555,-0.20836350321769714,0.2421678602695465,0.18073303997516632,
-2.157212018966675,-1.4536969661712646,3.0562357902526855,4.80490255355835,
-3.3283262252807617,-2.431030511856079,3.3312721252441406,4.4515252113342285,
-2.297640800476074,-1.4455686807632446,1.6611747741699219,4.20431661605835,
-2.4399256706237793,-2.1676204204559326,2.202111005783081,3.735502243041992,
-0.11148156970739365,0.293118417263031,-0.10101906210184097,0.01069734524935484,
0.03437243029475212,0.26193130016326904,-0.021730363368988037,0.08810921013355255,
-0.09989336878061295,0.30316397547721863,0.15401007235050201,0.24302002787590027,
0.09939050674438477,0.01816919632256031,0.2640182673931122,-0.08765272796154022,
1.8030911684036255,2.529374599456787,4.675384998321533,3.947096824645996,
1.8130779266357422,2.4593207836151123,4.109735488891602,2.918504476547241,
2.020066976547241,1.5599850416183472,4.19959020614624,3.335519313812256,
1.0571199655532837,2.3610191345214844,3.07391095161438,1.5448071956634521,

pkj_actor,pkj_actor.weight
-0.07226826250553131
0.06699054688215256
-0.47652870416641235
0.7530173659324646
0.6687385439872742
-0.005621793679893017
-0.2941707372665405
1.266744613647461
-0.10057879239320755
0.1135898232460022
-0.007404834497720003
0.1598575860261917
-0.17475466430187225
-0.1351097971200943
-0.1954049915075302
0.09511397033929825
0.7120923399925232
-0.08033405989408493
1.296249508857727
-0.02555358037352562
0.33210378885269165
0.0684637725353241
0.6463645696640015
0.05462563410401344
0.06114010512828827
0.11989179998636246
-0.26341482996940613
-0.21485137939453125
0.221819669008255
-0.5941035747528076
-0.1309814751148224
-1.2115890979766846
-0.0260398481041193
0.10355670005083084
0.001418951665982604
0.024397622793912888
0.30788150429725647
-0.028567476198077202
0.017273657023906708
-0.061536796391010284
-0.02210729941725731
0.02992219105362892
-0.044141385704278946
-0.06468147784471512
-0.0392848439514637
0.06599845737218857
-0.014931571669876575
0.0800512507557869
1.9556769132614136
-0.21276362240314484
-0.06735458225011826
-1.5918679237365723
0.9355096817016602
-0.09660973399877548
0.027115944772958755
-0.8449145555496216
-0.09918078780174255
-0.32938095927238464
-0.13386738300323486
-0.2994326055049896
-1.027024269104004
-0.7581412196159363
-1.1433992385864258
-1.7841227054595947
0.012796109542250633
-0.012631423771381378
-0.04529755190014839
0.0008979645790532231
0.06468617916107178
0.025433026254177094
-0.005986075848340988
-0.055815063416957855
-0.06113675236701965
-0.021342923864722252
-0.0162093136459589
-0.019272712990641594
0.09535883367061615
0.04281816631555557
0.03258896619081497
0.03145085647702217
0.608167290687561
-0.01751798391342163
0.3491089344024658
-1.108896255493164
1.6732345819473267
-0.16236215829849243
-0.14565634727478027
0.010761178098618984
0.21824011206626892
-0.08600025624036789
-0.006566744297742844
-0.08477672189474106
-0.2024073451757431
-0.0948483794927597
-0.48935896158218384
-0.6886617541313171
-0.013173547573387623
-0.018915461376309395
-0.04920266568660736
0.008486112579703331
0.043693907558918
-0.04411779344081879
-0.00395782059058547
0.016181401908397675
0.09345401078462601
-0.02017899416387081
0.02713226154446602
-0.03162253275513649
-0.01700853742659092
0.018311049789190292
0.003488966031000018
0.07989995181560516
0.6540193557739258
0.0582704171538353
0.22314435243606567
-0.8298239707946777
0.914097011089325
0.04278559610247612
-0.1731773465871811
0.018080806359648705
0.07674695551395416
0.24128954112529755
-0.2857013940811157
0.5257206559181213
0.1468360424041748
-0.12519265711307526
-0.36220577359199524
-0.0751987099647522
0.26968520879745483
-0.03906870633363724
0.005104578100144863
0.05516337975859642
-0.030857140198349953
0.04783555120229721
0.0008023894624784589
0.03384708613157272
0.09784497320652008
0.017056001350283623
-0.06739220023155212
-0.0496998131275177
0.011903808452188969
0.02795778028666973
0.011592335999011993
-0.018475878983736038
0.33050599694252014
-0.011549142189323902
-0.08273216336965561
-0.017891203984618187
0.06357283890247345
-0.0028433604165911674
-0.01740560308098793
0.02660438045859337
-0.011178668588399887
0.040673088282346725
-0.02555123157799244
-0.03012078069150448
-0.04571225494146347
0.030006203800439835
-0.03681515157222748
0.0014105051523074508
-0.39097777009010315
-0.3502870798110962
-0.25761765241622925
-2.8539204597473145
0.738364577293396
-0.08860501646995544
-0.1213729977607727
-1.7896640300750732
0.0647241547703743
-0.07087082415819168
-0.4530526101589203
-0.09211340546607971
0.5790240168571472
0.022034045308828354
-0.5205475091934204
-0.6636461615562439
0.35914942622184753
-0.2751549780368805
-0.14946164190769196
-2.3292479515075684
0.051087770611047745
-0.12148506194353104
0.3396332263946533
-1.4771157503128052
-0.10113824158906937
-0.028621908277273178
-0.35847851634025574
-0.44270914793014526
0.3813726305961609
-0.5169646739959717
-0.4446432888507843
-0.7033470869064331
-0.20339074730873108
-0.5489599704742432
0.04418692737817764
-2.356379508972168
1.9149463176727295
-0.09576836228370667
-0.4358222186565399
-1.9352792501449585
-0.3839251399040222
-0.15821005403995514
-0.29731154441833496
-0.9164631962776184
0.14079611003398895
-0.12686927616596222
-0.775010883808136
-0.6715232729911804
-0.3299274146556854
-0.5564708709716797
-0.2810312509536743
-2.430912494659424
-0.1942121982574463
-0.23834706842899323
0.05820589140057564
-1.4394763708114624
0.0070104291662573814
-0.20633471012115479
-0.26428717374801636
-0.4058055281639099
0.21923550963401794
-0.3252558708190918
-0.47672757506370544
-1.2059823274612427
0.07782699912786484
-0.478865385055542
0.026057127863168716
-3.095914363861084
0.6766951680183411
-0.04032963886857033
-0.10663849860429764
-1.7883354425430298
0.1611495167016983
0.09219849854707718
-0.26025623083114624
-0.40558162331581116
-0.5223382711410522
-0.3874443471431732
-0.27213481068611145
-1.0754668712615967
0.6801064014434814
-0.05224553868174553
0.4306122660636902
-0.5591059923171997
0.894423246383667
0.021454716101288795
0.11992494016885757
0.2701735496520996
0.037241991609334946
0.2959892749786377
-0.24709254503250122
-0.10871920734643936
-0.12757088243961334
-0.09931322932243347
-0.34645456075668335
-0.6997491121292114
1.2677013874053955
-0.2802809476852417
-0.3337865471839905
-1.710159420967102
0.3494572043418884
-0.3088146150112152
-0.24122218787670135
-1.0976358652114868
-0.4527486264705658
-0.23848392069339752
-0.1351829171180725
-0.9043852090835571
-0.9776886701583862
-1.0483170747756958
-1.0312163829803467
-0.8452280163764954
0.0757283940911293
-0.1824864149093628
-0.08272376656532288
1.3377553224563599
0.8390883803367615
-0.07404982298612595
-0.12115145474672318
1.1284422874450684
0.055015929043293
0.09417976438999176
0.01861198991537094
0.08631552755832672
-0.17569422721862793
-0.16091285645961761
-0.17403948307037354
0.3296598196029663
0.003316059708595276
0.06795499473810196
0.003060743911191821
-0.06965383887290955
-0.006655386183410883
0.0595303475856781
-0.025251058861613274
0.0705987960100174
-6.638000922976062e-05
-0.007621964439749718
0.02719416469335556
-0.01977480947971344
0.03565602004528046
-0.0994248241186142
0.0136154405772686
0.020664796233177185
-0.00669028190895915
-0.04454044625163078
0.037272412329912186
-0.027474379166960716
-0.002868958981707692
0.020896166563034058
-0.03561452776193619
-0.006507726386189461
-0.07958944141864777
-0.11626514792442322
-0.10530432313680649
0.053175535053014755
-0.01563122309744358
-0.04927157238125801
-0.01187894120812416
0.044116660952568054
0.645250141620636
0.06960979104042053
0.2535669505596161
-0.39219459891319275
1.250241994857788
0.07652062922716141
0.1341269314289093
0.6911706328392029
0.12081107497215271
0.1942058801651001
-0.27777910232543945
0.03436032682657242
-0.2378048151731491
-0.2880733013153076
-0.48288628458976746
-0.7364543676376343
-0.41942745447158813
0.03226441890001297
0.29682907462120056
-1.6982808113098145
0.8850204348564148
-0.2193848192691803
-0.23225292563438416
-0.3361217975616455
0.4606364071369171
-0.033398162573575974
-0.1109371930360794
-0.25970062613487244
-0.7123541831970215
-0.6069949269294739
-0.3623933494091034
-1.3099942207336426
0.48621198534965515
0.008089130744338036
0.6808287501335144
-0.7765802145004272
0.0015398731920868158
-0.05850045382976532
0.6185702085494995
0.009152296930551529
0.38818541169166565
-0.017116572707891464
-0.18643251061439514
-0.019658323377370834
-0.1021559089422226
-0.3403560519218445
-0.25945064425468445
-0.6263603568077087
-0.7038658857345581
-0.25054624676704407
0.10960016399621964
-0.8144164085388184
1.73414146900177
-0.18413223326206207
-0.35657215118408203
-0.2138974964618683
-0.12591029703617096
0.06792791187763214
-0.060453180223703384
-0.36938712000846863
-0.5974536538124084
-0.47346460819244385
-0.320498526096344
-0.029746446758508682
-0.6457180976867676
-0.07606788724660873
0.06863141059875488
-1.7565349340438843
1.8108594417572021
-0.14446672797203064
-0.00456798542290926
-1.7135215997695923
0.11379092186689377
0.00972310546785593
-0.45374342799186707
-0.2106199860572815
-0.20918960869312286
0.1770356148481369
-0.5323296189308167
-0.3514759838581085
0.6924833059310913
-0.15177030861377716
0.36926814913749695
-0.7640799283981323
1.9469860792160034
-0.02513059414923191
-0.1523820459842682
-0.0024306303821504116
-0.2479211986064911
0.12447793781757355
0.018886951729655266
0.10171696543693542
-0.19133000075817108
-0.4342043697834015
-0.5209153890609741
-1.1010733842849731
1.1569108963012695
0.11749225854873657
0.31701967120170593
-0.6880790591239929
1.2420449256896973
-0.07118816673755646
-0.03325952589511871
0.36076033115386963
0.16983164846897125
0.24547843635082245
-0.11618832498788834
0.1587180197238922
-0.15795254707336426
-0.09716562181711197
-0.3338128626346588
-0.9308038353919983
1.7022371292114258
-0.24873429536819458
-0.14621257781982422
-0.9942474365234375
0.7414439916610718
0.06419914215803146
-0.10878514498472214
-0.17311373353004456
-0.5646205544471741
-0.049730490893125534
-0.0993507131934166
0.04387986660003662
-0.8330686092376709
0.04305426403880119
-1.0875959396362305
-1.3600670099258423
0.5745307207107544
-0.17454850673675537
0.15641061961650848
-1.4781575202941895
1.283838152885437
-0.05446254834532738
0.09037279337644577
-0.7319886684417725
0.5930025577545166
0.2291327863931656
-0.179056316614151
-0.0530463345348835
-0.2013266235589981
-0.03788740187883377
-0.5754270553588867
-0.9692690372467041
0.004067377187311649
0.020801933482289314
-0.030063770711421967
0.04150642827153206
-0.030047740787267685
-0.04459507390856743
0.021870603784918785
-0.07109244167804718
-0.08074334263801575
-0.018832698464393616
-0.017059562727808952
0.042725373059511185
0.05813414230942726
0.10287560522556305
-0.024807576090097427
-0.01623285561800003
-0.176110178232193
-0.5082080364227295
-0.3613845109939575
-2.5709972381591797
-0.2285533994436264
-0.3469829857349396
0.049025923013687134
-2.2062184810638428
-0.030204592272639275
-0.08774817734956741
-0.207297682762146
-0.4265185296535492
0.2506369650363922
-0.29238587617874146
-0.27508869767189026
-0.7634076476097107
0.4606180489063263
-0.07983819395303726
0.1778557002544403
-1.9162949323654175
1.0521581172943115
-0.06515015661716461
-0.20302951335906982
-1.220772624015808
0.41446539759635925
-0.06493804603815079
-0.5377438068389893
-0.24754762649536133
0.14282874763011932
0.06650229543447495
-0.5795102715492249
-0.5845338106155396
-0.05559247359633446
-0.14415138959884644
0.08395214378833771
-0.4439951479434967
0.1367458701133728
0.31943345069885254
-0.07027240842580795
-0.369464635848999
0.01696614921092987
-0.19134123623371124
0.11307436227798462
-0.09661322832107544
0.18791957199573517
0.12583890557289124
0.04324524849653244
-0.23324806988239288
-0.3523256778717041
-0.2358352392911911
-0.1947268843650818
0.31232139468193054
-0.36523592472076416
-0.10981040447950363
0.09936664253473282
0.1324220895767212
-0.49059951305389404
0.48964208364486694
0.0416489914059639
0.21193669736385345
-0.43980756402015686
0.12045922875404358
-0.23342761397361755
0.9906452894210815
-0.017886247485876083
-0.011594656854867935
-0.03738231956958771
-0.006689647678285837
-0.23784641921520233
0.01216598879545927
-0.05669889971613884
-0.03562511131167412
-0.024220334365963936
0.005885352846235037
-0.06558907777070999
-0.040655095130205154
0.0361066497862339
0.03796902671456337
0.014995366334915161
0.041042424738407135
0.6913245916366577
0.5864679217338562
0.04531053453683853
0.867243766784668
0.3615197241306305
-0.4686383903026581
-0.23979265987873077
0.9980636835098267
-0.2979015111923218
0.1677800863981247
0.4574502110481262
0.1588096022605896
-0.13167114555835724
0.47155097126960754
0.09140005707740784
1.4805926084518433
0.06727944314479828
0.02815665490925312
0.03617303445935249
0.021492723375558853
-0.02425813488662243
0.038220033049583435
-0.043236248195171356
0.020475246012210846
-0.04102710261940956
-0.03973544389009476
0.028425883501768112
-0.005070777609944344
0.01893896609544754
0.032869499176740646
-0.028498521074652672
-0.003175336169078946
0.032235994935035706
0.07713130861520767
0.24901588261127472
0.9850548505783081
-0.0815577432513237
-0.12488000094890594
0.055577654391527176
0.33702319860458374
-0.22250889241695404
-0.031132496893405914
0.20698556303977966
0.06134222447872162
-0.39006736874580383
0.17595729231834412
-0.0518144927918911
0.3501838147640228
0.02905920334160328
-0.0022645907010883093
0.07113244384527206
0.002424800070002675
-0.035741861909627914
0.01681717298924923
0.09192059934139252
0.015974733978509903
0.05215337872505188
0.006854460574686527
0.010018257424235344
-0.03662658855319023
0.04320197552442551
0.08748628199100494
0.038854651153087616
-0.008167743682861328
-0.5358307361602783
-0.04258386790752411
0.19790954887866974
0.4740612804889679
-0.4612434506416321
-0.04443208873271942
0.2740161120891571
0.5156756043434143
-0.2070779949426651
0.12764513492584229
0.20098166167736053
-0.41051551699638367
0.0796559676527977
0.11322042346000671
-0.18860189616680145
0.08237572014331818
-0.23828621208667755
-0.0018154672579839826
0.10934996604919434
0.004712397698312998
0.011778797022998333
-0.016058452427387238
-0.012633596546947956
-0.0076117804273962975
0.09291353821754456
0.02298866957426071
0.08086701482534409
0.009581620804965496
0.03487364947795868
0.010511534288525581
-0.01182861253619194
-0.07392563670873642
-0.3043953478336334
-0.00892686378210783
0.04092562943696976
-0.09658504277467728
-0.06151628866791725
0.05966027453541756
-0.0033659348264336586
-0.017551153898239136
-0.004292527213692665
-0.04822757467627525
0.02373228780925274
-0.016727520152926445
0.005554151721298695
-0.04453309252858162
-0.04397027939558029
0.022875607013702393
0.5841412544250488
0.38392531871795654
0.7243008613586426
1.5440360307693481
-0.17755472660064697
0.1234252080321312
0.16108782589435577
1.1400938034057617
-0.3221205472946167
-0.046371955424547195
0.39999452233314514
0.46626967191696167
-0.08586718142032623
0.26337316632270813
0.25722840428352356
0.5533562898635864
-0.014502407982945442
0.36125311255455017
0.5394356846809387
1.1762325763702393
-0.26903796195983887
-0.19074882566928864
0.2935691773891449
0.7969105243682861
-0.152150496840477
0.05433189123868942
0.3690001666545868
0.6234225034713745
-0.0004847536620218307
0.3152908980846405
-0.029634226113557816
0.6149210333824158
0.6050056219100952
0.598870575428009
0.3737333118915558
1.4044132232666016
1.0173488855361938
0.29824233055114746
0.129839688539505
1.4552682638168335
0.5549169182777405
-0.1421489715576172
0.2112090140581131
0.9107332229614258
-0.12458471208810806
0.4377865791320801
0.3744506537914276
0.6263291835784912
0.28163498640060425
0.4316575229167938
0.4427112340927124
1.0674123764038086
-0.13956816494464874
-0.05175541713833809
0.08382958918809891
0.7723939418792725
-0.14692731201648712
0.2003750503063202
0.42576906085014343
0.5559675693511963
-0.054233066737651825
0.10991509258747101
0.484415203332901
1.1023190021514893
0.3547697961330414
0.6866253018379211
0.2991669476032257
1.8107500076293945
0.8243231773376465
0.3629642426967621
0.057520054280757904
1.4018096923828125
0.3270171582698822
0.18372111022472382
0.14132879674434662
0.6819244027137756
0.013917372561991215
0.03063959628343582
0.2719045579433441
0.984362006187439
-0.48441991209983826
0.009160005487501621
0.07792147248983383
0.2696877717971802
-0.35587358474731445
-0.29021143913269043
0.17431282997131348
0.4861885607242584
-0.6025517582893372
0.020267236977815628
0.2438078671693802
0.1085871160030365
-0.010219047777354717
0.009008076041936874
-0.1037382259964943
0.24105028808116913
0.5658989548683167
1.2124042510986328
0.5516617298126221
1.3243776559829712
1.2657923698425293
0.2952708601951599
0.05951965972781181
1.133852481842041
0.7224607467651367
-0.4275357127189636
0.13821758329868317
0.9736555814743042
0.09811290353536606
0.8494210243225098
0.47172409296035767
0.45729655027389526
-0.07546395063400269
0.013386090286076069
-0.043995171785354614
-0.2680242359638214
-0.011968287639319897
0.06866006553173065
-0.029695581644773483
-0.4298133850097656
-0.05829029157757759
-0.18674981594085693
0.2754817605018616
-0.1565244495868683
0.35283035039901733
0.2392520010471344
-0.07836440950632095
-0.40277647972106934
-0.0016993222525343299
-0.03547225892543793
-0.013808047398924828
-0.054993048310279846
-0.02361740916967392
0.05741967633366585
-0.009324183687567711
0.019981032237410545
-0.005506116431206465
-0.02118052914738655
-0.039074186235666275
0.024038618430495262
-0.02638537809252739
-0.04541351646184921
0.07974294573068619
0.02195054292678833
-0.0024925386533141136
0.03699561953544617
0.03039558045566082
0.013317163102328777
-0.023405646905303
-0.03174242377281189
0.08043085038661957
0.032516371458768845
0.006775194779038429
-0.0530417300760746
-0.04203077405691147
0.06573285907506943
-0.010949070565402508
0.039462875574827194
-0.0648224726319313
-0.03176094964146614
0.08105732500553131
-0.06970100849866867
-0.0936073437333107
0.5617539286613464
-0.38738131523132324
-0.20411232113838196
0.02683950960636139
0.20201453566551208
-0.31673532724380493
-0.05174525827169418
0.47107741236686707
-0.0374031662940979
-0.28555411100387573
0.2206176370382309
0.024748843163251877
0.3855532705783844
0.38180601596832275
0.1499285250902176
0.30554550886154175
0.7854440212249756
0.21661795675754547
-0.07990843057632446
-0.3886476159095764
0.5193897485733032
0.013071393594145775
0.2892455458641052
0.20891031622886658
0.21646030247211456
0.17392730712890625
0.020787125453352928
0.15724149346351624
1.4582780599594116
-0.582467257976532
0.4771323502063751
0.2251417487859726
0.5505580902099609
-0.41918957233428955
-0.31620922684669495
0.08829033374786377
0.10257460922002792
-0.21484896540641785
0.45811930298805237
-0.0077508981339633465
0.08380348235368729
0.033532362431287766
-0.02762303687632084
-0.020283041521906853
0.5548253655433655
0.8870675563812256
0.18316955864429474
-0.020492903888225555
0.4084251821041107
0.30422714352607727
0.08129807561635971
-0.3386577069759369
0.37402182817459106
-0.10766062885522842
-0.1326064020395279
0.030139371752738953
0.39105117321014404
0.04827842116355896
0.16459590196609497
-0.06334250420331955
-0.07714442163705826
0.6349623203277588
0.3675846755504608
-0.11390266567468643
0.8576669692993164
-0.05162427946925163
0.03098662756383419
-0.11692750453948975
1.1676552295684814
-0.4312094748020172
-0.04719875007867813
0.020308148115873337
0.3207915127277374
-0.4835301339626312
0.2604255974292755
0.35743317008018494
0.2052645981311798
0.22661125659942627
0.12474729865789413
0.060001686215400696
0.7127343416213989
0.6829257607460022
0.1135411188006401
0.046175796538591385
0.45224279165267944
0.11351829767227173
-0.014276525005698204
-0.04614704102277756
0.10087860375642776
-0.08018022030591965
0.18048816919326782
0.05255218967795372
0.8815053105354309
-0.029205195605754852
0.09219470620155334
-0.3327966630458832
0.5516383051872253
-0.25631842017173767
-0.045864202082157135
0.03938131406903267
0.4104698896408081
-0.10858265310525894
-0.1196022480726242
0.32631373405456543
0.09756195545196533
-0.3688845932483673
0.11462361365556717
-0.10865696519613266
0.5546131730079651
0.2523658871650696
0.46350112557411194
0.13379110395908356
0.7633296847343445
0.27103209495544434
-0.3773089647293091
-0.12640395760536194
0.6033182740211487
-0.1443207561969757
-0.035732828080654144
-0.009304329752922058
0.1037793681025505
0.34728938341140747
-0.20634375512599945
0.3777403235435486
0.8975098133087158
0.4995831251144409
0.2047133445739746
0.10547434538602829
0.8848049640655518
-0.11708739399909973
-0.15728193521499634
0.09345192462205887
0.8504229784011841
-0.49512526392936707
-0.10203360766172409
0.11577592045068741
0.1361972987651825
-0.709952175617218
0.19038216769695282
-0.04048176109790802
0.662477970123291
-0.02078828401863575
-0.023369506001472473
0.02981959842145443
0.013507266528904438
-0.0020385237876325846
0.03034398891031742
-0.03918463736772537
-0.060503046959638596
0.03788285329937935
0.033363811671733856
-0.05164656788110733
0.046158794313669205
-0.004048458766192198
-0.0018548275111243129
-0.01922139711678028
0.017016654834151268
0.06960604339838028
0.332023561000824
0.37343674898147583
1.0707650184631348
-0.091847725212574
-0.16290836036205292
-0.010110937058925629
1.3548113107681274
-0.18216603994369507
0.13917522132396698
0.41038140654563904
0.5285281538963318
0.0018880395218729973
0.20444975793361664
0.09536878764629364
0.6425084471702576
0.10571213066577911
0.26503774523735046
0.3264787495136261
0.9986953139305115
-0.35825443267822266
-0.20484930276870728
0.3337230980396271
0.661284327507019
-0.2529657781124115
-0.05420196056365967
0.5181116461753845
0.43778669834136963
-0.2095395028591156
0.32319775223731995
0.07529814541339874
0.2014709860086441
0.03204841911792755
-0.1703166514635086
0.1533416360616684
-0.4600718915462494
0.11392588913440704
0.20987050235271454
0.0006381149869412184
-0.3405357003211975
-0.05400840938091278
-0.1851172149181366
-0.05224110931158066
-0.19112375378608704
0.18125760555267334
0.1073550432920456
0.014271967113018036
-0.24753600358963013
-0.3962225019931793
-0.15410366654396057
-0.3264710307121277
0.15882621705532074
-0.2843949496746063
-0.2721092700958252
0.06221761181950569
0.1500435620546341
-0.37627217173576355
-0.15485437214374542
0.06133897230029106
0.14964327216148376
-0.4977468252182007
0.15234898030757904
0.19736774265766144
0.9505935311317444
0.007845014333724976
0.026998627930879593
-0.04456392303109169
0.05389878526329994
-0.2557218372821808
-0.15247201919555664
-0.005431716330349445
0.00020890231826342642
0.012481149286031723
-0.0209036897867918
0.027659587562084198
-0.0259921345859766
0.018577981740236282
0.04773867502808571
0.05991482734680176
0.045024629682302475
0.8000442981719971
0.04670507833361626
-0.08007213473320007
0.870734691619873
0.4957244098186493
-0.22725097835063934
-0.24022838473320007
0.9303165078163147
-0.02287965454161167
0.4683586657047272
0.15600503981113434
0.3443357050418854
0.675298810005188
1.401779055595398
1.205924153327942
1.8089299201965332
-0.046585481613874435
0.05744133144617081
-0.02008034475147724
-0.08911915123462677
0.017332421615719795
0.001879586256109178
0.015547714196145535
-0.01670573651790619
-0.01658870466053486
0.057479601353406906
0.04737643897533417
-0.12387625873088837
0.07191239297389984
0.029179709032177925
0.0011177759151905775
-0.006949682720005512
-0.07058455049991608
-0.17234982550144196
0.32281506061553955
0.891139030456543
0.06938619911670685
0.21334229409694672
-0.18472187221050262
0.3845328092575073
-0.049313683062791824
-0.15819759666919708
-0.06658187508583069
0.051687441766262054
0.19774937629699707
0.47922196984291077
0.45096227526664734
0.40242305397987366
-0.004128355532884598
0.0012612224090844393
-0.02670435607433319
-0.01574481464922428
8.90064548002556e-05
-0.017530452460050583
-0.008638073690235615
0.03044644370675087
0.01765322871506214
0.006432503927499056
0.012736340053379536
-0.0656735897064209
-0.04625989496707916
-0.022237718105316162
0.04728052765130997
0.0007988535217009485
-0.3908987045288086
-0.15351025760173798
0.3470478057861328
0.5534070134162903
-0.19076664745807648
-0.1727280616760254
0.0012251459993422031
0.46902790665626526
-0.12051505595445633
-0.23392899334430695
-0.08764863014221191
-0.357683002948761
0.11390361934900284
-0.016262389719486237
0.0528809018433094
0.1363999843597412
-0.20016364753246307
0.02364370785653591
0.04435525834560394
-0.08578035980463028
-0.059204135090112686
0.017206856980919838
0.027968764305114746
0.006229199934750795
-0.0318005308508873
-0.03941745683550835
-0.011914595030248165
0.04768878221511841
0.009438560344278812
0.022609250620007515
0.07399973273277283
-0.051604703068733215
-0.30767592787742615
-0.06451188772916794
0.035153117030858994
-0.03099803254008293
0.015017378143966198
-0.07495961338281631
0.022237377241253853
-0.032653722912073135
0.11991587281227112
-0.03824107348918915
0.0663628876209259
-0.004398738499730825
0.0048466892912983894
0.036509860306978226
0.06376253068447113
0.026673613116145134
0.2080303579568863
0.3464147746562958
0.6789676547050476
1.4781972169876099
-0.19569170475006104
-0.13409918546676636
0.0966641902923584
1.0380691289901733
0.15402570366859436
-0.06247371807694435
-0.0005255122669041157
0.4968433976173401
-0.4008137881755829
0.17123453319072723
0.4134640395641327
0.662493884563446
-0.012373696081340313
0.36320120096206665
0.5692477822303772
1.13722562789917
-0.25416088104248047
-0.11119136959314346
-0.028057144954800606
0.728786289691925
0.14262208342552185
-0.23063424229621887
0.38712814450263977
0.6787787079811096
-0.08952517807483673
0.43263328075408936
0.3150734603404999
0.7257376313209534
0.6681993007659912
0.5913466811180115
0.44348326325416565
1.6159260272979736
0.697323203086853
-0.0028777990955859423
0.01843137852847576
1.3555939197540283
0.8234437704086304
0.10208175331354141
0.16995353996753693
0.9069480299949646
0.3172391355037689
0.472076952457428
0.5768913626670837
0.6794729232788086
-0.04205876588821411
0.5684691667556763
0.46000590920448303
0.9939601421356201
-0.09557449817657471
-0.07402686774730682
-0.004240686073899269
0.7699358463287354
0.009476671926677227
-0.12132250517606735
0.23332294821739197
0.6252053380012512
-0.07141968607902527
0.3543969392776489
0.5134713649749756
1.1483616828918457
-0.09324291348457336
0.6998908519744873
0.41303491592407227
1.8929007053375244
0.9021588563919067
0.19119925796985626
0.05305130034685135
1.1243140697479248
0.48137956857681274
0.2705727219581604
0.1398332267999649
0.5105227828025818
0.3064884543418884
0.4869794547557831
0.24720115959644318
1.0142825841903687
-0.3868445158004761
0.012430715374648571
0.018573885783553123
0.28612637519836426
-0.08321832120418549
-0.2651982307434082
0.012488522566854954
0.4478012025356293
-0.5856931805610657
-0.4486425220966339
0.03808294236660004
0.12884078919887543
0.0735846534371376
0.18405643105506897
0.14335280656814575
0.5882490277290344
0.5846824049949646
0.5080423355102539
0.5019574165344238
1.0211434364318848
1.2540855407714844
0.5420673489570618
0.15336862206459045
0.9023407697677612
0.6421428918838501
0.1964440643787384
-0.012040606699883938
0.8779087662696838
0.7193996906280518
1.3650553226470947
1.2021116018295288
0.8294674754142761
-0.03576573356986046
-0.022329702973365784
-0.049974240362644196
-0.27803659439086914
0.026716435328125954
0.020033087581396103
0.024884464219212532
-0.5474449992179871
-0.02791433408856392
-0.1993233859539032
-0.0502614788711071
-0.12272245436906815
0.08039296418428421
-0.08759449422359467
0.033694203943014145
-0.4055028259754181
0.0002515359956305474
-0.09355595707893372
-0.008901235647499561
-0.033499907702207565
-0.12380135804414749
-0.03693448007106781
-0.016393637284636497
0.037069760262966156
0.04096341133117676
0.018000366166234016
0.0889749601483345
0.02790810912847519
-0.03323403373360634
-0.013356983661651611
-0.046170253306627274
-0.02436339296400547
-0.025135518983006477
0.029545893892645836
-0.05852396786212921
-0.07071840763092041
-0.028377056121826172
0.017710726708173752
0.008764534257352352
0.04871267452836037
0.006607836112380028
0.00962663535028696
-0.025854598730802536
-0.05970081314444542
0.037656910717487335
-0.06094464287161827
-0.002554550999775529
0.0348503477871418
0.09109979122877121
-0.26622775197029114
-0.22328923642635345
0.49005433917045593
-0.3373579680919647
-0.15695737302303314
-0.22476372122764587
0.1619567573070526
-0.2883211076259613
-0.3999478220939636
0.016464056447148323
0.05591590330004692
0.02784598432481289
0.38782745599746704
0.37193602323532104
0.6088171601295471
0.15530121326446533
-0.10026325285434723
0.14768198132514954
0.5857983231544495
0.28347456455230713
0.06324967741966248
-0.22331146895885468
0.47310110926628113
-0.1808551847934723
0.03491148352622986
0.10842685401439667
0.3694359064102173
0.47364434599876404
0.5210114121437073
0.0849054828286171
1.47734797000885
-0.3759841322898865
0.3035402297973633
0.33878982067108154
0.1272697150707245
-0.3101356327533722
-0.3256326913833618
-0.054867152124643326
0.14942122995853424
-0.4007126986980438
0.005154499784111977
0.009565879590809345
0.05724688246846199
-0.08379877358675003
0.1698533445596695
0.1615249067544937
0.5995173454284668
0.8731784224510193
-0.20851463079452515
-0.05920897424221039
0.27582037448883057
-0.01706116646528244
0.01722807250916958
-0.5037071704864502
0.419418066740036
0.02042175829410553
-0.22112473845481873
-0.05022289231419563
0.308155357837677
0.44845807552337646
0.37317168712615967
0.14186054468154907
0.026489386335015297
0.6287074089050293
0.3652072846889496
-0.09155000001192093
0.8538221716880798
-0.08298391103744507
-0.17390237748622894
-0.13583673536777496
1.1389790773391724
-0.16263289749622345
-0.05049710348248482
-0.06531598418951035
0.38268783688545227
-0.0647992342710495
-0.21916580200195312
0.32728350162506104
0.2954408526420593
0.07876564562320709
-0.04475685581564903
0.025959452614188194
0.5865722894668579
0.5210562944412231
-0.048368699848651886
0.14711682498455048
0.3741915225982666
0.29275789856910706
-0.06415959447622299
-0.21682731807231903
0.043742477893829346
0.3211492598056793
0.8164533972740173
0.41030389070510864
0.8996300101280212
0.02349025197327137
-0.13231246173381805
-0.23364382982254028
0.5080105662345886
-0.13336299359798431
-0.2617841362953186
-0.1949540078639984
0.213047057390213
-0.3093707859516144
-0.29246896505355835
-0.14405006170272827
-0.018575135618448257
0.2884712517261505
0.4745713770389557
0.4115794599056244
0.7020137906074524
0.25197818875312805
0.2070024460554123
0.17390429973602295
0.6341763734817505
0.15531106293201447
-0.3120163083076477
-0.0944160744547844
0.33265936374664307
0.10702134668827057
-0.11235739290714264
-0.33236855268478394
-0.01965183950960636
0.83490389585495
0.44284266233444214
1.0803899765014648
1.2035411596298218
0.2651243507862091
0.08922149986028671
0.06687868386507034
0.8686467409133911
0.021027730777859688
-0.12674565613269806
-0.24745449423789978
0.7152646780014038
-0.4492233991622925
-0.2772403359413147
-0.2184179425239563
0.1066829189658165
0.06423782557249069
0.17936857044696808
0.5041027069091797
0.746565580368042
-0.08111549913883209
0.07641095668077469
0.05724114552140236
-0.07390332967042923
0.014426997862756252
-0.03402835503220558
-0.026232538744807243
0.03767738118767738
-0.06921186298131943
-0.016923008486628532
0.04131738841533661
-0.07741663604974747
0.018608136102557182
0.0023283169139176607
0.008129249326884747
-0.03725491091609001
-0.050045352429151535
0.45012515783309937
0.42585599422454834
1.0259687900543213
-0.03073570877313614
-0.06440316140651703
0.03821985051035881
1.2976658344268799
0.03759997710585594
-0.08456958085298538
0.20805229246616364
0.6190560460090637
-0.008723219856619835
0.4315697252750397
0.10479997098445892
0.7093826532363892
0.31198325753211975
0.11841443926095963
0.33887404203414917
0.8910113573074341
-0.05500179901719093
-0.1855640709400177
0.0035100108943879604
0.6507452130317688
-0.11187023669481277
-0.21023598313331604
0.3763892948627472
0.31505540013313293
-0.18572644889354706
0.09925385564565659
0.3886845111846924
0.3135314881801605
-0.0005188572686165571
0.23423387110233307
-0.3410615921020508
0.7843864560127258
-0.1114107295870781
-0.34365975856781006
0.05025918409228325
0.9450522661209106
0.013690588064491749
0.31755274534225464
0.019703783094882965
0.26541632413864136
-0.2879946529865265
-0.06456848978996277
-0.11471470445394516
0.07359454035758972
0.12146436423063278
-0.04732484370470047
1.5273319482803345
0.5719434022903442
0.49627789855003357
0.43273091316223145
1.0864202976226807
0.42981526255607605
0.2861552834510803
-0.016777390614151955
-0.1365492194890976
0.13717007637023926
0.4554916322231293
-0.15062002837657928
0.19584612548351288
-0.07449723035097122
0.027529822662472725
-0.03212330490350723
0.0604790523648262
0.06095346808433533
0.09360158443450928
-0.054724305868148804
-0.06983381509780884
0.02460717409849167
-0.011656895279884338
0.0030665367376059294
0.04234251379966736
-0.0073912618681788445
0.015269347466528416
-0.0893167182803154
-0.017715688794851303
-0.015611827373504639
0.04104968160390854
-0.5424503087997437
0.2996554970741272
-0.5646311640739441
0.05808136612176895
0.5153915882110596
0.5635349154472351
0.04388253390789032
-0.008078773505985737
0.03855994716286659
-0.4981675148010254
-0.009639915078878403
-0.510975182056427
-1.1477373838424683
-0.1956321895122528
-0.6169751286506653
-0.03590064495801926
0.01028215978294611
-0.0015462376177310944
-0.01678246632218361
0.0923844650387764
0.03536563366651535
-0.059787098318338394
0.06303016096353531
0.06775929778814316
0.05755193158984184
0.03758307918906212
-0.10008986294269562
0.006372454576194286
0.03721564635634422
-0.04969014227390289
0.07930631935596466
0.042993366718292236
-0.24028955399990082
0.406400591135025
-0.21180003881454468
0.1418476700782776
0.0041394843719899654
0.32949039340019226
0.5235772132873535
-0.02101096883416176
0.3282563388347626
-0.33121708035469055
0.0061761364340782166
-0.07229837775230408
-0.20250193774700165
-0.07487346976995468
-0.0509256087243557
-0.009750706143677235
0.06271912157535553
0.026165233924984932
0.02078970894217491
-0.07086151838302612
0.12369350343942642
0.06687197834253311
-0.05097956210374832
-0.08332949876785278
-0.024255739524960518
0.06534625589847565
0.027918456122279167
-0.017115117982029915
0.012936350889503956
-0.014157435856759548
0.041860245168209076
0.19387532770633698
-0.20685257017612457
0.5069544911384583
-0.5564040541648865
0.08264538645744324
-0.020508121699094772
0.35085806250572205
0.6824033260345459
0.015900535508990288
0.41765567660331726
-0.23331381380558014
0.7434995174407959
-0.19881851971149445
-0.006643806118518114
0.019779546186327934
0.555058479309082
0.2263333946466446
-0.018683509901165962
-0.07834848016500473
-0.048130013048648834
0.044439125806093216
-0.0044479696080088615
0.02445168048143387
-0.054874442517757416
-0.035260044038295746
-0.015628745779395103
-0.007462501060217619
0.003455867525190115
0.01917099952697754
0.039804380387067795
-0.014370262622833252
0.10205919295549393
0.15524883568286896
0.06314980238676071
-0.06790854781866074
0.008390337228775024
0.05449071153998375
0.03291117027401924
0.11169696599245071
-0.10964810103178024
-0.04178756847977638
0.03473469614982605
-0.10625901073217392
0.03957541286945343
0.017338627949357033
0.04471295699477196
0.04821852967143059
-0.015585587359964848
-0.5486361980438232
-0.5216654539108276
0.3394763171672821
-1.8174617290496826
-0.0883939117193222
-0.617931604385376
0.3453286588191986
-0.39354535937309265
0.0840255469083786
0.28971627354621887
-0.5166348814964294
0.6371814012527466
0.5430609583854675
-0.0041455733589828014
0.07676693797111511
-0.0776069313287735
-0.16608476638793945
-0.8340387940406799
0.1972406804561615
-0.5188711881637573
0.1799982339143753
-0.415749192237854
0.750730037689209
-0.7197362184524536
0.2768414616584778
-0.08118383586406708
-0.22740305960178375
-0.010396868921816349
0.1418585181236267
-0.18540063500404358
-0.004838567227125168
0.054593492299318314
-0.2950894236564636
-0.6426787376403809
0.24676771461963654
-0.8359950184822083
-0.5233124494552612
-0.793370246887207
0.0017108464380726218
-0.9852259159088135
-0.6078284382820129
0.09805940091609955
-0.2582220733165741
-0.4017046093940735
0.04924972355365753
-0.09324914216995239
-0.20866338908672333
0.1183198019862175
-0.2686799466609955
-0.8627030253410339
0.47354671359062195
-1.6157889366149902
0.04133843630552292
-0.47908082604408264
0.6691387891769409
-1.0328068733215332
0.28159457445144653
-0.04472196102142334
-0.09082236886024475
-0.23492848873138428
0.12611915171146393
-0.015492559410631657
-0.03409640118479729
-1.0767605304718018
-0.3398352861404419
-0.7901741862297058
0.27898144721984863
-1.4778404235839844
-0.3409658968448639
-0.48478594422340393
0.32895588874816895
-0.6615651249885559
-0.05881144106388092
0.17302271723747253
0.046694353222846985
0.12499391287565231
-0.36600780487060547
-0.21019935607910156
-0.010435903444886208
0.12566442787647247
0.06539920717477798
-0.42794254422187805
0.7598771452903748
0.16437284648418427
0.2310955971479416
0.44948726892471313
0.7994654178619385
0.7489492893218994
0.655421793460846
0.36371007561683655
-0.3343729078769684
0.08450963348150253
-0.15744419395923615
0.08768767863512039
0.17031478881835938
0.25968343019485474
0.11043702065944672
-0.9425926804542542
-0.015608927235007286
-0.815133810043335
-0.33628883957862854
-0.28005385398864746
0.34831127524375916
-0.3701052665710449
-0.14683805406093597
-0.03719038516283035
-0.037591468542814255
-0.9013874530792236
-0.44420984387397766
-1.0326322317123413
-0.10043203830718994
-0.027271993458271027
0.09522659331560135
-0.20367003977298737
-0.02728465385735035
1.0117228031158447
-0.1769094616174698
-0.2425764948129654
0.02182590402662754
0.9003385305404663
-0.007142094895243645
0.247421532869339
0.13519814610481262
0.35977768898010254
-0.40081676840782166
-0.3374112844467163
-0.147523432970047
0.38210126757621765
0.03186419606208801
0.00514708086848259
-0.014457494020462036
-0.03691391274333
0.07449869811534882
0.04556506127119064
-0.015107518061995506
-0.028552593663334846
0.0375560037791729
-0.002987936604768038
-0.02212817594408989
0.02788909338414669
-0.001188157475553453
-0.0006091045797802508
-0.033376261591911316
0.07156074047088623
-0.0005201061139814556
0.04988633096218109
-0.022081999108195305
0.0005754715530201793
-0.01232560072094202
0.028188617900013924
0.11620455235242844
0.05854251608252525
-0.011383880861103535
0.016995985060930252
0.01496768370270729
-0.03189379349350929
-0.02930174581706524
0.040706612169742584
0.01737833395600319
0.039273589849472046
-0.1649608463048935
-0.15775945782661438
0.5088410377502441
-0.05588787421584129
0.29943132400512695
0.27073732018470764
0.5149784088134766
0.954372227191925
0.21722444891929626
0.42271512746810913
-0.3273680508136749
0.18357141315937042
0.004778695292770863
-0.3096981644630432
0.07835154235363007
0.15290512144565582
-0.2212560474872589
-0.5064221620559692
0.49515867233276367
-0.6665129661560059
0.25019705295562744
-0.12462063878774643
0.3006077706813812
0.19776146113872528
0.40455204248428345
0.2261977195739746
-0.15530851483345032
0.036954354494810104
-0.47574248909950256
-0.256492555141449
0.10520386695861816
-0.18426889181137085
0.08095431327819824
-0.615873396396637
1.0080796480178833
-0.05660363659262657
0.367666631937027
0.12463636696338654
0.9466872215270996
0.35215482115745544
0.6436344385147095
-0.17611242830753326
0.20997430384159088
0.0578707754611969
-0.0755947157740593
0.030582059174776077
0.11677853018045425
0.02989448979496956
-0.43722662329673767
-0.3523969054222107
0.17147430777549744
-0.1529533714056015
0.04487161710858345
-0.17987436056137085
0.23418352007865906
0.4026811718940735
0.2236618995666504
0.5688635110855103
-0.24062591791152954
0.04169761762022972
-0.31772753596305847
-0.44399186968803406
-0.008067119866609573
0.45342332124710083
-0.9192590117454529
-0.31794893741607666
0.11146949976682663
-0.7214235663414001
0.1601208746433258
0.038485217839479446
0.5972244739532471
-0.4070115387439728
0.16026444733142853
0.4201808273792267
-0.2265179306268692
0.45103415846824646
0.09654467552900314
0.4292595684528351
-0.1970360279083252
0.22900021076202393
-0.20701952278614044
-0.30157703161239624
0.5326576828956604
-0.15900661051273346
-0.3200279176235199
-0.05846639350056648
0.2680862545967102
0.3419172763824463
-0.5089622139930725
0.29828959703445435
-0.001985460752621293
0.2575756907463074
-0.18469937145709991
-0.4623047709465027
0.061320509761571884
0.17606253921985626
-0.0028034523129463196
-0.23186776041984558
0.5934720039367676
0.05864487960934639
0.056437671184539795
0.5152549743652344
0.35256585478782654
0.8469777703285217
0.12193980067968369
0.3158913254737854
-0.2896055579185486
0.13694705069065094
0.24695780873298645
-0.022011103108525276
0.019355533644557
-0.25484204292297363
0.29315316677093506
-0.2887359857559204
0.30253922939300537
-0.15989387035369873
0.30725520849227905
0.07948765158653259
0.3838415741920471
0.40527066588401794
-0.39431482553482056
0.4029211401939392
-0.17889666557312012
0.19286324083805084
-0.807693362236023
-0.4110799729824066
-0.22895218431949615
-0.32181572914123535
-0.019628867506980896
-0.4620201587677002
0.08609306812286377
-0.32015419006347656
-0.0761701762676239
0.29218295216560364
0.5847412943840027
0.13995324075222015
0.3026221990585327
0.5925272107124329
-0.26037338376045227
-0.021286945790052414
0.3115938603878021
0.07572930306196213
-0.11324494332075119
-0.23934996128082275
0.035399068146944046
0.026047594845294952
0.058324024081230164
0.0015798724489286542
-0.02140052616596222
-0.027854980900883675
0.004031006712466478
-0.039840031415224075
-0.0382755771279335
-0.023158513009548187
0.047901637852191925
0.016139227896928787
0.020515289157629013
0.023799026384949684
-0.04077965393662453
0.015623866580426693
-0.2632174491882324
-0.828317403793335
0.5371179580688477
-1.78240966796875
0.06925593316555023
-0.4561455547809601
0.5787017941474915
-1.7392778396606445
0.3297744691371918
-0.1865936666727066
-0.03901878371834755
-0.3724205493927002
0.16087956726551056
-0.13653136789798737
0.15361352264881134
-0.24181388318538666
-0.1099691390991211
-0.24403734505176544
0.41029807925224304
-0.6204222440719604
0.09968573600053787
0.164619579911232
0.22494299709796906
0.026775740087032318
0.15146633982658386
0.5813720226287842
-0.46437275409698486
0.5678734183311462
0.2700059711933136
0.2891567051410675
-0.0578804537653923
0.07508891075849533
0.019041042774915695
-0.11151541769504547
0.2669380307197571
-0.403677374124527
0.2523009181022644
0.07216576486825943
-0.05092204362154007
-0.26774612069129944
-0.05491917207837105
-0.12593665719032288
0.1400464028120041
-0.20767831802368164
0.15193060040473938
-0.027884677052497864
-0.066585011780262
-0.28312772512435913
-0.40240445733070374
-0.13675600290298462
-0.19957394897937775
0.08661209046840668
-0.23198765516281128
-0.13134388625621796
0.07731685787439346
0.10628987848758698
-0.4253332018852234
0.1346501260995865
0.09188364446163177
0.10809525102376938
-0.4847116768360138
0.3435552418231964
0.0320243276655674
0.58925461769104
-0.056760746985673904
-0.0033622526098042727
0.03066195547580719
-0.054998621344566345
-0.23321808874607086
-0.022204630076885223
-0.04934865981340408
-0.01522507332265377
0.06392954289913177
0.05481487140059471
-0.005775770638138056
-0.00979990977793932
0.04954097047448158
0.016510559245944023
0.03826545923948288
-0.027161212638020515
0.09892697632312775
-0.18123331665992737
0.15729857981204987
0.957123339176178
0.12594899535179138
-0.48026126623153687
-0.1387534737586975
0.8435523509979248
-0.24440069496631622
0.29107484221458435
0.28123241662979126
0.34362345933914185
0.6169232726097107
1.0314154624938965
0.9983732104301453
1.8656306266784668
0.034019049257040024
0.0348006933927536
0.001316912705078721
-0.07388947159051895
-0.02408752590417862
0.01846073567867279
-0.0041106026619672775
-0.015571827068924904
0.04098592698574066
-0.02977093681693077
-0.026720497757196426
-0.08488119393587112
-0.046518098562955856
-0.029686281457543373
-0.03099089302122593
-0.06781042367219925
-0.42579928040504456
-0.12733952701091766
-0.039973653852939606
0.8806549906730652
-0.18367908895015717
-0.07160595059394836
0.0115294698625803
0.4093111455440521
-0.1617249995470047
-0.19358760118484497
0.09275992959737778
0.06620695441961288
0.09018562734127045
0.28594738245010376
0.4455490708351135
0.4809081554412842
-0.013940413482487202
0.043680496513843536
-0.002453880151733756
-0.02914537489414215
-0.03199335187673569
-0.08556033670902252
0.04395509138703346
0.015646131709218025
0.010748693719506264
-0.06358183175325394
0.1130850613117218
0.027707211673259735
-0.03175763413310051
-0.02210225723683834
0.06379628926515579
-0.008122362196445465
-0.510928750038147
-0.040969155728816986
0.2892208695411682
0.4646264314651489
-0.023629242554306984
-0.01027753483504057
0.14968626201152802
0.4344106912612915
0.08330348134040833
-0.13194137811660767
0.1122824177145958
-0.5328510403633118
-0.09354091435670853
-0.012654281221330166
0.12130061537027359
-0.22349795699119568
-0.22887971997261047
0.07386719435453415
-0.04313413426280022
0.04955955594778061
-0.005505169741809368
0.03805986046791077
-0.054333947598934174
0.04961494728922844
0.0011478550732135773
-0.029359498992562294
0.05400044471025467
-0.00014296951121650636
0.0017566264141350985
0.0024212391581386328
0.0688352882862091
-0.0348396860063076
-0.2860211431980133
-0.009381037205457687
-0.02081208862364292
0.0024541860911995173
-0.03097861260175705
-0.03249102830886841
0.037904489785432816
-0.002955032279714942
-0.02637793868780136
-0.017697254195809364
-0.0052694519981741905
0.004960149992257357
0.02894749492406845
-0.005619795527309179
0.002702519064769149
-0.0038946187123656273
0.2329302728176117
0.40895333886146545
0.6673420071601868
1.4762903451919556
-0.5491417050361633
0.03082350082695484
0.17212659120559692
1.1286728382110596
-0.10101154446601868
-0.1761927455663681
0.4118582308292389
0.42411890625953674
-0.36633527278900146
0.03480144590139389
0.38050782680511475
0.2844960391521454
-0.24122558534145355
0.20473414659500122
0.5423489809036255
1.0885424613952637
-0.49794232845306396
-0.14366836845874786
0.23331211507320404
0.7942690253257751
-0.24705642461776733
-0.2919086813926697
0.42364197969436646
0.39197197556495667
-0.08325041830539703
0.45383381843566895
0.28725191950798035
0.323129802942276
-0.2646224796772003
0.18249641358852386
0.13092705607414246
1.5259870290756226
0.3104296922683716
-0.05908519774675369
0.24458643794059753
1.4904664754867554
0.2974857985973358
-0.10689333081245422
0.23823115229606628
0.8635942935943604
0.1174253448843956
0.2514607906341553
0.6364074349403381
0.4432598054409027
0.0205832626670599
0.5655137300491333
0.4497663974761963
0.9673260450363159
-0.10452701151371002
0.11996852606534958
0.15919579565525055
0.7109918594360352
-0.285356730222702
0.09989702701568604
0.34727799892425537
0.5782638192176819
-0.1288413554430008
0.40936926007270813
0.5247936248779297
0.8364062905311584
-0.45661094784736633
0.19536195695400238
0.19583478569984436
1.858660101890564
0.2054145634174347
0.16828526556491852
0.02617540769279003
1.2820149660110474
0.247099369764328
0.028958238661289215
0.06214220076799393
0.5022175312042236
0.3374716341495514
0.12183081358671188
0.2742540240287781
0.4942435324192047
-0.370632529258728
-0.2910766303539276
0.030661912634968758
0.2504889965057373
-0.18431627750396729
-0.2370074987411499
0.1532103568315506
0.38751503825187683
-0.5678995251655579
-0.2545752227306366
0.11754340678453445
0.2123260498046875
-0.08389601856470108
-0.017699886113405228
0.1789126694202423
0.3347516655921936
0.03708041459321976
0.018010182306170464
0.5200924277305603
1.2462888956069946
0.4965576231479645
0.12163480371236801
-0.10387822240591049
0.9654476046562195
0.3225206136703491
-0.1573462039232254
-0.05415233224630356
1.0938003063201904
0.6770428419113159
1.3031612634658813
1.261825442314148
0.7922228574752808
-0.06516401469707489
0.22367709875106812
0.14611397683620453
-0.20613805949687958
0.1837785243988037
0.07865556329488754
0.0561833456158638
-0.42416733503341675
-0.015922393649816513
-0.23090706765651703
0.09364939481019974
-0.17145173251628876
0.16652925312519073
0.10477612167596817
0.026493282988667488
-0.4433298110961914
-0.0451744869351387
-0.03136749565601349
0.005712120793759823
-0.09299390017986298
-0.07538598775863647
0.03640592470765114
0.007027989719063044
0.010062982328236103
-0.07141382247209549
0.07812865823507309
0.0017533707432448864
-0.050528913736343384
0.014588790014386177
-0.08367800712585449
-0.1052871122956276
0.01738893985748291
0.034660208970308304
-0.016370579600334167
-0.03962091729044914
-0.09282109141349792
-0.037499211728572845
-0.006257408298552036
-0.010475519113242626
-0.004525253549218178
0.003296861657872796
0.0024870557244867086
-0.011035537347197533
-0.02515898086130619
-0.054974641650915146
0.06806210428476334
0.010991374962031841
-0.038880132138729095
-0.372643381357193
-0.29500454664230347
-0.18428808450698853
0.5297917127609253
-0.2174900621175766
-0.11769746989011765
0.11625339835882187
0.15785910189151764
-0.2868732810020447
-0.29275649785995483
0.3555731177330017
0.1168694794178009
-0.11285179853439331
0.27795520424842834
0.4205332100391388
0.5414363741874695
-0.036280784755945206
-0.27783843874931335
0.045059069991111755
0.5648568272590637
0.05805499479174614
-0.13491451740264893
-0.18397708237171173
0.5147281885147095
-0.3005511164665222
0.07764890789985657
0.1214883029460907
0.23286227881908417
0.26357316970825195
0.6640714406967163
0.04423002898693085
0.7405836582183838
-0.5536821484565735
0.028557097539305687
0.37678685784339905
0.12530286610126495
-0.28062406182289124
-0.2879485785961151
0.04464810714125633
0.1656830906867981
-0.5029479265213013
0.22320330142974854
0.08470270037651062
-0.08746461570262909
-0.04060067981481552
0.18599161505699158
0.19886648654937744
0.20861929655075073
0.260507196187973
-0.2616316080093384
-0.1452130377292633
0.3318507969379425
-0.21226592361927032
-0.012259441427886486
-0.13725244998931885
0.4417295455932617
-0.14776469767093658
-0.2081960141658783
0.03150597959756851
0.27338194847106934
0.2517954707145691
0.2520532011985779
0.1584073156118393
-0.0792505294084549
0.7548304796218872
0.14228907227516174
-0.19531840085983276
0.862529456615448
-0.20785000920295715
-0.027870113030076027
-0.010322957299649715
1.0265065431594849
-0.26136916875839233
-0.05813584476709366
0.10357537120580673
0.3734111189842224
-0.14108861982822418
-0.2847912013530731
0.18215036392211914
0.08474703133106232
-0.4693973958492279
-0.08538172394037247
-0.10786561667919159
0.7281880974769592
0.2702461779117584
0.14945414662361145
0.31051525473594666
0.4039526581764221
0.11844781786203384
-0.11625992506742477
-0.12141603976488113
0.18219581246376038
0.11276095360517502
0.567598283290863
0.4074494242668152
0.7538541555404663
-0.09486313164234161
-0.244248628616333
-0.4991820156574249
0.5563377737998962
-0.22352060675621033
0.0521463118493557
-0.06757698953151703
0.29906192421913147
-0.1653519719839096
-0.2238651067018509
0.08427827060222626
0.06873796135187149
0.18021507561206818
0.2547535002231598
0.2662999927997589
0.7638577222824097
0.11134055256843567
-0.25583046674728394
0.10006876289844513
0.6133293509483337
-0.1096636950969696
-0.3468169569969177
-0.0006110126269049942
0.3932282030582428
0.10297784209251404
-0.13267424702644348
-0.11229503154754639
-0.0016162182437255979
0.7502303719520569
0.15293854475021362
1.1583478450775146
1.0627976655960083
-0.25864678621292114
-0.16611455380916595
-0.16285593807697296
0.9198444485664368
-0.06416518986225128
0.07932368665933609
0.054124828428030014
0.7271760702133179
-0.45491141080856323
-0.1928803026676178
0.1680906116962433
0.17860962450504303
0.08780403435230255
0.08709876239299774
0.4635375738143921
0.83489590883255
0.013356768526136875
0.03145575150847435
0.04877225682139397
0.030600840225815773
-0.015274910256266594
0.04701455682516098
-0.08337356895208359
-0.02490161918103695
0.015273754484951496
0.020483920350670815
0.0017016514902934432
-0.0513104610145092
0.009176243096590042
-0.029929358512163162
0.04397626221179962
-0.022523680701851845
-0.001831329776905477
0.3567958176136017
0.4190029203891754
1.0368261337280273
-0.17092029750347137
0.10618209093809128
0.03346582129597664
1.2502679824829102
-0.2908606231212616
-0.009585486724972725
0.3453419804573059
0.32334890961647034
-0.13868217170238495
0.46397945284843445
0.14472222328186035
0.4456469416618347
-0.0413878969848156
0.05618494004011154
0.26731589436531067
1.0380933284759521
-0.30143246054649353
-0.2637302577495575
0.09849784523248672
0.6697365045547485
-0.07681922614574432
-0.11691222339868546
0.5147813558578491
0.39859291911125183
-0.4275828003883362
-0.04946383833885193
0.41095513105392456
0.12593567371368408
0.04144851490855217
-0.18314027786254883
0.06581681221723557
-0.2914499044418335
0.24321039021015167
0.18443945050239563
-0.04198966175317764
-0.40334153175354004
0.013337049633264542
-0.27959173917770386
0.12249894440174103
-0.15110129117965698
0.22516125440597534
0.059257496148347855
-0.027076218277215958
-0.2618418335914612
-0.43168798089027405
-0.18161144852638245
-0.18854112923145294
0.19163216650485992
-0.3684538006782532
-0.19909243285655975
0.05166715756058693
0.17622050642967224
-0.2629019618034363
0.04198065400123596
0.03611990064382553
0.11355794221162796
-0.5465924143791199
0.29752323031425476
-0.16017651557922363
0.9454287886619568
-0.09469718486070633
-0.06968054175376892
0.0404430516064167
0.03978298231959343
-0.2720218598842621
0.07036915421485901
-0.05554194748401642
0.03140050545334816
0.028896063566207886
-0.10557437688112259
-0.04132678732275963
0.05503573268651962
0.01730683445930481
-0.017091931775212288
0.05071850121021271
0.01607874408364296
0.6904445290565491
-0.011199191212654114
0.06754504889249802
1.0555789470672607
0.44212284684181213
-0.2876954972743988
-0.23998074233531952
1.00606369972229
-0.31665435433387756
0.5007345676422119
0.3505934178829193
0.21500971913337708
0.6892868876457214
1.0441893339157104
0.8081592917442322
1.3928109407424927
-0.040367018431425095
-0.06941303610801697
0.04312288016080856
0.05011202394962311
0.014790619723498821
0.048772796988487244
-0.03721687197685242
0.02190144546329975
-0.03791669383645058
-0.07219652086496353
-0.0039033466018736362
-0.041055530309677124
0.1136978417634964
-0.08739155530929565
0.004057162441313267
-0.0005449106101877987
0.18591029942035675
-0.04199197143316269
0.21894660592079163
0.8276371359825134
0.2754323184490204
0.09318377822637558
-0.014933576807379723
0.533646821975708
-0.2549474537372589
-0.06822391599416733
0.011621803045272827
0.04720038175582886
0.10651423782110214
0.4235418438911438
0.1373913586139679
0.3871060609817505
0.0266994908452034
0.04196436330676079
-0.030421949923038483
0.010683957487344742
-0.019722260534763336
-0.02120005525648594
0.012406207621097565
-0.03351917862892151
-0.028761835768818855
0.08847898244857788
0.03928463160991669
-0.0028490484692156315
0.011601731181144714
0.04846363142132759
-0.007739292457699776
-0.048210009932518005
-0.4640607237815857
-0.2834235429763794
0.2718927562236786
0.5500919222831726
-0.20497767627239227
-0.1738668978214264
0.08923864364624023
0.4556005001068115
-0.18463866412639618
0.02310885116457939
0.17857640981674194
-0.3960827589035034
-0.04216398671269417
-0.11404630541801453
-0.24256707727909088
-0.017551245167851448
-0.19352105259895325
0.0012061838060617447
-0.0032947754953056574
0.01728408969938755
-0.014355202205479145
-0.022616297006607056
0.033543240278959274
-0.08331512659788132
0.03006940521299839
0.02094077132642269
0.06704654544591904
0.06559334695339203
0.03446906432509422
0.011675913818180561
0.09718618541955948
-0.047959666699171066
-0.2133980542421341
-0.004684382118284702
-0.0027614026330411434
-0.006159571930766106
-0.055907394737005234
-0.09586726129055023
-0.0008174935355782509
-0.020041221752762794
0.022862739861011505
-0.012299415655434132
0.07589808106422424
0.03320084139704704
0.07335515320301056
0.01698373444378376
0.016373194754123688
0.08534809947013855
0.3897422254085541
0.4046051800251007
0.6830179691314697
1.460331916809082
-0.3046087622642517
0.03394255042076111
0.176981583237648
1.213257074356079
-0.06274721771478653
-0.06506756693124771
0.3228772282600403
0.5647702217102051
-0.3112482726573944
0.02562403492629528
0.26062121987342834
0.6744765043258667
-0.020656008273363113
0.2850460410118103
0.73594069480896
1.1275445222854614
-0.2812460660934448
0.14642323553562164
0.18830974400043488
0.8334820866584778
-0.06774535030126572
-0.047450900077819824
0.3928258419036865
0.6738741993904114
-0.0391726978123188
0.521679699420929
0.21633335947990417
0.5580654740333557
0.7208704948425293
0.4580082297325134
0.27600395679473877
1.6340038776397705
0.6148666143417358
-0.018023613840341568
0.1826765537261963
1.3706495761871338
0.8557625412940979
-0.008847528137266636
0.23688100278377533
0.9383921027183533
0.22279182076454163
0.30959486961364746
0.46841248869895935
0.5982277393341064
0.03187365457415581
0.4201752543449402
0.35018590092658997
1.0414409637451172
-0.01957932487130165
-0.06036998704075813
0.15443016588687897
0.749707043170929
-0.0662723258137703
0.12062839418649673
0.30984845757484436
0.5210956931114197
-0.15180835127830505
0.414337158203125
0.5289549231529236
1.0531197786331177
-0.07645627111196518
0.5682941675186157
0.3369970917701721
1.9952431917190552
0.9169040322303772
0.20815521478652954
-0.059123583137989044
1.2650461196899414
0.36878615617752075
0.204260915517807
0.16738228499889374
0.6912702322006226
0.34693968296051025
0.41792240738868713
0.22072699666023254
0.9396427869796753
-0.28928616642951965
0.022965528070926666
-0.0014499215176329017
0.37020143866539
-0.14680297672748566
-0.30292364954948425
0.16553857922554016
0.5055815577507019
-0.4490000307559967
-0.37464240193367004
0.14325109124183655
0.18123656511306763
-0.061401356011629105
0.10862722992897034
0.048507001250982285
0.4111432135105133
0.632929801940918
0.6016420722007751
0.5115177035331726
1.2737512588500977
1.3301129341125488
0.2616405785083771
0.15888315439224243
1.1870290040969849
0.6103283762931824
0.08340175449848175
-0.00037863809848204255
0.879135251045227
0.65290367603302
1.4435430765151978
1.1379879713058472
0.4886418879032135
-0.06163059547543526
-0.028412410989403725
-0.1323903352022171
-0.3193668723106384
-0.05023716390132904
0.04636850953102112
0.005902554839849472
-0.5304936766624451
0.06185859814286232
-0.14345303177833557
0.15837834775447845
-0.1204172819852829
0.2169802337884903
0.05869422107934952
-0.05186650902032852
-0.3725360035896301
0.012499532662332058
-0.01561423484236002
-0.04524223878979683
-0.0002780327922664583
-0.11955706030130386
-0.08673935383558273
0.02696117013692856
-0.010811957530677319
-0.058503344655036926
0.0656915232539177
-0.014288071542978287
0.039418838918209076
0.04648612439632416
0.03333570063114166
0.0007236443925648928
0.03149639070034027
0.045057982206344604
0.06780439615249634
-0.02273257076740265
0.0370403490960598
0.004978948272764683
-0.02374289743602276
0.03871581703424454
-0.034690529108047485
-0.06891262531280518
-0.04824948310852051
-0.11357232928276062
0.03471711277961731
0.03664286807179451
0.02812260575592518
-0.03380995988845825
0.00386672536842525
0.3072913587093353
-0.2530551850795746
-0.10649285465478897
0.5920060276985168
-0.37310272455215454
-0.19477081298828125
-0.03318161144852638
0.2913355827331543
-0.2876657545566559
-0.22358036041259766
0.3314637839794159
0.15646757185459137
0.141977921128273
0.29632261395454407
0.07294655591249466
0.5421263575553894
0.23850411176681519
-0.13499431312084198
0.26596689224243164
0.6688693761825562
0.2679419219493866
0.122093565762043
-0.1812506914138794
0.5321936011314392
-0.37512385845184326
0.16989967226982117
0.12252511084079742
0.3503236174583435
0.29061806201934814
0.576841413974762
0.15197956562042236
1.480692982673645
-0.3524661064147949
0.059345778077840805
0.463108092546463
0.23043528199195862
-0.16675251722335815
-0.22732365131378174
-0.06131899356842041
0.1528947949409485
-0.3696981370449066
0.2207026183605194
0.11628900468349457
0.07041199505329132
-0.0581221729516983
0.15241661667823792
0.08908842504024506
0.5831699371337891
0.8327397108078003
-0.15456855297088623
-0.045913293957710266
0.49517738819122314
0.15140311419963837
0.03771348297595978
-0.5389509797096252
0.4983257055282593
-0.09421179443597794
-0.155344620347023
0.004761958960443735
0.37272199988365173
0.49205297231674194
0.34979015588760376
0.040893375873565674
-0.056071218103170395
0.6689096093177795
0.3804417848587036
-0.15863266587257385
0.871058464050293
-0.08791568130254745
-0.1701885163784027
-0.15078148245811462
1.1322100162506104
-0.23184733092784882
-0.011234057135879993
0.10518551617860794
0.38137951493263245
0.013332979753613472
-0.22971542179584503
0.1580834537744522
0.305256187915802
0.10212045907974243
-0.05757962167263031
-0.02355143427848816
0.7423191070556641
0.7760766744613647
-0.0352274551987648
0.23164615035057068
0.44433316588401794
0.1379493921995163
-0.03993242606520653
-0.17251750826835632
0.0196564719080925
0.1247280016541481
0.7801798582077026
0.033467259258031845
0.8532058000564575
0.07115136086940765
-0.19794760644435883
-0.398406445980072
0.6714092493057251
-0.14764529466629028
-0.2570458650588989
-0.08293748646974564
0.16976773738861084
-0.3965577185153961
-0.12189091742038727
0.18337397277355194
0.030328109860420227
0.17164257168769836
0.31123608350753784
0.10156121104955673
0.6369984745979309
0.35015255212783813
0.2914912700653076
0.20825569331645966
0.7092559337615967
0.3324316442012787
-0.2250942587852478
0.023817267268896103
0.5483810305595398
0.15155094861984253
0.07755787670612335
-0.14403671026229858
0.038836076855659485
0.7607100605964661
0.14500457048416138
1.01511812210083
0.8036434054374695
0.5494799017906189
0.09241440892219543
0.07077877968549728
0.8823404312133789
-0.019014785066246986
-0.12348794937133789
-0.11828978359699249
0.7136873602867126
-0.6221369504928589
-0.12183405458927155
0.0960395336151123
0.12271922081708908
0.05512552708387375
0.10967812687158585
0.07916602492332458
0.8043744564056396
0.020779969170689583
0.0200172308832407
0.026747707277536392
-0.07866781949996948
-0.03562133386731148
-0.03227473422884941
-0.009769200347363949
-0.060221049934625626
-0.0008511701598763466
-0.051431167870759964
0.026007866486907005
-0.0015926354099065065
-0.05959829315543175
0.0007104508113116026
0.008483005687594414
0.019983556121587753
-0.04398711025714874
0.38026127219200134
0.5922786593437195
1.092075228691101
-0.00785472895950079
-0.04725467041134834
0.055255357176065445
1.3396824598312378
-0.04562436789274216
0.006393120624125004
0.36685019731521606
0.6181262135505676
-0.0844179093837738
0.4588474929332733
0.04111965000629425
0.7767616510391235
0.23549966514110565
0.07977722585201263
0.3665027618408203
1.0152373313903809
-0.17316530644893646
-0.24484038352966309
0.10059598833322525
0.7483795881271362
-0.037143345922231674
-0.17649337649345398
0.611176073551178
0.41690897941589355
-0.27568840980529785
0.014074714854359627
0.036159735172986984
0.2854096591472626
-0.010262739844620228
-0.25359925627708435
0.3785422146320343
-0.3854104280471802
0.13250000774860382
0.09680347144603729
0.10271419584751129
-0.47903329133987427
-0.0062054963782429695
-0.24410448968410492
-0.1669539213180542
-0.060006093233823776
0.17262311279773712
0.3341088891029358
-0.09439652413129807
-0.07031115889549255
-0.02786167711019516
0.06734472513198853
0.45074906945228577
-0.8436169624328613
0.0806170329451561
-0.31657490134239197
0.5703944563865662
-0.6189164519309998
-0.4509170651435852
0.08122182637453079
0.20627287030220032
-0.22896647453308105
0.12253758311271667
0.4433545470237732
-0.1564234048128128
0.46891629695892334
-0.018130525946617126
0.05608902499079704
-0.004168358165770769
0.07866337895393372
0.10223805904388428
0.04062208905816078
0.10894792526960373
0.0455392487347126
-0.045974452048540115
-0.006424630526453257
0.009653864428400993
-0.0013920384226366878
-0.063832588493824
-0.03080480732023716
-0.09132624417543411
0.0047418116591870785
0.08915020525455475
-0.18648965656757355
0.3057180941104889
-1.1294670104980469
0.027445383369922638
-0.31861233711242676
0.14736203849315643
-0.589479923248291
-0.09722103923559189
-0.3590944707393646
0.628767192363739
-0.09801904857158661
-0.57500159740448
0.06186439469456673
0.19790634512901306
0.6282945275306702
-0.02629360929131508
-0.031895533204078674
0.04945157468318939
0.036130234599113464
-0.03608767315745354
0.0390164852142334
-0.0070612248964607716
-0.027620824053883553
0.008035922423005104
0.013602868653833866
-0.031026920303702354
0.052179571241140366
0.024714788421988487
0.1159253790974617
-0.008985794149339199
0.003196815960109234
0.3007892072200775
-0.24550403654575348
0.24801792204380035
-1.0367640256881714
-0.1851758360862732
0.12543553113937378
0.06281230598688126
-0.8721466064453125
0.08440525084733963
-0.07123573124408722
-0.005045035388320684
0.017456820234656334
-0.16412854194641113
0.45222675800323486
-0.05700450763106346
0.1816372126340866
0.07578400522470474
-0.035590291023254395
0.006976352538913488
-0.027701888233423233
0.06601987779140472
-0.003248724387958646
-0.004793795291334391
0.016593066975474358
0.005199849605560303
0.0318988636136055
0.0633719190955162
0.028786975890398026
0.04204460605978966
0.07670483738183975
0.018574964255094528
-0.029117342084646225
0.152771458029747
-0.14198164641857147
0.5873004794120789
-1.4014828205108643
0.1623324453830719
-0.028015004470944405
0.2215263694524765
-1.1332650184631348
0.2499600052833557
-0.16554923355579376
0.3103385865688324
-0.2533949017524719
0.5610000491142273
0.18672560155391693
-0.010003275237977505
-0.05601412057876587
0.1339852511882782
0.017295828089118004
0.0404435396194458
-0.0015385083388537169
0.02075091004371643
0.043623581528663635
-0.056677427142858505
-0.030507542192935944
-0.026415275409817696
-0.04111349955201149
0.03423401340842247
0.004785335622727871
0.05627112463116646
0.005202361382544041
0.02336917072534561
0.01223062165081501
0.151104137301445
0.0037681632675230503
-0.058283623307943344
0.06633494794368744
-0.04146474599838257
0.032586123794317245
-0.0828031376004219
0.021151263266801834
-0.028466766700148582
0.042782433331012726
0.004413255490362644
0.03858146071434021
-0.0045741042122244835
-0.04372813180088997
0.013868238776922226
0.08606597781181335
0.4548848271369934
0.43117350339889526
0.5228765606880188
-1.1149241924285889
0.20204071700572968
-0.05884309485554695
0.11347992718219757
-1.3033148050308228
0.16150914132595062
-0.20015186071395874
0.22736521065235138
-0.37861698865890503
0.4423099458217621
0.39038151502609253
0.49146291613578796
-0.0015932242386043072
0.35138383507728577
0.262200266122818
0.36294010281562805
-1.2261419296264648
-0.18149693310260773
-0.16027051210403442
0.16225437819957733
-0.8393693566322327
-0.05493803694844246
0.1333536058664322
-0.10151468962430954
-0.313320130109787
0.3118218779563904
0.2769012153148651
-0.2936447560787201
0.21413542330265045
0.6314557194709778
0.5501385927200317
0.5973508954048157
-0.8027403950691223
-0.63056880235672
-0.2232828438282013
0.06921409070491791
-1.8067617416381836
-0.7537733316421509
-0.07952851057052612
0.13623353838920593
-0.5236077904701233
-0.11642197519540787
0.037658434361219406
0.6315630078315735
0.1502469927072525
0.26769956946372986
0.5403777360916138
0.7392989993095398
-0.9742541313171387
-0.3174792528152466
0.19419395923614502
-0.3221992552280426
-0.5218945145606995
0.014090389013290405
0.061928484588861465
-0.051507361233234406
-0.1584281027317047
0.2703477442264557
0.1505560576915741
-0.2767488956451416
0.9691528081893921
0.1460525095462799
0.8480336666107178
0.8008130788803101
-1.016780972480774
-0.22794890403747559
-0.6245601177215576
-0.300724059343338
-1.3568830490112305
-0.4364958107471466
-0.1664217710494995
0.1569257229566574
0.4201658368110657
-0.06869355589151382
-0.3703141212463379
0.4417310655117035
0.4692140817642212
-0.05143372714519501
-0.238010436296463
0.24687130749225616
-1.456334114074707
0.33463606238365173
-0.21165554225444794
0.3748054504394531
-0.2962340712547302
0.09489069879055023
-0.20713168382644653
0.2654586136341095
-0.1689828336238861
0.4116373360157013
0.6050859689712524
-0.15385428071022034
0.22565756738185883
-0.26124808192253113
0.10267553478479385
0.43447577953338623
-0.830764651298523
-0.6864671111106873
-0.834355354309082
-0.18167456984519958
-0.5368571877479553
-0.5808737277984619
-0.5153952836990356
0.38365650177001953
0.31099212169647217
-0.16254980862140656
-0.9401669502258301
0.5775353908538818
0.2726602554321289
0.07067184895277023
0.04329143092036247
0.4688159227371216
-0.017131382599473
0.4803832769393921
0.41522878408432007
0.1660839021205902
-0.24680811166763306
-0.0068611460737884045
-0.08623429387807846
-0.2161521464586258
-0.15022720396518707
0.3670973479747772
0.22253035008907318
0.03589845076203346
-0.3623526990413666
-0.013088918291032314
-0.04484081640839577
0.03979961946606636
-0.02188994735479355
0.1462727189064026
-0.016253557056188583
0.05586635693907738
-0.04436775669455528
0.012803963385522366
0.01825154758989811
0.008589768782258034
-0.012621700763702393
-0.0523562990128994
0.02547939121723175
0.04504934698343277
0.012579764239490032
-0.03079254738986492
-0.006469325162470341
-0.016477040946483612
-0.1161363497376442
-0.060195330530405045
-0.037859659641981125
-0.0014535551890730858
-0.009114711545407772
0.06104697659611702
-0.01942627876996994
-0.012611636891961098
0.06338907778263092
0.04555843025445938
0.002282121917232871
0.005555152893066406
-0.027814790606498718
-0.03821557015180588
-0.44700193405151367
0.05909736081957817
-1.2316724061965942
0.08857926726341248
-0.1911042332649231
0.1430097222328186
-0.2903476059436798
-0.2925126552581787
-0.10228147357702255
0.31052839756011963
-0.12438219040632248
0.07267335057258606
0.7222003936767578
-0.225068598985672
0.30448225140571594
-0.5908870697021484
-0.1936834454536438
0.41759735345840454
-0.6552411913871765
-0.2470456063747406
-0.3564474880695343
-0.27144578099250793
-0.6573604345321655
0.46244755387306213
0.23915685713291168
0.09147761017084122
-0.26591771841049194
-0.04960747808218002
-0.33017125725746155
-0.04693193733692169
0.9128686785697937
-0.20725539326667786
0.008787821978330612
0.7611991763114929
-1.338555932044983
-0.012342123314738274
-0.46575406193733215
0.3322373330593109
-0.6116800308227539
-0.08699020743370056
0.07561666518449783
0.02359764277935028
-0.22440819442272186
0.6391894221305847
0.07872103899717331
0.01197978388518095
0.4085204601287842
0.008267294615507126
-0.2590767741203308
0.17609046399593353
0.03637145087122917
-0.37748023867607117
-0.08101794868707657
-0.25503936409950256
-0.4605366587638855
-0.07056333124637604
-0.13438592851161957
0.09768174588680267
-0.23860640823841095
0.07646554708480835
-0.15033763647079468
0.3046550452709198
-0.20882153511047363
0.6416897177696228
0.45373013615608215
0.43875858187675476
-0.8652966022491455
0.16191402077674866
-0.1592818796634674
0.180589497089386
-1.234125018119812
-0.09998594969511032
-0.06962612271308899
-0.032171789556741714
-0.3529115915298462
-0.3368264436721802
0.47511404752731323
0.4884739816188812
-0.2799237072467804
-0.26402464509010315
0.3576536476612091
0.31705474853515625
-0.7268186807632446
-0.7474792003631592
-0.3085003197193146
0.12056458741426468
-0.4549058675765991
-0.16899169981479645
0.1381908506155014
-0.08489500731229782
0.10352136194705963
0.265940397977829
-0.23321719467639923
0.14237342774868011
0.32332590222358704
0.08687321841716766
-0.33612772822380066
-0.05770031362771988
-1.3145742416381836
0.0652097687125206
0.08659682422876358
0.21374882757663727
-0.339272141456604
0.121978260576725
0.0543387308716774
0.4218893051147461
0.12028725445270538
-0.16720445454120636
0.7053143978118896
-0.12986814975738525
0.04931807518005371
-0.0017241922905668616
0.22537901997566223
0.18312355875968933
-0.877311646938324
-0.10480310767889023
-0.32616835832595825
0.08550751954317093
-0.48494330048561096
-0.2987605035305023
-0.027638331055641174
0.08095020055770874
0.17989860475063324
0.14506961405277252
-0.19039498269557953
0.4093107283115387
0.4304584264755249
0.48095443844795227
-0.013649887405335903
-0.15370067954063416
-1.33672034740448
0.020587267354130745
-0.031176550313830376
0.2504827380180359
-0.9132314324378967
0.10921049863100052
0.0922788456082344
0.21099375188350677
-0.02501811645925045
-0.32223549485206604
0.6298248171806335
-0.06566466391086578
0.1568835824728012
0.020808393135666847
-0.023213332518935204
-0.00811189878731966
-0.005003863945603371
-0.01722695119678974
-0.029289770871400833
-0.02838197350502014
0.01441387552767992
-0.08046087622642517
-0.020876718685030937
-0.05188870057463646
0.006416612770408392
-0.08459747582674026
0.01794196106493473
0.07018709927797318
-0.08186636865139008
0.13895782828330994
0.4319090247154236
0.7562915086746216
-1.276655912399292
-0.24539987742900848
-0.049818962812423706
-0.20361053943634033
-1.4832340478897095
-0.03810139745473862
0.0453212633728981
-0.05713396891951561
-0.30742254853248596
0.23891204595565796
0.13608302175998688
-0.2862992286682129
0.4217120409011841
0.4517167806625366
0.13605818152427673
0.6446560621261597
-0.8097537755966187
0.2599125802516937
-0.28978604078292847
0.14693130552768707
-1.6962915658950806
-0.13484428822994232
-0.08356398344039917
0.4061277210712433
-0.3769005537033081
0.43830186128616333
0.45552587509155273
0.5242422223091125
0.1453554928302765
0.05637846887111664
0.19661390781402588
-0.30271679162979126
0.708102285861969
-0.3899941146373749
-0.2707761228084564
-0.09117085486650467
0.8530946373939514
0.03176620975136757
0.16767482459545135
0.02227594144642353
0.26488474011421204
-0.2736007571220398
-0.17788231372833252
-0.08659519255161285
0.02893773838877678
0.1450764685869217
-0.25045153498649597
1.6109715700149536
0.3080112338066101
0.21575427055358887
-0.06821288913488388
1.0936263799667358
0.03256644308567047
0.0737667977809906
0.2511132061481476
0.11497719585895538
-0.083594910800457
0.2699756920337677
-0.529093861579895
-0.1968439370393753
-1.3331663608551025
-0.00941856112331152
0.008416501805186272
0.001992220990359783
-0.051618725061416626
0.20405392348766327
0.03704458847641945
0.02067236416041851
-0.04071870073676109
-0.0641745999455452
0.010983936488628387
-0.12750335037708282
-0.05706613510847092
0.09503012150526047
0.021154208108782768
-0.10936982929706573
-0.04399361088871956
-1.0251576900482178
-0.7477703094482422
0.11399815231561661
-0.7725158333778381
-0.6806454658508301
-0.13544858992099762
0.17656566202640533
-0.16684271395206451
-0.42634519934654236
-0.3615509867668152
-0.26434269547462463
-0.07620835304260254
-1.2263842821121216
-1.0425726175308228
-1.1545023918151855
-2.285569429397583
-0.01901043765246868
-0.07762841880321503
-0.13333304226398468
-0.0025615643244236708
-0.09663647413253784
0.048544447869062424
-0.006856090389192104
0.006097804754972458
-0.019776364788413048
-0.00024470261996611953
0.05406475067138672
0.029907040297985077
-0.027560437098145485
0.04268087074160576
-0.015193241648375988
0.046726081520318985
-0.09747017920017242
-0.49027225375175476
0.4481274485588074
-0.3695608675479889
-0.3066204786300659
-0.09784156829118729
0.3753855228424072
0.4901800751686096
-0.0798497200012207
0.13930092751979828
-0.12568245828151703
0.3346470594406128
-0.34136971831321716
-0.26152491569519043
-0.28418612480163574
-0.5602819919586182
-0.03643326461315155
-0.015173927880823612
-0.03871597349643707
0.0258864127099514
0.06308916956186295
-0.05176083371043205
0.04607291519641876
0.04886455461382866
-0.012694344855844975
0.04649290069937706
-0.07803086936473846
0.02367904782295227
-0.057374414056539536
-0.04306608811020851
-0.01779666543006897
0.04275667294859886
0.16005778312683105
-0.28104302287101746
0.7249261140823364
-0.4429072141647339
-0.11872881650924683
-0.08166656643152237
0.4644823968410492
0.614875316619873
0.1656026393175125
0.34970083832740784
-0.034013424068689346
0.6086269617080688
-0.11032897979021072
0.055331725627183914
-0.01252111978828907
0.26404014229774475
0.17023782432079315
0.012132329866290092
0.03948812186717987
0.09061621874570847
0.025021087378263474
0.06905446946620941
-0.04212209954857826
-0.03855913504958153
7.90916383266449e-05
-0.0028848457150161266
-0.014878178015351295
-0.0060261874459683895
-0.009844357147812843
0.032297391444444656
0.007821249775588512
-0.04057658836245537
0.22394557297229767
-0.06369128078222275
0.005724272690713406
0.1179177537560463
-0.006750044412910938
0.025020107626914978
0.07353976368904114
0.015751780942082405
0.00598791241645813
-0.03562326356768608
-0.09446636587381363
-0.01817573606967926
0.05081027373671532
0.03004124015569687
0.007448289077728987
-0.06033822149038315
-0.5156352519989014
-0.7905910015106201
0.2861539125442505
-1.711959719657898
-0.2866191565990448
-0.5012333393096924
0.13698214292526245
-0.62896329164505
-0.32837194204330444
-0.03737613186240196
-0.2060508280992508
0.2747710943222046
0.47471287846565247
0.2769460678100586
-0.13910536468029022
-0.5047813057899475
-0.41030511260032654
-0.9614866375923157
0.13740520179271698
-1.0833395719528198
0.06608128547668457
-0.399535596370697
0.6015987992286682
-0.7453095316886902
-0.03682955726981163
0.15821708738803864
-0.03676021471619606
-0.32200106978416443
0.2845924198627472
-0.26493409276008606
-0.3680312931537628
-0.6431069374084473
-0.6502386331558228
-0.8202257752418518
0.22463113069534302
-1.0599665641784668
-1.2571247816085815
-0.4407319724559784
-0.20701847970485687
-1.1347112655639648
-1.0365545749664307
-0.18605351448059082
-0.48560523986816406
-0.40270304679870605
-0.08135154843330383
-0.0778772234916687
-0.365678608417511
-0.45285430550575256
-0.5459643006324768
-1.1062566041946411
0.27779799699783325
-2.3708629608154297
-0.25053223967552185
-0.39551427960395813
0.34433069825172424
-1.163666844367981
0.08992942422628403
-0.007512944284826517
0.11033428460359573
-0.2679004371166229
0.04476182535290718
-0.18605436384677887
-0.23403115570545197
-1.4365155696868896
-0.5335849523544312
-0.7918393611907959
0.20901556313037872
-1.5751549005508423
-0.7989506125450134
-0.5138453245162964
0.19763022661209106
-0.9086275696754456
-0.48754462599754333
-0.11885440349578857
-0.07415622472763062
-0.13180173933506012
-0.7445682883262634
-0.18353228271007538
-0.1109461784362793
-0.7663892507553101
-0.25649505853652954
-0.37289971113204956
0.7276328206062317
-0.11271253973245621
-0.1754308044910431
-0.019034480676054955
0.6299402713775635
0.9646331667900085
0.1975322812795639
0.324975848197937
-0.135750412940979
0.32619085907936096
-0.4787084758281708
-0.2198275774717331
-0.12395957112312317
-0.37811335921287537
-1.110058069229126
-0.7132432460784912
-0.05554869398474693
-1.1931991577148438
-1.431493878364563
-0.5527458786964417
-0.16413195431232452
-0.7513710260391235
-0.9125620126724243
-0.16444939374923706
-0.08553601056337357
-0.5399251580238342
-1.158558964729309
-1.2131379842758179
-0.8804275393486023
-0.7335652709007263
-0.0025768387131392956
-0.09983929246664047
-0.3412456512451172
0.9680613279342651
-0.37696999311447144
-0.10014859586954117
0.060974977910518646
0.9944701194763184
-0.010785947553813457
0.1459009200334549
0.18609528243541718
0.2072555124759674
-0.2910420596599579
-0.29256677627563477
-0.1742328703403473
0.283662348985672
0.04607730358839035
0.08123447000980377
-0.024607812985777855
0.04241974279284477
0.08851456642150879
0.0977708026766777
-0.05067882314324379
0.08445112407207489
0.010807396844029427
0.0172723401337862
-0.003076904686167836
-0.03456646576523781
0.09359811991453171
0.05629444867372513
0.0415114089846611
-0.058148764073848724
-0.062088798731565475
0.009919301606714725
-0.12766136229038239
0.010527052916586399
-0.03783875331282616
0.011433557607233524
0.08543711155653
-0.018957452848553658
-0.08378753066062927
-0.05690934509038925
0.010968998074531555
-0.012181851081550121
-0.0002015897916862741
0.043255843222141266
0.051217515021562576
-0.06412068754434586
-0.2727036774158478
-0.2817888557910919
0.7463870048522949
-0.08452151715755463
0.0821465253829956
-0.06181035935878754
0.4687291085720062
0.9869965314865112
0.1233508363366127
0.48459455370903015
0.01582200638949871
0.35809561610221863
-0.4395066201686859
-0.3542051613330841
-0.37201207876205444
-0.7863529920578003
-0.376049280166626
-0.4721551537513733
0.23108460009098053
-0.9095557928085327
-0.4563448131084442
-0.15504190325737
0.2736901640892029
0.12333348393440247
0.2745421826839447
0.20135225355625153
-0.09208228439092636
0.07006125897169113
-0.8074683547019958
-0.4935728907585144
-0.013506729155778885
-1.4745769500732422
0.00039218575693666935
-0.21538367867469788
1.1879956722259521
-0.4711498022079468
0.17327304184436798
-0.07442941516637802
1.027221441268921
0.397411048412323
0.4290924668312073
0.09343720972537994
0.3853081166744232
-0.24574267864227295
-0.12960973381996155
-0.21069814264774323
-0.4639284312725067
-0.8102589249610901
-0.7011182904243469
-0.3913964331150055
0.3647316098213196
-0.1316346377134323
-0.6722853779792786
-0.20524749159812927
0.20985497534275055
0.3466275930404663
-0.08696508407592773
0.06038770079612732
-0.13043814897537231
0.008223755285143852
-0.814088761806488
-0.5277824401855469
-0.392814040184021
-0.015432610176503658
-0.8254379034042358
-0.5696094036102295
0.3088012635707855
-0.8586354851722717
-0.126632958650589
-0.10491617023944855
0.4732566475868225
-0.7599406838417053
-0.3827785551548004
0.10474733263254166
-0.2737509310245514
0.1389658898115158
-0.21184316277503967
0.2456447333097458
-0.09014527499675751
-0.2637891471385956
-0.3619846701622009
-0.23533640801906586
0.6595386862754822
-0.03165062516927719
-0.7943893671035767
-0.3137745261192322
0.14353826642036438
0.4035117030143738
-0.5335728526115417
0.28265586495399475
0.05127665773034096
0.4955267608165741
-0.47073447704315186
-0.42848116159439087
-0.3989974856376648
-1.036344051361084
-0.734495222568512
-0.3019825220108032
0.6531574726104736
-0.062446534633636475
-0.0018556927097961307
-0.07674882560968399
0.44493409991264343
0.7831050753593445
-0.0007016814197413623
0.30833348631858826
-0.0689549371600151
0.45036014914512634
-0.3666059076786041
-0.41273969411849976
-0.41295766830444336
-0.9628461003303528
-0.847342312335968
-0.30151334404945374
0.1267203688621521
-0.414131760597229
-0.48113715648651123
-0.13303081691265106
0.3793613612651825
0.23232054710388184
-0.6479054093360901
0.15529410541057587
-0.15135475993156433
0.2445458173751831
-1.345673680305481
-0.320575475692749
-0.9040093421936035
-1.2941612005233765
-0.3466641902923584
-0.7054010033607483
0.23513861000537872
-0.406978964805603
-0.2454446405172348
-0.13667519390583038
0.4943697154521942
0.04716276377439499
-0.04130972921848297
0.22712400555610657
-0.022455785423517227
0.2865733504295349
-0.2691788077354431
-0.01695026457309723
-0.3053051233291626
-0.8618997931480408
-0.010895264334976673
0.10648565739393234
0.03246227651834488
-0.03509880229830742
0.035414911806583405
-0.01801188476383686
-0.020228708162903786
-0.014143852517008781
0.039339981973171234
0.0594400092959404
0.010649424046278
0.033578284084796906
0.003730903612449765
-0.04763977229595184
-0.07154115289449692
0.05593083053827286
-0.31859785318374634
-0.8779029250144958
0.317638099193573
-2.4711170196533203
-0.3310277760028839
-0.41535529494285583
0.23163312673568726
-1.865662693977356
-0.04994671046733856
0.038119275122880936
0.022644242271780968
-0.3260286748409271
0.0977950170636177
-0.11943826079368591
-0.15620049834251404
-0.8078941702842712
-0.42753151059150696
-0.5400214195251465
0.6442915797233582
-0.5547189116477966
-0.10005193203687668
-0.2161865383386612
0.19745564460754395
-0.13529706001281738
-0.27548131346702576
0.05794530361890793
-0.41889554262161255
0.24577686190605164
-0.08330424129962921
0.2909007668495178
-0.26450830698013306
-0.3966861963272095
-0.009235085919499397
0.30531638860702515
-0.5833638906478882
0.583838701248169
0.08904567360877991
-0.28268808126449585
0.07553785294294357
1.0985335111618042
0.001459658145904541
0.3073645830154419
-0.174809530377388
0.3559662401676178
-0.2499629408121109
-0.13794362545013428
0.10841362923383713
0.11653685569763184
0.36536920070648193
0.0397801473736763
0.2263209968805313
-0.04971889778971672
0.40650197863578796
0.1426316499710083
0.36159542202949524
0.3107796013355255
0.46581000089645386
-0.10225580632686615
-0.053554974496364594
-0.035871472209692
0.15572956204414368
-0.03742280229926109
0.03957444056868553
0.05503096804022789
-0.01597052626311779
0.03578558936715126
-0.025274688377976418
-0.016976112499833107
0.2912164032459259
-0.02147299237549305
0.03486953303217888
0.02507195621728897
-0.05861232057213783
0.02286701463162899
-0.012324048206210136
-0.06185806542634964
0.02096269093453884
-0.04867897182703018
0.010057537816464901
-0.03705548867583275
-0.014105097390711308
-0.2638362646102905
-0.002644891384989023
-0.9150192141532898
0.09186718612909317
0.40564849972724915
0.33913958072662354
-0.38221028447151184
0.29290178418159485
-0.12388608604669571
-0.4001588821411133
-0.08938425779342651
-0.04030066356062889
-1.2835029363632202
-0.19728703796863556
-0.10693801194429398
0.0724005326628685
-0.014622827991843224
0.0003370769554749131
0.02117064967751503
-0.003319735638797283
-0.0532965324819088
0.016229508444666862
0.008368228562176228
0.08895304799079895
-0.026407329365611076
0.024805817753076553
-0.00023788376711308956
0.004804171621799469
-0.0008952760836109519
0.0054944888688623905
-0.02834148146212101
0.15858881175518036
0.22258704900741577
-0.022094910964369774
-0.7634240984916687
-0.029072854667901993
-0.4389380216598511
0.1586955189704895
-0.05112285539507866
-0.006122796330600977
0.20836515724658966
-0.2790091633796692
0.15786419808864594
0.13251754641532898
-0.2860875129699707
-0.0736360251903534
-0.01997079886496067
-0.01855798065662384
-0.06740973889827728
-0.034322332590818405
-0.05362923443317413
-0.013311337679624557
0.0014121360145509243
0.06765953451395035
-0.03186003491282463
0.059412434697151184
-0.04486125335097313
-0.03740192577242851
-0.012672711163759232
-0.03313761577010155
-0.010836807079613209
-0.02481960505247116
-0.03546097129583359
0.3775845170021057
0.27124372124671936
-0.11788112670183182
-0.5560338497161865
-0.00144691311288625
-0.19395114481449127
-0.06297484040260315
-0.06133093684911728
0.09617940336465836
0.2694109380245209
-0.3695567846298218
0.554981529712677
-0.0886104479432106
0.17068742215633392
-0.023730063810944557
0.8856779336929321
0.11715328693389893
-0.03264952450990677
0.06253831833600998
-0.047789447009563446
0.052310168743133545
0.017347512766718864
0.04123109579086304
0.024004263803362846
-0.03130357712507248
-0.028696218505501747
-0.0422225184738636
-0.10243815928697586
0.03556884452700615
0.0064309765584766865
0.01960412599146366
0.046356622129678726
0.16686880588531494
0.031217634677886963
-0.021578343585133553
0.0244195107370615
0.03591645509004593
0.015462585724890232
-0.020869631320238113
0.003733905730769038
-0.05394597724080086
0.030712958425283432
-0.02801434136927128
-0.03857049345970154
0.0730452835559845
-0.015381138771772385
0.06848721206188202
-0.049317412078380585
-0.3653774559497833
-0.28585654497146606
-0.2893509864807129
-1.6654177904129028
0.15272444486618042
0.34196606278419495
0.025204582139849663
-1.2206902503967285
0.06441991776227951
0.2838327884674072
-0.5539694428443909
0.3384023904800415
0.3372418284416199
-0.12577171623706818
-0.061660993844270706
0.32969555258750916
0.2022516429424286
-0.32936474680900574
-0.5183942317962646
-1.2967698574066162
0.11912377923727036
0.11138767004013062
0.06852059066295624
-0.7977761030197144
0.23307520151138306
0.14357851445674896
-0.2692337930202484
0.060126643627882004
-0.21752138435840607
-0.09300225228071213
-0.2659839987754822
0.24192896485328674
-0.28332939743995667
-0.5103601813316345
0.07524596899747849
-1.5963060855865479
-0.5428209900856018
-0.5498741865158081
-0.5873795747756958
-1.3236324787139893
-0.6172459125518799
-0.005662326700985432
-0.2471863329410553
-0.2132248431444168
0.43907541036605835
-0.4612452983856201
-0.18216188251972198
0.22245270013809204
0.0020677351858466864
-0.3523375689983368
-0.1063612550497055
-1.2173889875411987
0.037005465477705
0.22552330791950226
0.20908324420452118
-0.589959442615509
0.015990575775504112
0.09025876969099045
-0.2482934445142746
0.12305192649364471
-0.17988061904907227
-0.02959800325334072
0.15622885525226593
-0.06476036459207535
0.0016947851981967688
-0.4208701550960541
0.06965427100658417
-1.9788002967834473
-0.44731074571609497
-0.3504864275455475
-0.052691563963890076
-1.1777958869934082
-0.40117016434669495
-0.023422155529260635
-0.11017126590013504
0.3932478725910187
-0.08387315273284912
-0.031477201730012894
-0.1174696683883667
0.05373286455869675
0.346201628446579
0.09901794046163559
0.22580371797084808
-0.421904981136322
0.033462971448898315
0.6081623435020447
0.1539744883775711
0.18576651811599731
0.7287312746047974
0.20213061571121216
-0.301923543214798
0.013699091970920563
-0.03943968191742897
0.07621226459741592
0.13030770421028137
0.11477845907211304
0.09087947010993958
-0.6681060194969177
-0.18970619142055511
-1.2925268411636353
-0.48633918166160583
-0.3922821879386902
0.1849469393491745
-0.8594268560409546
-0.20684802532196045
0.044772155582904816
0.03127796947956085
-0.5425914525985718
0.5190515518188477
-0.8213604092597961
-0.2777133584022522
0.2958957552909851
0.03244271129369736
0.0010599663946777582
-0.5153594017028809
1.0388685464859009
-0.03177562355995178
-0.2605348527431488
-0.09241708368062973
0.7252599596977234
0.016273658722639084
0.27826225757598877
-0.1722584366798401
0.2817942798137665
-0.22008393704891205
-0.32660436630249023
-0.04091533645987511
0.5293411016464233
-0.0194952841848135
-0.04593874514102936
-0.07860203832387924
0.02406960166990757
-0.063386470079422
0.02513596974313259
-0.0630665272474289
-0.047821562737226486
-0.0016434924909844995
-0.027327056974172592
-0.03550245612859726
0.07193140685558319
-0.0836101546883583
0.06906595826148987
0.03847963362932205
0.03894456848502159
-0.02616683579981327
0.011496155522763729
-0.02216658927500248
-0.05531703680753708
0.040095191448926926
0.017063170671463013
0.002975637558847666
0.04823226109147072
0.011716713197529316
-0.08626597374677658
-0.05892031267285347
-0.09169015288352966
0.019300658255815506
0.02715167962014675
0.12311623245477676
-0.07293037325143814
-0.004669407848268747
0.334242045879364
0.23940855264663696
-0.474244087934494
0.01570017635822296
0.3422929346561432
-0.07818887382745743
0.4810950458049774
0.4489370882511139
0.2658095359802246
-0.21420936286449432
-0.019577674567699432
0.07473478466272354
-0.2596065402030945
-0.08690354973077774
0.11290799081325531
0.15224306285381317
0.3176315724849701
-0.12065493315458298
-1.1537268161773682
0.04187748581171036
-0.10869860649108887
0.22150641679763794
-0.20151707530021667
0.1590668261051178
0.11515752971172333
-0.051892124116420746
-0.024253495037555695
0.30643144249916077
-0.3476371169090271
-0.07027801126241684
-0.10466589778661728
0.47740399837493896
-0.23335517942905426
0.29421064257621765
-0.4942256808280945
0.21867769956588745
0.26687729358673096
0.3067396879196167
0.2804569602012634
0.33598050475120544
-0.19456249475479126
0.008816477842628956
0.20363235473632812
-0.11610386520624161
0.10095961391925812
-0.04305244982242584
0.19234062731266022
-0.32251468300819397
0.06499949097633362
0.04594404995441437
-0.5263641476631165
-0.09524071961641312
-0.4852527976036072
0.2990732192993164
0.16098907589912415
0.15621814131736755
0.45286354422569275
-0.009844602085649967
0.014242100529372692
0.3906550705432892
-0.34048545360565186
0.051496461033821106
0.6975577473640442
-0.6990283727645874
-0.15735086798667908
0.0821128562092781
-1.2539660930633545
-0.0042445603758096695
0.0843709260225296
-0.134614959359169
-0.9319395422935486
0.33439216017723083
0.21883277595043182
-0.11141090095043182
0.501907467842102
0.20129656791687012
0.07500530034303665
0.011972128413617611
0.3410615622997284
-0.12862172722816467
-0.38435807824134827
0.2809084355831146
-0.6188863515853882
-0.29419195652008057
-0.1950128674507141
-0.321165531873703
0.005988795310258865
-0.16395370662212372
0.30488497018814087
-0.05373081937432289
0.059251878410577774
-0.14496682584285736
-0.29789286851882935
-0.1065894290804863
0.2569887638092041
0.06070328876376152
0.15281865000724792
0.5400199890136719
-0.624385416507721
-0.0038963770493865013
0.3275790512561798
-0.2289704531431198
0.3004489839076996
0.3181620240211487
0.12114120274782181
-0.27975672483444214
0.09462184458971024
0.23223665356636047
-0.33875903487205505
-0.15819469094276428
-0.04150451719760895
0.2168240249156952
-0.16790489852428436
-0.00721871480345726
-0.7290394902229309
0.19108319282531738
0.2043127566576004
0.2349914163351059
-0.29841068387031555
0.1282491683959961
0.2115762084722519
-0.0793486014008522
0.15754017233848572
0.2094927728176117
-0.40408143401145935
-0.14709235727787018
0.0315367728471756
-0.035979557782411575
0.04857273027300835
-0.16666068136692047
-1.030098795890808
-0.10396535694599152
0.013487542048096657
-0.02183016948401928
-0.22944359481334686
0.3925035297870636
0.304828405380249
-0.280100554227829
-0.06512460857629776
0.4090918004512787
-0.20742854475975037
-0.20505446195602417
-0.1969660520553589
0.027265196666121483
-0.0739695131778717
0.04249759763479233
0.054949697107076645
0.04349003732204437
0.006982461083680391
0.030063383281230927
0.014586922712624073
0.08138300478458405
0.0069532087072730064
0.03198537975549698
0.0025548753328621387
-0.055970754474401474
0.0233711339533329
-0.06059858947992325
0.037803664803504944
0.05693074315786362
-0.38522830605506897
-0.13251237571239471
-1.515235424041748
0.12643124163150787
0.2105901688337326
0.2746046781539917
-1.5331711769104004
0.08387516438961029
0.12628670036792755
-0.13884992897510529
-0.047996360808610916
-0.02132648229598999
-0.09729419648647308
-0.04476066306233406
0.11242131143808365
-0.07621775567531586
0.04257282614707947
-0.301533579826355
-1.2344614267349243
0.12934543192386627
0.31171250343322754
-0.3502785563468933
-0.37068796157836914
0.18681928515434265
0.37727341055870056
-0.5577091574668884
0.40396934747695923
0.21467816829681396
-0.16475562751293182
-0.08402141183614731
0.09878210723400116
0.015395643189549446
-0.2397398054599762
0.3628541827201843
-0.33856114745140076
-0.18001797795295715
0.263195663690567
0.030493980273604393
-0.3196747303009033
-0.018381470814347267
-0.18892717361450195
-0.03681715577840805
-0.274898886680603
0.23479284346103668
0.1014494001865387
0.062186069786548615
-0.07754837721586227
-0.3620646893978119
-0.14521639049053192
-0.8372521996498108
-0.30643588304519653
-0.46772652864456177
-0.2568225562572479
-0.3455547094345093
-0.2673336863517761
-0.3506709933280945
0.41217079758644104
0.2195102870464325
-0.058141835033893585
-0.3579293191432953
0.2524137496948242
-0.3451904356479645
0.8504024744033813
0.043013013899326324
0.06891598552465439
0.03155653178691864
-0.048917997628450394
-0.29400429129600525
-0.05970645323395729
-0.028034934774041176
-0.013814103789627552
-0.04507911950349808
-0.007733245380222797
0.05146055296063423
0.05303187668323517
-0.0552951954305172
0.03191772475838661
0.02018561400473118
0.010114587843418121
0.20279258489608765
0.13167373836040497
-1.2242778539657593
0.36314624547958374
-0.26561713218688965
-0.04005259647965431
-0.6294165849685669
-0.38755789399147034
-0.44824641942977905
0.5159619450569153
0.6531233191490173
-0.21359138190746307
0.341806560754776
0.8489529490470886
-0.1760198324918747
1.3340870141983032
-0.059630271047353745
0.04217592999339104
-0.02752649039030075
0.09102807939052582
-0.13878032565116882
0.014814460650086403
-0.013169554062187672
0.01940136030316353
-0.007528514135628939
0.041944313794374466
-0.05044440180063248
0.006854257546365261
-0.06694554537534714
-0.04220585897564888
-0.045820172876119614
0.059248752892017365
-0.1936187893152237
-0.0800858661532402
-0.5216390490531921
0.45765745639801025
-0.4112088084220886
0.1490936279296875
-0.4650272727012634
-0.14178475737571716
-0.2675652503967285
-0.13773678243160248
0.14628680050373077
-0.35925447940826416
-0.02142954058945179
0.1620502471923828
-0.06417521834373474
0.10892027616500854
-0.032065004110336304
0.04629408195614815
0.0020620119757950306
0.020137544721364975
-0.008420371450483799
0.024124465882778168
0.06804966181516647
0.06729498505592346
0.006288511678576469
0.026911458000540733
0.072921521961689
0.023882925510406494
-0.043705616146326065
0.11910510808229446
-0.06255371123552322
0.04546923190355301
-0.4533251225948334
0.008199222385883331
-0.5043341517448425
0.15124696493148804
-0.36964792013168335
-0.21759364008903503
-0.2608346939086914
-0.18349628150463104
-0.11238253861665726
-0.0174226276576519
0.15269412100315094
-0.6863281726837158
0.07476584613323212
-0.22099702060222626
-0.027184180915355682
-0.2811262905597687
-0.14875027537345886
-0.004161251243203878
-0.0006853961967863142
-0.01570148393511772
-0.042812950909137726
0.05685676261782646
0.1002771407365799
0.09568457305431366
0.06266229599714279
0.003825914580374956
0.008854585699737072
0.07674891501665115
0.02993069775402546
-0.005080052651464939
-0.0080253966152668
0.08992181718349457
-0.25937655568122864
-0.04139675572514534
0.07021739333868027
0.03661376237869263
-0.0657409057021141
-0.049434371292591095
0.04551474004983902
-0.032436709851026535
-0.039778582751750946
0.060601651668548584
-0.06315512955188751
-0.020883779972791672
-0.05306181684136391
0.025363938882946968
0.01473095640540123
-0.02571071870625019
0.34737932682037354
0.036060161888599396
0.2435169219970703
0.9321997165679932
-0.2296360582113266
-0.24008728563785553
-0.620769202709198
0.7894111275672913
-0.182462677359581
-0.030444324016571045
-0.15452344715595245
-0.5465035438537598
0.01151240523904562
0.0667852833867073
0.09440677613019943
0.14628201723098755
-0.055838365107774734
-0.2605067789554596
0.11889133602380753
0.6389472484588623
0.0333954282104969
-0.4057655930519104
-0.7180781364440918
0.7926505208015442
-0.2359733134508133
-0.04443751648068428
-0.03918839991092682
-0.21052716672420502
-0.030355576425790787
0.25754794478416443
-0.01605137065052986
0.3401241600513458
0.4562316834926605
0.4813239276409149
-0.16619524359703064
1.126365065574646
-0.18906009197235107
0.01969764567911625
-0.5987663269042969
0.5473359227180481
0.10339902341365814
-0.029265733435750008
0.24196544289588928
-0.646216869354248
-0.13806553184986115
0.33490878343582153
0.31525981426239014
0.18851734697818756
0.1987810879945755
0.035033322870731354
-0.04977939650416374
0.715333104133606
0.22884878516197205
-0.06392689794301987
-0.5895111560821533
0.4538630247116089
-0.2599235773086548
0.3326389789581299
-0.19064301252365112
0.04552855342626572
0.00917076226323843
0.1481272280216217
0.3929082453250885
0.7623314261436462
-0.23962441086769104
0.5097353458404541
-0.5123063921928406
1.3441314697265625
0.02491810731589794
0.030749978497624397
-0.7421869039535522
0.8609982132911682
-0.10320457816123962
0.1936327964067459
0.18146401643753052
-0.570098876953125
0.2829587161540985
0.20011480152606964
0.28172141313552856
0.6724461913108826
-0.6302273869514465
-0.18868671357631683
-0.42227092385292053
-0.16227902472019196
-0.30676406621932983
-0.18984466791152954
-0.5813465118408203
-0.5142781138420105
-0.6935162544250488
-0.3074938654899597
0.40361395478248596
-0.23526284098625183
-0.07260656356811523
0.09633924812078476
-0.24926206469535828
0.14643539488315582
-0.08359142392873764
0.5879536867141724
-0.5733233690261841
0.4808192253112793
0.2404777705669403
0.3649303913116455
-0.6684839725494385
-0.21495884656906128
-0.02442035637795925
0.005095743108540773
0.4596502184867859
0.02544037066400051
0.21270643174648285
1.328949213027954
0.29816174507141113
0.2882173955440521
0.021871991455554962
-0.022303877398371696
0.27592483162879944
-0.1744062602519989
-0.30107712745666504
0.22578279674053192
0.10810941457748413
-0.4415411353111267
-0.018930478021502495
-0.11052864044904709
0.0890522450208664
-0.1453053206205368
0.25206258893013
0.005980539135634899
0.22302278876304626
-0.5279291272163391
-0.03668682277202606
-0.023585939779877663
0.03056354448199272
-0.0943673625588417
-0.12380583584308624
0.050040509551763535
-0.018032221123576164
0.02710682339966297
0.009507089853286743
0.007241753861308098
-0.02758706361055374
0.033757079392671585
-0.012076095677912235
0.02015032432973385
-0.024242054671049118
0.052647773176431656
-0.0031208337750285864
0.03132914379239082
-0.02521473541855812
0.04295731335878372
-0.05596804618835449
0.031364161521196365
-0.005440038628876209
0.022142460569739342
0.01091645285487175
0.016766536980867386
0.05131613090634346
0.02315531298518181
0.001082313945516944
0.05977073311805725
-0.09452491998672485
0.005458395462483168
-0.27013006806373596
-0.3171899616718292
-0.7736649513244629
0.027127183973789215
-0.5709389448165894
-0.34197452664375305
-0.5294508337974548
-0.590467095375061
-0.2353483885526657
-0.19305874407291412
0.2340725064277649
-0.13470453023910522
-0.05322109907865524
0.06667109578847885
-0.20996053516864777
0.16090865433216095
0.11215417832136154
0.14282546937465668
-0.6855419278144836
0.5627612471580505
-0.30775731801986694
0.1581844687461853
-0.9621339440345764
-0.8050955533981323
-0.32249897718429565
0.12153906375169754
0.15917682647705078
-0.2009735107421875
0.10830413550138474
0.30351442098617554
0.0821785256266594
0.6633793711662292
-0.9093531370162964
0.08325741440057755
-0.4895682632923126
0.10179711878299713
-0.2823032736778259
-0.32884812355041504
-0.45899447798728943
-0.0734316036105156
-0.2564076781272888
0.0613812580704689
0.19681666791439056
-0.28149333596229553
-0.2172573208808899
0.01707036793231964
0.004319841507822275
0.18678633868694305
0.8576104640960693
0.1553512066602707
-0.7363757491111755
-0.09411163628101349
-0.7039209604263306
0.5379278659820557
-0.8711535334587097
-0.4513019621372223
0.010743535123765469
-0.08233523368835449
0.19577421247959137
-0.16807015240192413
0.08145436644554138
0.14836306869983673
0.09084464609622955
-0.34433111548423767
0.9433917999267578
0.2992906868457794
-0.7070602774620056
0.589716374874115
-0.5272946953773499
-0.3422281742095947
-1.0374553203582764
0.6930974125862122
-0.47070828080177307
-0.17331446707248688
-0.0224553681910038
-0.9099363684654236
0.04774724319577217
0.09072467684745789
0.47163790464401245
-0.08737817406654358
-0.39208969473838806
-0.017909670248627663
-0.9039338827133179
-0.055850934237241745
-0.2251954823732376
-0.20992636680603027
-0.3783336579799652
-0.6434549689292908
-0.48358944058418274
0.11410649865865707
0.10677813738584518
-0.18219511210918427
0.0506332702934742
0.26348426938056946
-0.22803641855716705
0.6375346183776855
-0.050832558423280716
0.09317969530820847
-0.839888870716095
0.08576016128063202
-0.5868294835090637
-0.27199772000312805
-0.6007108092308044
-0.5933511853218079
-0.2972060739994049
0.05006256699562073
0.38473382592201233
-0.32889068126678467
-0.25801995396614075
0.11777381598949432
-0.24242594838142395
0.402362585067749
-0.04910473898053169
0.3254838287830353
-0.8236475586891174
-0.0443902388215065
-0.4774816036224365
-0.5714289546012878
-0.5603030323982239
-0.6977250576019287
-0.16117817163467407
0.04517098143696785
0.28852036595344543
-0.22928893566131592
0.5877198576927185
-0.02462434396147728
-0.09747065603733063
0.570980429649353
0.2095746546983719
-0.00569237070158124
-0.523639976978302
0.43318235874176025
-0.41016170382499695
-0.33840489387512207
-0.5548020005226135
0.30307716131210327
-0.6435053944587708
-0.2855058014392853
0.32189032435417175
-0.31010544300079346
-0.17530858516693115
0.13394193351268768
-0.18231704831123352
0.46620118618011475
0.009474456310272217
-0.019618982449173927
-0.03487691283226013
0.02500571683049202
-0.0029253708198666573
0.0955432802438736
0.05329662933945656
0.008953372947871685
-0.03524894267320633
-0.03761545568704605
0.05802964046597481
0.03675409033894539
0.04961257055401802
0.006103325169533491
-0.009530611336231232
0.04256201535463333
0.06468020379543304
0.1514565497636795
0.13464027643203735
0.759649932384491
0.19462208449840546
-0.3291141092777252
-0.5048604011535645
1.2941370010375977
-0.20100785791873932
0.17064599692821503
-0.2434765100479126
-0.051950812339782715
0.08440891653299332
0.21462978422641754
0.05391831696033478
0.3900230824947357
0.07120537757873535
-0.1832723617553711
-0.3413395583629608
0.2512222230434418
-0.49303126335144043
-0.2812660038471222
-0.6419712901115417
0.37181442975997925
-0.18714967370033264
-0.17874126136302948
0.4669952988624573
-0.9802954196929932
-0.1341935098171234
-0.01565021649003029
0.11010085791349411
-0.06742578744888306
0.042570263147354126
-0.28262922167778015
0.4552582800388336
-0.6191452145576477
-0.02283577434718609
0.17897038161754608
-0.042707815766334534
-0.39356717467308044
-0.05335596948862076
-0.24466572701931
-0.09138818830251694
-0.244310200214386
0.16597293317317963
0.029880598187446594
-0.16590403020381927
-0.251507431268692
-0.4192107915878296
-0.03969638794660568
-0.7948728799819946
-0.913463830947876
-0.4386604130268097
-0.19402870535850525
-0.24974749982357025
-0.6009731888771057
-0.17788752913475037
0.12035579234361649
0.10461150854825974
-0.0012637708568945527
-0.4454807937145233
0.33176106214523315
0.017855877056717873
0.6386823058128357
-0.020188473165035248
0.015415683388710022
-0.062378332018852234
-0.007936136797070503
-0.2250862717628479
-0.05102387070655823
-0.04315292090177536
-0.026326119899749756
-0.010091808624565601
0.01938549429178238
0.010664127767086029
0.02620665729045868
0.06763313710689545
0.027804024517536163
0.03180257976055145
0.0147286681458354
0.16621550917625427
0.044895026832818985
-1.270617127418518
0.22314493358135223
0.09828777611255646
0.026649991050362587
-0.5350807309150696
-0.6279230117797852
-0.5845662951469421
0.3026154339313507
0.477075457572937
-0.1359187215566635
0.6535888910293579
1.3322746753692627
0.4743868112564087
1.5807909965515137
-0.006637705024331808
0.015047555789351463
0.019546307623386383
-0.011494924314320087
-0.01862824335694313
0.06696578860282898
0.037601538002491
0.08671803027391434
-0.08002076297998428
0.011066394858062267
-0.008342491462826729
-0.056615203619003296
-0.07974790036678314
-0.0895414724946022
-0.02925305813550949
-0.06763806939125061
-0.16736233234405518
-0.0811784490942955
-0.7871708273887634
-0.030053844675421715
-0.0816870927810669
0.30462178587913513
-0.37465566396713257
-0.26289358735084534
-0.17066161334514618
-0.17257097363471985
0.13328798115253448
-0.3008906841278076
-0.11569666862487793
0.257192999124527
0.21894565224647522
0.12442837655544281
-0.044127631932497025
0.0031545984093099833
-0.0004403329803608358
-0.01878446340560913
0.028599917888641357
0.0392378605902195
-0.0522301010787487
-0.03507275879383087
0.012869666330516338
-0.06722617894411087
-0.0005975140375085175
0.008264613337814808
0.06688790023326874
0.008902907371520996
0.02094595693051815
-0.031194522976875305
-0.661113440990448
0.08105326443910599
-0.8398483991622925
-0.10861861705780029
-0.308968722820282
-0.07280836999416351
-0.3938188850879669
-0.22188426554203033
-0.02376430109143257
-0.15926291048526764
0.0621824711561203
-0.5160359144210815
-0.021879907697439194
0.014416893944144249
-0.003501655999571085
-0.22015511989593506
-0.1300254613161087
-0.006084575317800045
-0.01019192859530449
-0.017111994326114655
-0.006277803331613541
-0.10938384383916855
0.023784182965755463
-0.0423373319208622
-0.02091093920171261
0.03818703442811966
0.012218412943184376
0.007095795590430498
-0.014251654967665672
0.020638862624764442
0.008157321251928806
0.026785798370838165
-0.3377399146556854
-0.023457426577806473
-0.04652819037437439
-0.02765139564871788
0.04354109615087509
-0.03102117031812668
0.007991690188646317
-0.0929662212729454
-0.010204804129898548
-0.004293765872716904
0.04067479446530342
-0.06150434911251068
0.020656365901231766
0.054237984120845795
0.002742274897173047
0.010520264506340027
0.30918198823928833
0.19641029834747314
-0.31428149342536926
0.4740636348724365
-0.2088555246591568
-0.19688402116298676
-0.9468103051185608
0.5208096504211426
-0.27342408895492554
-0.17481815814971924
-0.0703582689166069
-0.5957437753677368
-0.3129473328590393
-0.0813116803765297
0.2498738169670105
0.03085196763277054
-0.0897858515381813
-0.27030548453330994
-0.3557421565055847
0.33661991357803345
-0.07157514989376068
-0.469758540391922
-0.8825482130050659
0.4552210569381714
-0.2590877115726471
-0.165230393409729
-0.2636830806732178
-0.23879308998584747
-0.04816775396466255
0.1525653600692749
0.021831154823303223
0.42008665204048157
0.34938913583755493
0.4714081585407257
-0.5970624685287476
0.5178062319755554
0.17264574766159058
-0.07128410786390305
-0.510521411895752
0.23145228624343872
0.09269833564758301
-0.056833215057849884
0.22558720409870148
-0.47363176941871643
0.2078828066587448
0.24636682868003845
0.45304641127586365
0.34511470794677734
0.18240249156951904
0.2845640182495117
-0.42453470826148987
0.3544657826423645
0.16579581797122955
-0.3141961693763733
-0.9188714623451233
0.23730893433094025
-0.22987838089466095
0.19618283212184906
-0.2729755640029907
-0.22421707212924957
-0.08805093914270401
0.172135129570961
0.34687453508377075
0.7492066621780396
-0.27152693271636963
0.5907925963401794
-0.7134712934494019
0.8928191661834717
0.06787436455488205
0.05695823207497597
-0.7363262176513672
0.4648405909538269
0.1655370146036148
0.18825942277908325
0.14275260269641876
-0.5651290416717529
0.25283828377723694
0.10998044908046722
0.1358489990234375
0.5611045360565186
-0.6332508325576782
-0.15612956881523132
-0.929589569568634
-0.5418397188186646
-0.4190264642238617
-0.25004562735557556
-0.394353449344635
-0.3297266364097595
-0.4657630920410156
-0.23012450337409973
0.20050421357154846
-0.31778183579444885
0.10714654624462128
-0.11114312708377838
0.035719141364097595
0.11968158930540085
0.1506456881761551
0.501777172088623
-0.4683230519294739
-0.04875953495502472
0.5916932821273804
0.29121658205986023
-0.6839084625244141
-0.25277477502822876
0.11349967122077942
-0.006751879118382931
0.2852708697319031
-0.08172097057104111
0.6787155866622925
1.4306113719940186
0.6086581349372864
0.50279700756073
-0.09650885313749313
0.0032025256659835577
0.43808355927467346
-0.43920111656188965
-0.18106737732887268
0.2867109775543213
0.10118631273508072
-0.5476058125495911
0.0013660357799381018
-0.06401418149471283
0.07856479287147522
-0.2697000503540039
0.1945318579673767
0.09402937442064285
-0.12408991158008575
-0.6449708938598633
0.029441555961966515
0.02139502763748169
0.005771325901150703
0.05296491086483002
-0.11624108254909515
-0.07108058035373688
-0.04990793764591217
-0.08478348702192307
-0.037529490888118744
-0.02268027700483799
-0.023788589984178543
-0.015303326770663261
0.026403559371829033
-0.055356282740831375
-0.010843143798410892
0.043140958994627
-0.05477818474173546
0.017144687473773956
0.02757006324827671
-0.01416082214564085
0.030293425545096397
-0.008905320428311825
-0.05126265436410904
0.04832830652594566
0.0017925245920196176
0.0033076743129640818
-0.0035605591256171465
0.022252904251217842
-0.021473709493875504
-0.056299977004528046
0.0545167475938797
-0.014146236702799797
-0.22867146134376526
-0.28880515694618225
-0.7779033184051514
-0.3915852904319763
-0.5151762366294861
-0.28652071952819824
-0.3622702658176422
-0.6410773396492004
-0.05338548123836517
-0.2305397391319275
0.1727917492389679
-0.3617492914199829
0.04496496543288231
0.19506540894508362
0.21685709059238434
0.09354285895824432
0.09753061085939407
-0.005919080227613449
-0.6509218215942383
-0.006398625206202269
0.04278871417045593
0.24912819266319275
-0.8040358424186707
-0.8736453056335449
-0.4922213852405548
0.16778133809566498
0.10417791455984116
-0.414653480052948
0.09145402163267136
0.311308354139328
0.014826756902039051
0.6738198399543762
-0.819341242313385
0.12247134000062943
-0.3939829468727112
-0.2618279457092285
-0.3237954378128052
-0.43203505873680115
-0.4656141996383667
-0.575287938117981
-0.3559476435184479
0.0817343220114708
0.011917248368263245
-0.3364103138446808
-0.0006823550793342292
0.06167156621813774
0.15803827345371246
0.3189830183982849
0.4863928258419037
0.16503916680812836
-0.6849595308303833
-0.416335791349411
-0.24077384173870087
0.524957537651062
-0.806935727596283
-0.9538419842720032
0.015351886861026287
-0.3627375066280365
0.12698452174663544
-0.4108232855796814
0.36751246452331543
0.3404824435710907
0.06543638557195663
-0.3789598345756531
0.9656059741973877
0.3728189170360565
-0.8408025503158569
0.16514156758785248
-0.4309272766113281
-0.1958073377609253
-0.8608483672142029
0.24148985743522644
-0.49926963448524475
-0.1677882820367813
0.21616727113723755
-0.9481555223464966
-0.13276459276676178
-0.21851690113544464
0.39063093066215515
-0.05201791226863861
-0.3994944095611572
0.10224378108978271
-0.9661027193069458
-0.5939587950706482
-0.32826027274131775
-0.19350673258304596
-0.44152122735977173
-0.725925862789154
-0.15318983793258667
0.07539387792348862
-0.05318421497941017
-0.14558544754981995
0.19912472367286682
0.5039168000221252
0.1032254621386528
0.7605317234992981
0.07512171566486359
0.04345802590250969
-1.0743614435195923
-0.32019853591918945
-0.5312115550041199
-0.174752876162529
-0.36152684688568115
-0.5180026292800903
-0.32631421089172363
-0.018706968054175377
0.24037086963653564
-0.3363732099533081
-0.0005288255051709712
0.23392760753631592
0.23812764883041382
0.2978843152523041
0.26151591539382935
0.3493006229400635
-0.8941693902015686
-0.7709768414497375
-0.3484579622745514
-0.48356568813323975
-0.8741908669471741
-0.5653218626976013
-0.28820663690567017
-0.1653365194797516
0.14815297722816467
-0.20873601734638214
0.7228431701660156
0.2611428201198578
0.5698489546775818
0.8905412554740906
0.18204578757286072
0.08476213365793228
-0.7979353070259094
0.013123735785484314
-0.3356071412563324
-0.3047233521938324
-0.5058825016021729
-0.10142571479082108
-0.5292872786521912
-0.22067581117153168
0.3366735875606537
-0.39843979477882385
-0.07440923899412155
0.13555335998535156
0.25371310114860535
0.43538522720336914
0.05403207615017891
-0.0366891548037529
-0.03248019516468048
0.04468811675906181
0.07641993463039398
0.048885833472013474
-0.03536815568804741
0.12855321168899536
0.028709445148706436
-0.009325368329882622
-0.06807971000671387
0.013068756088614464
-0.08233055472373962
0.022992253303527832
0.03688238933682442
0.009216896258294582
0.08156054466962814
0.06970209628343582
-0.22564126551151276
0.4086447060108185
0.14816835522651672
-0.3551380932331085
-0.6308735013008118
1.0840345621109009
-0.28485655784606934
0.08167164772748947
-0.3582782447338104
-0.2904582619667053
-0.03447842597961426
0.1764942705631256
-0.08764904737472534
0.2689628005027771
0.07399295270442963
-0.026034869253635406
-0.465034544467926
-0.13583436608314514
-0.39532360434532166
-0.1656874269247055
-0.26684314012527466
0.17033341526985168
-0.1282821148633957
-0.2508659362792969
0.22128351032733917
-0.7998107075691223
-0.21537700295448303
0.026374977082014084
0.3250840902328491
-0.17646178603172302
0.018954765051603317
-0.16606716811656952
0.14466893672943115
-0.423335999250412
0.17938293516635895
0.33625325560569763
0.16873033344745636
-0.5258477330207825
0.06725656241178513
-0.0821269154548645
-0.16662082076072693
-0.11241128295660019
0.13176406919956207
0.055716224014759064
-0.07217028737068176
-0.24884672462940216
-0.4631017744541168
-0.054878704249858856
-0.17417050898075104
0.18487641215324402
-0.1269671618938446
-0.18397022783756256
0.06568896770477295
0.16656477749347687
-0.49840664863586426
0.13597093522548676
0.09461632370948792
0.14192302525043488
-0.5431610941886902
0.5638591051101685
0.09497112780809402
0.9311603307723999
-0.004851911682635546
0.022497868165373802
-0.02323678508400917
-0.01804223097860813
-0.2453942596912384
-0.04500104859471321
0.0984494760632515
0.014496667310595512
-0.08533072471618652
-0.004600678104907274
-0.05040547624230385
0.04467271268367767
-0.022015798836946487
-0.003294637193903327
-0.06836847215890884
0.020345989614725113
0.674261748790741
0.07795040309429169
-0.21403826773166656
0.9130102396011353
-0.06689520180225372
-0.3571319580078125
-0.3566266894340515
0.6314797401428223
-0.31953728199005127
-0.048266228288412094
0.2588632106781006
0.456341952085495
-0.07928075641393661
1.0471954345703125
1.1497141122817993
1.8765819072723389
-0.03986421972513199
0.0617557056248188
-0.006038254592567682
0.08941154181957245
-0.04492766410112381
-0.02175864577293396
0.019602203741669655
0.024826260283589363
0.031142402440309525
-0.010073130019009113
0.03254973888397217
-0.034421373158693314
-0.015437438152730465
-0.03936033323407173
-0.030141834169626236
0.028388941660523415
-0.3311781585216522
-0.11854881048202515
0.09506212919950485
0.9692634344100952
-0.08107783645391464
0.08065986633300781
-0.17280332744121552
0.38196343183517456
-0.1482677161693573
-0.26469886302948
-0.013325553387403488
0.12399788945913315
-0.3556777834892273
0.15828929841518402
0.4444352984428406
0.5458167791366577
0.049281045794487
0.03410990163683891
-0.03218730911612511
0.02584582008421421
0.04041850194334984
-0.03608246520161629
0.01922440342605114
-0.060702092945575714
0.033458441495895386
0.08146922290325165
-0.01479171123355627
-0.013093513436615467
-0.07404161989688873
0.03897629678249359
0.006529271602630615
-0.04512296989560127
-0.5485942363739014
-0.15791311860084534
0.19225473701953888
0.40689730644226074
-0.29681044816970825
-0.2522870600223541
-0.012341443449258804
0.24560371041297913
-0.10452613234519958
-0.26337820291519165
-0.04146893322467804
-0.32904481887817383
0.15012243390083313
0.14528702199459076
0.2632913887500763
0.07516294717788696
-0.1873631477355957
0.0381353460252285
0.06740986555814743
0.013805052265524864
-0.08924718201160431
-0.03755991533398628
0.07148531824350357
0.018752649426460266
0.018330756574869156
-0.005280655343085527
0.1160963624715805
0.04276607930660248
0.006184451747685671
-0.020713388919830322
0.08739186078310013
-0.0010660354746505618
-0.3737927973270416
0.002765536541119218
-0.0661703497171402
-0.0317167304456234
-0.11684771627187729
0.010650335811078548
0.05230608209967613
0.018990380689501762
-0.0021660570055246353
-0.006082515232264996
-0.06330062448978424
0.05111706629395485
-0.01348811574280262
4.293380334274843e-05
0.04258514195680618
-0.03334541991353035
0.23529668152332306
0.3715934753417969
0.7927007675170898
1.6320526599884033
-0.0018416416132822633
-0.12486917525529861
-0.023675333708524704
1.0887647867202759
-0.36116769909858704
-0.16311870515346527
0.16714529693126678
0.23717737197875977
-0.03543105721473694
0.06280898302793503
0.35976648330688477
0.47864723205566406
-0.12419670075178146
0.31204476952552795
0.3412818908691406
1.145735263824463
-0.22167040407657623
-0.12304803729057312
-0.12218248099088669
0.8008142113685608
-0.015955673530697823
-0.18763652443885803
0.1967448890209198
0.4897768497467041
-0.33110690116882324
0.5282729268074036
0.26960501074790955
0.722567617893219
0.05306849628686905
0.4748348295688629
0.15434221923351288
1.579648733139038
0.5755965709686279
-0.036644045263528824
-0.1645793616771698
1.3113058805465698
0.18339961767196655
-0.19718006253242493
0.15548032522201538
0.6885322332382202
-0.1257609874010086
0.2487724870443344
0.5354894995689392
0.7833002805709839
0.027642089873552322
0.5090951919555664
0.5036090016365051
0.8235575556755066
0.03683684393763542
-0.06194334104657173
0.10128356516361237
0.6203707456588745
-0.054588884115219116
-0.03230346366763115
0.03526536375284195
0.485795795917511
-0.19198498129844666
0.1778443604707718
0.5751744508743286
0.9869615435600281
-0.17871461808681488
0.5801911950111389
0.047623347491025925
1.9736683368682861
0.6218306422233582
0.23663048446178436
-0.16300798952579498
1.2879598140716553
0.34336209297180176
0.04042511805891991
0.02358517050743103
0.3337618112564087
-0.12209195643663406
0.23549991846084595
0.4340207278728485
0.9119184613227844
-0.517375111579895
-0.040358059108257294
0.1633823961019516
0.04713614657521248
-0.20815567672252655
-0.37006688117980957
0.04371931403875351
0.3257036805152893
-0.6036624908447266
-0.3233616054058075
0.12751348316669464
0.10604289919137955
-0.019548969343304634
0.19823703169822693
0.24856562912464142
0.5807479023933411
0.308248907327652
0.703761875629425
0.2924298644065857
1.101904034614563
0.895560085773468
0.4023512899875641
-0.2988526523113251
0.9906497597694397
0.484664648771286
-0.5167142152786255
0.07639561593532562
0.872329831123352
0.026730604469776154
1.160502552986145
1.2677572965621948
0.9181373715400696
-0.027612512931227684
-0.1381780207157135
-0.029630210250616074
-0.294158011674881
0.019327152520418167
0.13156425952911377
0.051721420139074326
-0.5782531499862671
0.017735585570335388
-0.1620774120092392
-0.07616526633501053
-0.1412826031446457
0.2235732227563858
0.029707057401537895
-0.03959980234503746
-0.433349609375
-0.05740596726536751
-0.02362072467803955
-0.012612549588084221
-0.06488629430532455
-0.09311849623918533
-0.02684677205979824
0.046567484736442566
0.03692493215203285
-0.08905454725027084
0.009445860981941223
0.052792761474847794
0.016055980697274208
0.0016432063421234488
-0.07357486337423325
-0.05212775990366936
-0.012686640955507755
0.049159809947013855
0.022276608273386955
-0.011000783182680607
-0.006372103001922369
-0.04890305548906326
0.035507556051015854
0.03783474490046501
-0.08714030683040619
-0.02001146599650383
0.000667728076223284
-0.053885430097579956
-0.024620365351438522
-0.0041701411828398705
0.016724441200494766
-0.05244356393814087
-0.07045599073171616
-0.03695742040872574
-0.3673151135444641
-0.2414054274559021
0.47650575637817383
-0.3536270558834076
-0.3081485331058502
-0.07450921833515167
0.12106266617774963
-0.20240885019302368
-0.43104368448257446
0.15900598466396332
0.08325223624706268
-0.28382810950279236
0.1994434893131256
0.4254155158996582
0.4726368486881256
0.22856055200099945
0.0010900673223659396
0.2576564848423004
0.5546839833259583
0.1159774661064148
0.04911152645945549
-0.34311750531196594
0.4218330383300781
-0.377339631319046
-0.10348895937204361
0.0535670667886734
0.2132372111082077
0.08971542119979858
0.435072124004364
0.12507806718349457
1.3726240396499634
-0.47510966658592224
0.10309857875108719
0.2698737382888794
0.1809951812028885
-0.2663693130016327
-0.33679789304733276
0.11191317439079285
0.01937415823340416
-0.13260877132415771
0.0733366459608078
0.17524246871471405
-0.07599373906850815
-0.030262254178524017
0.305751770734787
0.25403717160224915
0.5848828554153442
0.6083888411521912
-0.07186349481344223
-0.0628352165222168
0.310914009809494
-0.05003942549228668
0.04883689805865288
-0.29431048035621643
0.44656333327293396
0.12483018636703491
-0.3148839771747589
-0.0773671492934227
0.5118492841720581
0.2913505733013153
0.17579329013824463
0.21361905336380005
0.1293831616640091
0.559806764125824
0.2496904581785202
-0.14108489453792572
0.7571747303009033
-0.031556859612464905
-0.25111204385757446
-0.36935076117515564
1.1886006593704224
-0.5113301277160645
-0.1110864207148552
0.02244286797940731
0.09001249819993973
-0.4637082517147064
-0.0914079025387764
0.228272944688797
0.37969323992729187
-0.2225155532360077
0.09337165206670761
-0.1956525444984436
0.5294874906539917
0.5456106066703796
-0.19783206284046173
-0.013553342781960964
0.34563693404197693
-0.11735037714242935
-0.1966492384672165
-0.22618278861045837
0.043076515197753906
-0.18417824804782867
0.41196897625923157
0.4354970455169678
0.9039040803909302
-0.058498259633779526
-0.34101179242134094
-0.3379530608654022
0.3502856492996216
-0.23729552328586578
-0.145280122756958
-0.13734906911849976
0.3289361596107483
-0.16035975515842438
-0.2985175549983978
0.010093474760651588
0.0314485989511013
-0.2554362416267395
0.21025536954402924
0.320220947265625
0.7309456467628479
0.13859528303146362
0.30574727058410645
-0.22421832382678986
0.5733081102371216
-0.1318720579147339
-0.3647594153881073
-0.2743914723396301
0.29601991176605225
-0.22054453194141388
-0.21945084631443024
-0.15161606669425964
-0.10290511697530746
0.3674733340740204
-0.021234914660453796
1.0356473922729492
1.2123631238937378
0.05201360583305359
-0.18765416741371155
-0.01904996484518051
0.9135919213294983
-0.11074651777744293
-0.20727522671222687
-0.11508282274007797
0.6251285076141357
-0.5455812811851501
-0.3033713400363922
-0.025915035977959633
0.13586285710334778
-0.5690812468528748
0.06082099303603172
0.4976368844509125
0.7947521209716797
-0.005360923241823912
-0.03885588422417641
-0.017180388793349266
-0.03724406659603119
-0.00560397794470191
0.032281193882226944
0.04808558523654938
0.06258360296487808
0.057471174746751785
0.038649532943964005
0.0903816744685173
-0.02667386084794998
0.0297250859439373
0.02838478423655033
0.02323148399591446
-0.05555737391114235
-0.0670023038983345
0.3791775107383728
0.43838316202163696
0.9602999091148376
-0.008878873661160469
-0.018570484593510628
-0.044533729553222656
1.2096470594406128
-0.10868305712938309
-0.01627155765891075
0.07546498626470566
0.42223450541496277
-0.1671101301908493
0.2420257180929184
0.18860282003879547
0.6125910878181458
0.17357084155082703
0.07318904995918274
0.29212793707847595
0.8104534149169922
-0.3018040359020233
-0.4104790687561035
-0.07076624780893326
0.5995649099349976
-0.2650553584098816
-0.23126421868801117
0.38303786516189575
0.08837581425905228
-0.014173157513141632
0.3092370331287384
0.47978922724723816
0.2829655110836029
-0.012966090813279152
-0.15682978928089142
0.10370897501707077
-0.3653258681297302
0.15856561064720154
0.18012160062789917
0.0898585170507431
-0.29810649156570435
-0.07209120690822601
-0.18469057977199554
-0.08304519206285477
-0.1688987910747528
0.17108774185180664
0.03414652496576309
-0.0026719786692410707
-0.21967551112174988
-0.3255150616168976
-0.3092782497406006
-0.1836516559123993
0.18042108416557312
-0.33977317810058594
-0.33209216594696045
0.11127270013093948
0.19316795468330383
-0.2964932918548584
-0.01880894973874092
0.15752339363098145
0.17375384271144867
-0.4285117983818054
0.2671363651752472
0.05122555419802666
0.9511623978614807
0.029017943888902664
-0.02774815261363983
0.05490812659263611
-0.005941277835518122
-0.2368791252374649
-0.019141171127557755
0.011461098678410053
-0.0741025060415268
-0.013810906559228897
0.028820334002375603
-0.030195925384759903
-0.034257207065820694
-0.025233419612050056
-0.02067110873758793
0.03699951618909836
0.04468362033367157
0.3339717984199524
-0.21622811257839203
0.24345001578330994
0.8729349374771118
0.029685676097869873
-0.5572835803031921
-0.40969881415367126
0.8467134237289429
-0.13544677197933197
0.07223092764616013
0.17565959692001343
0.22329020500183105
0.6655415892601013
1.4043291807174683
1.0286544561386108
1.8082135915756226
-0.08896727859973907
0.034421324729919434
-0.0002498609246686101
0.00762145547196269
-0.011994238011538982
-0.04669852927327156
0.00392539007589221
-0.10648199915885925
-0.042363110929727554
-0.016845213249325752
0.0473468117415905
-0.05977996811270714
-0.028812482953071594
-0.021991310641169548
-0.005854817572981119
0.03436153382062912
-0.3665255010128021
-0.1383424550294876
-0.2371373176574707
0.8448518514633179
-0.09028612077236176
-0.12843333184719086
-0.11729267984628677
0.375320166349411
-0.2232687920331955
-0.32025691866874695
-0.1335144340991974
-0.00215566111728549
0.18264539539813995
0.4925607442855835
0.23035727441310883
0.45065996050834656
-0.025143228471279144
0.006417449563741684
0.0013673158828169107
0.015741873532533646
-0.008591617457568645
-0.003417364554479718
-0.01763792335987091
-0.023245856165885925
-0.05262313038110733
0.10709954798221588
-0.00011944962898269296
0.04067213088274002
-0.015282079577445984
0.06371334195137024
-0.08171933889389038
0.0014350690180435777
-0.41814181208610535
-0.0764261931180954
0.19000548124313354
0.5639764666557312
-0.1992422640323639
-0.08710069954395294
0.01891968958079815
0.45301005244255066
-0.24648147821426392
-0.260669469833374
-0.02609037235379219
-0.35499823093414307
0.0325571671128273
-0.12088727951049805
-0.01907435990869999
0.14399854838848114
-0.17960727214813232
-0.02046981453895569
0.01857508346438408
0.06802988797426224
-0.027980277314782143
-0.009145218878984451
0.07241720706224442
-0.07031157612800598
0.011350427754223347
-0.09410964697599411
0.05823979526758194
0.04394422098994255
-0.053236596286296844
-0.03901227191090584
0.04696856439113617
-0.07959389686584473
-0.26831185817718506
0.0046355705708265305
-0.016692060977220535
-0.06821546703577042
-0.08339039236307144
0.029925568029284477
-0.04312300682067871
0.0046201604418456554
0.02301374077796936
0.03948020935058594
0.01946873590350151
0.02584081143140793
-0.024531936272978783
-0.033094748854637146
0.016309106722474098
-0.0006393810617737472
0.14248214662075043
0.42502233386039734
0.5801053047180176
1.5469077825546265
-0.1191641315817833
-0.04367581382393837
0.1170777752995491
1.1734439134597778
-0.32186850905418396
-0.3420986533164978
0.2229834496974945
0.5267947912216187
-0.24519498646259308
-0.02191188372671604
0.18447546660900116
0.5640062689781189
-0.1729229837656021
0.19156090915203094
0.5599892735481262
1.161421775817871
-0.511668860912323
-0.26251688599586487
-0.04375972971320152
0.7980592846870422
-0.20936715602874756
-0.2752261459827423
0.43201765418052673
0.6301883459091187
-0.055502086877822876
0.43083488941192627
0.0856819897890091
0.793885350227356
-0.3948372006416321
0.13577330112457275
0.16821123659610748
1.563133716583252
0.4332956075668335
-0.28186243772506714
0.29763883352279663
1.3868687152862549
0.17761164903640747
-0.3167364299297333
0.02211480587720871
0.9509494304656982
0.3258567154407501
0.20586253702640533
0.48063433170318604
0.697504460811615
-0.14355617761611938
0.4041000306606293
0.5214309692382812
1.005659580230713
-0.27393102645874023
0.03969355300068855
-0.007802223786711693
0.845737874507904
-0.2869822382926941
-0.194961279630661
0.24283739924430847
0.6153746843338013
-0.08739721029996872
0.3609996736049652
0.5899327397346497
0.9726906418800354
-0.4872243106365204
0.24625609815120697
0.2624317407608032
2.1025943756103516
0.5863825678825378
0.18418855965137482
0.06603514403104782
1.4654055833816528
0.2751551568508148
-0.07778719067573547
-0.068026602268219
0.6211259961128235
0.3338206708431244
0.3703809976577759
0.14325794577598572
0.786669909954071
-0.28319188952445984
-0.30730488896369934
-0.19587533175945282
0.307284414768219
-0.2269081473350525
-0.33304113149642944
-0.11909297108650208
0.4814589023590088
-0.5216510891914368
-0.4597806930541992
0.16341820359230042
0.24953056871891022
0.09381644427776337
0.15289564430713654
0.0023495364002883434
0.48733389377593994
0.12656186521053314
0.09616346657276154
0.5219643712043762
1.3279813528060913
0.8212175965309143
0.02189691551029682
-0.2348455786705017
1.1002066135406494
0.5236858129501343
-0.30898791551589966
-0.029095901176333427
0.9426215887069702
0.7036881446838379
1.4027698040008545
1.1236767768859863
0.8257822394371033
-0.067346952855587
0.045194681733846664
0.0662594884634018
-0.3079230487346649
0.10348108410835266
0.07600297033786774
0.038122668862342834
-0.39499467611312866
0.013796143233776093
-0.36274728178977966
0.019827380776405334
-0.13030575215816498
0.22319307923316956
0.08553735911846161
0.12503710389137268
-0.3657592833042145
-0.012006477452814579
-0.024250881746411324
0.017515912652015686
-0.03524831682443619
-0.06793062388896942
0.026938829571008682
0.015022926032543182
-0.027532778680324554
0.07289568334817886
0.10119438916444778
0.005722424481064081
-0.05347960814833641
-0.0378829650580883
-0.022053122520446777
0.030600788071751595
-0.054997652769088745
-0.0035816195886582136
0.0028828615322709084
0.05097426101565361
-0.10949712991714478
0.0034559122286736965
-0.012847404927015305
0.029553450644016266
-0.05460882931947708
-0.023851172998547554
0.005928176920861006
-4.102033926756121e-05
-0.024426857009530067
0.032721228897571564
-0.034362658858299255
0.06569457054138184
0.08541762828826904
-0.030839260667562485
-0.3502785563468933
-0.26141175627708435
0.5359538197517395
-0.18893678486347198
-0.22074829041957855
-0.10360019654035568
0.1714814305305481
-0.31008073687553406
-0.37747251987457275
0.010158541612327099
0.088831827044487
0.015284831635653973
0.4849092662334442
0.22632640600204468
0.5426360964775085
0.005221995525062084
-0.3028573989868164
-0.11750919371843338
0.7048043012619019
0.14085674285888672
-0.25511619448661804
-0.17208321392536163
0.5127400755882263
-0.2726305425167084
-0.22549602389335632
-0.041146282106637955
0.35541585087776184
0.3637850880622864
0.6064039468765259
0.0017954674549400806
1.1836049556732178
-0.30222705006599426
-0.08788948506116867
0.314444899559021
0.25908997654914856
-0.22760391235351562
-0.44582363963127136
0.04029254987835884
0.13290326297283173
-0.4711727499961853
-0.002915019867941737
0.10320132225751877
0.06631156802177429
-0.17006683349609375
0.10912897437810898
0.1278943121433258
0.6055009961128235
0.24092388153076172
-0.2741987407207489
-0.28593775629997253
0.5662934184074402
-0.0243872981518507
-0.011166875250637531
-0.16263143718242645
0.3982882499694824
-0.003978427965193987
-0.4139506220817566
-0.09168360382318497
0.3122001588344574
0.5455793738365173
0.38882097601890564
-0.046038918197155
-0.05669957026839256
0.1606660932302475
0.19347822666168213
-0.3396230936050415
0.8576392531394958
-0.03491150587797165
-0.07347819954156876
-0.07154669612646103
1.1217279434204102
-0.30840003490448
-0.22626762092113495
-0.07934170961380005
0.401297390460968
0.10071157664060593
-0.40030935406684875
0.34007057547569275
0.2958472967147827
-0.2534199655056
-0.10446854680776596
0.038148388266563416
0.7394197583198547
0.38989192247390747
0.01848132349550724
0.10800731927156448
0.42961257696151733
0.10602833330631256
-0.2135772556066513
-0.22757548093795776
0.08760429918766022
0.32742127776145935
0.5854446887969971
0.1685509830713272
0.7904755473136902
-0.012182285077869892
-0.2502325773239136
-0.586805522441864
0.5002574324607849
-0.2330435812473297
-0.20452050864696503
-0.2510771155357361
0.1991974413394928
-0.2932288348674774
-0.35225850343704224
0.03019014373421669
0.05169720575213432
0.16467712819576263
0.32745686173439026
0.2685985565185547
0.6458076238632202
0.11491283029317856
-0.21403582394123077
0.1731565147638321
0.7171083688735962
-0.05202662572264671
-0.458577036857605
-0.239609956741333
0.45900848507881165
0.11201398074626923
-0.223198801279068
-0.15173687040805817
0.028500569984316826
0.7111579775810242
0.3269042670726776
1.064527988433838
1.16764235496521
-0.06755506247282028
-0.1545402556657791
-0.23724010586738586
0.9000202417373657
-0.2482859045267105
-0.08924993872642517
-0.24835270643234253
0.6126390695571899
-0.5434061288833618
-0.2511071562767029
-0.054207880049943924
0.1134529858827591
0.13363805413246155
0.16846707463264465
0.3609418570995331
0.8005459308624268
0.1214650347828865
-0.06909944862127304
0.022568628191947937
-0.0005819777143187821
0.010494238696992397
0.04282302409410477
0.013849844224750996
0.035668838769197464
-0.02127889357507229
0.0063447365537285805
-0.0056396774016320705
0.009533221833407879
0.025385089218616486
0.07138053327798843
0.021156327798962593
0.016288263723254204
-0.1256575584411621
0.2534535825252533
0.5437796115875244
1.022528886795044
-0.30612510442733765
0.002210034290328622
-0.02999000996351242
1.3598856925964355
-0.3412490785121918
-0.19059929251670837
0.2688668966293335
0.5578950047492981
-0.06228698790073395
0.4373476207256317
0.1481962352991104
0.5649073719978333
-0.1553165316581726
0.028745904564857483
0.09719288349151611
1.0186545848846436
-0.1599065214395523
-0.3513626158237457
-0.07665112614631653
0.6379873156547546
-0.3451317846775055
-0.22325938940048218
0.31455907225608826
0.5291895866394043
-0.19311171770095825
0.006086668465286493
0.22857721149921417
0.35863298177719116
0.022960161790251732
-0.1974254548549652
0.35956066846847534
-0.41854482889175415
-0.0025511966086924076
0.3816915452480316
0.04238290712237358
-0.39822036027908325
0.01588299125432968
-0.19034963846206665
-0.12322064489126205
-0.16096875071525574
0.19787046313285828
0.1012246385216713
-0.08905445039272308
-0.24654924869537354
-0.4162968099117279
0.18217633664608002
-0.9029514789581299
-0.5431983470916748
-0.23789134621620178
-0.3144330382347107
-0.2982165515422821
-0.2635425925254822
-0.41906866431236267
0.24977977573871613
0.13459481298923492
0.015084856189787388
-0.6102129817008972
0.5667420625686646
0.09453915804624557
0.7653504014015198
0.027698028832674026
0.039616238325834274
-0.07994479686021805
-0.010945964604616165
-0.1965053677558899
0.03144678846001625
0.017448242753744125
-0.026991358026862144
-0.019258128479123116
0.0011297836899757385
-0.03349640592932701
-0.0550130195915699
-0.03217004984617233
-0.01768277958035469
0.02541235275566578
-0.034765589982271194
0.29092052578926086
0.3169265687465668
-1.225701928138733
0.38637667894363403
-0.0695570558309555
-0.27338898181915283
-0.5649224519729614
-0.3358382284641266
-0.2070852667093277
0.2136296033859253
0.49681761860847473
-0.15742309391498566
0.18438562750816345
1.1522464752197266
0.6156750917434692
1.509673833847046
-0.012057702988386154
-0.06283941119909286
-0.005392218939960003
-0.10876134037971497
-0.012529386207461357
0.06728918105363846
-0.10013003647327423
-0.02389656752347946
-0.017380887642502785
-0.025375060737133026
0.026556378230452538
0.01954798772931099
0.026359450072050095
-0.13526207208633423
0.005677707958966494
-0.0012377132661640644
-0.1344078630208969
-0.27149128913879395
-0.27884000539779663
0.47300952672958374
-0.23941193521022797
0.19050352275371552
-0.4991395175457001
-0.13884644210338593
-0.15537750720977783
-0.1869448721408844
0.14961440861225128
-0.46041998267173767
-0.2579026222229004
0.18525566160678864
0.32570284605026245
0.1485844999551773
0.012755232863128185
0.07310369610786438
0.09358087927103043
-0.08158896118402481
-0.01114810723811388
-0.0007481356151401997
0.055614225566387177
0.06584896147251129
-0.03144760802388191
0.07241608947515488
0.046793367713689804
0.013643843121826649
-0.018657544627785683
0.00013325073814485222
0.032911770045757294
-0.01598534546792507
-0.26762527227401733
-0.07544894516468048
-0.3440277874469757
0.17246773838996887
-0.26259979605674744
0.13660699129104614
-0.3503122627735138
-0.32860425114631653
-0.17062881588935852
-0.1689278930425644
0.03783738613128662
-0.6068962812423706
0.18608210980892181
0.0993066281080246
0.1762811541557312
-0.2546122074127197
-0.18897244334220886
0.03562669828534126
0.06634155660867691
0.07116814702749252
0.05279720202088356
-0.0544351302087307
0.01415590662509203
-0.07719143480062485
-0.049242064356803894
-0.03346376493573189
-0.03600544109940529
0.05220462754368782
-0.03459150716662407
-0.0381128266453743
0.03865296021103859
-0.04107760265469551
-0.2619476914405823
-0.06373975425958633
-0.05267956480383873
0.028374632820487022
0.00024185066286008805
-0.052291445434093475
-0.053210001438856125
-0.0266187135130167
-0.044727474451065063
0.01619820110499859
0.055448826402425766
0.08223546296358109
0.005265690386295319
0.018858565017580986
-0.0293623898178339
0.013483906164765358
0.2600553035736084
-0.07496807724237442
0.39958977699279785
1.1142950057983398
-0.040001653134822845
-0.15278923511505127
-0.6951255202293396
0.5847957730293274
-0.12261702120304108
-0.1990704983472824
-0.0007934385212138295
-0.5229678750038147
-0.012897375039756298
-0.08417188376188278
0.2715968191623688
0.0541665181517601
-0.12759698927402496
-0.11416886001825333
0.2912091910839081
0.6420376896858215
-0.2829533815383911
-0.5915665030479431
-0.7275865077972412
0.773411750793457
0.03943447023630142
-0.14749112725257874
-0.20958086848258972
-0.12366730719804764
-0.11511196196079254
0.10188514739274979
0.09322097897529602
0.47653257846832275
0.11290886998176575
0.2699413597583771
-0.07561936229467392
0.9510740637779236
0.5375612378120422
0.103719063103199
-0.7052063941955566
0.5944659113883972
0.44561558961868286
-0.11082346737384796
0.1734069138765335
-0.47937893867492676
-0.030417894944548607
0.3876643180847168
0.6238862872123718
0.34383484721183777
-0.112741619348526
0.10012561827898026
0.16324248909950256
0.9705836772918701
-0.0639391615986824
-0.37501847743988037
-0.6589465737342834
0.6026914715766907
-0.04385696351528168
0.15023685991764069
-0.0798746794462204
-0.012846576981246471
-0.059713490307331085
-0.10549985617399216
0.24576926231384277
0.7932517528533936
-0.15986844897270203
0.39049094915390015
-0.4828327000141144
1.2196711301803589
0.753797709941864
0.708954393863678
-0.766196072101593
0.6648814678192139
0.3957667648792267
-0.03373357653617859
0.1700258105993271
-0.7712924480438232
0.015194909647107124
-0.2239864319562912
0.2814674377441406
0.5750259160995483
-0.3218522369861603
-0.27836912870407104
-0.32863426208496094
-0.2445683479309082
-0.223086878657341
-0.20800340175628662
-0.6715484857559204
-0.43857306241989136
-0.39866212010383606
-0.20497198402881622
0.17742958664894104
-0.4588700532913208
-0.06532235443592072
0.0718972310423851
0.07059237360954285
0.11518028378486633
0.22050856053829193
0.9098119139671326
-0.619126558303833
0.432193398475647
1.0079307556152344
0.4389258921146393
-0.7605559825897217
-0.10856765508651733
0.6986817717552185
-0.21731999516487122
0.31304189562797546
-0.029117505997419357
0.16480565071105957
1.1710354089736938
0.9776917099952698
0.553872287273407
-0.06903759390115738
-0.04332347586750984
0.3516063988208771
-0.26468223333358765
0.015323905274271965
0.344005823135376
0.09201168268918991
-0.432224303483963
-0.05468716472387314
-0.11253050714731216
0.038852136582136154
-0.3033991754055023
0.2073364108800888
0.12777841091156006
-0.03040929138660431
-0.5737210512161255
0.07251717895269394
0.026472020894289017
0.021716700866818428
0.042020414024591446
-0.10506097972393036
-0.017584580928087234
0.01568281091749668
-0.0489448718726635
0.03400391712784767
0.06875710189342499
-0.004806872457265854
0.0463942214846611
0.020761685445904732
0.00679166242480278
-0.021704986691474915
-0.044084250926971436
0.0713331326842308
0.032340891659259796
-0.04788767918944359
0.03182118386030197
0.06067632511258125
-0.08901005238294601
-0.061832476407289505
-0.028602929785847664
-0.020424755290150642
-0.062367700040340424
-0.04772340878844261
-0.022990485653281212
-0.04181230068206787
0.010038627311587334
-0.002745280275121331
-0.03106929175555706
-0.021034393459558487
-0.3818199038505554
-0.5857073664665222
0.10247915238142014
-0.3140105605125427
-0.1964433491230011
-0.4718541204929352
-0.5414505004882812
-0.1950603723526001
-0.22783058881759644
0.06765083968639374
-0.29897329211235046
-0.11210400611162186
0.1542462259531021
0.33141690492630005
0.2587721347808838
0.327802836894989
-0.10316441208124161
-0.5680791139602661
0.571387529373169
0.11868509650230408
0.16643697023391724
-0.8306312561035156
-0.6024560332298279
-0.029729314148426056
-0.013514733873307705
0.1951318234205246
-0.39019274711608887
0.04588083550333977
0.15023083984851837
-0.019945364445447922
0.7076982855796814
-0.4571472108364105
0.2162242978811264
-0.471841961145401
-0.09790443629026413
-0.29963183403015137
-0.4059332311153412
-0.5641207098960876
-0.08827345073223114
-0.22825798392295837
0.03464365005493164
-0.04460706561803818
-0.31839513778686523
-0.11350369453430176
-0.0573648177087307
0.19412116706371307
0.3063758909702301
0.6749226450920105
0.1746041625738144
-0.6675731539726257
-0.05794296786189079
-0.04002510756254196
0.3916943073272705
-0.8117826581001282
-0.4335004389286041
-0.11116678267717361
-0.3294811546802521
0.1363290697336197
-0.39667263627052307
0.24319617450237274
0.16934137046337128
0.13947910070419312
-0.22320231795310974
0.5892750024795532
0.12592384219169617
-0.6329564452171326
0.49129781126976013
-0.0172630213201046
-0.12188413739204407
-1.1170318126678467
0.7518588304519653
-0.28345367312431335
-0.12154076993465424
0.15595883131027222
-1.093624234199524
-0.3320656716823578
0.09108459949493408
0.47356224060058594
-0.09135778993368149
-0.21805934607982635
0.10045897215604782
-0.6116688251495361
-0.19157908856868744
0.4222753643989563
0.071563221514225
-0.47009700536727905
-0.6218633651733398
0.12080657482147217
-0.0719706118106842
-0.017899516969919205
-0.20490333437919617
-0.28448984026908875
0.4360949993133545
0.3290683329105377
0.806776225566864
0.011571568436920643
-0.06743671000003815
-0.7794614434242249
0.06412864476442337
-0.1649639904499054
-0.1250961571931839
-0.6549266576766968
-0.7598262429237366
-0.10757860541343689
-0.17175708711147308
0.20673567056655884
-0.47149717807769775
-0.19255958497524261
0.2793833613395691
0.39662855863571167
0.30923032760620117
-0.2001466453075409
0.10486555844545364
-0.8027015924453735
0.007478461135178804
-0.06507393717765808
-0.5108851790428162
-0.6114487051963806
-0.4315932095050812
-0.11063725501298904
-0.06503257155418396
0.18623436987400055
-0.29489248991012573
0.5048725008964539
0.16142204403877258
0.7218103408813477
0.8421669602394104
0.10818080604076385
-0.02152404375374317
-0.36128634214401245
0.486821711063385
-0.08657082170248032
-0.23961202800273895
-0.6240935921669006
0.22975072264671326
-0.3689081072807312
-0.4012092053890228
0.2215854674577713
-0.6083489656448364
-0.47495195269584656
0.18364237248897552
0.40825456380844116
0.5232442617416382
0.0008411517483182251
0.05522368848323822
0.06782809644937515
-0.06470438092947006
-0.0015726776327937841
0.028794530779123306
-0.03575798496603966
0.002153711160644889
0.00509223947301507
-0.04955969750881195
1.2167604836577084e-05
-0.05548860505223274
0.037261445075273514
0.04374530538916588
-0.019321339204907417
-0.041354306042194366
-0.07723245024681091
0.13822530210018158
0.3367278277873993
0.8329418897628784
-0.03746214881539345
-0.3634064495563507
-0.4722520411014557
1.0945268869400024
0.05311884731054306
0.18264931440353394
-0.18733224272727966
-0.11742456257343292
-0.07169600576162338
0.06376519054174423
-0.09568236023187637
0.3746035099029541
-0.26585307717323303
-0.25317105650901794
-0.30281269550323486
0.2972966432571411
-0.306389182806015
-0.02864743024110794
-0.502760112285614
0.23174746334552765
-0.1353718340396881
-0.24644704163074493
0.21518154442310333
-0.8978163003921509
-0.09607715904712677
0.21825742721557617
0.40456831455230713
-0.15243303775787354
-0.06560611724853516
-0.12034917622804642
0.05253012478351593
-0.4124784469604492
0.07696408033370972
0.12799373269081116
-0.03473890945315361
-0.5509433150291443
0.04218198359012604
-0.20527593791484833
0.14545239508152008
-0.05909651145339012
0.17811138927936554
-0.19690512120723724
-0.15003702044487
-0.30366402864456177
-0.5055961012840271
-0.14242838323116302
-0.26232436299324036
-0.018429215997457504
-0.40691816806793213
-0.2929590344429016
0.009754099883139133
0.12217962741851807
-0.2675477862358093
0.06690692901611328
0.025442125275731087
0.10621238499879837
-0.4885597825050354
0.289625883102417
-0.33910977840423584
0.9415316581726074
-0.04472796246409416
0.04662847891449928
-0.05806605517864227
-0.018409982323646545
-0.20172211527824402
-0.011635306291282177
-0.0445864237844944
0.009938245639204979
-0.08329759538173676
0.07151658087968826
-0.08190489560365677
0.010054738260805607
0.00021948271023575217
0.019491510465741158
-0.04744281992316246
-0.02477339468896389
0.5506597757339478
0.29728999733924866
-0.22592872381210327
0.7383825778961182
0.4647333323955536
-0.22861549258232117
-0.40581071376800537
0.5445966124534607
-0.4135647714138031
0.3624587059020996
0.27621030807495117
0.15026845037937164
0.7033452987670898
1.4913872480392456
0.6407250165939331
1.3414422273635864
0.043911904096603394
0.017547573894262314
0.025848204270005226
0.05426875501871109
-0.04523717239499092
0.009578094817698002
-0.08291586488485336
-0.01791113242506981
0.05689358711242676
0.052002228796482086
-0.008711487054824829
-0.06741207838058472
0.00540320435538888
0.019388971850275993
0.1264885812997818
-0.010578710585832596
0.02926565706729889
0.035184893757104874
0.13206088542938232
0.8608102798461914
0.18635275959968567
-0.1587299108505249
0.07235711812973022
0.26633942127227783
-0.1770094484090805
-0.1646663397550583
0.1349535435438156
0.05967477336525917
0.09259559214115143
0.41096818447113037
-0.2954282760620117
0.2708567976951599
-0.02639108896255493
0.04657551273703575
0.07912170141935349
-0.012884021736681461
0.030912265181541443
-0.03027842752635479
0.0034517119638621807
-0.016329342499375343
0.01607530377805233
0.030901683494448662
0.002321830717846751
-0.01360564399510622
0.03376777097582817
0.012767014093697071
-0.025969283655285835
0.01712457463145256
-0.497169554233551
0.13534188270568848
0.03278786689043045
0.4794861674308777
-0.19719348847866058
-0.2138471007347107
0.04240255430340767
0.33321502804756165
-0.2222546488046646
-0.2707017958164215
0.13889092206954956
-0.36194145679473877
0.19692175090312958
-0.04605267569422722
-0.5043500661849976
-0.1198539212346077
-0.22167746722698212
-0.018882669508457184
-0.0062940665520727634
-0.0002733742876444012
0.059309303760528564
0.019345419481396675
-0.0025190075393766165
0.0008750483393669128
-0.02052485942840576
-0.012602364644408226
0.0741974487900734
-0.07724831253290176
-0.007643679156899452
0.09537351131439209
0.01186345610767603
-0.03897268697619438
-0.28894439339637756
-0.04942484572529793
0.05909118801355362
0.05392017960548401
-0.10568578541278839
-0.014255489222705364
0.011420813389122486
0.003237995086237788
-0.025392383337020874
0.022175531834363937
0.08910553902387619
0.04470161348581314
0.052771370857954025
-0.015495623461902142
-0.0472758412361145
0.04102485626935959
0.6136667132377625
0.48171108961105347
0.6770908832550049
1.4700218439102173
0.09627997130155563
0.10698439925909042
-0.20826809108257294
1.2687509059906006
-0.05757157504558563
-0.22375637292861938
0.36238864064216614
0.19434989988803864
-0.3392263948917389
0.1141422912478447
0.18560756742954254
0.40336766839027405
0.17204122245311737
0.46511557698249817
0.4691108465194702
1.1041266918182373
-0.02369944006204605
-0.08084797114133835
-0.010278024710714817
0.8822954893112183
0.09243912994861603
-0.15473248064517975
0.28681421279907227
0.46103420853614807
-0.06384289264678955
0.4376722574234009
0.05340733006596565
0.534496545791626
0.5891851782798767
0.6316143274307251
0.31590747833251953
1.4831799268722534
0.7369747757911682
0.10979761928319931
-0.062159955501556396
1.0870757102966309
0.6266817450523376
-0.07459733635187149
0.2031424641609192
0.757534921169281
0.26047125458717346
0.5525025725364685
0.2365247905254364
0.37548744678497314
0.20129139721393585
0.5778045058250427
0.40428563952445984
1.0373506546020508
0.2801566421985626
0.053205184638500214
-0.0003955240536015481
0.8065657615661621
-0.06170635297894478
0.09025315940380096
0.25188660621643066
0.5523636341094971
-0.10572201013565063
0.24498824775218964
0.4347122609615326
1.0611553192138672
0.44905751943588257
0.8029777407646179
0.17701271176338196
1.889155626296997
0.7841863036155701
0.32372817397117615
-0.10178055614233017
1.076011300086975
0.4076923429965973
0.19631515443325043
0.11348983645439148
0.3815649151802063
0.41043785214424133
0.49137449264526367
0.2783256471157074
0.7079405188560486
-0.27751415967941284
0.11313194781541824
0.13364095985889435
0.09343826025724411
-0.06664266437292099
-0.3185267448425293
0.20535250008106232
0.06934286653995514
-0.5130593180656433
-0.310404896736145
0.21191655099391937
-0.0513400174677372
0.18839097023010254
0.1946599781513214
-0.33910027146339417
0.3000144958496094
0.4951109290122986
0.9878056645393372
0.493712842464447
1.1072907447814941
1.2600184679031372
0.5313204526901245
-0.1538895219564438
0.8653731346130371
0.6335428357124329
0.12936614453792572
0.01018166821449995
0.7732101082801819
0.744261622428894
1.524429202079773
0.995063841342926
0.2349318563938141
-0.09621606767177582
0.04848465695977211
0.08614452183246613
-0.30643853545188904
0.008602679707109928
0.007725410163402557
0.03265691548585892
-0.5211805701255798
-0.022258637472987175
-0.21771392226219177
0.07442983239889145
-0.1280723661184311
0.2608843147754669
0.027648361399769783
-0.1430349200963974
-0.5671489238739014
0.014228525571525097
0.02501842938363552
0.013393471017479897
0.042978573590517044
0.00912889651954174
0.01229284331202507
0.021966181695461273
0.01574098691344261
-0.05356989800930023
0.031212691217660904
0.05807967483997345
0.019602859392762184
-0.030898915603756905
-0.03490172699093819
-0.07152799516916275
-0.027376016601920128
-0.0640113577246666
0.040060997009277344
0.0705227479338646
0.04108560457825661
-0.03874220326542854
0.05233190208673477
0.057205718010663986
0.0151899429038167
-0.05337214469909668
-0.03730083629488945
0.017957227304577827
0.017280982807278633
-0.010822329670190811
-0.05458161234855652
0.02585792914032936
-0.008172255009412766
0.11654172837734222
-0.035672541707754135
-0.1589350551366806
0.5486488342285156
-0.22492331266403198
-0.18853269517421722
-0.09509105980396271
0.03608153015375137
-0.3665664792060852
-0.27143654227256775
0.34558311104774475
0.018886983394622803
0.10222041606903076
0.2757812738418579
-0.2063518613576889
0.22996309399604797
0.525897741317749
0.23271121084690094
0.3074553906917572
0.7824360728263855
0.26464253664016724
-0.029317112639546394
-0.3688087463378906
0.1936640739440918
-0.4106549918651581
0.08852279931306839
-0.02351856417953968
0.19759100675582886
0.41446447372436523
0.38782238960266113
0.09658996760845184
1.1431950330734253
-0.4361024498939514
0.5010175704956055
0.2308967262506485
0.2773023545742035
-0.23179858922958374
-0.21813009679317474
0.12072383612394333
0.04068199172616005
-0.3791569471359253
0.2606206238269806
0.23362614214420319
0.045381929725408554
0.030823836103081703
-0.014779461547732353
0.026906095445156097
0.4235304296016693
0.8574358224868774
0.25902533531188965
0.12079081684350967
0.36941033601760864
0.14359311759471893
-0.06046257168054581
-0.4254448413848877
0.45553290843963623
0.03797606751322746
-0.17253071069717407
-0.09343348443508148
0.22928383946418762
0.4347113370895386
0.43534576892852783
-0.09611881524324417
-0.22199511528015137
0.6293407082557678
0.3187856674194336
-0.0766555517911911
0.8309451341629028
-0.08208907395601273
-0.042901795357465744
-0.4719223976135254
1.1338798999786377
-0.16902101039886475
-0.0892554372549057
0.23807787895202637
-0.04774688556790352
0.04074631258845329
-0.3418717086315155
0.09964905679225922
0.05345572531223297
0.1822207123041153
0.16354115307331085
0.03003384731709957
0.4456195533275604
0.871039092540741
0.02778373286128044
0.05965566262602806
0.24637152254581451
0.09460152685642242
0.019875608384609222
-0.06236344203352928
-0.01170258317142725
0.40637484192848206
0.9361352920532227
-0.1961635798215866
0.6859593391418457
0.0664207860827446
-0.07729464024305344
-0.2832835614681244
0.40728235244750977
-0.04518894851207733
-0.1954241842031479
-0.052280642092227936
0.06343462318181992
-0.3817179799079895
-0.2874520719051361
0.327188104391098
0.015754248946905136
0.3356998562812805
0.24492955207824707
-0.2835446298122406
0.3574833571910858
0.35111525654792786
0.38041922450065613
0.029550274834036827
0.545707106590271
0.3208351135253906
-0.06549543142318726
-0.2466217577457428
0.3055938184261322
0.016832878813147545
-0.004957945551723242
0.06172192469239235
0.12171534448862076
0.7443222999572754
0.52266526222229
0.9079453349113464
0.8434897065162659
0.3628130853176117
0.25367459654808044
0.10755743086338043
0.8573059439659119
0.0806594267487526
0.0028899929020553827
0.07360263168811798
0.5550270676612854
-0.46770957112312317
-0.34262651205062866
0.19663403928279877
0.13390634953975677
0.08239297568798065
0.1674698144197464
-0.22394505143165588
0.44836363196372986
-0.0055819726549088955
-0.013653667643666267
-0.04174990952014923
-0.005296566989272833
-0.007407025899738073
0.026613403111696243
-0.04199298098683357
0.017093563452363014
-0.024770822376012802
-0.011256062425673008
0.04103406146168709
-0.03916188329458237
0.03284546732902527
0.0921659991145134
0.01106217224150896
0.009371994994580746
0.29398229718208313
0.5632185935974121
0.5708425641059875
1.1599229574203491
0.22880712151527405
0.01714882254600525
-0.11059514433145523
1.2411590814590454
-0.058712657541036606
0.02646430768072605
0.3054160177707672
0.3331274688243866
-0.05575921759009361
0.40583428740501404
0.1348503828048706
0.6339622139930725
0.11283506453037262
0.39334797859191895
0.18012279272079468
0.9881492257118225
-0.12670227885246277
-0.09808523207902908
0.021952664479613304
0.6059724688529968
-0.13751697540283203
-0.1753176897764206
0.6728329062461853
0.09834792464971542
-0.20806758105754852
0.010543514974415302
-0.15999716520309448
0.3400048017501831
0.003941851668059826
-0.1345481425523758
0.10983771085739136
-0.4033218026161194
0.172300785779953
0.32253578305244446
-0.10879968106746674
-0.3052437901496887
0.02115979976952076
-0.309212863445282
-0.07450264692306519
-0.15529827773571014
0.06775025278329849
-0.0005409018485806882
0.003260263940319419
-0.27782267332077026
-0.47032713890075684
-0.17378203570842743
-0.2770838439464569
-0.049628693610429764
-0.3753165006637573
-0.23364423215389252
0.05692078173160553
0.24720273911952972
-0.35423702001571655
0.14812541007995605
0.2153794914484024
0.11600051075220108
-0.6203511953353882
0.3487940728664398
0.17153958976268768
0.9107581973075867
-0.04378160461783409
0.023925019428133965
0.0865945890545845
0.011399251408874989
-0.13460105657577515
-0.039466094225645065
0.03480933606624603
-0.023085786029696465
0.07251083850860596
-0.014858812093734741
-0.00425341259688139
0.021201789379119873
-0.027319684624671936
-0.05990727245807648
-0.021142669022083282
-0.00553295761346817
0.7189791798591614
0.5372766256332397
-0.2228536158800125
0.8782382011413574
0.249457448720932
-0.4459093511104584
-0.20843766629695892
0.9288334846496582
-0.2029561549425125
-0.003935649059712887
0.35829755663871765
0.3175479471683502
0.5638188123703003
0.8872135281562805
1.2127934694290161
1.7614413499832153
0.03410503268241882
-0.0211337897926569
0.09625137597322464
-0.11414249241352081
0.004040395375341177
0.03444745019078255
-0.07140558212995529
0.08521033823490143
0.019003145396709442
0.07401016354560852
0.05148780718445778
0.03943401202559471
-0.04328520968556404
-0.03830599784851074
0.04533708840608597
0.012748807668685913
0.01343722827732563
0.069257453083992
0.2739778459072113
0.8731244206428528
-0.17799168825149536
-0.08770018070936203
0.03244457766413689
0.4134260416030884
-0.14205576479434967
-0.31688225269317627
0.03061591647565365
0.046684276312589645
0.28020179271698
0.25882041454315186
0.5269852876663208
0.44729679822921753
-0.028195824474096298
-0.02395002543926239
-0.02847626432776451
0.003137793391942978
0.010474037379026413
-0.00957508571445942
-0.04342149570584297
-0.023522770032286644
0.04097316786646843
0.052484482526779175
0.06986862421035767
-0.0011418744688853621
0.06136500835418701
-0.11952842026948929
-0.005367951933294535
-0.03187498822808266
-0.4431370794773102
-0.02372651919722557
0.06550873816013336
0.5411844849586487
-0.4279937446117401
-0.03556445240974426
0.15146704018115997
0.42516714334487915
-0.11709257960319519
-0.058636292815208435
0.009549930691719055
-0.3547218441963196
0.15120264887809753
-0.1053985208272934
0.2639290392398834
0.11348109692335129
-0.1759086698293686
-0.058338481932878494
-0.0896090567111969
-0.05322951078414917
0.009535212069749832
0.004791740793734789
-0.011579898186028004
0.035389047116041183
0.03359067812561989
0.00114959548227489
-0.0020848459098488092
0.0014422814128920436
0.02133341133594513
-0.03288837522268295
0.035260748118162155
0.07170280814170837
-0.2867712080478668
0.038106635212898254
0.10359843820333481
-0.031421080231666565
0.009319265373051167
-0.01953582465648651
0.007123903371393681
-0.06809185445308685
-0.0011913834605365992
-0.009277161210775375
-0.03712350130081177
-0.001961279893293977
0.05392511188983917
0.051487792283296585
0.04031150043010712
0.10406280308961868
0.5635012984275818
0.48039719462394714
0.6791785359382629
1.581763744354248
-0.0014991810312494636
0.034199975430965424
0.013330552726984024
1.1304242610931396
-0.2906249165534973
-0.13022316992282867
0.33871716260910034
0.4707914888858795
-0.1147780790925026
0.13705508410930634
0.38385477662086487
0.5646083950996399
0.07921237498521805
0.39731311798095703
0.4704802334308624
1.0623180866241455
-0.3819041848182678
-0.129288911819458
0.16508737206459045
0.7753362655639648
-0.16036218404769897
-0.28135544061660767
0.5065852403640747
0.6345534920692444
0.0354141928255558
0.43142902851104736
0.3614278733730316
0.766879677772522
0.5868227481842041
0.6260174512863159
0.5150344371795654
1.517998218536377
0.9368786811828613
0.3040154278278351
-0.14487040042877197
1.3289772272109985
0.4764784872531891
-0.21036501228809357
0.13942791521549225
0.9504271149635315
0.234005406498909
0.03549591451883316
0.6702115535736084
0.8315863013267517
0.21793392300605774
0.564768373966217
0.41541576385498047
0.9341579675674438
-0.07136218994855881
-0.17598378658294678
0.19424685835838318
0.7456300854682922
-0.2743956744670868
0.01917082443833351
0.2644307017326355
0.5558245778083801
-0.136435404419899
0.41027358174324036
0.5257735848426819
1.0869436264038086
0.44373461604118347
0.7690531015396118
0.294433057308197
1.9247004985809326
0.8649725317955017
0.4304771423339844
0.09832734614610672
1.19085693359375
0.24197931587696075
0.07945680618286133
0.08898549526929855
0.6333929896354675
0.12669765949249268
-0.03312326967716217
0.46958020329475403
0.9943528771400452
-0.4537358283996582
-0.019676104187965393
-0.06978262960910797
0.21395130455493927
-0.2805108428001404
-0.2963657081127167
0.141773983836174
0.3979620933532715
-0.535587728023529
-0.3321024477481842
0.057213060557842255
0.25909939408302307
-0.11306630820035934
-0.17600926756858826
0.3759084939956665
0.5121220946311951
0.5632290840148926
1.0870141983032227
0.4917980432510376
1.1208785772323608
1.2022111415863037
0.29871439933776855
-0.0008120913989841938
0.9478111267089844
0.6751638650894165
-0.20102930068969727
0.07063945382833481
0.940551221370697
0.9470542073249817
1.0832377672195435
1.3693747520446777
0.7612914443016052
0.021056445315480232
-0.0020564766600728035
-0.044414907693862915
-0.35326695442199707
-0.007207196671515703
0.019085993990302086
0.061527084559202194
-0.48456040024757385
0.004875503946095705
-0.19533808529376984
0.06222129613161087
-0.11666564643383026
0.04613473266363144
0.019236896187067032
0.010336735285818577
-0.396878182888031
0.010002701543271542
-0.09282547980546951
-0.022271083667874336
0.09623105078935623
-0.1433270424604416
-0.043372560292482376
0.038680993020534515
0.06175830215215683
0.061428673565387726
-0.062252774834632874
-0.011561580933630466
-0.005382893141359091
0.12420173734426498
0.034997448325157166
-0.04375829920172691
0.020989134907722473
0.08400800824165344
0.018180888146162033
-0.010482853278517723
-0.02583577297627926
0.05634676292538643
-0.0015511184465140104
-0.00640547089278698
-0.06972689926624298
-0.04969567060470581
0.01507067121565342
-0.05054669454693794
0.011546031571924686
0.0736255869269371
0.06748389452695847
-0.05601618438959122
0.004959213547408581
0.09784525632858276
-0.047923315316438675
-0.14706088602542877
0.590110182762146
-0.39984095096588135
-0.19252817332744598
0.12708744406700134
0.21925868093967438
-0.23393866419792175
-0.3452298939228058
0.2386372834444046
0.03656993433833122
-0.10409720242023468
0.16984163224697113
0.4045458436012268
0.5694690346717834
0.3689638376235962
0.20766152441501617
0.2221454232931137
0.5640553832054138
0.3542049825191498
-0.0508308969438076
-0.342216819524765
0.6295667290687561
-0.23799391090869904
-0.07029801607131958
0.07846275717020035
0.2501441538333893
0.28771746158599854
0.5279527902603149
0.14177294075489044
1.4599645137786865
-0.6369696259498596
0.4401155710220337
0.1653391718864441
0.1241978108882904
-0.3691796362400055
-0.324042409658432
0.05614357814192772
0.12636858224868774
-0.24518848955631256
0.2234085202217102
0.2240288406610489
0.022804895415902138
-0.1681584119796753
0.28011929988861084
0.27401089668273926
0.5472927093505859
0.7425261735916138
0.17454183101654053
0.021471170708537102
0.3929515480995178
0.2637774348258972
0.1286637783050537
-0.4172821044921875
0.29192328453063965
-0.1651540845632553
-0.27300217747688293
0.007189805619418621
0.34541940689086914
0.504334032535553
0.2805561125278473
0.20467332005500793
0.07570773363113403
0.69158536195755
0.42144060134887695
-0.06558368355035782
0.8426434397697449
0.024388790130615234
0.09985223412513733
-0.17715784907341003
1.1629866361618042
-0.44254428148269653
-0.1624784916639328
0.05105774104595184
0.4535444378852844
-0.2425914853811264
-0.15323644876480103
0.2551164925098419
0.27796122431755066
0.23810964822769165
0.11741539090871811
0.08493366837501526
0.6246193051338196
0.6786091327667236
0.22790353000164032
0.10847955197095871
0.2987593114376068
0.08993540704250336
-0.1715659499168396
-0.18430492281913757
0.02627957984805107
0.13217592239379883
0.24343785643577576
0.5828724503517151
0.9341687560081482
0.03197731822729111
-0.0032152491621673107
-0.43251097202301025
0.5725966095924377
-0.19292183220386505
-0.1655159294605255
-0.06136087700724602
0.2658713459968567
-0.17214980721473694
-0.19541983306407928
0.11384356021881104
-0.06432685256004333
0.04929844290018082
0.07093735784292221
0.42421987652778625
0.7183234691619873
0.31331148743629456
0.4156535267829895
0.15267977118492126
0.6905689835548401
0.3090095818042755
-0.35309022665023804
-0.08123192936182022
0.6230143308639526
0.11668936908245087
-0.036751482635736465
-0.19736695289611816
0.05172228440642357
0.8307034969329834
-0.10856177657842636
1.2277023792266846
1.172446846961975
0.4189658761024475
0.21023400127887726
0.11047985404729843
0.9528235793113708
-0.1137993335723877
-0.12771809101104736
0.061450112611055374
0.6502620577812195
-0.47157278656959534
-0.3044745922088623
0.10188417136669159
0.1838810294866562
-0.14226140081882477
0.13647188246250153
0.5030562877655029
0.8120753169059753
-0.0445016510784626
-0.026836004108190536
-0.023601150140166283
0.030435379594564438
-0.12817807495594025
0.011082595214247704
0.06147446483373642
0.0014367224648594856
-0.021382590755820274
-0.03318838030099869
-0.042225856333971024
-0.032626837491989136
-0.00958180706948042
0.002904751105234027
0.04123622924089432
-0.02403709478676319
0.12145213782787323
0.5086789727210999
0.4625832140445709
1.0086168050765991
-0.049163199961185455
-0.05515136569738388
-0.03585734963417053
1.343788743019104
-0.23505820333957672
-0.00914059765636921
0.3464251458644867
0.5672677159309387
-0.03882240504026413
0.4428412914276123
0.09262540191411972
0.6839460730552673
0.08050771802663803
0.26414215564727783
0.29167598485946655
1.104419469833374
-0.4700756072998047
-0.2048896700143814
0.14052650332450867
0.6734620332717896
-0.19491036236286163
-0.14155766367912292
0.4160771667957306
0.34770509600639343
-0.2796349823474884
0.11034882813692093
0.3841145634651184
0.3750189244747162
-0.0008812671876512468
-0.17359407246112823
0.2140202671289444
-0.4780450165271759
0.0679333284497261
0.3494763672351837
-0.07960579544305801
-0.3514855206012726
-0.05480894446372986
-0.10292114317417145
0.008250349201261997
-0.12764589488506317
0.21015796065330505
0.22713233530521393
0.10796325653791428
-0.3720444142818451
-0.4399335980415344
-0.2928646206855774
-0.19089069962501526
0.07116112112998962
-0.34453439712524414
-0.06879013776779175
0.010617953725159168
0.19589002430438995
-0.6320706605911255
0.3614049255847931
0.057429008185863495
0.12211394309997559
-0.38792258501052856
0.16177071630954742
-0.02919146418571472
0.948287308216095
0.02452189475297928
-0.019059045240283012
0.02643662691116333
-0.08782998472452164
-0.2694779634475708
-0.03905821219086647
-0.06067192181944847
0.04194032400846481
-0.0004526111006271094
-0.06530027836561203
-0.04608234018087387
-0.04168296605348587
0.006865442264825106
0.0472477525472641
-0.01535025890916586
-0.02564072422683239
0.8564819097518921
0.03698933869600296
-0.16890473663806915
0.7427627444267273
0.39309003949165344
-0.3519517779350281
-0.26618215441703796
0.9026731252670288
-0.36951321363449097
-0.00044254379463382065
0.5518529415130615
0.24888166785240173
0.27209338545799255
0.45131716132164
0.07095180451869965
1.8442822694778442
-0.03346036747097969
-0.0005348052363842726
-0.04728981852531433
0.03705255687236786
0.0260920487344265
0.07501763850450516
0.01923544518649578
-0.08146262913942337
0.09842237085103989
-0.11520932614803314
-0.023918623104691505
0.03519591689109802
0.11676374077796936
0.05035910755395889
0.06722056865692139
0.01035083457827568
0.013922388665378094
-0.24903139472007751
0.11654531210660934
0.9357713460922241
0.08104091882705688
0.14343324303627014
0.041191719472408295
0.42728760838508606
-0.18158647418022156
-0.10981014370918274
0.11664889007806778
0.06927522271871567
-0.4352688789367676
0.1968444287776947
-0.07304993271827698
0.4030207693576813
-0.05865158513188362
0.0331449992954731
-0.016260972246527672
0.02181033045053482
0.03808563947677612
0.06416608393192291
-0.025672469288110733
-0.0774870216846466
-0.05097049102187157
-0.08014669269323349
0.017399011179804802
0.020302100107073784
-0.03746788576245308
-0.02675747685134411
0.04862620308995247
0.0800834447145462
-0.5052125453948975
-0.10274092108011246
0.30917787551879883
0.4124370813369751
-0.2663976848125458
-0.11592492461204529
0.18298302590847015
0.3659549951553345
-0.11435922980308533
0.02933940663933754
0.10661454498767853
-0.4257860481739044
0.0969526544213295
0.17740793526172638
-0.31476396322250366
0.00816695112735033
-0.20154620707035065
-0.010294072329998016
0.004036706406623125
-0.022501841187477112
-0.004124379716813564
0.08004362881183624
-0.027629857882857323
0.02849041484296322
-0.04412485659122467
0.03169330582022667
0.054375480860471725
-0.08619818091392517
0.033133018761873245
0.0099576935172081
-0.022274821996688843
-0.0013459852198138833
-0.3131643831729889
-0.07383944094181061
-0.011238793842494488
0.03799303621053696
0.022237790748476982
-0.05205674469470978
0.04044913500547409
-0.015797017142176628
0.035373255610466
0.03837278112769127
0.07980897277593613
0.04769128933548927
-0.09691489487886429
0.028867656365036964
0.021526455879211426
0.007513648364692926
0.21489688754081726
0.3700309097766876
0.6710259914398193
1.4166761636734009
-0.11498115211725235
0.02332833968102932
0.16965678334236145
1.105054259300232
-0.324004203081131
-0.0959613174200058
0.4254039525985718
0.4234299659729004
0.1675024777650833
0.24226878583431244
0.2582714259624481
0.526337742805481
-0.08151702582836151
0.2072366327047348
0.5405914783477783
1.2555207014083862
-0.2326773852109909
-0.1271935999393463
0.0017816006438806653
0.7405028939247131
0.011331920512020588
-0.07600824534893036
0.40599578619003296
0.5532552599906921
-0.02767775021493435
0.3426593840122223
-0.1043114960193634
0.6133716702461243
0.35513418912887573
0.37666192650794983
0.33465224504470825
1.5771746635437012
0.7473720908164978
0.06318482011556625
0.011957155540585518
1.3666973114013672
0.4839656949043274
-0.1732085645198822
0.15145641565322876
0.9207733273506165
0.06573088467121124
0.3294930160045624
0.27545419335365295
0.4489824175834656
-0.026548752561211586
0.5893405079841614
0.4235784411430359
1.0076160430908203
-0.0873187929391861
-0.039291441440582275
0.02456851303577423
0.6903292536735535
-0.08999938517808914
0.07129375636577606
0.4358610510826111
0.5994957089424133
-0.024430081248283386
0.19024740159511566
0.47481292486190796
1.1410669088363647
-0.2226390689611435
0.5945369005203247
0.34216827154159546
1.8787930011749268
0.8413315415382385
0.3136422634124756
-0.0675702691078186
1.0741227865219116
0.3667830228805542
0.2331111878156662
0.09122104197740555
0.7176313996315002
0.18747389316558838
-0.16564227640628815
0.22792445123195648
0.7719679474830627
-0.48711633682250977
-0.18516023457050323
0.1691965013742447
0.1595710813999176
-0.17279689013957977
-0.27613863348960876
0.07828956842422485
0.390063613653183
-0.5014078617095947
-0.12709590792655945
0.17729471623897552
0.20626652240753174
0.09457488358020782
0.22155390679836273
-0.20876868069171906
0.28637897968292236
0.28858983516693115
0.4770456850528717
0.5204471945762634
0.9663087129592896
1.2492810487747192
0.21617886424064636
-0.04507292062044144
1.0759822130203247
0.5478007793426514
-0.31544604897499084
0.21454070508480072
0.9390051960945129
0.44197553396224976
0.5015991926193237
0.49197936058044434
0.4983055889606476
-0.0486830472946167
-0.06885558366775513
0.007435327861458063
-0.3133472502231598
0.07269684225320816
0.14945261180400848
-0.00046016491251066327
-0.5454930067062378
0.05297122150659561
-0.2503892481327057
0.11976079642772675
-0.15533842146396637
0.27818045020103455
0.25201815366744995
0.14544062316417694
-0.3100747764110565
-0.03473701700568199
-0.014917568303644657
-0.07420171052217484
0.03246080502867699
-0.09017933160066605
-0.07119353115558624
0.016538692638278008
0.03605373203754425
0.0244503952562809
0.019854165613651276
-0.02857922948896885
0.024081623181700706
-0.012884089723229408
0.07339596748352051
-0.022178666666150093
0.03301055356860161
-0.020380044355988503
0.005985633470118046
-0.12345798313617706
0.04383104294538498
-0.014317957684397697
-0.05481782183051109
0.004640805535018444
-0.04279298335313797
-0.008682084269821644
0.023766420781612396
-0.0304767694324255
-0.02107265219092369
0.0034767580218613148
0.0162543673068285
0.051478613168001175
-0.011870235204696655
0.07491640746593475
-0.36800312995910645
-0.16279290616512299
0.48558634519577026
-0.3186817765235901
-0.11469104886054993
-0.03537752106785774
0.09038471430540085
-0.1946806162595749
-0.16794230043888092
0.34334656596183777
0.12221937626600266
-0.10540330410003662
0.3364247977733612
-0.09050076454877853
0.47653084993362427
0.11913710087537766
-0.11230567842721939
0.2207983434200287
0.573780357837677
0.2881793975830078
0.21133846044540405
-0.27168506383895874
0.4515790045261383
-0.15317952632904053
0.10174737870693207
0.07565473020076752
0.3557738661766052
0.24714288115501404
-0.13609805703163147
0.15185341238975525
1.4164159297943115
-0.509052574634552
-0.03990104794502258
0.37018251419067383
0.2577928900718689
-0.28842929005622864
-0.3122684359550476
0.18185248970985413
0.10205167531967163
-0.28499168157577515
0.27877217531204224
0.11758804321289062
0.03362805396318436
-0.09106802940368652
-0.08059727400541306
-0.09901213645935059
0.5692691802978516
0.5818804502487183
-0.11254357546567917
-0.09908708184957504
0.34225523471832275
0.14731690287590027
0.24730508029460907
-0.5123274326324463
0.3945566713809967
-0.1647530049085617
-0.2275823950767517
-0.043986108154058456
0.39217111468315125
0.3065493404865265
-0.12398448586463928
0.0788087546825409
-0.15419669449329376
0.4181689918041229
0.26520398259162903
-0.149501234292984
0.7895761728286743
0.06280191987752914
-0.19048410654067993
-0.3064311146736145
1.2241238355636597
-0.38905075192451477
-0.051162466406822205
0.0866689532995224
0.4645298421382904
0.03931296989321709
0.402446985244751
0.3832574188709259
0.25572746992111206
-0.05731566995382309
-0.006290137302130461
-0.03483165428042412
0.6628110408782959
0.7146760821342468
0.014921578578650951
0.08836866915225983
0.23470017313957214
0.04883044213056564
-0.08054102212190628
-0.031243283301591873
0.07669760286808014
0.22630660235881805
-0.023128291592001915
0.08325298875570297
0.8223848938941956
0.11020911484956741
-0.3709458112716675
-0.3854938745498657
0.46292781829833984
-0.14678066968917847
-0.1370793581008911
-0.0811440721154213
0.17123650014400482
-0.0519380047917366
-0.1451309472322464
0.3571268618106842
0.12129221111536026
-0.3107868432998657
0.45812880992889404
-0.18145976960659027
0.5811545848846436
0.24747949838638306
0.16852951049804688
0.17465566098690033
0.6245724558830261
0.14217273890972137
-0.2760388255119324
-0.15772071480751038
0.5695606470108032
0.05065549910068512
-0.09286412596702576
0.08705884963274002
0.07112479209899902
0.7506273984909058
-0.061580393463373184
0.3364269435405731
0.991641104221344
0.34410548210144043
-0.14726780354976654
-0.019911926239728928
0.8844515681266785
-0.04326893761754036
-0.19476111233234406
-0.11653375625610352
0.7963656783103943
-0.3696441054344177
-0.14914588630199432
0.1553310602903366
0.1492420732975006
-0.44123175740242004
0.3472732901573181
-0.12183752655982971
0.7290816307067871
-0.008468225598335266
0.04475851356983185
-0.010537597350776196
-0.03036770224571228
0.03683833032846451
0.07627884298563004
-0.03150208666920662
-0.009548009373247623
-0.027529001235961914
0.05907026678323746
0.020512839779257774
-0.001212863135151565
0.014371167868375778
-0.10152988135814667
0.046395596116781235
-0.021606547757983208
-0.1241268441081047
0.4678060710430145
0.5364866852760315
1.0428622961044312
-0.09662629663944244
-0.06433243304491043
0.050045426934957504
1.3020744323730469
-0.098934106528759
0.09081800282001495
0.34690314531326294
0.5067936182022095
0.07018303126096725
0.23628020286560059
0.16617733240127563
0.6357661485671997
0.18894539773464203
0.10926073789596558
0.18122443556785583
0.9224284887313843
-0.22712814807891846
-0.2705787122249603
0.25816810131073
0.6724878549575806
-0.19693727791309357
-0.12850485742092133
0.5118418335914612
0.36708730459213257
0.05940000340342522
0.33706414699554443
0.15095512568950653
0.2431873381137848
-0.017947958782315254
0.259199321269989
-0.4765377342700958
0.5094811916351318
0.09389568865299225
-0.40165406465530396
0.08579180389642715
0.8457528948783875
0.03598104789853096
0.322761207818985
-0.1168261468410492
0.1941206306219101
-0.22799363732337952
-0.2019139677286148
-0.003621699521318078
-0.08008961379528046
0.3590199947357178
0.06021697074174881
-0.16429251432418823
-0.16628339886665344
0.3690757751464844
0.1941753625869751
-0.07691889256238937
0.2921507954597473
0.40466758608818054
0.02798958122730255
-0.20903968811035156
-0.04069001227617264
0.1463557928800583
-0.14531362056732178
0.1439155787229538
-0.12133551388978958
-0.008152659982442856
0.019638897851109505
-0.019856315106153488
-0.03843130171298981
0.2285713106393814
-0.01320244837552309
0.01878867670893669
-0.046285055577754974
-0.03955276682972908
-0.01869734190404415
0.010340269654989243
0.03810960799455643
-0.014583030715584755
0.023090632632374763
0.000753329077269882
0.02844145894050598
-0.07919460535049438
-0.22121542692184448
0.06233348697423935
-0.8825471997261047
0.039817728102207184
0.15052294731140137
0.2220025360584259
-0.3980610966682434
0.41970694065093994
-0.20090998709201813
-0.31655314564704895
-0.13301686942577362
0.322519987821579
-1.3367663621902466
-0.2051221877336502
0.2444080412387848
-0.013656752184033394
-0.03435225784778595
-0.06664470583200455
0.01279445644468069
-0.008883852511644363
0.010613863356411457
-0.030154379084706306
-0.043696414679288864
-0.011194002814590931
0.03526877239346504
0.04906771704554558
0.06294625252485275
-0.02869211509823799
0.0027072716038674116
0.012535187415778637
0.05418257415294647
0.18590690195560455
0.22306744754314423
-0.09616230428218842
-0.944949209690094
0.05598737299442291
-0.32707828283309937
0.013086533173918724
-0.26116234064102173
-0.0943848043680191
0.19795136153697968
-0.2864866852760315
-0.08086062222719193
0.08279844373464584
-0.23469901084899902
-0.039567817002534866
0.23710358142852783
0.027871854603290558
-0.006033942103385925
0.0026577950920909643
0.01819152571260929
-0.020284287631511688
-0.026549451053142548
-0.04380310699343681
0.034604333341121674
0.0369940884411335
-0.03142444044351578
-0.019813062623143196
-0.023098450154066086
0.021706080064177513
0.007226211484521627
0.02918536216020584
-0.07440999150276184
0.31163033843040466
0.15500479936599731
-0.12432459741830826
-0.6743441224098206
0.16711227595806122
-0.19698193669319153
-0.17682680487632751
-0.2809932827949524
0.13367894291877747
0.2127026915550232
-0.38965892791748047
0.4888952672481537
-0.04597354307770729
0.12174674868583679
0.0725112184882164
0.5182924270629883
0.20911890268325806
0.05378817021846771
-0.0794195756316185
0.019086401909589767
0.05667394399642944
0.023260818794369698
0.04400944709777832
-0.020469198003411293
-0.003607038874179125
0.08269550651311874
-0.07073076069355011
0.0462542399764061
-0.009672163985669613
0.006027972791343927
0.12088293582201004
0.13650815188884735
0.24735218286514282
0.04139763489365578
-0.025163980200886726
-0.0066983564756810665
0.027088206261396408
0.07102610915899277
0.041923630982637405
0.007951992563903332
0.042259663343429565
-0.07752759009599686
-0.07705947011709213
-0.02110171876847744
-0.057196591049432755
-0.004935721401125193
-0.019489945843815804
-0.07791867107152939
-0.33316412568092346
-0.1751755326986313
-0.26818445324897766
-1.2586311101913452
0.1199294924736023
0.2931212782859802
-0.0724787563085556
-0.9851716160774231
0.10288213938474655
0.3523983955383301
-0.7246949672698975
0.32074522972106934
0.18686924874782562
-0.18659231066703796
-0.018261725082993507
0.14825399219989777
0.1754092127084732
-0.2531324326992035
-0.5290637612342834
-0.9325302839279175
0.08350247144699097
0.29429563879966736
0.01542305015027523
-0.6209801435470581
0.19583328068256378
0.1287747621536255
-0.37869954109191895
0.25758183002471924
-0.21083709597587585
-0.06755513697862625
-0.1002533882856369
0.29291248321533203
-0.2447669804096222
-0.3629680871963501
0.10398682951927185
-1.7132455110549927
-0.5134114623069763
-0.5437043309211731
-0.4958451986312866
-1.3335834741592407
-0.6970630884170532
-0.06637366116046906
-0.11480408906936646
-0.23817937076091766
0.4218187928199768
-0.5983822345733643
-0.09895700961351395
0.08476321399211884
0.08487457782030106
-0.054882556200027466
-0.37218111753463745
-0.7368711233139038
0.15945354104042053
0.29369428753852844
0.1534409523010254
-0.34854310750961304
0.15418550372123718
0.14228646457195282
-0.1850745975971222
0.41328656673431396
-0.38386863470077515
-0.01024484820663929
0.4852924644947052
-0.07520055770874023
0.12846152484416962
-0.33773013949394226
-0.12843428552150726
-1.9202144145965576
-0.40798142552375793
-0.2881123721599579
-0.15426532924175262
-1.1787937879562378
-0.555530309677124
-0.11803044378757477
-0.15024034678936005
0.3926585614681244
-0.026252053678035736
-0.19249308109283447
0.02023002691566944
-0.06625116616487503
0.4131631851196289
-0.021519863978028297
0.14858479797840118
-0.5262348055839539
0.06820233166217804
0.5219734907150269
0.05522315576672554
-0.09317486733198166
0.7214381694793701
0.09143958240747452
-0.40076330304145813
-0.20025703310966492
-0.11961520463228226
-0.06314747035503387
-0.09298563748598099
0.22830547392368317
-0.2285405546426773
-0.6030749082565308
-0.01312699168920517
-1.4180604219436646
-0.6698734164237976
-0.2692713737487793
0.18009455502033234
-1.031578779220581
-0.38218966126441956
-0.16781312227249146
0.026936864480376244
-0.676120400428772
0.6419738531112671
-1.045780062675476
-0.17121590673923492
0.6686449646949768
-0.06402454525232315
0.0297430120408535
-0.48787885904312134
0.7804475426673889
0.05806002393364906
-0.2543168067932129
-0.04855993390083313
0.5626856684684753
0.05507596209645271
0.2754304111003876
-0.3000641465187073
0.03352545574307442
-0.07462598383426666
-0.299084335565567
0.0887150689959526
0.2830650806427002
-0.056714221835136414
-0.03292745351791382
0.021655792370438576
-0.10528702288866043
0.12023530155420303
-0.0054466696456074715
-0.08004054427146912
-0.02867591753602028
-0.014151266776025295
-0.03269830346107483
0.06007806211709976
-0.08520489186048508
0.025507187470793724
0.039329010993242264
0.06591181457042694
0.061803221702575684
0.019070696085691452
-0.00974232330918312
0.08396045863628387
0.043989770114421844
0.08012256771326065
-0.01662982814013958
-0.023224037140607834
0.018281390890479088
-0.013721726834774017
-0.0069420007057487965
-0.05132792890071869
-0.016810985282063484
0.04213174059987068
0.02149868756532669
-0.00976340938359499
-0.00697453785687685
-0.02697433903813362
0.2579703629016876
0.20761670172214508
-0.6880044341087341
-0.014443069696426392
0.28225597739219666
0.03007492423057556
0.18510589003562927
0.2112078219652176
0.2771252691745758
-0.37104347348213196
-0.20481956005096436
-0.05999033525586128
-0.3559589684009552
-0.1211785152554512
0.13890354335308075
0.3212171792984009
0.2385854423046112
0.07787209004163742
-1.1754807233810425
-0.07163841277360916
0.06455375254154205
0.09290872514247894
-0.32341647148132324
0.29106420278549194
-0.06838423013687134
-0.2021697461605072
-0.0001653411309234798
0.3259803354740143
-0.3932357132434845
0.05307000130414963
-0.24456584453582764
0.5153047442436218
-0.16702723503112793
-0.024745533242821693
-0.605148434638977
0.32971295714378357
0.3948596119880676
-0.050624433904886246
0.021600719541311264
0.276755154132843
-0.21115213632583618
-0.13142842054367065
0.18876422941684723
-0.09526994079351425
0.029695268720388412
0.03953685238957405
0.09656859189271927
-0.21198691427707672
0.10815004259347916
-0.010243624448776245
-0.7333053946495056
-0.2737387418746948
-0.6020509600639343
0.11179975420236588
0.014218360185623169
0.258053183555603
0.31741857528686523
-0.2900952100753784
-0.00418136129155755
0.4628767669200897
-0.30326879024505615
0.026965150609612465
0.5856334567070007
-0.7773211598396301
-0.1799767166376114
0.10293369740247726
-1.2147059440612793
-0.05243510380387306
0.06691081821918488
-0.35937628149986267
-0.9875611662864685
0.27806931734085083
0.10368649661540985
0.14759986102581024
0.5436640977859497
0.2752801179885864
0.16707009077072144
-0.07329864799976349
0.1557980328798294
-0.048191819339990616
-0.372433066368103
0.3341616094112396
-0.881386399269104
-0.3636264204978943
-0.3127354681491852
-0.37251171469688416
-0.24845798313617706
0.04432680085301399
0.09790585935115814
-0.12434140592813492
-0.20628635585308075
-0.1093694344162941
-0.4291014075279236
-0.13524964451789856
0.10479632019996643
0.08469172567129135
0.21099458634853363
0.45575177669525146
-0.7743878960609436
0.044331278651952744
0.3653935492038727
-0.13007299602031708
0.047217871993780136
0.18988102674484253
0.14593249559402466
-0.37298649549484253
-0.09510906040668488
0.056202031672000885
-0.24972979724407196
-0.10233445465564728
0.187224343419075
0.1402558982372284
-0.038286834955215454
0.1363513022661209
-0.8310911655426025
0.1274154931306839
0.052068863064050674
0.21328875422477722
-0.43482741713523865
0.021395564079284668
0.1401858776807785
0.007724656257778406
-0.16024136543273926
0.5993472337722778
-0.6698423027992249
-0.13366685807704926
0.24356558918952942
0.026095837354660034
0.0783405527472496
-0.09615781158208847
-1.1172585487365723
-0.12722982466220856
0.024501871317625046
-0.08100996166467667
-0.26961550116539
0.4494662582874298
0.3353376090526581
-0.39103206992149353
-0.08785510063171387
0.32602691650390625
-0.13238124549388885
-0.14058248698711395
0.08996054530143738
-0.033193957060575485
-0.023513348773121834
-0.0458933562040329
-0.00216644792817533
-0.008738813921809196
0.02760474942624569
-0.07370705157518387
-0.0939653292298317
0.061377186328172684
-0.007505933288484812
-0.00035728380316868424
-0.0031705608125776052
0.0499415397644043
-0.0194314606487751
-0.007617971394211054
0.07944797724485397
0.09745599329471588
-0.28987032175064087
-0.34343573451042175
-1.112701177597046
0.21652084589004517
0.4121300280094147
0.19474667310714722
-1.4186992645263672
0.133804053068161
0.07876214385032654
-0.19589495658874512
0.14255981147289276
0.0024168179370462894
-0.08581846207380295
0.03930461034178734
0.0072516100481152534
-0.03429447486996651
-0.03122149221599102
-0.25789499282836914
-1.306891918182373
0.10695438832044601
0.3016550838947296
-0.5309213399887085
-0.4672853946685791
0.1071159616112709
0.2585192024707794
-0.6109458208084106
0.4060293436050415
0.06333431601524353
-0.2891731560230255
-0.1110427975654602
0.32574549317359924
0.01420891284942627
-0.19102001190185547
0.3394794762134552
-0.4684236943721771
0.0029768410604447126
0.14297835528850555
0.11127690225839615
-0.4329700171947479
0.001540610333904624
-0.10187581181526184
-0.24771089851856232
-0.19964000582695007
0.15183018147945404
0.08522828668355942
-0.02603456750512123
-0.22788265347480774
-0.27619117498397827
-0.10054193437099457
-0.5688146948814392
0.18730443716049194
-0.3408597707748413
-0.24309702217578888
-0.07208867371082306
0.022850869223475456
-0.26889529824256897
-0.226659893989563
-0.27140820026397705
0.04223984479904175
-0.4600825011730194
0.24486447870731354
0.1204528734087944
0.9306471347808838
-0.010707398876547813
-0.07925478368997574
-0.06047123298048973
-0.02079790271818638
-0.2721232771873474
-0.007538477424532175
-0.009624176658689976
0.07793816924095154
-0.06299574673175812
0.025032619014382362
0.06015264615416527
0.04312271997332573
-0.06952323764562607
0.019421255216002464
-0.008838994428515434
-0.01886308193206787
0.9495331645011902
0.1460925191640854
-0.26336565613746643
0.5639871954917908
0.16639715433120728
-0.24639692902565002
-0.3016721308231354
0.1954851746559143
-0.17121757566928864
0.22818374633789062
0.3662332594394684
0.16023793816566467
0.7371891736984253
1.5168404579162598
0.9795998334884644
1.933584213256836
-0.08991152048110962
-0.0029459954239428043
-0.007530245464295149
-0.033647939562797546
0.041899703443050385
0.05443819612264633
0.010590394958853722
-0.016298776492476463
0.0009185814997181296
0.03810357674956322
0.029318010434508324
-0.06708842515945435
0.013348221778869629
0.07575102150440216
0.0223455261439085
-0.011561374180018902
-0.09555189311504364
-0.3529405891895294
-0.19388368725776672
0.9637414813041687
0.1527215987443924
0.2164369523525238
-0.2660082280635834
-0.08647110313177109
-0.1888815462589264
-0.2753574252128601
0.04153449088335037
0.015049055218696594
0.25717049837112427
0.4149557054042816
0.430300235748291
0.5298202633857727
0.01944093219935894
-0.03570815920829773
-0.02568051777780056
-0.02495112270116806
-0.013439375907182693
-0.03579943627119064
0.04523498937487602
0.04777203127741814
-0.07328230887651443
0.07731196284294128
-0.07326938956975937
0.004073782823979855
0.026026908308267593
0.015040060505270958
-0.055211637169122696
-0.0425063818693161
-0.47335925698280334
-0.18169309198856354
0.18934482336044312
0.377322793006897
-0.16557428240776062
-0.06774093955755234
-0.1377207338809967
0.3812897205352783
-0.16043877601623535
-0.38910236954689026
0.050477948039770126
-0.6353136301040649
0.026446765288710594
-0.09999315440654755
0.11274909228086472
-0.015315585769712925
-0.2526610493659973
-0.11405788362026215
0.008381010964512825
-0.08349958807229996
0.04371513053774834
0.03624238446354866
-0.02749907784163952
0.028866086155176163
0.017408274114131927
0.03479404002428055
0.04717136174440384
0.09054207056760788
-0.005077429115772247
-0.022358447313308716
0.05862356722354889
-0.11070579290390015
-0.29181239008903503
0.050096698105335236
0.01699114590883255
0.0449368953704834
-0.07353820651769638
0.017346637323498726
0.00473896274343133
0.010492071509361267
0.0039085703901946545
0.002825085073709488
0.056952230632305145
-0.014727908186614513
0.008679232560098171
0.005017546471208334
0.017563773319125175
-0.05820292979478836
0.4407033324241638
0.2792997658252716
0.6120716333389282
1.5663164854049683
-0.13850265741348267
-0.17734107375144958
-0.2533268332481384
1.1237976551055908
-0.35736438632011414
-0.2874491810798645
0.31328055262565613
0.13003014028072357
-0.36439406871795654
-0.0658678486943245
0.30673447251319885
0.591777503490448
0.060748375952243805
-0.10528697073459625
0.4035060405731201
1.0903517007827759
-0.26435571908950806
-0.38831189274787903
-0.3856727182865143
0.7908236384391785
-0.37497034668922424
-0.32852932810783386
0.11309333890676498
0.5345868468284607
-0.05601450800895691
0.25132545828819275
0.4449484944343567
0.7127196788787842
0.6711301207542419
0.3889007270336151
-0.1474657654762268
1.6340916156768799
0.7578979134559631
0.06702698767185211
-0.26848167181015015
0.8814530372619629
0.34916165471076965
-0.16525307297706604
0.26544976234436035
0.37295499444007874
0.48030611872673035
0.4894980192184448
0.5188513994216919
0.6913100481033325
0.1510733813047409
0.1470218002796173
0.37207964062690735
1.0130597352981567
-0.025251414626836777
0.019670985639095306
-0.010015551932156086
0.8812287449836731
-0.2548101246356964
-0.1381145864725113
0.0677732601761818
0.5609725117683411
-0.0008949779439717531
0.18752112984657288
0.550503134727478
0.957855761051178
-0.15719442069530487
0.32554131746292114
0.02604360692203045
2.284128427505493
1.1636046171188354
0.09478839486837387
-0.3276714086532593
0.9163092970848083
0.3507007956504822
-0.09061583131551743
0.3476346731185913
0.19530414044857025
0.46883058547973633
0.32624518871307373
0.3416135907173157
0.9476585984230042
-0.3088246285915375
-0.297095388174057
-0.11079852283000946
0.11610578000545502
-0.19482244551181793
-0.22171872854232788
-0.16112172603607178
0.06316930055618286
-0.5261750817298889
-0.43177783489227295
0.34284454584121704
0.18799921870231628
0.019597526639699936
0.1578935980796814
0.23603621125221252
0.571232795715332
0.49087822437286377
0.44060537219047546
0.07433353364467621
0.9682953953742981
1.2791520357131958
0.41407257318496704
-0.4638293385505676
0.522422194480896
0.6253288984298706
-0.2120731770992279
0.21456675231456757
0.7914971709251404
0.7982683181762695
1.4919095039367676
1.0552688837051392
0.9548444747924805
0.03214219957590103
0.21906238794326782
0.23726807534694672
-0.2514727711677551
-0.0359828844666481
0.4288930892944336
0.0007463280344381928
-0.24877814948558807
0.000533836311660707
-0.19680915772914886
-0.36008116602897644
-0.05833324417471886
0.08166760951280594
0.09204550832509995
0.045732807368040085
-0.40006008744239807
-0.028952239081263542
0.03611119091510773
0.013956070877611637
-0.07334684580564499
-0.1115013062953949
0.10434484481811523
-0.009954027831554413
-0.07085384428501129
0.04918656125664711
-0.0655420646071434
-0.04547559469938278
0.08636271208524704
0.05140872672200203
-0.03465135022997856
0.012119222432374954
-0.018774857744574547
-0.059058740735054016
-0.01333578396588564
-0.000509672099724412
-0.08783387392759323
-0.04592928662896156
-0.04898824170231819
0.005844887811690569
-0.011806842871010303
0.055703096091747284
0.014265202917158604
0.00254576257430017
-0.029518794268369675
0.0624135285615921
-0.04091694578528404
-0.001400777604430914
0.07622592896223068
0.2729727327823639
-0.36069977283477783
-0.11389832943677902
0.4590287506580353
-0.3922496736049652
-0.23051148653030396
-0.23274262249469757
-0.06643936783075333
-0.3989369869232178
-0.45480477809906006
-0.030655553564429283
-0.13227541744709015
0.03252033144235611
0.313970685005188
0.47583189606666565
0.5728424787521362
0.3476278483867645
-0.20694273710250854
-0.10795475542545319
0.6031528115272522
0.3706021010875702
0.0730917900800705
-0.21218018233776093
0.24549022316932678
-0.4054946303367615
-0.19213517010211945
-0.025280598551034927
0.11660680174827576
0.5998573303222656
0.6575525403022766
0.08340347558259964
1.366431713104248
-0.46984562277793884
-0.04489196464419365
0.06912905722856522
0.1484023928642273
-0.3636271059513092
-0.3146532475948334
-0.41574543714523315
0.07078278064727783
-0.3821558356285095
-0.20205137133598328
-0.2522006034851074
0.05682307109236717
-0.05999317020177841
0.2709210515022278
0.24988998472690582
0.507103681564331
0.7285184860229492
-0.0869516134262085
-0.27316588163375854
0.2346516251564026
0.39553993940353394
0.37883368134498596
-0.1849367320537567
0.061702828854322433
-0.016234541311860085
-0.5100307464599609
0.06584219634532928
0.19204334914684296
0.4541720151901245
0.5717083215713501
0.2834758460521698
0.024996504187583923
0.7340624928474426
0.1426139771938324
-0.2050597369670868
0.7454919219017029
0.17108292877674103
-0.2459869086742401
-0.8139294385910034
1.2016562223434448
-0.5870139002799988
-0.254147469997406
0.20130129158496857
-0.3413638472557068
0.19533602893352509
-0.25971952080726624
0.20084084570407867
0.33015233278274536
0.10442463308572769
-0.060320839285850525
-0.2597297132015228
0.5025225281715393
0.6242839097976685
0.1110415831208229
-0.1289290189743042
-0.16605259478092194
0.06816883385181427
-0.2636820673942566
-0.12744250893592834
-0.10323908179998398
0.2747538089752197
0.8952036499977112
0.34883740544319153
0.9312536120414734
0.14497822523117065
-0.1416769027709961
-0.3550334870815277
0.3784869909286499
-0.17297598719596863
-0.11626964062452316
-0.09844876825809479
0.017478905618190765
-0.168315589427948
-0.27371445298194885
0.14696389436721802
-0.17434565722942352
0.16614745557308197
0.4157094657421112
0.48315176367759705
0.8782476186752319
0.18355251848697662
0.10997903347015381
-0.2778690755367279
0.2523908019065857
0.3572995960712433
-0.38305360078811646
-0.4278098940849304
0.06666455417871475
0.1547526866197586
-0.3725670278072357
-0.045192789286375046
-0.318475604057312
0.785607635974884
0.36195191740989685
1.0288259983062744
1.146153211593628
0.395000696182251
-0.20826822519302368
-0.028763992711901665
0.8958435654640198
-0.058327265083789825
-0.19939543306827545
-0.4777512550354004
0.3683771789073944
-0.5460234880447388
-0.4409748613834381
0.07655973732471466
-0.23916210234165192
0.1432059109210968
0.2019636332988739
0.4335925281047821
0.9670486450195312
-0.037786319851875305
-0.05091353505849838
0.049586355686187744
-0.019726883620023727
0.0026126436423510313
-0.0004811198159586638
-0.05952507257461548
0.03426731377840042
-0.008864651434123516
0.09031195193529129
-0.09513825178146362
0.015372218564152718
0.034882042557001114
-0.02409937232732773
0.0072982837446033955
-0.03593222051858902
0.09953644871711731
0.15464067459106445
0.5142567157745361
1.0741469860076904
-0.030406275764107704
-0.10717495530843735
-0.33950966596603394
1.4090975522994995
-0.34586983919143677
-0.21924081444740295
-0.003539773402735591
0.4186699390411377
-0.019559402018785477
0.2532421052455902
0.27737313508987427
0.6608130931854248
0.34886622428894043
0.08644606173038483
0.13202553987503052
0.8738245368003845
-0.27281811833381653
-0.19399341940879822
-0.08779741823673248
0.5534548759460449
-0.3429800570011139
-0.35869988799095154
0.34898242354393005
-0.22552327811717987
-0.1545475870370865
-0.10204154998064041
0.35323193669319153
0.45768406987190247
-0.015207633376121521
-0.1282554268836975
0.010740509256720543
-0.40946948528289795
0.220672145485878
0.24140380322933197
-0.058269765228033066
-0.3215324878692627
0.0252345222979784
-0.19624868035316467
0.04859429970383644
-0.18235252797603607
0.24600611627101898
0.062204279005527496
0.045900847762823105
-0.243474081158638
-0.3395344316959381
-0.20524312555789948
-0.35182127356529236
0.22464720904827118
-0.4121672213077545
-0.20586161315441132
0.017200978472828865
0.27041587233543396
-0.4907767176628113
0.20915921032428741
0.09640303254127502
0.16681364178657532
-0.5213377475738525
0.48340746760368347
0.14275404810905457
0.9157181978225708
-0.03290436789393425
0.05894593149423599
0.011871232651174068
0.008517705835402012
-0.20023822784423828
0.06330927461385727
-0.05698492005467415
-0.028082547709345818
-0.019488858059048653
-0.05852159485220909
-0.06012919545173645
0.01618766598403454
-0.00815266277641058
-0.0403512567281723
-0.028845220804214478
0.026129839941859245
0.6687206625938416
0.45164117217063904
-0.17925682663917542
0.852937638759613
0.38683179020881653
-0.3854517936706543
-0.13908284902572632
0.6879317164421082
-0.3923807442188263
-0.26555323600769043
0.26051560044288635
0.33907806873321533
0.16397149860858917
1.0366744995117188
1.0454990863800049
1.9242095947265625
-0.06978416442871094
0.029413431882858276
-0.01085458230227232
-0.030371099710464478
0.060361649841070175
-0.000712655542884022
0.0876476839184761
-0.017894549295306206
0.004334472119808197
0.021482493728399277
-0.047728825360536575
-0.03074227087199688
-0.023128975182771683
-0.0564269945025444
-0.10426793247461319
0.059834253042936325
0.34806516766548157
0.13604985177516937
0.19109699130058289
0.8731172680854797
-0.04410922899842262
-0.1427890956401825
-0.08023309707641602
0.4236578643321991
-0.27224376797676086
-0.23855356872081757
0.02531362511217594
0.005741699133068323
-0.4270898401737213
0.07294782996177673
0.47397616505622864
0.5612567663192749
0.09724225103855133
-0.060973431915044785
0.08262959867715836
-0.013098864816129208
0.011070409789681435
-0.07101473212242126
-0.10949297249317169
-0.015167629346251488
-0.025891728699207306
0.06187010183930397
-0.05808889865875244
0.04180295765399933
-0.0021760896779596806
-0.024221127852797508
0.09882524609565735
-0.05128887668251991
-0.3905801773071289
-0.013499786145985126
0.2538442015647888
0.5025092363357544
-0.4177384078502655
-0.08880268782377243
0.1366356462240219
0.4185737073421478
-0.1723451018333435
-0.17959977686405182
0.056053757667541504
-0.44545984268188477
0.22666524350643158
0.19324104487895966
0.1734270453453064
0.15061771869659424
-0.14626051485538483
-0.003410579636693001
0.001087162527255714
-0.0007024303777143359
-0.0999850407242775
-0.028565507382154465
0.02372937835752964
-0.03873594105243683
0.005245830398052931
-0.015494568273425102
0.021580150350928307
0.08394568413496017
-0.03311282396316528
-0.024085279554128647
0.07341404259204865
0.0005876192008145154
-0.20779965817928314
-0.003853062866255641
-0.04001699760556221
-0.00924660824239254
-0.030644698068499565
-0.029479244723916054
-0.07130108028650284
0.014669127762317657
-0.0099954130128026
-0.053430769592523575
0.06076972931623459
0.1402929127216339
0.0717570036649704
0.036980219185352325
0.08512504398822784
0.12071144580841064
0.4689157009124756
0.5602172613143921
0.7011288404464722
1.4815064668655396
0.07482258230447769
-0.02844977006316185
0.03795253112912178
1.2513748407363892
-0.29307761788368225
-0.1545792520046234
0.2494475543498993
0.42670977115631104
-0.07971476018428802
0.07821596413850784
0.26713815331459045
0.46907520294189453
0.1590849608182907
0.5578970313072205
0.4368504285812378
1.2974522113800049
-0.3129563629627228
-0.17355473339557648
0.11978744715452194
0.7371110320091248
-0.2250024378299713
-0.29736483097076416
0.3813800513744354
0.6240423917770386
-0.3017858862876892
0.5738215446472168
0.3275563418865204
0.7528155446052551
0.815466046333313
0.5941459536552429
0.34962400794029236
1.5503424406051636
0.8127487301826477
0.22214235365390778
0.01800326257944107
1.4838368892669678
0.5867390036582947
-0.27094048261642456
0.2840798795223236
0.8104040622711182
0.055806733667850494
0.3149339258670807
0.6463241577148438
0.7314305305480957
0.2553487718105316
0.6274876594543457
0.41745394468307495
1.13044273853302
0.028241904452443123
-0.03900988772511482
0.07545735687017441
0.6922875642776489
-0.10521985590457916
0.053471460938453674
0.21485832333564758
0.5669665932655334
-0.1224132552742958
0.1690397709608078
0.589179515838623
1.242053508758545
0.4681732654571533
0.5787169337272644
0.27820688486099243
1.8427767753601074
0.8700190782546997
0.3673991858959198
0.13047200441360474
1.2074036598205566
0.4077993929386139
0.042838502675294876
-0.004103970248252153
0.5849927663803101
-0.019238891080021858
-0.061336617916822433
0.37850651144981384
0.9090631008148193
-0.2522459030151367
-0.001328388461843133
-0.04438633844256401
0.3091789782047272
-0.3311613202095032
-0.3887978196144104
0.12028543651103973
0.35588815808296204
-0.5543274879455566
-0.31223973631858826
-0.0080124381929636
0.14167198538780212
0.0786379799246788
0.3120212256908417
0.22217856347560883
0.4041438698768616
0.6271716356277466
1.0351091623306274
0.4784172475337982
1.208641767501831
1.2701878547668457
0.007177829276770353
0.09869179129600525
1.1579246520996094
0.6982754468917847
-0.4710999131202698
0.11575199663639069
0.9785247445106506
0.2775232493877411
0.9988790154457092
1.234386920928955
1.011622428894043
0.005618075840175152
0.060496117919683456
-0.09776947647333145
-0.3451119065284729
0.01243654265999794
0.10929565876722336
0.00640938151627779
-0.5206779837608337
-0.04615522921085358
-0.24341948330402374
0.043357912451028824
-0.13439376652240753
0.43105918169021606
0.167975515127182
-0.029732227325439453
-0.4244707226753235
-0.011969705112278461
-0.09571236371994019
0.010433590970933437
0.0151374451816082
-0.07301589101552963
0.09747826308012009
-0.030412957072257996
-0.03673321008682251
0.14474913477897644
0.03359464555978775
-0.0035521455574780703
-0.019002646207809448
0.06339570879936218
-0.02566254697740078
0.024064533412456512
0.026566090062260628
-0.03254089504480362
0.002072980860248208
0.0028212526813149452
-0.011256255209445953
-0.013932563364505768
-0.028534743934869766
0.03711056709289551
-0.12776735424995422
0.018911555409431458
0.029849423095583916
-0.001567050931043923
-0.014893143437802792
0.0048279548063874245
-0.04915241152048111
0.03563118726015091
0.0012494322145357728
0.21402829885482788
-0.12419553846120834
-0.16038762032985687
0.4600248336791992
-0.5185303092002869
-0.1216941773891449
-0.010637159459292889
0.18721316754817963
-0.33309587836265564
-0.35783734917640686
0.154111847281456
0.09813192486763
-0.18755759298801422
0.1900433748960495
0.37461522221565247
0.49069786071777344
0.4261532127857208
0.09807861596345901
0.19207879900932312
0.40171685814857483
0.41237881779670715
0.050825465470552444
-0.23397204279899597
0.48282983899116516
0.023939523845911026
-0.052045807242393494
0.017461232841014862
0.18446636199951172
0.1587844341993332
0.26443320512771606
0.20625898241996765
1.437630295753479
-0.4380711019039154
0.3582114279270172
0.20596177875995636
0.05616654083132744
-0.40879642963409424
-0.3463706374168396
0.03581605479121208
0.09993370622396469
-0.2766236662864685
0.1815113127231598
0.21444834768772125
0.050582464784383774
-0.01043215673416853
0.18676452338695526
0.2622491717338562
0.6098476052284241
0.8068257570266724
0.21123021841049194
0.03213909640908241
0.299545556306839
0.33908796310424805
0.08652029186487198
-0.3004898130893707
0.2241034209728241
-0.1431570053100586
-0.32805681228637695
-0.010318459942936897
0.352327436208725
0.29481688141822815
0.04960399866104126
0.19818775355815887
0.016325296834111214
0.671959638595581
0.2920319139957428
-0.18297021090984344
0.8035829663276672
0.05667446553707123
0.10490241646766663
-0.17320938408374786
1.0901978015899658
-0.4386928379535675
-0.13019819557666779
0.06222216784954071
0.32131949067115784
-0.26952457427978516
0.03789794445037842
0.30667057633399963
0.3840392231941223
0.3978336453437805
0.14645381271839142
0.013890208676457405
0.5566356778144836
0.7399687170982361
0.09472615271806717
0.06891251355409622
0.38338348269462585
0.14409075677394867
-0.21190603077411652
-0.03173401579260826
0.04919358342885971
-0.2498893439769745
0.21742136776447296
0.5786560773849487
0.890259325504303
0.19007010757923126
0.08200160413980484
-0.36969080567359924
0.5473387837409973
-0.22818665206432343
-0.2599876821041107
-0.03435719013214111
0.1236802414059639
-0.1234193965792656
-0.18968206644058228
0.11480008065700531
0.021859193220734596
-0.29365089535713196
0.23628152906894684
0.36073970794677734
0.8095623254776001
0.4175638258457184
0.5452064275741577
0.15539108216762543
0.6745773553848267
0.4093332588672638
-0.3687369227409363
-0.13850270211696625
0.39353951811790466
-0.10620611160993576
-0.2747288942337036
-0.04554140940308571
0.07245604693889618
0.6402053833007812
0.0741836428642273
0.8848990797996521
1.2671178579330444
0.5856831073760986
0.07313667982816696
0.02262800745666027
0.9151636958122253
-0.09545380622148514
-0.23800818622112274
0.024607043713331223
0.6611356139183044
-0.36551693081855774
-0.3201655149459839
0.07644123584032059
0.16623875498771667
-0.6025500297546387
0.2260896861553192
0.40751543641090393
0.8381872773170471
0.017959417775273323
0.007261452730745077
0.003692592727020383
0.08462294936180115
-0.025837624445557594
-0.06530999392271042
-0.02088107541203499
-0.024705855175852776
0.12374907732009888
0.06575659662485123
-0.017903059720993042
0.006333525292575359
0.018944263458251953
-0.05129587650299072
-0.021812940016388893
0.04684402048587799
0.14830169081687927
0.5218132734298706
0.4874679744243622
1.2044042348861694
-0.02340122126042843
-0.07274804264307022
-0.0614975281059742
1.3478062152862549
-0.16412436962127686
0.016289709135890007
0.32396408915519714
0.5705496668815613
-0.08288372308015823
0.2783266305923462
0.1253116875886917
0.6538126468658447
0.15833145380020142
0.3233047425746918
0.3987677991390228
1.0257809162139893
-0.4037517309188843
-0.29042455554008484
0.24387040734291077
0.6301919221878052
-0.12214724719524384
-0.21092106401920319
0.32661139965057373
0.32040753960609436
-0.016023721545934677
0.3191521465778351
0.43494129180908203
0.3410628139972687
-0.02452976629137993
-0.21776287257671356
0.42283424735069275
-0.2565670907497406
0.20431376993656158
0.30429506301879883
-0.03216651827096939
0.019078878685832024
-0.11596743017435074
-0.3208319842815399
-0.04687611386179924
-0.3432146906852722
0.32645997405052185
0.31997597217559814
-0.1460833102464676
0.04255528002977371
-0.11139928549528122
-0.08247050642967224
0.9250069260597229
-0.897848904132843
-0.03516436740756035
-0.11639384180307388
0.7105128765106201
-0.6416119337081909
-0.5474361181259155
0.24785254895687103
-0.014494583941996098
-0.060138918459415436
0.08473053574562073
0.20551684498786926
-0.16081900894641876
0.49136224389076233
-0.031107498332858086
-0.0352313332259655
-0.036893244832754135
-0.059165555983781815
0.20862051844596863
0.04018678143620491
0.012213108129799366
0.02445797435939312
-0.04665800929069519
0.024558398872613907
-0.05084327980875969
-0.001843275735154748
-0.02691858634352684
0.013847600668668747
0.025636818259954453
-0.06746547669172287
0.2480274885892868
-0.3913997411727905
0.388311505317688
-1.205603837966919
0.11180196702480316
-0.3530595004558563
0.16091682016849518
-0.5576040148735046
-0.026035325601696968
-0.3761398196220398
0.46294209361076355
0.3950187861919403
-0.7961598038673401
-0.09598243981599808
0.7007484436035156
-0.36679109930992126
0.047317128628492355
-0.07712757587432861
0.0230823066085577
-0.017725182697176933
-0.0956915020942688
0.029137687757611275
0.044701915234327316
0.06227194517850876
0.00015650888963136822
0.010473200120031834
-0.05075811967253685
0.03191760182380676
-0.022787991911172867
0.025784935802221298
-0.0486452691257
-0.030874738469719887
0.39427581429481506
-0.32779544591903687
0.07731016725301743
-1.319075345993042
0.08184629678726196
-0.010145757347345352
0.10518243908882141
-0.5004907846450806
0.013895339332520962
-0.1379796415567398
-0.015234977938234806
0.1319151073694229
0.04331449046730995
0.6082816123962402
-0.12516388297080994
-0.14631471037864685
0.06423566490411758
-0.030412042513489723
-0.06428046524524689
0.038057249039411545
-0.10577249526977539
-0.03205416724085808
0.04363022372126579
0.0018387195887044072
-0.0494428314268589
-0.03294667974114418
0.0358610600233078
0.0038524731062352657
0.03956833481788635
-0.07542584836483002
-0.04068015143275261
-0.048380929976701736
-0.0005555390380322933
-0.28708016872406006
0.6807934045791626
-1.4410145282745361
0.3514561951160431
0.06708518415689468
0.19326578080654144
-0.6201092600822449
0.2183140516281128
-0.18044467270374298
0.013860716484487057
-0.14460738003253937
0.643363893032074
0.2828134000301361
-0.14870727062225342
-0.05604683980345726
0.1793779730796814
0.004992681555449963
-0.011692206375300884
0.0072575160302221775
0.028747251257300377
0.025698905810713768
0.08262243121862411
-0.014421946369111538
0.04394485428929329
0.003140731481835246
0.010006261989474297
-0.012445596978068352
-0.01194943767040968
-0.03412681072950363
-0.010028171353042126
-0.03346419706940651
0.1705198734998703
-0.033308591693639755
0.05027664825320244
-0.028745658695697784
-0.01761934906244278
-0.06516564637422562
-0.039230767637491226
0.05820602551102638
0.01853339932858944
-0.04997609928250313
0.06669881194829941
-0.016127223148941994
0.047540511935949326
-0.0008888377342373133
-0.007655791938304901
0.048921458423137665
0.4494848847389221
0.22415786981582642
0.3551483452320099
-1.177559494972229
0.40340930223464966
-0.12861408293247223
-0.06043211743235588
-1.5703259706497192
0.04447311535477638
-0.16002953052520752
0.0813470408320427
-0.5026358962059021
0.5057358741760254
0.3806193768978119
0.5938246250152588
0.21092385053634644
0.3499003052711487
-0.21810314059257507
0.38776975870132446
-1.5841526985168457
-0.24745044112205505
0.019848786294460297
0.3454135060310364
-0.9383189082145691
-0.15966789424419403
0.04941503703594208
-0.10840889066457748
-0.3578442931175232
0.47305694222450256
0.44562792778015137
0.1115281954407692
0.008424350060522556
0.6969994306564331
0.4129007160663605
0.2608843743801117
-0.8364858627319336
-0.5748254656791687
-0.057847559452056885
0.02064584381878376
-1.8398375511169434
-0.7288797497749329
-0.04564933478832245
0.09592023491859436
-0.510443389415741
-0.38815054297447205
0.1883985847234726
0.6904601454734802
0.5114725232124329
0.2440321147441864
0.07314901053905487
0.48134997487068176
-1.2680199146270752
-0.35309308767318726
0.2029085010290146
-0.048161812126636505
-0.6957571506500244
0.09504479914903641
0.0051043895073235035
-0.11537409573793411
-0.3355453908443451
0.21322177350521088
0.30491214990615845
-0.43744736909866333
0.3529025912284851
0.16212700307369232
0.458176851272583
0.802712082862854
-1.0145812034606934
-0.11196081340312958
-0.41266876459121704
-0.04675981402397156
-1.3561811447143555
-0.4837580919265747
-0.2974522113800049
-0.05780671164393425
0.1866723746061325
-0.13653996586799622
-0.19501951336860657
0.5916839241981506
0.6445231437683105
0.18595318496227264
-0.3767736852169037
0.3259216845035553
-1.2942379713058472
0.28596895933151245
-0.28678348660469055
0.539709746837616
-0.2891118824481964
-0.021254194900393486
-0.28053346276283264
0.04218864068388939
0.0934353694319725
0.571107029914856
0.6039687991142273
-0.23681971430778503
0.17152097821235657
-0.2666066884994507
0.10468138754367828
0.4057416319847107
-0.8687516450881958
-0.6410728693008423
-0.7246537804603577
-0.1815139353275299
-0.6894858479499817
-0.4834369719028473
-0.6081503629684448
0.046970807015895844
0.33779916167259216
-0.47833624482154846
-0.995385468006134
1.2853927612304688
0.14052700996398926
0.01664937101304531
0.02620805613696575
0.5593541860580444
0.5153691172599792
0.33366888761520386
0.3940671980381012
0.031777359545230865
0.4435601830482483
0.03277180716395378
-0.15876980125904083
-0.06940796971321106
-0.22275838255882263
0.301604300737381
0.2862531840801239
-0.010812998749315739
-0.1532343029975891
0.05851966515183449
0.04608003422617912
-0.022111961618065834
0.11671441048383713
0.10087481886148453
-0.004030202049762011
0.0006360418628901243
0.014418231323361397
0.0802227184176445
-0.03975457698106766
0.05939699336886406
-0.04640742018818855
0.01789633184671402
0.009500936605036259
0.026115648448467255
-0.05103791877627373
0.058980029076337814
0.061679866164922714
0.017693376168608665
0.08218997716903687
0.03361326456069946
0.008577395230531693
0.012319921515882015
0.07065261155366898
0.045607272535562515
-0.10409735143184662
0.04943637549877167
0.02467525750398636
0.02185068652033806
-0.05132368206977844
-0.0635758712887764
0.03464740142226219
0.026125801727175713
-0.42325037717819214
0.3146485388278961
-1.1938462257385254
0.5037086606025696
-0.16411980986595154
0.3141130208969116
0.004464240744709969
-0.40602028369903564
-0.11210896074771881
0.23344124853610992
0.26224082708358765
0.2393338680267334
0.6260188221931458
0.001333155669271946
0.05046774446964264
-0.5839435458183289
-0.29595640301704407
0.28157851099967957
-0.7568390965461731
-0.033869072794914246
-0.011769031174480915
-0.15931272506713867
-0.3351849317550659
0.5369662642478943
0.0766514390707016
0.02491348423063755
-0.26634424924850464
-0.23355212807655334
-0.036090947687625885
-0.11513270437717438
0.8226926326751709
-0.569316565990448
-0.05719297379255295
0.8934398889541626
-1.4526927471160889
0.07424242049455643
-0.4793098568916321
0.6080617904663086
-0.3503812849521637
-0.17409449815750122
0.12267718464136124
-0.1021844744682312
-0.023361751809716225
0.6448186635971069
0.22016529738903046
0.03983081504702568
0.21142275631427765
-0.043275319039821625
-0.2613222002983093
0.07961089164018631
0.14278413355350494
-0.1932997703552246
0.05609409138560295
-0.13853411376476288
-0.1795298457145691
-0.19992928206920624
-0.11396326124668121
0.020104825496673584
-0.2966471016407013
-0.08133132010698318
-0.030564913526177406
0.1752433031797409
-0.2073747217655182
0.7765299677848816
0.29357200860977173
0.1900871992111206
-1.0013816356658936
0.3048311471939087
0.02483656443655491
0.4380031228065491
-1.1570924520492554
-0.08229467272758484
-0.0405651330947876
-0.03262384608387947
-0.2742532193660736
-0.2760877013206482
0.38102877140045166
0.47719696164131165
0.2907715141773224
-0.040822964161634445
0.08164960891008377
0.18361367285251617
-0.4645158648490906
-0.5124938488006592
-0.23976735770702362
0.4034593105316162
-0.26341453194618225
-0.1978675276041031
0.21951474249362946
-0.11329519748687744
0.16280090808868408
0.19640477001667023
-0.2794908583164215
0.2087348997592926
0.10211607813835144
0.26243484020233154
-0.3945983648300171
0.019201863557100296
-1.237357497215271
0.247148334980011
-0.0815405622124672
0.2590378224849701
-0.04503430053591728
-0.06224696710705757
0.07852964848279953
0.2745923399925232
0.4514862596988678
0.01618463546037674
0.5288200974464417
0.10266855359077454
-0.46041205525398254
0.03785429522395134
0.07592231780290604
-0.13982194662094116
-0.9473505020141602
0.18305549025535583
-0.34655484557151794
0.1573132872581482
-0.4360882341861725
-0.27715373039245605
0.13204506039619446
-0.0678662583231926
0.24670889973640442
-0.3845157325267792
-0.29368263483047485
1.071065902709961
-0.1654178351163864
0.6342505216598511
0.015063401311635971
-0.11186482757329941
-1.4203529357910156
0.2059222012758255
0.07511981576681137
0.23394979536533356
-0.7463533282279968
0.14889048039913177
0.24941079318523407
0.10078372806310654
0.2852533459663391
-0.1289123147726059
0.5699672102928162
0.009830744937062263
-0.15058566629886627
0.0174495130777359
0.026479605585336685
0.00046651429147459567
-0.07641110569238663
0.04668375477194786
0.01168848481029272
-0.052538152784109116
0.09830520302057266
0.020720504224300385
0.04735580459237099
0.003241890110075474
0.01471354253590107
0.0036900786217302084
-0.062336746603250504
-0.029783369973301888
-0.0685545951128006
0.11083372682332993
0.030356120318174362
0.34282174706459045
-1.5247676372528076
-0.4377036690711975
0.1028524786233902
0.09811234474182129
-1.5104529857635498
-0.017896408215165138
0.03114623762667179
-0.16098889708518982
-0.2978259027004242
0.42702895402908325
0.38565054535865784
-0.06969372928142548
0.434780091047287
0.5885375142097473
0.0016963230445981026
0.5012581944465637
-1.0159811973571777
0.5630970001220703
-0.2654855251312256
0.05436564236879349
-1.499541997909546
-0.10099414736032486
-0.17489629983901978
0.10846459120512009
-0.151140496134758
0.5761467814445496
0.5515813827514648
0.6056673526763916
0.30812332034111023
-0.011152742430567741
0.20198248326778412
-0.47867247462272644
0.41727888584136963
0.19841432571411133
-0.28680577874183655
-0.11044567823410034
1.147713541984558
0.0494951568543911
0.14378805458545685
0.13512922823429108
0.19595596194267273
-0.1935121864080429
0.1969885528087616
-0.10398327559232712
0.2826174199581146
0.11160657554864883
-0.3382664918899536
1.1097326278686523
0.686485230922699
0.28979745507240295
0.24848361313343048
0.8269095420837402
0.39437630772590637
0.4025489091873169
-0.29500871896743774
-0.11689025908708572
0.039424095302820206
0.3081452548503876
-0.1454029381275177
0.09816524386405945
0.0039630127139389515
-0.03633101284503937
0.03842473402619362
-0.03026929683983326
0.026216844096779823
0.21662068367004395
-0.042070068418979645
0.02110050804913044
0.021090516820549965
-0.028991546481847763
-0.051097042858600616
-0.0030785424169152975
-0.03657460957765579
0.04064413905143738
0.002157332608476281
0.07562761008739471
-0.022078003734350204
-0.005637286230921745
-0.6077548861503601
0.3863385021686554
-0.5570306181907654
0.09339915215969086
0.4976634979248047
0.6508575081825256
-0.04131878912448883
0.35549449920654297
0.04268806055188179
-0.31334707140922546
0.019539857283234596
0.10486388206481934
-0.6468451023101807
-0.037483301013708115
-0.157382994890213
0.0789906457066536
-0.012913237325847149
-0.03171338140964508
0.04443066939711571
-0.016446014866232872
0.02534486912190914
0.07286625355482101
0.05810924619436264
0.02777784876525402
-0.040528569370508194
0.023173470050096512
0.02661854960024357
-0.034386876970529556
-0.040687285363674164
-0.016459627076983452
0.03209300339221954
0.5133741497993469
-0.35063040256500244
0.3864270746707916
-0.3155686557292938
-0.11832612007856369
0.08812110126018524
0.31140395998954773
0.5779327750205994
0.12668730318546295
0.3796646296977997
-0.1441926211118698
0.017348889261484146
0.09189487993717194
-0.07122065126895905
-0.057338546961545944
0.18808725476264954
-0.0018459063721820712
-0.04169103875756264
0.016597416251897812
-0.005341305397450924
0.030186884105205536
0.025588493794202805
0.008829699829220772
-0.09737536311149597
0.033479589968919754
-0.003864713478833437
-0.014423497021198273
-0.05863918364048004
0.011973783373832703
-0.0021050255745649338
0.03800230473279953
0.04441923275589943
0.18149074912071228
-0.30980122089385986
0.5761083364486694
-0.59945148229599
0.1733837127685547
0.12505975365638733
0.18105478584766388
0.6571580767631531
0.1541033834218979
0.307040810585022
-0.21373066306114197
0.6451461315155029
0.23674988746643066
0.21298819780349731
-0.08391859382390976
0.5678173899650574
0.1952487826347351
0.009374195709824562
-0.003352129366248846
0.017959732562303543
0.035038743168115616
0.030156210064888
-0.038500040769577026
0.036015260964632034
0.06650198996067047
0.041848111897706985
-0.027157539501786232
0.039240479469299316
-0.04582494497299194
-0.02567284367978573
-0.05875392630696297
0.008253229781985283
0.19206008315086365
0.029356928542256355
-0.00274361832998693
0.06660598516464233
0.08597927540540695
0.0038212432991713285
-0.018448494374752045
-0.05309424549341202
-0.003020792966708541
-0.03615148365497589
-0.09575624763965607
-0.02255004271864891
-0.06540472060441971
0.01107191201299429
0.02699228748679161
-0.06351008266210556
-0.6327399015426636
-0.37620413303375244
0.3397207260131836
-1.9631086587905884
0.16026464104652405
-0.08764250576496124
0.3811749517917633
-0.5062270760536194
0.33635252714157104
0.33767029643058777
-0.21125344932079315
0.36070358753204346
0.4156922996044159
0.0736846774816513
-0.14570359885692596
0.17408102750778198
0.12815067172050476
-0.7149336934089661
-0.04442690312862396
-0.9542248845100403
0.28284817934036255
0.17681200802326202
0.8297044038772583
-0.6968702077865601
0.45187970995903015
0.43786439299583435
-0.3439050018787384
-0.09080319106578827
0.4176623523235321
-0.16430196166038513
-0.11600544303655624
0.0840970128774643
0.28736698627471924
-0.5016295909881592
0.2254135012626648
-1.0549538135528564
-0.6076083183288574
-0.40328192710876465
-0.026283616200089455
-0.8729019165039062
-0.3423762023448944
0.2930239737033844
-0.02619304694235325
-0.378510057926178
0.2060493379831314
-0.0752403512597084
-0.2643570899963379
0.13659055531024933
-0.14781412482261658
-0.9830561280250549
0.3720228672027588
-1.248220682144165
0.13364726305007935
0.11232394725084305
0.6781219840049744
-0.7021145820617676
0.2989574074745178
0.11548663675785065
-0.21496815979480743
-0.05089808627963066
0.5287809371948242
0.019473114982247353
0.07398919016122818
-0.13311274349689484
-0.22380805015563965
-0.7302339673042297
0.17816156148910522
-1.863409161567688
-0.2937600314617157
-0.3441013693809509
0.031810563057661057
-1.0310496091842651
0.23676128685474396
0.0709385797381401
0.04991142079234123
-0.0993216410279274
0.06362763047218323
-0.10289204120635986
-0.20679733157157898
0.010534844361245632
0.12394610047340393
-0.5659633278846741
0.6504489183425903
0.12574970722198486
0.15055511891841888
0.45585688948631287
0.5907527804374695
0.509892463684082
0.48434171080589294
0.36909326910972595
-0.3813370168209076
0.15517865121364594
0.37806200981140137
0.12808002531528473
0.144285649061203
0.11569239944219589
-0.018472369760274887
-1.213658094406128
0.08555800467729568
-0.7835286855697632
-0.39742347598075867
-0.01522534154355526
0.21697330474853516
-0.5077844262123108
0.1275441199541092
0.3978530466556549
-0.11223681271076202
-0.6686121821403503
-0.10315842181444168
-0.4654340147972107
-0.06716408580541611
0.43680572509765625
0.11581383645534515
-0.19801370799541473
-0.17952612042427063
0.8231839537620544
-0.04943850263953209
-0.19481369853019714
-0.03666417673230171
1.073045253753662
-0.02006797306239605
0.11914771050214767
0.04587168991565704
0.07887336611747742
-0.18374879658222198
0.09642548859119415
-0.10565662384033203
0.5651494264602661
-0.014595238491892815
0.026999391615390778
-0.03767237067222595
-0.03478493168950081
0.1219896450638771
0.05998685956001282
0.040572721511125565
-0.03770408406853676
0.04304284602403641
0.018838105723261833
-0.025035779923200607
0.037015918642282486
0.03291028365492821
-0.012869550846517086
-0.02359873615205288
0.012199381366372108
-0.04269120842218399
0.021872641518712044
-0.008240518160164356
-0.04007161408662796
-0.034497324377298355
0.04361509531736374
-0.0019206154393032193
-0.040824465453624725
0.026656990870833397
-0.025857148692011833
0.009604915976524353
0.0937972292304039
0.014996829442679882
-0.04359527304768562
0.02182655595242977
0.038175199180841446
-0.03739701583981514
-0.33416953682899475
0.44421637058258057
0.028941037133336067
0.30884411931037903
0.2615432143211365
0.2869575023651123
0.9138984084129333
0.31588873267173767
0.3942705988883972
-0.3260873258113861
-0.021656587719917297
0.30797743797302246
0.047277145087718964
-0.028255688026547432
0.1238563135266304
-0.2096891850233078
-0.43486660718917847
0.480140745639801
-1.112876534461975
0.05385603383183479
0.36829569935798645
0.2319021075963974
0.4004470109939575
0.060075562447309494
0.023464052006602287
-0.07616253197193146
-0.1266210675239563
-0.15528935194015503
-0.030137280002236366
-0.1965489387512207
0.02791582979261875
-0.009846690110862255
-0.5493739247322083
0.8503762483596802
0.0378301739692688
0.1701803356409073
0.29516637325286865
0.9856250286102295
0.2880830764770508
0.41612008213996887
-0.042100947350263596
-0.09442639350891113
0.09544755518436432
0.42820456624031067
0.00633148942142725
0.07621674984693527
0.021083232015371323
-0.29767516255378723
-0.39214327931404114
0.19201380014419556
-0.2982857823371887
-0.06537048518657684
-0.08181888610124588
0.264457643032074
0.4456821382045746
-0.0005521464627236128
0.4610297381877899
-0.05445355176925659
-0.17122358083724976
-0.007349095307290554
-0.18476341664791107
-0.09867700189352036
0.7121385335922241
-0.8360868692398071
-0.10135182738304138
0.3629777431488037
-1.0568771362304688
0.1671629548072815
-0.13659131526947021
0.48178139328956604
-0.8041353225708008
0.15883688628673553
0.39162224531173706
0.007198318373411894
0.09193316102027893
0.32474225759506226
-0.1124444454908371
-0.28391435742378235
0.34541982412338257
-0.07499755173921585
-0.4805827736854553
0.5007826089859009
-0.14608119428157806
-0.4022107422351837
-0.09673987329006195
0.20002689957618713
0.15718093514442444
0.23644770681858063
0.32709750533103943
0.18359461426734924
0.06619008630514145
0.04043116793036461
-0.19622252881526947
-0.12665079534053802
0.31217339634895325
0.20193277299404144
-0.37767666578292847
0.571930468082428
-0.061819322407245636
0.20882482826709747
0.2924228310585022
0.2691876292228699
0.6596667170524597
0.12016056478023529
0.3075138032436371
-0.21220271289348602
0.0275743305683136
0.4863612949848175
0.05107393488287926
-0.08935839682817459
0.17440147697925568
0.13380040228366852
-0.5635526776313782
0.3468107283115387
-0.034428324550390244
0.23673740029335022
0.3412710726261139
0.5449388027191162
0.17118456959724426
0.046744462102651596
0.3486829698085785
-0.016653748229146004
0.17785988748073578
-0.30800384283065796
0.2089870125055313
-0.1882452517747879
0.06677473336458206
0.34762293100357056
-0.33921024203300476
0.1440986841917038
-0.4285549223423004
0.04992740601301193
0.2097669094800949
0.3608774244785309
-0.025606228038668633
0.3954499065876007
0.7689441442489624
-0.20501495897769928
0.07908888161182404
0.5730500817298889
0.08574890345335007
-0.08309026062488556
-0.03537101671099663
-0.017131874337792397
0.017601091414690018
-0.05336622893810272
-0.04268726333975792
-0.010764111764729023
-0.05609826743602753
0.07650478184223175
0.04085544869303703
0.037355728447437286
0.017900649458169937
0.01779111661016941
-0.04689039662480354
0.005729276686906815
-0.048500433564186096
0.057899657636880875
0.07523296773433685
-0.15533140301704407
-0.864002525806427
0.23942823708057404
-1.3905240297317505
0.1490013748407364
0.1828240156173706
0.7368600964546204
-1.5088146924972534
0.3575928509235382
0.05744272097945213
-0.16501662135124207
-0.13008593022823334
0.36510682106018066
-0.010493804700672626
0.000779710419010371
0.13816095888614655
0.17609238624572754
-0.22570382058620453
0.4574589133262634
-0.7056693434715271
0.22852185368537903
0.1278727650642395
0.014591418206691742
-0.2165462076663971
-0.08636615425348282
0.42733779549598694
-0.44404834508895874
0.3668178915977478
0.556388795375824
0.12543107569217682
-0.1351800560951233
0.06622754782438278
-0.0009107013465836644
-0.13108466565608978
0.1684165894985199
-0.46459197998046875
0.14025837182998657
0.19797666370868683
0.006064555142074823
-0.3525213301181793
0.024326110258698463
-0.11640319973230362
-0.007025859318673611
-0.14024047553539276
0.15451602637767792
0.13163034617900848
0.05165555700659752
-0.26004382967948914
-0.40360307693481445
-0.1735471487045288
-0.254492849111557
0.20999790728092194
-0.34243571758270264
-0.10901740938425064
0.05735626071691513
0.17738816142082214
-0.22425702214241028
0.07601285725831985
0.19013138115406036
0.09310350567102432
-0.4660983979701996
0.2536059021949768
0.2619306445121765
0.9327625036239624
-0.0022008775267750025
0.0039015235379338264
-0.002342756139114499
0.030560966581106186
-0.20185807347297668
0.002470923587679863
-0.015131869353353977
-0.02338222786784172
0.01399118360131979
-0.011231065727770329
0.004150112625211477
-0.065405935049057
0.02702060155570507
0.02765229344367981
-0.05533019080758095
-0.07842779159545898
0.8828285932540894
-0.16613270342350006
-0.048906564712524414
0.9889548420906067
0.41904690861701965
-0.29384052753448486
-0.24232365190982819
1.0207839012145996
-0.3813668191432953
0.2210855334997177
0.2116083800792694
0.38820940256118774
0.8048841953277588
1.2259480953216553
1.1976218223571777
1.9034370183944702
0.07329083979129791
-0.038963913917541504
0.026710504665970802
-0.015901152044534683
-0.008715352043509483
0.00971304252743721
0.0480080209672451
-0.03544430807232857
0.01718617044389248
-0.03582452982664108
-0.024728216230869293
-0.00036670276313088834
-0.006979562342166901
-0.00787546020001173
0.03729742765426636
-0.01808212697505951
-0.02738800272345543
-0.31799495220184326
0.13860870897769928
0.9296408891677856
0.1926812380552292
0.03400566801428795
0.014992580749094486
0.42695945501327515
-0.2972719669342041
-0.17323435842990875
0.0026985725853592157
0.03267093002796173
0.10824748128652573
0.38283663988113403
0.34529614448547363
0.5044527053833008
-0.0490751713514328
-0.012417536228895187
-0.031334660947322845
0.04609697684645653
-0.06095818057656288
-0.008309442549943924
0.08334320038557053
0.04604366049170494
0.009604664519429207
-0.05197587236762047
-0.056598007678985596
0.011582089588046074
-0.0010565994307398796
0.0035010227002203465
0.10889266431331635
0.03286789357662201
-0.5483335256576538
-0.20664823055267334
0.18844935297966003
0.5215739607810974
-0.20290449261665344
0.007082121912389994
0.061981961131095886
0.430654913187027
-0.1703498363494873
-0.10412227362394333
0.22748307883739471
-0.3532631993293762
0.01842769980430603
-0.13847966492176056
0.23638951778411865
0.07292364537715912
-0.23645180463790894
0.04257708787918091
0.015247274190187454
-0.017507337033748627
-0.004230720456689596
-0.10075702518224716
-0.0005496225785464048
0.005790747702121735
0.0010689025511965156
-0.030693789944052696
-0.038068320602178574
0.0300345029681921
0.04623009264469147
-0.046143580228090286
-0.07924548536539078
0.016711419448256493
-0.24476654827594757
0.04689962789416313
0.050745364278554916
-0.020271144807338715
0.026219654828310013
0.05565493181347847
-0.05820002406835556
0.009389025159180164
0.03560272604227066
-0.011158157140016556
-0.06621865928173065
0.08096610009670258
0.08997080475091934
0.005954699125140905
0.061883289366960526
0.06594254821538925
0.28397542238235474
0.4326725900173187
0.7069317698478699
1.5867146253585815
-0.09863603115081787
-0.012476635165512562
0.14298070967197418
1.2196431159973145
-0.15004301071166992
-0.18276482820510864
0.4126437306404114
0.5258440375328064
-0.2856561839580536
0.03391818702220917
0.45499908924102783
0.5806344747543335
0.02327856793999672
0.2292328029870987
0.6467230916023254
1.2430851459503174
-0.3276459276676178
-0.056442804634571075
0.1362023949623108
0.8000058531761169
-0.1448257714509964
-0.23852235078811646
0.5030661821365356
0.5816972851753235
-0.09003324061632156
0.40011724829673767
0.3897637128829956
0.5933323502540588
0.6538916826248169
0.48844200372695923
0.3175792098045349
1.5671695470809937
0.7391475439071655
-0.10657641291618347
0.14401167631149292
1.3931043148040771
0.6416245698928833
-0.15074709057807922
0.1585513949394226
0.9195408225059509
0.2669826149940491
0.19366773962974548
0.6545820236206055
0.7146676182746887
-0.05173970013856888
0.5120723843574524
0.37688368558883667
1.0406938791275024
-0.12584128975868225
0.10063618421554565
0.07611328363418579
0.8892210125923157
-0.1796652227640152
0.10484789311885834
0.3240971863269806
0.5984587669372559
-0.08639908581972122
0.329075425863266
0.5854769945144653
1.021186113357544
-0.010522156022489071
0.6059081554412842
0.369280070066452
1.9894466400146484
0.9466459155082703
0.16970868408679962
0.005296032875776291
1.302493691444397
0.37007683515548706
0.1559661477804184
0.05201771482825279
0.6660021543502808
0.24412453174591064
0.26880592107772827
0.3784586787223816
0.8718183040618896
-0.3631175756454468
-0.12403962761163712
0.06454795598983765
0.355398029088974
-0.14906762540340424
-0.22195756435394287
0.2196858823299408
0.42029622197151184
-0.45108574628829956
-0.28280165791511536
0.09544748812913895
0.20564040541648865
0.005539970472455025
0.1511508971452713
0.3070864677429199
0.5834768414497375
0.5703978538513184
0.3769037425518036
0.4630175828933716
1.2401572465896606
1.4080415964126587
0.1805698573589325
-0.0760876014828682
1.0678555965423584
0.7160302400588989
-0.28362181782722473
-0.10173309594392776
0.9818296432495117
0.7879947423934937
1.4347591400146484
1.2772464752197266
0.9325414299964905
0.0834265947341919
-0.10591839998960495
0.01956373266875744
-0.2906047999858856
-0.031140826642513275
0.09795920550823212
-0.0019202628172934055
-0.5414267182350159
-0.016829246655106544
-0.17765115201473236
0.06666389852762222
-0.12326455861330032
0.08868957310914993
0.10195015370845795
0.0485529899597168
-0.393454372882843
-0.025150027126073837
0.011472837068140507
0.047770459204912186
0.005874802358448505
-0.05715847760438919
0.1016286090016365
0.07799116522073746
0.027328602969646454
-0.023703493177890778
-0.026874391362071037
0.01796732097864151
-0.04944704473018646
-0.018025757744908333
0.0458943173289299
-0.024704068899154663
-0.026961443945765495
-0.05610276013612747
-0.016096824780106544
-0.04035903513431549
0.10386759787797928
0.08709844946861267
-0.06690579652786255
0.00896350760012865
-0.022997267544269562
-0.07434111833572388
-0.0008917301893234253
0.027196183800697327
0.045861270278692245
0.01459808275103569
0.03313370794057846
0.013718648813664913
0.03554850071668625
0.3164742887020111
-0.24229639768600464
-0.2674923837184906
0.6125526428222656
-0.5048090219497681
-0.18905408680438995
-0.09326016157865524
0.26293638348579407
-0.31996437907218933
-0.3458857238292694
0.29951196908950806
0.11146432161331177
0.08633939176797867
0.26717451214790344
0.4288140833377838
0.6738081574440002
0.21901729702949524
-0.15073713660240173
0.21829625964164734
0.8100361824035645
0.26275452971458435
0.19713455438613892
-0.22859817743301392
0.5616010427474976
-0.23823289573192596
0.08016575872898102
0.1334313452243805
0.1944180279970169
0.3334660828113556
0.6610915660858154
0.1947779804468155
1.3066587448120117
-0.2983788251876831
-0.011057081632316113
0.2815896272659302
0.33000820875167847
-0.35490351915359497
-0.31426528096199036
0.04896615073084831
0.16733790934085846
-0.3948298692703247
0.3085179626941681
0.09230238199234009
0.03455236181616783
-0.12408570945262909
0.18430067598819733
0.3704650104045868
0.5950921773910522
0.768718957901001
-0.27876773476600647
-0.11643648892641068
0.4536553621292114
0.05279720947146416
0.13045167922973633
-0.3095470368862152
0.4474421441555023
0.009592030197381973
-0.2628296911716461
-0.09092060476541519
0.4075101315975189
0.5366342067718506
0.4372173547744751
0.09319998323917389
0.08969924598932266
0.5646811723709106
0.46989259123802185
-0.13347136974334717
0.9081907868385315
-0.11372280865907669
-0.15263108909130096
-0.14130334556102753
1.109494924545288
-0.2899492681026459
-0.1284666508436203
0.15021303296089172
0.3787214159965515
-0.03655269369482994
-0.4338062107563019
0.3121449947357178
0.24418383836746216
0.19991911947727203
-0.09015335887670517
0.04044462367892265
0.6980764269828796
0.6334426999092102
-0.09205292165279388
0.22305142879486084
0.41279861330986023
0.07371143251657486
-0.1828538328409195
-0.2022145539522171
0.0119780907407403
0.21879155933856964
0.7294674515724182
0.5515284538269043
0.8758584260940552
0.2445787489414215
-0.3392374813556671
-0.4857616126537323
0.5589133501052856
-0.13273166120052338
-0.08812165260314941
-0.02365691587328911
0.24089211225509644
-0.35315439105033875
-0.18753474950790405
0.16893817484378815
0.05368394777178764
0.23058296740055084
0.2272842526435852
0.4435619115829468
0.8090081810951233
0.2973487675189972
0.22777561843395233
0.023445572704076767
0.8773600459098816
0.2542387545108795
-0.2688334286212921
-0.10584301501512527
0.5561867952346802
0.19722720980644226
-0.060560572892427444
-0.08066406100988388
0.0021572522819042206
0.7149192690849304
0.21569012105464935
1.1783535480499268
1.1169062852859497
0.31214144825935364
-0.14879609644412994
-0.060711316764354706
0.7965954542160034
-0.11168713122606277
-0.2592044174671173
0.02240780182182789
0.735649049282074
-0.6493165493011475
-0.15956859290599823
0.19516009092330933
0.1218976229429245
0.19513039290905
0.13927100598812103
0.5180225968360901
0.8824667930603027
-0.040108371526002884
-0.06490745395421982
0.013364165090024471
-0.05100226774811745
0.030436262488365173
0.038284122943878174
-0.0725441575050354
-0.0007085734396241605
0.015564176253974438
0.02827533148229122
-0.007000121288001537
-0.010700056329369545
0.02948608435690403
0.016718178987503052
-0.010174871422350407
-0.003366752527654171
0.02830696478486061
0.41625598073005676
0.5080050230026245
1.1046035289764404
-0.15061578154563904
-0.0030038885306566954
-0.04135819151997566
1.3830863237380981
-0.16645653545856476
0.026097871363162994
0.2704387903213501
0.5467115640640259
-0.02692435495555401
0.43953463435173035
0.14792795479297638
0.6922832727432251
0.2659255564212799
-0.0327601358294487
0.3087492287158966
1.112208366394043
-0.2096916288137436
-0.24753563106060028
0.08502867817878723
0.7220840454101562
-0.18933507800102234
-0.20158927142620087
0.5894977450370789
0.24005281925201416
-0.35042643547058105
-0.06952225416898727
0.47605323791503906
0.3193071186542511
0.042448095977306366
-0.039064787328243256
0.24355095624923706
-0.514565646648407
-0.09832630306482315
0.17981421947479248
0.052310097962617874
-0.2780969440937042
0.047500673681497574
-0.26062825322151184
0.18823368847370148
-0.10623177886009216
0.25203028321266174
0.16225071251392365
0.021553635597229004
-0.12022724002599716
-0.49955251812934875
-0.23760980367660522
-0.20101460814476013
0.17823415994644165
-0.20509764552116394
-0.1328626424074173
0.20634976029396057
0.14236141741275787
-0.6001885533332825
0.3952184021472931
0.2510771155357361
-0.2906521260738373
-0.5288992524147034
0.4198688268661499
-0.10153485089540482
0.7385782599449158
-0.0444074422121048
0.04506857693195343
-0.013590719550848007
-0.006264810916036367
-0.22152207791805267
-0.04413039609789848
-0.02323802001774311
-0.011424464173614979
-0.03221408650279045
-0.03691210597753525
0.0013477461179718375
-0.060489900410175323
-0.03987334296107292
-0.039252836257219315
-0.0904029831290245
-0.008228045888245106
-0.07203345000743866
-0.15785829722881317
0.23217134177684784
0.908367395401001
-0.3973349630832672
-0.3476542830467224
-0.2507028877735138
1.0331908464431763
-0.6642207503318787
0.0718492791056633
0.4637373387813568
-0.1302250623703003
0.056825604289770126
0.7172810435295105
0.07995419949293137
0.9506839513778687
0.017217326909303665
-0.04601889103651047
0.04570574313402176
-0.04766315221786499
0.07503613829612732
-0.009158131666481495
0.06897632777690887
0.029938941821455956
0.010003277100622654
0.0918114110827446
0.04772397503256798
-0.07391912490129471
0.017675228416919708
-0.05182376503944397
0.12162383645772934
-0.024564513936638832
-0.12730364501476288
-0.054859425872564316
-0.021764114499092102
0.9147735834121704
-0.37139540910720825
0.05821104720234871
0.16618777811527252
0.4273476302623749
-0.22755849361419678
-0.048874419182538986
0.15834733843803406
-0.2434454709291458
-0.2509801685810089
0.2874118387699127
-0.151703342795372
0.10576818138360977
0.043061159551143646
-0.009031557478010654
0.043792854994535446
-0.07476960122585297
-0.019025016576051712
0.09965169429779053
-0.012904271483421326
0.0648261159658432
0.008377252146601677
-0.00865719560533762
-0.05230193957686424
0.01150230411440134
0.026817210018634796
0.04270320013165474
-0.04231001436710358
0.0026530325412750244
-0.6063059568405151
-0.11800409108400345
0.31089502573013306
0.6026998162269592
-0.2814909815788269
-0.013273981399834156
0.3250274956226349
0.47002658247947693
-0.16476868093013763
0.056527964770793915
0.19962790608406067
-0.5771597623825073
0.1118839830160141
0.024853723123669624
0.19486938416957855
-0.4115968346595764
-0.2493913620710373
-0.0670320987701416
0.00895854365080595
-0.05653652921319008
-0.026663076132535934
0.01493174396455288
-0.022710319608449936
0.018909674137830734
-0.048667822033166885
0.05044867470860481
0.10426057130098343
0.06170360743999481
0.06964266300201416
-0.05253475531935692
0.020516756922006607
0.034471385180950165
-0.29623863101005554
0.005976657383143902
0.01539235282689333
0.04558722302317619
0.008285167627036572
0.060269881039857864
0.03366571664810181
0.00014202520833350718
0.01986788958311081
0.07339148968458176
0.021693697199225426
0.028285672888159752
-0.006445691920816898
0.05506587773561478
0.010816792026162148
-0.05397334694862366
0.17405159771442413
0.5179733037948608
0.5874325633049011
1.3720893859863281
-0.5122480988502502
-0.014908920042216778
0.1270996332168579
1.2017422914505005
-0.36805152893066406
-0.1359628289937973
0.45577582716941833
0.42256078124046326
-0.05912996456027031
0.36735644936561584
0.03860258311033249
0.14836439490318298
-0.2989403009414673
0.20290380716323853
0.46849876642227173
0.9784963130950928
-0.29679450392723083
-0.07044228166341782
0.0626181811094284
0.6512843370437622
-0.08552410453557968
-0.1512230634689331
0.3264829218387604
0.44769272208213806
-0.17513833940029144
0.3593851923942566
-0.26485732197761536
0.3360694348812103
0.08464253693819046
0.20319436490535736
0.11859097331762314
1.4387366771697998
-0.2373313009738922
-0.08258715271949768
0.40085461735725403
1.3911926746368408
0.026243489235639572
-0.13916946947574615
0.21030554175376892
0.9006942510604858
-0.1631074845790863
0.4631845951080322
0.3707369565963745
0.1862299144268036
-0.10255199670791626
0.5006688237190247
0.3328184485435486
0.9056199789047241
-0.11070713400840759
0.18958322703838348
-0.03590397909283638
0.6687295436859131
-0.18771302700042725
0.14062926173210144
0.1019076481461525
0.5911068320274353
-0.14625748991966248
0.18401999771595
0.19642220437526703
0.729789137840271
-0.0948595181107521
0.32599350810050964
0.16737990081310272
1.8534845113754272
-0.02420898899435997
0.02111690863966942
0.03832491114735603
1.3853321075439453
0.1877577155828476
0.3622179925441742
0.14243464171886444
0.488065242767334
0.008481108583509922
-0.10405611246824265
0.2472607046365738
0.5394365787506104
-0.3920331299304962
-0.13015566766262054
-0.10044825822114944
0.2694109082221985
-0.38834065198898315
-0.13568919897079468
0.368315726518631
0.4742342233657837
-0.580902099609375
-0.12077458202838898
0.42312222719192505
-0.17702294886112213
-0.10163020342588425
0.14407317340373993
-0.2427559196949005
0.192481130361557
-0.2611381709575653
0.03234291821718216
0.5814074873924255
1.2170045375823975
0.14574235677719116
0.09315752983093262
-0.07977930456399918
1.268949031829834
0.06690599024295807
-0.31778082251548767
0.2614206373691559
0.8360350728034973
0.171846404671669
0.9698387980461121
0.3690422475337982
0.1637183576822281
-0.046667199581861496
0.19261208176612854
0.11336728185415268
-0.3318520486354828
-0.2102682739496231
0.11277782917022705
0.19217728078365326
-0.3262515962123871
-0.05426781252026558
-0.10402842611074448
0.09198109060525894
-0.26237791776657104
0.3141886293888092
0.2635312080383301
0.19511421024799347
-0.5033572912216187
0.001382657908834517
0.004802425391972065
0.022755756974220276
-0.03001839481294155
-0.06925925612449646
-0.05232267081737518
-0.07672052830457687
0.013098234310746193
0.07138553261756897
0.02346528135240078
-0.022042401134967804
-0.07086916267871857
0.002393394475802779
-0.025037482380867004
0.00867075938731432
-0.07192514091730118
0.01709086447954178
0.016463395208120346
0.02335542067885399
0.048241887241601944
-0.03916015848517418
0.040848568081855774
0.054119814187288284
0.11489371955394745
0.011321530677378178
0.03290266916155815
-0.0175081267952919
-0.07068070769309998
0.017740942537784576
-0.026246393099427223
0.011986205354332924
0.0058439141139388084
-0.06146185100078583
-0.2180676907300949
-0.031069764867424965
0.511476993560791
-0.5598376989364624
-0.05250301957130432
0.10343039035797119
0.11972279101610184
-0.35208481550216675
-0.07757077366113663
0.38817352056503296
-0.18380078673362732
-0.21334819495677948
0.3001728057861328
-0.3193250298500061
0.4364532232284546
0.11894197016954422
-0.25820988416671753
0.10314217954874039
0.6042612791061401
-0.16882528364658356
-0.16414660215377808
-0.22989606857299805
0.6473286151885986
-0.12256313115358353
0.3865881562232971
0.04288966953754425
0.22036154568195343
0.07844707369804382
0.09204354882240295
-0.03367176651954651
0.6021901369094849
-0.49443626403808594
0.06827569007873535
0.41297173500061035
0.30814361572265625
-0.23037362098693848
-0.3320843577384949
0.1446196287870407
-0.011711853556334972
-0.274640828371048
0.48031339049339294
0.04640352353453636
-0.17333312332630157
0.08329323679208755
0.0469144806265831
-0.11099710315465927
0.18117979168891907
0.5992582440376282
-0.15852566063404083
-0.1273183375597
0.3033926486968994
-0.6376067996025085
-0.039224740117788315
-0.15517506003379822
0.2903115749359131
0.038224201649427414
-0.16614818572998047
0.10747747868299484
0.3242456614971161
0.32798683643341064
0.01727759838104248
0.16221188008785248
-0.4381873607635498
0.885607123374939
0.16641516983509064
-0.18907403945922852
0.7098937034606934
-0.5191556811332703
-0.007165455259382725
0.13761119544506073
1.1978578567504883
-0.6293880343437195
-0.08045387268066406
0.07100273668766022
0.38764679431915283
-0.3327675461769104
0.23218554258346558
0.4049447476863861
-0.3893822729587555
-0.4029557704925537
-0.11188745498657227
-0.1621587574481964
0.7685272693634033
-0.2269195318222046
0.13734214007854462
0.30573150515556335
0.4461115896701813
-0.30195894837379456
0.2501407265663147
0.08551789820194244
-0.32828405499458313
-0.21454831957817078
0.317850798368454
-0.11462871730327606
0.5381336212158203
0.023440677672624588
-0.23584921658039093
-0.3324126899242401
0.5285469889640808
-0.48837748169898987
-0.0010578009532764554
-0.06384389102458954
0.31481167674064636
-0.2176147997379303
-0.026318350806832314
0.4077453315258026
-0.2012503743171692
-0.3799607455730438
0.33838462829589844
-0.22632348537445068
0.400103896856308
-0.32079288363456726
-0.19539383053779602
0.1825418770313263
0.7125371098518372
-0.7322295904159546
-0.24962098896503448
-0.0015882597072049975
0.4228602647781372
-0.3864593207836151
-0.06833582371473312
0.125114306807518
-0.20897942781448364
0.392070472240448
-0.15964393317699432
0.06587253510951996
0.4369361102581024
0.3756600618362427
-0.1417647749185562
-0.1507205069065094
0.8323876857757568
-0.4430767893791199
0.13800953328609467
0.05565262958407402
0.7182632088661194
-0.657128632068634
-0.14834275841712952
0.22020843625068665
-0.13692989945411682
-0.6320441961288452
0.17366984486579895
-0.23438586294651031
0.3176131844520569
0.009845862165093422
0.03315972164273262
-0.02643551118671894
-0.06216104328632355
-0.05727038532495499
0.033881861716508865
-0.048025570809841156
0.020766500383615494
0.011483397334814072
0.045955754816532135
0.0332886166870594
-0.05256481096148491
0.024712935090065002
0.013458349741995335
0.03814781829714775
0.060668569058179855
-0.06919407099485397
0.41808947920799255
0.39359036087989807
0.9104425311088562
-0.15931066870689392
0.0659489631652832
0.004621934611350298
1.260076642036438
-0.06112903729081154
0.11126702278852463
0.14951558411121368
0.5521608591079712
0.04884052276611328
0.2581494152545929
-0.2063884288072586
0.5013375878334045
0.1998176872730255
0.1446363627910614
0.1698785126209259
1.0003578662872314
-0.3552623987197876
-0.3168354034423828
0.3987041115760803
0.7040624618530273
-0.2885630428791046
-0.1442023515701294
0.48569414019584656
0.11425051093101501
-0.017935413867235184
0.24104426801204681
0.2165071964263916
0.1335841566324234
-0.03491171449422836
-0.22057409584522247
0.1366896778345108
-0.3677385151386261
0.11630121618509293
0.3589690327644348
0.008314348757266998
-0.4218921661376953
0.040552571415901184
-0.2388683706521988
0.07343772053718567
-0.3265760838985443
0.20747308433055878
0.19126838445663452
0.12219815701246262
-0.08679716289043427
-0.42626336216926575
0.0671817809343338
-0.2200525403022766
0.14780794084072113
-0.44303494691848755
-0.15706509351730347
0.12523137032985687
0.20241977274417877
-0.5017521977424622
0.3765968978404999
0.2433076798915863
-0.4479791522026062
-0.5323140025138855
0.3038381338119507
-0.16196849942207336
0.755871593952179
-0.018176443874835968
-0.03181919455528259
0.10672423988580704
-0.04380013048648834
-0.1835988312959671
0.036507248878479004
-0.006237110588699579
0.004451550543308258
-0.15294958651065826
-0.0295245498418808
-0.0231607835739851
0.053047776222229004
0.014112599194049835
-0.028193140402436256
0.06340721249580383
0.0019363835453987122
0.6506604552268982
0.6073193550109863
-0.06997981667518616
0.8577401638031006
0.3354099690914154
-0.29499635100364685
-0.19664326310157776
1.0848724842071533
-0.27314233779907227
0.022789500653743744
0.47995856404304504
-0.19712159037590027
-0.030742300674319267
0.7865356206893921
0.10109976679086685
1.1307984590530396
-0.015806853771209717
-0.035637713968753815
-0.01460969541221857
-0.0038951595779508352
0.06145601347088814
0.019921228289604187
5.5757747759344056e-05
0.058589983731508255
-0.031570058315992355
0.004580587148666382
-0.018865158781409264
0.03451566398143768
-0.033916741609573364
0.05206112936139107
0.06114407628774643
0.021779831498861313
0.06610650569200516
0.1666446328163147
0.266128808259964
0.8190087676048279
-0.15490400791168213
0.11663403362035751
0.16600413620471954
0.41768914461135864
-0.09584515541791916
-0.05011579021811485
0.18706512451171875
-0.3832143247127533
-0.5465553402900696
0.2556549310684204
-0.1623792052268982
0.24166782200336456
-0.06904308497905731
0.009064965881407261
0.0029726738575845957
-0.0033289105631411076
-0.022918717935681343
-0.056297995150089264
-0.027700871229171753
-0.052066728472709656
0.05596374347805977
-0.039586786180734634
0.033644162118434906
-0.0029919277876615524
-0.03571534901857376
0.033833108842372894
0.009284035302698612
0.03509185463190079
-0.40801870822906494
0.018398746848106384
0.16237789392471313
0.49271759390830994
-0.40969622135162354
-0.07587703317403793
0.28229790925979614
0.42949149012565613
-0.11251688748598099
0.08120140433311462
0.28117892146110535
-0.6531431078910828
0.10915681719779968
-0.060611575841903687
0.005517315585166216
-0.5452585220336914
-0.18792352080345154
0.005380880553275347
0.03216386213898659
0.035917218774557114
0.004245119169354439
-0.02018607221543789
-0.07233642786741257
-0.0009169674594886601
0.000587745918892324
0.0581846758723259
0.01065867766737938
0.06142845004796982
-0.009406556375324726
-0.012208571657538414
0.08091466873884201
-0.05362582206726074
-0.30374714732170105
-0.005036512389779091
0.04355892166495323
-0.004744399338960648
-0.0044527314603328705
0.011585669592022896
0.006293622776865959
-0.020830590277910233
0.017226727679371834
0.012637030333280563
0.0634346604347229
0.013846921734511852
-0.03858080133795738
0.04581720754504204
0.029735397547483444
-0.09739755094051361
0.5239176750183105
0.35485076904296875
0.6804474592208862
1.3271870613098145
0.018702877685427666
0.06864987313747406
0.09747536480426788
1.1392842531204224
-0.3096858561038971
-0.06440082937479019
0.467693954706192
0.043410152196884155
-0.061086393892765045
0.3801252543926239
0.06325412541627884
0.0190730057656765
0.17358553409576416
0.4187909960746765
0.4349672198295593
1.1518850326538086
-0.16795296967029572
-0.1941085308790207
0.17356038093566895
0.6108352541923523
-0.1514187902212143
0.01404539030045271
0.30195534229278564
-0.024068528786301613
-0.16938289999961853
0.4835177958011627
-0.11167722195386887
0.2729354798793793
0.6424925923347473
0.5295280814170837
0.3411819636821747
1.5027737617492676
0.7285357713699341
0.43913066387176514
0.18850615620613098
1.436631679534912
0.4861327111721039
-0.18470802903175354
0.27584177255630493
0.7850541472434998
-0.23964931070804596
0.3576502501964569
0.3019368052482605
-0.17224566638469696
0.34613221883773804
0.546414852142334
0.4643453359603882
0.9277782440185547
-0.007450865115970373
-0.10529249906539917
0.042278192937374115
0.6275509595870972
-0.22412241995334625
0.11462613195180893
0.13150593638420105
0.2835007905960083
-0.17278407514095306
0.27148500084877014
0.29708871245384216
0.9763728380203247
0.47410643100738525
0.6437743902206421
0.320730060338974
1.8629815578460693
0.7889680862426758
0.4367452561855316
0.30073148012161255
1.4078493118286133
0.3879849910736084
0.22907356917858124
0.22314338386058807
0.3318500518798828
-0.14556431770324707
-0.17455622553825378
0.33286818861961365
0.1727295219898224
-0.3541051745414734
0.13485141098499298
-0.027710266411304474
0.21233642101287842
-0.21127380430698395
-0.3447822332382202
0.17302976548671722
0.31759560108184814
-0.5910049080848694
-0.08785383403301239
0.4370311498641968
-0.3108183741569519
-0.07944609969854355
0.07069942355155945
-0.24277536571025848
0.08132800459861755
0.5130274891853333
1.2222927808761597
0.6595586538314819
1.1516520977020264
1.2734309434890747
0.2353469431400299
-0.0235711932182312
1.114655613899231
0.6786654591560364
-0.3217059075832367
0.29289042949676514
0.729009211063385
0.021570265293121338
1.0932883024215698
0.30878424644470215
0.23799999058246613
-0.0495932474732399
0.00928281620144844
-0.026957310736179352
-0.48280060291290283
0.08727023750543594
0.13508883118629456
0.052218951284885406
-0.4816367030143738
-0.058203697204589844
-0.2620527148246765
0.19011621177196503
-0.32143059372901917
0.3796521723270416
0.2267584651708603
0.20314621925354004
-0.5473898649215698
-0.027179082855582237
-0.005212006159126759
-0.01990729197859764
-0.021850114688277245
-0.02277199737727642
0.07039948552846909
0.02775835432112217
-0.05454905703663826
0.03333919495344162
0.029818033799529076
0.07300567626953125
0.08666805922985077
0.04966801777482033
0.03505893424153328
-0.05234656482934952
-0.0583500973880291
0.0334114208817482
-0.02635417878627777
0.024397045373916626
-0.11043982952833176
-0.021131737157702446
-0.02554939314723015
0.05855058133602142
0.014485767111182213
0.04934035614132881
0.007637734059244394
0.02074540965259075
-0.01398561056703329
-0.02176905795931816
-0.0028962865471839905
0.009495590813457966
-0.005329944659024477
0.03600538149476051
0.08942557126283646
-0.04552650824189186
0.5494364500045776
-0.40168288350105286
-0.017311010509729385
0.03006843477487564
0.05962986871600151
-0.30106088519096375
-0.11508672684431076
0.4505924880504608
-0.2865583896636963
-0.39750221371650696
0.220077782869339
-0.14381232857704163
0.17548619210720062
0.5275988578796387
0.17451494932174683
0.29519739747047424
0.5454834699630737
0.16225332021713257
0.09131778031587601
-0.316637247800827
0.524796724319458
-0.0371677540242672
0.16494975984096527
0.05837947502732277
0.055513810366392136
0.1166270449757576
-0.06840894371271133
0.11962845176458359
0.52836674451828
-0.40074703097343445
0.41675347089767456
0.04871998727321625
0.273407906293869
-0.3053613603115082
-0.385450154542923
0.081290103495121
-0.08192019909620285
-0.2567192614078522
0.4076007604598999
0.02116170898079872
-0.4458141028881073
-0.06673368066549301
-0.025342416018247604
-0.08382285386323929
0.11859843134880066
0.8607032299041748
0.2981184422969818
-0.035266511142253876
0.31982657313346863
0.2662164866924286
0.3026627004146576
-0.23767033219337463
0.38603466749191284
-0.08935670554637909
-0.0948246419429779
0.15958042442798615
0.13688413798809052
0.002956582233309746
-0.01859826035797596
0.11617574095726013
-0.5480744242668152
0.5794387459754944
0.33060523867607117
-0.16467538475990295
0.8054636716842651
-0.04947926476597786
0.16738830506801605
-0.19153393805027008
1.2040581703186035
-0.4427339732646942
-0.06366245448589325
-0.06663236767053604
0.16469310224056244
-0.5640214681625366
0.1415335088968277
0.40138107538223267
-0.6489920616149902
0.1640666425228119
0.3575335144996643
0.06921301037073135
0.646467387676239
0.622039794921875
0.17950649559497833
0.12840354442596436
0.4880409836769104
0.10154598206281662
-0.013953890651464462
0.13742156326770782
-0.5350672602653503
-0.2194010317325592
0.2900274097919464
-0.1894567459821701
0.5380071997642517
0.024316295981407166
0.09020141512155533
-0.2953770160675049
0.4997864365577698
-0.23544704914093018
-0.1008974239230156
0.071487657725811
0.181113138794899
-0.1458081603050232
-0.06586194783449173
0.3799889385700226
-0.4901540279388428
-0.543016791343689
0.36786746978759766
-0.19085754454135895
0.3329325318336487
0.20025156438350677
0.5609327554702759
0.37191519141197205
0.5666736960411072
0.2901705205440521
-0.22281867265701294
-0.12818840146064758
0.5064833760261536
-0.059828486293554306
-0.11448105424642563
0.1232667788863182
-0.17806170880794525
0.32274046540260315
-0.2046104222536087
0.22919118404388428
0.5085418224334717
0.3940396308898926
0.10319599509239197
0.23774297535419464
0.9483957886695862
-0.047031939029693604
0.014269611798226833
0.05843901261687279
0.6803208589553833
-0.4745621383190155
-0.07280097156763077
0.270727276802063
-0.1976929008960724
-0.6529297828674316
0.2490946650505066
-0.05519958212971687
0.3408345580101013
-0.012573261745274067
0.029095949605107307
-0.008037975989282131
-0.012889732606709003
-0.001254983595572412
-0.04253783077001572
-0.0037878600414842367
-0.0204489566385746
-0.006153382360935211
0.045997895300388336
-0.10363312810659409
-0.02829631045460701
-0.05565077066421509
0.004042311571538448
-0.026955166831612587
-0.058064673095941544
0.26550278067588806
0.42968466877937317
0.3690432012081146
1.0143980979919434
-0.0210463497787714
-0.08503153920173645
-0.05211937054991722
1.2729514837265015
-0.18589051067829132
0.126189723610878
0.11415610462427139
0.19364868104457855
-0.13227048516273499
0.2985879182815552
-0.09361305832862854
0.4311688244342804
0.026341747492551804
0.19651669263839722
0.39161422848701477
0.9129312038421631
-0.45105424523353577
-0.0865936428308487
0.3087053596973419
0.615460991859436
-0.22409629821777344
-0.09921614080667496
0.49719953536987305
0.019923115149140358
-0.3497692048549652
0.24615126848220825
0.209234818816185
-0.043039754033088684
-0.005644037388265133
-0.08136484771966934
0.1195356696844101
-0.4490102231502533
0.10218111425638199
0.2505744695663452
0.07863166183233261
-0.3578554689884186
0.03162924572825432
-0.29331961274147034
-0.04742421954870224
-0.2823328971862793
0.10377056896686554
0.04339205101132393
0.011686433106660843
-0.2649289667606354
-0.4763317406177521
-0.17391106486320496
-0.26031166315078735
0.17733021080493927
-0.4032287895679474
-0.22776831686496735
-0.06571079045534134
0.1845150738954544
-0.21286219358444214
-0.20067435503005981
0.04136096313595772
0.0059940991923213005
-0.4006783962249756
0.224986732006073
0.12095888704061508
0.6454137563705444
0.09385059028863907
-0.012800781056284904
0.08697861433029175
0.05313239246606827
-0.19837842881679535
0.017132675275206566
0.04305179789662361
-0.05111926421523094
0.009218634106218815
0.04652078449726105
0.018754636868834496
-0.06512269377708435
-0.003221618477255106
-0.027760649099946022
0.051956795156002045
-0.003086377866566181
0.6717724800109863
0.10095740854740143
-0.1594909280538559
0.9125366806983948
0.41313228011131287
-0.3633926808834076
-0.3035798966884613
0.9314661026000977
-0.37179163098335266
0.4622190594673157
0.2919175624847412
0.11805293709039688
0.742972731590271
1.3124207258224487
1.1394388675689697
1.731544852256775
0.01596366986632347
-0.02937345765531063
-0.015897901728749275
0.011687850579619408
0.001200679806061089
-0.05928044393658638
-0.01553560234606266
-0.0116286501288414
0.010891326703131199
0.022169331088662148
-0.014461900107562542
0.031564705073833466
-0.07362154126167297
0.0302769485861063
0.01604073867201805
-0.0584120899438858
0.15737760066986084
-0.044599004089832306
0.30774402618408203
0.9183540344238281
0.2517050504684448
0.07887372374534607
-0.22837723791599274
0.41767585277557373
-0.15448737144470215
-0.09197913855314255
-0.10681668668985367
-0.12159457057714462
0.13010071218013763
0.5248706340789795
0.3764095604419708
0.4222300052642822
0.05024392530322075
0.00557476794347167
-0.09076141566038132
0.007932842709124088
0.056111935526132584
0.017163533717393875
0.005318056792020798
0.04156755656003952
-0.029210437089204788
0.021327108144760132
-0.0030131402891129255
-0.020662857219576836
-0.01540735550224781
-0.03962358087301254
0.04987982660531998
-0.0023274582345038652
-0.3744131028652191
-0.2210821658372879
0.3145945370197296
0.480116069316864
-0.20305484533309937
-0.29973822832107544
-0.16624325513839722
0.44571274518966675
-0.1717168390750885
-0.22748027741909027
-0.011833257973194122
-0.3006840646266937
0.06272219866514206
0.006254744715988636
-0.010393628850579262
-0.30913472175598145
-0.15817247331142426
-0.03241772577166557
-0.08942476660013199
0.08266931027173996
0.010678524151444435
0.01788973994553089
-0.09484457224607468
-0.01605640910565853
-0.07566824555397034
0.038574058562517166
0.15139639377593994
0.08969356119632721
-0.034026503562927246
-0.05010902136564255
0.03923821076750755
0.0039623756892979145
-0.25100982189178467
0.04718220978975296
-0.014858990907669067
-0.02306155115365982
-0.052035488188266754
-0.05348217859864235
0.02265993319451809
0.04035481810569763
0.023008378222584724
-0.005917869973927736
0.03575263172388077
-0.009363338351249695
-0.0032035664189606905
0.06525640934705734
-0.026846066117286682
-0.010693080723285675
0.4423553943634033
0.3364393711090088
0.7838647365570068
1.4851845502853394
-0.17344525456428528
-0.12372303009033203
0.23629260063171387
1.2052826881408691
-0.06985296308994293
-0.08562638610601425
0.10380252450704575
0.29561951756477356
-0.3317987322807312
0.16887255012989044
0.26317718625068665
-0.08179128915071487
0.032433412969112396
0.4282425343990326
0.6886405348777771
1.193231225013733
-0.186136856675148
-0.015566523186862469
0.04505079984664917
0.702828586101532
0.05860061198472977
-0.33902519941329956
0.34039759635925293
0.27036169171333313
-0.02528454177081585
0.40010976791381836
0.2066139578819275
0.19599276781082153
0.7150481343269348
0.6365005373954773
0.5294325351715088
1.4995216131210327
0.6429601311683655
-0.04503664746880531
-0.12893640995025635
1.3799220323562622
0.8554731011390686
-0.03191674128174782
0.21155302226543427
0.8605638146400452
0.38693898916244507
0.40229737758636475
0.6686592102050781
0.15837016701698303
0.014031643979251385
0.6725414395332336
0.39991873502731323
1.0619961023330688
0.0025391888339072466
-0.02833847515285015
0.1508961170911789
0.7875401973724365
-0.07717914879322052
-0.12888818979263306
0.16163146495819092
0.3624574840068817
-0.13995976746082306
0.3573891818523407
0.445087194442749
0.5631799697875977
0.07755836099386215
0.7558096051216125
0.3040197789669037
1.855116605758667
0.9648170471191406
0.06449989229440689
-0.11080523580312729
1.1764827966690063
0.4304765462875366
0.19718658924102783
0.14105910062789917
0.2527692914009094
0.3772301971912384
0.4493663012981415
0.35912761092185974
0.31351760029792786
-0.3123769462108612
-0.03732864558696747
0.20809239149093628
0.12396171689033508
-0.08005285263061523
-0.35682031512260437
-0.022032272070646286
0.4310731291770935
-0.5500315427780151
-0.4584563672542572
0.09753327071666718
-0.031980909407138824
0.09695059806108475
0.2662564516067505
0.09228111058473587
0.11911911517381668
0.5540849566459656
0.7207682728767395
0.4830089211463928
1.1711829900741577
1.3247259855270386
0.45931148529052734
0.09647057950496674
0.9968757629394531
0.5843721032142639
0.1321066915988922
-0.001306884572841227
0.6968187093734741
0.7029454708099365
1.4138951301574707
1.2350575923919678
0.7743126153945923
-0.05889140069484711
0.027908917516469955
-0.00735407555475831
-0.3898065388202667
-0.00247976859100163
-0.005054967012256384
0.0966678336262703
-0.5424838066101074
0.01813073828816414
-0.11128424853086472
0.036201585084199905
-0.04329229146242142
0.10699374973773956
0.04770141467452049
-0.03566738963127136
-0.42125317454338074
-0.0721360296010971
-0.018815796822309494
-0.012637907639145851
-0.04572100192308426
-0.0453442707657814
-0.004355321638286114
0.07245585322380066
0.00342397578060627
0.0491163469851017
-0.006630429532378912
0.029770486056804657
0.03364328667521477
0.03739721700549126
0.010677335783839226
-0.07227547466754913
0.029569607228040695
0.043002355843782425
-0.034970566630363464
-0.06259766221046448
-0.012248773127794266
-0.06003815680742264
-0.017848892137408257
0.023739958181977272
0.07809297740459442
-0.036236029118299484
0.06296037137508392
-0.03319278731942177
-0.0015795413637533784
-0.10209094732999802
-0.01684751734137535
-0.03229124844074249
0.036286208778619766
0.06219194829463959
-0.30499157309532166
-0.11151248961687088
0.674385666847229
-0.4162389934062958
-0.22530710697174072
-0.3069053888320923
0.23387248814105988
-0.3196108639240265
-0.3664117157459259
0.05609626695513725
-0.042934074997901917
0.1633646935224533
0.44867685437202454
0.3282988965511322
0.3450588881969452
0.1224374920129776
-0.008118780329823494
0.1803073287010193
0.7568619847297668
0.2957789897918701
-0.014081817120313644
-0.32783541083335876
0.5010972619056702
-0.2229684293270111
0.017877129837870598
0.016653796657919884
0.14348319172859192
0.3619493544101715
0.577724039554596
-0.03943707421422005
0.6083685755729675
-0.5162476301193237
0.15642039477825165
0.36769142746925354
0.20604628324508667
-0.18617792427539825
-0.4239598214626312
-0.0008222150499932468
0.054709650576114655
-0.3880315124988556
0.114421546459198
0.05855177342891693
-0.09660264104604721
0.00519827613607049
0.08470411598682404
0.2213643193244934
0.2532579302787781
0.8020947575569153
0.010913674719631672
0.011382505297660828
0.4480360150337219
0.10524872690439224
-0.07961329817771912
-0.6543053388595581
0.3741694688796997
0.06303360313177109
-0.23189271986484528
-0.0684642568230629
0.3079415261745453
0.5249210000038147
0.43981045484542847
-0.009294625371694565
-0.25436216592788696
0.6901090741157532
0.3271585702896118
-0.008983004838228226
0.8603851795196533
-0.09326108545064926
-0.15502680838108063
-0.24036331474781036
1.144420862197876
-0.2487805187702179
-0.17530140280723572
-0.20512959361076355
0.26946821808815
0.05592140927910805
-0.2632438540458679
0.14571043848991394
-0.22938920557498932
0.192135289311409
-0.0643000453710556
0.06252593547105789
0.6844052672386169
0.6984874606132507
-0.03729492425918579
0.06121370568871498
0.4111834168434143
0.15198619663715363
-0.12612923979759216
-0.17136041820049286
-0.11109080910682678
0.41753754019737244
0.7330557703971863
0.21507056057453156
0.6993250250816345
0.17981097102165222
-0.1178237646818161
-0.3430390954017639
0.5734140872955322
-0.11858787387609482
-0.30810877680778503
-0.19212128221988678
0.32180649042129517
-0.39845117926597595
-0.2425059676170349
-0.0740874707698822
-0.1698104739189148
0.33338192105293274
0.3884340524673462
0.27692654728889465
0.7025638222694397
0.36644789576530457
0.24451670050621033
0.13797561824321747
0.6382168531417847
0.3258063495159149
-0.1647752821445465
-0.1052631363272667
0.251663476228714
0.037069156765937805
-0.011247852817177773
-0.3704415261745453
-0.04619890823960304
0.7851462364196777
0.5052964091300964
1.0257394313812256
0.802971363067627
0.5283673405647278
0.1653585135936737
0.031840067356824875
0.9686580300331116
-0.03887986019253731
-0.22714863717556
-0.2595595419406891
0.6869588494300842
-0.5991183519363403
-0.22413045167922974
-0.12205614894628525
0.003477754071354866
0.09986068308353424
0.21316368877887726
0.3575640022754669
0.6890422701835632
0.08413241058588028
-0.02261851169168949
0.0250590518116951
-0.052369777113199234
0.01826363243162632
0.04402996972203255
-0.026971668004989624
0.09397467970848083
0.05708630010485649
0.10589687526226044
-0.10008739680051804
-0.003364259609952569
-0.003934880252927542
0.014121814630925655
-0.06076258793473244
-0.03346759080886841
0.0409751757979393
0.4688522219657898
0.5215740203857422
1.111250400543213
-0.01497421320527792
-0.15240639448165894
0.1218782514333725
1.3571332693099976
-0.010465509258210659
-0.1520255208015442
0.14134593307971954
0.44500449299812317
-0.15236987173557281
0.3388613760471344
0.08930991590023041
0.17393110692501068
0.17818818986415863
0.18486523628234863
0.4130103886127472
1.072041392326355
-0.22704154253005981
-0.17926374077796936
-0.021079035475850105
0.727825939655304
-0.20137964189052582
-0.22451339662075043
0.26393404603004456
0.19999736547470093
-0.29410818219184875
0.15699928998947144
0.393136203289032
-0.03492540121078491
0.04323592409491539
-0.15701179206371307
0.3059627413749695
-0.35316431522369385
-0.1641351580619812
0.01350789237767458
0.0029722913168370724
-0.33103081583976746
-0.02687651291489601
-0.13066627085208893
0.18943794071674347
-0.25028175115585327
0.23971205949783325
0.10964653640985489
-0.0197233147919178
-0.18638761341571808
-0.4693698287010193
-0.3484451174736023
-0.1507132351398468
0.17156259715557098
-0.30688995122909546
-0.2271851897239685
0.11593335121870041
0.2594289779663086
-0.12665987014770508
0.43494147062301636
0.06928015500307083
0.08543509244918823
-0.6200451850891113
0.33375653624534607
-0.3064436912536621
0.9765868186950684
-0.04001063480973244
-0.02535790205001831
-0.005581161938607693
-0.08505842834711075
-0.2330615520477295
-0.05507251247763634
-0.043384600430727005
-0.004344737157225609
0.09640084207057953
-0.013484063558280468
-0.03288424387574196
0.0036947866901755333
-0.037871114909648895
-0.04523642361164093
-0.04697693884372711
-0.03672349080443382
-0.2105678915977478
-0.408142626285553
0.1493561714887619
0.7902456521987915
-0.593487024307251
-0.31420010328292847
-0.2606934607028961
0.7720674872398376
-0.33555853366851807
0.41057777404785156
0.5001493692398071
0.10325901955366135
0.623783528804779
1.0652883052825928
0.13125357031822205
1.5021543502807617
0.056815825402736664
-0.050584353506565094
-0.05965825170278549
0.04497388005256653
-0.11033523082733154
-0.026893755421042442
-0.014456085860729218
0.039494629949331284
0.13694947957992554
0.03506786376237869
-0.0799747109413147
-0.014105482026934624
0.003389158984646201
-0.07589329779148102
-0.005121943075209856
-0.03641665354371071
-0.09057307988405228
-0.2016080766916275
0.0447588786482811
0.8085635304450989
-0.41571885347366333
-0.03035353496670723
0.12928126752376556
0.36314648389816284
-0.1918894499540329
-0.13730354607105255
0.1486874371767044
0.14005146920681
0.08088227361440659
0.19981765747070312
-0.33047470450401306
0.17111021280288696
0.003872571513056755
0.01609082892537117
-0.03549575433135033
-0.0819338709115982
-0.028988173231482506
0.03748311102390289
0.020837455987930298
-0.05532711371779442
0.029839809983968735
0.05637139827013016
-0.007006680127233267
-0.03749663755297661
-0.06107436120510101
0.1110842153429985
-0.03194132074713707
-0.010638252831995487
-0.47612133622169495
-0.20808154344558716
0.195235475897789
0.5300567746162415
-0.3576846122741699
0.04379334673285484
0.1930658370256424
0.37284281849861145
-0.0465482734143734
0.007948923856019974
0.19061167538166046
-0.35633155703544617
-0.03700539097189903
-0.024746907874941826
-0.31645408272743225
-0.001326567493379116
-0.07261887192726135
-0.006508233491331339
0.05131709948182106
0.0014582091243937612
0.05273493751883507
-0.040435727685689926
-0.1034143790602684
0.025775426998734474
-0.031508054584264755
-0.03922596201300621
0.014404522255063057
0.0753788873553276
-0.009084798395633698
0.08162844926118851
0.03097052499651909
-0.050797026604413986
-0.2860322892665863
-0.004562510643154383
0.01086688507348299
-0.004869244992733002
0.005597067065536976
0.044609811156988144
0.016920356079936028
-0.05844598263502121
0.06419409066438675
-0.0728805884718895
0.06405888497829437
-0.05323173478245735
0.06432891637086868
-0.005525060463696718
-0.06922303885221481
-0.04464530572295189
0.2966553866863251
0.2729027569293976
0.5300683975219727
1.4161702394485474
-0.5334633588790894
0.06643237918615341
0.1369980424642563
1.1435669660568237
-0.13737019896507263
-0.1113586500287056
0.44347161054611206
0.3814091682434082
-0.33902743458747864
0.10758809000253677
0.13977767527103424
0.3787449896335602
-0.22035716474056244
0.03646846115589142
0.4460766613483429
0.9217793941497803
-0.3497419059276581
-0.07818111032247543
0.13187724351882935
0.7848963737487793
-0.18415570259094238
0.034341540187597275
0.26009422540664673
0.5216824412345886
-0.09680257737636566
0.30806422233581543
-0.036680251359939575
0.4639139473438263
0.14953725039958954
0.1802114099264145
0.008632768876850605
1.4372658729553223
-0.34774959087371826
0.07028499990701675
0.4057568907737732
1.3845648765563965
0.07144934684038162
-0.07442684471607208
0.24953246116638184
0.890590488910675
0.10217712819576263
0.44413113594055176
0.24986250698566437
0.24933598935604095
0.017308484762907028
0.37305158376693726
0.26625025272369385
0.9002940058708191
-0.13874956965446472
0.19227996468544006
0.15871387720108032
0.7541797161102295
-0.4308026134967804
0.15908564627170563
0.4641837775707245
0.559367299079895
-0.12195988744497299
0.22047309577465057
0.454618901014328
1.021485686302185
-0.10925854742527008
0.12106135487556458
0.019505023956298828
1.872597575187683
-0.1717635840177536
0.11854447424411774
0.07388968020677567
1.4998681545257568
0.03687121346592903
0.27739718556404114
0.18797986209392548
0.6153125166893005
0.3155204951763153
0.37492719292640686
0.12947821617126465
0.7187495231628418
-0.5506241321563721
-0.09629799425601959
-0.07502682507038116
0.06358028203248978
-0.4381961226463318
-0.20281800627708435
0.2689935863018036
0.4009782373905182
-0.5186272263526917
-0.2058885395526886
0.2484905868768692
0.12983360886573792
-0.08769990503787994
-0.042020633816719055
-0.3759828805923462
0.13564981520175934
-0.35383328795433044
-0.22422491014003754
0.4675145447254181
1.1927882432937622
0.20892244577407837
0.11984284967184067
-0.10912655293941498
1.042555332183838
0.04208531603217125
-0.0428231917321682
0.13788676261901855
0.8307957053184509
0.7195132970809937
1.4098153114318848
0.40934625267982483
0.4644589126110077
-0.03246324881911278
0.2134265899658203
0.15626287460327148
-0.2779344320297241
-0.22580747306346893
-0.013777166604995728
-0.0463094525039196
-0.48358190059661865
-0.011670081876218319
-0.18034231662750244
0.13398872315883636
-0.07537712901830673
0.13762931525707245
0.24207843840122223
0.0493379607796669
-0.403633713722229
-0.03852151706814766
-0.03961961343884468
0.06333642452955246
-0.03498225659132004
-0.0880860909819603
-0.059947043657302856
-0.04353077709674835
0.007244028151035309
0.0077804746106266975
0.01837625354528427
-0.05029859021306038
0.07693049311637878
0.04685753211379051
-0.05358905717730522
0.010383134707808495
-0.07322674244642258
0.006395298056304455
-0.021430911496281624
-0.058012954890728
-0.003763912245631218
-0.002496093977242708
0.011778089217841625
-0.0038234121166169643
0.03568953275680542
0.07066936045885086
-0.046603359282016754
-0.020902307704091072
-0.0058424212038517
-0.00756142707541585
0.03912261500954628
-0.009940353222191334
0.006654537282884121
-0.12678569555282593
-0.3291817009449005
-0.07178189605474472
0.46115389466285706
-0.6380241513252258
-0.1417916864156723
0.007206152193248272
0.18320955336093903
-0.10530532896518707
-0.22052787244319916
0.30751684308052063
0.10394047945737839
0.0027751668822020292
0.2792541980743408
-0.25700685381889343
0.20718513429164886
0.2082596719264984
-0.31998211145401
0.12377126514911652
0.5534363389015198
-0.27996623516082764
-0.20636272430419922
-0.2070942223072052
0.522510290145874
-0.6080932021141052
0.24589544534683228
0.14780402183532715
0.2547164559364319
0.17011462152004242
0.32392778992652893
0.06182758882641792
1.0458637475967407
-0.5992382168769836
-0.15270911157131195
0.3275138735771179
0.17000322043895721
-0.1789247989654541
-0.3341512084007263
0.12437757849693298
0.1094626933336258
-0.2622106075286865
0.41242459416389465
0.043026797473430634
-0.007328689098358154
-0.09939764440059662
-0.021516382694244385
-0.07240081578493118
0.5601305365562439
0.7992426753044128
-0.26236459612846375
-0.0332820862531662
0.40508535504341125
-0.6058337092399597
0.035555362701416016
0.01295539177954197
0.3939698040485382
0.024233296513557434
-0.16225309669971466
0.03429650887846947
0.3523496091365814
0.4532037675380707
0.3483336865901947
-0.14831088483333588
-0.13648879528045654
0.9660353660583496
0.0018595268484205008
-0.16544125974178314
0.900533139705658
-0.5473586916923523
-0.04099097102880478
-0.024086248129606247
1.0873280763626099
-0.5252581238746643
-0.11999765783548355
0.08147449046373367
0.25947892665863037
0.04142022505402565
-0.11119096726179123
0.17565593123435974
0.15078340470790863
-0.3759517967700958
-0.1723659634590149
-0.24222725629806519
0.6547165513038635
-0.5027415156364441
0.0475199818611145
0.24909108877182007
0.3967445194721222
-0.16596896946430206
0.22348269820213318
0.009226702153682709
0.05822649225592613
0.10442358255386353
0.6924391388893127
-0.20447905361652374
0.7033467888832092
0.037012748420238495
-0.3324872553348541
-0.42236578464508057
0.5497876405715942
-0.6095386743545532
-0.03271511197090149
-0.023408863693475723
0.2822880744934082
-0.1483691930770874
-0.11083752661943436
0.34217214584350586
0.025745084509253502
0.2068248987197876
0.24041633307933807
-0.306405633687973
0.503205418586731
-0.43307727575302124
-0.3368297517299652
0.08377794921398163
0.6454591751098633
-0.8043726086616516
-0.18359029293060303
0.04800469055771828
0.3041626214981079
-0.10789965093135834
0.07717949151992798
-0.008845294825732708
-0.056323353201150894
0.7415949702262878
0.046682074666023254
0.19921907782554626
0.6959682106971741
0.4568292796611786
-0.3313799500465393
-0.009472260251641273
0.9227005243301392
-0.48426857590675354
0.06446021050214767
0.06273487210273743
0.6139859557151794
-0.545630693435669
-0.1660357117652893
0.22453822195529938
-0.011782853864133358
0.1677791178226471
0.2570154666900635
-0.1898721158504486
0.643487811088562
0.04581649973988533
-0.01682441495358944
0.005021222867071629
0.06529780477285385
-0.02340129390358925
-0.030512556433677673
-0.04656931757926941
0.025466496124863625
0.019146235659718513
0.015554019249975681
0.04832054302096367
0.0324837863445282
0.010344577953219414
0.007511510513722897
0.04798048734664917
0.010513544082641602
-0.07486635446548462
0.20534351468086243
0.41078612208366394
1.0643795728683472
-0.2640816271305084
0.12784701585769653
-0.06722880899906158
1.2347636222839355
-0.28129664063453674
0.10599831491708755
0.2599668800830841
0.4777744710445404
-0.1351691037416458
0.3022761046886444
-0.04121766611933708
0.5469071269035339
0.22327479720115662
-0.006625655107200146
0.13256335258483887
0.9548788666725159
-0.44608280062675476
-0.24410519003868103
0.2821369469165802
0.6998981833457947
-0.1649264395236969
-0.1379506140947342
0.5558632612228394
0.30170467495918274
-0.250211626291275
0.2080734670162201
-0.04788992553949356
0.30970802903175354
-0.05416201800107956
-0.13920515775680542
0.0852101519703865
-0.3568685054779053
0.19848905503749847
0.18578015267848969
0.01202672254294157
-0.3879525363445282
-0.06606132537126541
-0.19017350673675537
-0.004456442315131426
-0.2139231115579605
0.2017080932855606
0.18949377536773682
-0.01297819148749113
-0.29302534461021423
-0.392931193113327
-0.08498862385749817
-0.27403461933135986
0.24062955379486084
-0.2859657108783722
-0.22247472405433655
0.03554148226976395
0.28583452105522156
-0.33769384026527405
0.4086334705352783
0.023349929600954056
0.13216696679592133
-0.4605157673358917
0.33045893907546997
-0.0653064101934433
0.8468157649040222
0.028851037845015526
0.014131692238152027
0.037244923412799835
-0.02163700945675373
-0.25210535526275635
-0.03253481537103653
0.06860162317752838
-0.012292849831283092
0.006998035125434399
-0.0010899362387135625
0.005833442322909832
0.010307523421943188
-0.04456594958901405
0.009002926759421825
0.0453856959939003
0.011637531220912933
0.6968169212341309
0.42981842160224915
-0.1456148624420166
0.9836871027946472
0.5009123682975769
-0.27543243765830994
-0.35677704215049744
0.9950676560401917
-0.2352258563041687
0.1526055634021759
0.4947268068790436
0.20943883061408997
0.06787151098251343
0.6959799528121948
0.4434269964694977
1.7967394590377808
0.053367797285318375
-0.02331228367984295
-0.0020651482045650482
0.012335818260908127
-0.020642701536417007
0.0337354838848114
0.07615132629871368
-0.02840772271156311
-0.07546403259038925
-0.019148463383316994
-0.03330684080719948
-0.00508531229570508
0.006832522340118885
-0.004115880001336336
-0.0036062600556761026
0.005566338077187538
0.12566378712654114
0.12309848517179489
0.24956029653549194
1.0142912864685059
0.14927536249160767
-0.14740592241287231
0.07828274369239807
0.43454763293266296
-0.1744501292705536
-0.004206420853734016
0.1234789565205574
0.04995843023061752
-0.5721885561943054
0.0857493057847023
-0.058175839483737946
0.4258519113063812
-0.019101064652204514
-0.08746759593486786
-0.03428284451365471
-0.015195641666650772
-0.06781008094549179
-0.029880186542868614
-0.03411620482802391
-0.05967738479375839
0.07822190970182419
0.068302221596241
0.027976982295513153
0.02167164348065853
0.008205628953874111
-0.003561763558536768
0.02765475958585739
-0.07169400155544281
-0.526695966720581
0.038922954350709915
0.1897096484899521
0.6188266277313232
-0.26314061880111694
-0.17143504321575165
0.3190608024597168
0.3887730836868286
-0.10109123587608337
-0.06996413320302963
0.1107063889503479
-0.4831225574016571
0.15879710018634796
-0.004696050193160772
-0.11385073512792587
-0.050596073269844055
-0.12267609685659409
0.023038750514388084
-0.007044958416372538
-0.030735230073332787
0.0004040469357278198
-0.049328528344631195
0.07012393325567245
0.03017606772482395
0.019685953855514526
-0.00394670432433486
0.026489976793527603
0.09279436618089676
0.05642903968691826
0.027305511757731438
-0.01184095162898302
-0.0010853259591385722
-0.29847830533981323
0.0581497848033905
-0.07379037886857986
-0.014807810075581074
-0.07969532161951065
-0.019137049093842506
0.07422719150781631
-0.10462038218975067
0.00486959470435977
-0.010374542325735092
0.01843060925602913
0.05285005271434784
0.061265964061021805
-0.01794404163956642
0.0012427415931597352
0.08167219907045364
0.5436610579490662
0.39738503098487854
0.7282400131225586
1.367650032043457
0.2678928077220917
0.13302677869796753
0.19360703229904175
1.1909195184707642
0.12360620498657227
0.0032111802138388157
0.32521992921829224
0.4139002561569214
-0.11968427896499634
0.1797838658094406
0.1961701661348343
0.31178760528564453
0.28327083587646484
0.353398859500885
0.38639160990715027
1.0823583602905273
0.05426738038659096
-0.04074718430638313
0.16994129121303558
0.7468570470809937
-0.07311388850212097
0.0029378628823906183
0.3623563349246979
0.38081663846969604
-0.11837147176265717
0.24502277374267578
-0.05839936435222626
0.4810786247253418
0.7053949236869812
0.5769293904304504
0.3323732316493988
1.5239238739013672
0.8130415678024292
0.2624540328979492
-0.008389247581362724
1.4982117414474487
0.926883339881897
0.08078368008136749
0.14903421700000763
0.8973583579063416
-0.2027408629655838
0.3368285298347473
0.3083515763282776
0.435048371553421
0.3217566907405853
0.47002583742141724
0.4531949460506439
0.8985871076583862
0.23098140954971313
-0.02041666954755783
0.1518436074256897
0.7324537038803101
-0.003990980330854654
0.10434157401323318
0.2957632541656494
0.45865944027900696
0.0004266927717253566
0.051664192229509354
0.49099740386009216
0.8109837770462036
0.5273799896240234
0.6755422353744507
0.3351282775402069
1.8902183771133423
0.9355138540267944
0.3686220049858093
0.1447654366493225
1.3364588022232056
0.49005839228630066
0.36448371410369873
0.08932281285524368
0.519541323184967
-0.08639999479055405
-0.3414493799209595
0.32598569989204407
0.6282401084899902
-0.23664768040180206
0.08941874653100967
-0.08357883244752884
0.27067121863365173
-0.2861035168170929
-0.24850228428840637
0.27719181776046753
0.40375372767448425
-0.4015193581581116
-0.08843658864498138
0.18315361440181732
0.13339084386825562
0.12005177140235901
0.08983149379491806
-0.23384180665016174
0.18659038841724396
0.5686070322990417
1.1255531311035156
0.5509042739868164
1.2198952436447144
1.3557876348495483
0.5838754177093506
-0.015429100953042507
1.0418758392333984
0.7143173217773438
0.08836184442043304
0.21079571545124054
0.9842905402183533
0.13700926303863525
0.8583556413650513
0.5699847936630249
0.5915967226028442
-0.053927674889564514
0.04131999611854553
-0.060244571417570114
-0.3391581177711487
-0.0038261953741312027
-0.04853373020887375
-0.052842315286397934
-0.4003785252571106
0.04738131910562515
-0.1703062802553177
0.046384360641241074
-0.15773144364356995
0.358768105506897
0.351338654756546
-0.08322782069444656
-0.4744310677051544
-0.011599601246416569
0.024920836091041565
0.015411793254315853
0.03196392208337784
-0.05268573388457298
-0.03888030722737312
0.02944115549325943
0.07282374054193497
-0.036350131034851074
-0.047661904245615005
-0.03568023815751076
0.012104254215955734
0.041176434606313705
0.05826527252793312
-0.05557727813720703
0.042622167617082596
-0.02337449975311756
-0.06874941289424896
-0.03129253163933754
0.08031798899173737
0.08643216639757156
-0.02234235405921936
0.033385854214429855
0.026455460116267204
-0.13328354060649872
-0.02152078039944172
0.019135724753141403
-0.06393034756183624
0.04300624504685402
-0.03141285851597786
0.008961076848208904
0.059399526566267014
0.18712544441223145
-0.03088012896478176
-0.07042515277862549
0.6027055978775024
-0.30694133043289185
-0.16951431334018707
-0.005678277462720871
0.2049032747745514
-0.18476194143295288
-0.10462688654661179
0.24886870384216309
0.05674557015299797
-0.43525272607803345
0.16890157759189606
-0.08564664423465729
0.36498168110847473
0.4047412574291229
0.22502465546131134
0.2406303733587265
0.6523945331573486
0.4500347673892975
-0.07322520762681961
-0.33323031663894653
0.46573206782341003
0.09623028337955475
0.1818452626466751
-0.03076993115246296
0.3203546404838562
0.1620582640171051
-0.10196320712566376
0.15336649119853973
0.7565214037895203
-0.5137484669685364
0.4090554118156433
0.24806733429431915
0.13968069851398468
-0.1520719975233078
-0.25240248441696167
0.104058176279068
0.04777013882994652
-0.10974978655576706
0.2649710476398468
-0.023870354518294334
-0.06975811719894409
0.17084620893001556
-0.08930353820323944
-0.0913412794470787
0.36133965849876404
0.7711602449417114
0.31880509853363037
0.026542125269770622
0.24853365123271942
0.1920062154531479
0.17860658466815948
-0.4296821355819702
0.49050307273864746
0.1187627986073494
-0.12691885232925415
-0.0002994154638145119
0.38671305775642395
0.1348196119070053
0.03856028988957405
0.11340297013521194
-0.14830440282821655
0.5690109133720398
0.33971408009529114
-0.1764143407344818
0.7977895736694336
-0.07051102817058563
0.0538114495575428
-0.10495476424694061
1.2295787334442139
-0.23182368278503418
-0.08256199955940247
0.1624515950679779
0.3119290769100189
-0.5373223423957825
0.18754681944847107
0.31289464235305786
0.02422267571091652
0.4022000730037689
0.18039363622665405
0.0546412393450737
0.6721381545066833
0.8234652280807495
0.11362044513225555
0.032044921070337296
0.41524121165275574
0.19512878358364105
0.0775335356593132
-0.06726589798927307
0.039521414786577225
-0.11643137037754059
0.23965516686439514
0.13550272583961487
0.7792212963104248
0.09923042356967926
0.03262852877378464
-0.39072367548942566
0.5666213035583496
-0.02813415788114071
-0.2292374074459076
0.03806773200631142
0.3154890835285187
-0.04997378960251808
-0.13813817501068115
0.3405647575855255
-0.06060861796140671
-0.382032573223114
0.15081040561199188
-0.1582515388727188
0.5885202288627625
0.26503780484199524
0.3476219177246094
0.1693294197320938
0.6633403897285461
0.33364996314048767
0.044710345566272736
-0.09803895652294159
0.4341040253639221
-0.016568202525377274
-0.014558297581970692
0.14385931193828583
-0.025952104479074478
0.3502185046672821
-0.19338224828243256
0.5040046572685242
0.9222183227539062
0.5897712111473083
0.12979266047477722
0.10568618029356003
0.8521068692207336
0.016295187175273895
-0.15119251608848572
0.08553539216518402
0.7443006634712219
-0.3509067893028259
-0.1951664239168167
0.1023809164762497
0.13658808171749115
-0.7462007403373718
0.14271193742752075
-0.012345914728939533
0.7548036575317383
-0.004130955785512924
0.04967600107192993
0.04221372306346893
-0.05366262421011925
0.03394677862524986
0.03977705538272858
0.0494549423456192
-0.04010511189699173
0.020721636712551117
-0.024114271625876427
0.0156983882188797
0.018179798498749733
-0.06538520008325577
0.030264604836702347
0.02232077531516552
-0.011445294134318829
0.26437464356422424
0.3574169874191284
0.33755922317504883
1.2284494638442993
0.2710135281085968
-0.025022020563483238
0.058697089552879333
1.3030550479888916
0.02101529762148857
0.21417997777462006
0.3630428910255432
0.44449618458747864
-0.06208178400993347
0.17614564299583435
0.09089870750904083
0.4602779150009155
0.08627214282751083
0.21076013147830963
0.3788408935070038
1.006499171257019
-0.19480951130390167
-0.2812601327896118
0.3079938292503357
0.7224947214126587
0.026191191747784615
-0.0843627005815506
0.4292881190776825
0.4789659082889557
-0.2232116460800171
0.2502850592136383
0.18555018305778503
0.22619947791099548
-0.015073368325829506
-0.09590640664100647
0.5703948140144348
-0.25010204315185547
-0.14725159108638763
0.10688203573226929
0.019895199686288834
-0.6358066201210022
-0.07578741014003754
-0.24391253292560577
-0.3435722291469574
-0.1502658575773239
0.190546914935112
0.0012177671305835247
0.08909136801958084
-0.24178661406040192
-0.27829107642173767
-0.1014496237039566
-0.33734676241874695
-0.5910462141036987
-0.29166126251220703
-0.3125157058238983
0.05806971713900566
-0.048828449100255966
-0.14444056153297424
-0.12633217871189117
0.019037753343582153
0.08407354354858398
-0.5762450695037842
0.24409103393554688
-0.01942411996424198
0.8864675760269165
-0.0025215307250618935
0.04845608398318291
-0.04463542252779007
-0.06566968560218811
-0.2986113131046295
0.03631927818059921
0.019806407392024994
-0.0033252572175115347
0.024074895307421684
-0.036451682448387146
0.019575143232941628
-0.045402996242046356
-0.06676848977804184
0.054523732513189316
-0.01987350918352604
-0.0791751965880394
0.2641389071941376
0.08978518843650818
-0.8066704273223877
0.22689731419086456
-0.4836014211177826
-0.16695421934127808
-0.04896349459886551
-0.5070220232009888
-0.36510345339775085
0.2835077941417694
0.33722200989723206
-0.0471382774412632
0.583523154258728
1.2154591083526611
1.1443809270858765
1.8195024728775024
-0.035090912133455276
0.04238621145486832
0.05774323642253876
-0.031378861516714096
-0.025582531467080116
0.03629660606384277
-0.012765930034220219
-0.06977590918540955
-0.030907735228538513
-0.04261437803506851
-0.050143059343099594
0.022584548220038414
-0.04538072273135185
-0.028709903359413147
-0.061842694878578186
0.022989261895418167
-0.260633260011673
-0.056563444435596466
-0.8413147330284119
0.3597286641597748
-0.3210175335407257
0.06186376512050629
0.05418380722403526
-0.4671984016895294
-0.16027598083019257
-0.2634798288345337
0.04470876231789589
-0.3850811719894409
0.18306852877140045
0.2975088953971863
0.34315818548202515
0.1669960469007492
-0.0805254653096199
-0.01314015407115221
0.03734598308801651
0.05767276510596275
0.07883895188570023
-0.04119323939085007
-0.07214813679456711
-0.08584742993116379
0.033604059368371964
-0.051496971398591995
0.01538260281085968
0.00044753734255209565
-0.029889781028032303
0.017564944922924042
0.05099785327911377
0.024674396961927414
-0.55974942445755
-0.0498286597430706
-0.8216226100921631
0.06604009866714478
-0.4612807333469391
-0.1337233930826187
-0.268993616104126
-0.2317008227109909
-0.18244630098342896
-0.39683061838150024
-0.017290225252509117
-0.6027279496192932
-0.014509635977447033
-0.012683846987783909
0.07461167871952057
-0.11069297045469284
-0.20281128585338593
-0.037656269967556
0.028113054111599922
0.05088033154606819
-0.007176628336310387
-0.06911282986402512
-0.03987693041563034
-0.04645126685500145
-0.008570568636059761
-0.032664522528648376
0.05888283997774124
0.06270500272512436
0.015950417146086693
0.015970243141055107
-0.03777182474732399
-0.005041652359068394
-0.32194948196411133
0.00803118571639061
-0.029529759660363197
-0.03369620069861412
-0.04848760738968849
-0.009622231125831604
-0.04927286133170128
0.021219031885266304
-0.03917814418673515
-0.04755343124270439
0.02221301570534706
0.015024395659565926
0.01836184784770012
-0.0547306202352047
0.03185002878308296
0.013738579116761684
0.1728624701499939
0.06623701006174088
-1.1840356588363647
0.7352187037467957
-0.28801578283309937
-0.20324476063251495
-0.788688063621521
0.47530943155288696
-0.21686416864395142
-0.193895161151886
0.048825107514858246
-0.14398173987865448
-0.2561725378036499
-0.17161768674850464
0.2495049387216568
0.3676161766052246
-0.14666599035263062
0.00747219892218709
-1.0706263780593872
0.28550082445144653
-0.03337496146559715
-0.41604551672935486
-0.9527401328086853
0.4563245177268982
-0.34842562675476074
-0.45265379548072815
-0.31506118178367615
0.026004450395703316
-0.17164281010627747
0.27075818181037903
0.19138285517692566
0.6087918281555176
0.40137746930122375
0.3186117708683014
-0.8060582280158997
0.45139288902282715
-0.3109971880912781
-0.005593992304056883
-0.4221964478492737
0.06255200505256653
0.25380757451057434
-0.10270223021507263
0.3834013342857361
-0.06305181235074997
0.2945716977119446
0.2890240252017975
0.49214956164360046
0.47116488218307495
0.069520004093647
0.5418874025344849
-1.184350609779358
0.7397871613502502
0.12555988132953644
-0.13728547096252441
-0.920415997505188
0.14309866726398468
-0.343059241771698
0.033534590154886246
-0.2086760699748993
-0.01162343006581068
-0.2366010993719101
0.10794546455144882
0.47103843092918396
0.9510349631309509
-0.04771837219595909
0.5461596250534058
-1.0628511905670166
0.9562442302703857
0.06299982964992523
-0.07509496062994003
-0.6141913533210754
-0.08252228796482086
-0.019372722133994102
0.04118015244603157
0.36064162850379944
0.35515353083610535
0.31418395042419434
0.4315635561943054
0.32606956362724304
0.7260512113571167
-0.5966729521751404
-0.24586302042007446
-0.9002977609634399
-0.3297198414802551
-0.38421374559402466
-0.28087618947029114
-0.15163065493106842
-0.47784072160720825
-0.5802528858184814
-0.4501420259475708
0.20206399261951447
-0.15178048610687256
-0.10512728989124298
0.1930549442768097
0.15785320103168488
0.3027900755405426
-0.12381713092327118
0.493850976228714
-0.4290997087955475
0.05320434644818306
0.18017281591892242
0.2521905303001404
-0.5275686383247375
-0.3615154027938843
0.14169380068778992
-0.1811343878507614
0.02672535926103592
0.3888656795024872
0.6556347012519836
1.249382734298706
1.0229902267456055
0.8344150185585022
-0.04299335926771164
0.034117549657821655
0.30666592717170715
-0.4440311789512634
-0.2300563007593155
0.1954423040151596
0.20253907144069672
-0.7377588748931885
0.0400790311396122
-0.2128855139017105
-0.38543936610221863
-0.05918634310364723
0.1591465175151825
0.14203141629695892
-0.006426280830055475
-0.4261126220226288
-0.04133031144738197
0.03690226003527641
-0.0033907699398696423
0.013226320035755634
-0.03442048281431198
-0.016986902803182602
-0.042298369109630585
-0.06765245646238327
-0.004422063007950783
-0.0004506941477302462
-0.0720558911561966
-0.034529753029346466
0.05554472655057907
-0.09688640385866165
-0.025267314165830612
0.02630842849612236
-0.06149253994226456
-0.07062344253063202
-0.013948441483080387
0.011182921007275581
0.003434976330026984
0.03583166375756264
-0.05445903167128563
-0.031584374606609344
-0.04963184520602226
0.003431771183386445
-0.053729113191366196
0.06447222083806992
0.030350903049111366
0.007729928009212017
0.09869462251663208
0.06707490980625153
-0.062318284064531326
-0.29729923605918884
-0.9255621433258057
0.06772348284721375
-0.6524789929389954
-0.21927903592586517
-0.14722689986228943
-0.5230382084846497
-0.3216094374656677
-0.4280381500720978
0.17049850523471832
-0.20587745308876038
-0.1353079378604889
0.39685431122779846
0.35107874870300293
0.26648086309432983
0.1684189885854721
-0.00624085171148181
-0.4122241139411926
-0.13787566125392914
-0.31315383315086365
-0.17453919351100922
-0.47152480483055115
-0.874472975730896
-0.4252014756202698
-0.22886286675930023
0.22955967485904694
-0.09869597852230072
0.37011808156967163
0.5830631256103516
-0.0318605937063694
1.2442351579666138
-0.8305617570877075
0.26408594846725464
-0.3030821979045868
-0.04836972802877426
-0.10423470288515091
-0.44602489471435547
-0.40247049927711487
-0.5414637327194214
-0.3561599552631378
-0.34178900718688965
-0.08737490326166153
-0.19950158894062042
-0.04791277274489403
0.23013493418693542
0.2076968401670456
0.5063355565071106
0.9386165142059326
0.17706437408924103
-0.42125818133354187
-0.543617844581604
-0.810117244720459
0.21695388853549957
-0.2822688817977905
-0.7895885109901428
0.019377928227186203
-0.41923987865448
0.007154145743697882
0.10624784976243973
0.47390809655189514
0.33656951785087585
0.09386488795280457
0.015235922299325466
0.9773135781288147
0.20320816338062286
-0.8640937805175781
-0.01750832237303257
-0.5829132199287415
-0.3010212182998657
-0.45671799778938293
-0.32277801632881165
-0.505520224571228
-0.2438420206308365
0.26159700751304626
-0.43081146478652954
-0.09517069160938263
-0.30200156569480896
0.20668162405490875
0.15768930315971375
-0.37621885538101196
0.09410054981708527
-0.9158985614776611
-0.16452664136886597
-0.3148684501647949
-0.10754549503326416
-0.2566595673561096
-0.5090262293815613
-0.07043662667274475
-0.15411357581615448
-0.04467203840613365
0.11950020492076874
0.3822624683380127
0.6331580281257629
0.3287788927555084
0.8592574596405029
-0.04488193988800049
0.060247521847486496
-0.8518722653388977
0.003396646585315466
-0.6660642027854919
-0.17866066098213196
-0.029069865122437477
-0.5390102863311768
-0.34425315260887146
-0.16340570151805878
0.25857657194137573
-0.2931971251964569
-0.12327148765325546
0.2980131208896637
0.29606345295906067
0.38072526454925537
-0.0029856692999601364
0.22697345912456512
-0.5025156140327454
-0.5910435318946838
-0.6485868692398071
-0.441539466381073
-0.24903947114944458
-0.6505732536315918
-0.09078054130077362
-0.1316175013780594
0.04985834285616875
-0.3406490981578827
0.7368936538696289
0.09302631765604019
0.9930013418197632
1.1279135942459106
0.3946792185306549
-0.0743638351559639
-0.9304885268211365
0.4485462009906769
-0.5416123270988464
-0.26939889788627625
-0.15739166736602783
-0.5442394018173218
-0.5098806023597717
-0.38567477464675903
0.20708414912223816
-0.18281598389148712
-0.18333469331264496
0.08185920119285583
0.4562198221683502
0.6267920732498169
0.017941312864422798
-0.0018771226750686765
-0.03310501575469971
-0.054483458399772644
0.03592503443360329
0.01963997446000576
-0.052315738052129745
-0.017081243917346
-0.058752164244651794
0.03352717310190201
0.011765172705054283
-0.002060594968497753
-0.030860750004649162
0.020024498924613
-0.020373182371258736
-0.05581696704030037
0.03650858625769615
0.39939382672309875
-1.0550845861434937
0.563420832157135
0.10826374590396881
-0.25309476256370544
-0.856346845626831
0.8685217499732971
-0.3591955304145813
-0.11550359427928925
-0.2776142954826355
0.03261348977684975
-0.19360612332820892
0.24179808795452118
0.013614420779049397
0.4350847005844116
0.12151069194078445
-0.2595910429954529
-0.27239367365837097
-0.02913542464375496
-0.562154233455658
-0.21102933585643768
-0.4121645390987396
-0.17525799572467804
-0.12612375617027283
-0.34211796522140503
0.3852844536304474
-0.2501431405544281
-0.5024110674858093
-0.056699857115745544
0.4239063262939453
0.27538034319877625
-0.07296019792556763
-0.17770648002624512
0.34535789489746094
-0.47943127155303955
0.2208283692598343
0.15811948478221893
0.060854703187942505
-0.6395195722579956
0.022266605868935585
-0.3586580753326416
-0.14886268973350525
-0.17097997665405273
0.27039235830307007
0.41942906379699707
0.22606393694877625
-0.2909436523914337
0.24619843065738678
-0.08337903022766113
0.403099000453949
-0.8736847639083862
0.00399371050298214
-0.270996630191803
0.6664276719093323
-0.5505854487419128
-0.09388615936040878
0.027111228555440903
0.10652205348014832
0.027681458741426468
0.406093031167984
0.20106960833072662
0.04274024814367294
1.0148556232452393
-0.041878145188093185
-0.03666624426841736
0.00397744495421648
-0.041504133492708206
0.19838961958885193
0.026471473276615143
-0.013018576428294182
0.01180749200284481
-0.04604347050189972
0.030439963564276695
0.04115947335958481
0.08289451152086258
0.027369923889636993
0.10656794905662537
0.014182721264660358
0.017696604132652283
0.09216749668121338
-0.04316765442490578
0.3536522090435028
-0.7026128768920898
-0.18282431364059448
-0.28521206974983215
0.2124505639076233
-0.5832846760749817
0.09387382864952087
-0.31687793135643005
0.5525143146514893
0.36692720651626587
-0.42311376333236694
-0.2434830218553543
0.048871565610170364
1.9502842426300049
-0.04836387559771538
0.012494782917201519
0.0171973779797554
0.019572779536247253
0.08307695388793945
0.07265336066484451
-0.06002269685268402
0.059365954250097275
0.011332105845212936
0.045772209763526917
-0.08681480586528778
-0.07600067555904388
0.09961064159870148
0.04104333743453026
-0.05649185925722122
0.0011523461434990168
0.4178031384944916
-0.08767160773277283
0.2770943343639374
-1.035585641860962
-0.23208633065223694
0.06598277390003204
0.022247493267059326
-1.0541061162948608
0.09763139486312866
-0.1628030687570572
-0.0021891093347221613
0.19819001853466034
0.11896032840013504
0.5871122479438782
0.056833866983652115
0.17179280519485474
0.029709940776228905
-0.04094082489609718
-0.002521783346310258
-0.054127588868141174
0.048229582607746124
0.08936973661184311
-0.021127644926309586
0.009237815625965595
-0.01678450033068657
-0.07252363860607147
-0.06119120121002197
-0.05296684056520462
-0.013374636881053448
-0.04106413945555687
0.02952832169830799
0.003592805005609989
0.1654951125383377
-0.2801510691642761
0.512984037399292
-1.1224322319030762
0.28693926334381104
0.05112547427415848
0.15980251133441925
-1.0213450193405151
0.0873492881655693
-0.25063610076904297
-0.012588929384946823
-0.214806467294693
0.5538052320480347
0.34744635224342346
-0.09175638109445572
0.009564218111336231
0.19777831435203552
-0.06811384856700897
-0.03093676269054413
-0.10277727246284485
-0.015902796760201454
0.03531261906027794
-0.0038992201443761587
-0.013933375477790833
-0.01355532556772232
-0.06576915085315704
0.09998851269483566
0.1114870011806488
-0.04241518676280975
0.017417730763554573
-0.008566915057599545
0.004746400285512209
0.20866292715072632
0.020418671891093254
0.011061392724514008
0.029535027220845222
-0.04768341779708862
-0.03780156373977661
0.04804375022649765
0.006932036951184273
-0.047203730791807175
0.05037503316998482
0.04321012273430824
0.012591208331286907
0.021459629759192467
-0.05554889887571335
0.052785005420446396
0.0036797591019421816
0.5159481763839722
0.6018466353416443
0.6129934787750244
-0.9997069239616394
0.09572720527648926
0.07649722695350647
0.2627127170562744
-1.3951815366744995
0.21208594739437103
-0.13999120891094208
0.29181668162345886
-0.35062432289123535
0.5554742813110352
0.5135211944580078
0.3982541263103485
0.42865777015686035
0.4047105312347412
0.1710846871137619
0.6028539538383484
-1.166565179824829
-0.4538273811340332
-0.015979913994669914
0.25375619530677795
-1.0639026165008545
0.045653849840164185
-0.09092340618371964
-0.13423092663288116
-0.16447362303733826
0.3404087722301483
0.18119652569293976
-0.10611218959093094
0.6845391988754272
0.7545067667961121
0.5697483420372009
0.8802821636199951
-0.6749512553215027
-0.7580481767654419
-0.39756113290786743
-0.026570040732622147
-1.4614006280899048
-0.7851186990737915
-0.05199016258120537
0.15091203153133392
-0.49115779995918274
0.20065413415431976
-0.1827811449766159
0.1810680478811264
0.574603796005249
0.2989077866077423
0.5553656816482544
1.0698438882827759
-0.9349021911621094
-0.36654195189476013
0.23023593425750732
0.30113255977630615
-0.6749998927116394
-0.11733399331569672
-0.2171982228755951
0.014947792515158653
-0.011547409929335117
0.23502807319164276
0.09517225623130798
0.474710613489151
1.005874514579773
0.40200090408325195
0.6648798584938049
0.969632089138031
-0.8831700682640076
-0.371377557516098
-0.8444174528121948
-0.33938169479370117
-1.4739818572998047
-0.49151840806007385
-0.1108337864279747
0.3379029333591461
0.5410707592964172
0.13279785215854645
-0.23731407523155212
0.4681280553340912
1.0246723890304565
0.20204563438892365
-0.40436744689941406
0.20617233216762543
-1.2279961109161377
0.218951016664505
-0.1105862408876419
0.3778456449508667
-0.5506737232208252
0.1239839494228363
-0.08469679951667786
0.2149185985326767
0.09567610919475555
0.39901813864707947
0.5966799259185791
-0.09753797948360443
0.4559464454650879
0.010776337236166
0.057111356407403946
0.24072712659835815
-0.6038306355476379
-0.6534450054168701
-0.7902671098709106
-0.22743287682533264
-0.3828348219394684
-0.6303614377975464
-0.3382588326931
0.21199756860733032
0.5103924870491028
-0.0647192895412445
-0.6021608114242554
0.4788919687271118
0.9558048248291016
0.10112934559583664
-0.04451920464634895
0.38327082991600037
-0.11644463241100311
0.5256693363189697
0.32463979721069336
0.21218743920326233
-0.29053300619125366
0.05552741885185242
-0.16486749053001404
-0.11591145396232605
0.00870512891560793
0.5491806864738464
0.2939833104610443
0.24957175552845
-0.1786728948354721
0.044880546629428864
0.04347754269838333
-0.11084627360105515
0.008048433810472488
0.06670568883419037
-0.06755411624908447
-0.02042691595852375
-0.020532067865133286
-0.02816624380648136
-0.06082160398364067
-0.01709795743227005
-0.03795027360320091
-0.04411125183105469
-0.012796033173799515
0.07544595748186111
0.01952456496655941
-0.009302230551838875
0.05104055628180504
0.08445322513580322
0.007082969415932894
-0.08579342812299728
-0.04245661944150925
0.012527109123766422
-0.048977214843034744
0.01533449161797762
0.007340975105762482
-0.0638495534658432
-0.0272666048258543
0.07926513254642487
-0.038255997002124786
-0.05812463164329529
-0.00060345942620188
0.05679568275809288
-0.5222916603088379
0.15582002699375153
-1.1858915090560913
0.06278964877128601
0.06675519049167633
0.039450548589229584
-0.5802624821662903
-0.1329210102558136
0.0031672054901719093
0.11696073412895203
0.06001308560371399
0.1191195473074913
0.5239343047142029
0.06816061586141586
0.4115835428237915
-0.476365327835083
0.10261853784322739
0.5323525667190552
-0.6081709861755371
-0.35849958658218384
-0.07534725219011307
-0.2793619632720947
-0.5006664395332336
0.38457009196281433
0.1927996277809143
-0.04699137806892395
-0.12003391981124878
0.35464581847190857
-0.22192277014255524
0.31191253662109375
1.4340349435806274
0.01131688617169857
0.20257490873336792
0.957707941532135
-1.256934404373169
-0.08104041963815689
-0.4504513144493103
0.05587591975927353
-0.6527419686317444
0.04146425053477287
-0.12018762528896332
-0.22089305520057678
-0.12939947843551636
0.5130292177200317
0.11220990121364594
-0.10011624544858932
0.5977141857147217
0.12201980501413345
0.011415818706154823
0.068941131234169
0.07143005728721619
-0.4615798890590668
-0.027070971205830574
-0.3990342319011688
-0.6757790446281433
-0.07106787711381912
-0.24894388020038605
-0.017549607902765274
-0.0606984868645668
0.17170535027980804
0.004777356516569853
0.432813823223114
-0.10752062499523163
0.5455426573753357
0.4403240978717804
0.4903549551963806
-0.8328025937080383
0.06627699732780457
-0.3051392138004303
0.04326960816979408
-0.9591678977012634
-0.013077368959784508
0.0055692922323942184
-0.01787412539124489
-0.07965947687625885
-0.003455200931057334
0.5265961289405823
0.4016129672527313
0.3294479250907898
-0.20541265606880188
0.11721088737249374
0.25155186653137207
-0.6171107292175293
-0.8229292035102844
-0.20043279230594635
-0.08620461076498032
-0.4620848298072815
0.02154061757028103
0.08198431879281998
0.009710959158837795
0.007577232550829649
0.388644278049469
-0.2828361988067627
0.027995051816105843
0.9530512690544128
0.12370364367961884
-0.39921391010284424
-0.05220251530408859
-1.0466880798339844
0.02303195744752884
0.1791321486234665
0.13214711844921112
-0.3951400816440582
-0.17615920305252075
-0.05661512538790703
0.32618167996406555
0.2736705541610718
0.17088741064071655
0.5955895185470581
0.08334680646657944
0.5605589151382446
-0.01460108533501625
0.19463661313056946
0.06978621333837509
-0.5083427429199219
-0.11832170188426971
-0.29034146666526794
0.0819985643029213
-0.2892933785915375
-0.2255914956331253
-0.21013271808624268
0.0960463285446167
0.00011214745609322563
0.2998390793800354
0.04961772635579109
0.3523631989955902
1.1399197578430176
0.5617877244949341
-0.03344807028770447
0.06684811413288116
-1.4658430814743042
0.0819905549287796
-0.10340984910726547
0.20200669765472412
-0.9167084693908691
-0.08080201596021652
0.12731225788593292
0.10865622013807297
0.14763598144054413
-0.10362014919519424
0.6409724950790405
0.0011086525628343225
0.734857976436615
0.01868184097111225
0.025321483612060547
0.029602039605379105
-0.0018108956282958388
0.026116926223039627
-0.02064554952085018
0.01766175590455532
-0.008009310811758041
-0.015145456418395042
-0.027563724666833878
0.014248264953494072
-0.0002495469234418124
-0.10778844356536865
-0.015200006775557995
-0.006532236468046904
0.07390299439430237
0.34620827436447144
0.4951731860637665
1.051038384437561
-1.2593902349472046
-0.3123509883880615
0.16274523735046387
0.2925819456577301
-1.624694585800171
-0.028059931471943855
-0.2708010673522949
-0.018432339653372765
-0.09373191744089127
0.2073705643415451
-0.03837195783853531
0.04529767110943794
0.5975322723388672
0.4786248803138733
0.051376115530729294
0.6759820580482483
-0.6027687788009644
0.27569565176963806
-0.2483028918504715
-0.06901749223470688
-1.6765661239624023
-0.12182613462209702
-0.10080587863922119
0.4376761019229889
-0.16252368688583374
0.42298662662506104
0.6219328045845032
0.4505288898944855
0.44346293807029724
0.06919940561056137
-0.2644127309322357
0.294770210981369
-0.06201322376728058
0.31101733446121216
0.20370157063007355
-0.1204569861292839
0.03145658224821091
-0.04052441194653511
-0.35779374837875366
-0.18835726380348206
-0.046972498297691345
0.27423861622810364
0.3539849519729614
-0.2595033347606659
0.06572641432285309
-0.04074782505631447
-0.1361062228679657
1.0383228063583374
-0.802669107913971
-0.07294780761003494
-0.13321499526500702
0.5214855074882507
-0.439239501953125
-0.22006063163280487
-0.06745220720767975
0.11011716723442078
-0.0461474284529686
0.12224659323692322
0.17650897800922394
-0.04967760667204857
0.5737749934196472
-0.04493651166558266
0.012029728852212429
-0.09318577498197556
0.06105789169669151
0.19746056199073792
-0.0023099775426089764
0.027936698868870735
0.04124107584357262
0.06859665364027023
0.09277528524398804
0.02182791568338871
0.050343409180641174
-0.03724370896816254
0.0021242813672870398
-0.04685688018798828
-0.026547765359282494
0.25747764110565186
-0.5518887042999268
0.3383696973323822
-1.1886061429977417
0.10778020322322845
-0.23695440590381622
0.048429086804389954
-0.7530543804168701
0.0497032105922699
-0.3159123957157135
0.4330698251724243
0.34412503242492676
-0.5403217077255249
-0.006035645492374897
0.5832104682922363
-0.4029925763607025
-0.009898397140204906
-0.0036868040915578604
0.012028617784380913
0.021748950704932213
0.06116922199726105
0.04142087697982788
0.07808838784694672
-0.029645821079611778
0.04003748670220375
-0.007234383840113878
-0.04624856263399124
-0.03718576207756996
-0.023514848202466965
0.016938356682658195
0.06904777884483337
0.021050771698355675
0.3984432518482208
-0.21181955933570862
0.09190003573894501
-0.9471861124038696
0.186587855219841
0.2105296552181244
-0.05682443082332611
-0.6282913684844971
0.12757499516010284
-0.23312701284885406
-0.10810680687427521
0.27237141132354736
-0.059681486338377
0.5076416730880737
-0.028524916619062424
-0.20757274329662323
0.07547691464424133
0.054452475160360336
-0.057092852890491486
0.07783974707126617
-0.006337201222777367
0.03184420242905617
-0.01364143006503582
0.10639653354883194
0.031130747869610786
0.044964708387851715
-0.04120177403092384
-0.06225142627954483
0.028527935966849327
-0.04485447704792023
-0.019658228382468224
-0.027028147131204605
0.1440434455871582
-0.4589301347732544
0.7230807542800903
-1.302870512008667
0.3039821982383728
0.08043643087148666
0.08716148138046265
-0.9831739664077759
0.14169180393218994
-0.2718217670917511
-0.06460979580879211
-0.3050837814807892
0.4536972939968109
0.13415415585041046
-0.06566280871629715
0.08053075522184372
0.2007027417421341
-0.06562582403421402
0.04634072259068489
0.08756937086582184
0.035606544464826584
0.048727165907621384
0.04110855981707573
0.05638350546360016
0.04628445580601692
0.010217560455203056
0.10423196852207184
0.009609021246433258
-0.012796592898666859
0.03854396566748619
0.0037939168978482485
0.023804767057299614
0.17323122918605804
0.01215472724288702
0.012590841390192509
0.0402391292154789
0.01650303602218628
0.019996218383312225
0.05090521648526192
-0.02640964463353157
0.07036714255809784
-0.018511487171053886
0.03603750839829445
0.008814478293061256
0.029460132122039795
-0.043479129672050476
-0.02495533786714077
0.028049485757946968
0.32433655858039856
0.4057452380657196
0.4517032504081726
-1.332035779953003
0.40998971462249756
0.09773468971252441
0.16308091580867767
-1.6246025562286377
0.16775310039520264
-0.18137241899967194
0.03710660710930824
-0.6254523992538452
0.6119083762168884
0.38661012053489685
0.7773433327674866
0.1816626638174057
0.15189220011234283
0.06412581354379654
0.20898380875587463
-1.5565036535263062
0.025525931268930435
-0.09681106358766556
0.09221953898668289
-0.982883870601654
-0.15643168985843658
-0.06687049567699432
-0.03257165476679802
-0.3655373752117157
0.44943031668663025
0.1236279085278511
-0.017957845702767372
-0.029339605942368507
0.6424878835678101
0.2496015876531601
0.4093645215034485
-0.7964138388633728
-0.5901090502738953
0.04425210878252983
0.11231440305709839
-1.8684993982315063
-0.7769633531570435
-0.03851898014545441
-0.3117227554321289
-0.7687614560127258
-0.39097335934638977
0.11234112828969955
0.723348081111908
0.4832632541656494
-0.005945451557636261
0.26537203788757324
0.7462508678436279
-1.3231045007705688
-0.04495681822299957
0.17169524729251862
-0.03550461679697037
-0.7419262528419495
-0.13627658784389496
-0.23021182417869568
0.006113068200647831
-0.45463037490844727
0.4823676347732544
0.04000082239508629
-0.4125649333000183
0.18141064047813416
0.4485290050506592
0.41820359230041504
0.7275453805923462
-0.949580192565918
-0.19770123064517975
-0.5604908466339111
-0.07242044806480408
-1.2598545551300049
-0.43082958459854126
-0.36705926060676575
-0.19296112656593323
0.06056276336312294
-0.07241004705429077
-0.3442773222923279
0.6482852101325989
0.6037981510162354
0.17379137873649597
-0.26137223839759827
0.25683581829071045
-1.1222885847091675
0.25108304619789124
-0.15758058428764343
0.4525800347328186
-0.12386531382799149
0.1187095195055008
-0.19628304243087769
0.14109793305397034
0.1346174031496048
0.44127631187438965
0.5505914688110352
-0.07889498770236969
0.032891176640987396
-0.20966027677059174
-0.33116644620895386
0.4278848469257355
-0.7954148054122925
-0.642664909362793
-0.638084888458252
-0.17591653764247894
-0.75443035364151
-0.4983885586261749
-0.605118453502655
0.22785529494285583
0.3159227967262268
-0.4910949766635895
-0.8490208387374878
1.1189343929290771
0.03827771916985512
0.06036997586488724
0.08970122039318085
0.5002458691596985
0.44675788283348083
0.3967529833316803
0.17915964126586914
0.1503799706697464
0.06518877297639847
0.04750843718647957
-0.1587253212928772
-0.16572581231594086
-0.15105770528316498
0.2399100661277771
0.2313489317893982
-0.1104421615600586
-0.16828691959381104
0.03497859835624695
-0.05091250687837601
0.0014193259412422776
-0.023779472336173058
0.09798148274421692
-0.06263174116611481
-0.021763142198324203
-0.028274761512875557
-0.03141050040721893
-0.03623758256435394
-0.020080002024769783
-0.022771814838051796
-0.02522563934326172
0.009274446405470371
-0.04494393989443779
-0.0078099314123392105
0.048196785151958466
0.00616573728621006
-0.0033208683598786592
-0.03982165828347206
0.05093594640493393
-0.04201344773173332
0.003943006042391062
0.03643748164176941
-0.016999993473291397
-0.05365041270852089
0.01715344749391079
-0.02627144381403923
-0.007384304888546467
-0.021668685600161552
-0.028798967599868774
-0.022116929292678833
-0.026734011247754097
-0.5362483859062195
0.19970007240772247
-0.9905544519424438
0.37878990173339844
-0.012425342574715614
0.08644474297761917
-0.05802721157670021
-0.2945324778556824
-0.1089816465973854
0.03679246827960014
0.17255136370658875
0.13036437332630157
0.5141316652297974
0.03092864528298378
0.11634436994791031
-0.32442227005958557
-0.211996927857399
0.3525959849357605
-0.6821547150611877
0.015028011985123158
-0.24738158285617828
-0.2861599624156952
-0.5275594592094421
0.5238733887672424
0.12437264621257782
0.03025694563984871
-0.34325096011161804
-0.2438998520374298
-0.10560065507888794
-0.040856607258319855
0.7772901058197021
-0.4099230468273163
0.22972705960273743
0.7911953926086426
-1.4629602432250977
-0.007468453608453274
-0.37070995569229126
0.4461156129837036
-0.47368159890174866
-0.29688966274261475
-0.1766991913318634
-0.08936695754528046
-0.06504212319850922
0.5884066224098206
0.12615367770195007
0.014955751597881317
0.426197350025177
0.08731240779161453
-0.3336617946624756
-0.02965840883553028
0.16899755597114563
-0.1940757781267166
0.07109396904706955
-0.2005607932806015
-0.5092166066169739
-0.2918134331703186
-0.3042190968990326
0.03945724666118622
-0.3844159245491028
-0.09598634392023087
0.019422801211476326
0.25050216913223267
-0.10126808285713196
0.6611696481704712
0.24685440957546234
0.3442245423793793
-0.8862449526786804
0.41111108660697937
0.031132586300373077
0.3012785315513611
-1.1987637281417847
-0.033060453832149506
-0.01733265072107315
-0.3900723457336426
-0.36984407901763916
-0.24246837198734283
0.37705209851264954
0.7277870774269104
0.4471658766269684
-0.06588540971279144
0.03531334549188614
0.22024686634540558
-0.15759536623954773
-0.5413862466812134
-0.2581726312637329
0.16432197391986847
-0.2287711650133133
-0.12548516690731049
0.08964254707098007
-0.050531670451164246
0.06382093578577042
0.18805858492851257
-0.17050838470458984
0.17012976109981537
0.10511601716279984
0.18898937106132507
-0.2554934024810791
0.008371892385184765
-1.07284677028656
0.25932297110557556
0.02747121825814247
0.03778122365474701
-0.0323624312877655
0.01649155095219612
-0.02007816918194294
0.24141961336135864
0.3998051881790161
-0.018451644107699394
0.5834242701530457
0.1297760307788849
-0.45914554595947266
0.18659348785877228
-0.37540218234062195
0.12488598376512527
-0.7820115089416504
0.16658258438110352
-0.11726436018943787
0.09856395423412323
-0.41162577271461487
-0.14265039563179016
-0.0807422399520874
0.08605330437421799
0.2726864814758301
-0.18880805373191833
-0.2318720519542694
0.727454662322998
-0.06666839867830276
0.6307834982872009
-0.16133572161197662
-0.12841741740703583
-1.269120216369629
0.19508352875709534
0.18932567536830902
0.08434391766786575
-0.8645579218864441
0.11983087658882141
0.055611979216337204
-0.1196511909365654
0.3486310541629791
0.1075839027762413
0.46023911237716675
0.060679610818624496
-0.28843939304351807
0.008901854045689106
-0.011572811752557755
-0.011834638193249702
0.03294174000620842
0.04652976244688034
0.005843577440828085
-0.007277362514287233
-0.04051131382584572
0.029746878892183304
0.013086873106658459
-0.07416943460702896
0.012222635559737682
-0.03607765957713127
-0.027157988399267197
0.012867322191596031
0.019846711307764053
0.13145983219146729
0.21640107035636902
0.5841339230537415
-1.6019234657287598
-0.11387234926223755
0.045993056148290634
-0.031242279335856438
-1.6110329627990723
-0.1658107042312622
-0.1916341781616211
-0.06599770486354828
-0.4373553395271301
0.467537522315979
0.07271824032068253
0.024729114025831223
0.5141819715499878
0.5278353095054626
0.09419207274913788
0.5479853749275208
-1.034970760345459
0.4589253067970276
-0.2095913290977478
0.13849887251853943
-1.9937989711761475
-0.14884883165359497
-0.1115371510386467
0.07323907315731049
-0.10617758333683014
0.46069100499153137
0.4281206429004669
0.6687685251235962
0.3267796039581299
-0.02129131183028221
-0.22499394416809082
0.37665465474128723
-0.3839915990829468
0.02485380508005619
0.36325541138648987
0.005884513724595308
-0.37918639183044434
-0.050351981073617935
-0.34881123900413513
-0.0063480716198682785
-0.288608193397522
0.19025716185569763
-0.008608970791101456
2.507186400180217e-05
-0.2527507543563843
-0.32161837816238403
0.23690055310726166
-0.8057634234428406
-0.3542932868003845
-0.08694299310445786
-0.3371357321739197
-0.4323071241378784
-0.42317768931388855
-0.5020743608474731
0.24264942109584808
-0.02330676279962063
-0.06578905880451202
-0.2793979048728943
0.32939639687538147
0.03550645336508751
0.7250569462776184
-0.07236237078905106
-0.03199080750346184
0.03759459778666496
0.005885771941393614
-0.24760028719902039
-0.010544206015765667
0.00982679519802332
-0.0038335267454385757
-0.017203038558363914
-0.0003976674925070256
0.0560583621263504
0.03741403669118881
0.05489974468946457
-0.020031161606311798
0.05672631785273552
0.009713862091302872
0.24983267486095428
0.10430385172367096
-1.2151209115982056
0.437346488237381
0.011590346693992615
-0.2693800926208496
-0.6119542121887207
-0.35198086500167847
-0.270958811044693
0.24262747168540955
0.5275640487670898
-0.029462695121765137
0.3639463484287262
0.9832589626312256
0.7106413245201111
1.5254889726638794
-0.07244032621383667
-0.009672844782471657
-0.026462620124220848
0.07297397404909134
0.01714945025742054
-0.05127402022480965
0.030927810817956924
-0.010271648876369
0.04477846994996071
-0.03767278045415878
0.015606682747602463
0.01220131479203701
0.06318408995866776
-0.00042252347338944674
0.08112160861492157
0.04321356490254402
-0.2542555034160614
-0.20948463678359985
-0.5395403504371643
0.34666597843170166
-0.2984296977519989
0.23198534548282623
-0.42096105217933655
-0.20517563819885254
-0.1605750024318695
-0.32087889313697815
0.11987945437431335
-0.4846346378326416
-0.44838830828666687
0.23940733075141907
0.23164349794387817
0.08528874814510345
0.08572899550199509
-0.0635044202208519
-0.018125297501683235
0.11529984325170517
0.010431119240820408
-0.1154906377196312
-0.02420947514474392
0.013392646797001362
-0.0350947305560112
0.006436654832214117
-0.029277021065354347
0.0894099622964859
0.04005805775523186
0.07527104765176773
0.01066794153302908
-0.004251559264957905
-0.40651264786720276
-0.049192845821380615
-0.37583673000335693
0.021218013018369675
-0.3386927843093872
0.08521085232496262
-0.468721479177475
-0.26978185772895813
0.0163227841258049
-0.12769097089767456
-0.06473471224308014
-0.7196241021156311
0.172246515750885
-0.07130507379770279
-0.11130504310131073
-0.2305404245853424
-0.1952611654996872
0.03395511209964752
0.0763135775923729
0.04434271529316902
0.02070155180990696
0.0389690026640892
-0.030536221340298653
-0.011501935310661793
-0.010848923586308956
0.05106620118021965
0.025404881685972214
0.037360940128564835
0.015616945922374725
0.015624056570231915
0.03958286717534065
0.04255678504705429
-0.22250409424304962
0.005213836207985878
-0.11206243187189102
0.10661838948726654
-0.013906216248869896
-0.022707819938659668
-0.04087219387292862
0.03226963058114052
0.01835472509264946
-0.04386650398373604
0.019083116203546524
0.0546342134475708
-0.04660910367965698
0.009994354099035263
-0.0261270422488451
0.026441136375069618
0.3121807873249054
-0.28249743580818176
0.23676340281963348
0.9923466444015503
0.00034617859637364745
-0.1939539611339569
-0.5805627703666687
0.6908559203147888
-0.1883619874715805
-0.16817116737365723
-0.09928429871797562
-0.8852850794792175
0.22069887816905975
0.03930357098579407
0.30348068475723267
-0.02513127215206623
0.003454773221164942
-0.23557038605213165
0.13257429003715515
0.6929263472557068
-0.3793981075286865
-0.4861835539340973
-0.4380946457386017
0.6217054724693298
0.06679710745811462
-0.030301842838525772
-0.23749347031116486
-0.3383023142814636
0.005645531229674816
0.05357043072581291
-0.02388843521475792
0.48987245559692383
-0.09805449098348618
0.30922356247901917
-0.021059107035398483
0.7013362646102905
0.37762635946273804
-0.19280551373958588
-0.6226972937583923
0.7406142950057983
0.46904247999191284
-0.0640055388212204
0.3613128960132599
-0.6155744791030884
0.11881512403488159
0.11649928987026215
0.5313048362731934
0.4579642117023468
-0.017756031826138496
-0.19574664533138275
0.03663396090269089
0.7937186360359192
-0.006280048284679651
-0.2508561313152313
-0.2920786440372467
0.39769724011421204
0.009272219613194466
0.14706772565841675
-0.09372258186340332
-0.1657058745622635
-0.06258783489465714
-0.06539706885814667
0.41050985455513
0.7228430509567261
-0.38366392254829407
0.27768853306770325
-0.34164994955062866
1.2727681398391724
0.6532773971557617
0.5936946868896484
-0.7109889984130859
0.48133769631385803
0.4327862858772278
-0.07916296273469925
0.10155574232339859
-0.9307089447975159
0.13588616251945496
-0.14296875894069672
0.38407444953918457
0.6527954339981079
-0.236289381980896
-0.17695200443267822
-0.5992439389228821
-0.44446489214897156
-0.34462273120880127
-0.19775864481925964
-0.6412243843078613
-0.5109562873840332
-0.5422930717468262
-0.2582625150680542
0.19338153302669525
-0.4583013951778412
0.05178656429052353
0.11137831956148148
0.039891213178634644
0.06410259753465652
0.23377452790737152
0.8337715864181519
-0.7793460488319397
0.669895350933075
0.928002655506134
0.6748834848403931
-0.832313060760498
0.004695122595876455
0.5345930457115173
-0.14962320029735565
0.3034118711948395
0.027318350970745087
0.7269898653030396
0.6427832841873169
0.9375357627868652
0.5443231463432312
-0.007431613747030497
-0.07088311016559601
0.03726476803421974
-0.4710460305213928
-0.10556171089410782
0.3881250321865082
0.19422167539596558
-0.7046286463737488
-0.02100859209895134
-0.14568887650966644
0.06978874653577805
-0.2551088035106659
0.3069014251232147
0.1329551637172699
-0.007987896911799908
-0.4823589026927948
-0.02660144306719303
0.0496133454144001
0.007733637932687998
0.06318153440952301
-0.07048311829566956
-0.03621433302760124
-0.07971310615539551
0.03481537476181984
-0.03778800368309021
-0.0747305229306221
-0.018731171265244484
0.017862027511000633
-0.07260427623987198
0.02959797903895378
0.02712991088628769
-0.046586595475673676
-0.01310706790536642
-0.11442003399133682
-0.0237799733877182
-0.08757562190294266
-0.013040865771472454
0.09045720100402832
-0.03839924931526184
0.02604564093053341
-0.004195553716272116
0.020382212474942207
0.011097807437181473
-0.019403045997023582
-0.014478693716228008
0.02479247748851776
-0.0466313399374485
-0.03974299877882004
0.08953892439603806
-0.2834717333316803
-0.9085561633110046
0.08980800956487656
-0.34474948048591614
-0.15712982416152954
-0.46752282977104187
-0.5160472989082336
-0.13088729977607727
-0.23140157759189606
0.1507793813943863
-0.43326660990715027
-0.1191452294588089
0.2821122407913208
0.2885984778404236
0.24911834299564362
0.17626667022705078
-0.1879759430885315
-0.5093783140182495
0.28673574328422546
0.15387557446956635
0.13066457211971283
-0.6848248243331909
-0.5468262434005737
0.009517193771898746
-0.03643936291337013
0.17780470848083496
-0.5358873605728149
0.2705122232437134
0.039361342787742615
0.026785358786582947
0.8232457637786865
-0.4506708085536957
0.2436998337507248
-0.2564336657524109
-0.1641717553138733
-0.10330904275178909
-0.30021992325782776
-0.6247013211250305
-0.27601948380470276
-0.26210129261016846
0.02490764856338501
-0.09174536913633347
-0.46179652214050293
-0.13348284363746643
-0.09729405492544174
0.20120134949684143
0.39029282331466675
0.5087313055992126
-0.012715228833258152
-0.7856613397598267
-0.0874219760298729
-0.14297185838222504
0.3638845384120941
-0.7494580745697021
-0.5786389112472534
0.043349042534828186
-0.3877270519733429
0.16907577216625214
-0.4753439426422119
0.3033594489097595
0.013197088614106178
0.09269559383392334
-0.1657726764678955
0.29471030831336975
0.26808857917785645
-0.5717774033546448
0.30886563658714294
-0.16493673622608185
-0.02015497162938118
-1.1320699453353882
0.7518555521965027
-0.32706600427627563
-0.21125158667564392
-0.030561428517103195
-1.1872007846832275
-0.11238721013069153
0.056954000145196915
0.3893439769744873
-0.08016455173492432
-0.237405464053154
0.03687967732548714
-0.7712596654891968
-0.07923118770122528
0.28811410069465637
-0.04996750131249428
-0.4098193645477295
-0.6115931272506714
-0.017832547426223755
-0.2213069647550583
-0.04628787934780121
-0.16242513060569763
0.019614245742559433
0.3506792187690735
0.2555476129055023
0.7837505340576172
0.04216493293642998
-0.09402219206094742
-0.8972391486167908
-0.09742491692304611
-0.205408975481987
-0.09760797023773193
-0.6613338589668274
-0.6646637320518494
-0.22168530523777008
-0.1228833720088005
0.18354257941246033
-0.5052211284637451
-0.26355648040771484
0.2601509988307953
0.4287498891353607
0.325748085975647
-0.07860248535871506
0.20226411521434784
-0.7588893175125122
-0.0649409145116806
-0.12973512709140778
-0.4064602851867676
-0.6881288886070251
-0.30510562658309937
0.003082938026636839
-0.0036619803868234158
0.12417618185281754
-0.2761664390563965
0.7519344687461853
-0.1008421927690506
0.7934067249298096
0.7789742350578308
0.04513399675488472
-0.08927329629659653
-0.4905841052532196
0.2277347594499588
-0.12342870235443115
-0.22023674845695496
-0.543714702129364
0.2598669230937958
-0.3410625159740448
-0.2748265862464905
0.17306824028491974
-0.5169001221656799
-0.6187297701835632
0.23864002525806427
0.3267386853694916
0.544849157333374
0.0008161262376233935
0.04056154191493988
0.01436870452016592
0.0009216601611115038
-0.03344309329986572
0.09994819760322571
0.01818784885108471
0.021081935614347458
0.011593997478485107
-0.00758694764226675
0.025151142850518227
0.07972045987844467
-0.008927577175199986
-0.004236161708831787
-0.028940420597791672
0.019028617069125175
-0.07293163985013962
-0.0856817215681076
0.3046208322048187
0.7823418974876404
-0.017942968755960464
-0.27088961005210876
-0.3365415930747986
1.1869176626205444
0.02075926400721073
0.24416585266590118
-0.1539863497018814
-0.19698846340179443
-0.008137044496834278
0.01501776184886694
-0.08666957169771194
0.41196194291114807
-0.20705437660217285
-0.2261539250612259
-0.32249483466148376
0.09129805117845535
-0.36461177468299866
-0.08069156855344772
-0.8112102150917053
0.2154650092124939
-0.16166475415229797
-0.26610609889030457
0.3270552158355713
-0.9856849312782288
0.013373084366321564
0.12007074058055878
0.2955964505672455
-0.09790827333927155
-0.0071292961947619915
-0.08429941534996033
-0.04877053201198578
-0.31561121344566345
0.10694988816976547
0.12548094987869263
-0.003553247544914484
-0.48407068848609924
0.06284584105014801
-0.08890295773744583
0.12305444478988647
-0.1162642240524292
0.1004873737692833
0.040065500885248184
-0.023211000487208366
-0.2945951819419861
-0.5795831084251404
-0.2387651652097702
-0.20774267613887787
0.13217143714427948
-0.29283446073532104
-0.2769404351711273
0.08625185489654541
0.11561284214258194
-0.17603670060634613
0.09606914967298508
0.18889541923999786
0.09890034049749374
-0.4963300824165344
0.21566155552864075
0.09027817845344543
0.9455737471580505
-0.054507121443748474
0.0279353279620409
-0.043332524597644806
0.01082631479948759
-0.22682762145996094
-0.03914393484592438
0.006699547637254
-0.055084917694330215
-0.013639378361403942
-0.02144346758723259
-0.06339339166879654
-0.027143217623233795
-0.040764085948467255
-0.03136344626545906
-0.001930074766278267
0.002392132766544819
0.6426810622215271
0.3214400112628937
-0.19678370654582977
0.8335245251655579
0.33151566982269287
-0.2995774447917938
-0.21832148730754852
0.9377430081367493
-0.38533729314804077
0.42841851711273193
0.33257555961608887
0.22744569182395935
0.7363998889923096
0.9983566999435425
1.172888994216919
1.9379520416259766
0.023614289239048958
0.038789793848991394
0.03570014238357544
0.02776348777115345
-0.01047532819211483
-0.017630191519856453
0.008722668513655663
-0.03208385035395622
0.01778574474155903
0.03248544782400131
0.04940630868077278
0.012975968420505524
0.042685821652412415
-0.014566170983016491
0.10301034897565842
-0.007439536973834038
0.11998141556978226
0.09144867956638336
-0.001965196570381522
0.9296337366104126
-0.002396871568635106
0.05372067540884018
-0.005025719758123159
0.38900524377822876
-0.36984169483184814
-0.06183852627873421
-0.02138363942503929
-0.01551006268709898
0.1468857079744339
0.4906953275203705
0.42695966362953186
0.39225199818611145
0.007512057200074196
-0.0006152365240268409
0.020089153200387955
-0.03459479287266731
-0.029913069680333138
0.04991932585835457
-0.05548004060983658
-0.004878052975982428
0.020889103412628174
-0.0008226876379922032
0.046923454850912094
-0.01707557961344719
-0.029074320569634438
0.01842665486037731
0.01710411161184311
0.02395457774400711
-0.3960508704185486
0.0014467955334112048
0.11707116663455963
0.6049320101737976
-0.40754765272140503
-0.1316203773021698
0.08388135582208633
0.46255484223365784
-0.04100656881928444
0.048231031745672226
0.17791558802127838
-0.4617149531841278
-0.05278914049267769
-0.06929202377796173
0.23981304466724396
-0.007006275001913309
-0.16228996217250824
-0.0006179765332490206
0.07401595264673233
-0.09702999889850616
0.0014262188924476504
-0.03751986846327782
-0.05373081937432289
0.003565972438082099
-0.03523791953921318
0.04095049202442169
-0.014887122437357903
0.06129053980112076
-0.01630345731973648
0.017725734040141106
-0.04357220232486725
-0.08760488033294678
-0.2844443917274475
0.05324649438261986
0.06308620423078537
0.02743268944323063
-0.0045205471105873585
0.03334560990333557
-0.008719118312001228
-0.02447621338069439
0.0617271289229393
-0.018433857709169388
0.02371070720255375
0.001265781233087182
-0.05835661664605141
0.02286342717707157
-0.07232045382261276
0.003908182960003614
0.5587308406829834
0.486009418964386
0.7430806159973145
1.403091311454773
-0.03395236283540726
0.12774258852005005
0.10765266418457031
1.1704143285751343
-0.3173706531524658
-0.056431133300065994
0.39732125401496887
0.47133851051330566
-0.302561491727829
0.060905031859874725
0.43348586559295654
0.4730989336967468
0.07507709413766861
0.41161131858825684
0.5162973999977112
0.9762972593307495
-0.3524605929851532
0.030226074159145355
0.15967842936515808
0.7217205762863159
-0.07006733119487762
-0.17061735689640045
0.4060527980327606
0.51288902759552
-0.003648095764219761
0.4536617696285248
0.33888256549835205
0.6698660850524902
0.5364972352981567
0.46514180302619934
0.1020626649260521
1.5814577341079712
0.823862612247467
0.2692306935787201
-0.04292046278715134
1.4994196891784668
0.22047173976898193
-0.148850679397583
0.21762827038764954
0.9280802607536316
0.416118323802948
0.45602092146873474
0.6441513299942017
0.7932276725769043
0.2095031589269638
0.6015711426734924
0.43712204694747925
1.0060352087020874
0.07008537650108337
0.003317386144772172
0.12103290855884552
0.651039183139801
-0.017531204968690872
0.10327966511249542
0.28614285588264465
0.5868909358978271
-0.054778359830379486
0.3992144763469696
0.5210934281349182
1.0378670692443848
0.2409859597682953
0.31742918491363525
-0.07057501375675201
1.9021128416061401
0.8237388134002686
0.2859123945236206
-0.01151354517787695
1.3115755319595337
0.193134143948555
-0.05672984570264816
0.1346500813961029
0.5672452449798584
0.30623677372932434
0.297949880361557
0.23951281607151031
0.9212846159934998
-0.4869936406612396
0.06680560111999512
0.08805392682552338
0.03756808489561081
-0.30005866289138794
-0.25604960322380066
0.2562596797943115
0.3993176221847534
-0.5938930511474609
-0.3065480887889862
0.057866066694259644
0.17890767753124237
0.04118865355849266
0.16960419714450836
0.32651108503341675
0.5324476957321167
0.4773092567920685
1.0071913003921509
0.33921122550964355
1.1516304016113281
1.3016971349716187
0.10838218033313751
-0.0417434424161911
1.0129468441009521
0.5367743968963623
-0.1805296242237091
-0.05998024344444275
0.9872323274612427
0.7159537672996521
1.3344074487686157
1.202021598815918
0.9325399398803711
-0.008168023079633713
0.00011152366641908884
-0.1130811870098114
-0.48850125074386597
-0.03922373428940773
-0.03186772018671036
0.04813252389431
-0.42804795503616333
-0.007406087126582861
-0.21697983145713806
0.06642711907625198
-0.22527384757995605
0.16451263427734375
0.07052328437566757
-0.02769794873893261
-0.3773302137851715
-0.017210854217410088
-0.007249971851706505
-0.0225560050457716
0.061711736023426056
-0.11137501150369644
-0.03873179107904434
-0.024804865941405296
0.006639569997787476
0.04691415652632713
-0.005913934204727411
0.11853533238172531
0.0009787145536392927
0.02961103431880474
0.03678785637021065
0.0018106873612850904
0.06139044463634491
-0.030657948926091194
0.0833844467997551
-0.06311579793691635
-0.0010559923248365521
-0.09687090665102005
-0.05719471722841263
-0.04578225687146187
-0.05914664268493652
-0.009685585275292397
-0.0965467095375061
-0.0012491658562794328
0.033104248344898224
-0.012986293062567711
-0.0031599453650414944
-0.026898186653852463
-0.005429995246231556
0.004004162736237049
-0.08745422959327698
-0.1257525086402893
0.6530240178108215
-0.4077812731266022
-0.1269044429063797
-0.03221729397773743
0.15182845294475555
-0.3143589198589325
-0.32843899726867676
0.24630378186702728
0.06503380835056305
0.1116834506392479
0.260728120803833
0.37801817059516907
0.552910327911377
0.339591383934021
0.0871955081820488
0.1952424794435501
0.5957785248756409
0.2625258266925812
-0.007326647639274597
-0.33227574825286865
0.5708228349685669
-0.16645219922065735
0.015170915983617306
0.1255740523338318
0.2755628526210785
0.352688729763031
0.6528419256210327
0.03748193755745888
1.4289491176605225
-0.6614081263542175
0.3665611743927002
0.2740820050239563
0.29250821471214294
-0.2805972993373871
-0.3364551067352295
0.018066780641674995
0.027517400681972504
-0.2609596252441406
0.3389165997505188
0.12942011654376984
0.008784940466284752
-0.0925474762916565
0.18473486602306366
0.2786879539489746
0.633436381816864
0.7774425148963928
0.07175489515066147
-0.05841726064682007
0.3249227702617645
0.1317652016878128
0.11603349447250366
-0.4436691701412201
0.3496359586715698
0.019344955682754517
-0.19907568395137787
-0.16961756348609924
0.3740018308162689
0.4612349271774292
0.3832889199256897
0.2405514121055603
0.07866973429918289
0.6255497336387634
0.22786428034305573
-0.23686769604682922
0.6970940232276917
0.04710822552442551
-0.030048321932554245
-0.25490450859069824
1.1370350122451782
-0.4634459614753723
0.002914865966886282
0.03127758577466011
0.3412473797798157
-0.09561441093683243
-0.26883503794670105
0.31624549627304077
0.2583257257938385
0.11108511686325073
0.1584320366382599
-0.05357552319765091
0.5289082527160645
0.6706947684288025
0.08639127761125565
0.11625436693429947
0.3213624954223633
0.18733717501163483
-0.1868034452199936
-0.3236657679080963
0.06737066805362701
0.23482292890548706
0.7670737504959106
0.48191434144973755
0.854254424571991
0.043077874928712845
0.009356527589261532
-0.28734955191612244
0.5445072650909424
-0.16557036340236664
-0.08872523158788681
-0.08243431150913239
0.2630169689655304
-0.3041168749332428
-0.20634883642196655
0.22133919596672058
0.032163091003894806
0.25690576434135437
0.3561191260814667
0.406631201505661
0.7686453461647034
0.33497655391693115
0.3517317771911621
0.17905017733573914
0.5478795170783997
0.23456493020057678
-0.09638570994138718
-0.14542312920093536
0.4621185064315796
0.12064753472805023
-0.058683160692453384
-0.16995887458324432
-0.0036378002259880304
0.7712478637695312
0.2228533923625946
1.1091750860214233
1.2138760089874268
0.4000389277935028
-0.029250608757138252
-0.049280229955911636
0.9392361044883728
-0.17038212716579437
-0.0564386285841465
-0.011777362786233425
0.7072694897651672
-0.505171537399292
-0.19385434687137604
-0.010655214078724384
0.2659376859664917
0.2523837685585022
0.22200511395931244
0.5145124793052673
0.8480933904647827
-0.023611977696418762
-0.03322173282504082
-0.019518423825502396
-0.022402068600058556
-0.0753859207034111
-0.07576288282871246
0.004723294638097286
-0.020463010296225548
0.02469187043607235
0.04881417378783226
-0.02907554619014263
-0.03013809584081173
-0.01706910878419876
-0.03162636235356331
-0.01777033321559429
0.029568729922175407
0.06924998015165329
0.5192359089851379
0.5160000920295715
1.0796343088150024
-0.004471613094210625
0.06866158545017242
0.0211471114307642
1.3397387266159058
-0.05171370878815651
0.09239204227924347
0.24261203408241272
0.5015543103218079
-0.04481873661279678
0.42504218220710754
0.1817927360534668
0.6318776607513428
0.3206409215927124
0.2908652424812317
0.3226810097694397
1.0662577152252197
-0.4650779962539673
-0.16165557503700256
0.015268764458596706
0.7472289204597473
-0.3157820999622345
-0.14115963876247406
0.6680524945259094
0.27117303013801575
-0.30003443360328674
0.07013341039419174
0.3918340802192688
0.3700805604457855
0.031019115820527077
0.27371305227279663
-0.47475919127464294
0.4118828773498535
0.02904152125120163
-0.298443466424942
0.041783224791288376
0.8023788332939148
0.0060974410735070705
0.25081387162208557
-0.24097341299057007
0.29864656925201416
-0.21167375147342682
-0.17856884002685547
-0.02646426111459732
-0.014804745092988014
0.2524380087852478
-0.028092849999666214
0.15673764050006866
-0.15477636456489563
0.4008183777332306
0.23675037920475006
0.4114249050617218
0.34600645303726196
0.3513152003288269
-0.06826794892549515
-0.10098803043365479
-0.05281851813197136
0.2313404381275177
-0.11855470389127731
0.1023983284831047
-0.23965780436992645
-0.04827847704291344
0.07758141309022903
0.033596109598875046
-0.005646866280585527
0.19512292742729187
0.015751870349049568
0.03800450265407562
-0.04793684557080269
0.0627538189291954
-0.024882730096578598
0.06098024174571037
-0.06092466413974762
0.00030109414365142584
0.044892046600580215
-0.06632335484027863
0.13047760725021362
0.09112051129341125
-0.23851066827774048
0.21307170391082764
-0.8600476980209351
0.10133000463247299
0.3429211676120758
0.29213374853134155
-0.35868507623672485
0.29132911562919617
-0.09167885035276413
-0.2803145945072174
0.026462342590093613
0.05668552964925766
-1.2600241899490356
-0.14518237113952637
0.212323859333992
-0.03307962417602539
0.03731444105505943
0.06398466974496841
-0.0695842057466507
-0.04593634605407715
-0.021272951737046242
0.032893985509872437
0.01987781748175621
-0.07789691537618637
-0.015746010467410088
0.026951231062412262
-0.0030031793285161257
0.007283066865056753
-0.09804695844650269
0.007614407688379288
-0.0317276269197464
0.32727542519569397
0.2758616507053375
0.06090468540787697
-1.0408889055252075
0.1451423168182373
-0.39150750637054443
0.02991832047700882
-0.0661424845457077
-0.027767393738031387
0.1895310878753662
-0.08527568727731705
-0.07466281950473785
0.2783999741077423
-0.27838340401649475
-0.1260560303926468
0.042023226618766785
0.04019144922494888
-0.04248146340250969
-0.06986254453659058
-0.014903414994478226
0.0915522649884224
-0.04990067705512047
0.1203809529542923
-0.07339601963758469
0.004912741482257843
-0.00047232932411134243
0.025092868134379387
-0.07265454530715942
-0.00017822971858549863
0.01936868205666542
0.03815114498138428
0.05796711891889572
0.0859663188457489
0.04352967441082001
-0.06310658901929855
-0.6622521877288818
0.2410200983285904
-0.2608058750629425
-0.12227261811494827
-0.13376541435718536
0.009982047602534294
0.14426255226135254
-0.2840505838394165
0.4462926685810089
-0.06041125953197479
0.0007136176573112607
0.008487174287438393
0.49296364188194275
0.2085348218679428
0.05031414330005646
0.07075601071119308
-0.05607343092560768
0.005402617622166872
-0.009116580709815025
0.01835455559194088
0.04377572238445282
0.006505568046122789
-0.058300454169511795
-0.050389911979436874
0.044312093406915665
-0.06196215748786926
-0.05693985894322395
0.025445926934480667
-0.08158601075410843
0.2146977335214615
0.05356750637292862
0.008864732459187508
-0.014355749823153019
0.044439464807510376
0.09945658594369888
-0.07121855020523071
-0.013109291903674603
-0.0033889678306877613
-0.0006734156631864607
0.00021398715034592897
-0.0044544958509504795
0.010390754789113998
-0.04788496345281601
-0.015414943918585777
-0.029047099873423576
-0.3668977916240692
-0.21103273332118988
-0.19450287520885468
-1.5250965356826782
0.08360230922698975
0.006073140539228916
0.08590281009674072
-1.0993748903274536
0.1140676885843277
0.3704213500022888
-0.6190010905265808
0.3995964527130127
0.22256989777088165
-0.08060748130083084
-0.16504621505737305
0.14171123504638672
0.005103702191263437
-0.1982208639383316
-0.3139626383781433
-1.2557233572006226
0.12250926345586777
0.23103654384613037
0.16599084436893463
-0.7490458488464355
0.2217823714017868
0.2111361175775528
-0.2779959738254547
0.1455478072166443
-0.2010064423084259
-0.05670139938592911
-0.26488062739372253
0.16574297845363617
0.09439187496900558
-0.13780458271503448
0.31410083174705505
-1.6740474700927734
-0.4772736430168152
-0.819372296333313
-0.5294446349143982
-1.3021317720413208
-0.68291175365448
0.10075034946203232
0.0633164569735527
-0.25515031814575195
0.4433792233467102
-0.6466135382652283
-0.26028212904930115
0.12621916830539703
-0.2011798620223999
-0.07008974999189377
0.17751489579677582
-1.0034562349319458
0.09584620594978333
0.19953982532024384
0.2987234890460968
-0.4930684566497803
0.07714708149433136
0.09722716361284256
-0.20574231445789337
0.29185304045677185
-0.20203152298927307
-0.12271136790513992
0.2533622086048126
0.12632206082344055
-0.1394547075033188
-0.23700593411922455
0.1919727921485901
-2.0915961265563965
-0.25919368863105774
-0.35382771492004395
-0.13462422788143158
-1.1160167455673218
-0.42967256903648376
-0.005018153227865696
-0.027115169912576675
0.27076828479766846
-0.12851794064044952
-0.12773920595645905
-0.20450037717819214
-0.16532200574874878
0.21785520017147064
-0.1176673173904419
0.2276616245508194
-0.5925341248512268
0.07009861618280411
0.5385781526565552
0.11403724551200867
0.13319291174411774
0.7013915181159973
0.23189818859100342
-0.15737982094287872
0.04304652288556099
-0.02760769985616207
0.056198861449956894
-0.08081705123186111
0.12128327786922455
0.1300296187400818
-0.7765387892723083
-0.06935273855924606
-1.1776139736175537
-0.2307666838169098
-0.49613267183303833
0.24140705168247223
-0.8926663994789124
-0.18639428913593292
-0.17985543608665466
0.18402044475078583
-0.5032236576080322
0.613248348236084
-1.0169758796691895
-0.2969299554824829
0.38464605808258057
0.04314430058002472
-0.005889178719371557
-0.4798380732536316
0.7568771243095398
-0.18284732103347778
-0.2669833302497864
-0.09757494926452637
0.41971197724342346
0.11017958074808121
0.2145264595746994
-0.19787798821926117
0.14719246327877045
0.02765393629670143
-0.3010915517807007
-0.051786210387945175
0.28960973024368286
-0.028395051136612892
0.02310916967689991
0.027445992454886436
0.027588985860347748
-0.014782573096454144
0.037515461444854736
-0.07992244511842728
0.05536817014217377
-0.1260383129119873
0.0896291583776474
0.07411585003137589
-0.021700983867049217
-0.0424109511077404
0.09636770188808441
0.050518449395895004
0.02614838443696499
-0.024440063163638115
-0.0705394372344017
-0.060630474239587784
-0.013614210300147533
0.0435585081577301
0.021929172798991203
0.03330054506659508
0.048344098031520844
0.02150733768939972
-0.021563872694969177
-0.08315485715866089
-0.03188534826040268
0.021646687760949135
0.03369808942079544
-0.03934501111507416
-0.01791604980826378
0.037962257862091064
0.15960434079170227
0.1975182592868805
-0.7312721014022827
0.12050525844097137
0.3017231523990631
-0.06985359638929367
0.19669438898563385
0.33446574211120605
0.2086300402879715
-0.40663233399391174
-0.22558537125587463
0.051935359835624695
-0.20941707491874695
-0.19606852531433105
0.050464898347854614
0.048404376953840256
0.27292925119400024
0.014291671104729176
-0.9031223654747009
-0.0619838647544384
-0.056205037981271744
0.1345592737197876
-0.17070434987545013
0.18061968684196472
0.013371090404689312
-0.1909366101026535
0.15494099259376526
0.32652565836906433
-0.481497585773468
-0.12746725976467133
-0.16074855625629425
0.19600233435630798
-0.40573951601982117
0.3718574643135071
-0.4992048442363739
0.19517505168914795
0.2437499761581421
-0.006580036133527756
0.1307561695575714
0.3714909851551056
-0.32304471731185913
-0.0272970087826252
0.04815712571144104
-0.08847147226333618
0.08745482563972473
-0.18294648826122284
0.231538325548172
-0.059829309582710266
-0.018640128895640373
0.023612719029188156
-0.4858039915561676
-0.19375842809677124
-0.6491898894309998
0.23548927903175354
0.15048637986183167
0.21382473409175873
0.33382630348205566
-0.14071454107761383
-0.009921221993863583
0.27562958002090454
-0.32860615849494934
0.04881938174366951
0.47909095883369446
-0.7120330929756165
-0.09076997637748718
0.15022096037864685
-1.3280237913131714
0.21051906049251556
-0.013318822719156742
-0.06384255737066269
-0.7935793995857239
0.37243810296058655
0.24006828665733337
0.07136709988117218
0.5650472044944763
0.25967249274253845
0.16486580669879913
-0.012101472355425358
0.17895150184631348
0.14683949947357178
-0.5077143907546997
0.39002537727355957
-0.9340681433677673
-0.38789957761764526
-0.1826643943786621
-0.23801901936531067
-0.2960261106491089
-0.05214038863778114
0.19409401714801788
0.023027868941426277
-0.13055172562599182
-0.1016407310962677
-0.49147829413414
-0.09340200573205948
0.23257549107074738
0.1692056804895401
-0.06214933097362518
0.6880418658256531
-0.5585945248603821
0.16210217773914337
0.18845802545547485
-0.1316891759634018
0.2375304102897644
0.1565312296152115
0.19186736643314362
-0.2787683606147766
-0.021093206480145454
0.22781497240066528
-0.2645265758037567
-0.06158514320850372
0.239502415060997
0.3397681415081024
-0.34897834062576294
0.1623964160680771
-0.8045650720596313
0.2598669230937958
0.011428330093622208
0.2386159896850586
-0.21633309125900269
0.0692945048213005
0.12274471670389175
-0.05504622682929039
0.026209378615021706
0.32518839836120605
-0.3411446809768677
-0.19497667253017426
0.13374775648117065
0.19897665083408356
0.019062409177422523
-0.0641847774386406
-1.0638096332550049
0.00048514807713218033
0.03258305788040161
-0.04626189172267914
-0.36083248257637024
0.37760186195373535
0.5053898692131042
-0.15909820795059204
-0.11515892297029495
0.370672345161438
-0.14037378132343292
-0.11899134516716003
0.058993201702833176
0.02915925160050392
0.029076769948005676
-0.04882194846868515
-0.0033203810453414917
0.09240274131298065
-0.033639971166849136
0.02475142478942871
-0.007702133152633905
0.02257407084107399
0.01860327273607254
-0.008882503025233746
-0.031163174659013748
0.035899531096220016
-0.028051506727933884
-0.014479587785899639
0.0518680177628994
-0.13637675344944
-0.19097593426704407
0.014603774063289165
-1.3271536827087402
0.12803258001804352
0.19862215220928192
0.3011057674884796
-1.540378451347351
0.11677517741918564
0.03563538193702698
0.01276111789047718
-0.0305794570595026
-0.08434684574604034
-0.010348252020776272
-0.14174678921699524
0.045410215854644775
-0.002111775567755103
0.14523155987262726
-0.2559988796710968
-1.2960882186889648
0.19370833039283752
0.22652554512023926
-0.3209640383720398
-0.22831735014915466
0.13417890667915344
0.381935179233551
-0.48895955085754395
0.37719202041625977
0.2158607393503189
-0.007478299085050821
-0.09581822156906128
0.07255414128303528
0.03837575763463974
-0.14945434033870697
0.1486050933599472
-0.4277123808860779
0.12914811074733734
0.1892215460538864
-0.004014839418232441
-0.39957964420318604
-0.018051130697131157
-0.32764744758605957
0.0852825716137886
-0.1666601449251175
0.16185830533504486
0.04294070228934288
-0.019200442358851433
-0.2249438315629959
-0.5162608027458191
-0.20899231731891632
-0.24098679423332214
0.06754402071237564
-0.3257591724395752
-0.34166425466537476
0.0803946778178215
0.1127471923828125
-0.23933565616607666
0.006985591258853674
0.17296317219734192
0.16199438273906708
-0.44384798407554626
0.18995322287082672
0.05588813126087189
1.0285136699676514
-0.08845212310552597
0.026833128184080124
0.016098234802484512
-0.026821892708539963
-0.17882409691810608
0.018278442323207855
-0.0684879943728447
0.021158382296562195
0.024432891979813576
0.08908606320619583
0.04702001437544823
-0.009505797177553177
0.018384812399744987
-0.11169108748435974
-0.03719655051827431
0.022552773356437683
0.7428553104400635
0.1273392289876938
-0.2383446991443634
0.8198814988136292
0.394512802362442
-0.36445656418800354
-0.36071184277534485
0.7418096661567688
-0.12213534861803055
0.28274834156036377
0.22966156899929047
0.28282657265663147
0.6923383474349976
1.4631596803665161
1.0441734790802002
1.608442783355713
0.04777655005455017
0.044408272951841354
0.022918831557035446
0.037489090114831924
-0.018573908135294914
-0.009295930154621601
0.02258170396089554
-0.01833607442677021
-0.003504101186990738
-0.07768414914608002
-0.045044634491205215
-0.04814789071679115
-0.027794046327471733
-0.0033993942197412252
0.008320643566548824
-0.005362984258681536
0.06488732993602753
-0.08640331774950027
0.086561419069767
0.7885444760322571
0.14412201941013336
-0.056910209357738495
-0.023203199729323387
0.5245705246925354
-0.08975542336702347
-0.2497296929359436
-0.1334356963634491
-0.0063691032119095325
0.24721893668174744
0.3633235991001129
0.3782057762145996
0.2811930179595947
0.028768740594387054
-0.002581316977739334
0.04763895645737648
-0.07179433107376099
-0.00527180964127183
-0.08233410120010376
0.0024103636387735605
0.030601179227232933
-0.02548806369304657
0.03982605040073395
-0.04250321537256241
0.06956113874912262
-0.004835587460547686
-0.03994519263505936
0.023805472999811172
0.0745365172624588
-0.42548808455467224
-0.18135137856006622
0.2992022931575775
0.3897958993911743
-0.218012735247612
-0.2310938686132431
0.10271628201007843
0.4132623076438904
-0.18811127543449402
-0.22762244939804077
0.18649141490459442
-0.3037244975566864
0.08017382770776749
-0.062429118901491165
0.07599060982465744
0.03597071021795273
-0.25373759865760803
0.08127907663583755
0.041147392243146896
-0.06893301755189896
-0.04766588658094406
0.08217385411262512
-0.017901696264743805
0.005337819457054138
-0.051954660564661026
-0.065924733877182
-0.03491105139255524
0.03709351271390915
-0.004710568115115166
0.0056474655866622925
-0.017634576186537743
-0.061299148947000504
-0.2162102609872818
-0.026948165148496628
0.006309080868959427
-0.0019825585186481476
-0.059562962502241135
-0.06482209265232086
-0.04162460193037987
-0.026492610573768616
0.010136871598660946
-0.06591717153787613
0.07626466453075409
-0.013083218596875668
0.01500591728836298
-0.008862847462296486
0.006194016430526972
0.08472078293561935
0.61061692237854
0.36125311255455017
0.7645828723907471
1.4580018520355225
-0.06861600279808044
-0.05286943539977074
-0.03596241772174835
1.1257288455963135
0.04005362465977669
-0.245417520403862
0.4714449644088745
0.43015915155410767
-0.27450060844421387
0.009998130612075329
0.48541319370269775
0.5810140371322632
0.09785129874944687
0.30532652139663696
0.42629557847976685
1.1504982709884644
-0.24068813025951385
-0.03760164603590965
0.12176553905010223
0.6530783176422119
0.11639982461929321
-0.33937495946884155
0.3575126528739929
0.6213760375976562
-0.03825116530060768
0.5402132272720337
0.2482970505952835
0.6839385032653809
0.5189862847328186
0.4015771150588989
0.19303882122039795
1.4884337186813354
0.7567174434661865
0.041832294315099716
-0.08782975375652313
1.3284004926681519
0.8094125986099243
-0.0301891528069973
0.125749409198761
0.9205660223960876
0.4131492078304291
0.23100078105926514
0.6555346846580505
0.7314397096633911
0.19214269518852234
0.6078217625617981
0.48571962118148804
1.0127301216125488
0.13833379745483398
0.07530192285776138
-0.0027487364131957293
0.7228238582611084
0.040348589420318604
-0.08015736192464828
0.2081327587366104
0.6437042951583862
-0.10742674022912979
0.43287980556488037
0.41085106134414673
1.0690248012542725
0.24127474427223206
0.3997378349304199
0.07276391237974167
1.909978985786438
0.884019136428833
0.266696959733963
-0.06319782882928848
1.1842970848083496
0.5292254090309143
0.23631882667541504
0.1436680257320404
0.7227641344070435
0.34979331493377686
0.3174278438091278
0.2144545614719391
0.9123815298080444
-0.40845149755477905
-0.07494888454675674
0.06426374614238739
0.22290275990962982
-0.11645352840423584
-0.29739901423454285
0.2232637107372284
0.3592221438884735
-0.5198530554771423
-0.29978224635124207
0.08961549401283264
0.2257055640220642
0.11903427541255951
0.33112475275993347
0.20714516937732697
0.5081233382225037
0.4814799427986145
0.9080748558044434
0.26431116461753845
1.210496425628662
1.307288408279419
0.4656861126422882
-0.22580748796463013
1.0725948810577393
0.6809285879135132
0.027727914974093437
-0.07609251886606216
1.0791913270950317
0.7272634506225586
1.436469554901123
1.1372647285461426
0.5820711851119995
-0.04546841233968735
0.05052051320672035
-0.07758363336324692
-0.31312569975852966
0.02636641263961792
-0.09469880163669586
0.08459391444921494
-0.5032142400741577
0.04255697503685951
-0.1890353560447693
0.052547138184309006
-0.2202233076095581
0.04574442654848099
-0.07251358777284622
-0.036270953714847565
-0.44792860746383667
0.0076946085318923
-0.02414090372622013
-0.015632184222340584
-0.006063468754291534
0.014124590903520584
-0.025923818349838257
-0.010342986322939396
0.004845423623919487
-0.03722546994686127
-0.02223016321659088
0.0183402169495821
-0.012141242623329163
0.03205348178744316
-0.012788080610334873
0.05833327770233154
-0.047874815762043
-0.06206730380654335
0.00408314261585474
-0.026554076001048088
0.09541763365268707
0.0373910591006279
-0.05934955179691315
0.059642720967531204
-0.02561601623892784
-0.02554985135793686
-0.04225344955921173
-0.01595996506512165
0.022402524948120117
-0.006561649031937122
0.05178683251142502
-0.043167904019355774
-0.10402856022119522
0.016430487856268883
-0.22124263644218445
-0.22879602015018463
0.5285922288894653
-0.3083505630493164
-0.21961548924446106
0.013761457987129688
0.09964195638895035
-0.2891363501548767
-0.39486661553382874
0.19150781631469727
0.025005381554365158
0.06586451083421707
0.23999230563640594
0.3181089460849762
0.5900396108627319
0.32138630747795105
0.10259134322404861
0.19295281171798706
0.7051959037780762
0.20419441163539886
-0.023540731519460678
-0.24641826748847961
0.45751169323921204
-0.18850208818912506
-0.011661827564239502
0.05522823706269264
0.3013339042663574
0.29657378792762756
0.48499760031700134
0.07338912785053253
1.4168989658355713
-0.682314395904541
0.2197416126728058
0.25387513637542725
0.027910009026527405
-0.26927831768989563
-0.22251473367214203
0.032751284539699554
0.1666826605796814
-0.30417507886886597
0.09236085414886475
0.15961264073848724
-0.02786795236170292
0.0036393620539456606
0.16301721334457397
0.2196722775697708
0.5649757981300354
0.7756943106651306
0.1401677429676056
-0.08632819354534149
0.3025525212287903
0.15123797953128815
0.13053098320960999
-0.42893528938293457
0.4732459783554077
0.029851967468857765
-0.1700013279914856
-0.09607536345720291
0.4178341031074524
0.405544251203537
0.3749254047870636
0.08928826451301575
-0.002512279897928238
0.6817810535430908
0.16014596819877625
-0.15969966351985931
0.8171003460884094
-0.07650287449359894
-0.12540176510810852
-0.1682111620903015
1.0675731897354126
-0.2130313366651535
-0.17565087974071503
0.1985066831111908
0.3110436201095581
0.011819025501608849
-0.3925217092037201
0.07956602424383163
0.2725662887096405
0.06632979214191437
0.08275923132896423
-0.2505628764629364
0.5591123700141907
0.6454798579216003
-0.0073312860913574696
-0.018090708181262016
0.3346520960330963
0.2043585479259491
-0.0699547752737999
-0.13269077241420746
0.0839320719242096
0.28856179118156433
0.7901634573936462
0.2833411991596222
0.931951642036438
0.009187724441289902
-0.18546858429908752
-0.4200683534145355
0.43022653460502625
-0.09284863620996475
-0.2469564825296402
-0.08206243813037872
0.22863911092281342
-0.376926451921463
-0.3044043183326721
0.24142393469810486
0.030518151819705963
0.24765387177467346
0.3097476661205292
0.28162792325019836
0.6451173424720764
0.31962332129478455
0.23464950919151306
-0.06360398977994919
0.642549991607666
0.18502473831176758
-0.17777405679225922
-0.13992252945899963
0.46881645917892456
0.07166721671819687
-0.059565410017967224
-0.038178473711013794
0.10211175680160522
0.7590680718421936
0.363881915807724
1.1823469400405884
1.0227315425872803
0.32251694798469543
-0.0750584751367569
-0.03817206248641014
0.8955486416816711
0.007472306955605745
-0.11164066940546036
-0.054901644587516785
0.6327877044677734
-0.48359525203704834
-0.3275831937789917
0.0871659517288208
0.1752537190914154
0.06702152639627457
0.16953222453594208
0.42850473523139954
0.7289939522743225
-0.1457744836807251
0.02443297579884529
0.041157860308885574
0.010110057890415192
0.06877675652503967
-0.0028289409819990396
0.04241672530770302
-0.07241999357938766
-0.000916697084903717
0.01715882122516632
-0.0017841533990576863
0.023232754319906235
-0.0009900156874209642
0.02362770028412342
-0.02179536409676075
-0.00035346701042726636
0.11650996655225754
0.4441518485546112
0.4640307128429413
1.0212854146957397
0.07135429978370667
0.05872484669089317
0.10925665497779846
1.3475006818771362
0.07706090062856674
-0.14596889913082123
0.23014050722122192
0.5678633451461792
-0.08031856268644333
0.4556853473186493
0.06974798440933228
0.6390315294265747
0.17918908596038818
0.12473630905151367
0.33425161242485046
0.918514609336853
-0.19181834161281586
-0.2951328456401825
0.14564530551433563
0.6500614881515503
-0.1686808466911316
-0.24200232326984406
0.529494047164917
0.3639758825302124
-0.24020086228847504
-0.11057400703430176
0.24243105947971344
0.3866223692893982
-0.01718677021563053
0.191748708486557
-0.04894360527396202
0.8024181723594666
0.003626346355304122
-0.04406476020812988
0.019921276718378067
0.825137197971344
-0.0009279529331251979
0.1144348531961441
0.2604748606681824
0.13885407149791718
-0.2705346941947937
0.02350851148366928
-0.1459328681230545
0.09660132974386215
0.2644865810871124
0.184545636177063
1.289476990699768
0.39072567224502563
0.07736419886350632
0.3302375376224518
0.6751084327697754
0.28248733282089233
0.292641818523407
-0.10162824392318726
0.06724774092435837
0.04540407285094261
0.37233516573905945
-0.3495638072490692
0.2898631989955902
-0.7792786955833435
-0.008538170717656612
-0.017733726650476456
-0.04167988523840904
-0.02015330083668232
0.2101326733827591
-0.019154183566570282
0.061020102351903915
-0.0770917758345604
-0.03315595164895058
-0.03862352296710014
0.015812315046787262
0.07870645821094513
-0.05090426281094551
0.024356571957468987
0.01282179169356823
0.010279899463057518
-0.3152145445346832
-0.25198009610176086
0.4807492792606354
-0.38554081320762634
0.08990268409252167
0.5917558073997498
0.5374258160591125
0.17486152052879333
-0.12986594438552856
0.12217731028795242
-0.6733049154281616
0.07950086146593094
-0.6486197113990784
-0.6337031126022339
-0.43369099497795105
-1.2612864971160889
0.0048159160651266575
-0.08255286514759064
0.05658519268035889
0.058638475835323334
0.01897505670785904
0.07177045941352844
-0.029356621205806732
0.007752950768917799
0.026397306472063065
-0.045947734266519547
0.018547093495726585
-0.036897867918014526
0.012586669996380806
-0.0635300949215889
0.008885404095053673
0.0031588817946612835
0.5096492767333984
-0.09066039323806763
0.6988139152526855
-0.27548766136169434
0.5484792590141296
0.23795896768569946
0.5683878064155579
0.8272696137428284
0.06699902564287186
0.39904969930648804
-0.25604453682899475
0.27697429060935974
0.12876573204994202
0.20315344631671906
-0.023557748645544052
0.038721852004528046
-0.015232729725539684
-0.04103720188140869
0.03799476847052574
-0.03593091666698456
-0.008029371500015259
-0.04537538066506386
-0.004425103776156902
-0.0068539283238351345
-0.0785835012793541
0.07747869938611984
-0.004246084485203028
0.04713071882724762
0.026702793315052986
0.014068445190787315
0.056776177138090134
0.011532041244208813
0.24626219272613525
0.21734865009784698
0.7881894707679749
-0.21339823305606842
0.39732515811920166
0.14096856117248535
0.3779001533985138
0.6905235648155212
-0.013311260379850864
0.2855616807937622
-0.20291702449321747
0.6147540211677551
0.2578033208847046
0.24245712161064148
-0.12908682227134705
0.4416934549808502
0.1324167549610138
-0.04545113816857338
-0.040029097348451614
-0.047170668840408325
-0.06121494621038437
0.014412637799978256
-0.043616924434900284
0.009448066353797913
0.020751461386680603
-0.01946556754410267
0.02841731533408165
-0.01270829327404499
-0.019701680168509483
0.0218953937292099
-0.06667587161064148
-0.06359026581048965
0.23157165944576263
0.014575101435184479
0.02174544148147106
0.07570421695709229
0.014760571531951427
-0.05218897759914398
0.0374586284160614
0.0023010598961263895
0.057531144469976425
0.0726340264081955
-0.05412910878658295
-0.14977605640888214
-0.07332789897918701
-0.054684869945049286
-0.01536614540964365
-0.0047140284441411495
-0.24335366487503052
-0.43363240361213684
-0.10376372188329697
-1.532906413078308
0.1699751317501068
-0.21824978291988373
0.8080816864967346
-0.3347272574901581
0.3499435484409332
0.21827781200408936
-0.20777329802513123
0.5266826748847961
0.7266623377799988
0.1497555375099182
-0.2559993267059326
-0.25607049465179443
0.39324820041656494
-0.314015656709671
0.36021435260772705
-0.7973517179489136
0.7711789011955261
-0.02082826755940914
1.1198958158493042
-0.5204575657844543
0.4610305428504944
0.004762584343552589
0.13821381330490112
-0.1857520341873169
0.4124141335487366
-0.194752037525177
0.327743798494339
-0.3390587568283081
0.1381116509437561
-0.3096447288990021
0.3187892436981201
-1.0474307537078857
-0.3962670862674713
-0.04265335202217102
0.16906891763210297
-0.8921711444854736
-0.8833682537078857
0.2321893274784088
-0.1729976236820221
-0.1142677515745163
0.2314257025718689
0.2451361119747162
-0.2942759394645691
-0.18602778017520905
0.25968918204307556
-0.6021881103515625
0.5072028636932373
-2.4094364643096924
0.5557315349578857
-0.12129978090524673
0.9254075884819031
-0.5824734568595886
0.30592846870422363
-0.13296528160572052
0.279453307390213
-0.2086898535490036
0.26019999384880066
-0.028068339452147484
-0.003737168852239847
-0.9210380911827087
0.2925775349140167
-0.3259333670139313
0.4697433114051819
-1.2581956386566162
-0.12296164780855179
-0.445627897977829
0.4536352753639221
-0.545900285243988
0.21766990423202515
0.12020646035671234
0.11727339029312134
-0.040367353707551956
0.10155691206455231
0.1960831731557846
-0.4918549954891205
-0.7510250210762024
0.3812316060066223
0.08001236617565155
0.8045904040336609
0.12064121663570404
0.07218827307224274
0.5777695775032043
0.6272405385971069
1.1213469505310059
0.8888238072395325
0.3068157732486725
-0.37626704573631287
0.2057243138551712
0.04830564931035042
-0.012373313307762146
0.13857541978359222
0.07772944122552872
-0.2749234735965729
-0.267154723405838
0.16861674189567566
-0.5225046873092651
-0.4015010893344879
0.2581179141998291
0.3764408826828003
-0.18375395238399506
0.04273223504424095
0.5185134410858154
-0.19220052659511566
-0.5940062403678894
-0.7448263764381409
-0.6675726771354675
-0.4654293358325958
-0.46129435300827026
0.08106695115566254
-0.06498667597770691
-0.03937815874814987
0.8696780204772949
-0.14410008490085602
-0.1255967915058136
-0.07772751897573471
0.5919018387794495
-0.0322253555059433
0.17143559455871582
0.22781714797019958
0.20763643085956573
-0.3502172827720642
-0.05269104614853859
-0.2331494241952896
0.3582257628440857
-0.04960323125123978
0.0646962970495224
0.019540203735232353
0.05300252139568329
0.05997408553957939
-0.02450585551559925
0.017559174448251724
0.009320043958723545
0.03547438234090805
-0.022133566439151764
0.07322767376899719
-0.020064236596226692
-0.03499951213598251
-0.019646694883704185
-0.0331839993596077
-0.0014429654693230987
0.05875784903764725
-0.0076248738914728165
0.038318708539009094
0.020222457125782967
-0.007610879838466644
-0.003418077016249299
-0.030700327828526497
-0.058930426836013794
-0.05131850391626358
0.035071875900030136
-0.01457543857395649
-0.11157183349132538
-0.01872038096189499
-0.03677363321185112
0.06816459447145462
0.02353350818157196
0.05954628437757492
0.24467922747135162
1.261041283607483
0.13803260028362274
0.7670866250991821
0.6873058080673218
0.4605546295642853
1.2725902795791626
0.4989111125469208
0.45830345153808594
-0.3568611145019531
0.33567488193511963
0.02057616226375103
0.05389680713415146
-0.06755004823207855
-0.08148182928562164
0.2068370282649994
0.23029132187366486
0.8409610986709595
-0.9728379249572754
0.47573915123939514
-0.18131928145885468
0.7338981628417969
0.41371580958366394
-0.15082842111587524
0.4016193151473999
-0.13651680946350098
0.12990936636924744
-0.437913715839386
-0.02660701982676983
-0.29586270451545715
-0.6024301052093506
0.4768279492855072
0.0018470019567757845
1.1875478029251099
0.13133180141448975
0.32847338914871216
0.06276138871908188
1.1003763675689697
0.3375691771507263
0.4483169913291931
0.10263027250766754
0.2982880175113678
-0.0875730887055397
0.23332813382148743
-0.1327170878648758
0.02581995725631714
-0.2654613256454468
-0.40563082695007324
0.09300564974546432
0.40509480237960815
-0.05894700437784195
0.10664069652557373
-0.11404453963041306
0.4668938219547272
0.5204889178276062
-0.21743354201316833
0.5712946057319641
-0.04319118708372116
0.012606284581124783
-0.5228128433227539
0.16335919499397278
-0.2674735486507416
0.34258830547332764
-0.3238614797592163
-0.305052250623703
0.2893468141555786
-0.7434362173080444
0.5197142362594604
0.1789088398218155
0.908057689666748
-0.37855350971221924
-0.01984519697725773
0.6387941241264343
-0.22166454792022705
0.5268726944923401
0.20333842933177948
0.20014019310474396
-0.505190908908844
-0.16424237191677094
0.19143463671207428
0.11339965462684631
0.8771446943283081
-0.022094864398241043
-0.07584352791309357
0.18190144002437592
0.41409140825271606
0.5807046294212341
-0.17293474078178406
0.24273230135440826
0.07026590406894684
0.3812486529350281
-0.11908244341611862
0.020766155794262886
-0.3182026743888855
-0.5597663521766663
-0.12673784792423248
0.19903704524040222
1.6722487211227417
0.24527901411056519
0.5270848274230957
0.7212681174278259
0.29553523659706116
1.0715864896774292
0.14678646624088287
0.3314597010612488
-0.3613850772380829
0.41925904154777527
0.10831011086702347
0.10140214115381241
-0.07473763823509216
-0.3539058566093445
-0.11253722012042999
0.34148141741752625
0.40722188353538513
-0.03667706251144409
0.271234929561615
0.7136293649673462
0.6134419441223145
0.5719271302223206
-0.682322084903717
0.23681025207042694
-0.35211971402168274
0.44915542006492615
-0.6883474588394165
0.06525424122810364
-0.25587567687034607
-0.716132640838623
0.20474715530872345
-0.23467247188091278
0.7284333109855652
-0.27849870920181274
0.26242685317993164
0.3503264784812927
0.7300276756286621
0.2624078392982483
0.2679470479488373
0.6198719143867493
-0.2503651976585388
0.27629199624061584
0.32567304372787476
0.017185406759381294
-0.044982586055994034
-0.5450156331062317
-0.03133870288729668
0.041268497705459595
-0.06404884904623032
0.009239566512405872
0.04072624444961548
-0.020077159628272057
-0.015465188771486282
-0.03568089380860329
-0.06434350460767746
0.029672903940081596
0.015722982585430145
0.0015261954395100474
0.05416131764650345
-0.0355481319129467
0.044836584478616714
0.10639624297618866
0.43754786252975464
-0.49719753861427307
0.37854090332984924
-2.3273394107818604
0.500917375087738
-0.10924588143825531
0.9625466465950012
-1.3384310007095337
0.34090307354927063
-0.14809373021125793
0.23355509340763092
-0.3508700430393219
0.1456678956747055
-0.02809758670628071
0.29929599165916443
-0.4416016936302185
-0.0714651495218277
-0.08507316559553146
0.6299493908882141
-0.3417510986328125
0.6088933348655701
0.32131248712539673
0.3696995973587036
-0.048800937831401825
-0.11627455055713654
0.508513867855072
-0.3732760548591614
0.5007080435752869
0.4112834930419922
0.06629855930805206
-0.5165717005729675
-0.12352948635816574

linear_actor,linear_actor.weight
0.5175797939300537
-0.8252328038215637
-0.7113171219825745
0.7251076698303223
-0.7271043658256531
-0.7542129755020142
-0.9489582777023315
0.6699183583259583
0.6389934420585632
-0.8693720102310181
-1.0836316347122192
-0.7012118101119995
-0.6901109218597412
-0.8074899315834045
-0.9250528812408447
-0.6715152263641357
-0.8157456517219543
0.29538053274154663
-0.6815541386604309
-0.9342930912971497
-1.0031054019927979
0.6626381278038025
-0.8622366786003113
-0.7679915428161621
-0.4688851535320282
-0.6679704189300537
-0.7451956868171692
-0.4894837439060211
-1.506301999092102
-0.7371185421943665
-0.9937467575073242
-1.005943775177002
-0.6996263265609741
0.10417311638593674
-0.561225950717926
0.6933231949806213
0.5480436682701111
-0.8680805563926697
-0.7902519702911377
0.6410307288169861
-0.6247780919075012
-0.6316124796867371
-0.889367401599884
0.7606452107429504
0.5889331102371216
-1.0502945184707642
-1.1929773092269897
-0.5501777529716492
-0.6391885280609131
-0.727634608745575
-0.5737419724464417
-0.6854286193847656
-0.6960895657539368
0.3061889708042145
-0.7091771364212036
-0.8625311851501465
-0.8603622317314148
0.696593165397644
-0.8058674931526184
-0.7364702224731445
-0.6438297033309937
-0.730817973613739
-0.7197574973106384
-0.6888234615325928
-1.5299159288406372
-0.763663113117218
-1.1601008176803589
-0.8743835687637329
-0.9473588466644287
0.10527101159095764
-0.7305382490158081
0.7268790006637573
0.5314154624938965
-0.8397606611251831
-0.7207970023155212
0.6492650508880615
-0.530777096748352
-0.7066401839256287
-0.9184445142745972
0.5857072472572327
0.5922374129295349
-0.9051052927970886
-1.1850881576538086
-0.5700666308403015
-0.9593419432640076
-0.7231785655021667
-0.6566233038902283
-0.8075808882713318
-0.7253789305686951
0.1788472682237625
-0.6131765246391296
-0.568341851234436
-1.0648411512374878
0.7484639883041382
-0.8261898159980774
-0.6742148995399475
-0.776364803314209
-0.6418735384941101
-0.8364848494529724
-0.8056307435035706
-1.4893723726272583
-0.7197589874267578
-1.0257841348648071
-0.9704963564872742
-0.6139153242111206
0.14421598613262177
-0.8466148972511292
0.770216166973114
0.4770282804965973
-0.6957246661186218
-0.6692996621131897
0.8247259855270386
-0.3920345902442932
-0.8975532650947571
-0.9045870900154114
0.5638047456741333
0.6135295033454895
-0.9269575476646423
-1.1898859739303589
-0.5588900446891785
-0.8517972826957703
-0.8176784515380859
-0.5354527235031128
-0.7207110524177551
-0.5322967171669006
0.07273761183023453
-0.7301512360572815
-0.7622907757759094
-0.9685831069946289
0.6297289133071899
-1.0140019655227661
-0.8168113827705383
-0.7230748534202576
-0.7475559711456299
-0.9618180394172668
-0.7964237332344055
-1.345005750656128
-0.8274405002593994
-1.097446084022522
-0.9159301519393921
-0.6149259805679321
0.28753572702407837
-0.6785009503364563
0.758410632610321
