Layer,Parameter Name,Values

log_std,log_std
0.0
0.0
0.0
0.0

conv0_actor,conv0_actor.weight
-0.988002359867096,

conv1_actor,conv1_actor.weight
-0.02505655586719513,-0.3977656066417694,0.027761463075876236,-0.22263050079345703,
-0.04433584585785866,0.3348411023616791,-0.18198658525943756,0.08292365074157715,
0.12384489923715591,-0.11334589868783951,0.13387441635131836,0.42625483870506287,
0.10031624138355255,-0.07148933410644531,0.04577942565083504,-0.5171823501586914,
-0.4311152696609497,-0.4405316412448883,-1.2366409301757812,-0.3401271104812622,
1.2505624294281006,0.27248305082321167,-0.2163168340921402,-0.4300568699836731,
1.7969268560409546,0.6586316227912903,0.17001599073410034,-0.493145227432251,
0.993416428565979,0.7585486769676208,0.4381067156791687,0.7519621253013611,
-0.23413951694965363,0.15240655839443207,-0.20640210807323456,-0.10893397778272629,
0.015680521726608276,-0.3640030324459076,-0.0018807373708114028,-0.01884187012910843,
-0.10729805380105972,0.27153024077415466,-0.05759362876415253,0.21435429155826569,
0.1497628092765808,-0.2776065766811371,-0.05948105454444885,0.14436863362789154,
-2.2464821338653564,-2.3316309452056885,-0.5164293646812439,0.7367733716964722,
-2.038912057876587,-2.168668508529663,-0.35176074504852295,0.9464355707168579,
-2.2729835510253906,-2.3634698390960693,-0.31505680084228516,1.188575267791748,
-2.3690242767333984,-2.0066349506378174,-1.2329802513122559,0.2525527775287628,
-0.10155770927667618,0.23311547935009003,-0.3978538513183594,-0.3349211812019348,
-0.3270312547683716,-0.210016667842865,-0.30309662222862244,-0.21916204690933228,
0.01049510482698679,-0.2860846519470215,0.13531365990638733,0.07622525840997696,
0.1901313215494156,0.18456301093101501,0.17606592178344727,0.17669659852981567,
4.216237545013428,4.234289169311523,3.011904001235962,1.0050636529922485,
4.501864910125732,4.686691761016846,0.6452398300170898,0.14887551963329315,
3.89217472076416,4.168514728546143,-0.3907991349697113,-0.46598905324935913,
4.124172687530518,3.3482091426849365,0.9435508847236633,-0.015761973336338997,
-0.16341999173164368,0.1588146686553955,-0.1859372854232788,-0.07244370132684708,
0.0402904711663723,-0.19323165714740753,-0.061325814574956894,0.213614821434021,
0.3279188275337219,0.16771718859672546,-0.10738390684127808,-0.08675184845924377,
0.049910206347703934,-0.1606835126876831,-0.050553999841213226,0.3347221314907074,
1.5789417028427124,1.8409419059753418,0.4639138877391815,-0.005455474369227886,
2.6208670139312744,2.974982261657715,0.15233653783798218,0.2458677738904953,
3.1523547172546387,3.9430088996887207,0.9403703212738037,-0.31185808777809143,
3.55876088142395,4.289998531341553,1.085932731628418,-0.1605134904384613,
-0.023852622136473656,-0.043127141892910004,0.24688158929347992,0.17740464210510254,
0.04548907279968262,0.1476750373840332,-0.11202709376811981,-0.027126703411340714,
0.12423484772443771,-0.03466710448265076,-0.07162143290042877,0.22411274909973145,
-0.196172833442688,-0.10387436300516129,-0.05505423620343208,-0.08480984717607498,
1.6735917329788208,2.7179007530212402,-1.1769965887069702,-2.34446382522583,
2.606252908706665,0.5787883996963501,-0.15555034577846527,-1.7465251684188843,
1.0551879405975342,-0.2874824106693268,-0.7100333571434021,-0.3919356167316437,
-0.16515572369098663,-0.7015340328216553,-2.5656228065490723,-1.780501365661621,
-0.08483926206827164,0.10335097461938858,0.09710438549518585,0.06357531994581223,
-0.1765320897102356,-0.11713169515132904,-0.15831811726093292,0.10189323872327805,
-0.3025570809841156,-0.09465130418539047,0.2521914839744568,0.2687285840511322,
-0.19299383461475372,0.07498802989721298,-0.09341197460889816,-0.1230916678905487,
-0.008148979395627975,-0.7978663444519043,0.9274420738220215,1.094382405281067,
0.7919414043426514,1.8603280782699585,3.0624191761016846,4.190435886383057,
1.5146194696426392,3.9257941246032715,4.571791648864746,4.633764743804932,
3.7749483585357666,4.483338832855225,5.135823726654053,3.2939324378967285,
0.2639327645301819,-0.19327010214328766,-0.2622585892677307,0.11577823013067245,
-0.26425084471702576,0.11198212951421738,0.09250691533088684,-0.20383524894714355,
0.23097483813762665,0.007625664118677378,0.406626433134079,-0.09228520095348358,
-0.08072996139526367,-0.12052205950021744,-0.019963707774877548,0.01556001603603363,
0.01003803126513958,1.2523889541625977,0.2615412771701813,0.5619475245475769,
0.47026339173316956,0.2144952416419983,2.7706971168518066,3.365401029586792,
0.5134122967720032,0.6260856986045837,3.418231248855591,3.1173133850097656,
1.6702947616577148,0.3186466693878174,0.9008132815361023,-0.13602745532989502,
-0.1404164582490921,-0.01096249558031559,0.025740617886185646,-0.1331251710653305,
-0.23415569961071014,-0.014584146440029144,-0.09966156631708145,0.0848318561911583,
-0.05343394726514816,0.08279973268508911,-0.14189596474170685,-0.09881522506475449,
0.21848703920841217,-0.12279637902975082,0.08780332654714584,-0.11027687788009644,
1.135312557220459,2.0459163188934326,3.9355647563934326,3.926990270614624,
2.9993581771850586,3.9164018630981445,4.073596000671387,4.33847713470459,
4.004931449890137,3.99302077293396,4.192473888397217,4.545956611633301,
3.827970504760742,4.121183395385742,1.9951010942459106,0.9205544590950012,
-0.2584058940410614,0.0401899479329586,-0.03804389014840126,-0.11927323043346405,
0.00465333042666316,0.0317523330450058,0.14464136958122253,0.027866287156939507,
0.03512686491012573,0.1636677235364914,-0.14892883598804474,-0.05803985521197319,
0.07507489621639252,-0.24993641674518585,-0.17880333960056305,0.09248868376016617,
-0.8676272630691528,-0.6149246692657471,0.7012826204299927,0.1812189370393753,
0.680279016494751,0.2177000194787979,2.961826801300049,3.9734911918640137,
0.29962974786758423,0.07466693967580795,4.071329593658447,3.893077850341797,
2.2746055126190186,1.5570427179336548,1.045637845993042,0.5773996710777283,
0.04705354571342468,0.17817531526088715,-0.060346294194459915,-0.06497201323509216,
-0.07023455947637558,0.10829926282167435,-0.10240095108747482,-0.14844317734241486,
-0.15765856206417084,0.04942328482866287,0.21529804170131683,-0.09395115822553635,
-0.005053265020251274,-0.08370403945446014,0.17574332654476166,-0.32292091846466064,
2.2538230419158936,3.8565738201141357,4.422242164611816,4.1598219871521,
3.7777066230773926,3.6045949459075928,1.1692289113998413,0.6553526520729065,
3.71044921875,4.002716064453125,0.3335684835910797,-0.5352599620819092,
1.8726998567581177,2.086610794067383,1.8122087717056274,1.6634820699691772,
0.16258975863456726,0.15332026779651642,0.08275439590215683,-0.15985426306724548,
-0.07585129886865616,-0.055030614137649536,0.026989616453647614,0.21536965668201447,
-0.020726939663290977,0.009277892298996449,0.22388127446174622,0.17967183887958527,
-0.29853421449661255,0.16602203249931335,0.22007155418395996,-0.2711177468299866,
1.3429689407348633,0.8323506116867065,3.709728717803955,4.004244327545166,
1.5730133056640625,0.0039357636123895645,1.8821872472763062,1.3201208114624023,
0.7494721412658691,-0.4079078137874603,1.0189675092697144,0.22814114391803741,
2.913843870162964,2.7611680030822754,4.677221775054932,3.827932834625244,
0.2892029285430908,0.006530112586915493,0.08604905754327774,-0.250980019569397,
0.06467977166175842,0.019608665257692337,-0.27065199613571167,0.0866706594824791,
-0.2925192415714264,-0.011581139639019966,0.054593052715063095,0.37481504678726196,
-0.0078010279685258865,-0.148825541138649,0.011875147931277752,0.10337379574775696,
-2.3194403648376465,-1.3275768756866455,-0.21565848588943481,0.8679977655410767,
0.2764154374599457,-0.2661861777305603,2.9133074283599854,3.128375291824341,
1.0200504064559937,0.4747512638568878,2.91906476020813,2.725975513458252,
2.4175381660461426,1.0747485160827637,0.9570753574371338,0.7565348744392395,
0.10651326924562454,0.13374102115631104,-0.08758634328842163,-0.10050643235445023,
-0.06629075109958649,0.08567078411579132,-0.1371060609817505,-0.22392474114894867,
0.2877800464630127,-0.14802362024784088,-0.07242362946271896,0.05890503153204918,
0.10105207562446594,0.03755894675850868,0.11187195777893066,0.33444902300834656,
1.0333918333053589,0.1116638258099556,2.186878204345703,4.007556915283203,
0.8443648815155029,2.3747050762176514,1.0841580629348755,0.7890625,
1.8512074947357178,3.6586339473724365,0.9103497862815857,-0.20846009254455566,
4.441580295562744,3.9918437004089355,2.501999616622925,1.8786392211914062,
0.0193730928003788,0.020008539780974388,0.08668883144855499,0.3470440208911896,
-0.07430446892976761,0.036911435425281525,0.020916340872645378,-0.07664966583251953,
0.1604151725769043,0.10259122401475906,-0.0013943011872470379,-0.049388088285923004,
-0.04010974243283272,-0.17566631734371185,-0.09315792471170425,0.1696707159280777,
-0.288278728723526,0.758882462978363,0.6561594605445862,-1.730510950088501,
1.1397486925125122,-0.5725539326667786,0.569830596446991,0.3876520097255707,
-1.7018115520477295,-2.410698175430298,-0.5049929618835449,1.396418571472168,
-0.6436349153518677,-0.4587160348892212,-1.8166087865829468,-1.789762020111084,
-0.07484783977270126,-0.14657074213027954,0.049257006496191025,0.2726460099220276,
-0.0024776917416602373,0.07267189025878906,-0.00557866133749485,0.1795097440481186,
-0.11395897716283798,0.020139863714575768,0.09939709305763245,0.10550033301115036,
-0.02584953047335148,-0.0021447078324854374,0.014410005882382393,0.07036661356687546,
1.3102707862854004,4.309815883636475,-0.225138321518898,-1.4778954982757568,
0.830287754535675,1.0902036428451538,-0.8708486557006836,-1.1378215551376343,
-0.01042786706238985,-0.6945961713790894,-1.4089126586914062,-1.3578780889511108,
1.1130542755126953,-0.30347147583961487,1.1728500127792358,1.6268672943115234,
-0.0017648161156103015,-0.1553059220314026,0.06515052169561386,-0.0702822282910347,
0.12656345963478088,-0.040853261947631836,-0.20779186487197876,0.029443640261888504,
0.0702488049864769,0.17502576112747192,0.3138781189918518,-0.21806484460830688,
0.08251091092824936,0.06913865357637405,-0.00793381966650486,0.26517951488494873,
2.709712028503418,4.19804573059082,2.6278316974639893,2.778130054473877,
4.205338478088379,4.593874931335449,2.409585952758789,2.0583689212799072,
3.4734017848968506,3.6535584926605225,2.5242302417755127,1.0965405702590942,
3.8311209678649902,4.437810897827148,1.4835261106491089,-0.24523413181304932,
0.33325469493865967,0.02766614407300949,-0.12281828373670578,0.20358185470104218,
0.0012534671695902944,-0.16268086433410645,0.4338999092578888,-0.05173332616686821,
-0.018839631229639053,-0.35772427916526794,0.03539618104696274,0.16924861073493958,
-0.08040919899940491,-0.22154489159584045,-0.272574782371521,-0.041318025439977646,
-1.074771761894226,-1.11092209815979,0.27712467312812805,0.41692042350769043,
0.8008705377578735,0.8219143152236938,2.703829526901245,3.271466016769409,
1.9031271934509277,3.6932806968688965,4.27584981918335,4.22123384475708,
3.6686339378356934,1.5024864673614502,1.5579276084899902,0.927989661693573,
0.16506244242191315,-0.13262450695037842,-0.01636369712650776,-0.039897724986076355,
0.056457795202732086,0.42016318440437317,-0.0832284465432167,-0.15031060576438904,
0.16569232940673828,-0.25508660078048706,0.16388298571109772,0.03384245187044144,
-0.07197114080190659,0.05844782665371895,-0.27119970321655273,-0.17114290595054626,
-0.9416722059249878,-2.005812406539917,2.076294422149658,2.846925973892212,
-1.0116921663284302,-0.9379793405532837,2.8948748111724854,3.4699184894561768,
-0.5834582448005676,-1.0159204006195068,3.438565731048584,3.5886170864105225,
1.0208858251571655,-0.5006572008132935,0.8725913166999817,0.34035977721214294,
0.36823564767837524,-0.11544169485569,0.07429991662502289,-0.017762504518032074,
-0.03622525557875633,0.19482800364494324,0.3172597885131836,-0.21026167273521423,
-0.014552724547684193,-0.04406542703509331,-0.03945602849125862,-0.001861292403191328,
0.2284792810678482,0.10954662412405014,-0.11756349354982376,-0.3458999693393707,
3.642198324203491,3.9404022693634033,0.9231669306755066,-0.3416750729084015,
3.0168166160583496,2.9025838375091553,1.5850456953048706,1.1422522068023682,
1.00846266746521,0.06481974571943283,1.9184298515319824,2.219623327255249,
2.52052640914917,1.572745680809021,1.5100719928741455,2.9107587337493896,
0.27633407711982727,-0.06351466476917267,0.10037068277597427,0.019665122032165527,
-0.15223157405853271,-0.18627770245075226,0.21928749978542328,0.0873330608010292,
-0.29217901825904846,-0.362885445356369,0.0827728882431984,0.02152702584862709,
0.1254478543996811,0.07195255905389786,-0.5117776393890381,-0.05267290025949478,
0.5596964359283447,0.5969982147216797,3.5919244289398193,3.9849300384521484,
2.0630342960357666,2.6320085525512695,2.567272424697876,3.0651557445526123,
3.36985445022583,4.146020889282227,3.160381317138672,3.5868756771087646,
3.0234289169311523,2.3690552711486816,2.6844396591186523,3.6296443939208984,
0.3131081461906433,0.023666348308324814,0.03054283745586872,-0.08688931912183762,
-0.0024480235297232866,0.3229922354221344,0.05443454906344414,-0.07815292477607727,
-0.15702562034130096,-0.22688019275665283,0.05201194807887077,0.02395070530474186,
-0.3090217113494873,-0.08941188454627991,-0.0098307179287076,0.13754302263259888,
-0.3111577033996582,-0.49582555890083313,0.8072238564491272,1.4628229141235352,
1.0408018827438354,2.2312123775482178,-0.12066221982240677,-1.8177452087402344,
1.1239780187606812,1.4158508777618408,-0.974728524684906,-1.848515510559082,
-2.7113142013549805,-1.0681898593902588,-1.9749919176101685,-1.5406107902526855,
-0.14695465564727783,0.0528920441865921,0.10247872024774551,-0.008652916178107262,
0.09066814184188843,0.20943807065486908,0.017840802669525146,-0.1279730498790741,
-0.14952705800533295,0.04627962410449982,0.0072824712842702866,0.028023187071084976,
0.14436396956443787,0.0006230192957445979,0.1462341994047165,0.009240985848009586,
-1.1285068988800049,-1.5370666980743408,-1.8621160984039307,-1.4047489166259766,
-0.7208893299102783,-1.0739481449127197,0.9530173540115356,1.741258144378662,
-0.6808996796607971,-1.7177735567092896,2.3404223918914795,3.602266788482666,
-0.015651309862732887,-1.1811939477920532,3.4260034561157227,4.739166736602783,
0.021767741069197655,-0.1304616928100586,0.6070672869682312,-0.14134114980697632,
-0.15921378135681152,0.13919702172279358,0.4602874517440796,-0.15481172502040863,
-0.011538651771843433,-0.06332488358020782,-0.3236326277256012,-0.26222169399261475,
-0.0688958391547203,0.10905162990093231,-0.18057039380073547,0.23171330988407135,
4.007457256317139,4.613499641418457,4.418481349945068,4.527163505554199,
2.693147897720337,3.7702763080596924,2.8116636276245117,2.5911920070648193,
2.9924392700195312,2.4894943237304688,1.953871726989746,2.056105852127075,
1.9429019689559937,-0.19068148732185364,0.12624472379684448,-0.24381019175052643,
-0.41672298312187195,-0.004846415016800165,0.00303068570792675,-0.18953607976436615,
0.3241764307022095,-0.306686133146286,0.312948614358902,-0.11940702795982361,
0.03815394639968872,0.1362384855747223,-0.1443665474653244,0.024719513952732086,
-0.0702979639172554,0.288880318403244,-0.08051887899637222,-0.09509766101837158,
4.260053634643555,4.182109355926514,3.778748035430908,3.795412540435791,
4.175714492797852,3.389533042907715,1.4530153274536133,0.8551367521286011,
4.4424824714660645,4.44077205657959,0.8319540023803711,0.1364334672689438,
1.8667436838150024,1.1887346506118774,1.4216710329055786,0.37053966522216797,
0.0918782651424408,0.014523133635520935,-0.2468477487564087,-0.1206170916557312,
0.07720136642456055,0.08189162611961365,0.2552239000797272,-0.044518571346998215,
-0.09101004153490067,-0.0032431406434625387,0.24793915450572968,0.08866315335035324,
0.0758713036775589,0.053205832839012146,0.3082817494869232,-0.1921103447675705,
4.551577568054199,3.9647340774536133,1.512694239616394,-0.2518293559551239,
2.113466501235962,0.9653313755989075,3.2562124729156494,3.8431525230407715,
0.8045997619628906,-0.12880854308605194,3.7347381114959717,4.600590705871582,
1.8498103618621826,0.16097506880760193,1.4666807651519775,1.158840537071228,
0.014404987916350365,0.23050427436828613,-0.12136206775903702,-0.30930548906326294,
-0.23633453249931335,-0.35387369990348816,0.04128440096974373,0.34140515327453613,
-0.09944837540388107,-0.1252470761537552,0.02732132002711296,-0.11685497313737869,
-0.022903786972165108,0.08670071512460709,0.19801247119903564,-0.07029692083597183,
-2.6989407539367676,-2.609616756439209,-1.616263747215271,0.42360857129096985,
-2.1513936519622803,-2.6569788455963135,-3.1449480056762695,-1.8867629766464233,
-2.364548921585083,-2.1602132320404053,-2.0461716651916504,-1.2876715660095215,
-1.0445300340652466,-1.0161070823669434,0.19702008366584778,0.5175020694732666,
-0.2610045075416565,0.3090478181838989,-0.0008103495347313583,-0.06052025035023689,
0.12599074840545654,0.04702723026275635,-0.06597468256950378,0.09460615366697311,
-0.14340776205062866,0.219920814037323,0.059401560574769974,0.03746804594993591,
0.3249562680721283,0.04870279133319855,-0.041079431772232056,0.1020498126745224,
-0.3926652669906616,-1.0096001625061035,3.1316206455230713,4.0131516456604,
1.60190749168396,2.1194794178009033,3.3191001415252686,4.273756504058838,
2.9037132263183594,3.359433174133301,3.7776193618774414,4.247777462005615,
1.1906073093414307,0.17639945447444916,1.0832815170288086,0.7978464365005493,
-0.1364724040031433,0.1466383934020996,0.17589862644672394,-0.004155923146754503,
0.07025349140167236,-0.05583258345723152,-0.11922838538885117,0.07871509343385696,
0.005815819371491671,-0.2123885601758957,0.01539578102529049,0.06779734790325165,
0.3018351197242737,-0.07286999374628067,-0.05551867187023163,-0.07348211854696274,
1.431467056274414,1.1087992191314697,1.454215168952942,2.547888994216919,
2.712625503540039,2.189295768737793,1.3996164798736572,0.9081413149833679,
3.4599881172180176,2.7304632663726807,1.5558037757873535,0.7528813481330872,
1.472004771232605,2.0213840007781982,1.673026442527771,2.5132575035095215,
-0.14247001707553864,-0.1816091388463974,0.048422593623399734,-0.16459445655345917,
0.021560829132795334,0.051907721906900406,-0.09552709758281708,-0.0698712170124054,
-0.07081165909767151,-0.08333802223205566,0.0492938794195652,0.11828359216451645,
-0.117100790143013,0.16971147060394287,-0.3463972806930542,-0.1699390560388565,
1.6197948455810547,1.0350829362869263,3.5370993614196777,3.967715263366699,
2.9110257625579834,4.213031768798828,0.49344825744628906,0.4421263337135315,
3.5536458492279053,4.284516334533691,-0.2867169678211212,-0.3789375126361847,
3.9791738986968994,4.118065357208252,1.6090282201766968,1.5503190755844116,
-0.08680291473865509,-0.23011186718940735,0.008028700947761536,0.16189491748809814,
-0.022059937939047813,0.14152535796165466,0.3073151707649231,-0.1653069406747818,
-0.048723794519901276,0.19023028016090393,-0.07736199349164963,0.03537638857960701,
0.13059398531913757,0.1813795119524002,0.08392254263162613,0.10519112646579742,
-3.1495723724365234,-2.6406612396240234,-2.386331796646118,-1.1983522176742554,
-3.4120285511016846,-2.859175682067871,-0.7987011671066284,-0.5116077065467834,
-2.414038896560669,-1.411576747894287,-0.9432857632637024,-0.8406779170036316,
-0.36615487933158875,-0.8912574648857117,-1.4443098306655884,-0.7725833058357239,
-0.10940413177013397,-0.08537686616182327,-0.233988955616951,0.29190951585769653,
0.30601266026496887,-0.009480253793299198,0.02874896489083767,-0.0327807292342186,
-0.04295756667852402,-0.046022508293390274,0.20317596197128296,0.16631998121738434,
-0.21500784158706665,-0.142301544547081,0.0012161332415416837,0.34261736273765564,
-0.7183507680892944,-0.01649298332631588,2.6120705604553223,3.6222386360168457,
0.4340333044528961,0.20824100077152252,3.136528968811035,3.627300500869751,
1.1226228475570679,1.1362385749816895,2.808060646057129,3.8227460384368896,
1.2949916124343872,0.14739301800727844,2.5163047313690186,3.021439552307129,
0.12250950932502747,-0.14611360430717468,-0.23106296360492706,0.33856943249702454,
0.05543617159128189,-0.19309215247631073,-0.1090862825512886,-0.1428728550672531,
0.2410261631011963,0.12502959370613098,-0.05464567989110947,-0.21773532032966614,
-0.307297021150589,-0.2138194888830185,-0.11063148081302643,-0.003079390851780772,
2.4757635593414307,4.250303745269775,1.8686572313308716,1.118759274482727,
1.5037057399749756,1.1109658479690552,2.438185691833496,3.2071025371551514,
-0.6328131556510925,-0.3681947886943817,1.5922737121582031,2.4460606575012207,
1.5052350759506226,-1.2156975269317627,-0.5447418689727783,-1.608433485031128,

pkj_actor,pkj_actor.weight
0.011448114179074764
0.055258896201848984
-0.06784024089574814
-0.024084540084004402
-0.0645158663392067
-0.048083625733852386
-0.03865741565823555
0.08060242980718613
0.03296311944723129
-0.004906000569462776
-0.010670132003724575
0.013753416948020458
-0.00027160969329997897
0.014910474419593811
-0.03177812695503235
-0.025870483368635178
-0.06265764683485031
0.06679518520832062
-0.032703571021556854
0.026614578440785408
-0.015733428299427032
-0.05118075758218765
0.012049618177115917
0.04960298910737038
-0.06587009876966476
-0.018615536391735077
0.014192629605531693
-0.05675096809864044
0.013938963413238525
-0.04377748444676399
0.034616149961948395
-0.06007174775004387
0.2375992238521576
0.1465538889169693
0.5853851437568665
0.9021846652030945
0.9507946968078613
1.7625397443771362
-0.018441079184412956
0.05916386470198631
0.8834435343742371
0.8851063847541809
-0.12172743678092957
0.42944902181625366
0.46305882930755615
0.257408082485199
0.08464466035366058
0.9002805352210999
0.03879110887646675
0.22865375876426697
-0.37173137068748474
-0.3070790469646454
-0.013173989951610565
0.3419038951396942
-0.03608304262161255
0.13731107115745544
-0.08536157757043839
0.048333629965782166
-0.15743215382099152
0.006820993032306433
0.051972758024930954
-0.14568345248699188
0.36944159865379333
0.19970884919166565
-0.015999505296349525
0.05956631898880005
-0.41814830899238586
-0.29023370146751404
-0.30540651082992554
0.35847264528274536
-0.03674828261137009
-0.045836128294467926
0.053774457424879074
0.0008903565467335284
0.019904019311070442
0.08955276757478714
-0.1855209916830063
-0.02332894317805767
0.028331885114312172
-0.18767663836479187
0.40072911977767944
0.14924487471580505
-0.3861211836338043
0.08710146695375443
0.6886147260665894
-0.20362554490566254
0.30247366428375244
0.7127607464790344
0.20025210082530975
-0.08288488537073135
0.03927507996559143
1.7227109670639038
-0.03904997557401657
-0.008760911412537098
0.7465764880180359
1.3376169204711914
-0.13538864254951477
-0.10339070111513138
-0.13632425665855408
0.010660666972398758
0.31747686862945557
-0.320437490940094
-0.07214002311229706
0.19341471791267395
0.24633000791072845
-0.028317444026470184
-0.058792613446712494
0.37147486209869385
0.037871912121772766
-0.15877364575862885
-0.18491339683532715
-0.04548425227403641
-0.1734798103570938
-0.029359254986047745
-0.07939821481704712
-0.14450128376483917
0.6329476833343506
-0.08439688384532928
-0.41001296043395996
0.15634548664093018
0.3038463890552521
0.027794858440756798
0.11053436249494553
1.1579192876815796
-0.1361297369003296
-0.15758183598518372
0.11465936154127121
1.0583418607711792
0.056759096682071686
-0.39180079102516174
-0.13993027806282043
-0.0027172493282705545
0.40879014134407043
-0.2708147168159485
-0.028465334326028824
0.14688771963119507
0.0057930420152843
-0.013908909633755684
-0.035466279834508896
0.44756466150283813
0.0757032111287117
-0.17160630226135254
-0.15113148093223572
0.0336550734937191
-0.19462411105632782
-0.24458201229572296
0.2337070256471634
-0.00700403144583106
0.508368194103241
-0.07227418571710587
-0.34134402871131897
-0.1679670512676239
0.35450783371925354
-0.1341092884540558
-0.2589365839958191
0.18687185645103455
0.05969734489917755
0.0022165742702782154
-0.004600026644766331
0.40308094024658203
0.21849054098129272
-0.4210984408855438
-0.12748821079730988
0.12072917819023132
0.2963143587112427
0.19509945809841156
0.31439629197120667
0.2955004572868347
0.39831897616386414
-0.2718666195869446
-0.4329829216003418
0.0767156109213829
0.030912842601537704
-0.04312235116958618
0.8294070363044739
0.21759094297885895
-0.27716466784477234
-0.12093835324048996
0.03793124482035637
0.013548940420150757
0.4022664725780487
-0.11144351214170456
0.02486024983227253
0.18507811427116394
-0.06249428540468216
-0.025996509939432144
-0.04108445718884468
0.21764126420021057
-0.017688129097223282
-0.13966377079486847
-0.21654030680656433
-0.1111503541469574
-0.17511799931526184
0.02454613707959652
-0.41522103548049927
-0.09479605406522751
0.10968609154224396
0.22708626091480255
0.1529531478881836
0.18311013281345367
-0.09702292829751968
-0.20194044709205627
-0.21605843305587769
-0.17594300210475922
0.05093022435903549
0.002020609797909856
0.19256770610809326
0.6494587063789368
-0.04949968308210373
0.0024768311996012926
-0.05562222748994827
-0.029711298644542694
0.04018572345376015
0.04374348744750023
-0.02295142225921154
0.02518925629556179
0.05908018723130226
-0.0058387392200529575
-0.008043731562793255
-0.06153443828225136
-0.012788268737494946
0.018374096602201462
-0.050358738750219345
-0.003571394132450223
-0.03151305019855499
-0.17638355493545532
0.19827985763549805
0.22340236604213715
0.21352119743824005
0.5545351505279541
-0.11375507712364197
-0.06421701610088348
-0.47418248653411865
0.5836991667747498
-0.1375197321176529
-0.03459710255265236
-0.04446716234087944
-0.05378289148211479
0.08501621335744858
0.022992348298430443
0.7261088490486145
0.2615487575531006
0.5565110445022583
0.5552436113357544
0.685801088809967
1.2692158222198486
-0.0030851245392113924
0.12412171065807343
0.41549259424209595
0.665479838848114
-0.41303858160972595
0.8288975954055786
-0.0537099651992321
-0.23932082951068878
0.2005682736635208
0.35208192467689514
0.31187015771865845
-0.03504836931824684
-0.22163744270801544
0.06702352315187454
0.5031508803367615
-0.2304515242576599
-0.3192068934440613
0.3172568380832672
0.09493626654148102
-0.10263903439044952
0.07388889044523239
0.4828551113605499
-0.09334985166788101
0.013639327138662338
-0.18063899874687195
0.37082934379577637
-0.13183067739009857
-0.4539283812046051
-0.30404961109161377
0.0763946995139122
0.3178836405277252
-0.2379632592201233
0.030831390991806984
0.11509891599416733
0.025133123621344566
0.006931596901267767
-0.08132652938365936
0.37976884841918945
0.01400451548397541
-0.26335135102272034
-0.3629007935523987
0.07235939800739288
0.041262850165367126
-0.1971183717250824
-0.42708057165145874
-0.05887946859002113
-0.22815872728824615
0.26248258352279663
-0.11081288009881973
-0.1539420336484909
-0.11465778201818466
-0.0056133633479475975
0.013233307749032974
-0.0635806992650032
-0.046989645808935165
0.018168434500694275
-0.13281245529651642
-0.015212425962090492
0.20310235023498535
-0.02621270716190338
-0.040586698800325394
0.18034382164478302
0.2977930009365082
0.06732412427663803
-0.18095573782920837
0.19698457419872284
0.010675990022718906
-0.19778093695640564
-0.027630142867565155
0.5339381098747253
-0.06790965795516968
-0.20361055433750153
-0.1186581701040268
0.5205057859420776
-0.03595645725727081
-0.038531344383955
0.014883442781865597
-0.04654226824641228
-0.07184357196092606
0.18027745187282562
-0.0252390019595623
-0.02258957177400589
0.03612573444843292
-0.03842112794518471
0.02768450789153576
-0.014461871236562729
0.029774701222777367
0.09471657127141953
0.06606356054544449
-0.09437226504087448
0.6449854969978333
-0.1723528951406479
0.002232977654784918
0.2266201674938202
0.52461838722229
0.10077282041311264
0.24803026020526886
0.34697896242141724
-0.004864037036895752
-0.3181898891925812
-0.2182857245206833
0.7240872383117676
-0.04793548583984375
0.664840817451477
0.17253075540065765
-0.20297490060329437
-0.39265507459640503
0.04795984551310539
0.568773090839386
0.42789512872695923
0.8421194553375244
0.3414955735206604
-0.06586505472660065
-0.17164909839630127
1.0060079097747803
0.0022487365640699863
-0.09618495404720306
0.05949126556515694
0.27099868655204773
-0.19547532498836517
-0.0653272420167923
0.9142154455184937
0.4655053913593292
0.33918264508247375
0.3870479166507721
0.7903645038604736
0.6605029702186584
1.4762778282165527
0.21887454390525818
-0.032194703817367554
1.145192265510559
0.7933918833732605
-0.23078922927379608
0.6690190434455872
0.3300204873085022
0.20176628232002258
-0.09219817072153091
0.5469310283660889
0.25404122471809387
-0.3789042830467224
-0.11394032835960388
0.6861587166786194
0.4840591251850128
0.16440275311470032
0.20866823196411133
0.10301018506288528
0.22037287056446075
0.4578319489955902
0.2220502495765686
0.6106378436088562
0.5133346319198608
0.13323144614696503
-0.09215683490037918
0.6377558708190918
0.045597441494464874
0.011069164611399174
0.02571011148393154
0.043922461569309235
0.0005347522092051804
-0.10108530521392822
0.013260772451758385
0.022785112261772156
0.030827049165964127
-0.0020276419818401337
-0.050714101642370224
-0.07017045468091965
-0.05508227273821831
0.037621207535266876
0.024278875440359116
0.018517112359404564
-0.3453872501850128
-0.05649309605360031
0.047495029866695404
0.03477487713098526
0.653961181640625
-0.2745745778083801
-0.24515052139759064
0.31955215334892273
-0.09607667475938797
-0.11386435478925705
0.18304689228534698
0.855746865272522
-0.07124236971139908
-0.10884815454483032
-0.1690697968006134
0.5289065837860107
-0.08876101672649384
-0.23832383751869202
-0.2906445264816284
0.03646727278828621
-0.407932311296463
0.20350956916809082
-0.03403763845562935
-0.050231367349624634
-0.1567414402961731
-0.02184305153787136
-0.13386589288711548
-0.1929870992898941
0.034555137157440186
-0.22819900512695312
-0.18323436379432678
-0.22071270644664764
0.09894498437643051
0.21305550634860992
0.2209850400686264
0.35401275753974915
0.6703028082847595
0.8722763657569885
-0.20767644047737122
0.054355867207050323
0.04775316268205643
-0.20692050457000732
-0.23643437027931213
0.14827761054039001
-0.10902665555477142
-0.041905034333467484
0.30960413813591003
0.7448614239692688
0.02380884625017643
-0.012835079804062843
0.004075753502547741
-0.02530922368168831
0.05344773828983307
0.03416460379958153
-0.004673280753195286
0.02970401756465435
-0.020327279344201088
0.016648555174469948
0.005354749504476786
0.03356804698705673
-0.02237781696021557
-0.052198734134435654
-0.02729932963848114
-0.052602410316467285
-0.036780860275030136
-0.4037479758262634
-0.2780911922454834
0.12099932134151459
0.21156352758407593
-0.3207932710647583
0.17726261913776398
0.17196647822856903
0.014330219477415085
-0.1604725569486618
-0.19494858384132385
0.6001240611076355
0.03239493444561958
-0.09051511436700821
-0.2425592988729477
0.27059802412986755
-0.22338314354419708
-0.2758658230304718
0.2805933356285095
0.029951823875308037
0.3331162929534912
0.29250016808509827
-0.2142738252878189
0.08776628226041794
-0.18868093192577362
0.3037225306034088
-0.1475939154624939
-0.08228499442338943
0.013224221765995026
-0.3236532509326935
-0.16849885880947113
0.15381209552288055
0.004491985309869051
-0.120266854763031
-0.006792042404413223
-0.02163941040635109
0.024200880900025368
-0.02000286802649498
-0.02049994468688965
0.021524084731936455
-0.05286015570163727
0.015667114406824112
-0.00662965839728713
-0.033210329711437225
0.04213205724954605
-0.028759919106960297
-0.04240364208817482
-0.02902367152273655
-0.062151726335287094
0.04621431231498718
-0.04893107712268829
0.012971671298146248
-0.05903996154665947
0.01372325699776411
0.014951464720070362
0.06876342743635178
-0.04263188689947128
0.06310945004224777
0.015686171129345894
0.01205370482057333
-0.026777159422636032
0.013782632537186146
-0.04917500913143158
-0.05489480867981911
-0.43221890926361084
-0.637124240398407
-0.8054900765419006
-0.7758528590202332
-0.35057932138442993
-1.7312499284744263
-0.7075424790382385
-0.25824975967407227
-0.195245161652565
-1.0562498569488525
-0.8458945751190186
-0.3294465243816376
-0.011194081045687199
-0.19506114721298218
-0.7354649901390076
-1.1796420812606812
0.0725201964378357
-0.5306845903396606
0.5648956894874573
0.1901063174009323
0.25069910287857056
-0.3516588807106018
-0.04307985678315163
-0.1897948682308197
0.38703247904777527
0.05329176411032677
-0.04852922633290291
0.07478965073823929
-0.0525100976228714
0.13507871329784393
-0.5826826095581055
-0.011183689348399639
-0.08395612239837646
0.06089058518409729
0.5955971479415894
0.09824133664369583
0.10904891043901443
-0.12727977335453033
0.09012629091739655
-0.025542430579662323
-0.019316507503390312
0.08624287694692612
0.0315590538084507
-0.04228423908352852
0.25928717851638794
0.018653199076652527
0.012356423772871494
0.11534840613603592
-1.1288936138153076
-0.3490622937679291
-0.299889475107193
-0.11260861158370972
-0.199409618973732
-0.5276687145233154
-0.7828947901725769
-0.46489858627319336
-0.008386166766285896
-0.3850201666355133
-0.09740152955055237
-1.5127146244049072
0.13395662605762482
-0.5881078243255615
-1.1893352270126343
-1.4519187211990356
0.07178247720003128
0.37581169605255127
0.29437482357025146
-0.03430556878447533
-0.41553759574890137
0.19849930703639984
-0.0511384978890419
0.0015223706141114235
-0.0635300949215889
-0.026923129335045815
0.13656610250473022
-0.3521210253238678
0.0978851467370987
-0.029850661754608154
0.15412312746047974
-0.033504802733659744
-0.4937109053134918
-0.05436259135603905
0.09731606394052505
0.46553435921669006
-0.17353227734565735
-0.7297815084457397
-0.19489313662052155
-0.289771169424057
0.11392602324485779
-0.19508033990859985
-0.08199597895145416
-0.8796769976615906
0.10744590312242508
-0.413955420255661
-0.5553222894668579
-0.8716463446617126
-0.13053467869758606
0.2837766110897064
0.04881343990564346
-0.04430593177676201
-0.5536371469497681
0.03781052306294441
0.12052314728498459
-0.2137383073568344
-0.04458536580204964
-0.04712114483118057
0.11597990244626999
-0.450240820646286
0.048070598393678665
-0.12228789180517197
0.09016312658786774
-0.18723396956920624
0.15285959839820862
0.11711684614419937
-0.23338064551353455
0.20821043848991394
-0.0751613900065422
-0.16030356287956238
-0.0770939439535141
0.031658586114645004
-0.08675272017717361
-0.20314249396324158
-0.11683788150548935
-0.042196422815322876
0.11950043588876724
-0.12358184903860092
-0.18752704560756683
-0.39972925186157227
-0.42196646332740784
0.7889329195022583
0.28233253955841064
-0.152756467461586
-0.4268486201763153
-0.4001961648464203
-0.09128951281309128
-0.2193833440542221
-0.4175723195075989
0.03465769812464714
0.2520372271537781
-0.15097391605377197
0.02788083255290985
-0.11412419378757477
-0.6055108904838562
-0.36421453952789307
0.21803608536720276
0.28096309304237366
-0.025075551122426987
0.02389609068632126
-0.40488192439079285
0.14497777819633484
0.04960230365395546
-0.10586339235305786
0.03996405377984047
-0.04506709799170494
0.22669291496276855
-0.4137522578239441
-0.012065358459949493
0.0969926118850708
0.20269861817359924
-0.11600296199321747
0.034317903220653534
0.12956058979034424
0.3240883946418762
-0.06817802786827087
0.051710568368434906
-0.6011013388633728
-0.08319982141256332
-0.13056613504886627
0.28955015540122986
-0.10273154079914093
0.18145421147346497
0.17890889942646027
-0.05320578068494797
0.00635062251240015
-0.13209451735019684
-0.7030075788497925
7.071586878737435e-05
0.006626357790082693
0.01876038685441017
0.03355749696493149
-0.04250563681125641
-0.004074304364621639
0.038782451301813126
0.10038803517818451
0.01395192090421915
-0.03062400221824646
-0.02978365123271942
0.0009039613651111722
-0.051615048199892044
-0.013104040175676346
-0.01468749437481165
0.022801227867603302
0.007294246461242437
0.05170075222849846
-0.2830309569835663
-0.19137172400951385
-0.3246973752975464
-0.5391846299171448
0.097480408847332
0.014878450892865658
0.6429533958435059
-0.4924386739730835
-0.1280939280986786
0.04188326373696327
0.1977386176586151
0.07336053252220154
0.054349202662706375
0.15105141699314117
-0.5565156936645508
-0.5731000900268555
-0.8027631044387817
-0.44577908515930176
-0.3707684874534607
-1.4457485675811768
-0.8136405944824219
-0.24536365270614624
0.10453127324581146
-0.7759007215499878
-0.565244197845459
-0.6449047923088074
0.09860609471797943
0.00010846235818462446
-0.7816594839096069
-0.5819814205169678
-0.695376455783844
-0.027006451040506363
0.26256948709487915
0.01808960735797882
-0.35011589527130127
-0.2634468078613281
0.043569415807724
-0.1635090559720993
0.1176924929022789
-0.0032856978941708803
0.07279552519321442
-0.4668097198009491
0.07221880555152893
-0.5268290042877197
-0.06308791041374207
-0.4345792829990387
0.09168722480535507
0.7538022398948669
0.18300296366214752
-0.0057001919485628605
-0.39761438965797424
0.23655171692371368
0.04225805029273033
-0.08220744132995605
0.027338234707713127
-0.09586340188980103
0.059208691120147705
-0.5376017689704895
-0.021463192999362946
0.04189104586839676
0.35616570711135864
-0.16199564933776855
0.055234868079423904
0.11240356415510178
0.5674333572387695
0.28202223777770996
0.05105873569846153
-0.5273779034614563
0.20975716412067413
0.11153700202703476
0.17471463978290558
-0.1105872094631195
-0.11163222789764404
-0.35067424178123474
0.18538673222064972
-0.006204427685588598
-0.011937028728425503
0.14632192254066467
-0.4391012191772461
-0.0859457403421402
0.16568760573863983
-0.01768379472196102
0.05304025858640671
-0.45095229148864746
0.045634642243385315
-0.08968909084796906
0.13300666213035583
0.12026940286159515
0.24749022722244263
-0.42002299427986145
-0.026913093402981758
-0.08452687412500381
-0.15777815878391266
-0.32001200318336487
-0.0033375874627381563
0.021367358043789864
-0.0724833756685257
0.07851333171129227
0.07340148091316223
-0.058439094573259354
0.0004551784659270197
0.008116049692034721
0.04227851331233978
-0.028761334717273712
-0.018243558704853058
0.04204007610678673
0.03851654380559921
0.027507416903972626
0.003281716722995043
0.18934635818004608
-0.5036167502403259
0.12513583898544312
-0.07720725983381271
-0.21742643415927887
-0.36310386657714844
-0.1939793825149536
-0.12916529178619385
-0.2999507486820221
0.038361918181180954
0.049532003700733185
0.3670704960823059
-0.7010701298713684
0.07051548361778259
-0.7437711358070374
-0.292377769947052
0.1740066111087799
0.26084452867507935
-0.17386505007743835
-0.5936545133590698
-0.26803871989250183
-0.8005449771881104
-0.5946367979049683
-0.10095424950122833
0.1582423597574234
-0.3473604619503021
-0.7257511615753174
-0.7789247035980225
-0.15481017529964447
-0.03422756865620613
0.03785942867398262
0.05179714411497116
-1.005724310874939
-0.6002923250198364
-0.474993497133255
-0.2936365306377411
-0.5896112322807312
-0.21194374561309814
-1.671555757522583
-0.8471783995628357
-0.4919043779373169
-0.2747359275817871
-1.0193219184875488
-0.559677004814148
-0.5555847883224487
-0.08021964877843857
-0.10202774405479431
-0.4247131943702698
-0.7735785245895386
-0.4826543629169464
0.4603404104709625
0.2513219118118286
-0.5070357322692871
-0.46466824412345886
-0.7952207326889038
-0.15557464957237244
-0.10411353409290314
0.05128246545791626
-0.529553234577179
-0.5082194805145264
-0.779120683670044
-0.1654413938522339
-0.3066824674606323
-0.0537869893014431
-0.4677106440067291
-0.03750723972916603
-0.019286932423710823
-0.004799796734005213
0.0026641914155334234
0.02098453789949417
0.019430527463555336
-0.08889367431402206
-0.06504112482070923
-0.036360807716846466
-0.06080079451203346
0.023240117356181145
-0.006223564967513084
0.0484180673956871
0.04602598026394844
-0.01831728219985962
0.037341080605983734
0.020334718748927116
0.27531641721725464
0.12049558013677597
-0.041455235332250595
-0.43846288323402405
-0.24175631999969482
0.12532618641853333
-0.2538219094276428
0.35676711797714233
0.04631837084889412
-0.0453183688223362
-0.6877403259277344
0.08439738303422928
-0.14291703701019287
0.08694174885749817
-0.42418673634529114
-0.03226466104388237
0.1501430869102478
0.363148033618927
0.1482316255569458
0.49563679099082947
-0.5400211811065674
-0.003480656770989299
0.019098171964287758
0.5996456742286682
0.019515007734298706
0.2008584439754486
0.15337352454662323
0.007856080308556557
-0.04927906021475792
0.06697292625904083
0.1438959836959839
-0.3444918990135193
-0.2045334130525589
-0.16484571993350983
-0.12880204617977142
0.09166070818901062
-1.0599538087844849
-0.4577226936817169
-0.20064695179462433
0.4562387466430664
-0.18044976890087128
-0.3173365294933319
-0.13580071926116943
0.13645349442958832
0.027209633961319923
-0.5960113406181335
-0.5549138784408569
-0.03353413566946983
0.0047006928361952305
0.0017103126738220453
0.02994401380419731
-0.04403826221823692
0.07688221335411072
0.06569298356771469
0.07989863306283951
0.038829606026411057
-0.05907922983169556
-0.052740756422281265
-0.0021600567270070314
-0.013454956002533436
0.025146154686808586
0.0010254164226353168
-0.0769333615899086
-0.08691144734621048
0.6383181214332581
0.4014994502067566
-0.040319301187992096
-0.7117596864700317
0.11986547708511353
-0.07493999600410461
-0.11815043538808823
0.05130244046449661
0.008626439608633518
0.18099083006381989
-0.7294085025787354
0.04040461406111717
-0.08104806393384933
0.21143300831317902
-0.37885281443595886
0.14322002232074738
0.3859623372554779
-0.1884590983390808
-0.08908939361572266
-0.31745645403862
-0.5823230743408203
0.12804877758026123
-0.11370426416397095
0.3564137816429138
-0.3916364312171936
0.002362640807405114
-0.18779799342155457
0.011590530164539814
0.1552468240261078
0.28164538741111755
-0.16667690873146057
0.054447196424007416
0.05625442415475845
0.06509055942296982
-0.011906479485332966
-0.020633909851312637
-0.015777455642819405
0.04737650603055954
-0.0942416787147522
0.004472600296139717
-0.023080941289663315
0.03385603427886963
0.06912639737129211
0.0206145029515028
-0.014905550517141819
-0.08333299309015274
-0.008916929364204407
0.005268566310405731
-0.001503586769104004
-0.05182253196835518
-0.04167259484529495
0.015612587332725525
0.024851243942975998
0.041187550872564316
-0.0008587650954723358
0.007366923149675131
-0.020336518064141273
0.0913526639342308
0.05876242741942406
-0.05081750825047493
-0.06571550667285919
0.025628309696912766
0.032067954540252686
-0.5145031213760376
-0.7169882655143738
-0.7598167061805725
-0.6705834865570068
-0.31252217292785645
-2.065143585205078
-0.7275482416152954
-0.16167014837265015
-0.3577708303928375
-1.247105360031128
-0.8345367312431335
-0.244821697473526
-0.06726868450641632
-0.1386696994304657
-0.5680810809135437
-1.0153961181640625
0.09175752848386765
-0.5593812465667725
0.5799347758293152
0.36896422505378723
0.2203836739063263
-0.48644837737083435
-0.11287298798561096
-0.18704767525196075
0.4647808372974396
-0.07946854829788208
-0.028179479762911797
0.35371166467666626
0.024108251556754112
0.11671905964612961
-0.5060244202613831
-0.19977103173732758
-0.04219871386885643
-0.003191629657521844
0.5562931895256042
0.24142864346504211
0.1681358814239502
-0.21568718552589417
0.03839586675167084
0.047601498663425446
0.025258749723434448
-0.015778008848428726
0.03320665657520294
0.0452115423977375
0.20947310328483582
-0.06831872463226318
0.0025458927266299725
0.1679873913526535
-1.093993067741394
-0.3967820703983307
-0.36489245295524597
-0.16114157438278198
-0.4250694513320923
-0.6472446322441101
-0.8874037861824036
-0.6505465507507324
0.021845189854502678
-0.31103917956352234
-0.07728968560695648
-1.5639188289642334
0.08851908147335052
-0.5065714716911316
-1.0775035619735718
-1.3711305856704712
0.06750950962305069
0.2238810509443283
0.4143207371234894
0.00386176654137671
-0.5378826260566711
0.06684481352567673
0.05235934257507324
-0.08779791742563248
-0.25013548135757446
-0.06589480489492416
0.12872853875160217
-0.5439805388450623
-0.03037126362323761
-0.045559510588645935
0.2685937285423279
0.029359135776758194
-0.42386674880981445
-0.06084122881293297
0.146559476852417
0.693307101726532
-0.18139760196208954
-0.7261610627174377
-0.2489577829837799
-0.4986715614795685
0.04232313856482506
-0.2109299898147583
-0.11815617978572845
-0.9497021436691284
0.07397551089525223
-0.33026599884033203
-0.30140599608421326
-0.7972514033317566
-0.12291855365037918
0.19147175550460815
0.07175813615322113
-0.07155712693929672
-0.7568142414093018
0.0881059393286705
0.10206162929534912
-0.21279394626617432
0.0639415830373764
-0.10989227145910263
0.1387893110513687
-0.4452618956565857
-0.03213514760136604
-0.09869375079870224
0.04902495816349983
-0.16811451315879822
0.26300400495529175
0.22192347049713135
-0.1654614955186844
0.4847608506679535
-0.13337267935276031
-0.09089797735214233
0.06055189669132233
0.06783797591924667
-0.08422864973545074
-0.057040728628635406
-0.08130848407745361
-0.0038102741818875074
0.10096205025911331
-0.1287544220685959
-0.048595186322927475
-0.3297322392463684
-0.4794906675815582
0.7945230603218079
0.46611514687538147
-0.10292932391166687
-0.5836597084999084
-0.3410561680793762
-0.22041377425193787
-0.4058801233768463
-0.4585573673248291
0.14942781627178192
0.5315446257591248
-0.0811409056186676
0.06034943833947182
-0.33855220675468445
-0.5918127298355103
-0.4898337423801422
0.24602848291397095
0.2500823140144348
0.030486050993204117
-0.05493173003196716
-0.577128529548645
0.15267634391784668
0.05524827912449837
-0.13212992250919342
-0.0922296866774559
-0.14041617512702942
0.16835139691829681
-0.44730615615844727
-0.033555638045072556
-0.002136401366442442
0.29038387537002563
-0.07308828830718994
0.1286853700876236
0.10448387265205383
0.3539225459098816
-0.04635674133896828
0.09291364252567291
-0.7239097952842712
-0.0426870658993721
-0.16360358893871307
0.287431001663208
0.023535091429948807
0.24162250757217407
0.41447892785072327
-0.009585113264620304
-0.01971220038831234
-0.16112056374549866
-0.8805534839630127
-0.009865200147032738
-0.00032809600816108286
-0.007399725262075663
-0.008847652934491634
0.04303950071334839
-0.03125591576099396
0.001391609781421721
0.012724418193101883
0.0015386984450742602
0.00463731586933136
0.012955721467733383
0.006095380522310734
-0.00131733319722116
-0.014146215282380581
0.034357938915491104
-0.06417189538478851
-0.045473530888557434
0.1621793657541275
-0.2587931752204895
-0.25620582699775696
-0.3005387783050537
-0.5830250978469849
0.11286558210849762
0.05134684965014458
0.6327047348022461
-0.5185434818267822
-0.028651408851146698
0.007911665365099907
0.11747564375400543
0.00695239519700408
0.02120077610015869
0.05510792136192322
-0.7192429304122925
-0.5912641882896423
-0.8352922201156616
-0.2833687365055084
-0.4877328872680664
-1.81056547164917
-0.7458366751670837
-0.16433186829090118
0.08232605457305908
-1.0435945987701416
-0.5646026134490967
-0.5255091786384583
0.1381029486656189
0.019336307421326637
-0.672620415687561
-0.4368983805179596
-0.7137874364852905
-0.05118396505713463
0.3104046881198883
-0.0671071708202362
-0.2584322988986969
-0.15727007389068604
0.06823931634426117
-0.3029390275478363
0.14961424469947815
0.07811529189348221
0.05303162336349487
-0.48328861594200134
0.05070381984114647
-0.46984708309173584
-0.001317107118666172
-0.2735026180744171
0.04355476051568985
0.7452683448791504
0.31722015142440796
-0.11623410880565643
-0.640112042427063
0.22460722923278809
0.09097655862569809
-0.16930308938026428
-0.014776685275137424
-0.1592327058315277
0.13757096230983734
-0.6346241235733032
-0.027441293001174927
0.03624658286571503
0.41663745045661926
-0.18430709838867188
0.06146902218461037
0.18730001151561737
0.5560401678085327
0.37551888823509216
0.03141425922513008
-0.6075630784034729
0.11404743045568466
0.1228991448879242
0.38173094391822815
-0.08896683156490326
-0.06403937190771103
-0.29038572311401367
0.24024716019630432
-0.021196428686380386
0.0320655032992363
0.23701176047325134
-0.1879129856824875
-0.07814053446054459
0.17040127515792847
0.08378080278635025
0.04331960156559944
-0.529879629611969
-0.01925813779234886
-0.15250147879123688
0.04916135594248772
0.08070506900548935
0.15813161432743073
-0.33942538499832153
0.016635866835713387
-0.012830977328121662
-0.03394727781414986
-0.2392415702342987
0.061148032546043396
0.08375313878059387
0.0034355451352894306
0.06056983396410942
-0.07708746939897537
-0.09416648000478745
-0.05183468386530876
0.04924238100647926
0.06646115332841873
-0.00803907960653305
-0.015883896499872208
0.014873036183416843
0.0344400592148304
0.025935743004083633
0.014983267523348331
0.11663590371608734
-0.6574588418006897
0.07628418505191803
0.07963443547487259
-0.19228482246398926
-0.47096705436706543
-0.26229140162467957
-0.13306111097335815
-0.5572569966316223
-0.044872451573610306
-0.017859840765595436
0.4055808186531067
-0.7640575766563416
0.036049071699380875
-0.7204899191856384
-0.3752776086330414
0.2352779060602188
0.2870270311832428
-0.2230716198682785
-0.5831997394561768
-0.18813905119895935
-0.6839571595191956
-0.5423304438591003
-0.09137487411499023
0.1683545559644699
-0.36250853538513184
-0.7156753540039062
-0.728958010673523
-0.28165245056152344
-0.006219509523361921
0.028275016695261
0.004232726525515318
-1.0091702938079834
-0.5903199315071106
-0.45505914092063904
-0.2425691783428192
-0.506199300289154
-0.11386054754257202
-1.9491571187973022
-0.8063427805900574
-0.4663097560405731
-0.2120065987110138
-1.2024203538894653
-0.6776923537254333
-0.6135039925575256
-0.07505199313163757
-0.15640108287334442
-0.32767385244369507
-0.5608691573143005
-0.5484806299209595
0.4830096662044525
0.20102301239967346
-0.4155425727367401
-0.4678504168987274
-1.0134379863739014
-0.19686275720596313
-0.15307001769542694
0.08618360757827759
-0.5078975558280945
-0.39697444438934326
-0.9958823919296265
-0.1721041351556778
-0.3528747856616974
0.030979612842202187
-0.49496278166770935
0.06552422791719437
0.015572338365018368
0.04704412817955017
0.03296230360865593
-0.032259512692689896
0.05352531746029854
-0.036606691777706146
-0.0002556766557972878
-0.014707949943840504
0.028295429423451424
-0.01225334219634533
-0.016685260459780693
0.036905206739902496
-0.0024615658912807703
-0.04487045481801033
-0.01879088208079338
0.14621633291244507
0.26018068194389343
0.08851663023233414
-0.009524893015623093
-0.4395964741706848
-0.1522560566663742
0.11882617324590683
-0.3219061493873596
0.3057940900325775
-0.032987214624881744
0.05779988318681717
-0.7732297778129578
0.13035701215267181
-0.2381095588207245
0.14661520719528198
-0.4450889825820923
0.06053757295012474
0.09966098517179489
0.4199366569519043
0.1341082900762558
0.6576205492019653
-0.5505330562591553
0.07834923267364502
0.03531886637210846
0.4743923842906952
0.007516928482800722
0.1758069396018982
0.17335200309753418
0.08948804438114166
-0.09261131286621094
0.1278630942106247
0.06710990518331528
-0.36366042494773865
-0.17036698758602142
-0.20648624002933502
-0.0673259049654007
0.06276293843984604
-1.1472382545471191
-0.503483772277832
-0.19604907929897308
0.31022074818611145
-0.17142681777477264
-0.2729625999927521
0.07106101512908936
0.1261199414730072
-0.04759784787893295
-0.5871535539627075
-0.5232588052749634
-0.030727166682481766
-0.017264725640416145
-0.014441822655498981
0.00011233150871703401
-0.0010829826351255178
0.0374295748770237
0.05111929029226303
0.009320586919784546
0.05813821032643318
-0.0036616921424865723
-0.019846012815833092
0.010630704462528229
-0.00332844746299088
-0.008619943633675575
-0.005176891572773457
-0.06087714806199074
-0.16818229854106903
0.6585224270820618
0.4631117284297943
0.004019837826490402
-0.8376407623291016
0.17484167218208313
-0.03753550350666046
-0.20169317722320557
0.04890052229166031
-0.08715959638357162
0.17042642831802368
-0.7372394800186157
0.0532221756875515
-0.02768315188586712
0.28179335594177246
-0.3395315706729889
0.2001097947359085
0.29168465733528137
-0.18776917457580566
0.02186466194689274
-0.2521408498287201
-0.6431835293769836
0.17795225977897644
-0.03951754420995712
0.27550208568573
-0.6473146677017212
0.025411218404769897
-0.21323730051517487
0.10107432305812836
0.17794080078601837
0.32396408915519714
0.0016621926333755255
0.09417545795440674
0.012194892391562462
-0.03337370231747627
-0.012537995353341103
-0.02677858993411064
-0.07956717163324356
-0.05558256804943085
-0.07349959015846252
0.0411343052983284
0.0493074432015419
0.09239797294139862
0.033052973449230194
0.054937031120061874
-0.010759610682725906
-0.002045525936409831
-0.013144089840352535
0.10265568643808365
0.01011640578508377
-0.02277335710823536
-0.029064413160085678
-0.02281462959945202
0.03442370146512985
0.025896940380334854
-0.014957841485738754
-0.000636145006865263
-0.044425852596759796
0.015767047181725502
-0.05499400943517685
-0.05007023736834526
0.053416140377521515
-0.03892940655350685
0.01544121652841568
0.2623792588710785
0.37607255578041077
0.9398643374443054
0.9811633229255676
0.9940135478973389
1.6086664199829102
0.1529267579317093
0.15070319175720215
0.9419564008712769
0.8922060132026672
0.11287183314561844
0.15084517002105713
0.3865395188331604
0.20890496671199799
-0.04156781733036041
0.831153929233551
0.004703146871179342
0.3425248861312866
-0.2919561564922333
-0.21713215112686157
-0.003090145532041788
0.3007397949695587
-0.0435466431081295
0.2898416221141815
-0.06270705163478851
0.03301534801721573
-0.1702059656381607
-0.03783901780843735
-0.023223713040351868
-0.1577170342206955
0.42475444078445435
0.31210219860076904
0.05353732779622078
-0.010426959954202175
-0.3451962471008301
-0.19315694272518158
-0.303830087184906
0.28771668672561646
0.06687616556882858
-0.037339575588703156
0.04867139086127281
-0.024986471980810165
-0.04431093856692314
0.02381741628050804
-0.1905571073293686
0.11400122940540314
0.05528658255934715
-0.1718427985906601
0.5362186431884766
0.23724469542503357
-0.1249016746878624
0.02719893306493759
1.0620331764221191
-0.31584662199020386
0.1850515604019165
0.7404010891914368
0.10005960613489151
0.024488413706421852
-0.021584494039416313
1.4810632467269897
-0.10465403646230698
-0.06564562022686005
0.7310841679573059
0.8403632044792175
-0.09238254278898239
-0.052142929285764694
-0.14418074488639832
0.022018572315573692
0.26021137833595276
-0.15191468596458435
-0.13950508832931519
0.07833576947450638
0.23086224496364594
0.01042933575809002
-0.12538382411003113
0.31800782680511475
0.022190196439623833
-0.17412059009075165
-0.060116738080978394
-0.15686027705669403
-0.07146178930997849
0.1503174901008606
0.19887395203113556
-0.11949249356985092
0.8858670592308044
-0.18879954516887665
-0.4250430166721344
0.32268816232681274
0.4017558693885803
-0.05884344130754471
0.15134358406066895
1.162298560142517
-0.13167278468608856
-0.2189178764820099
0.10172776877880096
0.6432687044143677
0.03062104620039463
-0.06809788197278976
-0.19712106883525848
0.15517236292362213
0.4593217074871063
-0.313578724861145
-0.05099467933177948
0.3095027804374695
0.02393232472240925
0.06981944292783737
0.08947302401065826
0.4672672152519226
-0.02917444333434105
-0.0793561339378357
0.052318427711725235
-0.17257161438465118
-0.08592009544372559
0.0758020430803299
0.39856311678886414
0.1197885200381279
0.6014731526374817
0.06507086008787155
-0.35207459330558777
-0.18271109461784363
0.39797788858413696
-0.16218054294586182
-0.210691899061203
0.3473943769931793
0.14868760108947754
0.059730079025030136
-0.07032056897878647
0.37510624527931213
0.11404740810394287
-0.2808227241039276
-0.03540084511041641
0.23920968174934387
0.2803690731525421
0.20396551489830017
0.338661789894104
0.3514014780521393
0.4591066241264343
-0.3810206353664398
-0.4004509747028351
0.01206448394805193
0.052173107862472534
-0.111311174929142
0.7799993753433228
0.17362850904464722
-0.13256248831748962
-0.04724441096186638
0.03312050923705101
-0.0330340638756752
0.2718513607978821
-0.3095366954803467
-0.056027788668870926
0.12905162572860718
-0.04402671381831169
0.06802592426538467
-0.13454999029636383
0.299129843711853
0.02306743897497654
-0.22221839427947998
-0.13078027963638306
-0.08703548461198807
-0.24348925054073334
0.34261733293533325
-0.39683985710144043
-0.009285759180784225
0.06506957858800888
0.40151894092559814
0.07362711429595947
0.31421545147895813
-0.042314235121011734
-0.10525019466876984
-0.19382312893867493
-0.3244662880897522
0.0063222795724868774
-0.04916061460971832
0.13234582543373108
0.7080060839653015
0.0037210818845778704
-0.0026123891584575176
0.05278549715876579
-0.018613256514072418
-0.00898434966802597
-0.005223595537245274
-0.021794363856315613
0.0274956077337265
0.036291953176259995
0.0349397249519825
0.0434439443051815
-0.030075130984187126
0.021350398659706116
-0.01348477229475975
-0.0735979899764061
0.028352268040180206
-0.0014827827690169215
-0.03992103412747383
0.28875479102134705
0.14164301753044128
0.15813854336738586
0.5384688377380371
-0.036882512271404266
0.036191947758197784
-0.6110005378723145
0.5785834193229675
-0.153849259018898
-0.015354961156845093
-0.05786269158124924
-0.042435772716999054
-0.024260029196739197
-0.12362261861562729
0.6976411938667297
0.5027163028717041
0.840884268283844
0.6602915525436401
0.8527199625968933
1.1772710084915161
-0.005897188559174538
0.11847513914108276
0.5960190892219543
0.4870956540107727
-0.23823456466197968
0.6450255513191223
-0.007130027282983065
-0.09651707112789154
0.24383170902729034
0.23786021769046783
0.31567373871803284
0.0688210129737854
-0.15700705349445343
0.03883780911564827
0.5156916975975037
-0.282733678817749
-0.33319661021232605
0.5174458026885986
0.12753398716449738
-0.11955887079238892
0.14861954748630524
0.4822223484516144
-0.11101685464382172
-0.024989325553178787
0.054330989718437195
0.02038511633872986
-0.03407416492700577
-0.22225411236286163
-0.2280334234237671
0.08540502190589905
0.36672893166542053
-0.35739079117774963
-0.02399822138249874
0.06986730545759201
0.06867849081754684
0.020088978111743927
-0.12163017690181732
0.33975130319595337
0.04328517988324165
-0.21127603948116302
-0.23331399261951447
-0.04250272735953331
-0.0063051446340978146
-0.1792602390050888
-0.03192565590143204
0.0634722039103508
-0.197964608669281
0.22273924946784973
-0.1937841922044754
-0.07044410705566406
-0.017949247732758522
0.04707838594913483
-0.11150530725717545
-0.05212616175413132
-0.04844779893755913
-0.014382028952240944
-0.027565518394112587
-0.055493153631687164
0.23440922796726227
0.19778770208358765
0.08656152337789536
0.09720025956630707
0.31895047426223755
-0.0927283838391304
-0.16070345044136047
0.10032417625188828
-0.006645353976637125
-0.2063874900341034
-0.0067723216488957405
0.5155717730522156
-0.02480059675872326
-0.2006089836359024
0.016888003796339035
0.2878057658672333
-0.007377627771347761
-0.114075668156147
0.1352921575307846
0.027504436671733856
-0.03409707918763161
0.21071791648864746
-0.0040033599361777306
-0.023312630131840706
0.06505624949932098
0.043272655457258224
0.06352675706148148
-0.03318484127521515
-0.0062160431407392025
-0.07143998146057129
0.028309151530265808
-0.030706487596035004
0.4950362741947174
-0.23089110851287842
0.011415808461606503
0.26146113872528076
0.4455776512622833
0.07454375177621841
0.23882301151752472
0.4655851721763611
0.008836002089083195
-0.17660604417324066
-0.17683783173561096
0.7338651418685913
0.06466376781463623
0.5496997237205505
0.3939000070095062
-0.3225948214530945
-0.24357736110687256
0.33903607726097107
0.7741795182228088
0.4716203212738037
0.8280069828033447
0.5787379145622253
0.03547099605202675
-0.14351440966129303
1.178202748298645
0.03424086421728134
0.22973273694515228
0.1026909276843071
0.3419744670391083
-0.27605584263801575
-0.06083684787154198
0.9054434895515442
0.42849475145339966
0.6618883609771729
0.6865450739860535
0.7886300683021545
0.7500898838043213
1.4570930004119873
0.24188682436943054
0.029471302404999733
1.156327247619629
0.6560533046722412
-0.022086702287197113
0.6381793022155762
0.2547011375427246
0.09041408449411392
-0.09637871384620667
0.606669008731842
0.26158595085144043
-0.18561367690563202
0.3882479667663574
0.7665708661079407
0.466678261756897
0.0012833146611228585
0.36391228437423706
0.17862041294574738
0.19249095022678375
0.42469117045402527
0.11517363041639328
0.5444515347480774
0.5591486692428589
0.12755656242370605
-0.0357433445751667
0.2173226922750473
0.008333241567015648
0.06913718581199646
-0.035117458552122116
0.027042802423238754
0.0438830740749836
0.05306313559412956
-0.01320992037653923
0.061272360384464264
-0.04421354830265045
-0.014474361203610897
0.023681210353970528
0.05335363745689392
-0.06409308314323425
-0.014453570358455181
-0.03291204944252968
-0.027801554650068283
-0.3323400616645813
0.1467117816209793
0.10021432489156723
0.042749952524900436
0.5902276039123535
-0.349363774061203
-0.3577510714530945
0.3991198241710663
-0.06374485790729523
-0.0449550487101078
0.2595230042934418
0.8466364145278931
-0.04899536818265915
-0.08030039072036743
-0.08573699742555618
0.34826159477233887
-0.08625990897417068
-0.14323385059833527
0.008847562596201897
-0.057861290872097015
-0.3177623152732849
0.2570704519748688
-0.1632758378982544
-0.12707774341106415
-0.19473451375961304
-0.05997811630368233
-0.10588046163320541
-0.06176450848579407
-0.00032198865665122867
-0.04249369725584984
-0.204922616481781
-0.13564248383045197
0.10297783464193344
0.24365010857582092
0.2583024203777313
0.40719857811927795
0.6209861040115356
0.930683434009552
0.05641746520996094
0.20924367010593414
0.10798120498657227
-0.09013281762599945
-0.14763250946998596
0.13801750540733337
-0.020130665972828865
-0.05871927738189697
0.2908938229084015
0.8673617839813232
0.02020416222512722
0.028476251289248466
0.04995456337928772
0.002527521690353751
0.012188075110316277
0.004959702957421541
-0.010236452333629131
0.0558195635676384
0.06527629494667053
-0.04700050130486488
0.01686759479343891
-0.05692335218191147
-0.0690029188990593
0.026000984013080597
-0.006017112638801336
-0.0337727889418602
0.11313680559396744
-0.16844792664051056
-0.09734848141670227
0.13204501569271088
0.28792089223861694
-0.3619871437549591
0.1319643259048462
0.2744051516056061
-0.04070756956934929
-0.10856663435697556
-0.2010050266981125
0.638755202293396
-0.04632854834198952
-0.18056589365005493
-0.13481105864048004
0.004940950311720371
-0.24743808805942535
-0.08453989773988724
0.3031723201274872
0.08614490926265717
0.28285765647888184
0.11933328211307526
-0.15609616041183472
0.1376330852508545
-0.11237876117229462
0.28836995363235474
-0.19256673753261566
0.043100785464048386
0.06612207740545273
-0.2927182614803314
-0.11777406930923462
0.020183833315968513
-0.03995300456881523
-0.028320161625742912
-0.060122936964035034
0.003693467006087303
-0.08570142835378647
0.0027328149881213903
-0.023704206570982933
-0.029649127274751663
-0.05968653783202171
-0.019340893253684044
0.04490883648395538
-0.03589745983481407
0.0009305514395236969
-0.01912154071033001
0.06205026060342789
-0.00764553714543581
-0.022126780822873116
0.03791675344109535
0.0029568856116384268
-0.07588595151901245
-0.00599292479455471
-0.020769799128174782
0.0596422404050827
-0.0018034243257716298
0.034160055220127106
0.10758692026138306
-0.0511045902967453
-0.02369256131350994
-0.005684548988938332
-0.043407879769802094
0.006381155923008919
0.0062345783226192
0.3756592273712158
0.5317943096160889
0.7033228874206543
1.0184071063995361
1.0598223209381104
1.6628121137619019
-0.1530880182981491
0.1969272941350937
0.9078493118286133
0.8257942199707031
0.13206669688224792
0.5187407732009888
0.3454364836215973
0.1505049467086792
0.8750787973403931
1.269503116607666
0.038158513605594635
0.23746030032634735
-0.2107107937335968
-0.19539774954319
0.01876397244632244
0.314154714345932
-0.18120181560516357
0.09535980969667435
0.021332599222660065
0.005338404327630997
0.13544383645057678
0.02426263317465782
0.019324975088238716
-0.13491961359977722
0.5646070837974548
0.1377088576555252
0.035697728395462036
0.06663312017917633
-0.2641936242580414
-0.2235794961452484
-0.31062936782836914
0.46677735447883606
-0.05490469932556152
-0.02366086095571518
0.1419961303472519
-0.03909946605563164
-0.0770130380988121
0.050885532051324844
-0.22311624884605408
-0.023361865431070328
-0.04979665204882622
-0.17409557104110718
0.48501038551330566
0.19725669920444489
-0.14336887001991272
0.021045342087745667
0.9535117745399475
-0.033364437520504
0.31891918182373047
0.7013985514640808
0.15599340200424194
0.5002945065498352
0.5298328399658203
1.8670748472213745
-0.03302435949444771
0.8056407570838928
1.2681596279144287
1.4770625829696655
-0.07677194476127625
-0.06636559963226318
-0.17451345920562744
0.04537772387266159
0.21475929021835327
-0.2546307146549225
-0.10640480369329453
0.15049536526203156
0.24471697211265564
-0.0005277781747281551
-0.11514081060886383
0.41662442684173584
0.045627009123563766
0.06730608642101288
0.0016343576135113835
0.011262432672083378
-0.08195393532514572
-0.03937041386961937
0.1864021271467209
-0.29072290658950806
0.8388528823852539
0.024984562769532204
-0.20498965680599213
0.06258273124694824
0.40272238850593567
-0.020069420337677002
0.2042391300201416
1.2828240394592285
-0.15248237550258636
0.263433575630188
0.7256743311882019
1.2155070304870605
0.020520580932497978
-0.11327411234378815
-0.2074447125196457
0.046621356159448624
0.418748140335083
-0.24245209991931915
-0.07716453075408936
0.1922457367181778
0.021335136145353317
0.05186901614069939
-0.0702434778213501
0.36304375529289246
-0.04854463413357735
0.2937997877597809
0.03525582328438759
0.16121380031108856
-0.01547217182815075
0.11785872280597687
0.2659766972064972
0.07175367325544357
0.6624495983123779
0.038657888770103455
-0.33699557185173035
-0.2062874436378479
0.3993954658508301
0.004133698996156454
-0.13097724318504333
0.35079121589660645
0.04736335948109627
0.09729810804128647
0.24393291771411896
0.4880474805831909
0.3587954044342041
-0.30785754323005676
-0.009062998928129673
0.13380548357963562
0.3863411545753479
0.17807812988758087
0.3299337327480316
0.30040937662124634
0.4130481779575348
-0.22420887649059296
-0.3032401204109192
0.18939727544784546
-0.02506095916032791
0.27341902256011963
0.6989783644676208
0.2558838427066803
-0.23168747127056122
-0.14150461554527283
-0.011135679669678211
0.016130642965435982
0.2274130880832672
-0.22587306797504425
-0.10809332877397537
0.07991490513086319
0.023260250687599182
0.014917654916644096
-0.02403993532061577
0.3054649829864502
0.07761580497026443
-0.016262618824839592
-0.03353900462388992
-0.009763723239302635
-0.10652194917201996
0.22647283971309662
-0.319374144077301
0.031420156359672546
0.08115405589342117
0.2920386493206024
0.02535940520465374
0.18169912695884705
-0.11801405251026154
-0.23711365461349487
0.05281424894928932
0.06312881410121918
-0.024659538641572
0.09033435583114624
0.5012840032577515
0.6216429471969604
0.021359238773584366
-0.03309163078665733
0.004166133236140013
-0.0325663685798645
-0.0023044669069349766
-0.015062130056321621
0.031007980927824974
0.018361078575253487
-0.040081847459077835
0.07120997458696365
0.014513649977743626
-0.019864240661263466
0.027217388153076172
-0.09483305364847183
0.025520751252770424
0.021978547796607018
-0.004083591513335705
0.010468799620866776
0.31939995288848877
0.17598940432071686
0.12495911121368408
0.6286243200302124
-0.07430852949619293
-0.00398650486022234
-0.5268884897232056
0.6690176725387573
-0.1582397222518921
0.09657885879278183
-0.18274325132369995
-0.052072081714868546
0.07244198769330978
-0.12423644959926605
0.719651460647583
0.5554320216178894
0.5399161577224731
0.601621687412262
0.9230316877365112
1.2072813510894775
-0.028628958389163017
0.15885500609874725
0.6360034346580505
0.5816143751144409
0.06648887693881989
1.0910719633102417
0.02138114720582962
-0.011141007766127586
0.677967369556427
0.7861903309822083
0.4635560214519501
0.005998789798468351
-0.09954621642827988
0.03314981609582901
0.4265070855617523
-0.001628998899832368
-0.05637871474027634
0.40961822867393494
0.06195394694805145
0.03685948625206947
0.08672741800546646
0.6209341883659363
-0.0776563212275505
0.48107394576072693
0.0333879292011261
0.49765658378601074
-0.10803761333227158
-0.23166248202323914
-0.2028537094593048
0.03859206661581993
0.3383047580718994
-0.3605797588825226
-0.07701455056667328
0.1337691843509674
-0.01309438981115818
0.027071701362729073
-0.04351961985230446
0.39873361587524414
0.03102109208703041
0.03032849170267582
-0.26181715726852417
0.2095245122909546
-0.04985558241605759
-0.09634847939014435
-0.10699868947267532
-0.014699045568704605
-0.1476413607597351
0.10469797253608704
-0.17166168987751007
-0.15562430024147034
0.04301425814628601
0.2682384252548218
-0.2292281538248062
-0.04654711112380028
-0.034449540078639984
0.03196348249912262
0.09113308042287827
0.09796687215566635
0.2581512928009033
0.1889125555753708
0.024871045723557472
0.05958599969744682
0.20537003874778748
-0.01164531521499157
-0.30608633160591125
0.07737375050783157
-0.1073867604136467
-0.18192802369594574
-0.03995097801089287
0.5313522219657898
0.01054393406957388
0.20036403834819794
0.3100906014442444
0.5170115828514099
0.03319583088159561
0.028945837169885635
0.07417459785938263
0.016678571701049805
-0.061827562749385834
0.1382109671831131
-0.010405984707176685
0.028362242504954338
-0.04409545287489891
0.01014664676040411
0.015838056802749634
-0.0009662634693086147
-0.0844411551952362
0.022667715325951576
0.05526958778500557
-0.023081790655851364
0.5746345520019531
-0.10445701330900192
-0.009731937199831009
0.19046196341514587
0.5337458848953247
-0.030853569507598877
0.12134243547916412
0.398747056722641
-0.05075258016586304
0.04517904669046402
-0.1755221039056778
0.7019167542457581
-0.054993342608213425
0.6425907611846924
0.2564723789691925
-0.26392871141433716
-0.12544655799865723
0.4412759244441986
0.6906654238700867
0.43543192744255066
0.6644123792648315
0.44334685802459717
-0.2591758668422699
-0.266487717628479
1.1525720357894897
0.17322026193141937
-0.036097586154937744
0.13689568638801575
0.18760976195335388
0.1311691403388977
0.2594090700149536
1.1146811246871948
0.39571359753608704
0.7036453485488892
0.3417957127094269
0.8351385593414307
0.726150631904602
1.522516131401062
0.19148091971874237
0.2241402566432953
1.07481050491333
0.6356110572814941
-0.024302590638399124
0.4895848333835602
0.14489254355430603
0.242856964468956
0.603750467300415
0.9000728726387024
0.23146845400333405
-0.24745626747608185
0.2540062665939331
0.8484212756156921
0.4152015745639801
0.16259214282035828
0.30639439821243286
0.22843047976493835
0.32305803894996643
0.5487860441207886
0.23203951120376587
0.4091392457485199
0.4796680510044098
0.38759270310401917
0.1404654085636139
0.8032293915748596
0.07968950271606445
-0.03147832304239273
0.07057066261768341
-0.03164806589484215
0.04593459516763687
0.0076213413849473
-0.06498183310031891
-0.07328653335571289
-0.056875817477703094
0.06634305417537689
0.038003791123628616
-0.01882193237543106
0.00876280665397644
0.06335359811782837
0.006393516901880503
0.0667964294552803
-0.30755379796028137
0.12372825294733047
0.04826103150844574
-0.04856571927666664
0.6734711527824402
-0.3044693171977997
-0.2488745003938675
0.4029850661754608
-0.1112428605556488
-0.12637443840503693
0.1551865041255951
0.9160981774330139
-0.04727161303162575
0.22229677438735962
-0.007445792201906443
0.6602554321289062
0.025124534964561462
-0.09523487091064453
-0.13540902733802795
-0.007602714467793703
-0.3642200231552124
0.18037186563014984
-0.19969984889030457
-0.04834404215216637
-0.21175362169742584
0.002250244375318289
-0.01849111169576645
-0.07439061999320984
0.06388795375823975
0.0975567102432251
-0.07522737234830856
-0.033102601766586304
0.23954114317893982
0.3242722749710083
0.2561253011226654
0.2916587293148041
0.6306768655776978
0.8876926302909851
-0.2415931224822998
0.15464024245738983
0.07096952199935913
-0.1749163120985031
0.12041953951120377
0.2827546298503876
-0.14970383048057556
0.053119681775569916
0.6478933691978455
0.7896419763565063
0.017574280500411987
-0.036751773208379745
0.02398007921874523
-0.030368924140930176
0.019459931179881096
-0.023521531373262405
-0.027244921773672104
0.06052173674106598
0.0874725878238678
0.0351591520011425
-0.01948930136859417
0.027192039415240288
0.029823215678334236
0.030984308570623398
0.01885976828634739
-0.052061013877391815
0.014034648425877094
-0.1990300863981247
-0.14589083194732666
0.0516776517033577
0.2892961800098419
-0.34643563628196716
0.01695658639073372
0.15786205232143402
0.010435928590595722
0.014166519977152348
-0.18562225997447968
0.5591240525245667
0.059773802757263184
0.1353769153356552
-0.08732064813375473
0.3124825954437256
-0.2914966642856598
-0.042407404631376266
0.25060316920280457
0.09333326667547226
0.3406701683998108
0.2151290476322174
-0.23076002299785614
-0.015549133531749249
-0.25971928238868713
0.2568489909172058
-0.2266998589038849
0.05303523689508438
-0.08704213052988052
-0.13154347240924835
-0.1293814778327942
0.21156319975852966
0.05904246121644974
0.0006048082141205668
0.033897753804922104
0.0003927914658561349
-0.00019270912162028253
0.08966634422540665
0.035324204713106155
-0.07055211812257767
-0.048858363181352615
0.03387061879038811
-0.022840207442641258
-0.016440490260720253
-0.0010772530222311616
0.005868757609277964
-0.015795789659023285
-0.0003263010294176638
0.09591767936944962
-0.064846470952034
0.057558707892894745
-0.00039096770342439413
-0.022792378440499306
-0.04938381537795067
0.05544837564229965
0.0072232941165566444
-0.037547118961811066
-0.009902525693178177
-0.038732320070266724
-0.04308219626545906
-0.005370258819311857
-0.002788565820083022
0.02523919939994812
0.038780443370342255
-0.4556567370891571
-0.6732050776481628
-0.7894760966300964
-0.5729495882987976
-0.3559914827346802
-2.037158250808716
-0.7290661334991455
-0.15593895316123962
-0.2559293806552887
-1.218989372253418
-0.8577017784118652
-0.3880327343940735
-0.15810580551624298
-0.1961808055639267
-0.6693143248558044
-1.2206361293792725
0.12274203449487686
-0.609778106212616
0.6557155847549438
0.3463967442512512
0.2314109057188034
-0.3946511447429657
-0.1125139519572258
-0.14631561934947968
0.43147844076156616
0.006986078340560198
0.017751004546880722
0.23691733181476593
0.03314853087067604
0.07469061762094498
-0.6142411828041077
-0.24980130791664124
-0.06028151884675026
-0.04769797623157501
0.6296439170837402
0.24820919334888458
0.24737675487995148
-0.15321525931358337
0.06471458822488785
0.0058529190719127655
0.03766391798853874
-0.0015812115743756294
0.033201079815626144
-0.01628870703279972
0.2162458896636963
0.07915528118610382
-0.09080979973077774
0.14973445236682892
-0.8908364772796631
-0.4552666246891022
-0.2842686176300049
-0.06188785657286644
-0.27218008041381836
-0.46537771821022034
-0.7663946747779846
-0.7392776012420654
0.05650120601058006
-0.4110250174999237
-0.14244481921195984
-1.566399335861206
0.0680479034781456
-0.6754168272018433
-1.2760356664657593
-1.4288042783737183
0.12236344814300537
0.2531994581222534
0.3760049045085907
-0.08637280017137527
-0.5046435594558716
0.12181995809078217
-0.001513515249826014
-0.20121479034423828
-0.22907154262065887
-0.04016217589378357
0.10381004214286804
-0.43565452098846436
0.05432542786002159
-0.019824380055069923
0.1752733588218689
-0.06101594492793083
-0.3413037359714508
-0.033738039433956146
0.1984928846359253
0.6453340649604797
-0.1525065153837204
-0.6702343821525574
-0.2605980336666107
-0.525650143623352
0.07667838782072067
-0.23868390917778015
-0.10200185328722
-0.938893735408783
0.13596028089523315
-0.3620532751083374
-0.4576928913593292
-0.9007900953292847
-0.20673011243343353
0.2488897740840912
0.10823754221200943
-0.01099066250026226
-0.6927257776260376
0.10146837681531906
0.05838629603385925
-0.21994102001190186
0.019864438101649284
-0.001858745003119111
0.06701207906007767
-0.569020688533783
0.0583115853369236
-0.16183452308177948
0.03407550975680351
-0.19334350526332855
0.16769109666347504
0.21879029273986816
-0.24410380423069
0.43236038088798523
-0.16765566170215607
-0.244879350066185
0.010512884706258774
0.08076927810907364
-0.15824967622756958
0.00041724974289536476
-0.18538746237754822
-0.05579798296093941
0.08772509545087814
-0.11210046708583832
-0.17929990589618683
-0.3479653298854828
-0.3691675066947937
0.7888076901435852
0.4702621102333069
-0.16484582424163818
-0.5504222512245178
-0.3354264199733734
-0.27604788541793823
-0.2318204939365387
-0.3863477408885956
0.05265544727444649
0.3015806972980499
-0.12551352381706238
0.066404327750206
-0.15639974176883698
-0.6230815649032593
-0.5415129065513611
0.2030217945575714
0.2360106259584427
0.03080764412879944
-0.05175703018903732
-0.5760418772697449
0.10526386648416519
0.03144777938723564
-0.16619347035884857
0.0003469396906439215
-0.06359164416790009
0.14673899114131927
-0.4722517728805542
0.06613153219223022
0.09369059652090073
0.24073036015033722
-0.018305571749806404
0.15165066719055176
0.13875043392181396
0.3797231912612915
-0.0048277596943080425
0.10595971345901489
-0.6478802561759949
-0.15411731600761414
-0.14810557663440704
0.3710361421108246
0.001954801380634308
0.17591673135757446
0.22811070084571838
0.04317455738782883
-0.04877310246229172
-0.2262101024389267
-0.7659550309181213
0.041239336133003235
0.030790334567427635
0.015401971526443958
0.01683708280324936
-0.006851890590041876
-0.07153316587209702
0.04525550454854965
-0.03679393231868744
-0.044981833547353745
-0.014086747542023659
-0.014012598432600498
0.03981483727693558
-0.0071221343241631985
-0.07573249936103821
-0.0400649718940258
-0.11003396660089493
-0.015732333064079285
0.18556828796863556
-0.3292046785354614
-0.07355427742004395
-0.18132935464382172
-0.6056667566299438
0.11480166018009186
-0.09083803743124008
0.5663889050483704
-0.4818171262741089
-0.0419953353703022
0.06936756521463394
0.15777556598186493
-0.012007968500256538
-0.13230764865875244
0.17473354935646057
-0.684899091720581
-0.5657820105552673
-0.7330242395401001
-0.2097153514623642
-0.3800542950630188
-1.7574443817138672
-0.8125911951065063
-0.18732354044914246
0.17998145520687103
-0.9006149172782898
-0.477363646030426
-0.6053341031074524
0.1587667167186737
0.00928414799273014
-0.709337592124939
-0.5358230471611023
-0.6463194489479065
-0.06508447229862213
0.32788974046707153
0.03383714705705643
-0.3442319929599762
-0.1364799588918686
0.08525245636701584
-0.2426416277885437
0.08573931455612183
-0.019159721210598946
0.06980952620506287
-0.5640583634376526
0.01657140627503395
-0.5272588133811951
-0.05481639504432678
-0.3090824782848358
0.12693995237350464
0.8357140421867371
0.37851008772850037
-0.037208765745162964
-0.5550004243850708
0.3119857907295227
-0.022071531042456627
-0.1475156992673874
-0.11857065558433533
-0.15341277420520782
0.1604241281747818
-0.47625383734703064
0.047968097031116486
0.002922212006524205
0.47493720054626465
-0.1527681052684784
0.16457074880599976
0.0879441350698471
0.6011548638343811
0.34746479988098145
0.10370555520057678
-0.5261355042457581
0.09271105378866196
0.21630875766277313
0.23484674096107483
-0.08050565421581268
-0.09261661022901535
-0.20692381262779236
0.13267210125923157
0.06396769732236862
-0.049503397196531296
0.16212975978851318
-0.13380680978298187
-0.03350462764501572
0.1137036383152008
0.010970231145620346
-0.016163524240255356
-0.5459222793579102
0.042994409799575806
-0.15691542625427246
0.00200893497094512
0.0813252255320549
0.21831858158111572
-0.4155605733394623
-0.008675025776028633
-0.048744700849056244
-0.057134319096803665
-0.3989695906639099
-0.01565810665488243
0.09533598273992538
-0.002486282028257847
7.96619788161479e-05
-0.008011787198483944
-0.10263365507125854
-0.03677414730191231
0.0054267835803329945
0.059370845556259155
-0.04984978586435318
0.02870662696659565
0.02842216193675995
-0.05648263916373253
-0.0016711974749341607
-0.04276227205991745
0.2951311469078064
-0.5947062969207764
0.0970221608877182
0.016664797440171242
-0.15000534057617188
-0.40580299496650696
-0.18962417542934418
-0.17262601852416992
-0.48784181475639343
0.06282009929418564
0.09026242047548294
0.41620221734046936
-0.8951447010040283
-0.060116447508335114
-0.7916662693023682
-0.4198530316352844
0.28312066197395325
0.2650107145309448
-0.08723422139883041
-0.5678672194480896
-0.08422762900590897
-0.7385430932044983
-0.5746081471443176
-0.11897865682840347
0.15812689065933228
-0.4250854253768921
-0.6427774429321289
-0.6731348633766174
-0.26384222507476807
-0.04310212284326553
0.05072975158691406
-0.026163842529058456
-1.191549301147461
-0.46489259600639343
-0.35055744647979736
-0.3229960501194
-0.3595583736896515
-0.16484950482845306
-2.034031629562378
-0.8663355112075806
-0.4482625424861908
-0.29174959659576416
-1.164982795715332
-0.5971972346305847
-0.7060742378234863
-0.15212439000606537
-0.11113910377025604
-0.5123293995857239
-0.6501696705818176
-0.5962623953819275
0.45746371150016785
0.2880997657775879
-0.32405319809913635
-0.5307911038398743
-0.851167619228363
-0.2131194919347763
-0.1051003560423851
0.1238381564617157
-0.6248440146446228
-0.3969818651676178
-0.9449118375778198
-0.1334669589996338
-0.3677772879600525
-0.054300084710121155
-0.47721195220947266
0.02359170839190483
0.015920117497444153
-0.02564512938261032
-0.050068363547325134
0.013686826452612877
0.018128516152501106
-0.011672483757138252
-0.08737723529338837
0.02403915487229824
-0.053476788103580475
0.020592091605067253
0.011832079850137234
-0.044986043125391006
-0.028112268075346947
0.008710517548024654
0.008743110112845898
0.17775022983551025
0.29780706763267517
0.15147916972637177
-0.025686250999569893
-0.5417622327804565
-0.2047470360994339
0.19468173384666443
-0.31243208050727844
0.22568245232105255
-0.0510740764439106
0.04936686158180237
-0.8402005434036255
0.19784745573997498
-0.16865625977516174
0.1377289742231369
-0.46514666080474854
0.1839611828327179
0.13359731435775757
0.35556039214134216
0.16065271198749542
0.5202711820602417
-0.5213609933853149
0.11648991703987122
-0.0037585445679724216
0.4300953447818756
-0.05589062348008156
0.16667351126670837
0.211372971534729
0.019546641036868095
0.025413312017917633
0.17537641525268555
-0.030123306438326836
-0.26682865619659424
-0.11472208797931671
-0.11365601420402527
-0.06629625707864761
0.022490328177809715
-1.2017050981521606
-0.351882666349411
-0.18459637463092804
0.37057462334632874
-0.20640318095684052
-0.4287676215171814
0.0026887115091085434
0.1592220813035965
-0.08708027005195618
-0.56880122423172
-0.7424547672271729
-0.003815261647105217
0.008958553895354271
-0.02390465699136257
0.0012183657381683588
-0.06229959428310394
-0.023629147559404373
-0.046800244599580765
0.024600353091955185
0.006364887114614248
-0.039163704961538315
0.0007601379184052348
0.09035041928291321
-0.08403361588716507
0.042812835425138474
0.10726489871740341
0.08060450106859207
-0.15929116308689117
0.7037901282310486
0.5138235092163086
-0.13515780866146088
-0.7486119866371155
0.17225007712841034
-0.06736733764410019
-0.19486962258815765
-0.02631705068051815
-0.10875201970338821
0.16498051583766937
-0.8543797135353088
0.06552517414093018
-0.03161058947443962
0.29627498984336853
-0.3402463495731354
0.19746842980384827
0.354418009519577
-0.15855394303798676
0.0007297119009308517
-0.2847353518009186
-0.611368715763092
0.16529840230941772
-0.0765540674328804
0.20212875306606293
-0.512363076210022
0.06786996871232986
-0.1289648860692978
0.08563878387212753
0.2150835543870926
0.271028071641922
-0.09338647127151489
-0.052008308470249176
0.04514828696846962
-0.054603710770606995
0.03590918704867363
0.02232625149190426
0.028220966458320618
-0.06113055348396301
-0.03654807060956955
0.003801849903538823
-0.03870617225766182
-0.02738226391375065
0.05153995379805565
-0.038039062172174454
0.08357083052396774
-0.016425317153334618
0.002414749702438712
0.0551421158015728
-0.013272583484649658
0.12082505226135254
-0.03534628450870514
0.09407877922058105
-0.03295985236763954
0.02038702555000782
0.06622418016195297
-0.038910653442144394
-0.037505120038986206
0.01744835451245308
-0.02237349934875965
0.0059359436854720116
0.017237385734915733
-0.0652313381433487
0.04520939663052559
-0.4579751491546631
-0.6599813103675842
-0.8381527662277222
-0.6696285605430603
-0.3361423909664154
-2.072615623474121
-0.6497408747673035
-0.27172642946243286
-0.3033442497253418
-1.1295409202575684
-0.789509117603302
-0.2526896893978119
-0.11170303076505661
-0.15236181020736694
-0.5290753245353699
-0.9249007701873779
0.13684743642807007
-0.7365459203720093
0.581983208656311
0.3909369707107544
0.12450336664915085
-0.5185049176216125
-0.17593224346637726
-0.1501101553440094
0.4235425293445587
0.05512700602412224
0.018246153369545937
0.21600046753883362
-0.015619090758264065
0.05802210792899132
-0.4134248197078705
-0.13153351843357086
-0.001864943071268499
-0.03896006941795349
0.6172714829444885
0.29894354939460754
0.3050258457660675
-0.24904166162014008
0.09331375360488892
-0.01635456085205078
0.06722825020551682
-0.04231952130794525
0.04825786128640175
0.010504113510251045
0.29596152901649475
-0.05971207842230797
-0.009592774324119091
0.09298069030046463
-1.057960867881775
-0.35018226504325867
-0.34062907099723816
-0.1352444440126419
-0.3281058967113495
-0.4647000730037689
-0.7363271713256836
-0.6644068360328674
-0.07981941848993301
-0.3872534930706024
0.02609998919069767
-1.4867658615112305
0.13417671620845795
-0.5010852813720703
-1.0980716943740845
-1.3706457614898682
0.09354660660028458
0.30653902888298035
0.3396104574203491
-0.025309083983302116
-0.46758678555488586
0.14468629658222198
0.06785700470209122
-0.12400244176387787
-0.248321071267128
-0.10272526741027832
0.1710023432970047
-0.5503727793693542
0.03640048950910568
-0.06469064950942993
0.23143605887889862
-0.04457348585128784
-0.5070942044258118
-0.13297221064567566
0.04075326770544052
0.6531436443328857
-0.26582735776901245
-0.585985004901886
-0.139480859041214
-0.38333234190940857
0.10200176388025284
-0.1588144749403
-0.052711013704538345
-0.861214280128479
0.17830872535705566
-0.31205853819847107
-0.22829391062259674
-0.7478010654449463
-0.2542543113231659
0.2705421447753906
0.15883751213550568
-0.12578026950359344
-0.7955406308174133
0.07019203901290894
0.11127518862485886
-0.14698995649814606
0.025808198377490044
-0.0714658796787262
0.08627774566411972
-0.4392607510089874
0.0627765879034996
-0.05059666559100151
0.13388217985630035
-0.1292378306388855
0.1397467404603958
0.09454604983329773
-0.2335701733827591
0.333953320980072
-0.0960807129740715
-0.1449316143989563
0.0493922084569931
0.1920568197965622
-0.1798631101846695
-0.1379614919424057
0.06394430994987488
-0.0525638647377491
0.11008194833993912
-0.20255166292190552
-0.03688206151127815
-0.3300637900829315
-0.4329596161842346
0.7676918506622314
0.4921679198741913
-0.1460031121969223
-0.6070443391799927
-0.38301244378089905
-0.19436760246753693
-0.296458899974823
-0.3905729353427887
-0.0024419273249804974
0.401931494474411
-0.08632238209247589
-0.013993953354656696
-0.35048866271972656
-0.45141807198524475
-0.539228618144989
0.24330781400203705
0.31091874837875366
0.09134642034769058
-0.01343117468059063
-0.6639277338981628
0.09907087683677673
0.08680545538663864
-0.1806836724281311
-0.027327191084623337
-0.1059216856956482
0.20286063849925995
-0.4410131275653839
-0.013127723708748817
0.05607205256819725
0.17504194378852844
-0.10902132838964462
0.08596380800008774
0.023753855377435684
0.39553678035736084
-0.0034728101454675198
0.17908507585525513
-0.6817502379417419
-0.10220003128051758
-0.2543284296989441
0.32230186462402344
0.025899874046444893
0.17649906873703003
0.267208456993103
-0.0014771164860576391
0.07379957288503647
-0.12680526077747345
-0.7876790165901184
0.08102139085531235
0.07515446096658707
0.001185066532343626
-0.0015335471834987402
0.07271602749824524
-0.02446063421666622
0.0766669511795044
0.03835449740290642
0.01575475186109543
0.08006531000137329
0.04763149097561836
-0.03635082393884659
0.032227423042058945
-0.018627600744366646
-0.0054576201364398
-0.012478247284889221
0.02654353156685829
0.02381342463195324
-0.22532542049884796
-0.14106307923793793
-0.20301948487758636
-0.6583191752433777
0.12482684850692749
0.028258824720978737
0.5782331228256226
-0.5276918411254883
-0.03792803734540939
-0.02211475744843483
0.07943008840084076
0.03682577610015869
-0.024273134768009186
0.059080880135297775
-0.6618639826774597
-0.6729845404624939
-0.7679229974746704
-0.2978467345237732
-0.44749945402145386
-1.726645588874817
-0.8043256998062134
-0.11419785767793655
0.09858421236276627
-0.9698308110237122
-0.42488643527030945
-0.5625207424163818
0.050004102289676666
0.051607903093099594
-0.641289472579956
-0.5460207462310791
-0.7292768359184265
-0.039533283561468124
0.3390164077281952
-0.0038605208974331617
-0.3594331443309784
-0.15479961037635803
0.11390341073274612
-0.29842326045036316
0.10947038233280182
0.0014222044264897704
0.08538921922445297
-0.4762449860572815
0.11035971343517303
-0.4331328570842743
0.02579433098435402
-0.3364546597003937
0.015721533447504044
0.6938639879226685
0.30577537417411804
-0.0881599560379982
-0.5927442908287048
0.18451714515686035
-0.05893145129084587
-0.12233342230319977
0.02342068962752819
-0.26015040278434753
0.14972107112407684
-0.4782523214817047
0.008496031165122986
0.04000897705554962
0.46754851937294006
-0.14801505208015442
0.09717083722352982
0.18058903515338898
0.5392629504203796
0.3743104040622711
0.10276641696691513
-0.5264110565185547
0.10489656776189804
0.16119767725467682
0.40134817361831665
-0.1911880373954773
-0.062008678913116455
-0.17301630973815918
0.2675902247428894
-0.01888277567923069
-0.02667584829032421
0.2121817171573639
-0.22357937693595886
-0.09495347738265991
0.08084338158369064
0.0038576212245970964
0.05730398744344711
-0.5399699211120605
-0.08499114215373993
-0.09508715569972992
-0.03802553191781044
0.09533640742301941
0.2082982212305069
-0.43693405389785767
0.0360901914536953
-0.06721764802932739
-0.022343942895531654
-0.2804808020591736
0.029423775151371956
0.08631490916013718
0.019986070692539215
0.02792799472808838
0.08024073392152786
-0.14146752655506134
-0.039307333528995514
-0.0732039362192154
0.04369118809700012
-0.0361919105052948
-0.031868766993284225
0.0027199601754546165
0.0264541357755661
-0.008580802008509636
-0.054982442408800125
0.21295341849327087
-0.6663819551467896
0.09555444121360779
-0.052122317254543304
-0.19152286648750305
-0.3933737874031067
-0.2318614423274994
-0.20987722277641296
-0.48202165961265564
0.032826606184244156
0.0932823121547699
0.3884440064430237
-0.8222044706344604
-0.050264667719602585
-0.6500899195671082
-0.373892217874527
0.3629586696624756
0.3200802505016327
-0.26391252875328064
-0.6298152804374695
-0.1696680635213852
-0.7629832029342651
-0.6526291370391846
-0.0664883628487587
0.13141974806785583
-0.2896777391433716
-0.6745367050170898
-0.5573146939277649
-0.1483003795146942
-0.16722466051578522
-0.05426693335175514
0.03968232497572899
-1.062690019607544
-0.5300644636154175
-0.47226470708847046
-0.2802882790565491
-0.39810508489608765
-0.17367559671401978
-1.937153697013855
-0.8002315759658813
-0.401124507188797
-0.26153942942619324
-1.2765278816223145
-0.5696797370910645
-0.5792357921600342
-0.13618381321430206
-0.13971072435379028
-0.34920817613601685
-0.5135273337364197
-0.577775239944458
0.47526952624320984
0.22635293006896973
-0.40194597840309143
-0.6264579892158508
-0.833253800868988
-0.22193008661270142
-0.15115219354629517
0.08122525364160538
-0.49735569953918457
-0.47151872515678406
-0.89736407995224
-0.20205499231815338
-0.35769638419151306
0.06098567321896553
-0.5282139182090759
-0.02786429226398468
0.11280939728021622
0.0034915113355964422
0.06687840074300766
-0.029507456347346306
0.023844724521040916
-0.021581776440143585
0.009518720209598541
-0.10676669329404831
0.025637388229370117
0.03770151734352112
0.019708141684532166
-0.03816819190979004
0.048654280602931976
0.0070381066761910915
-0.008548356592655182
0.13467705249786377
0.18053950369358063
0.18726424872875214
-0.10906913876533508
-0.4971049129962921
-0.11694945394992828
0.12353920936584473
-0.32947131991386414
0.25328198075294495
-0.08225435763597488
-0.0018559100572019815
-0.8025407791137695
0.20621755719184875
-0.1816975474357605
0.2320808321237564
-0.4752276539802551
0.19637733697891235
0.12707000970840454
0.43839031457901
0.20453740656375885
0.6291553974151611
-0.6224201917648315
0.10084253549575806
0.09234438836574554
0.406082421541214
-0.11675146967172623
0.13611635565757751
0.2356216460466385
0.038807451725006104
-0.01995936594903469
0.15027102828025818
0.020369473844766617
-0.34616222977638245
-0.1952677071094513
-0.23192287981510162
-0.1604336053133011
0.022768594324588776
-1.2804710865020752
-0.4389816224575043
-0.22024446725845337
0.24475929141044617
-0.2093348205089569
-0.2559158205986023
0.036423128098249435
0.07478640973567963
-0.049980178475379944
-0.3660551607608795
-0.4718794822692871
-0.035321999341249466
-0.031070590019226074
0.003782657440751791
-0.03882242739200592
0.066004678606987
0.01999172940850258
0.027122369036078453
-0.02157353051006794
0.05358146131038666
0.04291442409157753
0.07047104090452194
-0.028002096340060234
0.08764907717704773
0.05646330118179321
-0.03649785742163658
0.017093870788812637
-0.08224194496870041
0.7066217660903931
0.5686981081962585
0.012749985791742802
-0.7417017817497253
0.10902934521436691
-0.10421296954154968
-0.1668926477432251
0.025748828426003456
9.064644109457731e-05
0.21117644011974335
-0.8494547605514526
-0.006635816302150488
0.05351956561207771
0.18643637001514435
-0.38656145334243774
0.2282535433769226
0.4201781153678894
-0.25255081057548523
0.032192032784223557
-0.40946805477142334
-0.66575026512146
0.19229190051555634
-0.074868343770504
0.2615387439727783
-0.47990331053733826
0.13566040992736816
-0.17583903670310974
-0.07442289590835571
0.09781856834888458
0.27960285544395447
-0.09019637107849121
-0.023873914033174515
0.046778179705142975
0.0001282866724068299
-0.04500773921608925
0.1242300271987915
-0.07607612758874893
0.013466041535139084
-0.03441031277179718
0.036681920289993286
0.027629831805825233
0.045395154505968094
0.01976929046213627
-0.02896374836564064
0.026507681235671043
0.11459164321422577
-0.02048623189330101
-0.0849054604768753
0.01582297869026661
-0.10102041810750961
0.026382559910416603
-0.013648412190377712
-0.02109714224934578
-0.021041108295321465
0.058708541095256805
-0.039422664791345596
0.018933460116386414
-0.060453351587057114
-0.012912392616271973
-0.0631338357925415
-0.023024093359708786
0.04678112640976906
-0.01943308301270008
-0.4639321565628052
-0.28453385829925537
-0.32979485392570496
-0.4295259416103363
0.5470977425575256
-2.5986404418945312
-0.859033465385437
-0.38260510563850403
0.33201107382774353
-1.3453880548477173
-1.2268143892288208
-0.5242821574211121
0.09037204831838608
-0.2569929361343384
-0.9608297348022461
-1.3486806154251099
0.18157772719860077
-0.4445413649082184
0.8773956894874573
0.31601548194885254
0.2700539827346802
-0.7218013405799866
-0.007553246337920427
-0.15021438896656036
0.3313114047050476
-0.012922498397529125
0.028535356745123863
0.34310880303382874
0.060907430946826935
0.07243511825799942
-0.8189718127250671
-0.4226624667644501
0.019566066563129425
0.02291819639503956
0.7281299829483032
0.20908205211162567
-0.032101020216941833
-0.26722848415374756
0.03357881307601929
-0.04096805304288864
0.20792025327682495
0.04957621544599533
0.05426976457238197
-0.06246974319219589
0.19161926209926605
0.03723834827542305
-0.09682562947273254
0.09270773082971573
-0.915863037109375
-0.05684768781065941
-0.050940848886966705
-0.05275701731443405
-0.14459072053432465
-0.9655854105949402
-1.08497953414917
-0.9145188927650452
-0.045590050518512726
-0.5383326411247253
-0.11863268911838531
-1.9177709817886353
0.11242134124040604
-0.9072941541671753
-1.9302501678466797
-1.8399008512496948
0.09529515355825424
0.5982826948165894
0.2533973455429077
-0.048340458422899246
-0.6252990365028381
0.1569644957780838
0.05709328129887581
-0.13745158910751343
-0.21978285908699036
-0.1557527780532837
0.10812774300575256
-0.6667814254760742
0.002864015521481633
0.01589183695614338
0.18019631505012512
0.059957168996334076
-0.36214354634284973
0.4078589677810669
0.6770122647285461
0.6393067240715027
0.12956127524375916
-1.3129138946533203
-0.24251921474933624
-0.3946583867073059
0.21779178082942963
-0.3581192195415497
-0.15737782418727875
-1.2671910524368286
0.06616014987230301
-0.4470360279083252
-0.9985833168029785
-1.0913745164871216
-0.2051902562379837
0.3438718616962433
0.1130058765411377
-0.13374193012714386
-0.5961083173751831
0.11593560129404068
0.11193372309207916
-0.18822772800922394
0.047121889889240265
-0.17590691149234772
0.09375186264514923
-0.6382450461387634
0.011759734712541103
-0.24552904069423676
-0.050745170563459396
-0.057083435356616974
0.31219780445098877
0.34453171491622925
0.16243663430213928
0.44156450033187866
0.3705553114414215
-0.05670802667737007
-0.0028355286922305822
0.2202933132648468
0.11085505038499832
-0.248581662774086
-0.006019443739205599
-0.05325910821557045
0.16521012783050537
-0.15953299403190613
-0.19538679718971252
-0.4814126193523407
-0.08435797691345215
1.0782628059387207
0.6271659135818481
-0.12386845797300339
-0.3982877731323242
-0.2226063460111618
-0.2880435883998871
-0.29195651412010193
-0.6724103689193726
0.200746089220047
0.49045807123184204
-0.22064301371574402
0.020234528928995132
-0.2846105396747589
-0.8395462036132812
-0.7084716558456421
0.20769433677196503
0.4056142568588257
-0.029628807678818703
0.0480109266936779
-0.45620840787887573
0.26680421829223633
0.10217922180891037
-0.023940853774547577
-0.0485144667327404
-0.21121543645858765
0.08276717364788055
-0.6402846574783325
-0.03554710000753403
0.06715528666973114
0.24988332390785217
0.07095140218734741
0.10080480575561523
0.3278706967830658
0.6995907425880432
-0.014772806316614151
0.39498239755630493
-0.5222193002700806
-0.18943165242671967
-0.2022174745798111
0.24351075291633606
0.14941605925559998
0.282572478055954
0.4353512227535248
0.031033026054501534
0.09001024812459946
-0.37512683868408203
-1.0215200185775757
-0.0654999241232872
-0.045679278671741486
0.06349926441907883
0.016860734671354294
-0.057225730270147324
0.006421954836696386
0.019095635041594505
-0.05008775740861893
-0.04210204631090164
0.06277056038379669
0.029267145320773125
-0.050098057836294174
-0.025510726496577263
-0.04462422430515289
-0.040220022201538086
-0.025674760341644287
-0.1016915962100029
0.2944784164428711
-0.21653886139392853
-0.12544767558574677
-0.2928802967071533
-0.6466482877731323
0.2474130094051361
-0.07216144353151321
1.2026277780532837
-0.7674556970596313
-0.4772665202617645
0.0398641936480999
0.10987914353609085
0.033269792795181274
0.07071434706449509
0.14337359368801117
-0.5689101815223694
-0.308667927980423
-0.3406185805797577
-0.003304154146462679
-0.35131704807281494
-1.8384852409362793
-1.0241703987121582
-0.3701682686805725
0.765177845954895
-0.9769724607467651
-0.9891075491905212
-0.9530598521232605
0.03167886659502983
0.038856618106365204
-1.2463520765304565
-0.6751298904418945
-0.7502614855766296
0.18524174392223358
0.5658041834831238
-0.001420898362994194
0.2785703241825104
-0.31473490595817566
0.11075234413146973
-0.35030654072761536
0.10843582451343536
-0.079316645860672
0.02138456702232361
-0.6886876821517944
0.12470649182796478
-0.6616204977035522
-0.28456762433052063
-0.3370772898197174
0.11050810664892197
0.8939715027809143
0.3789360225200653
-0.0799311101436615
-0.6844656467437744
0.1996745467185974
0.07211989164352417
-0.13378393650054932
0.013556152582168579
-0.1331932246685028
0.2901332676410675
-0.6678354144096375
-0.02608378604054451
-0.014576940797269344
0.3612633943557739
-0.06753115355968475
0.1105402484536171
0.45616135001182556
0.9820446968078613
0.47943729162216187
0.18454332649707794
-0.8042963743209839
0.12783603370189667
0.11227847635746002
0.4044967293739319
-0.14917121827602386
-0.08893616497516632
-0.33551713824272156
0.12624453008174896
0.03308524191379547
-0.03612193465232849
0.3284745514392853
-0.371455579996109
0.27468836307525635
0.47683802247047424
0.08423007279634476
0.768638551235199
-0.7037457823753357
-0.5320281982421875
-0.15658557415008545
-0.04430682957172394
0.03148847073316574
0.15488895773887634
-0.4878034293651581
0.008787618018686771
-0.046994898468256
-0.34766316413879395
-0.4957581162452698
-0.03154592961072922
-0.06888359785079956
-0.033187806606292725
0.031927019357681274
-0.04867946729063988
-0.04789099469780922
0.0024258471094071865
-0.017283806577324867
0.01612473651766777
-0.07499253004789352
-0.07912436127662659
0.04432687163352966
-0.054567255079746246
0.05752669274806976
-0.021485377103090286
0.23877261579036713
-0.8084529042243958
0.3318330943584442
-0.03690582513809204
-0.19531065225601196
-0.5401292443275452
-0.17011088132858276
-0.11481025815010071
-0.4831797182559967
-0.027544787153601646
0.07172709703445435
0.4695858061313629
-0.9723542332649231
-0.017283879220485687
-0.8794226050376892
-0.45533487200737
0.38016366958618164
0.4699675738811493
0.09537886083126068
-0.13335274159908295
-0.08464474976062775
-0.2980099022388458
-0.43217599391937256
0.18078047037124634
0.11796142160892487
0.4924730062484741
-1.4112035036087036
-1.030646800994873
-0.15126542747020721
0.05404970049858093
-0.1459341198205948
-0.09401015192270279
-1.2939988374710083
-0.47697141766548157
-0.2542401850223541
0.20046530663967133
-0.2034856081008911
0.5833898782730103
-2.5965988636016846
-0.8463212847709656
-0.6554638743400574
0.5565543174743652
-1.3626433610916138
-0.9947097301483154
-0.8543017506599426
0.030397435650229454
-0.16410525143146515
-0.7621133923530579
-0.699861466884613
-0.773689329624176
0.8049449324607849
0.43139156699180603
-0.31037938594818115
-0.5991397500038147
-1.5657188892364502
0.10423056036233902
0.0359373465180397
0.1588025838136673
-1.110994577407837
-0.2691611051559448
-1.1569359302520752
0.07682998478412628
-0.5671785473823547
-0.3947826623916626
-0.49612826108932495
0.06469222158193588
0.01113968063145876
0.04766041040420532
0.0027792085893452168
0.04636218026280403
-0.013791689649224281
-0.03614433854818344
-0.03790608420968056
0.03822122886776924
0.05373508110642433
0.048478346318006516
0.008290272206068039
-0.04310625046491623
-0.02814984880387783
0.018955467268824577
0.017064429819583893
0.11173909157514572
0.5853057503700256
0.7075013518333435
-0.08868802338838577
-0.19737093150615692
-0.37911051511764526
0.23051290214061737
-0.36282554268836975
0.33637332916259766
0.04191260039806366
-0.07272189855575562
-1.1046208143234253
0.11483629792928696
-0.34399405121803284
-0.04922626540064812
-0.5922107696533203
-0.0537189282476902
0.4735693037509918
0.8393138647079468
0.19514726102352142
0.8538275957107544
-0.7016685009002686
0.21675951778888702
0.15014348924160004
0.39934295415878296
0.0005127819022163749
0.17867279052734375
0.25526735186576843
0.06834912300109863
-0.05703475698828697
0.035846222192049026
0.0883549228310585
-0.2399393767118454
0.08996064960956573
0.23094426095485687
-0.08288255333900452
0.6715919375419617
-1.4420757293701172
-0.8661858439445496
-0.24519570171833038
0.2978590130805969
-0.38591840863227844
-0.3038443326950073
0.03760780021548271
0.13308921456336975
-0.007674431893974543
-0.8680315613746643
-1.1301136016845703
-0.01857648603618145
-0.05660603567957878
0.056339334696531296
0.0005171415396034718
0.006127275060862303
0.02496221661567688
-0.024017876014113426
0.0277158934623003
-0.010443822480738163
0.0031370637007057667
-0.0039796349592506886
-0.09153532236814499
0.025475261732935905
-0.05027897283434868
0.015272852033376694
-0.05835481733083725
-0.20656509697437286
0.9993317723274231
0.5650448799133301
-0.07160866260528564
-0.757648229598999
0.1155506819486618
0.001356354565359652
-0.22910554707050323
-0.006717081647366285
0.07456479221582413
0.32762718200683594
-1.0440247058868408
0.019510524347424507
-0.002975035924464464
0.17137014865875244
-0.29873478412628174
0.1735289990901947
0.5741129517555237
0.03677764907479286
-0.04357936233282089
-0.7112215161323547
-0.8084636330604553
0.1962817758321762
0.09742104262113571
0.8883380889892578
-0.745332658290863
-0.23462507128715515
-0.1690138727426529
0.08827153593301773
0.3749248683452606
0.1863010674715042
-0.10862071067094803
0.03069733828306198
-0.012483992613852024
-0.03357846662402153
0.06699525564908981
-0.005371893290430307
0.012529284693300724
0.03910059854388237
-0.008091744035482407
-0.04555746912956238
-0.00881590973585844
0.030207959935069084
-0.042882878333330154
0.04235076904296875
0.0539790540933609
-0.02612791396677494
0.029749372974038124
0.03328462317585945
0.015094888396561146
-0.014896117150783539
0.05008785054087639
0.04047972336411476
-0.009274943731725216
0.05019977316260338
-0.021899517625570297
0.060399994254112244
0.028072087094187737
-0.05325574427843094
-0.02191258780658245
-0.012144619598984718
-0.000825071707367897
-0.1083296537399292
-0.07369202375411987
-0.6243584752082825
-0.6442059278488159
-0.7956336140632629
-0.8171435594558716
-0.4336901009082794
-1.9207810163497925
-0.7037953734397888
-0.31776586174964905
-0.45258384943008423
-1.1222232580184937
-0.7439160346984863
-0.11796831339597702
-0.05168498307466507
-0.24678343534469604
-0.5458961129188538
-0.8534053564071655
0.021662065759301186
-0.6708999872207642
0.5784727931022644
0.2165253758430481
0.20022138953208923
-0.3870854377746582
-0.08641593158245087
-0.23019903898239136
0.3971818685531616
0.0548228919506073
0.013537421822547913
0.14611586928367615
-0.0802590474486351
0.12905587255954742
-0.5063225626945496
-0.25637075304985046
-0.02762485295534134
0.016694683581590652
0.527678906917572
0.16281720995903015
0.20612604916095734
-0.2058349996805191
0.07078995555639267
0.02894306182861328
0.11219029128551483
-0.04950782284140587
-0.006614553276449442
-0.000779635040089488
0.27187639474868774
-0.005933657288551331
-0.048187922686338425
0.11459697782993317
-1.1376863718032837
-0.3172716796398163
-0.3117883801460266
-0.11422818154096603
-0.4396352469921112
-0.6073638200759888
-0.7081443071365356
-0.7349023222923279
-0.1609673798084259
-0.14903423190116882
0.07309045642614365
-1.5116223096847534
0.07457828521728516
-0.5380519032478333
-1.0147826671600342
-1.4414842128753662
0.06262893974781036
0.21498256921768188
0.2893197238445282
0.021279282867908478
-0.3823288381099701
0.11613891273736954
-0.035447411239147186
-0.061797115951776505
-0.2011966109275818
-0.13036227226257324
0.14157938957214355
-0.4439399242401123
0.033924225717782974
-0.05197773873806
0.157904252409935
-0.07346358150243759
-0.46630868315696716
-0.09681102633476257
0.01718713529407978
0.49148163199424744
-0.23984037339687347
-0.6311062574386597
-0.1644684225320816
-0.25330203771591187
-0.03839933127164841
-0.19499614834785461
-0.1158856451511383
-0.8894480466842651
0.17253084480762482
-0.22865989804267883
-0.20051415264606476
-0.7839599251747131
-0.2841067612171173
0.29750925302505493
0.16420388221740723
-0.029971390962600708
-0.7280077338218689
0.12169446051120758
0.07526933401823044
-0.26368969678878784
0.06525097787380219
-0.12728238105773926
0.029106784611940384
-0.46729031205177307
-0.0060701859183609486
-0.08857180923223495
0.074210025370121
-0.15188653767108917
0.1789264678955078
0.06986353546380997
-0.4316527545452118
0.2576429843902588
-0.17172223329544067
-0.15103386342525482
0.09580161422491074
0.07678063958883286
-0.17874668538570404
-0.05987111106514931
-0.0037132417783141136
-0.162427619099617
0.08772331476211548
-0.06674624234437943
-0.11006027460098267
-0.41325175762176514
-0.3485644459724426
0.7097806334495544
0.2852575480937958
-0.2751401364803314
-0.5736300945281982
-0.3402467966079712
-0.35285189747810364
-0.21598614752292633
-0.3577590882778168
0.16226917505264282
0.5240127444267273
-0.0490579791367054
0.03557196259498596
-0.13984906673431396
-0.6947416663169861
-0.4246339499950409
0.1686258465051651
0.20621150732040405
0.028705306351184845
-0.03010501340031624
-0.46167656779289246
0.05543208867311478
-0.033093564212322235
-0.038102492690086365
-0.019627826288342476
-0.1076071634888649
0.17435595393180847
-0.589518129825592
-0.02623746730387211
0.05406652390956879
0.17812927067279816
-0.04579445347189903
0.07717003673315048
-0.048727355897426605
0.3728262186050415
-0.011373486369848251
0.10613271594047546
-0.6411996483802795
-0.16295647621154785
-0.1720716655254364
0.2630179524421692
0.058054737746715546
0.3386610448360443
0.2920114994049072
0.08419635891914368
0.05009225755929947
-0.23832106590270996
-0.7366599440574646
-0.001227281172759831
-0.02793709933757782
0.0013562056701630354
-0.03781541436910629
-0.04448600858449936
-0.006556101609021425
0.060569293797016144
0.01757126674056053
-0.05965030565857887
0.03350609168410301
-0.008506525307893753
-0.0507822223007679
-0.0788276419043541
0.09388109296560287
0.011513017117977142
0.030975958332419395
0.05185164511203766
0.008335666730999947
-0.4537086486816406
-0.09498849511146545
-0.2929686903953552
-0.592862606048584
0.09082504361867905
-0.05377895012497902
0.6147187352180481
-0.5067142844200134
-0.1326357126235962
-0.05100091174244881
0.10983975976705551
0.056990109384059906
0.03940165415406227
0.07183928787708282
-0.746720016002655
-0.6715074181556702
-0.7940757274627686
-0.3660724461078644
-0.6290220618247986
-1.6589305400848389
-0.7421619892120361
-0.1877397894859314
-0.02215253747999668
-0.9027536511421204
-0.5802683234214783
-0.6775648593902588
0.1449207067489624
0.03987591713666916
-0.7730860710144043
-0.4504190683364868
-0.8009729981422424
-0.0023577746469527483
0.31838059425354004
-0.018459556624293327
-0.3134922683238983
-0.20313604176044464
0.21865104138851166
-0.25378182530403137
0.07938961684703827
0.1454039365053177
-0.025275656953454018
-0.5532548427581787
0.09314048290252686
-0.4356788098812103
0.054464925080537796
-0.22123771905899048
-0.0047305976040661335
0.6847350597381592
0.18649530410766602
-0.12053024768829346
-0.48408186435699463
0.19995681941509247
0.05681106820702553
-0.11925394833087921
0.07355566322803497
-0.11039851605892181
0.1386564075946808
-0.489865779876709
0.02191195636987686
0.09010328352451324
0.3289787769317627
-0.14180631935596466
0.12297933548688889
0.17814816534519196
0.5060337781906128
0.21685752272605896
0.1301979422569275
-0.5288852453231812
0.09100738912820816
0.20392079651355743
0.3226739764213562
-0.18690240383148193
-0.13489259779453278
-0.14157907664775848
0.15165096521377563
-0.13710086047649384
0.003505230415612459
0.12418807297945023
-0.1757061779499054
-0.09625657647848129
0.10717250406742096
-0.005994400009512901
0.14654631912708282
-0.5212937593460083
-0.1520579755306244
-0.11513945460319519
0.028211018070578575
0.09198061376810074
0.20531466603279114
-0.43873369693756104
0.00674592237919569
-0.015970753505825996
-0.14557987451553345
-0.2050708383321762
-0.025554247200489044
0.05906645208597183
-0.022784020751714706
-0.10434874892234802
-0.04714187979698181
0.002463794546201825
-0.005763947498053312
-0.020245302468538284
0.04253324866294861
0.024225231260061264
-0.059816956520080566
0.002643692074343562
-0.003969509154558182
-0.015251035802066326
-0.11382661014795303
0.04409852623939514
-0.6504658460617065
0.112782783806324
0.01049167849123478
-0.1619914472103119
-0.31291937828063965
-0.23305362462997437
-0.15137402713298798
-0.49637702107429504
-0.01631169766187668
0.0668235793709755
0.33199235796928406
-0.7935144901275635
0.03288770094513893
-0.6810751557350159
-0.3627864718437195
0.21378231048583984
0.27117815613746643
-0.25896310806274414
-0.7394753694534302
-0.20278044044971466
-0.8061442971229553
-0.647201418876648
-0.01424479577690363
0.10846629738807678
-0.2767174243927002
-0.7764679193496704
-0.6839531660079956
-0.028225300833582878
-0.023178445175290108
0.03544266149401665
-0.03845129907131195
-1.1393013000488281
-0.6505913734436035
-0.6201424598693848
-0.3944348692893982
-0.5429854393005371
-0.22780364751815796
-2.0183169841766357
-0.8181922435760498
-0.34690025448799133
-0.40891021490097046
-1.1808488368988037
-0.6434676647186279
-0.6520126461982727
-0.09584050625562668
-0.12407159060239792
-0.30502864718437195
-0.4245471656322479
-0.5860592126846313
0.390960156917572
0.19251997768878937
-0.4552343785762787
-0.5377562642097473
-0.8645728230476379
-0.2221914827823639
-0.17525197565555573
-0.04657988250255585
-0.5123758316040039
-0.4167032837867737
-0.8615592122077942
-0.2675236761569977
-0.27332374453544617
0.0630788505077362
-0.4906589686870575
0.039381422102451324
-0.0011837456841021776
0.034240517765283585
0.02391417697072029
0.02026018127799034
0.025567062199115753
-0.004680202808231115
-0.034957386553287506
0.08810222893953323
0.021381553262472153
0.023075509816408157
0.022212881594896317
-0.0668964758515358
-0.05676013603806496
0.03710339963436127
0.022697338834404945
0.06803172081708908
0.22352659702301025
0.13587573170661926
-0.07101791352033615
-0.4627445340156555
-0.12328778952360153
0.17811067402362823
-0.2802751958370209
0.17423249781131744
0.01675339974462986
-0.06983525305986404
-0.8522688746452332
0.08871027827262878
-0.13242453336715698
0.2396339774131775
-0.6038185358047485
0.122045136988163
0.01176235731691122
0.40238362550735474
0.10253462940454483
0.5126478672027588
-0.3456738293170929
0.13862250745296478
0.06762684136629105
0.3145039975643158
0.010225102305412292
0.15631067752838135
0.06529510021209717
-0.03717893362045288
-0.030924387276172638
0.18248693645000458
0.04369470104575157
-0.38783371448516846
-0.4397834539413452
-0.1867743730545044
-0.24735230207443237
0.013786046765744686
-1.1583986282348633
-0.514864981174469
-0.21647948026657104
0.22161099314689636
-0.18538066744804382
-0.22397387027740479
-0.054810650646686554
0.09965120255947113
-0.006245465483516455
-0.5257343649864197
-0.45789486169815063
0.04307698830962181
-0.019559180364012718
-0.0516882985830307
0.08169744908809662
-0.025143947452306747
0.05698715150356293
0.01671804115176201
0.01501854881644249
0.027476267889142036
-0.07536105811595917
0.022809544578194618
-0.006342901848256588
-0.01959952525794506
-0.019088510423898697
-0.07846663147211075
-0.028904441744089127
-0.17040283977985382
0.5814380645751953
0.5055925250053406
-0.03778153285384178
-0.6645674705505371
0.12990647554397583
-0.10637547820806503
-0.185210183262825
0.04978133738040924
-0.027660826221108437
0.23822668194770813
-0.9118688702583313
-0.06733734905719757
0.051337286829948425
0.17225979268550873
-0.3944058120250702
0.09792504459619522
0.2704223394393921
-0.30312347412109375
-0.059143077582120895
-0.40726885199546814
-0.5645506381988525
0.18814367055892944
-0.1360071897506714
0.36308717727661133
-0.4682978391647339
-0.06278212368488312
-0.18486745655536652
0.14584074914455414
0.25272247195243835
0.2705862522125244
-0.16882319748401642
-0.052463557571172714
0.056324783712625504
-0.016627982258796692
-0.11964773386716843
-0.0252505075186491
0.025744883343577385
0.01562662422657013
-0.03186531737446785
0.019533971324563026
0.1029057651758194
0.03477280214428902
0.01227573025971651
-0.008862264454364777
0.04316069185733795
0.012502875179052353
0.017887501046061516
0.03470252454280853
-0.038445327430963516
0.03708646446466446
0.038835860788822174
0.01937263086438179
-0.12858757376670837
-0.029506918042898178
-0.052942756563425064
-0.06912288814783096
0.025921668857336044
-0.01778123341500759
0.027408042922616005
-0.0799887403845787
-0.027858631685376167
0.08327952772378922
0.016890384256839752
-0.4773869514465332
-0.6796716451644897
-0.7612271308898926
-0.6517972946166992
-0.4095287621021271
-1.8620246648788452
-0.6631572842597961
-0.05169348046183586
-0.35318562388420105
-1.1903380155563354
-0.6410938501358032
0.045810598880052567
-0.2073972523212433
-0.2120821177959442
-0.31895461678504944
-0.786625862121582
0.1964130401611328
-0.6419196724891663
0.5711188316345215
0.30859988927841187
0.22011107206344604
-0.43359923362731934
-0.09449364989995956
-0.15768404304981232
0.24242623150348663
-0.04864301532506943
-0.05008096247911453
0.19719620048999786
-0.05527598038315773
0.12982478737831116
-0.484054297208786
0.13988745212554932
-0.043724969029426575
-0.03140519931912422
0.5671178698539734
0.19863294064998627
0.2313394844532013
-0.16016429662704468
0.08398682624101639
-0.07253076881170273
-0.004229106940329075
-0.0003800011763814837
0.09211216866970062
-0.019943952560424805
0.16134269535541534
0.041339900344610214
0.012417880818247795
0.14765605330467224
-1.0198999643325806
-0.3394785523414612
-0.21279406547546387
-0.071299247443676
-0.4168676435947418
-0.4828783869743347
-0.8073936700820923
-0.37853991985321045
-0.061901312321424484
-0.3020401895046234
0.17687790095806122
-0.9910337328910828
0.1693015992641449
-0.4416055977344513
-0.8411908149719238
-1.3030284643173218
0.07433699816465378
0.20034202933311462
0.3524766266345978
-0.03522254154086113
-0.4942181408405304
0.08403592556715012
0.041589781641960144
-0.07306620478630066
-0.20868638157844543
-0.08665722608566284
0.217527836561203
-0.37993955612182617
-0.004889852367341518
-0.05478004366159439
0.2706959545612335
0.004681466147303581
-0.36618170142173767
-0.0009925399208441377
0.195731520652771
0.5278758406639099
-0.29511919617652893
-0.5760765671730042
-0.1791267842054367
-0.1792353242635727
-0.04945174977183342
-0.15291976928710938
0.17446580529212952
-0.5084704756736755
0.11019071191549301
-0.24333889782428741
-0.039145518094301224
-0.4866672158241272
-0.2260250300168991
0.27697569131851196
0.06913959980010986
-0.08499322831630707
-0.6984618306159973
0.06435534358024597
0.06193564459681511
-0.16041885316371918
0.014789451844990253
0.02436119318008423
0.19395314157009125
-0.36885541677474976
-0.0022269461769610643
-0.08626239001750946
0.14616447687149048
-0.17354770004749298
0.15608283877372742
0.17866945266723633
-0.16024909913539886
0.2830486595630646
-0.10825632512569427
-0.17499509453773499
0.11148516833782196
0.09467054158449173
-0.15155120193958282
-0.02714204415678978
-0.13348209857940674
0.091470867395401
0.1198878288269043
-0.08562508225440979
0.0557016097009182
0.0065652718767523766
-0.41308677196502686
0.84257972240448
0.33837857842445374
-0.18441948294639587
-0.5172169208526611
-0.38484060764312744
-0.133649080991745
-0.26184192299842834
-0.39637717604637146
0.09875498712062836
0.4377788007259369
-0.09818647801876068
0.005473654717206955
-0.19385461509227753
-0.07149509340524673
-0.3302701711654663
0.26199039816856384
0.23506002128124237
-0.017272092401981354
0.029047783464193344
-0.5127547979354858
0.15416443347930908
-0.022822080180048943
-0.05142300948500633
-0.08446768671274185
-0.0881122425198555
0.20611870288848877
-0.4390750527381897
-0.06928183883428574
0.02076256461441517
0.195966437458992
-0.06347884982824326
0.1667855679988861
-0.038126084953546524
0.36557674407958984
-0.050992462784051895
0.0799277275800705
-0.6075802445411682
-0.1807008534669876
-0.11451311409473419
0.18061916530132294
0.07716381549835205
0.28666165471076965
0.41350722312927246
-0.03284105658531189
-0.013711947947740555
0.11991915851831436
-0.7477207779884338
-0.03022025153040886
0.03925222530961037
-0.08307161927223206
-0.09133020788431168
-0.04740964621305466
-0.05781787633895874
0.006319454405456781
-0.04837998375296593
-0.003857274539768696
0.03683627024292946
-0.0038575828075408936
0.03774022310972214
0.002784048905596137
-0.03680943697690964
-0.0560278482735157
-0.04078381136059761
0.04056467488408089
0.15863731503486633
-0.25298723578453064
-0.1423584669828415
-0.2644660174846649
-0.5397607088088989
0.05933864787220955
-0.035373505204916
0.5609225034713745
-0.45137789845466614
-0.02674231119453907
-0.0011284924112260342
0.08889596164226532
0.022694462910294533
0.03461447358131409
0.284309983253479
-0.4891720712184906
-0.5864959359169006
-0.759075939655304
-0.3234902322292328
-0.3241943418979645
-1.5906535387039185
-0.8042715191841125
-0.05579165741801262
0.05398247763514519
-0.9174860119819641
-0.35361841320991516
-0.2789347767829895
0.06694717705249786
0.029743146151304245
-0.14744935929775238
-0.24224917590618134
-0.6145527362823486
-0.04082637280225754
0.22031818330287933
-0.012220376171171665
-0.32192885875701904
-0.09850353747606277
0.1211518868803978
-0.29559656977653503
0.08143247663974762
0.019738076254725456
0.2642459571361542
-0.13839328289031982
0.07969259470701218
-0.2756887972354889
0.1132301315665245
-0.3158220052719116
0.030576730147004128
0.6610309481620789
0.2158777117729187
-0.06797367334365845
-0.5449779033660889
0.21296411752700806
0.050949081778526306
-0.0665847584605217
0.008542606607079506
-0.08598991483449936
0.05679238587617874
-0.5462297201156616
-0.028844818472862244
0.09214549511671066
0.4610280990600586
-0.16763955354690552
0.04256696254014969
0.13267849385738373
0.5438829660415649
0.31282711029052734
0.12230850011110306
-0.4043196737766266
0.04823838919401169
0.1038169115781784
0.19796456396579742
-0.1661776602268219
-0.09410607069730759
-0.16820214688777924
0.15818558633327484
-0.11581816524267197
-0.000415115529904142
0.26542404294013977
-0.21937192976474762
-0.028819933533668518
0.1161796823143959
-0.057482678443193436
0.038690581917762756
-0.3854803144931793
-0.017242949455976486
-0.021042926236987114
0.1318114995956421
0.11496548354625702
0.12210017442703247
-0.28211650252342224
0.00945016834884882
-0.04837020859122276
0.21713915467262268
-0.23550990223884583
-0.027394598349928856
0.08991295844316483
-0.07116374373435974
0.01236933283507824
-0.04975040629506111
-0.10739472508430481
-0.024403944611549377
-0.0283679086714983
0.026468981057405472
0.02643638849258423
0.038675155490636826
0.016094887629151344
-0.013979371637105942
-0.08647142350673676
-0.04234321415424347
0.18427492678165436
-0.6331580281257629
0.09438745677471161
-0.007984215393662453
-0.16663214564323425
-0.4476584792137146
-0.2169051170349121
-0.11342442780733109
-0.5138065218925476
-0.03695956990122795
0.049605369567871094
0.3238261044025421
-0.8386044502258301
-0.03927265852689743
-0.6708780527114868
-0.29640188813209534
0.22330617904663086
0.26896753907203674
-0.0360226035118103
-0.5365564227104187
-0.14674915373325348
-0.7026726007461548
-0.7718654274940491
-0.15391333401203156
0.1617184728384018
-0.3860628306865692
-0.5984450578689575
-0.6261993050575256
-0.03338995948433876
-0.06332312524318695
0.01949857734143734
0.18038448691368103
-0.7828983664512634
-0.4253682494163513
-0.43124812841415405
-0.30554094910621643
-0.4486519694328308
-0.2022431641817093
-1.7071503400802612
-0.7434313893318176
-0.3239865303039551
-0.247940331697464
-0.9997969269752502
-0.5050646066665649
-0.3081147372722626
-0.12950636446475983
-0.06667519360780716
0.026679933071136475
-0.45017799735069275
-0.5885468125343323
0.567122220993042
0.2532997727394104
-0.41729965806007385
-0.48844802379608154
-0.8055934309959412
-0.17924359440803528
-0.09434875100851059
0.03900131583213806
-0.5015812516212463
-0.19144722819328308
-0.9282602071762085
-0.2339118868112564
-0.3236667215824127
0.01913244090974331
-0.33858320116996765
0.002353889402002096
-0.049705393612384796
-0.02150283195078373
0.0356626994907856
-0.04619563743472099
0.00010631978511810303
0.07712100446224213
0.048239871859550476
-0.07765094935894012
-0.01190521102398634
-0.04313432052731514
0.014600440859794617
0.056596118956804276
-0.06559780240058899
-0.010353507474064827
0.04699966311454773
0.0900273323059082
0.26372769474983215
0.19908270239830017
0.02099589817225933
-0.5712431073188782
-0.08649685233831406
0.2938300669193268
-0.2888152599334717
0.1707640439271927
0.023587534204125404
0.2124507576227188
-0.3155384659767151
0.13620321452617645
-0.2771807610988617
0.2577584981918335
-0.3449863791465759
0.21904629468917847
0.15622639656066895
0.29403331875801086
0.22439159452915192
0.5741313099861145
-0.457533061504364
0.06727749109268188
0.046438951045274734
0.2900540828704834
-0.07171113044023514
0.15495580434799194
0.24659688770771027
0.05128874629735947
-0.02940603345632553
0.07347936928272247
0.16982829570770264
-0.33784016966819763
-0.20919708907604218
-0.12648552656173706
-0.14402209222316742
-0.019240498542785645
-1.1035833358764648
-0.3867094814777374
-0.14742395281791687
0.19790947437286377
-0.14556984603405
-0.2103743553161621
0.18408071994781494
0.0768621563911438
0.02185819111764431
-0.1972638964653015
-0.4047406017780304
-0.010112263262271881
-0.03364483267068863
0.07587099820375443
-0.020245913416147232
-0.029477126896381378
0.011258754879236221
-0.0014972089556977153
-0.056876108050346375
-0.008936364203691483
0.03096195124089718
-0.007176510524004698
0.07634676992893219
-0.04047780483961105
0.022460242733359337
-0.04135052487254143
-0.09987001121044159
-0.1612178236246109
0.6422837376594543
0.5358172655105591
-0.10873336344957352
-0.7047573328018188
0.23627974092960358
0.04162931442260742
-0.19882024824619293
-0.07854484766721725
-0.04984324052929878
0.2634941041469574
-0.7198231816291809
0.026897145435214043
-0.06070341169834137
0.3237364888191223
-0.33334508538246155
0.13901956379413605
0.35483264923095703
-0.2164989411830902
-0.022409334778785706
-0.3214382231235504
-0.5741400718688965
0.12798398733139038
-0.06368937343358994
0.18892255425453186
-0.5441699028015137
0.07487697899341583
-0.2067311704158783
0.19070756435394287
0.05676211044192314
0.3661901652812958
0.11426497995853424
0.038700442761182785
0.07755067944526672
0.12692709267139435
0.05207430571317673
0.018292680382728577
-0.05953960865736008
-0.0947766825556755
0.005543685518205166
0.025084471330046654
0.0016687937313690782
0.015140616334974766
-0.0074474704451859
-0.014037064276635647
-0.06580591946840286
-0.0024194458965212107
0.01086144894361496
0.12722085416316986
-0.05814395844936371
0.04005542770028114
0.01415305770933628
0.012364780530333519
0.02792760729789734
0.020849337801337242
-0.06350976228713989
-0.03848270699381828
0.048899851739406586
-0.07620684057474136
-0.020113524049520493
-0.008856263943016529
0.06571098417043686
-0.006705642677843571
0.006664644926786423
-0.6070156693458557
-0.8473324179649353
-0.8696792125701904
-0.7535764575004578
0.47348693013191223
-2.5244078636169434
-0.6063424348831177
-0.2892381250858307
0.5017314553260803
-1.1383769512176514
-0.6672664284706116
0.38057398796081543
0.13292041420936584
-0.13000164926052094
-0.2798331081867218
-0.009770327247679234
0.14348077774047852
-0.6815009713172913
0.9230980277061462
0.33750292658805847
0.4788080155849457
-0.7387799620628357
-0.1325484961271286
-0.16248172521591187
0.4374847412109375
0.011942362412810326
0.10974017530679703
0.474884957075119
-0.06130463257431984
0.15909892320632935
-0.3314993679523468
0.290937602519989
-0.08093816041946411
-0.06916240602731705
0.7304144501686096
0.24624325335025787
0.0955396220088005
-0.3667832016944885
0.10365849733352661
-0.03029283694922924
0.00275161094032228
0.026716889813542366
0.19386954605579376
-0.001123292138800025
0.14696234464645386
0.02609221450984478
-0.12125278264284134
0.17075715959072113
-1.0549452304840088
-0.007744453381747007
0.14519856870174408
-0.057172227650880814
0.024983149021863937
-0.42383813858032227
-0.6945204138755798
-0.38325583934783936
-0.07621888071298599
-0.2159026563167572
0.42088815569877625
-0.22233732044696808
0.18207624554634094
-0.1616041511297226
0.10331592708826065
-0.6430772542953491
0.13941609859466553
0.5008283853530884
0.3173587918281555
0.00825250893831253
-0.7432466149330139
0.143848717212677
0.0985347330570221
-0.03852034732699394
-0.10481608659029007
-0.20700021088123322
0.21310093998908997
-0.253683477640152
0.047611549496650696
-0.05786208435893059
0.45869049429893494
-0.07368867844343185
-0.42503300309181213
0.30717647075653076
0.4000878632068634
0.6747594475746155
0.15459391474723816
-0.6907241940498352
-0.06621524691581726
-0.08519823104143143
0.2353736013174057
-0.19608671963214874
0.1358746886253357
0.07622875273227692
0.17491167783737183
0.02968359738588333
0.3026735484600067
0.20717346668243408
-0.1804397851228714
0.596032440662384
0.21163317561149597
-0.1365525722503662
-0.5833532810211182
0.15153509378433228
0.19212943315505981
-0.015958726406097412
0.010843053460121155
0.020074639469385147
0.17325375974178314
-0.29772213101387024
0.043190885335206985
-0.07288811355829239
0.523076593875885
-0.14787657558918
0.11575767397880554
0.351540744304657
-0.19312429428100586
0.5953661799430847
0.3795095682144165
0.13651832938194275
0.07955797016620636
0.09790825098752975
0.3233274221420288
0.15110912919044495
0.10570107400417328
0.337169885635376
0.26910191774368286
0.04292497783899307
0.09659148007631302
0.4141176640987396
-0.39378854632377625
0.920604944229126
0.5414144992828369
-0.16741524636745453
-0.279013454914093
-0.2159433811903
-0.18138620257377625
-0.35177287459373474
-0.4008199870586395
0.1577984094619751
0.4618065655231476
0.3054521083831787
-0.002108864253386855
0.017253540456295013
-0.18649542331695557
-0.07344911992549896
0.2695343792438507
0.538817286491394
0.07371532917022705
-0.026337934657931328
-0.4988568127155304
0.17857536673545837
0.031188998371362686
-0.1730007529258728
0.009058971889317036
-0.12054072320461273
0.11134961247444153
-0.25646016001701355
-0.053715985268354416
0.009707183577120304
0.3688228130340576
-0.24071285128593445
0.14439617097377777
0.29879647493362427
0.6402886509895325
0.1040491834282875
0.317157506942749
-0.7514955997467041
-0.040502555668354034
-0.23889248073101044
0.2552179992198944
-0.02278364636003971
0.2078595906496048
0.634233832359314
-0.01736854761838913
0.14364074170589447
-0.08726555109024048
-0.1391596645116806
-0.09081615507602692
-0.03463283181190491
-0.04074697196483612
-0.01979728229343891
-0.008401426486670971
-0.030857587233185768
0.049367282539606094
0.015621780417859554
0.0550968311727047
-0.04429873451590538
0.03561542183160782
0.0029269270598888397
0.06427086889743805
-0.007182139437645674
0.07626236230134964
-0.023053860291838646
-0.04441094025969505
0.27474451065063477
-0.17444594204425812
-0.12468169629573822
-0.26019906997680664
-0.7687286138534546
0.3426346480846405
-0.046675387769937515
0.7291302680969238
-0.779064416885376
-0.031011810526251793
-0.02365906536579132
0.13801947236061096
-0.002174527384340763
0.1283620446920395
0.01303867343813181
-0.5456611514091492
-0.6767261624336243
-0.8177516460418701
-0.2847677171230316
-0.061042558401823044
-1.4244353771209717
-0.8646519780158997
-0.17174935340881348
0.8868326544761658
-0.7632406949996948
0.014957045204937458
0.26937490701675415
0.2666062116622925
-0.025620605796575546
-0.05571769177913666
0.4400416910648346
-0.645756185054779
0.2815788686275482
0.63396817445755
-0.038028232753276825
-0.022303633391857147
0.03724832460284233
0.25876256823539734
-0.37150365114212036
0.15516917407512665
0.10405322164297104
0.03179444000124931
0.14950476586818695
0.16202354431152344
-0.21693922579288483
0.3929738700389862
-0.029858537018299103
0.1632673293352127
1.0334949493408203
0.41904234886169434
-0.09075480699539185
-0.8846946358680725
0.2737762928009033
0.035134218633174896
-0.04478010535240173
0.004400378093123436
-0.20031271874904633
0.17455901205539703
-0.8219074606895447
-0.0380961038172245
-0.06144493445754051
0.6139388680458069
-0.27505889534950256
0.011060379445552826
0.3386937975883484
0.779500424861908
0.4884037375450134
0.10071256011724472
-0.9724201560020447
0.09739091992378235
0.09450581669807434
0.5002776384353638
-0.12144338339567184
0.04559418559074402
-0.4658157229423523
0.1592349410057068
-0.029068652540445328
0.022249622270464897
0.4268692135810852
-0.6348744630813599
0.22538745403289795
0.35165345668792725
0.007872216403484344
0.38168981671333313
-0.570401132106781
0.1179787814617157
0.04711971431970596
0.22458021342754364
0.09162835031747818
0.2760829031467438
0.03737665340304375
-0.02717631869018078
0.0010269362246617675
0.22186151146888733
-0.03480041027069092
-0.02595076709985733
0.056958895176649094
-0.04002004116773605
-0.03608165681362152
-0.04783950373530388
-0.22896817326545715
0.011878076009452343
-0.054796651005744934
-0.013705541379749775
0.03727569058537483
0.006014902610331774
0.003174546407535672
0.003960707690566778
0.05303742364048958
0.00020688393851742148
0.2855493128299713
-0.838944673538208
0.32879549264907837
-0.01728152483701706
-0.22303636372089386
-0.6769099831581116
-0.2999321222305298
-0.19977515935897827
-0.5614857077598572
0.005849761422723532
0.16844728589057922
0.6253159046173096
-0.9716297388076782
0.008292268961668015
-0.4558253586292267
0.04201041907072067
0.2854589521884918
0.3675052225589752
-0.09015555679798126
-0.6350844502449036
-0.2796441316604614
-0.5817732810974121
-0.4024253785610199
0.17738890647888184
0.256305992603302
0.2155165821313858
-0.738972544670105
-0.4308931827545166
0.0637233629822731
-0.06342023611068726
0.01746337115764618
0.3332286775112152
-0.1776188611984253
-0.5198914408683777
-0.5952627658843994
-0.2625786364078522
-0.4674261808395386
0.34694698452949524
-2.3869097232818604
-0.7551131844520569
-0.08070320636034012
0.4166972041130066
-1.2292150259017944
-0.2666679322719574
-0.17096927762031555
0.025822294875979424
0.02482001483440399
-0.0099507300183177
0.011967029422521591
-0.853321373462677
0.8807554841041565
0.37454020977020264
-0.35743042826652527
-0.5862729549407959
-0.7451720237731934
0.025938883423805237
-0.14644160866737366
0.35236331820487976
-0.6865301132202148
0.08044100552797318
-0.911141574382782
0.038206860423088074
-0.3098083436489105
0.36477527022361755
0.12064262479543686
0.0228250864893198
0.055279504507780075
0.011046678759157658
-0.0624857135117054
0.031001735478639603
-0.04906065762042999
-0.011000778526067734
-0.07523734122514725
0.04014846310019493
0.0015911621740087867
0.07210845500230789
-0.01748865656554699
-0.0011758776381611824
0.03701775148510933
0.04873096942901611
0.06434837728738785
0.11152318865060806
0.6513400077819824
0.3762287199497223
0.007119237445294857
-0.6240872740745544
-0.013202046044170856
0.19343215227127075
-0.29411208629608154
0.32710033655166626
0.0888853371143341
0.11557038873434067
-0.23497749865055084
0.16257448494434357
-0.14299431443214417
0.48529052734375
0.19808833301067352
0.0822187140583992
0.31538447737693787
0.8330263495445251
0.30330345034599304
0.6029655337333679
-0.7521933317184448
0.033214226365089417
0.09206616133451462
0.44346877932548523
0.02897908166050911
-0.008804328739643097
0.4679526686668396
-0.04459713399410248
0.023306330665946007
0.011179842054843903
0.05800878629088402
-0.2736956775188446
-0.23216299712657928
0.13460512459278107
-0.025857586413621902
0.6415035128593445
-1.6197906732559204
-0.3862917423248291
-0.17902719974517822
0.6814115643501282
-0.317013680934906
-0.0948532447218895
0.41645053029060364
0.16680623590946198
0.17517879605293274
-0.20519979298114777
-0.05610725283622742
0.015407164581120014
-0.04637689143419266
-0.007110909558832645
-0.005074413493275642
0.008678802289068699
-0.04803497716784477
0.014482853934168816
-0.01151700783520937
-0.04272431880235672
0.03569628670811653
0.001401736168190837
0.03786497190594673
0.05391216278076172
-0.04748479276895523
-0.001030332176014781
0.001210767193697393
-0.2055433988571167
0.9542548656463623
0.5737227201461792
0.014563951641321182
-0.8508976101875305
0.2686680555343628
-0.11501307040452957
-0.22730973362922668
0.02714526280760765
0.08372338116168976
0.4185883700847626
-0.5698612332344055
0.0593416765332222
0.041583091020584106
0.4041823148727417
-0.2575439214706421
0.351523220539093
0.6392331719398499
-0.26080530881881714
0.04156024008989334
-0.6377055644989014
-0.8419899940490723
0.3625524044036865
-0.019470786675810814
0.3966541290283203
-0.7205075025558472
0.24768276512622833
-0.3416520953178406
0.190505251288414
0.051475271582603455
0.5133715271949768
0.06576859951019287
-0.012975557707250118
0.06525693833827972
0.018515504896640778
-0.019994230940937996
0.02684570662677288
-0.05431864783167839
0.0007782891043461859
0.08085276186466217
0.09089362621307373
0.0041887485422194
-0.06499897688627243
0.012392424046993256
-0.11277037113904953
-0.027777593582868576
-0.03485069051384926
-0.061745043843984604
-0.013127395883202553
-0.003022917779162526
-0.013597304932773113
-0.029319364577531815
-0.023184848949313164
-0.04780809208750725
-0.07576730847358704
-0.00395673094317317
0.03445766493678093
0.028263559564948082
-0.03241541609168053
0.019179638475179672
0.028385283425450325
-0.024526383727788925
0.029462233185768127
0.013157358393073082
0.3087220788002014
0.34000691771507263
0.7424985766410828
1.0026037693023682
0.9822760224342346
1.6390529870986938
-0.00978060718625784
0.04295378550887108
0.8842955827713013
0.8312035202980042
0.1492483913898468
0.419586181640625
0.26543280482292175
0.19004249572753906
0.6261979341506958
1.2178603410720825
0.030087685212492943
0.33148372173309326
-0.23502162098884583
-0.1634722203016281
0.005810162518173456
0.3525952696800232
-0.09359058737754822
0.13730010390281677
-0.04574953764677048
0.021258367225527763
0.025911584496498108
0.06742708384990692
-0.04224925488233566
-0.10783135890960693
0.5091451406478882
0.26489776372909546
0.002091063419356942
-0.048293158411979675
-0.3781142234802246
-0.12705938518047333
-0.2876727283000946
0.3184155523777008
0.11051378399133682
0.0018643788062036037
0.09901155531406403
-0.04828665778040886
-0.06293687224388123
0.014621278271079063
-0.20893560349941254
-0.00032690385705791414
-0.028985606506466866
-0.1756434440612793
0.5645248293876648
0.2742903232574463
-0.1481993943452835
0.08486182987689972
0.7968407869338989
-0.29689621925354004
0.3124277591705322
0.6921762824058533
0.07349611818790436
0.40287506580352783
0.2675972878932953
1.7479208707809448
-0.10360461473464966
0.6732388138771057
1.2141404151916504
1.2516893148422241
-0.13269715011119843
-0.15458695590496063
-0.11506045609712601
0.11270712316036224
0.217576265335083
-0.2057475596666336
-0.0018069404177367687
0.07796979695558548
0.24488075077533722
0.02282608672976494
-0.1023382619023323
0.36813220381736755
0.0030551874078810215
0.0011955475201830268
0.022762609645724297
-0.04800703376531601
0.08985966444015503
0.008985486812889576
0.18845951557159424
-0.15360789000988007
0.719146728515625
-0.09094671159982681
-0.4137061536312103
0.16410885751247406
0.325337678194046
0.004586425609886646
0.19346415996551514
1.2136682271957397
-0.04229211434721947
0.2587975561618805
0.6022282242774963
1.2421071529388428
0.09299417585134506
-0.10138066112995148
-0.22474205493927002
0.11531569808721542
0.3663233816623688
-0.28295379877090454
-0.0835597887635231
0.26681947708129883
-0.014102906920015812
0.045227937400341034
-0.06820205599069595
0.3670012056827545
0.006102903746068478
0.2531147003173828
0.10670993477106094
0.06505578756332397
0.04317932575941086
0.06254737824201584
0.43609148263931274
0.12891200184822083
0.5953965187072754
0.12602177262306213
-0.3968934118747711
-0.1320418268442154
0.38267332315444946
-0.16797657310962677
-0.12286251038312912
0.41881054639816284
0.03440053388476372
0.04448491707444191
0.22920751571655273
0.5375739932060242
0.2525094747543335
-0.32633817195892334
0.0312348622828722
0.23432502150535583
0.2782890498638153
0.17983795702457428
0.2675114870071411
0.40552595257759094
0.37781044840812683
-0.17169515788555145
-0.23955658078193665
0.1960204839706421
0.06123531237244606
0.15957990288734436
0.7493324279785156
0.30236488580703735
-0.22509951889514923
-0.17302659153938293
-0.04628296568989754
0.06439471244812012
0.2910417914390564
-0.2571079432964325
-0.016302945092320442
0.15567880868911743
0.02473122999072075
-0.050273291766643524
-0.04177740216255188
0.37741804122924805
-0.06455501168966293
0.0010467383544892073
0.11036460101604462
0.0331018902361393
-0.1484575718641281
0.3006289005279541
-0.3866366446018219
-0.06092972308397293
0.06314457207918167
0.3816605508327484
0.00848117470741272
0.20321792364120483
-0.11603426188230515
-0.3083549439907074
-0.18568192422389984
0.0546540804207325
0.09359671920537949
0.17799490690231323
0.5921077132225037
0.653847873210907
-0.043286826461553574
-0.004880418069660664
-0.0376032292842865
0.03679286688566208
0.019429223611950874
0.038160283118486404
0.028618834912776947
-0.03303096443414688
0.03932914510369301
0.006068041548132896
-0.12153731286525726
0.12700213491916656
-0.05542739853262901
0.06515571475028992
-0.01595824584364891
0.06849843263626099
-0.01060064509510994
0.030642131343483925
0.3094092607498169
0.1600145548582077
0.11508584022521973
0.5284057855606079
-0.09994599968194962
-0.05635753646492958
-0.575386106967926
0.6398686170578003
-0.21606968343257904
0.05516388639807701
-0.036285437643527985
-0.020183613523840904
0.09190884977579117
-0.0828455314040184
0.7049089074134827
0.6092243194580078
0.5775706171989441
0.7384693622589111
0.7976855039596558
1.2269343137741089
0.02652049995958805
0.0036445155274122953
0.5705958008766174
0.615347146987915
-0.050334081053733826
0.9242242574691772
0.014318388886749744
-0.20326386392116547
0.6602381467819214
0.7009232640266418
0.5148382782936096
0.09540985524654388
-0.15872423350811005
0.018092390149831772
0.48301148414611816
-0.18918070197105408
-0.14263594150543213
0.4292515516281128
0.08405349403619766
0.06935954838991165
0.05179101973772049
0.6157402396202087
-0.13667315244674683
0.549538791179657
0.2244952768087387
0.39950186014175415
-0.060337893664836884
-0.25322774052619934
-0.23394304513931274
0.04990190267562866
0.3626076281070709
-0.30475571751594543
-0.10323216021060944
0.15986274182796478
-0.021949173882603645
0.0899977833032608
-0.08241799473762512
0.40428751707077026
0.04320162534713745
0.11455053091049194
-0.07686607539653778
0.13802160322666168
-0.07645731419324875
-0.16630202531814575
-0.08337879925966263
-0.05454796180129051
-0.1773528754711151
0.1694868803024292
-0.23038332164287567
-0.08954545110464096
-0.09007075428962708
0.12233194708824158
-0.12939025461673737
-0.08307492733001709
-0.18352651596069336
0.05945919454097748
-0.0055075353011488914
0.03273310139775276
0.21695207059383392
0.22937150299549103
0.09591040015220642
-0.019491787999868393
0.23238630592823029
-0.12787583470344543
-0.2421073615550995
0.07574920356273651
-0.11801866441965103
-0.18935523927211761
0.01014406606554985
0.40069490671157837
0.0692913606762886
0.1434008926153183
0.3530908524990082
0.4641440510749817
0.05755716934800148
-0.05399840697646141
0.06965379416942596
-0.018366672098636627
-0.06948435306549072
0.2311747670173645
0.12569846212863922
-0.030535155907273293
0.07790549844503403
0.04819010570645332
-0.009754445403814316
-0.01490444503724575
-0.029764633625745773
-0.00621689110994339
-0.015838460996747017
-0.1251327246427536
0.5766139030456543
-0.13982197642326355
-0.049005161970853806
0.1582471877336502
0.5025080442428589
0.001413133810274303
0.13362795114517212
0.35499823093414307
-0.042223814874887466
-0.03754258155822754
-0.18053556978702545
0.8212960958480835
-0.041714899241924286
0.8028320074081421
0.2947225868701935
-0.24759502708911896
-0.21474595367908478
0.4333336651325226
0.68769371509552
0.5264390110969543
0.7074066400527954
0.5981517434120178
0.044905029237270355
-0.25613775849342346
0.9581076502799988
0.022287020459771156
0.24474729597568512
0.1296645700931549
0.2985306978225708
0.13969463109970093
0.20666763186454773
0.9781279563903809
0.4896458685398102
0.7250969409942627
0.5667188167572021
0.8054420351982117
0.7262354493141174
1.5198960304260254
0.2469632625579834
0.18649956583976746
0.9393714666366577
0.6991631388664246
-0.058818235993385315
0.7014079689979553
0.14462557435035706
0.13910649716854095
0.6351805329322815
0.7451860904693604
0.3102373480796814
-0.13515788316726685
0.34244510531425476
0.7796953320503235
0.4729081988334656
-0.0005257015000097454
0.36056840419769287
0.21134909987449646
0.24448521435260773
0.5780322551727295
0.02259138412773609
0.5961368680000305
0.5140209197998047
0.3705531656742096
0.1882553994655609
0.6731551885604858
0.027463631704449654
0.10128003358840942
-0.006879315245896578
-0.009887988679111004
-0.0313606783747673
-0.03238888457417488
-0.07725684344768524
-0.013799039646983147
-0.04793637990951538
0.03285878896713257
0.03990225866436958
-0.012280632741749287
0.002011871663853526
0.034834928810596466
0.012091236189007759
-0.05735938251018524
-0.3091304898262024
0.06763298809528351
0.05682967230677605
0.11401819437742233
0.6029757857322693
-0.28234535455703735
-0.2776011824607849
0.2859170734882355
-0.12365441024303436
-0.06351423263549805
0.3585342466831207
0.8500660061836243
-0.09047141671180725
0.22504101693630219
0.07624239474534988
0.5570584535598755
-0.053298503160476685
-0.08593115210533142
0.017431437969207764
0.015613855794072151
-0.3575136363506317
0.2992549538612366
-0.07913889735937119
-0.0493248775601387
-0.2341429889202118
0.02203475683927536
-0.14031140506267548
-0.08558016270399094
0.09743883460760117
0.11095272749662399
0.09618020057678223
0.035873182117938995
0.23082169890403748
0.31664007902145386
0.3135606348514557
0.39922934770584106
0.5186958312988281
0.8972907066345215
-0.1602991372346878
0.2125742882490158
0.02239255979657173
-0.14662416279315948
0.1291401982307434
0.24806281924247742
-0.05759178847074509
0.05803689733147621
0.513629674911499
0.8987916111946106
0.003932373132556677
0.05362729728221893
-0.01728963851928711
-0.04728982597589493
-0.020502503961324692
-0.06124234199523926
0.029761087149381638
0.08235698938369751
0.030013196170330048
-0.040850114077329636
-0.011839263141155243
0.009609621949493885
-0.03886006399989128
-0.029568739235401154
0.06829576194286346
-0.029894329607486725
-0.012712264433503151
-0.17140579223632812
-0.1907063126564026
0.06210561841726303
0.2712829113006592
-0.4597129225730896
0.014663849957287312
0.1360086053609848
-0.004833067301660776
0.04852764680981636
-0.16229364275932312
0.573386549949646
0.013413608074188232
0.13947737216949463
0.0323687382042408
0.2629920244216919
-0.1613086611032486
-0.019269896671175957
0.3154626786708832
0.0672040805220604
0.2497183233499527
0.1937909871339798
-0.21462541818618774
0.09900161623954773
-0.19739793241024017
0.3107675611972809
-0.25357306003570557
0.1513555347919464
-0.043589916080236435
-0.10852223634719849
-0.09600036591291428
0.2601499855518341
0.01977486163377762
0.015781540423631668
0.042017899453639984
0.046636514365673065
0.002778190653771162
0.023646747693419456
0.04166664928197861
0.05517638102173805
0.029877979308366776
0.018518665805459023
0.03859064355492592
-0.06121054291725159
-0.0159266609698534
0.1015356257557869
0.05339961498975754
-0.025701705366373062
-0.015201099216938019
0.05823895335197449
0.05676212161779404
0.05714051425457001
-0.019210170954465866
-0.03887135162949562
-0.017422914505004883
-0.045057762414216995
0.010050690732896328
-0.01234117429703474
0.04089559614658356
-0.04460804909467697
-0.015652628615498543
0.020430102944374084
0.0045644622296094894
0.02970009110867977
-0.42597126960754395
-0.3188035488128662
-0.40817058086395264
-0.4622005820274353
-0.4110355079174042
-2.439628839492798
-0.573207676410675
-0.1391499787569046
-0.28339600563049316
-1.4215062856674194
-0.7725316286087036
-0.23726747930049896
-0.13121046125888824
-0.11998254060745239
-0.66447913646698
-1.1965245008468628
0.14649751782417297
-0.528825044631958
0.8028422594070435
0.21910353004932404
0.28158682584762573
-0.627298891544342
-0.10955317318439484
-0.13653728365898132
0.44043803215026855
-0.03968363627791405
0.04423770681023598
0.2837505638599396
0.02231840044260025
0.07049964368343353
-0.5481855869293213
-0.3677307963371277
-0.0592164471745491
0.007786870934069157
0.7038053274154663
0.17971321940422058
0.29208216071128845
-0.23653481900691986
0.076507568359375
0.0024338874500244856
0.1466650515794754
-0.054376352578401566
0.04643889144062996
-0.0318039245903492
0.27800190448760986
0.02615102380514145
-0.08393048495054245
0.14598621428012848
-0.88363116979599
-0.07876703143119812
-0.10043498873710632
-0.06450116634368896
-0.28007814288139343
-0.5417551398277283
-0.8836328387260437
-0.6146625280380249
-0.006900823675096035
-0.29638931155204773
0.0039440905675292015
-1.6111433506011963
0.17187714576721191
-0.5576601624488831
-1.215215802192688
-1.471739649772644
0.032880861312150955
0.607329785823822
0.2046055644750595
-0.01942073181271553
-0.5465399026870728
0.1398751437664032
0.04599537327885628
-0.05658543109893799
-0.23576492071151733
-0.16361568868160248
0.12335485219955444
-0.5879113078117371
-0.0628821924328804
-0.03593822196125984
0.2377612590789795
-0.07147490233182907
-0.2626800239086151
0.37075403332710266
0.5768505334854126
0.6669548749923706
-0.17789365351200104
-0.6214303374290466
-0.2513866126537323
-0.45262134075164795
0.04325802996754646
-0.23575188219547272
-0.04493376612663269
-0.9070358872413635
0.12594489753246307
-0.3774814009666443
-0.39306527376174927
-0.774357259273529
-0.2700310945510864
0.4294048845767975
0.12437218427658081
-0.07222341746091843
-0.8834414482116699
0.05186524614691734
0.04269140586256981
-0.1569978892803192
0.03365249186754227
-0.08081863820552826
0.08343653380870819
-0.49850720167160034
-0.014326760545372963
-0.01912536472082138
0.06611483544111252
-0.1723666936159134
0.2024817317724228
0.36128097772598267
0.2517903745174408
0.4874960482120514
0.06017642840743065
0.05501517280936241
0.039988093078136444
0.17157205939292908
-0.15796390175819397
-0.07799170166254044
-0.09819809347391129
0.07638385891914368
0.15503089129924774
-0.11152723431587219
-0.15600387752056122
-0.374082088470459
-0.4632534086704254
1.0270975828170776
0.4183238744735718
-0.08362255990505219
-0.5093339681625366
-0.47018593549728394
-0.20237059891223907
-0.2564336657524109
-0.4670935571193695
0.16892492771148682
0.5140206813812256
-0.07950840145349503
-0.023885637521743774
-0.3173520863056183
-0.737663209438324
-0.5985082983970642
0.274344265460968
0.46612748503685
0.06307508796453476
-0.04492341727018356
-0.6222394108772278
0.18703338503837585
0.06430818140506744
-0.08959278464317322
-0.02797730639576912
-0.1266707330942154
0.1743471920490265
-0.5412657260894775
-0.03438961133360863
0.028938403353095055
0.2513483762741089
-0.07842852175235748
0.19747397303581238
0.334870845079422
0.5413143634796143
0.01065372209995985
0.11094044893980026
-0.5108463764190674
-0.12638987600803375
-0.15884947776794434
0.1908048540353775
-0.021162034943699837
0.23932407796382904
0.42760080099105835
0.027634773403406143
-0.020991329103708267
-0.199229434132576
-1.0035219192504883
0.04812565818428993
-0.06799688190221786
0.0928596705198288
-0.0797068327665329
-0.0007588857552036643
0.020223921164870262
0.08399724215269089
0.006466217339038849
0.010452022776007652
0.025804121047258377
-0.029873939231038094
-0.04494285210967064
-0.024613933637738228
-0.058063898235559464
-0.02960948832333088
0.04469867795705795
-0.042955029755830765
0.17261917889118195
-0.18409967422485352
-0.12941865622997284
-0.10726911574602127
-0.6249158382415771
0.14794915914535522
-0.06460762768983841
0.627966046333313
-0.6979995369911194
0.016159305348992348
0.07059967517852783
0.01943504996597767
-0.025365713983774185
-0.025340944528579712
0.0008440949604846537
-0.7245896458625793
-0.29382848739624023
-0.29715707898139954
-0.12502643465995789
-0.34984466433525085
-2.003847599029541
-0.751137912273407
-0.025012288242578506
0.12177250534296036
-1.149111270904541
-0.4571651220321655
-0.6359114646911621
0.08118967711925507
0.054672807455062866
-0.6533539295196533
-0.47042733430862427
-0.7004359364509583
0.23405079543590546
0.4966352880001068
0.05956738814711571
-0.34407106041908264
-0.13575740158557892
0.13238537311553955
-0.2933128774166107
0.11924871802330017
-0.0383772999048233
0.05171792209148407
-0.5169474482536316
0.1883932501077652
-0.4794975817203522
0.0882176011800766
-0.20759277045726776
0.04426855966448784
1.0208866596221924
0.3922692835330963
-0.03297276794910431
-0.695971667766571
0.2734883725643158
0.039613574743270874
-0.08658485859632492
-0.0490548312664032
-0.26868322491645813
0.10898999124765396
-0.6590097546577454
-0.043019384145736694
0.044976770877838135
0.41843050718307495
-0.15416383743286133
0.15224739909172058
0.3182355761528015
1.0093880891799927
0.4084014296531677
0.13525716960430145
-0.6465065479278564
0.1322862058877945
0.020701542496681213
0.30432531237602234
-0.12047921121120453
-0.12234356254339218
-0.18557031452655792
0.1604699343442917
-0.13442346453666687
-0.008981752209365368
0.2554962635040283
-0.13952384889125824
0.21494336426258087
0.5498520731925964
0.0618862584233284
0.03970930725336075
-0.6272894740104675
0.08035098761320114
-0.13744884729385376
-0.016599588096141815
0.10779344290494919
0.16631485521793365
-0.39994925260543823
-0.010257089510560036
-0.03956923633813858
-0.06135549023747444
-0.34519848227500916
-0.06338324397802353
0.05255855619907379
0.007381538860499859
-0.016057675704360008
-0.05275265499949455
-0.0904231071472168
-0.03494179621338844
0.017550723627209663
-0.037204138934612274
-0.058854490518569946
0.020349428057670593
0.07597138732671738
-0.005621599033474922
0.02534591779112816
0.02751670777797699
0.27533048391342163
-0.7846669554710388
0.23128090798854828
-0.01768234372138977
-0.16538795828819275
-0.4992119073867798
-0.27532780170440674
-0.022225655615329742
-0.7016781568527222
-0.002175599802285433
0.06765186786651611
0.41550928354263306
-0.8717207908630371
-0.002001261804252863
-0.7883556485176086
-0.5134217739105225
0.3133200705051422
0.36661872267723083
0.2035653293132782
-0.1259830892086029
-0.15614062547683716
-0.7038841843605042
-0.4789796471595764
0.056497037410736084
0.10110462456941605
-0.3287470042705536
-0.6978960037231445
-0.5345103740692139
-0.2319098711013794
0.06509019434452057
-0.09495297074317932
-0.05175459757447243
-1.14103102684021
-0.551253080368042
-0.3447171449661255
0.11804429441690445
-0.2754214107990265
-0.030486783012747765
-2.2061104774475098
-0.7452437877655029
-0.385115385055542
-0.1922851800918579
-1.311957597732544
-0.4903837740421295
-0.5782074332237244
-0.12897755205631256
-0.1067243292927742
-0.33254992961883545
-0.4786509871482849
-0.6079232692718506
0.7444625496864319
0.6124163866043091
-0.29322636127471924
-0.4581928849220276
-1.0169130563735962
-0.0940917432308197
-0.027215898036956787
0.240321084856987
-0.6101732850074768
-0.26440146565437317
-0.9835554957389832
-0.19365014135837555
-0.4053305983543396
-0.04192834347486496
-0.45548561215400696
0.04713045805692673
-0.07674816995859146
-0.009487971663475037
0.05688009038567543
-0.06907623261213303
0.03437947481870651
-0.05774053931236267
0.13129602372646332
-0.08738352358341217
-0.0381910540163517
0.10871007293462753
0.05584697052836418
0.023070599883794785
-0.02739189751446247
0.028006741777062416
-0.017378132790327072
0.20453907549381256
0.5312405228614807
0.4357511103153229
-0.023693418130278587
-0.4282940924167633
-0.3016536235809326
0.21440815925598145
-0.4440656304359436
0.2164030373096466
-0.06743919104337692
0.05700988695025444
-0.8761981129646301
0.18006233870983124
-0.177446186542511
0.18284972012043
-0.63564133644104
0.19097420573234558
0.23155434429645538
0.8064852952957153
0.15484142303466797
0.584578275680542
-0.5998081564903259
0.03895078971982002
0.1359352022409439
0.23752576112747192
-0.03800376132130623
0.16790497303009033
0.20317687094211578
0.004929496441036463
-0.048307064920663834
0.14475232362747192
0.03057030215859413
-0.28577443957328796
0.01808873377740383
0.2330060601234436
-0.10454410314559937
-0.04064314812421799
-1.320766806602478
-0.5134963989257812
-0.22833450138568878
0.3659208416938782
-0.15820519626140594
-0.2563912570476532
0.11721096187829971
0.13420414924621582
-0.07030796259641647
-0.4841424822807312
-0.7008490562438965
-0.04981282725930214
0.16291143000125885
0.01798831671476364
0.04842336103320122
0.015826649963855743
-0.02017098292708397
-0.007111597806215286
0.05828133597970009
-0.006984327454119921
0.03329901397228241
0.014418410137295723
-0.053320493549108505
-0.00693307351320982
0.057726986706256866
0.03602413088083267
-0.005952710285782814
-0.16807185113430023
0.9371655583381653
0.5236753821372986
0.03917399421334267
-0.9150111675262451
0.14732174575328827
-0.08256983757019043
-0.21145179867744446
0.003490458009764552
-0.11453144252300262
0.22478404641151428
-0.8955689668655396
-0.07269138097763062
0.03342480957508087
0.27514150738716125
-0.3737921416759491
0.08992736786603928
0.6946704387664795
0.029785577207803726
-0.08527946472167969
-0.30812233686447144
-0.6770555973052979
0.252159059047699
0.017994126304984093
0.2394377887248993
-0.6435285806655884
0.08426503092050552
-0.24369165301322937
0.0863196849822998
0.19049842655658722
0.2596607804298401
-0.13872124254703522
-0.02255662903189659
-0.014891286380589008
-0.04409309849143028
0.0017736682202666998
0.10255415737628937
-0.05044858157634735
0.05771332234144211
-0.033587682992219925
0.024690937250852585
-0.05758894234895706
-0.03328888118267059
-0.0034923201892524958
0.04626346752047539
-0.05332247540354729
-0.06707403808832169
0.021425431594252586
0.023703178390860558
-0.024280156940221786
-0.0710156261920929
-0.01922520063817501
0.03859022259712219
-0.0023833210580050945
0.0011486831353977323
-0.00826723501086235
-0.056902069598436356
-0.06224740296602249
0.04704216122627258
0.016194071620702744
0.055230025202035904
-0.031722549349069595
0.062049344182014465
0.027490928769111633
-0.5195496678352356
-0.25673767924308777
-0.49979498982429504
-0.4355817139148712
0.08358379453420639
-2.596463680267334
-0.44942495226860046
-0.28639107942581177
0.24840378761291504
-1.6158828735351562
-0.35514041781425476
0.24516575038433075
-0.08772234618663788
-0.23926882445812225
0.08505785465240479
-0.26685482263565063
0.25264301896095276
-0.6033117175102234
0.6995258927345276
0.19599729776382446
0.31817448139190674
-0.6548914909362793
-0.1554679572582245
-0.16058294475078583
0.45557695627212524
0.006387882400304079
0.32219648361206055
0.6419470906257629
-0.023100513964891434
0.03834221512079239
0.022338662296533585
0.3259522616863251
-0.05343746766448021
-0.10320476442575455
0.6988700032234192
0.17284078896045685
0.0678621232509613
-0.39809057116508484
0.014869583770632744
0.03156856447458267
0.18313059210777283
-0.06586652994155884
0.06918451189994812
-0.0485750287771225
0.28654608130455017
0.06714964658021927
-0.07599271088838577
0.16802793741226196
-0.8849520087242126
0.16435888409614563
0.2505529224872589
-0.055541444569826126
0.054425522685050964
-0.5494579672813416
-0.5810409784317017
-0.2651578485965729
0.044358592480421066
0.41389936208724976
0.6199157238006592
-0.3473556935787201
0.12437641620635986
0.05288948118686676
-0.0399446003139019
-0.8591278791427612
0.22709769010543823
0.6162538528442383
0.28300386667251587
-0.02957793138921261
-0.6804764866828918
0.2199448198080063
0.11727478355169296
0.014394821599125862
-0.21776002645492554
-0.06886035948991776
0.29408565163612366
-0.06934894621372223
0.03959145396947861
0.1739826798439026
0.2756296694278717
0.06929574906826019
-0.4719257950782776
0.31826603412628174
0.6092936396598816
0.49940216541290283
0.07776228338479996
-0.4321999251842499
0.04850160703063011
-0.10826744884252548
0.2180931717157364
0.09040256589651108
0.5067230463027954
-0.043642811477184296
0.10804678499698639
0.2391117811203003
0.5463649034500122
0.041380494832992554
-0.13468129932880402
0.5894722938537598
0.09449039399623871
-0.03304578736424446
-0.808991551399231
0.116989865899086
0.13317015767097473
-0.06033170595765114
-0.018440650776028633
-0.07822743058204651
0.40743446350097656
-0.17150403559207916
0.009044906124472618
0.21121661365032196
0.34484976530075073
-0.19939109683036804
0.17279347777366638
0.543652355670929
0.2596656382083893
0.3561026453971863
0.48319211602211
-0.003185136942192912
-0.03622572124004364
0.11073744297027588
0.3097648024559021
0.19110581278800964
0.11688446998596191
0.4572741389274597
0.24974751472473145
0.2340773195028305
0.4150462746620178
0.34551703929901123
-0.23482820391654968
0.9021254181861877
0.5083972811698914
-0.03378615155816078
-0.1998666673898697
-0.28499844670295715
-0.3814290165901184
-0.31703272461891174
-0.651771605014801
0.3160429298877716
0.6409305334091187
0.14863798022270203
0.014420653693377972
0.1447930485010147
-0.02622389979660511
-0.033860206604003906
0.36125943064689636
0.4146864712238312
-0.0046106865629553795
0.03292727470397949
-0.6084734797477722
0.2500454783439636
0.09453297406435013
-0.09108301997184753
-0.04226211830973625
-0.10131169855594635
0.37019652128219604
0.04048783332109451
-0.09173769503831863
0.24956223368644714
0.32124143838882446
-0.17440630495548248
0.08175472915172577
0.3973286747932434
0.5633068084716797
0.06123756989836693
0.26032739877700806
-0.5824590921401978
-0.056599512696266174
-0.16898107528686523
0.32555311918258667
0.2466854602098465
0.4339989721775055
0.7849376797676086
-0.014270422048866749
0.12745976448059082
0.16881360113620758
-0.13791416585445404
0.0493459552526474
0.05894354730844498
-0.07904723286628723
-0.021962471306324005
-0.033734310418367386
0.03518438711762428
0.0018859361298382282
0.043382953852415085
-0.03511137142777443
0.014297503046691418
-0.004889803007245064
-0.07034512609243393
0.02863217703998089
-0.06631004065275192
0.0016922474605962634
-0.010093539021909237
0.02882196567952633
0.33936089277267456
-0.0830293521285057
-0.188587486743927
-0.28203073143959045
-0.6056772470474243
0.2169356346130371
-0.006210747640579939
0.8426310420036316
-0.756293773651123
0.21786367893218994
0.04930097982287407
0.09248317778110504
-0.02137785591185093
0.23109252750873566
-0.02022598311305046
-0.4667899012565613
-0.373294860124588
-0.3040810227394104
-0.05406073108315468
-0.03460313752293587
-2.1468541622161865
-0.5514688491821289
0.05537537857890129
0.5634860396385193
-0.8917768001556396
0.12950122356414795
0.21434912085533142
0.1246684268116951
0.17813436686992645
0.41338232159614563
0.05273771286010742
-0.6120724081993103
0.1953500509262085
0.4271579086780548
-0.013420726172626019
0.07537896186113358
0.09685500711202621
0.31735917925834656
-0.3094053566455841
0.2310742437839508
0.3321191668510437
0.2666805386543274
0.49682778120040894
0.07177941501140594
-0.09887818247079849
0.3768974244594574
-0.08762892335653305
0.26947078108787537
0.8642988801002502
0.4701600670814514
-0.13683879375457764
-0.9055881500244141
0.4019347131252289
0.08789981156587601
0.07255328446626663
-0.040658190846443176
-0.19109320640563965
0.3558270037174225
-0.9138888120651245
-0.10074374824762344
0.2611422538757324
0.4050436317920685
-0.4475747048854828
0.10844141244888306
0.5007804036140442
1.013235330581665
0.32399725914001465
0.33456841111183167
-0.722308874130249
0.08625107258558273
0.060230135917663574
0.5075326561927795
0.013380582444369793
-0.0847916230559349
-0.15885621309280396
0.1607215702533722
0.1543002873659134
0.23149321973323822
0.5188945531845093
-0.5015203952789307
0.23000100255012512
0.43291234970092773
0.09047881513834
0.3364015221595764
-0.4410301744937897
-0.024247953668236732
-0.07093177735805511
0.0805618166923523
0.27784252166748047
0.5100910067558289
-0.02845824882388115
0.02309044823050499
0.21675333380699158
0.3168172836303711
-0.114364854991436
0.018801318481564522
0.11254807561635971
-0.06009232625365257
-0.04480992630124092
0.08161241561174393
-0.1490376740694046
0.061478182673454285
0.0032918660435825586
-0.008224831894040108
0.019586103036999702
-0.029228894039988518
-0.0009404519223608077
-0.05066428706049919
-0.07138902693986893
-0.018253130838274956
0.4436894655227661
-0.7560999393463135
0.32716143131256104
-0.022746767848730087
-0.19327400624752045
-0.5115585327148438
-0.385283499956131
-0.15674524009227753
-0.6445169448852539
-0.03991684317588806
0.3450009822845459
0.3836400806903839
-0.9059256911277771
-0.04894960671663284
-0.3756897449493408
0.05580710619688034
0.29275715351104736
0.42033499479293823
0.17024758458137512
-0.22035737335681915
-0.05176401883363724
-0.4567277729511261
-0.3115001916885376
0.010027876123785973
0.16539552807807922
-0.048759352415800095
-0.6844959259033203
-0.5818009972572327
0.13255475461483002
-0.0340547189116478
0.3469032645225525
0.6042670607566833
-0.6811767816543579
-0.4569196403026581
-0.14795054495334625
0.1265551596879959
-0.2127423733472824
0.2561665177345276
-2.6418094635009766
-0.6220493316650391
-0.06903620064258575
0.2188863307237625
-1.5809335708618164
-0.08983223885297775
-0.04252706095576286
0.03048437088727951
0.040134500712156296
0.42872846126556396
-0.06171305850148201
-0.6975111961364746
0.5663961172103882
0.6700093746185303
-0.34227877855300903
-0.5438122749328613
-0.7326062917709351
0.061643850058317184
-0.13130880892276764
0.4548262357711792
-0.2489604353904724
0.023738276213407516
-0.5510873198509216
-0.02363465540111065
-0.15062707662582397
0.39015763998031616
-0.02395457588136196
0.011312829330563545
0.0264087226241827
0.021962108090519905
0.08011628687381744
0.011022028513252735
-0.0007045832462608814
0.013188948854804039
-0.035033393651247025
0.010273834690451622
0.004526089411228895
-0.09032035619020462
0.017495442181825638
0.001240111538209021
-0.03205496072769165
0.004628658760339022
0.03716542199254036
0.4249926805496216
0.48268789052963257
0.4937603175640106
-0.07460930198431015
-0.3538688123226166
0.1104467362165451
0.225244402885437
-0.22324852645397186
0.28732267022132874
0.2147507667541504
0.21699543297290802
-0.04881858453154564
0.028623344376683235
0.13589072227478027
0.6029239892959595
-0.09730793535709381
0.051498737186193466
0.2556961178779602
0.7015111446380615
0.23873277008533478
0.8720650672912598
-0.7099245190620422
0.0874934047460556
0.04485074058175087
0.4100637137889862
0.046012911945581436
0.006638091988861561
0.6913830637931824
-0.09316323697566986
0.12778402864933014
0.27404388785362244
0.20502419769763947
-0.45690515637397766
0.07226187735795975
0.23617000877857208
-0.07445943355560303
0.3200235962867737
-1.4299960136413574
-0.4805263876914978
-0.16256096959114075
0.6380085349082947
-0.24140861630439758
0.10013130307197571
0.30625370144844055
0.1379842460155487
0.20563100278377533
0.00920924637466669
-0.16182944178581238
0.07797635346651077
0.03227270394563675
-0.03504374623298645
-0.06113453954458237
0.004622678272426128
-0.020181527361273766
-0.0206279493868351
-0.0043057105503976345
0.07664866000413895
0.03238028287887573
0.04892010614275932
0.040805622935295105
0.03506435826420784
0.0789833664894104
0.050145018845796585
-0.06099473312497139
-0.16005147993564606
0.8946801424026489
0.4821428060531616
-0.028601648285984993
-0.9108580946922302
0.15442584455013275
-0.010046040639281273
-0.11239666491746902
-0.019548019394278526
0.08936057984828949
0.491905152797699
-0.4111280143260956
0.13554824888706207
0.17005565762519836
0.4792872369289398
-0.12599970400333405
0.335500031709671
0.6750797629356384
0.13455531001091003
-0.0023098301608115435
-0.5013828873634338
-0.7220138907432556
0.31967028975486755
0.023408377543091774
0.47084692120552063
-0.834348738193512
0.1565336436033249
-0.2788182199001312
0.16190819442272186
0.2868988811969757
0.5712937116622925
-0.025726625695824623
0.08540157973766327
-0.022215845063328743
0.06242287531495094
-0.00931665487587452
0.04577217251062393
0.017121117562055588
-0.07410849630832672
0.03412910923361778
-0.010948204435408115
-0.07116586714982986
-0.03358995541930199
0.03161489963531494
-0.061431895941495895
0.01658833771944046
-0.0346369631588459
-0.0480806827545166
0.004598396364599466
0.011416912078857422
0.01831899955868721
0.010670553892850876
0.00803050771355629
0.04487135633826256
-0.07594010978937149
0.029072405770421028
-0.0198211707174778
-0.004205650649964809
-0.015233369544148445
-0.02163839153945446
0.022481102496385574
0.009514563716948032
0.0010066838003695011
0.06553244590759277
-0.38623499870300293
-0.6448549628257751
-0.89582359790802
-0.7842164635658264
0.609082043170929
-1.9346373081207275
-0.5323666930198669
-0.2169087529182434
0.6788842082023621
-1.05614173412323
-0.6859302520751953
0.33525213599205017
0.29801949858665466
-0.15241739153862
-0.37878522276878357
0.17370977997779846
0.2962872087955475
-0.8128132224082947
0.9937970638275146
0.3651815354824066
0.522365391254425
-0.9018967747688293
-0.22515763342380524
-0.21130576729774475
0.3164597749710083
-0.08439544588327408
0.047594085335731506
0.17935316264629364
-0.1076587364077568
0.1732349842786789
-0.3066612482070923
0.07122502475976944
-0.0016643381677567959
-0.03378751128911972
0.8054154515266418
0.25745728611946106
-0.05769776925444603
-0.38586655259132385
0.029396656900644302
-0.02655601315200329
-0.12247487157583237
-0.013032658956944942
0.10694511979818344
-0.018595783039927483
0.035345952957868576
-0.0682280883193016
-0.06402048468589783
0.09977369010448456
-0.8273313045501709
-0.12820380926132202
0.060358647257089615
-0.09638767689466476
0.059236593544483185
-0.41949036717414856
-0.7717433571815491
-0.4279836118221283
-0.11991297453641891
-0.22572244703769684
0.18540602922439575
-0.11991515755653381
0.07189590483903885
-0.22273382544517517
0.08357700705528259
-0.492686003446579
0.17041395604610443
0.5580887794494629
0.3116147816181183
-0.07681353390216827
-0.6423050761222839
0.202858105301857
0.13007771968841553
-0.012304265052080154
-0.24055485427379608
-0.12615758180618286
0.12789984047412872
-0.2911189794540405
-0.0007256580865941942
0.05847664922475815
0.45875105261802673
-0.26739245653152466
-0.11557254940271378
0.4687485694885254
0.4959319829940796
0.7863864898681641
0.22400911152362823
-0.7290173172950745
-0.0288750771433115
-0.17971909046173096
0.23875166475772858
-0.1773120015859604
0.1684592217206955
-0.02391982078552246
0.12545353174209595
-0.0653061717748642
0.3049384355545044
0.32542353868484497
-0.1260131299495697
0.628637969493866
0.13924190402030945
-0.09183447062969208
-0.8517860174179077
0.16881991922855377
0.08637929707765579
-0.104354627430439
0.05521557107567787
-0.016135795041918755
0.11841727793216705
-0.3706073760986328
-0.08174152672290802
-0.11956413835287094
0.6344370245933533
-0.2977072596549988
0.26469653844833374
0.5006778836250305
-0.12554308772087097
0.5704619884490967
0.3748466670513153
-0.0682314783334732
0.04063263535499573
0.1663321554660797
0.25128039717674255
0.23170587420463562
0.14319650828838348
0.4049573838710785
0.17170478403568268
-0.03783894330263138
0.11896755546331406
0.3905126452445984
-0.20567700266838074
0.9083558917045593
0.46975281834602356
-0.07383338361978531
-0.39033040404319763
-0.23712338507175446
-0.2621957063674927
-0.2996479868888855
-0.689933180809021
0.12175887078046799
0.46486932039260864
0.4840025305747986
0.002488355152308941
-0.016252931207418442
-0.21496126055717468
-0.18484841287136078
0.12106209248304367
0.6042107343673706
-0.010986627079546452
0.003754527075216174
-0.5601205825805664
0.11723745614290237
0.13218113780021667
-0.02338120900094509
-0.010487920604646206
-0.1247941330075264
0.23039525747299194
-0.558277428150177
0.008770545944571495
-0.023762093856930733
0.36643585562705994
-0.2820760905742645
0.15432918071746826
0.23458342254161835
0.6857951283454895
-0.019086692482233047
0.38227811455726624
-0.8616118431091309
-0.053202591836452484
-0.18276773393154144
0.2938860356807709
0.10979069024324417
0.24273009598255157
0.5889512300491333
-0.025918414816260338
0.15745145082473755
-0.1390419453382492
-0.21133963763713837
0.015749352052807808
0.06311139464378357
-0.01728028617799282
-0.08289404958486557
-0.026472540572285652
-0.0012540193274617195
-0.006536371074616909
0.08607567846775055
-0.07883892208337784
0.0105061000213027
0.01934473216533661
0.06771856546401978
-0.008237523958086967
0.025520281866192818
-0.019741149619221687
0.0347212590277195
-0.011251798830926418
0.2636680603027344
-0.13575781881809235
-0.13918408751487732
-0.18962684273719788
-0.7141247391700745
0.2535715103149414
0.023611124604940414
0.6307088136672974
-0.7748442888259888
0.07269303500652313
-0.011932933703064919
0.26610109210014343
-0.010247085243463516
0.02396939881145954
0.03559637814760208
-0.30303382873535156
-0.5751977562904358
-0.719373881816864
-0.3332289755344391
0.16183090209960938
-1.4125325679779053
-0.8180180788040161
-0.08702468872070312
0.8361871242523193
-0.7609033584594727
-0.08691661059856415
0.3726337254047394
0.3407931327819824
0.17131307721138
-0.10060597956180573
0.6214150786399841
-0.5716663599014282
0.3012293875217438
0.6277961134910583
0.07756073772907257
-0.004580688197165728
0.05599185824394226
0.1483028084039688
-0.2756020128726959
0.11636877804994583
0.16461877524852753
0.13282079994678497
0.060045577585697174
0.17554719746112823
-0.2766178846359253
0.4699351489543915
0.0816316306591034
0.14515256881713867
1.1059839725494385
0.4492308497428894
0.03815539926290512
-0.9361254572868347
0.2612014710903168
-0.008804461918771267
0.02323347143828869
-0.035191524773836136
-0.20744295418262482
0.2079298198223114
-0.9487271904945374
-0.01365602109581232
-0.030743010342121124
0.6234976649284363
-0.45577239990234375
-0.08835460245609283
0.40578216314315796
0.7188754081726074
0.5404318571090698
-0.09340562671422958
-1.061911940574646
0.16027428209781647
0.03573370724916458
0.3791795074939728
-0.10811365395784378
-0.08752655982971191
-0.37441113591194153
0.2374320924282074
-0.06060507148504257
0.014915680512785912
0.32310113310813904
-0.5457308292388916
0.10004964470863342
0.44126763939857483
0.10429128259420395
0.39068469405174255
-0.5612229704856873
0.19412323832511902
0.05524200573563576
0.09993062168359756
0.06290269643068314
0.2099856287240982
0.10279178619384766
-0.028055591508746147
0.02862229384481907
0.15248700976371765
0.1272951066493988
0.08822105079889297
0.05125351995229721
-0.016726993024349213
-0.00291376281529665
-0.022444268688559532
-0.15108071267604828
0.06388234347105026
0.0266751479357481
-0.10598079115152359
-0.0016390766249969602
0.023183466866612434
0.04730049520730972
-0.001106760581023991
0.050229500979185104
0.030773529782891273
0.36099541187286377
-0.9076067209243774
0.3149755895137787
0.011457816697657108
-0.17890696227550507
-0.6478257179260254
-0.2462676614522934
-0.09856495261192322
-0.5497568249702454
0.06674985587596893
0.0804976150393486
0.5224308967590332
-1.0667223930358887
-0.017819562926888466
-0.535571277141571
-0.06681222468614578
0.3080384433269501
0.33894452452659607
0.03913433849811554
-0.662682294845581
-0.24007673561573029
-0.6871379613876343
-0.5764104723930359
0.22718454897403717
0.25349804759025574
0.3968912661075592
-0.7084524631500244
-0.4779711365699768
0.09506465494632721
0.30051350593566895
0.03339533880352974
0.4471598267555237
0.08349402248859406
-0.44522273540496826
-0.45285966992378235
-0.30753520131111145
-0.49584856629371643
0.5854736566543579
-2.050816297531128
-0.7490432858467102
-0.07097109407186508
0.6583940386772156
-1.199597954750061
-0.29610201716423035
0.019525988027453423
0.43813228607177734
-0.04934816434979439
0.03590521588921547
0.2316674441099167
-0.8372297883033752
0.8911186456680298
0.4577920138835907
-0.47437432408332825
-0.5642225742340088
-0.6878232955932617
-0.027467112988233566
-0.23584768176078796
0.7302573919296265
-0.8504418134689331
0.21897859871387482
-0.7353851795196533
0.14429686963558197
-0.30950552225112915
0.2985972464084625
0.04542389139533043
0.03649204224348068
-0.012822739779949188
-0.0038945646956562996
-0.006929663475602865
-0.021612579002976418
0.012465408071875572
-0.010665643960237503
0.04024063050746918
-0.0515453964471817
-0.01679891347885132
-0.025294994935393333
-0.0359007827937603
0.04570002108812332
-0.024465162307024002
0.040262382477521896
-0.008372459560632706
0.058203063905239105
0.8742522597312927
0.3941275477409363
-0.07745257019996643
-0.7218107581138611
-0.03590342774987221
0.19781669974327087
-0.26496660709381104
0.09361745417118073
-0.005509799811989069
0.22140899300575256
-0.2355741560459137
0.09329048544168472
-0.13115450739860535
0.482456237077713
0.2036241888999939
-0.06271335482597351
0.31703317165374756
0.7961410880088806
0.3321532607078552
0.5451905727386475
-0.8535615801811218
-0.008407811634242535
0.07843448966741562
0.30235040187835693
-0.00978304073214531
0.031762007623910904
0.5209006667137146
-0.039520204067230225
0.10742036253213882
0.055264174938201904
0.055781032890081406
-0.31502440571784973
-0.3174924850463867
0.16745354235172272
-0.05886906012892723
0.5795417428016663
-1.728536605834961
-0.3780890703201294
-0.2123006284236908
0.7265053391456604
-0.26486873626708984
-0.06725084781646729
0.6072649359703064
0.10823880136013031
0.0870550125837326
-0.13455627858638763
0.03666152432560921
-0.009459119290113449
0.02943662740290165
-0.043231572955846786
0.01908855512738228
0.0006272424361668527
-0.01121440064162016
0.030825145542621613
-0.04750608652830124
-0.09532121568918228
0.03901318088173866
-0.03983348235487938
0.059361692517995834
-0.014031865634024143
0.04214239493012428
0.07297634333372116
0.05710749700665474
-0.185372456908226
1.028403878211975
0.6472229361534119
-0.0010480880737304688
-0.81968092918396
0.18181312084197998
-0.062166228890419006
-0.029739048331975937
-0.010062521323561668
0.047237515449523926
0.23696361482143402
-0.2835733890533447
0.03523118048906326
0.06351146847009659
0.29548564553260803
-0.4212331473827362
0.30414897203445435
0.6787326335906982
-0.029530774801969528
0.15174725651741028
-0.774109959602356
-0.8302071690559387
0.41631409525871277
0.057888563722372055
0.3020734190940857
-0.7216351628303528
0.2010488361120224
-0.18072986602783203
0.26819899678230286
0.06427207589149475
0.4376497268676758
0.22889310121536255
0.01599549874663353
0.004830290097743273
0.026593301445245743
0.016882264986634254
-0.03729664534330368
-0.04590373858809471
0.053910549730062485
0.05223827809095383
-0.007750861346721649
-0.12554222345352173
-0.03399651497602463
-0.026749851182103157
0.006369548384100199
0.049679432064294815
-0.009281950071454048
-0.04002007469534874
0.006877283100038767
0.13828107714653015
-0.09638682752847672
0.09105058014392853
0.06061606481671333
0.0030616633594036102
0.028420142829418182
0.0055234394967556
-0.09292473644018173
0.060778189450502396
0.02076517418026924
-0.038558218628168106
-0.0006160413613542914
-0.011333456262946129
-0.01311358343809843
-0.03719654306769371
-0.4455122947692871
-0.6886417865753174
-0.7517444491386414
-0.6030624508857727
-0.33230680227279663
-2.028804063796997
-0.6799063086509705
-0.18425339460372925
-0.35226550698280334
-1.1821770668029785
-0.7808405756950378
-0.06363221257925034
-0.16234219074249268
-0.1483323723077774
-0.3808583617210388
-0.8203509449958801
0.05407138913869858
-0.5598013401031494
0.5480507612228394
0.3334503173828125
0.20818297564983368
-0.4082852005958557
-0.0401383712887764
-0.22644907236099243
0.38766786456108093
-0.018879199400544167
0.010863629169762135
0.2917061448097229
0.06935681402683258
0.06138200685381889
-0.456282377243042
-0.058269649744033813
-0.027769261971116066
0.026182981207966805
0.5789916515350342
0.2605532705783844
0.19218429923057556
-0.19593240320682526
0.02475939691066742
0.023024380207061768
-0.0666743814945221
0.014837061055004597
-0.04102553054690361
-0.013798423111438751
0.22556748986244202
0.059198103845119476
-0.040105078369379044
0.09021522849798203
-1.0158839225769043
-0.36218786239624023
-0.339054137468338
0.002799269277602434
-0.3377956449985504
-0.5432884097099304
-0.8104108572006226
-0.5447707772254944
-0.025995399802923203
-0.2694642245769501
0.004361970815807581
-1.273797631263733
0.10761801898479462
-0.4852674901485443
-1.0383350849151611
-1.3759233951568604
0.03929995000362396
0.23935332894325256
0.3138851821422577
-0.057544585317373276
-0.39468643069267273
0.153746098279953
0.13015590608119965
-0.10391315817832947
-0.2266419380903244
-0.032237458974123
0.16007840633392334
-0.47475340962409973
-0.002958315657451749
-0.06287785619497299
0.2062557339668274
-0.10265883058309555
-0.43155261874198914
-0.06913657486438751
0.17327673733234406
0.5298470258712769
-0.21591173112392426
-0.6420866847038269
-0.21606673300266266
-0.2274659276008606
0.052647557109594345
-0.17742878198623657
-0.06249459460377693
-0.7419030666351318
0.12868469953536987
-0.24268032610416412
-0.2830249071121216
-0.6684720516204834
-0.218133345246315
0.32465893030166626
0.06469730287790298
-0.04808672517538071
-0.7305903434753418
0.12507012486457825
0.05102991312742233
-0.12142934650182724
0.02801329456269741
-0.005610795225948095
0.14261026680469513
-0.49027422070503235
-0.08096285164356232
-0.17343856394290924
0.09038781374692917
-0.23571239411830902
0.07750269025564194
0.23285281658172607
-0.2852332293987274
0.32558807730674744
-0.16092228889465332
-0.15308567881584167
0.008205614052712917
0.13810625672340393
-0.07772941142320633
-0.03945828974246979
0.018525194376707077
0.13178329169750214
0.10655533522367477
-0.10569743812084198
0.0320553295314312
-0.2104893922805786
-0.4316650927066803
0.8504277467727661
0.42657923698425293
0.09980447590351105
-0.4683433771133423
-0.2291734218597412
-0.16883181035518646
-0.1758435070514679
-0.3985718786716461
0.22561797499656677
0.525200366973877
-0.09336113184690475
-0.002632125746458769
-0.2183067351579666
-0.3640556037425995
-0.3651449382305145
0.21590398252010345
0.21843300759792328
-0.02985137514770031
-0.01617663912475109
-0.4741792380809784
0.15867269039154053
0.060498401522636414
-0.056155845522880554
0.02387051284313202
-0.12480495125055313
0.24222683906555176
-0.5396965146064758
0.011425497941672802
-0.019757086411118507
0.16007506847381592
-0.06583492457866669
0.0539589487016201
0.06386799365282059
0.371542751789093
0.02383550815284252
0.18119461834430695
-0.6421962380409241
-0.13204362988471985
-0.12567155063152313
0.24213719367980957
0.026260290294885635
0.30757835507392883
0.35233941674232483
-0.0054161217994987965
-0.058377206325531006
-0.01120519544929266
-0.8321476578712463
-0.043490100651979446
0.04530945420265198
-0.06886885315179825
-0.04957777261734009
-0.04924992471933365
-0.03234660252928734
-0.06500479578971863
0.028995785862207413
-0.017726518213748932
0.0012645140523090959
-0.04661102592945099
0.02011629194021225
0.03461412712931633
0.01560054998844862
0.07729081809520721
-0.03736908733844757
0.008063046261668205
0.10194345563650131
-0.14521659910678864
-0.16391216218471527
-0.21686717867851257
-0.5802851915359497
0.1550980806350708
0.11006167531013489
0.659324049949646
-0.4744928777217865
-0.14330774545669556
0.07384458184242249
0.20774048566818237
0.003626869060099125
0.01980862207710743
0.18715280294418335
-0.7413991689682007
-0.5213989615440369
-0.8185611367225647
-0.3137694299221039
-0.4851818084716797
-1.6639955043792725
-0.6556373834609985
-0.1847485452890396
0.07593008875846863
-0.8703648447990417
-0.4412861764431
-0.4110172986984253
0.13523755967617035
-0.021717386320233345
-0.43959248065948486
-0.4247302711009979
-0.6854718923568726
-0.03607046231627464
0.2589263916015625
0.019416172057390213
-0.27753645181655884
-0.28887805342674255
0.18021683394908905
-0.27639564871788025
0.0867438018321991
0.08632300049066544
0.1650037169456482
-0.3655029237270355
0.1597634106874466
-0.36243799328804016
0.055282533168792725
-0.276114821434021
-0.03549164906144142
0.8159719705581665
0.2891281843185425
0.10381986200809479
-0.5138808488845825
0.17777778208255768
0.029235750436782837
0.006735298782587051
0.04466802626848221
-0.1832941174507141
0.07264113426208496
-0.5421826243400574
0.03024606592953205
-0.07107654958963394
0.4177895486354828
-0.23283417522907257
0.11643203347921371
0.1357393115758896
0.6055260300636292
0.32118380069732666
0.16400767862796783
-0.5399554371833801
0.02137109264731407
0.028156649321317673
0.3008817434310913
-0.06378725171089172
-0.10936697572469711
-0.22880326211452484
0.21056823432445526
-0.08357729762792587
-0.015795966610312462
0.17501117289066315
-0.2653247117996216
0.022296378389000893
0.12437552958726883
0.11102917790412903
0.0375848188996315
-0.4624333381652832
-0.04268761724233627
0.036143552511930466
-0.010516311042010784
0.08787381649017334
0.21492470800876617
-0.3495400547981262
0.024406597018241882
-0.10308142006397247
0.054629381746053696
-0.27719470858573914
-0.06240290030837059
0.011172732338309288
-0.06260252743959427
0.02743559516966343
-0.09007970988750458
-0.025586334988474846
0.062487028539180756
-0.004023165442049503
-0.03879677131772041
-0.00594450393691659
0.07885893434286118
-0.027310192584991455
-0.06796971708536148
-0.007088791113346815
0.012418854981660843
0.12390009313821793
-0.5597527623176575
0.13483557105064392
0.028633786365389824
-0.05584476515650749
-0.4177667498588562
-0.21681061387062073
-0.07685268670320511
-0.48686152696609497
0.012054963037371635
0.01733355224132538
0.31028008460998535
-0.7923904657363892
0.08297279477119446
-0.6995048522949219
-0.3380415439605713
0.16333220899105072
0.23897944390773773
-0.10999742895364761
-0.5409507155418396
-0.1688237339258194
-0.7850029468536377
-0.6317777633666992
-0.13535240292549133
0.10800197720527649
-0.3565373718738556
-0.8075794577598572
-0.7053515315055847
-0.11678389459848404
0.0023026035632938147
0.04763442650437355
0.12452878803014755
-0.9683213233947754
-0.4607524871826172
-0.39866021275520325
-0.29765942692756653
-0.4696446657180786
-0.15607509016990662
-1.8265070915222168
-0.7376412749290466
-0.3029283583164215
-0.16978861391544342
-1.1187756061553955
-0.5865671038627625
-0.43374115228652954
-0.10382995009422302
-0.16274763643741608
-0.09681995958089828
-0.4757106304168701
-0.654085636138916
0.46335816383361816
0.30221930146217346
-0.3108968734741211
-0.45557689666748047
-0.797051727771759
-0.14193862676620483
-0.16617092490196228
0.16915757954120636
-0.5718054175376892
-0.3428025543689728
-0.9228988885879517
-0.09375468641519547
-0.3045925796031952
0.060206275433301926
-0.4168034493923187
-0.019553350284695625
0.058335110545158386
-0.021545449271798134
-0.05832016468048096
-0.00045466673327609897
0.009654171764850616
-0.03782254457473755
0.06472811847925186
0.01621088758111
-0.09315162152051926
-0.09008433669805527
0.022413944825530052
-0.023228341713547707
-0.020596852526068687
-0.00804539117962122
0.006948810536414385
0.05023987963795662
0.2781047523021698
0.1231517493724823
0.03824901208281517
-0.46614736318588257
-0.13050563633441925
0.2256738245487213
-0.2532075345516205
0.2410944700241089
-0.10088083148002625
0.1388702243566513
-0.6445945501327515
0.11060401797294617
-0.17473295331001282
0.20089185237884521
-0.40282556414604187
0.13173511624336243
0.16540636122226715
0.4255017340183258
0.21891380846500397
0.47681450843811035
-0.4239431321620941
0.07297249138355255
0.07216137647628784
0.3452770709991455
-0.03932701423764229
0.19409328699111938
0.20129311084747314
0.08425205200910568
-0.07125726342201233
0.14961975812911987
0.15944460034370422
-0.3879334032535553
-0.19959740340709686
-0.047083381563425064
-0.11847487837076187
0.07097319513559341
-1.0697845220565796
-0.5139655470848083
-0.14949139952659607
0.3366224765777588
-0.13551755249500275
-0.2593046724796295
0.10426106303930283
0.12381228059530258
-0.017424317076802254
-0.3908296525478363
-0.5477848052978516
0.04994766414165497
-0.03548690676689148
-0.0002537336549721658
-0.01969783566892147
0.0038751938845962286
0.03432143107056618
-0.03973553329706192
-0.04715379700064659
-0.06174883991479874
0.005191013682633638
0.04992225766181946
0.07511445134878159
-0.0864395797252655
-0.02322280779480934
0.005175060126930475
0.0613829642534256
-0.09672635793685913
0.6666576862335205
0.42462748289108276
-0.04758158698678017
-0.7090874910354614
0.1392505019903183
5.5280543165281415e-05
-0.1250360608100891
-0.025019951164722443
0.02822287753224373
0.23691676557064056
-0.8208644390106201
0.01629156619310379
-0.10009651631116867
0.1815473586320877
-0.389511376619339
0.14510300755500793
0.40892189741134644
-0.19755178689956665
0.01322503574192524
-0.40722236037254333
-0.5534307360649109
0.16586297750473022
-0.004254650790244341
0.3586026430130005
-0.5104738473892212
0.033992934972047806
-0.21218830347061157
0.12354595214128494
0.11803998053073883
0.2805527448654175
0.008334261365234852
0.0022700470872223377
0.00723902927711606
-0.0773056298494339
-0.03580702468752861
-0.02983987145125866
0.061474960297346115
0.04675520583987236
-0.044026948511600494
0.07908464968204498
0.0035755967255681753
-0.02315985970199108
-0.005072314292192459
-0.011137761175632477
0.02446473389863968
-0.03538591414690018
-0.022353963926434517
0.05892763286828995
-0.0398750863969326
0.01087760180234909
-0.014620128087699413
0.026307014748454094
-0.004318298306316137
0.06656958907842636
0.027631215751171112
-0.04416258633136749
-0.05427886173129082
-0.042882200330495834
0.026498913764953613
0.031630732119083405
-0.004996018949896097
-0.08826134353876114
0.09012977033853531
0.2265944927930832
0.613959789276123
0.760857880115509
0.9434807896614075
0.9129590392112732
1.4925297498703003
0.13471195101737976
0.17292295396327972
0.5718990564346313
0.9432379603385925
-0.2229965180158615
0.17824243009090424
0.16397152841091156
0.1824290156364441
-0.015676608309149742
0.784622311592102
-0.004641641862690449
0.3533781170845032
-0.21070082485675812
-0.18745411932468414
0.13049568235874176
0.3023483455181122
-0.14113575220108032
0.16542580723762512
-0.1725085973739624
0.07092908769845963
-0.20960648357868195
-0.05306902155280113
-0.008490568958222866
-0.07182107120752335
0.3470534682273865
-0.026667840778827667
-0.015652155503630638
-0.012220342643558979
-0.31812018156051636
-0.1250922977924347
-0.31405922770500183
0.317815363407135
0.029636196792125702
-0.0382867269217968
0.058235060423612595
0.0019238449167460203
-0.07730212807655334
-0.01573062874376774
-0.3172779679298401
0.05324513092637062
0.03559669107198715
-0.20386753976345062
0.8492744565010071
0.39552149176597595
-0.09970975667238235
-0.01437121070921421
0.39129284024238586
-0.24946992099285126
0.2101622372865677
0.6256362795829773
-0.03623821213841438
0.002809830941259861
-0.11599467694759369
1.4355589151382446
-0.024198032915592194
0.008532285690307617
0.4088606536388397
0.9256430864334106
-0.1539297103881836
0.0019084038212895393
-0.008087498135864735
0.12577837705612183
0.18987925350666046
-0.18261407315731049
-0.037810299545526505
0.07696607708930969
0.19426009058952332
-0.02567502297461033
-0.12726570665836334
0.3469606935977936
-0.004832329228520393
-0.04675724357366562
-0.36454659700393677
-0.2012294977903366
0.18685957789421082
0.18826079368591309
0.2600152790546417
-0.08520787209272385
0.6418641209602356
-0.06428118050098419
-0.47345781326293945
0.01841985248029232
0.17068427801132202
0.021775826811790466
0.21996267139911652
0.9965766072273254
-0.08788879215717316
-0.2782844603061676
-0.1431112438440323
0.7796257138252258
0.09594669938087463
-0.08475814759731293
-0.0739801898598671
0.075491763651371
0.3113192915916443
-0.34035658836364746
-0.19917559623718262
0.08304554969072342
-0.01931680180132389
0.0003008504572790116
-0.09930343925952911
0.4016803205013275
-0.016509944573044777
-0.12868845462799072
-0.47726404666900635
-0.1262461096048355
-6.584668881259859e-05
0.22650113701820374
0.5782352089881897
0.18848873674869537
0.41368600726127625
0.22041159868240356
-0.37289947271347046
-0.22978658974170685
0.24784314632415771
-0.15515752136707306
-0.21800412237644196
0.02900475263595581
-0.03931908681988716
0.056604448705911636
-0.0011915689101442695
0.21490883827209473
0.20743988454341888
-0.34947964549064636
-0.13000373542308807
0.042223989963531494
0.3046206831932068
0.20452870428562164
0.33889374136924744
0.30103063583374023
0.3782521188259125
-0.31691110134124756
-0.6326144337654114
0.010890732519328594
0.030964404344558716
-0.10433896631002426
0.5931471586227417
0.009453888982534409
-0.20684409141540527
-0.02174530364573002
-0.09356381744146347
-0.033446814864873886
0.3386140465736389
-0.2244497686624527
-0.12266610562801361
0.13075101375579834
-0.05944720655679703
0.0627412274479866
-0.21937277913093567
0.24367067217826843
-0.008970039896667004
-0.1530895233154297
-0.30344733595848083
-0.22221620380878448
-0.224199116230011
0.2992883622646332
-0.31502196192741394
-0.07563202828168869
-0.012298251502215862
0.5094417333602905
-0.009297899901866913
0.26745015382766724
-0.21044862270355225
-0.26148808002471924
-0.1901608407497406
-0.3850914239883423
-0.020236162468791008
-0.03178137168288231
-0.045405808836221695
0.6235674023628235
0.01893596537411213
-0.030489392578601837
0.019664235413074493
-0.05816849321126938
0.020646393299102783
0.017104286700487137
-0.00782457459717989
-0.005643634591251612
-0.012725302949547768
0.028731035068631172
-0.03276398032903671
-0.0018347433069720864
-0.009305627085268497
0.02086833119392395
0.020425129681825638
0.02385074645280838
0.00814584270119667
0.004920985084027052
0.3289000988006592
0.1472681760787964
0.15091654658317566
0.5810266137123108
0.004892910830676556
0.08355043828487396
-0.5012286901473999
0.5399892330169678
-0.24618177115917206
-0.021498294547200203
-0.13727806508541107
-0.05577220767736435
0.07677511125802994
0.07281138002872467
0.8101851940155029
0.8113753199577332
0.8405359983444214
0.6388668417930603
0.5406147241592407
1.1173101663589478
0.09821420907974243
0.09642282128334045
0.3323574364185333
0.6004971265792847
-0.40943050384521484
0.10582893341779709
-0.13025104999542236
-0.15269111096858978
0.022069506347179413
0.09613712877035141
0.35548070073127747
0.10832642763853073
-0.15718011558055878
0.03864361718297005
0.5078684687614441
-0.14515866339206696
-0.3989672064781189
0.283178448677063
0.04562899097800255
0.012038162909448147
0.010445664636790752
0.4532988369464874
-0.07791309058666229
0.0125273447483778
-0.4340640604496002
-0.1129472404718399
-0.016227353364229202
-0.2057887613773346
-0.24351057410240173
0.06368222832679749
0.23023338615894318
-0.24734511971473694
0.004057335201650858
0.05965211242437363
-0.05339576303958893
-0.013938111253082752
-0.3240838348865509
0.423776239156723
-0.00018361418915446848
-0.14414696395397186
-0.4931553602218628
-0.09229587018489838
0.07533062994480133
-0.20520393550395966
0.023693276569247246
0.007837392389774323
-0.1906597763299942
0.23195414245128632
-0.2291373312473297
-0.08658801019191742
-0.016836227849125862
0.12021400034427643
-0.09292170405387878
-0.21422678232192993
-0.09777828305959702
-0.1033979207277298
-0.02684757113456726
-0.0884268656373024
0.22477182745933533
0.24498707056045532
0.15339142084121704
-0.0013185315765440464
0.19212377071380615
-0.07148782163858414
-0.23036469519138336
0.03622210770845413
-0.20053595304489136
-0.22313953936100006
-0.19395866990089417
0.4018128216266632
0.012069174088537693
-0.23890067636966705
-0.30831047892570496
0.2848395109176636
0.058846861124038696
-0.08946909010410309
0.002784840064123273
-0.03318161889910698
0.008746725507080555
0.2544264495372772
-0.009926201775670052
-0.09282758086919785
0.008470970205962658
-0.007356785703450441
-0.023729341104626656
-0.05056600645184517
-0.024609172716736794
0.01325752679258585
-0.035678401589393616
-0.32506170868873596
0.5561971068382263
-0.13383348286151886
0.012053062207996845
0.09930333495140076
0.4858904480934143
0.05808176100254059
0.2886650860309601
0.4319308400154114
-0.03968486189842224
-0.19094419479370117
-0.22579875588417053
0.7027931213378906
0.05611102655529976
0.734357476234436
0.3251945376396179
-0.1673797219991684
-0.2429095357656479
0.48691287636756897
0.7433035373687744
0.44346609711647034
0.6915102005004883
0.6124334335327148
0.06526832282543182
-0.15838883817195892
1.0432692766189575
0.0106508769094944
-0.021945655345916748
-0.1405244767665863
0.09331727772951126
0.0034254230558872223
-0.038637325167655945
0.7739826440811157
0.5294833779335022
0.7013978362083435
0.7121037840843201
0.7381391525268555
0.7128766179084778
1.5275943279266357
0.20607046782970428
0.011268405243754387
0.8350135087966919
0.7389931678771973
-0.1852753609418869
0.5401024222373962
-0.06434821337461472
0.10906212031841278
-0.20431740581989288
0.2896745204925537
0.26063644886016846
-0.10159656405448914
0.34937989711761475
0.7364562749862671
0.47745564579963684
0.036173246800899506
0.35351306200027466
0.19910000264644623
0.2988308370113373
0.5628886222839355
-0.050935447216033936
0.49731624126434326
0.44047248363494873
0.03789938986301422
-0.2526698410511017
0.42637568712234497
0.013268868438899517
-0.06369338184595108
-0.0735585018992424
-0.022436900064349174
-0.033315353095531464
-0.006085197441279888
-0.0011153764789924026
-0.023542480543255806
-0.026967518031597137
-0.04706985875964165
-0.004809281323105097
0.06414559483528137
-0.0027453431393951178
-0.0850994735956192
-0.023533208295702934
-0.054239802062511444
-0.20236188173294067
0.24940261244773865
0.05924581363797188
0.066290944814682
0.4946650266647339
-0.27187827229499817
-0.42989253997802734
0.20762386918067932
-0.29954326152801514
0.007036179304122925
-0.008090188726782799
0.8150912523269653
-0.07337018847465515
-0.19810807704925537
-0.2475716471672058
0.26977625489234924
0.07587245106697083
-0.09963395446538925
-0.023654956370592117
-0.003212764160707593
-0.5062034130096436
0.1771221160888672
-0.09592374414205551
-0.07197921723127365
-0.29191431403160095
0.04534631595015526
-0.09018965065479279
-0.16159094870090485
0.025607803836464882
-0.08609812706708908
-0.4645535349845886
-0.13577686250209808
0.1025417298078537
0.45456022024154663
0.2115873247385025
0.4028775095939636
0.5167073011398315
0.8508357405662537
-0.08457920700311661
0.12351880222558975
-0.1509699523448944
-0.16725048422813416
-0.14539289474487305
0.05807166174054146
-0.20260486006736755
-0.07868701964616776
0.21442562341690063
0.5568163394927979
-0.056662533432245255
-0.006903752218931913
-0.02632892318069935
-0.05759814381599426
0.01950632967054844
-0.10272198170423508
0.07165731489658356
-0.06333107501268387
0.006548350676894188
-0.06769832968711853
0.04434649646282196
-0.04475885629653931
0.043499093502759933
-0.061866357922554016
-0.006360887084156275
0.06140781566500664
0.026103800162672997
-0.04622572287917137
-0.04197048023343086
0.01939200423657894
0.26621776819229126
-0.44111090898513794
0.04601672291755676
0.12659868597984314
0.015068362466990948
-0.11559265851974487
-0.3766334354877472
0.5819071531295776
0.06782262027263641
-0.2308575063943863
-0.45150166749954224
0.18205194175243378
-0.18565183877944946
0.1600596159696579
0.3019773066043854
0.12795905768871307
0.2754702568054199
0.16887617111206055
-0.14068090915679932
0.03860536590218544
-0.20109011232852936
0.31249043345451355
-0.29123419523239136
0.031561706215143204
-0.046962033957242966
-0.11557546257972717
-0.3142237961292267
0.20330257713794708
-0.011788657866418362
0.038414765149354935
0.00500951474532485
0.14884139597415924
-0.07040687650442123
-0.05013180151581764
0.0008157355478033423
-0.027660362422466278
0.04578503593802452
-0.024465303868055344
0.05670861154794693
0.03294353187084198
-0.017510082572698593
0.03406189754605293
0.005447575822472572
-0.013839698396623135
-0.04274395480751991
0.013920853845775127
0.02966322749853134
0.0018156738951802254
-0.05499444529414177
0.0046622129157185555
0.03464876487851143
0.008672814816236496
-0.020775504410266876
0.008434615097939968
-0.02005661465227604
0.011581741273403168
-0.04969540238380432
0.015943285077810287
-0.02869483269751072
0.033626556396484375
0.2521131932735443
0.33566033840179443
0.648036539554596
0.9676795601844788
1.0692296028137207
1.5771000385284424
-0.011101222597062588
0.12427356094121933
0.8127621412277222
0.7933594584465027
-0.008288129232823849
-0.1562599241733551
0.2915419936180115
0.17550812661647797
0.43452614545822144
0.5255062580108643
-0.012754923664033413
0.25634342432022095
-0.17439161241054535
-0.18940497934818268
0.020341331139206886
0.31699609756469727
-0.07102601230144501
0.030034642666578293
-0.030983947217464447
-0.057641662657260895
-0.05704467371106148
-0.4117777943611145
-0.03400888293981552
-0.09547888487577438
0.28089436888694763
-0.2969849705696106
-0.06086379289627075
-0.015142778865993023
-0.22964879870414734
-0.20713196694850922
-0.3329203128814697
0.32576537132263184
-0.054938580840826035
-0.007414605934172869
0.00263984315097332
-0.03168795257806778
-0.08366886526346207
0.07145264744758606
-0.17910437285900116
-0.0736057460308075
0.07436703890562057
-0.1781085878610611
0.5871291160583496
0.1922745406627655
-0.26439565420150757
-0.08333773165941238
0.8509805202484131
-0.21453377604484558
0.1320268213748932
0.6081580519676208
0.16776849329471588
0.10993444174528122
-0.1450691968202591
1.2619218826293945
-0.07030888646841049
0.24364498257637024
0.2961248457431793
0.7191343307495117
-0.08010701090097427
-0.17013968527317047
-0.05180875584483147
0.030713358893990517
0.2085273414850235
-0.18018677830696106
-0.06911036372184753
0.007880986668169498
0.21291303634643555
-0.021025270223617554
-0.24009834229946136
0.17505903542041779
0.022159487009048462
-0.19817811250686646
-0.5208229422569275
-0.3580075800418854
0.024775926023721695
0.0645647943019867
0.04528169706463814
-0.27726510167121887
0.7939606308937073
-0.17595593631267548
-0.389468789100647
0.053182948380708694
0.39880675077438354
-0.05882119759917259
-0.12536683678627014
0.8560246825218201
-0.03753044828772545
-0.051781851798295975
-0.25616803765296936
0.561001718044281
0.1257256269454956
-0.01930425688624382
-0.14545674622058868
0.11532510071992874
0.40220722556114197
-0.29759225249290466
-0.23331454396247864
0.07710127532482147
-0.009565422311425209
-0.01735588163137436
-0.2054957002401352
0.26959413290023804
0.06474883109331131
-0.13989713788032532
-0.5730022192001343
-0.26919811964035034
-0.09007193893194199
-0.11815998703241348
0.33044886589050293
0.23071615397930145
0.5935625433921814
-0.06461044400930405
-0.29518380761146545
-0.14925667643547058
0.3078720271587372
-0.17479155957698822
-0.3371031582355499
-0.004541056230664253
0.03115861862897873
0.13562004268169403
-0.16010136902332306
0.16181567311286926
0.23356112837791443
-0.19729216396808624
-0.16094167530536652
-0.01199677400290966
0.3528338372707367
0.23232820630073547
0.36336401104927063
0.3533145785331726
0.43137192726135254
-0.27755001187324524
-0.4560984671115875
0.06155183166265488
-0.04369727149605751
-0.19871531426906586
0.49339228868484497
0.11067276448011398
-0.16641058027744293
-0.11363174766302109
0.0020517930388450623
0.034026168286800385
0.3395320177078247
-0.24148502945899963
-0.03945346921682358
0.11859382688999176
0.02860146015882492
0.020221341401338577
-0.2955430746078491
0.0001038395639625378
-0.03035818412899971
-0.3106619417667389
-0.519995927810669
-0.39660900831222534
-0.2050684690475464
0.19308286905288696
-0.3160571753978729
0.01138090156018734
0.021456390619277954
0.30642303824424744
-0.08129803091287613
0.2871904969215393
-0.05872537940740585
-0.19442223012447357
-0.31935298442840576
-0.4546649754047394
0.05514315888285637
-0.029000381007790565
-0.22424492239952087
0.496420294046402
-0.015314909629523754
-0.04767506569623947
-0.007911058142781258
0.01480954885482788
-0.056817326694726944
0.04348767176270485
0.01563437096774578
0.00890970230102539
0.007414122577756643
0.000435997499153018
0.0510304719209671
-0.06892460584640503
0.0640944242477417
-0.0017615696415305138
0.020558178424835205
-0.07976450026035309
0.030778657644987106
-0.04636584594845772
0.3725416362285614
0.20640461146831512
0.2134292721748352
0.5391795039176941
-0.15165430307388306
-0.01329676155000925
-0.5134617686271667
0.6218997240066528
-0.2240206003189087
-0.05370841175317764
-0.04947275668382645
-0.042066097259521484
0.03181416168808937
-0.2956443727016449
0.7072632908821106
0.5417768359184265
0.5878152251243591
0.6077181100845337
0.8500590324401855
1.2113703489303589
0.05178229883313179
-0.20041772723197937
0.639106035232544
0.608727753162384
-0.22156952321529388
-0.16811515390872955
-0.01807289943099022
-0.20150184631347656
0.0719730332493782
-0.35493215918540955
0.40762585401535034
-0.03579515963792801
-0.017478203400969505
-0.03920914977788925
0.5438221096992493
-0.25271061062812805
-0.35999342799186707
0.24464568495750427
0.11004601418972015
-0.004226308781653643
-0.12241388857364655
0.26682642102241516
-0.12397568672895432
0.2864021956920624
-0.44128766655921936
-0.13611169159412384
-0.07231578975915909
-0.22198925912380219
-0.2622692883014679
0.10185293853282928
0.43581607937812805
-0.291258305311203
-0.026478080078959465
0.026161974295973778
-0.04881647974252701
0.04791704937815666
-0.29895544052124023
0.4601648449897766
-0.01877325214445591
-0.2899230420589447
-0.5438234210014343
-0.12188117951154709
-0.0238118264824152
-0.15034610033035278
-0.08525324612855911
-0.021927112713456154
-0.18912607431411743
0.18868160247802734
-0.23352879285812378
0.002173940185457468
-0.01054126676172018
0.08094953745603561
-0.2002950757741928
-0.07621590048074722
-0.020543094724416733
-0.02252398245036602
-0.0115105165168643
-0.19399583339691162
0.19995972514152527
0.24562829732894897
0.03665052354335785
-0.0009287105640396476
0.29806190729141235
0.07553284615278244
-0.3081592321395874
0.0862772986292839
-0.05045205354690552
-0.3078576326370239
-0.36395004391670227
0.20277471840381622
0.06789544969797134
-0.24244002997875214
-0.3723537027835846
0.11589935421943665
0.009682385250926018
-0.10183809697628021
-0.017605917528271675
-0.029989270493388176
-0.04156431928277016
0.0843563973903656
-0.12511947751045227
0.013296814635396004
0.028463365510106087
0.06784100085496902
0.030140109360218048
-0.06578126549720764
-0.03648437559604645
-0.06555041670799255
-0.06153878569602966
-0.35004591941833496
0.5245076417922974
-0.2204769402742386
0.12324069440364838
0.1843392699956894
0.4364766776561737
0.04329785332083702
0.11060717701911926
0.31699222326278687
0.035497475415468216
-0.19697602093219757
-0.39931735396385193
0.7618597745895386
-0.028155701234936714
0.8077377080917358
0.0444687083363533
-0.3392554819583893
-0.21297289431095123
0.20400899648666382
0.6429608464241028
0.5381106734275818
0.7056154012680054
0.3611922264099121
-0.08640442788600922
-0.22191449999809265
1.1402771472930908
0.0278586708009243
0.03734123706817627
0.08219374716281891
0.25698405504226685
0.03583378344774246
-0.13139131665229797
0.7517082691192627
0.4770318567752838
0.7151229977607727
0.3579566776752472
0.8228206634521484
0.7829392552375793
1.448394775390625
0.15725000202655792
0.07634160667657852
0.9961047768592834
0.7616661787033081
-0.09359957277774811
0.20775482058525085
0.16302748024463654
0.15262989699840546
-0.07546544075012207
0.3648627698421478
0.23420953750610352
-0.1441219449043274
0.09139849245548248
0.7919688820838928
0.44737017154693604
0.19157707691192627
0.13656970858573914
0.16203615069389343
0.28015029430389404
0.47017577290534973
-0.12715163826942444
0.5597116947174072
0.5218054056167603
0.21038347482681274
-0.2600458264350891
0.3078550398349762
0.04298403114080429
0.044946037232875824
-0.017608148977160454
-0.025280559435486794
-0.028596090152859688
-0.038309283554553986
0.054597217589616776
0.047132961452007294
-0.018195969983935356
-0.022266395390033722
-0.03352709114551544
-0.009319820441305637
0.07543903589248657
0.10388036072254181
0.009250299073755741
-0.021057287231087685
-0.3491923213005066
0.11303728818893433
-0.00027606752701103687
-0.006140475161373615
0.6489648222923279
-0.32712775468826294
-0.35603976249694824
0.27441343665122986
-0.06246257573366165
-0.1486753523349762
-0.240829199552536
0.7590024471282959
-0.03391953930258751
-0.009614809416234493
-0.6862525343894958
0.28980401158332825
-0.015719762071967125
0.027166660875082016
-0.09854520112276077
-0.08093152940273285
-0.4591912031173706
0.21732372045516968
-0.19289620220661163
-0.2010844349861145
-0.23124034702777863
0.044909048825502396
-0.02901599183678627
-0.19043543934822083
-0.03914067894220352
-0.0830879658460617
-0.3736227750778198
-0.2320387214422226
0.22074750065803528
0.3456915020942688
0.30245324969291687
0.2624507248401642
0.5741390585899353
0.947939395904541
-0.16857458651065826
0.1869608759880066
-0.004589233547449112
-0.17509159445762634
-0.13749302923679352
-0.11519210040569305
-0.05683288350701332
0.05529705062508583
0.1489732712507248
0.27181002497673035
-0.006142082624137402
0.053876835852861404
0.012283368036150932
0.03122948668897152
0.032537903636693954
0.012345826253294945
-0.03997163102030754
0.026933787390589714
-0.03052263893187046
-0.009639349766075611
-0.003047758713364601
-0.04846565052866936
-0.08323473483324051
-0.07120838761329651
-0.014854450710117817
0.01630823127925396
0.04819772019982338
-0.21342433989048004
-0.06412528455257416
-0.008594266138970852
0.23861302435398102
-0.38757941126823425
0.13127662241458893
0.09274575114250183
0.011739124543964863
-0.1569027602672577
-0.38075101375579834
0.6646994352340698
0.0035421340726315975
-0.2277703881263733
-0.5711742639541626
-0.037814948707818985
-0.20585897564888
-0.07900331914424896
0.3144395351409912
0.036895763128995895
0.2578982412815094
0.23056215047836304
-0.13879334926605225
0.041687287390232086
-0.22370029985904694
0.16147321462631226
-0.29567936062812805
-0.0077918400056660175
-0.0019093150040134788
-0.46325063705444336
-0.5030738711357117
-0.10303492099046707
-0.044536519795656204
-0.0038919660728424788
-0.07478445768356323
-0.04028330370783806
-0.005349420011043549
0.013034490868449211
-0.05575689673423767
0.041478484869003296
0.06009196490049362
-0.01557965762913227
0.02287408709526062
0.04536698758602142
0.01216941513121128
0.03149887174367905
0.039004646241664886
-0.007254945579916239
-0.08242832124233246
-0.007331945933401585
0.0316363126039505
-0.06308427453041077
-0.019012339413166046
-0.0535598024725914
0.01083314884454012
0.06812068819999695
0.13131465017795563
0.021067654713988304
0.06375067681074142
0.028621915727853775
-0.05419986695051193
-0.020375080406665802
0.017908239737153053
-0.0625033751130104
0.18153183162212372
0.2621614634990692
0.6926847100257874
0.938614010810852
1.0245661735534668
1.6337759494781494
0.11167293787002563
0.08497243374586105
0.7484086155891418
0.8274019360542297
0.45223596692085266
0.350427508354187
0.342906653881073
0.20050130784511566
0.9372250437736511
1.1269062757492065
0.005706988275051117
0.35670343041419983
-0.2518931031227112
-0.12401465326547623
-0.012596645392477512
0.31949418783187866
-0.15035010874271393
0.149894580245018
-0.023681342601776123
0.005488107446581125
0.1873803436756134
0.05141539126634598
-0.011754749342799187
-0.1285938322544098
0.5253707766532898
0.18373417854309082
-0.07052303105592728
-0.021743878722190857
-0.3610507547855377
-0.22900041937828064
-0.3364923894405365
0.46248117089271545
-0.03417731076478958
0.08514779806137085
0.042014073580503464
0.011072494089603424
-0.15109671652317047
0.04904243350028992
-0.22363002598285675
0.03409771993756294
0.021244384348392487
-0.14852310717105865
0.6110470294952393
0.2936525046825409
-0.16666828095912933
0.0734407901763916
0.7421982884407043
-0.2077985405921936
0.2855285406112671
0.7617610096931458
0.1736321747303009
0.7593109011650085
0.37462279200553894
1.6759412288665771
-0.10513114929199219
0.6231234669685364
1.1140106916427612
1.0820633172988892
-0.03902137279510498
-0.08425357192754745
-0.0566217303276062
0.049656353890895844
0.21875545382499695
-0.22442084550857544
-0.06828334182500839
0.16264358162879944
0.2799719274044037
0.026580674573779106
-0.0725431963801384
0.39463749527931213
0.039858128875494
0.14046788215637207
-0.14584384858608246
-0.054901883006095886
-0.06473401933908463
-0.017282066866755486
0.03375261276960373
-0.22041313350200653
0.6166443228721619
-0.02337026596069336
-0.31614336371421814
0.08425164222717285
0.31070658564567566
0.16889750957489014
0.393541157245636
1.1793979406356812
-0.1510472297668457
0.5530181527137756
0.5818797945976257
0.92708820104599
0.12872552871704102
-0.09545528143644333
-0.15452240407466888
0.029596371576189995
0.37975817918777466
-0.21539656817913055
-0.08160000294446945
0.16759546101093292
0.06259613484144211
0.12598009407520294
0.04657255485653877
0.4574805796146393
-0.05691858381032944
0.3091576099395752
-0.050000883638858795
-0.07709592580795288
-0.1384795755147934
0.1564379781484604
0.4682011008262634
0.1335727423429489
0.6131132245063782
0.12448456138372421
-0.15226469933986664
-0.08378393203020096
0.3440258800983429
-0.0012532260734587908
-0.20216518640518188
0.32514700293540955
0.0075730858370661736
0.2982644736766815
0.3171406090259552
0.495200514793396
0.08429042249917984
-0.38375166058540344
-0.08445636183023453
0.21817326545715332
0.2905798554420471
0.19149605929851532
0.18312376737594604
0.34900230169296265
0.30697453022003174
-0.0681832879781723
-0.2616455554962158
0.09565902501344681
0.03653378784656525
0.42368802428245544
0.7647262215614319
0.3140694797039032
-0.21367108821868896
-0.04779567942023277
0.08133473247289658
-0.030047094449400902
0.28082039952278137
-0.255561500787735
-0.0998302549123764
0.1634882539510727
-0.051896851509809494
-0.012033496983349323
-0.014221427030861378
0.30728358030319214
0.01850828342139721
0.03757642209529877
-0.1995774209499359
-0.1325533539056778
-0.16144049167633057
0.35790959000587463
-0.4785323441028595
-0.09057848900556564
0.01089759822934866
0.42013752460479736
-0.15234950184822083
0.2129678726196289
-0.14105087518692017
-0.17087441682815552
0.1763334423303604
-0.020387472584843636
-0.020139887928962708
0.03049422986805439
0.5419729351997375
0.7181825041770935
0.004812181927263737
0.06675853580236435
0.04206238314509392
0.04452238231897354
-0.01634964346885681
0.056590378284454346
-0.050414878875017166
0.042108338326215744
-0.0270076971501112
0.0030232255812734365
0.006328953895717859
0.004999108146876097
-0.004389047622680664
0.060333501547575
0.005609752610325813
0.06346296519041061
0.025743400678038597
-0.09223232418298721
0.343754380941391
0.1596726030111313
0.2731580138206482
0.5340818166732788
-0.015593618154525757
0.02461748570203781
-0.5108257532119751
0.5501776933670044
-0.15633085370063782
0.03378188982605934
-0.11142120510339737
-0.08281330019235611
0.14461593329906464
-0.10977638512849808
0.6674017310142517
0.48361581563949585
0.7386590242385864
0.6565787196159363
0.7504952549934387
1.074737548828125
0.10725563764572144
0.04691179096698761
0.5538588166236877
0.6550761461257935
0.20214641094207764
0.6329857707023621
-0.015430614352226257
-0.09235039353370667
0.9219409227371216
0.43534567952156067
0.4339342415332794
0.13367395102977753
-0.08080600202083588
0.018632017076015472
0.4980885088443756
0.04901255667209625
-0.29774677753448486
0.35028523206710815
0.05602586269378662
0.08526135236024857
0.1527571827173233
0.587848961353302
-0.046575941145420074
0.5341642498970032
0.048940688371658325
0.3666703402996063
-0.11990773677825928
-0.2589088976383209
-0.21814113855361938
0.030689988285303116
0.3459217846393585
-0.270907461643219
-0.05926889181137085
0.10470601916313171
0.04250214993953705
0.04993138462305069
-0.009061246179044247
0.3989502489566803
-0.03511659428477287
0.11765731126070023
-0.2068001627922058
0.03587423637509346
-0.04600599408149719
-0.24333053827285767
-0.1637781411409378
0.12975697219371796
-0.18548665940761566
0.19280490279197693
-0.2025795876979828
-0.06680416315793991
-0.016906939446926117
0.19734153151512146
-0.08388407528400421
-0.03596512973308563
-0.03648420423269272
0.022402925416827202
0.1711648404598236
-0.011371702887117863
0.21911363303661346
0.13018488883972168
0.18966194987297058
0.09026778489351273
0.22819580137729645
-0.12630777060985565
-0.28844335675239563
0.06498614698648453
-0.07342904061079025
-0.08919043838977814
0.14193911850452423
0.5254949927330017
-0.03178354725241661
0.12451319396495819
0.34317052364349365
0.34502559900283813
-0.017511678859591484
-0.09446369111537933
0.0034463009797036648
0.025327997282147408
-0.057034529745578766
0.20455080270767212
0.02041306346654892
-0.03380716219544411
-0.05064959451556206
-0.07297082990407944
0.0574927031993866
-0.07347679883241653
0.031406939029693604
-0.05433516949415207
0.06606501340866089
-0.08442143350839615
0.5603330731391907
-0.2176389843225479
-0.060783810913562775
0.2623198330402374
0.45842182636260986
0.0038481131196022034
0.193145290017128
0.27442362904548645
0.07789228111505508
0.08700666576623917
-0.11907555907964706
0.7500464916229248
0.032571710646152496
0.7886098623275757
0.35342276096343994
-0.22509486973285675
-0.31145817041397095
0.3487429618835449
0.6057540774345398
0.5158150792121887
0.7988992929458618
0.49571797251701355
0.008653228171169758
-0.18259812891483307
1.0849907398223877
0.13889072835445404
0.31176114082336426
0.003118347143754363
0.2282969057559967
0.24150308966636658
0.3542267382144928
0.8750119209289551
0.35290437936782837
0.48251837491989136
0.4807211756706238
0.8089300990104675
0.5986914038658142
1.5847513675689697
0.2985280156135559
0.022288767620921135
1.0068869590759277
0.6652746796607971
0.10779844224452972
0.5618045926094055
0.1444222331047058
0.27993783354759216
0.7393607497215271
0.7405269145965576
0.3460543751716614
-0.2618376612663269
0.2949862778186798
0.7716453075408936
0.41472873091697693
-0.018171994015574455
0.22586435079574585
0.24557648599147797
0.2028135359287262
0.5702092051506042
0.13606519997119904
0.46516916155815125
0.571793794631958
0.3846801817417145
0.08267984539270401
0.555466890335083
-0.020916001871228218
-0.0570719949901104
0.032947614789009094
0.005323963705450296
0.07682923972606659
0.011820245534181595
0.09120108187198639
0.09512225538492203
-0.026178492233157158
-0.008421323262155056
0.03812503442168236
-0.1030602678656578
-0.004510828759521246
-0.036515410989522934
-0.018895715475082397
0.00037565649836324155
-0.31286001205444336
0.18088632822036743
0.08334362506866455
0.05901198834180832
0.5738251805305481
-0.24619100987911224
-0.29841506481170654
0.4669390916824341
-0.15056990087032318
-0.005362463649362326
0.21078599989414215
0.858030378818512
-0.08883033692836761
0.27930504083633423
0.01983332820236683
0.4904536008834839
0.05229699984192848
-0.11537361890077591
-0.008773486129939556
0.007797755300998688
-0.4208211302757263
0.19289538264274597
-0.35900601744651794
-0.08336640894412994
-0.17004068195819855
0.01569645293056965
-0.040524501353502274
-0.017642438411712646
0.03521926701068878
0.03134005516767502
-0.02761952579021454
-0.134678453207016
0.1816112995147705
0.43769603967666626
0.2752428352832794
0.41986894607543945
0.5142678618431091
0.906466007232666
0.09450182318687439
0.08635035157203674
0.03956431522965431
-0.1450945883989334
0.46745216846466064
0.30101144313812256
-0.09209293127059937
0.08662907779216766
0.6960538625717163
0.7815610766410828
0.00481867790222168
0.006656980607658625
0.07506047189235687
-0.018735669553279877
0.01669619418680668
-0.05714099854230881
0.001722806366160512
-0.011220359243452549
-0.03355150297284126
-0.059227749705314636
-0.008638408035039902
0.060557834804058075
-0.0463436134159565
0.003893366316333413
-0.028337204828858376
0.008015050552785397
0.031955547630786896
-0.09843640774488449
-0.10482564568519592
0.0765576884150505
0.2430727481842041
-0.5093533992767334
0.10381264984607697
0.16424283385276794
0.06985804438591003
0.010042861104011536
-0.12506558001041412
0.5869760513305664
0.015039036981761456
0.1814292073249817
-0.1430431753396988
0.1925264447927475
-0.25399070978164673
-0.16380633413791656
0.29032102227211
0.1584392786026001
0.26160481572151184
0.18460863828659058
-0.1515154391527176
0.1326071321964264
-0.2593669593334198
0.3177471160888672
-0.24950513243675232
0.04748028144240379
-0.04095733165740967
-0.04743780940771103
-0.14382383227348328
0.10735274106264114
0.08168280124664307
-0.03550735116004944
-0.023216189816594124
0.012003219686448574
-0.03171628713607788
-0.04024577885866165
-0.04099813103675842
-0.023534441366791725
-0.03357372060418129
0.07244744896888733
-0.10043912380933762
-0.04118219017982483
0.025163792073726654
-0.0030515752732753754
-0.06878112256526947
0.010521924123167992
-0.009316325187683105
-0.00650312565267086
-0.023257624357938766
-0.02181442640721798
0.051971063017845154
0.010455467738211155
-0.021006125956773758
0.12688890099525452
-0.0801946222782135
0.005770590156316757
0.053811751306056976
0.019228694960474968
-0.0056716157123446465
0.0823151171207428
0.012360956519842148
0.04941253364086151
0.4434831440448761
0.5704019069671631
0.7838096618652344
0.9845170378684998
0.9693651795387268
1.618896245956421
0.05947308987379074
0.15178777277469635
0.8040450215339661
0.8737427592277527
-0.20010310411453247
0.335559606552124
0.3527247905731201
0.19597679376602173
0.14503361284732819
0.6985480785369873
-0.007171913515776396
0.4539882242679596
-0.16726985573768616
-0.25834375619888306
0.03250223398208618
0.30851566791534424
-0.09861874580383301
0.23991519212722778
-0.002009779680520296
-0.00010687606845749542
-0.2121746838092804
0.024844573810696602
0.07502875477075577
-0.05564643442630768
0.43668481707572937
0.22575747966766357
-0.05396077409386635
0.04618644341826439
-0.3115844428539276
-0.20418685674667358
-0.3115003705024719
0.3548538386821747
-0.08624216914176941
0.010519100353121758
-0.04206056147813797
-0.09008073061704636
-0.03626389056444168
0.04924444854259491
-0.2748164236545563
0.06444360315799713
0.03224792331457138
-0.15585583448410034
0.6980366706848145
0.19175735116004944
-0.20976568758487701
0.12881328165531158
0.8177394866943359
-0.34548377990722656
0.257731556892395
0.6972545981407166
0.17616325616836548
-0.26968109607696533
-0.12197470664978027
1.5737519264221191
-0.06499876827001572
0.3180599510669708
0.9640173316001892
1.3375120162963867
-0.10388145595788956
-0.07630755007266998
-0.05880283564329147
0.02229076623916626
0.27159562706947327
-0.2696160078048706
-0.036761585623025894
0.14335264265537262
0.2514938414096832
0.06115596741437912
-0.09654458612203598
0.35426065325737
-0.018255114555358887
-0.20257362723350525
-0.11719312518835068
0.0179615318775177
0.06606906652450562
0.10221090167760849
0.2114589363336563
-0.18999536335468292
0.6661367416381836
-0.11221767961978912
-0.49631017446517944
0.32645368576049805
0.44660329818725586
-0.12766681611537933
0.1307148039340973
1.1357786655426025
-0.14058810472488403
0.03333299234509468
0.23179329931735992
1.142386794090271
0.06134725362062454
-0.17390583455562592
-0.08694694191217422
0.06043316423892975
0.3871024250984192
-0.3280750811100006
-0.07315698266029358
0.28785157203674316
-0.07161520421504974
-0.06452200561761856
0.10434321314096451
0.37504830956459045
0.03384987264871597
-0.2922651171684265
0.06554563343524933
0.0465264618396759
-0.0557255856692791
0.14524567127227783
0.43506190180778503
0.11787440627813339
0.5459851026535034
0.07280077785253525
-0.40932410955429077
-0.18909293413162231
0.3461681008338928
-0.19726771116256714
-0.3186911940574646
0.3303109407424927
0.07839526236057281
-0.12528802454471588
0.09739699214696884
0.5114447474479675
0.20668752491474152
-0.3255597651004791
-0.0880981832742691
0.1869148164987564
0.29539451003074646
0.2995421588420868
0.2716279625892639
0.3481060266494751
0.3687896430492401
-0.2933861315250397
-0.43353214859962463
0.0006696433410979807
-0.000600159983150661
0.0030763070099055767
0.8243688344955444
0.1828087866306305
-0.22516721487045288
-0.13418497145175934
0.04552244022488594
0.058858104050159454
0.31642892956733704
-0.2023124098777771
-0.08323407173156738
0.14276717603206635
0.08135636895895004
-0.07186499238014221
-0.1182321086525917
0.20888099074363708
-0.06434722244739532
-0.32137706875801086
-0.06591588258743286
-0.03808644413948059
-0.1283155381679535
0.3001125156879425
-0.3388398289680481
0.011731005273759365
0.08141850680112839
0.2791163921356201
0.09063562750816345
0.261341392993927
-0.08396803587675095
-0.19798654317855835
-0.22739262878894806
-0.19758661091327667
0.010390274226665497
-0.0575932078063488
0.15203247964382172
0.7731001973152161
-0.038713399320840836
0.008739140816032887
0.014266262762248516
0.020214272662997246
-0.05769610032439232
0.043423447757959366
-0.06581923365592957
0.017758270725607872
0.06137915328145027
0.05737556144595146
0.019604787230491638
0.007122819311916828
-0.023678628727793694
-0.05472356826066971
-0.015661699697375298
0.0849476084113121
0.027383090928196907
0.07853977382183075
0.29111164808273315
0.14442388713359833
0.11880621314048767
0.5907735824584961
-0.11677221953868866
-0.012506477534770966
-0.5210139155387878
0.6151746511459351
-0.15148505568504333
-0.03279036656022072
-0.11560080945491791
-0.055311642587184906
0.010812448337674141
-0.10821817815303802
0.8139967918395996
0.6232615113258362
0.6819490790367126
0.7055891752243042
0.8322039842605591
1.161674976348877
-0.018055906519293785
0.12918995320796967
0.5749652981758118
0.5286464691162109
-0.36856767535209656
0.6253506541252136
-0.16753292083740234
-0.11264054477214813
0.15765905380249023
0.245370015501976
0.5555117726325989
0.05809693783521652
-0.13022460043430328
-0.038600146770477295
0.5106861591339111
-0.18200227618217468
-0.3437217175960541
0.36196887493133545
0.03299279510974884
-0.14872129261493683
0.11485622078180313
0.5279587507247925
-0.09482023864984512
0.21085476875305176
0.10786838829517365
0.3767848014831543
-0.09454987198114395
-0.20397688448429108
-0.2812858819961548
0.08896369487047195
0.402919203042984
-0.27534207701683044
-0.08285585045814514
0.1196724995970726
-0.015756456181406975
0.08795612305402756
0.012570706196129322
0.44276633858680725
-0.05284319072961807
-0.2544202208518982
-0.16536439955234528
0.12008912861347198
-0.06818777322769165
-0.17821338772773743
-0.10102272033691406
-0.022532949224114418
-0.08345010131597519
0.2976636290550232
-0.09270251542329788
-0.04329424723982811
-0.03230876848101616
0.071023128926754
0.07912532240152359
-0.05773504450917244
-0.14599202573299408
-0.014207403175532818
-0.1687287539243698
0.06117190793156624
0.2033824771642685
0.20414955914020538
0.09148191660642624
0.07514834403991699
0.25700002908706665
0.021096516400575638
-0.18182501196861267
0.08520445972681046
-0.10157282650470734
-0.2541256546974182
-0.11487475037574768
0.5490157008171082
0.03946201503276825
-0.19058293104171753
0.2171643227338791
0.5407442450523376
-0.026739811524748802
-0.07208190113306046
0.070010706782341
-0.003712909761816263
0.024610044434666634
0.180338054895401
-0.0049557434394955635
-0.01649687997996807
-0.08414056152105331
-0.014627397060394287
-0.011135928332805634
0.024475883692502975
0.034145668148994446
0.04156329110264778
0.02715121954679489
-0.06461003422737122
0.5537269711494446
-0.2624674141407013
-0.03730866312980652
0.2040693610906601
0.5369479656219482
0.16232949495315552
0.20106373727321625
0.3708527982234955
-0.04042135551571846
-0.28386974334716797
-0.10962671041488647
0.8014951944351196
0.04437808692455292
0.6845915913581848
0.2941185235977173
-0.18000902235507965
-0.2036133110523224
0.3773653209209442
0.7078994512557983
0.5038443803787231
0.7584084868431091
0.3578587770462036
0.06976711750030518
-0.11956555396318436
1.0034888982772827
0.01335567981004715
0.04147816449403763
0.13570575416088104
0.3559684455394745
-0.28382545709609985
-0.04700930044054985
1.0105795860290527
0.5366026163101196
0.7344765663146973
0.497421532869339
0.838769257068634
0.7463378310203552
1.5285781621932983
0.1937064528465271
0.06483124941587448
1.0918879508972168
0.7761527299880981
-0.3253888487815857
0.5680104494094849
0.20482534170150757
0.14722506701946259
0.0009921678574755788
0.6002257466316223
0.34362608194351196
-0.11764688789844513
0.31753668189048767
0.8283223509788513
0.49489498138427734
0.08848220109939575
0.24544909596443176
0.1586093008518219
0.3145214915275574
0.5324913263320923
0.09374872595071793
0.5539667010307312
0.48550698161125183
0.2863287925720215
-0.11727450788021088
0.6480282545089722
0.024356607347726822
0.00018803133571054786
0.037614546716213226
-0.007003726903349161
0.03497444838285446
-0.0804113820195198
0.040888797491788864
0.06449831277132034
-0.009592312388122082
0.005312338005751371
0.05578276142477989
0.016673998907208443
-0.05645056441426277
-0.03219577670097351
-0.04602408409118652
-0.035834167152643204
-0.24369654059410095
0.16512784361839294
-0.005254049319773912
0.07379992306232452
0.6100944876670837
-0.2618664503097534
-0.35207322239875793
0.30495426058769226
-0.14795748889446259
-0.07499322295188904
0.22464151680469513
0.8263862729072571
-0.14987289905548096
0.048644453287124634
-0.161414235830307
0.573729395866394
0.0007269508787430823
-0.08470790833234787
-0.027320101857185364
0.030928174033761024
-0.4028680920600891
0.16036473214626312
-0.03003000281751156
-0.10297878086566925
-0.2316814661026001
-0.06843436509370804
-0.09005482494831085
-0.15983913838863373
-0.10853899270296097
-0.09121406078338623
-0.28297096490859985
-0.060189876705408096
0.2797221839427948
0.39707767963409424
0.38352981209754944
0.36573830246925354
0.5744067430496216
0.9089885354042053
0.01498064398765564
0.16851285099983215
0.03616094961762428
-0.09583313763141632
-0.17281900346279144
0.1943330019712448
-0.03882246091961861
-0.07882131636142731
0.3407231271266937
0.7270626425743103
0.022660547867417336
0.0012408222537487745
-0.06721412390470505
-0.04262174293398857
-0.009968546219170094
-0.08624237030744553
-0.03840179741382599
-0.0648740604519844
0.03132062032818794
-0.02444698102772236
0.005623253062367439
-0.030528776347637177
0.010305752046406269
-0.009586802683770657
-0.06668920814990997
-0.0028750847559422255
0.02188148908317089
-0.08951010555028915
-0.15482813119888306
0.13476961851119995
0.23106560111045837
-0.4373791515827179
0.024252647534012794
0.15964607894420624
0.08852021396160126
-0.21071501076221466
-0.16384990513324738
0.52483731508255
-0.09946054220199585
-0.19281329214572906
-0.006518663838505745
0.24406684935092926
-0.18905626237392426
-0.06254182010889053
0.32084032893180847
0.010152510367333889
0.3164535164833069
0.3003044128417969
-0.22111313045024872
0.1266869306564331
-0.3115803301334381
0.22676199674606323
-0.1896774172782898
0.04753916710615158
-0.01851494610309601
-0.4261273443698883
-0.16037070751190186
0.20202703773975372
-0.023577658459544182
-0.05780388042330742
0.026258233934640884
-0.04485328122973442
0.03859078884124756
-0.016398025676608086
0.021600037813186646
-0.0564093217253685
0.04203122481703758
-0.018791185691952705
0.021747717633843422
0.019769901409745216
0.05758413299918175
0.05001652240753174
-0.017585420981049538
-0.017831655219197273
-0.029279667884111404
0.010489950887858868
0.03076397441327572
0.022554317489266396
0.03403402864933014
-0.007593893446028233
-0.06277546286582947
-0.030810682103037834
-0.00041027108090929687
0.020311817526817322
0.03484036400914192
0.014971255324780941
-0.005554709117859602
-0.003190593095496297
-0.04867231845855713
-0.056088924407958984
-0.4349532127380371
-0.5768446922302246
-0.8407045006752014
-0.5130611062049866
-0.2552785575389862
-1.7981555461883545
-0.6645432710647583
-0.19607745110988617
-0.17455658316612244
-1.0061720609664917
-0.483583003282547
0.186538964509964
-0.12165878713130951
-0.1712096929550171
-0.23079997301101685
-0.7017216682434082
0.18946871161460876
-0.651765763759613
0.3044162690639496
0.3018307089805603
0.1392340362071991
-0.3747619390487671
-0.04359760135412216
-0.15833495557308197
0.26611220836639404
-0.042282696813344955
-0.046308644115924835
0.22946329414844513
-0.035502415150403976
0.11549538373947144
-0.4992007613182068
0.17260338366031647
-0.09844183176755905
-0.0539635606110096
0.32297956943511963
0.2496577799320221
0.29106709361076355
-0.1139342337846756
0.01068966556340456
0.027633653953671455
-0.024180715903639793
-0.07597967982292175
0.04487178847193718
-0.022506143897771835
0.08604518324136734
-0.0398661307990551
-0.008281107991933823
0.1736292839050293
-0.8828046321868896
-0.4254155457019806
-0.02135264314711094
-0.12934866547584534
-0.2829234302043915
-0.3382229804992676
-0.8082694411277771
-0.36562255024909973
-0.06948860734701157
-0.202048659324646
0.11656444519758224
-0.8308968544006348
0.1102876141667366
-0.4517342150211334
-0.8815449476242065
-1.1519546508789062
0.13258932530879974
0.09257449954748154
0.2205963134765625
-0.008750412613153458
-0.39001211524009705
0.19109892845153809
0.08129721134901047
-0.04140111804008484
-0.1965486854314804
-0.16563385725021362
0.20008379220962524
-0.4296019375324249
0.04120733216404915
-0.1062266081571579
0.30287835001945496
0.11248154938220978
-0.1925847977399826
-0.4444338381290436
-0.08272264897823334
0.4466223120689392
-0.2575557827949524
-0.5100995302200317
-0.1462678462266922
-0.3395062983036041
0.01027036551386118
-0.1390974521636963
0.18436437845230103
-0.39067530632019043
0.09268172085285187
-0.28146129846572876
0.021110614761710167
-0.4563395082950592
-0.2591693103313446
0.05722251161932945
0.11489937454462051
-0.1161767840385437
-0.6861031651496887
0.1585472822189331
0.05530104786157608
-0.2118110954761505
0.03838450834155083
-0.0986410602927208
0.18718861043453217
-0.4079023599624634
-0.024266909807920456
-0.08955269306898117
0.139960378408432
-0.19239875674247742
0.22123441100120544
-0.10808634757995605
-0.3115554451942444
0.17965440452098846
-0.10420103371143341
-0.4341154992580414
0.03354860097169876
0.09692683815956116
-0.18649455904960632
0.16338621079921722
-0.14410115778446198
0.2409329116344452
0.12925896048545837
-0.12917454540729523
0.15649192035198212
-0.0029117653612047434
-0.34803497791290283
0.41454964876174927
0.13241101801395416
-0.1902318000793457
-0.40023741126060486
-0.3829403221607208
-0.27682071924209595
-0.21844816207885742
-0.34845852851867676
0.2576843202114105
0.5584306120872498
0.002558397362008691
-0.027771519497036934
-0.23996244370937347
-0.019356515258550644
-0.44302016496658325
0.2799714505672455
0.03168271481990814
0.03325212746858597
0.02387482300400734
-0.4417106807231903
0.15685221552848816
0.0496506541967392
-0.14560982584953308
0.08276990056037903
-0.08727661520242691
0.31244274973869324
-0.3646814227104187
-0.04157725349068642
-0.007401055656373501
0.23151643574237823
-0.16754920780658722
0.16428780555725098
-0.4252082109451294
0.23602929711341858
0.03276342153549194
-0.03958262875676155
-0.6349782943725586
-0.056978508830070496
-0.12260539829730988
0.2119312286376953
0.16660653054714203
0.46215012669563293
0.3987874984741211
-0.03731367737054825
0.03683983534574509
0.13249607384204865
-0.7449178695678711
-0.07142025232315063
0.03644557669758797
0.010880128480494022
0.00673993956297636
-0.014720900915563107
0.021344834938645363
0.03614111244678497
0.009554102085530758
-0.02572978101670742
0.07104455679655075
0.007082899566739798
-0.1213730052113533
-0.016669705510139465
-0.01843724213540554
-0.017026463523507118
0.01905805617570877
-0.0967482179403305
0.08331599086523056
-0.3648342490196228
-0.18329736590385437
-0.14614616334438324
-0.371309757232666
-0.006079854443669319
-0.03478188067674637
0.5043702721595764
-0.45545440912246704
0.11131363362073898
0.04454717040061951
0.14203232526779175
0.008088095113635063
-0.06345348805189133
0.20490695536136627
-0.5052639245986938
-0.5793576240539551
-0.8867218494415283
-0.33235034346580505
-0.3015221357345581
-1.4229921102523804
-0.5839916467666626
0.010967466048896313
0.14552295207977295
-0.881368100643158
-0.15906043350696564
-0.12874124944210052
0.17733052372932434
0.06995406746864319
-0.13707667589187622
-0.2148226797580719
-0.4958544671535492
-0.23309792578220367
0.2229590266942978
-0.03853815793991089
-0.35562044382095337
0.1528555005788803
0.08719949424266815
-0.3368609547615051
0.0973171666264534
-0.028882361948490143
0.24354350566864014
-0.0667961984872818
0.14257259666919708
-0.4631677269935608
-0.02612755075097084
-0.2168901562690735
0.09627258032560349
0.3918001353740692
0.22881287336349487
-0.07443254441022873
-0.40297359228134155
0.27161598205566406
-0.02494184672832489
-0.006843366660177708
0.09377583861351013
-0.2961941659450531
0.18521177768707275
-0.5026005506515503
0.06182008609175682
-0.0824480727314949
0.4949255585670471
-0.21696141362190247
0.08840276300907135
0.10122817009687424
0.3557945489883423
0.13406458497047424
0.16686297953128815
-0.29894202947616577
0.17287150025367737
0.11325259506702423
0.2484162300825119
-0.006798096001148224
-0.041279468685388565
-0.2331220656633377
0.04395002871751785
-0.03992209956049919
0.026622481644153595
0.2962954044342041
-0.12760478258132935
-0.2675666809082031
0.0981789156794548
-0.029412508010864258
-0.039836518466472626
-0.4190559983253479
0.03984035179018974
-0.04772346466779709
0.10130184888839722
0.12056101858615875
0.15045693516731262
-0.12921491265296936
0.011231791228055954
-0.2552272081375122
0.2401445358991623
-0.2728526294231415
-0.013364371843636036
0.07120207697153091
0.019203955307602882
0.07271922379732132
-0.020769407972693443
-0.020846795290708542
-0.03968311473727226
-0.07194314897060394
-0.02668929658830166
0.01700928434729576
0.07023801654577255
0.03571163862943649
0.04956616461277008
-0.0609457865357399
0.02025061659514904
0.10886021703481674
-0.5280105471611023
0.10658317804336548
-0.026636658236384392
-0.229630708694458
-0.3472500443458557
-0.08836205303668976
-0.09134775400161743
-0.5464573502540588
0.01640911214053631
-0.031153015792369843
0.3832581341266632
-0.7744342684745789
-0.08094474673271179
-0.82297283411026
-0.3206162750720978
0.23262053728103638
0.2692635953426361
-0.2643381357192993
-0.5587857365608215
-0.3350592255592346
-0.5930695533752441
-0.8365610837936401
-0.23791836202144623
0.18231938779354095
-0.5214864015579224
-0.38970717787742615
-0.5338303446769714
-0.09545852988958359
-0.10607704520225525
-0.06648531556129456
0.22837291657924652
-0.7409630417823792
-0.36521661281585693
-0.7724102139472961
-0.513858437538147
-0.4328353703022003
-0.12891937792301178
-1.5559123754501343
-0.7904388308525085
-0.4624846279621124
-0.22679497301578522
-0.9267085790634155
-0.3853572905063629
-0.27655571699142456
-0.05115075409412384
-0.11662393063306808
0.06985187530517578
-0.3299153745174408
-0.46047210693359375
0.15236911177635193
-0.02038944512605667
-0.36326247453689575
-0.3502292037010193
-0.5103155970573425
-0.2088383138179779
-0.20355620980262756
0.08035922050476074
-0.5315009951591492
-0.17458227276802063
-0.9034287929534912
-0.2063656896352768
-0.3845738470554352
0.053322240710258484
-0.3544720411300659
0.017336882650852203
-0.0682581216096878
0.056749001145362854
0.0010694910306483507
-0.0922870859503746
0.01503943745046854
0.034437164664268494
0.009670639410614967
0.02042018435895443
-0.0435921773314476
0.02265811152756214
-0.03219130262732506
-0.006741499528288841
0.015535215847194195
0.05395851656794548
-0.07349466532468796
0.24537873268127441
-0.06773955374956131
0.21985553205013275
-0.06200898066163063
-0.5271300077438354
0.10815072804689407
0.12331666797399521
-0.32477867603302
0.12107528746128082
-0.1560453474521637
0.21801164746284485
-0.30671119689941406
0.1279565691947937
-0.3835093080997467
0.3037797510623932
-0.4335280656814575
0.18408653140068054
-0.05285561829805374
0.27997907996177673
0.0893157348036766
0.5158978700637817
-0.3566441237926483
0.03892204910516739
0.06277117878198624
0.2864743173122406
-0.0024833136703819036
0.21779611706733704
0.2290598750114441
-0.03003767691552639
0.04842449724674225
0.021269474178552628
0.017131468281149864
-0.29020169377326965
-0.34249356389045715
-0.10391663759946823
-0.21874269843101501
0.017992405220866203
-1.0233168601989746
-0.22194284200668335
-0.02350696548819542
0.34761056303977966
-0.07765643298625946
-0.16730782389640808
0.23729322850704193
0.10951574891805649
0.027958190068602562
-0.1731995791196823
-0.4492221772670746
-0.018860744312405586
0.03957592323422432
-0.03687003254890442
-0.05786844342947006
0.01081786211580038
0.05367894098162651
0.11800625175237656
-0.011670022271573544
-0.030714338645339012
-0.11421080678701401
0.04550084471702576
0.03875522315502167
0.02566158026456833
0.010924038477241993
0.037001702934503555
0.016941744834184647
-0.0956452488899231
0.3504345715045929
0.3588368892669678
-0.06058354303240776
-0.6398882865905762
0.17712442576885223
-0.011665195226669312
-0.09665529429912567
-0.01795337349176407
0.005638915114104748
0.23651717603206635
-0.5835416316986084
-0.01687653735280037
-0.185337096452713
0.3262757956981659
-0.2472212016582489
0.2040136456489563
0.22171881794929504
-0.2573506534099579
-0.016471778973937035
-0.2759547233581543
-0.3912871479988098
0.08868376165628433
-0.03382053226232529
0.1621265560388565
-0.40170809626579285
0.1997278928756714
-0.18811103701591492
0.17429298162460327
0.02542882412672043
0.319709450006485
0.07933677732944489
0.005910823587328196
-0.048894770443439484
-0.005885016638785601
-0.0499027743935585
0.009423451498150826
-0.032390668988227844
-0.021176381036639214
-0.028588280081748962
0.017401449382305145
0.014609226025640965
0.04282035306096077
0.02533305250108242
-0.056073542684316635
-0.005458210129290819
-0.0013090581633150578
-0.12792091071605682
-0.04779336601495743
0.008439427241683006
-0.004107202403247356
-0.013725180178880692
-0.025067176669836044
-0.05063553899526596
-0.0011691395193338394
0.009570877999067307
-0.05989379435777664
0.023724257946014404
-0.05053500831127167
-8.41766013763845e-05
0.041683826595544815
-0.03615765646100044
-0.0033114661928266287
0.011603695340454578
0.269653856754303
0.39878568053245544
0.7978744506835938
0.971759021282196
0.956425130367279
1.701745629310608
0.038593389093875885
0.08871777355670929
0.4737355411052704
0.8569097518920898
0.16571053862571716
0.45785972476005554
0.3586474657058716
0.280773788690567
0.9144359230995178
1.3503319025039673
-0.08319470286369324
0.38045287132263184
-0.34789055585861206
-0.1179179921746254
-0.006069036666303873
0.38900527358055115
-0.10659731924533844
0.18684202432632446
-0.1619330793619156
-0.04025194048881531
0.06996472924947739
0.10012218356132507
-0.01682855561375618
-0.09036781638860703
0.4613769054412842
0.22055856883525848
-0.012810593470931053
-0.06355743855237961
-0.2873287498950958
-0.16178525984287262
-0.316704660654068
0.29788222908973694
-0.00893349852412939
0.07040175795555115
-0.0303026270121336
-0.012177740223705769
-0.10183387994766235
0.003564705140888691
-0.2668878138065338
-0.006258099805563688
-0.07996345311403275
-0.12455891817808151
0.5911915302276611
0.3042147755622864
-0.21821101009845734
0.15509244799613953
0.4502699077129364
-0.16638152301311493
0.28541865944862366
0.7649945616722107
0.09003289043903351
0.6213820576667786
0.49476054310798645
1.7367724180221558
-0.014382753521203995
0.6774834394454956
1.225601315498352
1.4321306943893433
-0.1377132683992386
-0.08368325978517532
-0.13499121367931366
0.007966103963553905
0.2309713065624237
-0.2334866225719452
-0.0738060250878334
0.16096152365207672
0.3165438771247864
-0.004084392916411161
-0.09451953321695328
0.36659079790115356
-0.06633928418159485
0.06434877216815948
-0.05750977247953415
0.04863741248846054
0.15778841078281403
0.12220568209886551
0.1625368893146515
-0.2483585774898529
0.32574498653411865
-0.14939545094966888
-0.3536189794540405
0.11374423652887344
0.40970665216445923
0.13003675639629364
0.3997350037097931
1.268945336341858
-0.061543483287096024
0.4517133831977844
0.612562358379364
1.209281325340271
0.13617825508117676
-0.09840373694896698
-0.20928914844989777
0.12767715752124786
0.3530445694923401
-0.38396885991096497
-0.0988006517291069
0.27610906958580017
-0.0319836400449276
0.034271541982889175
0.0005066963494755328
0.4230840504169464
0.03725782036781311
0.1639840006828308
0.12347157299518585
0.1388174444437027
-0.04994276165962219
0.09523332118988037
0.4055604934692383
0.10447411984205246
0.2604120969772339
0.0840502381324768
-0.3666205406188965
-0.0390530563890934
0.29802799224853516
-0.23864012956619263
-0.16681401431560516
0.4040139317512512
0.060597848147153854
0.23631274700164795
0.2505391240119934
0.4406270980834961
0.2042914777994156
-0.3108856678009033
-0.1058707907795906
0.10296045988798141
0.26490098237991333
0.19297054409980774
0.16691088676452637
0.3957887589931488
0.44906559586524963
-0.1564001441001892
-0.200631782412529
0.18364953994750977
-0.015546598471701145
0.3235653340816498
0.7751567363739014
0.32934558391571045
-0.22109389305114746
0.06215222179889679
-0.032832883298397064
-0.0029893650207668543
0.42953118681907654
-0.23083187639713287
-0.041038744151592255
0.17514699697494507
0.03614158555865288
-0.00916693639010191
-0.1058465912938118
0.27265000343322754
0.002531415782868862
-0.0022827256470918655
-0.08292588591575623
0.00418765377253294
-0.1998770833015442
0.32676294445991516
-0.4204515218734741
-0.10053496807813644
0.008827151730656624
0.36802855134010315
-0.10753636062145233
0.19084599614143372
-0.11860621720552444
-0.1495976746082306
0.14479416608810425
0.049562666565179825
-0.030094869434833527
0.1038854792714119
0.5030397176742554
0.6697129011154175
0.06149251386523247
-0.051469188183546066
-0.03990798816084862
-0.008616936393082142
-0.006657934281975031
0.05314657837152481
-0.04194476082921028
-0.010164563544094563
0.04717891290783882
0.04329579323530197
-0.032784875482320786
0.09724893420934677
-0.04788444563746452
0.05923125520348549
0.01942647434771061
0.001856103423051536
-0.021275708451867104
-0.061576202511787415
0.36994144320487976
0.1819443553686142
0.19112838804721832
0.6151691675186157
-0.09417849034070969
0.10950605571269989
-0.5799160003662109
0.6798436045646667
-0.1376371830701828
-0.02527453564107418
-0.09505099803209305
0.0020124202128499746
0.08749211579561234
-0.08765837550163269
0.7129330635070801
0.6769818663597107
0.789363443851471
0.7072885036468506
0.4798866808414459
1.1704051494598389
0.026901721954345703
0.037437327206134796
0.3122839033603668
0.5936183929443359
0.18458500504493713
1.0752677917480469
-0.05359400436282158
-0.05504839867353439
0.8916054368019104
0.9057313203811646
0.37208467721939087
0.045314494520425797
-0.1682317852973938
0.016459980979561806
0.4573286473751068
-0.13150787353515625
-0.2695333957672119
0.4027249813079834
0.06618767976760864
0.10941459238529205
0.18934360146522522
0.5556613206863403
-0.08488884568214417
0.5073064565658569
0.14789846539497375
0.5218154191970825
-0.008288010954856873
-0.27943155169487
-0.23670652508735657
0.11640956252813339
0.4215849041938782
-0.23491662740707397
-0.03385358676314354
0.07603723555803299
-0.035685379058122635
-0.0010623722337186337
-0.04880853742361069
0.417123019695282
0.06567548960447311
0.023731740191578865
-0.19394104182720184
0.15949158370494843
-0.08044060319662094
-0.14849549531936646
-0.09474491328001022
0.03444058448076248
-0.1795564591884613
0.18316994607448578
-0.20111554861068726
-0.06338480859994888
-0.09206180274486542
0.03813318535685539
-0.033254224807024
0.0060884905979037285
-0.11883823573589325
0.19399955868721008
0.19300003349781036
0.10003220289945602
0.14463265240192413
0.20011894404888153
0.09477464109659195
0.023667408153414726
0.19616791605949402
-0.09984112530946732
-0.27344608306884766
0.1662868708372116
-0.07719463109970093
-0.0686212033033371
0.061640650033950806
0.5310508608818054
0.01519034057855606
0.08477534353733063
0.4513179659843445
0.5199000239372253
-0.04651562124490738
-0.12089703977108002
0.09689782559871674
-0.06391215324401855
-0.026142844930291176
0.22325192391872406
0.04628613591194153
-0.016880759969353676
0.0490005798637867
-0.02826754003763199
-0.04654226824641228
0.012674127705395222
0.0673571527004242
-0.06170789524912834
-0.017984045669436455
0.0735916793346405
0.5799006223678589
-0.1474701166152954
-0.01191449724137783
0.2368425577878952
0.4350709021091461
-0.057670265436172485
0.08487109839916229
0.357461541891098
-0.0845927819609642
0.041618891060352325
-0.05044372007250786
0.7930581569671631
-0.08507497608661652
0.7301832437515259
0.2650860548019409
-0.2897484302520752
-0.20449110865592957
0.3928739130496979
0.6822065114974976
0.4715069830417633
0.709518313407898
0.5402089357376099
0.029996564611792564
-0.18045039474964142
0.80169278383255
0.1544928401708603
-0.08747836947441101
0.08326087146997452
0.28550055623054504
0.17127308249473572
0.38291633129119873
1.0386539697647095
0.4857105612754822
0.640221893787384
0.5574526786804199
0.8020462393760681
0.5039340853691101
1.6792560815811157
0.21423755586147308
0.013884789310395718
0.8845421075820923
0.7324360609054565
-0.09367973357439041
0.6508652567863464
0.21786968410015106
0.291171133518219
0.7384706735610962
0.7932060956954956
0.2755465805530548
-0.15411975979804993
0.3054884970188141
0.8198413848876953
0.3404950797557831
0.03427847474813461
0.3092072904109955
0.22896550595760345
0.15401265025138855
0.5533344745635986
0.1281794160604477
0.5307222604751587
0.5749133825302124
0.4061617851257324
0.13285259902477264
0.6580155491828918
-0.08526268601417542
-0.013124518096446991
-0.014137177728116512
0.0021282006055116653
0.0023589488118886948
-0.0556689016520977
0.010681058280169964
0.06437306851148605
-0.0879259705543518
0.03993092104792595
-0.0418386273086071
-0.046226341277360916
-0.051491715013980865
-0.03021826595067978
0.013427159748971462
-0.06040571630001068
-0.23087042570114136
0.14077028632164001
0.05187755823135376
0.11098393052816391
0.5187317728996277
-0.27754777669906616
-0.2631736397743225
0.3693107068538666
-0.07509401440620422
-0.04919300600886345
0.18648125231266022
0.8715393543243408
-0.1099529042840004
0.15372234582901
0.0438971072435379
0.7349923253059387
-0.13821610808372498
-0.05635217949748039
-0.021668249741196632
-0.007766436785459518
-0.46608781814575195
0.1909945160150528
-0.10210584849119186
-0.13067758083343506
-0.14914387464523315
-0.04351535066962242
-0.08051471412181854
-0.03847650811076164
-0.01357744075357914
0.03215358033776283
-0.02771604433655739
-0.055728454142808914
0.11607304960489273
0.3080572187900543
0.3216058909893036
0.4907248616218567
0.4985932409763336
0.9684050679206848
-0.10937190055847168
0.14416036009788513
-0.17283539474010468
-0.1795571893453598
0.2080552875995636
0.4767126739025116
-0.10316631942987442
0.08454364538192749
0.6767180562019348
0.8098276257514954
-0.043111566454172134
-0.008432909846305847
-0.037982381880283356
0.0061947498470544815
-0.014202842488884926
0.015716806054115295
-0.0340900793671608
0.028778990730643272
-0.06251158565282822
0.019524365663528442
0.003806945402175188
0.01970398798584938
-0.007540855556726456
0.06157463788986206
0.02272101491689682
0.015430642291903496
0.007262493018060923
-0.1080518439412117
-0.08805114775896072
0.06019950285553932
0.2289659082889557
-0.4638383388519287
0.0914463996887207
0.2282535582780838
-0.06425763666629791
0.051289770752191544
-0.0006488764192909002
0.56149822473526
-0.002383421640843153
0.10774915665388107
0.09794429689645767
0.2388521283864975
-0.12454023957252502
-0.08067474514245987
0.2479741871356964
0.10249324887990952
0.3365263044834137
0.12922516465187073
-0.19023649394512177
0.14600089192390442
-0.30469998717308044
0.2836323082447052
-0.3125095069408417
0.0739760622382164
0.08635061979293823
-0.11137883365154266
-0.09612956643104553
0.20547594130039215
-0.06704709678888321
-0.03294006735086441
0.018948763608932495
-0.002980601042509079
0.06718780100345612
-0.05585232749581337
-0.062082547694444656
-0.020699627697467804
-0.022521039471030235
0.03792264685034752
-0.00022780350991524756
-0.01245312299579382
0.05856980383396149
0.09209253638982773
-0.042660895735025406
0.013942556455731392
-0.06332480907440186
0.00856578815728426
-0.00810171477496624
-0.013754315674304962
-0.04309927672147751
-0.03224785625934601
0.017393987625837326
-0.010327266529202461
0.02043410949409008
-0.03585268557071686
-0.07757198065519333
0.05217507481575012
0.005482248030602932
-0.05018307641148567
0.05352963134646416
-0.014368121512234211
-0.4158686101436615
-0.7002462148666382
-0.731231153011322
-0.6514306664466858
-0.3494691848754883
-1.9163304567337036
-0.6574609875679016
-0.014350919052958488
-0.23340006172657013
-1.1377946138381958
-0.7318439483642578
0.008127753622829914
-0.10629120469093323
-0.12159422039985657
-0.48797407746315
-0.9549460411071777
0.022433238103985786
-0.6813843846321106
0.4447455108165741
0.33563369512557983
0.2219819575548172
-0.3689717650413513
-0.12771204113960266
-0.07655587792396545
0.32535210251808167
-0.03295859694480896
0.0014079967513680458
0.14643755555152893
-0.02948758192360401
0.11840271204710007
-0.4740302860736847
-0.02123642899096012
-0.017864562571048737
0.021153053268790245
0.5846651196479797
0.20992951095104218
0.15730020403862
-0.2608756124973297
0.031243812292814255
0.025844117626547813
0.0869833305478096
-0.05062197148799896
0.005905190482735634
-0.039733804762363434
0.26915520429611206
-0.11784316599369049
-0.01568419486284256
0.13741034269332886
-1.0288187265396118
-0.3407067358493805
-0.21278084814548492
-0.12025255709886551
-0.36484381556510925
-0.45202839374542236
-0.7701902389526367
-0.2987840175628662
0.039163876324892044
-0.23399601876735687
0.09462873637676239
-1.3043386936187744
0.12766942381858826
-0.577822744846344
-1.0636252164840698
-1.3042182922363281
0.01593528315424919
0.16306133568286896
0.24923494458198547
0.013470517471432686
-0.4340382516384125
0.18994039297103882
0.04712723195552826
-0.03216172754764557
-0.21680773794651031
-0.1159917414188385
0.2994765043258667
-0.4629385769367218
0.0040604728274047375
-0.011643340811133385
0.18774911761283875
0.00671876035630703
-0.4499937891960144
-0.16145071387290955
0.0018542337929829955
0.5057623982429504
-0.21563714742660522
-0.4806104898452759
-0.19325798749923706
-0.28529173135757446
0.07863718271255493
-0.12412337958812714
0.125130757689476
-0.650601327419281
0.11632850021123886
-0.25931644439697266
-0.08549851924180984
-0.7298054099082947
-0.25481995940208435
0.1533479541540146
0.09304908663034439
-0.066561259329319
-0.7897663712501526
0.06729405373334885
0.024464573711156845
-0.1910318285226822
0.054839253425598145
-0.03380916640162468
0.09282935410737991
-0.4826521873474121
0.020615482702851295
-0.0886780321598053
0.08795440196990967
-0.1331855058670044
0.24601471424102783
0.02077988162636757
-0.3375655710697174
0.2353847473859787
-0.08784481137990952
-0.10900124162435532
0.008741011843085289
0.06174120679497719
-0.04824935644865036
0.03026622161269188
-0.0074349031783640385
0.09816839545965195
0.08152377605438232
0.017972730100154877
0.05774242430925369
-0.20211246609687805
-0.39609625935554504
0.7205638885498047
0.09578518569469452
-0.24577948451042175
-0.4924052655696869
-0.4003456234931946
-0.021429449319839478
-0.1942128688097
-0.41805556416511536
0.13802647590637207
0.4195742905139923
-0.10727699846029282
0.04840850085020065
-0.19755512475967407
-0.3458156883716583
-0.3958852291107178
0.23534968495368958
0.1397756040096283
-0.0040128217078745365
-0.0058119152672588825
-0.5029972195625305
0.18003295361995697
0.03274828940629959
-0.11235225945711136
-0.025190936401486397
-0.09662098437547684
0.22136558592319489
-0.4927751123905182
0.023874489590525627
0.01611378975212574
0.30671459436416626
-0.02930481731891632
0.12593938410282135
-0.16326875984668732
0.36158376932144165
0.011275802738964558
0.22809165716171265
-0.7751548290252686
-0.05953489616513252
-0.03552322834730148
0.2874440550804138
-0.005918298847973347
0.2592253088951111
0.30447620153427124
0.0647946298122406
0.008156337775290012
-0.02004176937043667
-0.8069226741790771
-0.06451155990362167
0.02102493867278099
0.03291788324713707
0.002538717584684491
0.00656528165563941
-0.10641010850667953
0.07666190713644028
-0.06030450016260147
-0.00879068486392498
-0.03481727093458176
0.0040482450276613235
0.03350266069173813
-0.040793225169181824
0.0244608111679554
0.00737368781119585
0.01311839185655117
0.04139384999871254
0.10364000499248505
-0.348065584897995
-0.1302143931388855
-0.25511273741722107
-0.4645662307739258
0.0841742753982544
0.06705431640148163
0.6466750502586365
-0.5031278729438782
-0.04037344455718994
0.08866436034440994
0.23248924314975739
0.034170810133218765
0.02859860472381115
0.17105530202388763
-0.6600841879844666
-0.6625791788101196
-0.8378196954727173
-0.3984869420528412
-0.40522968769073486
-1.527923583984375
-0.7077540755271912
-0.023380892351269722
0.10037324577569962
-0.9348567724227905
-0.2730920910835266
-0.4520656168460846
0.13851527869701385
0.009801525622606277
-0.46600401401519775
-0.4684237241744995
-0.6259141564369202
-0.14388549327850342
0.2935769557952881
-0.06524379551410675
-0.2831002473831177
-0.13029304146766663
0.05164669454097748
-0.3515409529209137
0.09438653290271759
0.10260415077209473
0.14820131659507751
-0.3079259991645813
0.0015809700125828385
-0.4309154748916626
0.016522051766514778
-0.3248196542263031
-0.0206696055829525
0.6812454462051392
0.2992369532585144
0.02533828467130661
-0.505904495716095
0.17165595293045044
-0.03783447667956352
-0.14011484384536743
0.029401224106550217
-0.15876193344593048
0.14701321721076965
-0.5849887132644653
-0.03748359531164169
-0.0055520860478281975
0.37292060256004333
-0.2542913854122162
0.04516163840889931
0.22077767550945282
0.5345951914787292
0.352894127368927
0.09158452600240707
-0.43541219830513
0.15673920512199402
0.083855040371418
0.3523176610469818
-0.11425071209669113
-0.06908807903528214
-0.2940821349620819
0.2145066261291504
0.08577823638916016
-0.0338803231716156
0.18672265112400055
-0.23529402911663055
-0.22321677207946777
0.037009820342063904
-0.004587186500430107
0.03143182769417763
-0.48266321420669556
0.04789097607135773
-0.1250516027212143
0.062364161014556885
0.10567108541727066
0.17553342878818512
-0.30358490347862244
-0.032084472477436066
-0.11796170473098755
0.028532227501273155
-0.23180346190929413
0.003905967576429248
-0.022376127541065216
-0.020977601408958435
0.07179699093103409
0.031481169164180756
-0.02913506142795086
0.01981065608561039
-0.045581020414829254
0.008467242121696472
-0.017195863649249077
0.05756528303027153
-0.060007091611623764
0.0077263955026865005
-0.12626099586486816
-0.05587317422032356
0.11605754494667053
-0.6504175662994385
0.11889088898897171
0.01842726767063141
-0.22497613728046417
-0.4051628112792969
-0.22125397622585297
-0.015163351781666279
-0.4950592815876007
-0.0974666103720665
0.11725662648677826
0.2587452828884125
-0.7939465641975403
0.05813515931367874
-0.7043371200561523
-0.3192097544670105
0.2065354734659195
0.23508605360984802
-0.23560744524002075
-0.6461039781570435
-0.20123091340065002
-0.7045369148254395
-0.6874603033065796
-0.12957803905010223
0.19117645919322968
-0.3594672977924347
-0.611190915107727
-0.6980341672897339
-0.09311293065547943
-0.08072174340486526
-0.024754732847213745
0.09001049399375916
-1.0252848863601685
-0.5458173155784607
-0.640440821647644
-0.3612012267112732
-0.5548030734062195
-0.0994880348443985
-1.680222749710083
-0.7222102880477905
-0.3748911917209625
-0.21010896563529968
-1.1183172464370728
-0.4940238893032074
-0.3453080356121063
-0.09824324399232864
-0.11368043720722198
-0.01680716872215271
-0.452849805355072
-0.5710371136665344
0.3456189036369324
0.07578124850988388
-0.43349459767341614
-0.4222634732723236
-0.6736935973167419
-0.12076637148857117
-0.16903698444366455
0.050033826380968094
-0.5074580311775208
-0.3283941447734833
-0.8148654103279114
-0.25212332606315613
-0.26185911893844604
0.018110057339072227
-0.5123946070671082
0.045740194618701935
0.007945559918880463
-0.023608172312378883
0.024057403206825256
-0.04249586537480354
-0.03598329797387123
-0.018747985363006592
-0.05196719989180565
0.06436038762331009
0.03701084852218628
0.07259544730186462
0.07465263456106186
0.03105529025197029
0.0021612602286040783
0.022209083661437035
-0.03477203845977783
0.07900950312614441
0.10829237848520279
0.22847169637680054
-0.0020430181175470352
-0.4474087655544281
-0.07447528839111328
0.11147084087133408
-0.2535371780395508
0.26271411776542664
-0.005116156302392483
0.1772785633802414
-0.5380412340164185
0.15589271485805511
-0.1827441304922104
0.2599480152130127
-0.47277623414993286
0.1255253404378891
-0.031640101224184036
0.3292539417743683
0.1299179047346115
0.6304411888122559
-0.4876614809036255
0.04276236146688461
0.06256134808063507
0.4241321384906769
0.011278207413852215
0.1787785291671753
0.16417039930820465
0.07263563573360443
-0.02340843342244625
0.18924979865550995
0.10005516558885574
-0.3073906898498535
-0.41434505581855774
0.02536965161561966
-0.23664972186088562
0.04723935201764107
-1.0802009105682373
-0.3815939128398895
-0.1384202390909195
0.26631495356559753
-0.13677377998828888
-0.3104376196861267
0.06641640514135361
0.13005901873111725
-0.016746295616030693
-0.36173856258392334
-0.5277140140533447
-0.05573182925581932
0.027850789949297905
0.0035039614886045456
-0.06399407237768173
-0.025636404752731323
-0.019171062856912613
-0.0034218672662973404
0.020825354382395744
0.010394020937383175
0.026877449825406075
-0.06327547132968903
0.014347485266625881
0.050752948969602585
0.033745333552360535
-0.06265287101268768
-0.016575835645198822
-0.18363547325134277
0.5176610946655273
0.44880834221839905
-0.06817024201154709
-0.7845163941383362
0.10184600949287415
0.018231729045510292
-0.10492780804634094
0.03640534356236458
-0.01068542804569006
0.20635086297988892
-0.7373864650726318
-0.030575651675462723
-0.05070147663354874
0.2999102473258972
-0.3844618797302246
0.1322561353445053
0.29064682126045227
-0.3455502986907959
-0.08148200809955597
-0.36780795454978943
-0.5112614035606384
0.09842057526111603
-0.06776679307222366
0.2677866816520691
-0.49739980697631836
0.16567309200763702
-0.22437606751918793
0.08003560453653336
0.07126669585704803
0.3290849030017853
-0.026145871728658676
0.039734575897455215
0.03899038955569267
0.03724382817745209
0.046445198357105255
0.07442891597747803
-0.00020216498523950577
0.04933026060461998
-0.06923644989728928
-0.028327083215117455
0.103117436170578
0.055869754403829575
0.01582058146595955
-0.0013344006147235632
0.007780264597386122
0.06077655404806137
-0.029722724109888077
0.006425091531127691
-0.03449293598532677
-0.06450063735246658
-0.10832266509532928
0.028634969145059586
-0.08449556678533554
0.055547021329402924
-0.014066912233829498
0.015056805685162544
0.053654786199331284
-0.017274754121899605
-0.0289357528090477
-0.0193569865077734
-0.03792492300271988
-0.04556644335389137
-0.008816557936370373
-0.3956412374973297
-0.6761548519134521
-0.8212378621101379
-0.619109570980072
-0.33757010102272034
-1.7798941135406494
-0.6753727197647095
-0.17966482043266296
-0.2642454206943512
-1.1883612871170044
-0.7366650104522705
0.0015606769593432546
-0.12544970214366913
-0.14412246644496918
-0.3330360949039459
-0.8367553353309631
0.20983920991420746
-0.5849950909614563
0.4157145619392395
0.33915430307388306
0.19490808248519897
-0.37609395384788513
-0.1253800094127655
-0.13650918006896973
0.35434478521347046
0.04934436082839966
-0.04889637231826782
0.1685791313648224
0.01826554909348488
0.04855075851082802
-0.40297675132751465
0.07095208019018173
-0.038809433579444885
-0.03298741579055786
0.6395120024681091
0.24695083498954773
0.24341292679309845
-0.2342873364686966
0.062154270708560944
0.011591059155762196
-0.04404553771018982
0.043571002781391144
0.02847619168460369
0.0038211459759622812
0.2247972935438156
-0.0020074606873095036
-0.11145638674497604
0.09819969534873962
-0.936463475227356
-0.4665597081184387
-0.1936078518629074
-0.21013569831848145
-0.2593595087528229
-0.39311864972114563
-0.862801194190979
-0.5255853533744812
-0.019629305228590965
-0.29235026240348816
0.04726079851388931
-1.1148054599761963
0.1380985975265503
-0.3711249530315399
-0.911408007144928
-1.3064396381378174
0.12905371189117432
0.26466992497444153
0.31427136063575745
0.003627494676038623
-0.3863079249858856
0.14982938766479492
0.09834454208612442
-0.10429131984710693
-0.1952791064977646
-0.056802667677402496
0.2169152796268463
-0.4536250829696655
0.05223061889410019
0.04626895859837532
0.29502665996551514
-0.06939887255430222
-0.25643306970596313
-0.22456447780132294
0.20890448987483978
0.5595274567604065
-0.18658892810344696
-0.6087029576301575
-0.11862213164567947
-0.3090055286884308
0.037499744445085526
-0.15661495923995972
0.04827580228447914
-0.5757370591163635
0.08977664262056351
-0.23702363669872284
-0.0398709736764431
-0.6921222805976868
-0.1842644363641739
0.2184910625219345
0.13750064373016357
-0.12319593876600266
-0.7492954730987549
0.1210368201136589
0.11630988866090775
-0.18498998880386353
0.000645776221062988
-0.04482482001185417
0.106382355093956
-0.43205612897872925
-0.037479694932699203
-0.0621337853372097
0.22292913496494293
-0.1671687513589859
0.18591757118701935
0.05671070143580437
-0.2500826418399811
0.3537754714488983
-0.08446680754423141
-0.14459213614463806
0.09013716131448746
0.1420966535806656
-0.10101578384637833
0.08995302021503448
-0.09511122852563858
0.09776631742715836
0.08143255859613419
-0.10814103484153748
0.026722081005573273
-0.11308947205543518
-0.36195462942123413
0.8522079586982727
0.40806829929351807
-0.17250105738639832
-0.37903499603271484
-0.36066368222236633
-0.11319243907928467
-0.3518166244029999
-0.45542532205581665
0.06250229477882385
0.4460844397544861
0.045985620468854904
0.023548029363155365
-0.19514241814613342
-0.1297949105501175
-0.4586086571216583
0.22049520909786224
0.1849951595067978
-0.03641412407159805
0.011099524796009064
-0.49325329065322876
0.08005709946155548
-0.0018837295938283205
-0.07040058821439743
0.08412977308034897
-0.12977223098278046
0.24327625334262848
-0.5241010785102844
-0.034863587468862534
-0.001750609721057117
0.314958781003952
-0.09230410307645798
0.1391008496284485
-0.10876618325710297
0.34450963139533997
0.010153009556233883
0.09604217857122421
-0.7814463973045349
-0.08744704723358154
-0.10322578251361847
0.24639318883419037
-0.014563835225999355
0.2299240231513977
0.34168434143066406
0.00847493764013052
-0.07504542917013168
0.04010579362511635
-0.746503472328186
-0.02154695615172386
-0.058328039944171906
0.021895520389080048
-0.09357943385839462
0.039092838764190674
0.0521986298263073
0.027733540162444115
-0.00805069599300623
0.011869999580085278
0.0027390532195568085
-0.07461393624544144
0.05416115000844002
-0.005410466343164444
-0.0003178183687850833
0.049749717116355896
0.03608379885554314
0.07868209481239319
0.22003494203090668
-0.4302468001842499
-0.16472089290618896
-0.19184137880802155
-0.5636479258537292
0.05023229867219925
-0.021084722131490707
0.5442485213279724
-0.48352861404418945
0.017290880903601646
0.061153847724199295
0.11223447322845459
0.004025970585644245
0.04864441603422165
0.11314929276704788
-0.6186447143554688
-0.6025105118751526
-0.7403902411460876
-0.41145285964012146
-0.26884058117866516
-1.540857195854187
-0.7563871741294861
-0.027547618374228477
0.06818151473999023
-0.8593094348907471
-0.2513311505317688
-0.3182434141635895
0.03466934710741043
0.05022193118929863
-0.31573227047920227
-0.30457383394241333
-0.6287559270858765
-0.03470912203192711
0.24428069591522217
0.012105255387723446
-0.29749664664268494
-0.08170919120311737
0.011718682944774628
-0.3249855935573578
0.10464776307344437
-0.015991434454917908
0.16819125413894653
-0.18890094757080078
0.10567567497491837
-0.34017011523246765
-0.004421557299792767
-0.24073098599910736
0.09815023094415665
0.7406516671180725
0.4745376408100128
-0.05291237309575081
-0.5002589821815491
0.312564492225647
0.08092687278985977
-0.06638973951339722
-0.002475961809977889
-0.14779365062713623
0.19337262213230133
-0.5794593691825867
0.0018427466275170445
-0.0786200538277626
0.38990163803100586
-0.20240117609500885
0.09144105017185211
0.11257536709308624
0.5478310585021973
0.41353097558021545
0.10835994780063629
-0.460624635219574
0.13127872347831726
0.20066769421100616
0.26297006011009216
-0.03875604271888733
-0.010474749840795994
-0.2144949585199356
0.1272636204957962
-0.025712551549077034
0.05115639045834541
0.12463744729757309
-0.22272388637065887
-0.12968288362026215
0.1310323029756546
0.024200595915317535
-0.07913588732481003
-0.4421895742416382
0.025055434554815292
-0.08685716986656189
-0.07914260029792786
0.08145469427108765
0.10110735893249512
-0.2506551444530487
-0.0037672126200050116
-0.144547238945961
0.16582411527633667
-0.28444749116897583
0.09371524304151535
0.003731544129550457
-0.09397391974925995
-0.059855829924345016
0.03508308157324791
-0.08223655819892883
-0.004504858516156673
0.024509945884346962
-0.0424560010433197
0.06354605406522751
0.055233411490917206
0.014853947795927525
-0.041017983108758926
-0.02301187813282013
-0.03457789123058319
0.29623720049858093
-0.6732121109962463
0.03560853376984596
-0.01830940507352352
-0.19812071323394775
-0.36097145080566406
-0.25166475772857666
-0.10899795591831207
-0.45267054438591003
-0.0005436965730041265
0.090271957218647
0.20901115238666534
-0.8135805726051331
-0.024208588525652885
-0.5448570251464844
-0.29479241371154785
0.32327473163604736
0.3150373101234436
-0.2422650158405304
-0.5252053737640381
-0.11472505331039429
-0.5888472199440002
-0.6571946144104004
-0.19322122633457184
0.19574828445911407
-0.43213382363319397
-0.5721567869186401
-0.5625804662704468
-0.15460944175720215
-0.08513153344392776
0.026017772033810616
0.10702800750732422
-0.9298281669616699
-0.4398864209651947
-0.5464405417442322
-0.26738211512565613
-0.399142324924469
-0.16099384427070618
-1.7772810459136963
-0.7125762104988098
-0.3905174136161804
-0.26285138726234436
-1.1311488151550293
-0.5794633030891418
-0.3116779029369354
-0.08794053643941879
-0.14222559332847595
-0.10333908349275589
-0.4902177155017853
-0.5711052417755127
0.4377058446407318
0.11474311351776123
-0.43359458446502686
-0.2970127463340759
-0.8292865753173828
-0.33245232701301575
-0.19579137861728668
0.14046725630760193
-0.5837283730506897
-0.23647895455360413
-0.8918526768684387
-0.25704604387283325
-0.35113364458084106
0.04401608929038048
-0.39564642310142517
0.07455454021692276
-0.023799454793334007
-0.0038192328065633774
0.014567662961781025
0.022827427834272385
-0.04115285351872444
0.11708434671163559
0.08821322023868561
-0.025766568258404732
0.04721197858452797
0.07262816280126572
-0.03736617788672447
0.04285107180476189
0.01017165370285511
-0.07376497238874435
-0.01032595057040453
0.09650345891714096
0.184599831700325
0.15541745722293854
-0.03446853905916214
-0.46145227551460266
-0.07364721596240997
0.16443483531475067
-0.4119277000427246
0.18042615056037903
-0.0030930479988455772
0.17383255064487457
-0.33701997995376587
-0.036650557070970535
-0.22839410603046417
0.3357507884502411
-0.42100536823272705
0.2243649810552597
0.10400136560201645
0.3024681806564331
0.21373119950294495
0.6084989905357361
-0.4731951951980591
0.03891950100660324
0.03245149552822113
0.3094947636127472
-0.07075180113315582
0.15230649709701538
0.21860750019550323
-0.03295591473579407
-0.0980500802397728
0.054262205958366394
0.09390121698379517
-0.2824791669845581
-0.3548700213432312
-0.14748011529445648
-0.04357444867491722
-0.014520225115120411
-1.1045546531677246
-0.34519681334495544
-0.1444331407546997
0.25952813029289246
-0.2020762711763382
-0.2148342728614807
0.22086909413337708
0.17525513470172882
-0.011587487533688545
-0.21614448726177216
-0.4451989531517029
-0.03335323557257652
0.027598911896348
0.0010025794617831707
0.06075342744588852
0.05882306024432182
0.08800651878118515
-0.0036725574173033237
0.018722185865044594
0.019088847562670708
0.12093384563922882
0.053299494087696075
0.012151914648711681
-0.015859683975577354
-0.07745674252510071
0.029941489920020103
0.03501387685537338
-0.1366051286458969
0.5897918343544006
0.5094790458679199
-0.14729586243629456
-0.7200667262077332
0.16586051881313324
-0.0022789728827774525
-0.21890872716903687
-0.038392890244722366
0.030707955360412598
0.27325260639190674
-0.6874722838401794
0.02464684657752514
-0.004215727560222149
0.2477959394454956
-0.30497416853904724
0.18701139092445374
0.328727662563324
-0.17256924510002136
-0.014168853871524334
-0.230795219540596
-0.5447400808334351
0.13463154435157776
-0.1259290724992752
0.2723958194255829
-0.5677313208580017
0.1203901469707489
-0.16015127301216125
0.03655286505818367
0.037309642881155014
0.26595398783683777
0.03206666558980942
-0.04605656489729881
0.007669685874134302
0.1114770844578743
-0.016214625909924507
-0.004946602974087
-0.04058578610420227
0.06282711029052734
0.04457160830497742
-0.0056197987869381905
0.005161921959370375
-0.024248290807008743
0.028202645480632782
0.07671977579593658
0.04205293580889702
0.02252309024333954
-0.01076185330748558
-0.005022432189434767
0.017788683995604515
-0.08150045573711395
0.031585849821567535
0.11772873997688293
0.008019666187465191
-0.007582556921988726
0.03608020022511482
-0.00701582245528698
-0.010625333525240421
0.04331519454717636
-0.01960097812116146
0.021454893052577972
0.03592250496149063
0.000180955117684789
0.07197223603725433
-0.5140278935432434
-0.6430112719535828
-0.6498790979385376
-0.4273495078086853
-0.35783490538597107
-2.196683406829834
-0.3293650448322296
-0.13684354722499847
-0.26612135767936707
-1.2894741296768188
-0.7601974606513977
-0.2773408889770508
-0.26177307963371277
-0.10363159328699112
-0.6118612885475159
-1.0793401002883911
0.09739448130130768
-0.5159220695495605
0.8031806945800781
0.37814125418663025
0.22194933891296387
-0.47850051522254944
-0.1230437308549881
-0.12194351106882095
0.34089764952659607
0.04746437817811966
0.016635626554489136
0.18640591204166412
-0.027871299535036087
0.15728701651096344
-0.47330546379089355
-0.1915588229894638
0.031368836760520935
0.06720619648694992
0.5217481851577759
0.2306840568780899
0.2583732604980469
-0.2589159607887268
0.0716896653175354
-0.024714864790439606
0.05215379595756531
-0.01656554825603962
0.005004747770726681
-0.039495885372161865
0.2217925637960434
0.08725729584693909
-0.02611784264445305
0.0514131523668766
-1.0347368717193604
-0.17894892394542694
-0.13068686425685883
-0.05278640240430832
-0.32497161626815796
-0.570296585559845
-0.8371005654335022
-0.7212901711463928
-0.016666043549776077
-0.3366125226020813
-0.08625737577676773
-1.4445101022720337
0.11612696945667267
-0.6629055738449097
-0.959881603717804
-1.3697986602783203
0.13919275999069214
0.5004777908325195
0.28814181685447693
-0.16001732647418976
-0.46609053015708923
0.06524806469678879
0.024114061146974564
-0.11461804062128067
-0.21196088194847107
-0.08065842092037201
0.11226548999547958
-0.600167453289032
0.08849302679300308
-0.013463628478348255
0.11153002083301544
-0.03968505933880806
-0.2752024531364441
-0.01496939267963171
0.35126861929893494
0.7028663158416748
-0.21103356778621674
-0.572073757648468
-0.1948487013578415
-0.44810301065444946
0.06550892442464828
-0.2569575011730194
-0.08864537626504898
-1.0283019542694092
0.13070257008075714
-0.2885545790195465
-0.24381662905216217
-0.7221976518630981
-0.2577260732650757
0.6149980425834656
0.10927239805459976
-0.11649385094642639
-0.8683798313140869
0.12153900414705276
0.09411370009183884
-0.19886501133441925
0.11462400108575821
-0.13192665576934814
0.05520664155483246
-0.4209996461868286
-0.011275332421064377
-0.03428000956773758
0.05008998140692711
-0.08837959170341492
-0.011440605856478214
0.17859242856502533
-0.1218954473733902
0.44906413555145264
-0.016257869079709053
0.25035732984542847
0.05094098672270775
0.11228588223457336
-0.15892139077186584
0.02706332877278328
-0.029785411432385445
0.016050314530730247
0.02790360152721405
-0.09131710976362228
-0.13847877085208893
-0.28749772906303406
-0.4671831727027893
0.7868549227714539
0.5719990730285645
-0.1461927741765976
-0.48163214325904846
-0.3112258315086365
-0.12069466710090637
-0.331159383058548
-0.35366788506507874
0.016861513257026672
0.4311579763889313
-0.04289044067263603
0.07206679880619049
-0.25917816162109375
-0.5484791398048401
-0.6094339489936829
0.3450402021408081
0.43482711911201477
-0.0431341752409935
-0.02378934808075428
-0.5505983233451843
0.0913391038775444
0.025686658918857574
-0.13526831567287445
-0.04168293997645378
-0.041499219834804535
0.21025730669498444
-0.5330390334129333
-0.02664353884756565
0.061153594404459
0.15195481479167938
-0.03632059320807457
0.08931940048933029
0.16660545766353607
0.6465945243835449
-0.003479338251054287
0.15844903886318207
-0.6260479092597961
-0.1505519300699234
-0.20144613087177277
0.20144838094711304
-0.03251425176858902
0.264832466840744
0.3835497796535492
0.016658080741763115
0.00827112328261137
-0.06819243729114532
-0.8117385506629944
0.04722297564148903
-0.008832075633108616
-0.010708587244153023
-0.08593040704727173
-0.01027618907392025
-0.013648886233568192
0.0202972199767828
0.014483995735645294
-0.02931876666843891
0.030282091349363327
0.0044994172640144825
-0.0051725092343986034
-0.0342751145362854
0.03111138939857483
0.008694663643836975
-0.06284955143928528
-0.023488804697990417
0.25515520572662354
-0.28102269768714905
-0.16782110929489136
-0.15275636315345764
-0.5652950406074524
0.292766273021698
0.036039799451828
0.4943186640739441
-0.6010257601737976
-0.04966353625059128
0.03241945803165436
0.03468642011284828
-0.027031339704990387
-0.0011943514691665769
0.06103140115737915
-0.7752333879470825
-0.5544613003730774
-0.5576369166374207
-0.23870205879211426
-0.3007389307022095
-1.9682201147079468
-0.6253940463066101
-0.03583456203341484
0.13187599182128906
-1.089034080505371
-0.4223470985889435
-0.5001049041748047
0.04865052178502083
0.027715513482689857
-0.6360982060432434
-0.5414000153541565
-0.7625465393066406
0.340064138174057
0.5170843601226807
-0.005846977233886719
-0.4085017442703247
-0.18300078809261322
0.21171905100345612
-0.4118753671646118
0.07986205816268921
0.08927132189273834
0.10242611169815063
-0.49004891514778137
0.1053314059972763
-0.43453437089920044
0.049802351742982864
-0.19597798585891724
0.07235348224639893
0.9888020157814026
0.3415141999721527
-0.12465416640043259
-0.6146332621574402
0.2893563508987427
0.018126238137483597
-0.18181835114955902
0.03056349791586399
-0.22583116590976715
0.18727047741413116
-0.6601028442382812
0.07242618501186371
0.06230201944708824
0.41483959555625916
-0.218020960688591
-0.006887647323310375
0.11995941400527954
0.6771193146705627
0.46711888909339905
0.11155728995800018
-0.6051152348518372
0.19226564466953278
0.10568208992481232
0.3383600413799286
-0.15387965738773346
-0.05559944733977318
-0.2859676480293274
0.1852460652589798
-0.012485419400036335
-0.012486926279962063
0.20455068349838257
-0.13835768401622772
0.0317092202603817
0.49850958585739136
0.07569394260644913
-0.0005391750019043684
-0.5699862241744995
0.09758254885673523
-0.05371041223406792
-0.09760630875825882
0.12964601814746857
0.1398078203201294
-0.513866662979126
-0.04997505620121956
-0.06627341359853745
-0.0043787905015051365
-0.2267952710390091
0.04011673480272293
0.05680691823363304
0.03074735961854458
0.0165404099971056
-0.004006136208772659
-0.08674804121255875
-0.039160896092653275
-0.0010438957251608372
-0.07034510374069214
-0.062158361077308655
0.04069531708955765
-0.05890331417322159
0.010488598607480526
0.025191456079483032
-0.10425575822591782
0.20182062685489655
-0.8014523386955261
0.16887491941452026
-0.03908403217792511
-0.15131379663944244
-0.5438852310180664
-0.2488863617181778
-0.1593242883682251
-0.5647674798965454
-0.001290703541599214
0.10095411539077759
0.3119947612285614
-0.8183903694152832
-0.05008388310670853
-0.7526891827583313
-0.4582150876522064
0.2715281844139099
0.10738173127174377
-0.010218692943453789
-0.4014700651168823
-0.066883884370327
-0.6942459940910339
-0.24931712448596954
0.13055358827114105
0.19805948436260223
-0.38789576292037964
-0.6370000243186951
-0.5888085961341858
-0.34109145402908325
-0.051988109946250916
-0.0511326789855957
-0.039326466619968414
-1.0664782524108887
-0.5329315066337585
-0.4573955833911896
-0.16490726172924042
-0.2128736972808838
-0.19187913835048676
-2.0822596549987793
-0.5109882354736328
-0.19349245727062225
-0.2563078701496124
-1.2732528448104858
-0.49941587448120117
-0.6687445640563965
-0.18630093336105347
-0.12567169964313507
-0.31169694662094116
-0.5099791288375854
-0.6225787997245789
0.6954647898674011
0.32938873767852783
-0.29942822456359863
-0.46810075640678406
-0.8520692586898804
0.15067127346992493
-0.08059561252593994
0.12765534222126007
-0.6983822584152222
-0.48054400086402893
-0.9234195351600647
-0.13131876289844513
-0.40292084217071533
0.1008211076259613
-0.45779019594192505
-0.002396129537373781
-0.017297878861427307
0.054990146309137344
-0.028389044106006622
-0.015168854966759682
-0.04552218317985535
-0.05502675101161003
-0.038385920226573944
0.04504785314202309
0.015119648538529873
-0.0711129829287529
0.0009970719693228602
0.067316435277462
0.05210262909531593
0.027205096557736397
0.06305564194917679
0.15849952399730682
0.44714784622192383
0.538037121295929
-0.05233541131019592
-0.5222220420837402
-0.2692255973815918
0.18636475503444672
-0.4442708492279053
0.19405007362365723
-0.07868495583534241
0.07950988411903381
-0.8530778288841248
0.09319163858890533
-0.23710750043392181
0.22961381077766418
-0.4936526417732239
0.24488060176372528
0.25459209084510803
0.7057497501373291
0.22355732321739197
0.6073281168937683
-0.5952581763267517
0.06765440851449966
0.17122726142406464
0.3252289295196533
-0.07871360331773758
0.13290849328041077
0.17978079617023468
-0.026515914127230644
0.03768496960401535
0.0815337747335434
0.06908001005649567
-0.33027350902557373
-0.375903844833374
0.10665107518434525
-0.023100484162569046
-0.06650469452142715
-1.184946894645691
-0.48095592856407166
-0.19340091943740845
0.2908723056316376
-0.3127840757369995
-0.26873138546943665
0.12237510830163956
0.0965193659067154
0.056049544364213943
-0.383047491312027
-0.5402278304100037
0.021092571318149567
0.01917419023811817
0.029641898348927498
0.0073395767249166965
0.013029801659286022
-0.06393583118915558
0.0013988919090479612
0.013741500675678253
0.005964984185993671
0.011740880087018013
0.07428067177534103
-0.052342530339956284
0.06617408245801926
0.06042001023888588
-0.018207425251603127
0.02507200837135315
-0.1841244101524353
0.7708855271339417
0.6563848853111267
-0.07452050596475601
-0.832846999168396
0.17398983240127563
-0.011702018789947033
-0.14645563066005707
0.030250709503889084
-0.15443317592144012
0.2793728709220886
-0.9225846529006958
-0.017476249486207962
0.0327993705868721
0.27537772059440613
-0.2965438961982727
0.15434113144874573
0.4797649085521698
-0.17076683044433594
0.05396261811256409
-0.3453301787376404
-0.6138846278190613
0.34832972288131714
0.05312453582882881
0.24019096791744232
-0.5470467209815979
0.0941832959651947
-0.24559681117534637
-0.043817248195409775
0.21576756238937378
0.30670255422592163
-0.11222828179597855
0.02664494700729847
0.03822314739227295
-0.06122037023305893
0.02976011112332344
-0.0565129779279232
0.03708118572831154
0.04673053324222565
0.027798965573310852
-0.020203066989779472
-0.02459869347512722
-0.0570107139647007
0.0018166395602747798
0.01906215026974678
0.016413653269410133
0.020991824567317963
0.04932223632931709
-0.05655587092041969
-0.05697324126958847
0.006243182811886072
0.11833707243204117
0.12845230102539062
-0.010519864037632942
-0.018238922581076622
-0.02366487868130207
-0.03208553045988083
-0.05854445695877075
-0.021791599690914154
-0.05183615908026695
-0.05939796194434166
0.01216767355799675
0.11998013406991959
0.09357554465532303
-0.2616691589355469
-0.6562902927398682
-0.758699357509613
-0.750863790512085
-0.28605830669403076
-1.8306829929351807
-0.5936712026596069
-0.16997401416301727
-0.1928538978099823
-1.1305809020996094
-0.7675184607505798
0.09743286669254303
-0.1815967857837677
-0.21945081651210785
-0.3961396813392639
-0.7907370924949646
0.1969362050294876
-0.583234965801239
0.37933164834976196
0.37889763712882996
0.16178756952285767
-0.38708701729774475
-0.16247911751270294
-0.1633038967847824
0.39819663763046265
0.030228108167648315
0.09207691997289658
0.15390780568122864
0.0052923839539289474
0.044165391474962234
-0.40186721086502075
0.2117152214050293
-0.05157695710659027
0.07800653576850891
0.5640895366668701
0.2924763262271881
0.26837441325187683
-0.1303531974554062
0.020042015239596367
0.040159471333026886
-0.025853587314486504
-0.005512306932359934
0.011793888173997402
0.026373865082859993
0.18536671996116638
0.011088426224887371
-0.0503256618976593
0.160970538854599
-0.9212223291397095
-0.3858776092529297
-0.2124539166688919
-0.18188057839870453
-0.29657113552093506
-0.4388326108455658
-0.868341863155365
-0.2942952811717987
0.0821051374077797
-0.38112589716911316
0.10318082571029663
-0.9302869439125061
0.10556913167238235
-0.4211823046207428
-0.5138267278671265
-1.2676949501037598
0.10107362270355225
0.14368386566638947
0.2764405310153961
-0.04144134745001793
-0.39741840958595276
0.0463041216135025
0.13715669512748718
-0.09000995755195618
-0.1513003408908844
-0.01305995974689722
0.22458085417747498
-0.35753539204597473
-0.08061756193637848
-0.07170289009809494
0.2324478179216385
-0.02834995836019516
-0.28896841406822205
-0.13752706348896027
0.029587900266051292
0.4655335247516632
-0.20480675995349884
-0.4503614604473114
-0.299247682094574
-0.2530289590358734
0.1345214694738388
-0.10913694649934769
0.0991179496049881
-0.4077271819114685
0.166440948843956
-0.281461626291275
-0.011494855396449566
-0.33278584480285645
-0.21376648545265198
0.25815680623054504
0.11838260293006897
-0.09028251469135284
-0.7643325924873352
0.118111252784729
0.02035825327038765
-0.1448737382888794
-0.01765524595975876
-0.11595923453569412
0.13122589886188507
-0.42612317204475403
-0.01946442387998104
-0.11526759713888168
0.25058022141456604
-0.21493612229824066
0.3053399324417114
0.06710993498563766
-0.2740395665168762
0.23008306324481964
-0.08721417188644409
-0.2493586391210556
-0.01273617334663868
0.07561644166707993
-0.10095072537660599
0.043845612555742264
-0.013164903037250042
0.19554747641086578
0.14592623710632324
-0.1093180924654007
0.07566685974597931
-0.019786890596151352
-0.3460778594017029
0.6572558283805847
0.24008460342884064
-0.18114013969898224
-0.5218709111213684
-0.28380587697029114
-0.13371475040912628
-0.2996639311313629
-0.372985303401947
0.03838418051600456
0.21680858731269836
0.010985956527292728
-0.012276585213840008
-0.22083905339241028
-0.1474347561597824
-0.4165905714035034
0.2316925823688507
0.16848808526992798
0.033847905695438385
0.0036336262710392475
-0.49894943833351135
0.10840536653995514
0.09782952815294266
-0.05961215868592262
0.07170091569423676
-0.06563614308834076
0.1651439666748047
-0.3829113245010376
0.03129984438419342
-0.07396822422742844
0.20385275781154633
-0.12160155177116394
0.22693607211112976
-0.26794809103012085
0.3368184566497803
-0.08875901997089386
0.06371360272169113
-0.7317780256271362
-0.15236550569534302
-0.11899245530366898
0.2919420003890991
-0.015165886841714382
0.15440154075622559
0.2888740003108978
-0.016139838844537735
-0.03263402357697487
0.09287208318710327
-0.5155174136161804
0.053219884634017944
-0.01052633672952652
-0.10976079851388931
0.02443656511604786
0.01597907394170761
0.010884811170399189
0.007547571789473295
-0.0461551696062088
0.0004963417304679751
0.043993644416332245
0.03503832593560219
0.08231877535581589
-0.02390476129949093
0.006853001657873392
-0.09990762919187546
0.05798737332224846
0.0006663401145488024
0.08310700953006744
-0.30203765630722046
-0.1662513017654419
-0.22972969710826874
-0.5676248073577881
0.05677323043346405
0.11234521865844727
0.5319366455078125
-0.523174524307251
-0.01738135516643524
-0.04841208830475807
0.017853667959570885
-0.023226508870720863
0.0479327067732811
0.08409345895051956
-0.5705572366714478
-0.6324364542961121
-0.7815878391265869
-0.41100892424583435
-0.3306083381175995
-1.4758434295654297
-0.7189431190490723
-0.07546332478523254
0.3104103207588196
-0.8741887807846069
-0.1771090030670166
-0.20162729918956757
0.1300453245639801
0.020685406401753426
-0.198409765958786
-0.2621510922908783
-0.5532640218734741
-0.13667979836463928
0.29841670393943787
-0.02977265603840351
-0.2514699697494507
-0.08718884736299515
0.1528095155954361
-0.27525097131729126
0.2031252682209015
0.0002288031973876059
0.1004394069314003
-0.17795021831989288
0.10779308527708054
-0.38024991750717163
0.17086347937583923
-0.26757603883743286
0.025038300082087517
0.6770713329315186
0.36271536350250244
-0.08127341419458389
-0.5262725949287415
0.2088467925786972
0.015543878078460693
-0.03417375683784485
0.08438360691070557
-0.16639825701713562
0.1272275447845459
-0.5689859390258789
0.02464326098561287
0.05895743519067764
0.3709331452846527
-0.18434028327465057
0.05863072723150253
0.14354728162288666
0.5841431617736816
0.3507983088493347
0.030264344066381454
-0.4739883542060852
0.17043431103229523
0.183233380317688
0.2380935251712799
-0.11448609828948975
-0.11201826483011246
-0.1774604469537735
0.132342129945755
-0.13207928836345673
-0.043932609260082245
0.1848103255033493
-0.17639100551605225
-0.17605090141296387
0.05248340964317322
0.11252650618553162
0.028704466298222542
-0.4422476589679718
0.0734914168715477
-0.11930564045906067
0.031361695379018784
0.10222665220499039
0.16704854369163513
-0.11447136104106903
-0.024475688114762306
-0.07954296469688416
0.26399824023246765
-0.21945138275623322
-0.10408756136894226
0.007689940743148327
-0.0713299810886383
-0.02203586883842945
0.08041221648454666
-0.09023790061473846
0.011121034622192383
0.005996855907142162
-0.008027349598705769
0.01071135699748993
-0.01952233538031578
0.027696775272488594
-0.016753118485212326
-0.006720364093780518
-0.07068662345409393
0.10100152343511581
-0.6171630620956421
0.030120113864541054
-0.009809929877519608
-0.1719343364238739
-0.43984511494636536
-0.2563643455505371
-0.09619106352329254
-0.43532833456993103
0.017281558364629745
0.16681493818759918
0.2977410554885864
-0.800584077835083
0.06056428700685501
-0.5632907152175903
-0.28226402401924133
0.2487555295228958
0.34911662340164185
-0.27218228578567505
-0.587320864200592
-0.19001737236976624
-0.7006961107254028
-0.7291452288627625
-0.1898467093706131
0.1290602684020996
-0.3580326735973358
-0.5268751978874207
-0.6108630299568176
-0.09804575890302658
-0.18559031188488007
-0.029102129861712456
0.1150684803724289
-0.7131875157356262
-0.46787235140800476
-0.6521411538124084
-0.359948068857193
-0.5120264887809753
-0.05408160388469696
-1.7239019870758057
-0.7684997320175171
-0.2934556305408478
-0.1583518385887146
-1.090382695198059
-0.47600460052490234
-0.2638864517211914
-0.24870187044143677
-0.05885368585586548
-0.010160332545638084
-0.44731393456459045
-0.5642340779304504
0.35419708490371704
0.011085673235356808
-0.38943710923194885
-0.35605621337890625
-0.6628509163856506
-0.10560742765665054
-0.1422727108001709
0.15441285073757172
-0.42533114552497864
-0.1994268000125885
-0.8887802362442017
-0.1536129117012024
-0.22627422213554382
0.013638285920023918
-0.3390681743621826
0.06365024298429489
-0.01019518356770277
0.03805984556674957
-0.0012508552754297853
0.001179595128633082
0.027476876974105835
-0.0031272645574063063
-0.06565970182418823
-0.09131451696157455
-0.04737832024693489
-0.0352904237806797
0.023414045572280884
0.021703017875552177
0.029169512912631035
-0.00974914152175188
0.00903976708650589
0.1619464010000229
0.11215013265609741
0.3091234266757965
-0.09838516265153885
-0.47866564989089966
-0.0494563989341259
0.1997988224029541
-0.28478696942329407
0.2593938708305359
-0.04675227403640747
0.14984391629695892
-0.3530357778072357
0.13626214861869812
-0.20802368223667145
0.2581291198730469
-0.33096814155578613
0.16497990489006042
0.12304942309856415
0.3611993193626404
0.20099127292633057
0.5562945008277893
-0.36979183554649353
0.09664050489664078
0.11741480976343155
0.43014252185821533
-0.02067025937139988
0.11782881617546082
0.145599827170372
-0.006713370326906443
-0.06367149204015732
0.0834326520562172
0.11949621886014938
-0.32397037744522095
-0.2869798243045807
-0.26230594515800476
-0.10497711598873138
0.000713215849827975
-1.0716183185577393
-0.257502019405365
-0.087166428565979
0.2758539319038391
-0.09189091622829437
-0.1702393740415573
0.11387227475643158
0.12364653497934341
0.023867016658186913
-0.15500245988368988
-0.3286381959915161
0.051840465515851974
-0.026256470009684563
0.05040866881608963
0.04235955327749252
0.019499916583299637
-0.0018551865359768271
0.01795821450650692
-0.029353518038988113
-0.017007894814014435
-0.04149337112903595
-0.0026312016416341066
-0.003709758399054408
-0.03634984418749809
0.048885270953178406
-0.04340311139822006
-0.042077239602804184
-0.1519812047481537
0.5659641623497009
0.466374933719635
0.03153470903635025
-0.7033776640892029
0.16349874436855316
-0.048801396042108536
-0.15908537805080414
0.029715776443481445
-0.05528554692864418
0.26890864968299866
-0.761793851852417
0.07465080916881561
-0.09908241778612137
0.36736157536506653
-0.39795982837677
0.12522567808628082
0.3177325427532196
-0.2720577120780945
0.003959098365157843
-0.17998747527599335
-0.5904527306556702
0.2017061561346054
-0.07771175354719162
0.27133673429489136
-0.6062703132629395
0.10954993963241577
-0.2588130831718445
-0.10623794049024582
0.04829924926161766
0.2631402015686035
-0.01786373369395733
0.02966134250164032
0.04598439857363701
0.07104665786027908
0.0038772225379943848
-0.0007233218639157712
0.03694191575050354
0.02730267494916916
0.00935713853687048
-0.026755526661872864
0.01614583656191826
0.032224200665950775
-0.009513522498309612
-0.013812658376991749
-0.016765981912612915
0.03702972084283829
0.013275319710373878
-0.015451150014996529
0.061532046645879745
0.034213777631521225
-0.0284311193972826
-0.0018941555172204971
0.034592047333717346
-0.04407002404332161
0.012827498838305473
-0.076820507645607
-0.041978441178798676
-0.05823992192745209
0.052023597061634064
0.024051079526543617
0.018743082880973816
0.016989653930068016
0.018331537023186684
-0.43908464908599854
-0.6622567772865295
-0.7304984927177429
-0.8095389008522034
-0.4408476948738098
-1.6625646352767944
-0.6264811754226685
-0.2547498047351837
-0.3938835561275482
-1.0005426406860352
-0.884402871131897
-0.2654578685760498
-0.1164340227842331
-0.09407617151737213
-0.5746335387229919
-0.9607038497924805
-0.0014773019356653094
-0.55586177110672
0.5913345813751221
0.13993270695209503
0.10447931289672852
-0.34506991505622864
-0.007326452527195215
-0.2085442990064621
0.25849393010139465
-0.01368564274162054
-0.06582486629486084
0.16149590909481049
-0.04744991660118103
0.08555184304714203
-0.5314469337463379
-0.02157149836421013
7.450080011039972e-05
-0.03693395107984543
0.5062525272369385
-0.05626863241195679
-0.03234286606311798
-0.06953760981559753
0.011366932652890682
-0.013398004695773125
-0.056529317051172256
0.052998822182416916
0.0017962552374228835
-0.05736152455210686
0.1457429826259613
-0.07528894394636154
0.08869186788797379
0.10778003931045532
-1.1119056940078735
-0.28185415267944336
-0.2318413257598877
0.1169765442609787
-0.29642826318740845
-0.6752899289131165
-0.8091201782226562
-0.29005372524261475
-0.09764382988214493
-0.22656205296516418
-0.142745241522789
-1.5288901329040527
0.1011354848742485
-0.5277995467185974
-1.1565825939178467
-1.2923767566680908
0.05453336611390114
0.2607753872871399
0.1801748275756836
-0.04527752473950386
-0.3199797570705414
0.1090833991765976
-0.028016790747642517
0.07234517484903336
-0.12884730100631714
0.03415650874376297
0.187468022108078
-0.35081949830055237
-0.09755019843578339
-7.547419227194041e-05
0.19543790817260742
-0.13574185967445374
-0.4006144106388092
-0.0887027233839035
0.06978117674589157
0.24341981112957
-0.3297520875930786
-0.7634283900260925
-0.3426496684551239
0.19098468124866486
-0.03122466430068016
-0.07363171130418777
-0.15850229561328888
-0.7807909250259399
0.05119654908776283
-0.20863386988639832
-0.46153175830841064
-0.879926860332489
0.03928367793560028
0.36411353945732117
-0.008373858407139778
0.05073440074920654
-0.32922860980033875
-0.09067706763744354
-0.035967256873846054
0.1866968721151352
0.037884775549173355
0.04784904047846794
0.16448386013507843
-0.4549040198326111
0.07237382233142853
-0.07301285862922668
0.05716496333479881
-0.3098069131374359
0.05239347741007805
0.110441654920578
-0.1981043666601181
0.09802361577749252
-0.12847071886062622
-0.05278228223323822
-0.15258608758449554
-0.04077424854040146
-0.24665966629981995
-0.12139075249433517
-0.006800704635679722
0.354373037815094
-0.004417808726429939
-0.06934966146945953
-0.014006121084094048
-0.1810130625963211
-0.38322433829307556
0.8459745049476624
0.28922274708747864
0.20893223583698273
-0.4082954525947571
-0.2732155919075012
-0.16503095626831055
-0.06871677935123444
-0.2935659885406494
0.0708722472190857
0.4599372148513794
0.021383941173553467
0.09439069777727127
-0.08544617146253586
-0.5639281868934631
-0.24045591056346893
0.22169619798660278
0.3278893530368805
0.058557718992233276
0.0614360012114048
-0.44050776958465576
0.13437354564666748
0.007436244748532772
0.03823615238070488
0.016091767698526382
-0.031213968992233276
0.11520515382289886
-0.33802875876426697
0.034186940640211105
0.06857848912477493
0.19319848716259003
-0.1300664097070694
0.045601386576890945
0.05039922520518303
0.3840492069721222
-0.18428033590316772
-0.05401754751801491
-0.47986748814582825
0.024901101365685463
-0.15805591642856598
0.2514275312423706
0.029025670140981674
0.2360265851020813
0.3611753284931183
-0.07209976762533188
-0.00024760246742516756
-0.14235380291938782
-0.6702110767364502
0.06434845179319382
-0.020245680585503578
0.04034370929002762
0.029098333790898323
0.07819074392318726
0.021567650139331818
-0.0012345892610028386
-0.06198294088244438
-0.027931785210967064
0.026638785377144814
0.009751919656991959
0.03439994156360626
-0.1000407263636589
-0.030470598489046097
0.012743673287332058
-0.039139069616794586
-0.014938709326088428
0.020290793851017952
-0.19041846692562103
-0.1428331434726715
-0.39204323291778564
-0.4906979203224182
0.077677421271801
0.08306536078453064
0.6031008362770081
-0.39210739731788635
-0.18726572394371033
-0.04757034033536911
0.1428033858537674
-0.0513494499027729
0.08407903462648392
0.13422256708145142
-0.4818798005580902
-0.5757403373718262
-0.8162540793418884
-0.4441261887550354
-0.4980625808238983
-1.3646154403686523
-0.7384899854660034
-0.3409784436225891
0.028014983981847763
-0.813745379447937
-0.6617828011512756
-0.6920203566551208
0.05886960029602051
0.0869775265455246
-0.8322111368179321
-0.4772893786430359
-0.6682388782501221
-0.03389466926455498
0.2626296281814575
-0.025146525353193283
-0.4940968155860901
-0.3879069983959198
0.0457581952214241
0.023398473858833313
-0.04938186705112457
0.08411192148923874
0.09680778533220291
-0.5481410026550293
0.09953740239143372
-0.3412524461746216
-0.02750270627439022
-0.44141075015068054
0.033248718827962875
0.7568525075912476
0.09028831124305725
0.04335693269968033
-0.4079727232456207
0.10992101579904556
-0.037356723099946976
0.12577632069587708
0.08159253746271133
-0.10745612531900406
0.09925175458192825
-0.43248069286346436
-0.010757191106677055
-0.07134490460157394
0.3485124111175537
-0.19461961090564728
-0.06926886737346649
0.1621888428926468
0.5230476260185242
0.11955482512712479
-0.023230258375406265
-0.29280275106430054
0.16445747017860413
-0.1331433355808258
0.11444753408432007
0.03302469104528427
-0.07533103227615356
-0.3574453890323639
0.13110244274139404
-0.14848360419273376
-0.04121524840593338
0.15410703420639038
-0.42709141969680786
-0.044406961649656296
0.019373416900634766
0.05223699286580086
0.09379301220178604
-0.4854397773742676
-0.2561333179473877
0.12619145214557648
0.12932360172271729
0.08658744394779205
0.15505515038967133
-0.4076620042324066
0.026721788570284843
-0.11318496614694595
-0.050271496176719666
-0.27645283937454224
-0.015032346360385418
0.04198991879820824
0.1442040503025055
0.04283012077212334
-0.023317527025938034
-0.0026721940375864506
0.07338177412748337
0.0275877732783556
-0.10618893057107925
0.006732492242008448
-0.0019150596344843507
-0.016333766281604767
0.06425230205059052
-0.048810821026563644
0.08443896472454071
0.06076166778802872
-0.37489065527915955
0.10139153897762299
0.08969885110855103
0.16732370853424072
-0.39117351174354553
-0.11794610321521759
-0.16560450196266174
-0.28809550404548645
-0.025914616882801056
-0.06385546922683716
0.3281530737876892
-0.6346347332000732
0.03012470155954361
-0.6757389903068542
-0.12992966175079346
0.16958396136760712
0.15882889926433563
-0.1512516438961029
-0.6106024980545044
-0.3440436124801636
-0.8673919439315796
-0.5720278024673462
-0.14622868597507477
-0.03425884246826172
-0.4154170751571655
-0.7633323669433594
-0.8270617127418518
0.14465156197547913
-0.054380133748054504
0.035930197685956955
0.09876096993684769
-1.0331897735595703
-0.4228162467479706
-0.4986450970172882
-0.3160453140735626
-0.6581897735595703
-0.29141971468925476
-1.592495322227478
-0.7566210031509399
-0.4489097595214844
-0.29422158002853394
-1.0833758115768433
-0.5985782146453857
-0.6435796022415161
-0.11672797054052353
-0.18053415417671204
-0.20826828479766846
-0.6072168350219727
-0.5941210985183716
0.46910351514816284
0.16862118244171143
-0.5507432222366333
-0.5256344676017761
-0.859013557434082
-0.039587654173374176
-0.049346305429935455
0.012179392389953136
-0.38974130153656006
-0.5146967172622681
-0.8456416726112366
-0.16257041692733765
-0.2608860731124878
0.045354072004556656
-0.43300074338912964
0.04812724143266678
-0.07631774991750717
0.036332353949546814
-0.10866287350654602
0.0376645103096962
-0.03060568869113922
0.043387770652770996
0.06129595264792442
0.012992436066269875
0.017539463937282562
0.03361142426729202
-0.049854353070259094
-0.00849358644336462
-0.04346203804016113
0.08550902456045151
0.03380919620394707
-0.04501663148403168
0.26345840096473694
0.20574569702148438
0.08328865468502045
-0.5872452259063721
-0.2811300456523895
0.13484783470630646
0.08937063068151474
0.19924765825271606
-0.01979639008641243
-0.09179126471281052
-0.6698881983757019
0.06637980043888092
-0.22451621294021606
0.07507199048995972
-0.4428865313529968
-0.10700292140245438
0.13140588998794556
0.44084903597831726
-0.028710942715406418
0.2739006578922272
-0.38046136498451233
-0.0499970018863678
-0.15040260553359985
0.39411547780036926
0.060699883848428726
0.022217076271772385
0.08361272513866425
0.012561582028865814
-0.0612616091966629
0.041387371718883514
0.10777139663696289
-0.39814502000808716
-0.2932235598564148
-0.12474776059389114
-0.34284600615501404
0.025352202355861664
-0.9958885312080383
-0.542203962802887
-0.1749240905046463
0.23732347786426544
-0.10730379074811935
-0.41994357109069824
-0.2474958896636963
0.0031845534685999155
0.05897250398993492
-0.4562323987483978
-0.6244933605194092
-0.0037310642655938864
0.052588749676942825
-0.016343407332897186
-0.02088952250778675
-0.035203706473112106
-0.03336215764284134
-0.057249460369348526
0.021365491673350334
-0.05891309678554535
0.015156255103647709
0.008505810983479023
0.006755523849278688
0.017384089529514313
-0.009248281829059124
-0.10720948129892349
-0.09295059740543365
-0.17328743636608124
0.7194579839706421
0.2725716829299927
-0.02106442302465439
-0.541700541973114
0.18322749435901642
-0.0607965886592865
0.1346583068370819
0.010776324197649956
0.03060992807149887
0.12253589183092117
-0.5925504565238953
0.000865112233441323
-0.06094832718372345
0.21958015859127045
-0.3203882873058319
-0.0072766500525176525
0.34548747539520264
-0.258092999458313
-0.22087250649929047
-0.42499205470085144
-0.5453722476959229
0.20703598856925964
0.19635848701000214
0.26935631036758423
-0.3986438512802124
-0.06004805490374565
-0.17023847997188568
0.14454512298107147
0.11989165842533112
0.29989296197891235
-0.10866086930036545
0.055789459496736526
0.0257932860404253
-0.02189396694302559
-0.007074092980474234
0.10132669657468796
0.018085861578583717
-0.00042491586646065116
0.09880617260932922
-0.02300805039703846
-0.038368918001651764
-0.04544578120112419
0.05688517540693283
0.029658617451786995
0.07997575402259827
0.017109880223870277
0.07365827262401581
0.021630989387631416
0.06303303688764572
-0.011075491085648537
0.0985843762755394
-0.02519068866968155
0.00907194521278143
-0.011942850425839424
-0.0738682746887207
0.04907718673348427
-0.009990901686251163
-0.05541641265153885
0.04068657010793686
0.042344432324171066
-0.03798510506749153
-0.03311222419142723
0.07683995366096497
0.3209052085876465
0.4663330912590027
0.7567728757858276
1.0314916372299194
0.8116745948791504
1.518513798713684
0.007043767720460892
0.10161527991294861
0.8355172276496887
0.8411590456962585
-0.23539283871650696
-0.01596613973379135
0.43882328271865845
0.23144207894802094
0.5227108597755432
0.17875489592552185
-0.019075173884630203
0.360679566860199
-0.17684172093868256
-0.17616111040115356
-0.07682584226131439
0.31112051010131836
-0.13702106475830078
0.01808195561170578
-0.061921264976263046
-0.05741139128804207
-0.10304604470729828
-0.3390663266181946
-0.02356983721256256
-0.11238262802362442
0.22989441454410553
-0.027150608599185944
-0.035402003675699234
-0.027883069589734077
-0.264367014169693
-0.258770227432251
-0.28622186183929443
0.3920480012893677
-0.0450834222137928
-0.033011697232723236
0.046101704239845276
-0.05322413519024849
-0.04117371886968613
0.10473409295082092
-0.24988403916358948
0.05702060088515282
0.0706120952963829
-0.2405102550983429
0.6448110342025757
0.2028004378080368
-0.2282140552997589
-0.03229400888085365
0.8423768281936646
-0.27849969267845154
0.20104539394378662
0.5228508114814758
0.05554431676864624
0.019365480169653893
-0.18012191355228424
1.130370855331421
-0.125218465924263
0.3557547330856323
0.3070313036441803
0.9779840111732483
-0.09586091339588165
-0.1006832867860794
-0.0122152641415596
-0.029661474749445915
0.31166136264801025
-0.285147488117218
-0.03491063788533211
-0.04648939520120621
0.18804648518562317
-0.024238256737589836
-0.2602303624153137
0.1986725777387619
-0.10745255649089813
-0.16683119535446167
-0.48927420377731323
-0.15741409361362457
-0.03815240040421486
-0.03795049712061882
0.10727085918188095
-0.14566168189048767
0.5320740342140198
-0.13416163623332977
-0.3711906671524048
-0.09892657399177551
0.28603559732437134
-0.08127611130475998
-0.07297243177890778
0.79349684715271
-0.1503472626209259
0.17349182069301605
-0.08507347106933594
0.8083061575889587
0.09015654027462006
-0.17417645454406738
-0.13056470453739166
0.07414737343788147
0.43057501316070557
-0.33309799432754517
0.025943323969841003
0.0892396792769432
-0.06002289056777954
0.003810548223555088
-0.13078780472278595
0.35507139563560486
-0.06958097964525223
-0.14685669541358948
-0.4989456832408905
-0.10736685246229172
0.005534140393137932
0.021835101768374443
0.4148485064506531
0.0484144389629364
0.5069006681442261
0.037538640201091766
-0.3338475525379181
-0.13179945945739746
0.3555304706096649
-0.16273343563079834
-0.350075364112854
-0.14131660759449005
0.010381169617176056
0.04657576605677605
-0.11630399525165558
0.16549378633499146
0.27944955229759216
-0.25913137197494507
-0.04028391093015671
-0.0008184995385818183
0.3019205629825592
0.2722398638725281
0.30328693985939026
0.32885268330574036
0.34209561347961426
-0.29411107301712036
-0.6131682991981506
0.05056099221110344
0.048809852451086044
-0.08732258528470993
0.2522693872451782
0.059480126947164536
-0.19077111780643463
-0.16736136376857758
0.014105521142482758
0.01422761008143425
0.34920069575309753
-0.22888313233852386
-0.020930273458361626
0.14464765787124634
-0.04061003774404526
-0.027988722547888756
-0.2669982612133026
0.08572510629892349
-0.05614931508898735
-0.2603882849216461
-0.4346696436405182
-0.17710760235786438
-0.18251317739486694
0.2675023078918457
-0.261700838804245
-0.1066756397485733
0.11794500052928925
0.26156726479530334
0.023691782727837563
0.3009088635444641
-0.15232478082180023
-0.11869477480649948
-0.2921583950519562
-0.5139586925506592
0.006659707520157099
-0.010338681749999523
-0.13282762467861176
0.13348814845085144
-0.0025705595035105944
-0.006909707095474005
0.03351743519306183
0.03642716631293297
-0.010364297777414322
-0.007753488142043352
-0.07277583330869675
0.017428385093808174
0.018267588689923286
-0.02059667371213436
0.03142860531806946
-0.08853303641080856
-0.020505288615822792
0.0076896073296666145
0.03864489123225212
-0.007837934419512749
-0.01249583438038826
0.09035000205039978
0.34735551476478577
0.2059497833251953
0.12484381347894669
0.5393956303596497
-0.11854507029056549
-0.009372989647090435
-0.4792248606681824
0.5998400449752808
-0.1441517025232315
-0.18779487907886505
-0.16773147881031036
0.0016701702261343598
0.06483353674411774
-0.15169481933116913
0.8172129988670349
0.5939974784851074
0.5918648838996887
0.721367359161377
0.8345773220062256
1.2325191497802734
-0.097335085272789
0.0018157220911234617
0.6072119474411011
0.5266279578208923
-0.2823760509490967
-0.2902803122997284
0.052322328090667725
-0.2741791605949402
0.0200186837464571
-0.09026407450437546
0.44548463821411133
0.0559074841439724
-0.19802507758140564
0.01708861067891121
0.505898654460907
-0.17172276973724365
-0.3394621014595032
0.25724729895591736
-0.027919583022594452
-0.16800343990325928
-0.18523432314395905
0.31168797612190247
-0.08376987278461456
0.32822588086128235
-0.5819516777992249
0.15164385735988617
-0.07127565145492554
-0.29202336072921753
-0.17927196621894836
0.054079312831163406
0.40150272846221924
-0.2569591999053955
-0.037333764135837555
0.08818722516298294
0.05916552245616913
-0.0384700633585453
-0.28251057863235474
0.45440855622291565
-0.08502160012722015
-0.2586842179298401
-0.5437593460083008
0.0014499302487820387
-0.0383836105465889
-0.11723899096250534
-0.05254888907074928
0.017885718494653702
-0.18242835998535156
0.2853855490684509
-0.14895761013031006
-0.012161921709775925
-0.11483896523714066
0.0975804254412651
-0.21187539398670197
-0.11048784106969833
-0.09887854754924774
0.01868651993572712
-0.031883083283901215
-0.19153884053230286
0.23313938081264496
0.21248170733451843
0.0831836387515068
-0.0543341189622879
0.23395377397537231
0.05544818565249443
-0.3019571900367737
0.0711045041680336
-0.0956847220659256
-0.2964504361152649
-0.3080436587333679
0.29921025037765503
-0.02228306233882904
-0.2679999768733978
-0.23232032358646393
0.1352360099554062
0.035029418766498566
-0.06275319308042526
0.029807763174176216
0.05508321151137352
-0.014668641611933708
0.18853355944156647
-0.010867073200643063
0.027693526819348335
0.03639477118849754
-0.0038343125488609076
0.00013939058408141136
-0.006844385992735624
0.05070573836565018
-0.022821450605988503
-0.0051039718091487885
-0.33906465768814087
0.6163334846496582
-0.1925249844789505
-0.007439128123223782
0.19328702986240387
0.45773211121559143
0.04060329869389534
0.10059162229299545
0.40659236907958984
0.02947479672729969
-0.21383026242256165
-0.4905689060688019
0.7568906545639038
0.015453989617526531
0.6978009939193726
0.12655098736286163
-0.28950035572052
-0.205516517162323
0.3068791627883911
0.6891782283782959
0.5300472974777222
0.6903064250946045
0.5183603763580322
0.06835833936929703
-0.30048027634620667
0.8491036295890808
0.13338904082775116
-0.03752068802714348
0.01271477434784174
0.30407071113586426
-0.12887540459632874
-0.19365432858467102
0.8865931034088135
0.4101010262966156
0.6570165753364563
0.6231468915939331
0.8012529015541077
0.7395704984664917
1.5076887607574463
0.22362637519836426
0.1752152144908905
1.017266869544983
0.7341025471687317
-0.15028135478496552
0.21164821088314056
0.2732362151145935
0.16269086301326752
0.09598751366138458
0.2366170883178711
0.253418892621994
-0.09871301054954529
0.3469575345516205
0.7994749546051025
0.44901198148727417
0.21125274896621704
0.2244553416967392
0.1083308681845665
0.3068256974220276
0.5903897881507874
-0.08084969967603683
0.6136797070503235
0.5988376140594482
0.2945307791233063
-0.38901129364967346
0.483955055475235
0.04000527784228325
0.03474658727645874
0.03830514848232269
0.10113875567913055
-0.051698219031095505
-0.011948361061513424
-0.08909755200147629
0.019180765375494957
0.058050092309713364
0.027042627334594727
0.045955926179885864
-0.08921186625957489
-0.08814511448144913
-0.007270985748618841
0.015518120490014553
0.0026486688293516636
-0.2573428750038147
0.1754203885793686
0.031150860711932182
0.06889116764068604
0.6346533298492432
-0.21805256605148315
-0.41223445534706116
0.25171536207199097
-0.1117686852812767
-0.15824994444847107
-0.08751189708709717
0.7840566635131836
-0.0902729406952858
0.06009024381637573
-0.521928608417511
0.39778319001197815
-0.07325448840856552
0.017295166850090027
-0.06098765879869461
-0.06738986074924469
-0.3675411343574524
0.20947542786598206
-0.2319759726524353
-0.11177220940589905
-0.11742058396339417
0.017693059518933296
-0.11265645176172256
-0.23932117223739624
0.08917418122291565
-0.14379169046878815
-0.3006128966808319
-0.2029849737882614
0.1180698573589325
0.37775278091430664
0.2894411087036133
0.31533679366111755
0.5590631365776062
0.9268075227737427
-0.3155955374240875
0.22399047017097473
0.15445634722709656
-0.1355724036693573
-0.19034691154956818
-0.09915395081043243
-0.09188740700483322
0.00984303466975689
0.26985669136047363
0.2393254190683365
-0.015112737193703651
0.042284782975912094
-0.062033578753471375
-0.0704452246427536
0.03967810794711113
0.046032678335905075
0.03188120946288109
-0.020189113914966583
-0.024589402601122856
-0.0034663588739931583
-0.026035746559500694
0.0013527986593544483
-0.03302253037691116
0.04563267156481743
-0.025712192058563232
0.023798318579792976
-0.02250690758228302
-0.17505790293216705
-0.15575774013996124
0.06644480675458908
0.23091192543506622
-0.3742501139640808
0.009277958422899246
0.19420839846134186
-0.010884680785238743
-0.1494722217321396
-0.4098180830478668
0.4985562860965729
0.0713215097784996
-0.1942487508058548
-0.5488008856773376
0.08825825899839401
-0.13664713501930237
0.0873137041926384
0.3604578971862793
0.1832764744758606
0.26549288630485535
0.2380445897579193
-0.21868093311786652
0.057652343064546585
-0.2284892201423645
0.11918813735246658
-0.28535276651382446
-0.0052459873259067535
-0.006726942025125027
-0.43720743060112
-0.48456519842147827
0.00036319595528766513
0.00044535717461258173
0.021898746490478516
-0.062097351998090744
0.018876666203141212
-0.015850551426410675
0.03615650162100792
0.0013286251341924071
0.023378830403089523
0.03489712253212929
0.028683634474873543
0.04432227835059166
-0.003950714599341154
0.06490422040224075
0.0302579328417778
-0.021236810833215714
-0.008325949311256409
0.020524708554148674
0.019719352945685387
-0.09216667711734772
0.02560514025390148
0.011128026992082596
0.03455910086631775
-0.0866195410490036
0.018934495747089386
-0.004457669332623482
0.03470498323440552
-0.04724949225783348
0.02554275467991829
0.09756259620189667
-0.004953274503350258
0.02514602430164814
0.005687172990292311
0.2935675084590912
0.5417543649673462
0.4304236173629761
1.0182136297225952
1.0072309970855713
1.6465363502502441
-0.011779961176216602
0.06585786491632462
0.8997299671173096
0.8446260690689087
0.07175971567630768
0.4660435616970062
0.48850321769714355
0.18358181416988373
0.4861625134944916
1.2837955951690674
-0.037567730993032455
0.4099535346031189
-0.25323429703712463
-0.20358644425868988
0.053638722747564316
0.38769224286079407
-0.11477021127939224
0.14365871250629425
0.01747654750943184
-0.0019783941097557545
0.02278292179107666
0.1293565183877945
0.046123065054416656
-0.08152277022600174
0.48733794689178467
0.2699120044708252
0.03750218451023102
-0.0451168566942215
-0.15838748216629028
-0.10639257729053497
-0.27730509638786316
0.32483816146850586
-0.06395815312862396
0.025842247530817986
0.05352292209863663
0.049599070101976395
0.047790780663490295
-0.020282717421650887
-0.24233053624629974
0.02253982611000538
0.0014687025686725974
-0.07962679862976074
0.6596211791038513
0.15481415390968323
-0.18903231620788574
0.029096463695168495
0.8606904149055481
-0.2569291293621063
0.3248951733112335
0.6385893225669861
0.09059091657400131
0.16138982772827148
0.24359875917434692
1.8974199295043945
-0.10882530361413956
0.467999130487442
1.1684789657592773
1.2280817031860352
-0.06640299409627914
-0.18783271312713623
-0.0864475667476654
-0.02035721018910408
0.2552012503147125
-0.23666220903396606
-0.03872963786125183
0.06973091512918472
0.19400560855865479
0.04705824330449104
-0.09300456941127777
0.42855843901634216
0.0286993607878685
0.02660154178738594
-0.09073274582624435
-0.14946690201759338
0.04203008860349655
-0.03939809277653694
0.09275200217962265
-0.2010795623064041
0.8215780258178711
-0.19232849776744843
-0.3892975151538849
0.18216073513031006
0.44239723682403564
0.02185380645096302
0.1964316964149475
1.1398452520370483
-0.08617165684700012
0.13664314150810242
0.567304790019989
1.1413357257843018
0.07243704050779343
-0.07434187829494476
-0.19746840000152588
0.03065466694533825
0.42964085936546326
-0.31658217310905457
-0.10714586079120636
0.2439306229352951
-0.022598015144467354
0.0846630111336708
-0.049717314541339874
0.3127438426017761
-0.01137673668563366
0.1787634938955307
0.145884707570076
-0.028170352801680565
0.003177893115207553
-0.141275092959404
0.28366899490356445
0.1619967669248581
0.6465475559234619
-0.024886278435587883
-0.30547216534614563
-0.08723511546850204
0.44301164150238037
-0.25169694423675537
-0.2393971085548401
0.35146382451057434
0.07485649734735489
0.14014875888824463
0.17472796142101288
0.4946187436580658
0.17805464565753937
-0.2322680503129959
-0.10109849274158478
0.16911977529525757
0.29921358823776245
0.19840015470981598
0.3141481578350067
0.3007611632347107
0.40924862027168274
-0.26248785853385925
-0.18570972979068756
0.13056138157844543
0.046220578253269196
0.142229363322258
0.6900565028190613
0.31136783957481384
-0.16228686273097992
-0.14207985997200012
-0.043880268931388855
0.054657232016325
0.26382240653038025
-0.20890146493911743
-0.00850133690983057
0.13042084872722626
0.0352340005338192
0.11388508975505829
-0.0859355479478836
0.2790016233921051
0.004286339972168207
-0.02121441625058651
-0.02377668023109436
-0.10619513690471649
-0.20561163127422333
0.23247170448303223
-0.2722388505935669
-0.03235648199915886
0.12107134610414505
0.24463574588298798
0.017899787053465843
0.24806778132915497
-0.058218471705913544
-0.15754708647727966
-0.2210504710674286
-0.02778843604028225
-0.0037504665087908506
0.00882981438189745
0.4219948351383209
0.719475507736206
-0.020465627312660217
-0.020811375230550766
0.03713981807231903
0.048089127987623215
-0.031853556632995605
-0.01648075506091118
0.039084792137145996
-0.026909658685326576
-0.0294500682502985
-0.022512851282954216
0.0019113934831693769
0.027485713362693787
0.012228444218635559
-0.029215456917881966
0.031181156635284424
0.06599278748035431
-0.036591995507478714
-0.023068424314260483
0.35538381338119507
0.21562610566616058
0.15756116807460785
0.5911474227905273
-0.15756496787071228
-0.10093957185745239
-0.5369781851768494
0.5597485303878784
-0.18579304218292236
-0.07355739176273346
-0.020505016669631004
0.018886959180235863
0.020283391699194908
0.010490874759852886
0.78546541929245
0.7385859489440918
0.551941454410553
0.6606238484382629
0.8616279363632202
1.2052083015441895
-0.050212837755680084
0.01126151904463768
0.6000837683677673
0.5191155076026917
-0.1703997701406479
1.0228931903839111
0.004883133340626955
-0.16574262082576752
0.3624003827571869
0.7569794058799744
0.4106609523296356
0.002869111020117998
-0.12847743928432465
-0.01471701916307211
0.508233904838562
-0.1563512682914734
-0.19569043815135956
0.35534948110580444
0.016409199684858322
-0.042592231184244156
0.04026348143815994
0.5697218179702759
-0.024808721616864204
0.307058721780777
0.16504830121994019
0.32824790477752686
-0.06122738867998123
-0.18694451451301575
-0.266286164522171
-0.0245643462985754
0.30477046966552734
-0.32969868183135986
-0.002668116707354784
0.07978849858045578
-0.029178699478507042
0.11027739197015762
0.07509388774633408
0.4325782060623169
0.032678406685590744
0.04575416073203087
-0.2002832144498825
0.052733343094587326
-0.094993457198143
-0.11245311051607132
-0.07663843035697937
0.06598743796348572
-0.12363798916339874
0.1472601592540741
-0.15425796806812286
-0.08893464505672455
-0.030265087261795998
0.1621990203857422
-0.09282642602920532
-0.020096320658922195
-0.06990879774093628
0.018161946907639503
0.05085613578557968
0.07178130000829697
0.21164987981319427
0.17324212193489075
0.08734294772148132
0.028706856071949005
0.26019084453582764
0.06395858526229858
-0.19703449308872223
0.10149198025465012
-0.05807802453637123
-0.2459040880203247
0.026072228327393532
0.5419113039970398
0.08024008572101593
0.21793648600578308
0.24213549494743347
0.419634073972702
-0.00964662991464138
-0.043646570295095444
-0.0449216328561306
0.07488259673118591
-0.06257325410842896
0.14707493782043457
-0.027148190885782242
-0.02221847139298916
0.0049567800015211105
-0.020717930048704147
0.003131457371637225
-0.011018374934792519
0.10044843703508377
-0.023728022351861
0.00706148287281394
-0.06398594379425049
0.6321886777877808
-0.18200504779815674
0.025671355426311493
0.2570604979991913
0.4522972106933594
0.0856885015964508
0.19373121857643127
0.3710058033466339
0.04120592400431633
-0.11605831980705261
-0.1101481169462204
0.7435537576675415
-0.042333681136369705
0.7199475765228271
0.333984375
-0.15613016486167908
-0.16993333399295807
0.2851121723651886
0.5956686735153198
0.47438526153564453
0.7264137864112854
0.41574063897132874
-0.10146871954202652
-0.10894260555505753
1.2128098011016846
0.08402800559997559
0.10064628720283508
0.12313120067119598
0.2541041374206543
0.08270531892776489
0.17272654175758362
1.0496478080749512
0.469401478767395
0.6277009844779968
0.4461391270160675
0.8554261922836304
0.713232696056366
1.5014034509658813
0.23502002656459808
0.05806846544146538
1.0135706663131714
0.6945163011550903
-0.019099146127700806
0.5505712032318115
0.2525172233581543
0.2570096254348755
0.32203635573387146
0.8489698767662048
0.3088811933994293
-0.21641549468040466
0.021761881187558174
0.7411841154098511
0.4182109236717224
0.11412753909826279
0.29811301827430725
0.14276160299777985
0.24124141037464142
0.41416823863983154
0.1915339231491089
0.5038764476776123
0.562038779258728
0.3304527699947357
0.09647534042596817
0.5534409880638123
0.009001361206173897
0.04784926772117615
0.005234297830611467
-0.05968216434121132
0.025994669646024704
-0.04819902032613754
0.03420870751142502
0.049824923276901245
0.05832349881529808
-0.058933109045028687
-0.051952943205833435
-0.016124257817864418
0.03600653260946274
-0.021012602373957634
-0.045452091842889786
0.02107233554124832
-0.27395525574684143
0.11869624257087708
-0.03461373969912529
0.10289144515991211
0.6093962788581848
-0.281080037355423
-0.22939085960388184
0.4137530028820038
-0.10670709609985352
-0.10027740150690079
0.18462792038917542
0.9043155312538147
-0.13259845972061157
0.10550002753734589
-0.010577047243714333
0.5367470979690552
0.06907770037651062
-0.020100681111216545
-0.10540515929460526
-0.010158051736652851
-0.386508047580719
0.15139369666576385
0.04189353436231613
-0.11439421027898788
-0.18808352947235107
0.04724009707570076
-0.13555049896240234
-0.12035975605249405
-0.09939467906951904
0.14430850744247437
-0.072528176009655
-0.018210716545581818
0.28933438658714294
0.4032564163208008
0.16940104961395264
0.43000876903533936
0.6002020239830017
0.7490465641021729
-0.1261080503463745
0.20031626522541046
0.08345752209424973
-0.2565639913082123
0.044897615909576416
0.23572678864002228
-0.07661280781030655
0.007735464721918106
0.48751920461654663
0.7516074776649475
-0.061584509909152985
-0.0038014587480574846
0.07585905492305756
0.03127792850136757
-0.021716754883527756
0.13423149287700653
-0.02131958305835724
-0.006163495127111673
-0.024030443280935287
0.0011435335036367178
0.06379170715808868
-0.022505540400743484
0.010872364044189453
-0.015702057629823685
0.04841574281454086
-0.003294160356745124
0.10768676549196243
-0.2693636119365692
-0.16434898972511292
0.11035715788602829
0.2063649594783783
-0.37416449189186096
0.06465932726860046
0.09155628085136414
9.465688344789669e-05
-0.07344895601272583
-0.19112080335617065
0.5785487294197083
0.05406549572944641
0.0957144945859909
0.009790293872356415
0.12266207486391068
-0.20442435145378113
-0.10329267382621765
0.38180840015411377
0.16618667542934418
0.2801135778427124
0.32637402415275574
-0.1900283694267273
0.16086320579051971
-0.22217024862766266
0.2761576473712921
-0.2890726923942566
0.04664885625243187
0.06869058310985565
-0.13691966235637665
-0.21286657452583313
0.08111564815044403
-0.004782154690474272
-0.0025773036759346724
-0.0026124860160052776
0.0164865143597126
-0.06377065926790237
-0.03329740837216377
0.10153922438621521
-0.04658003896474838
0.04351181164383888
0.045224059373140335
-0.0061155399307608604
-0.0879669338464737
-0.09416385740041733
0.05073397979140282
-0.03444293513894081
0.053038910031318665
-0.09412647038698196
-0.06714604794979095
-0.015134532935917377
-0.06705060601234436
-0.14809265732765198
-0.0013777365675196052
-0.02763388678431511
-0.06155881658196449
0.008582442067563534
0.019033977761864662
-0.031699251383543015
-0.02392720989882946
0.04411832615733147
0.028395993635058403
-0.0004196914378553629
-0.001033141161315143
0.20286433398723602
0.7213490605354309
0.7818771004676819
1.0164189338684082
0.7802996635437012
1.5815800428390503
0.09197613596916199
0.18351489305496216
0.1445503681898117
0.876069962978363
-0.05569922551512718
0.10236599296331406
0.10175049304962158
0.09496638923883438
-0.05853854864835739
0.9373885989189148
-0.04351265728473663
0.45293155312538147
-0.26705440878868103
-0.23265641927719116
-0.0844481810927391
0.3772406578063965
-0.04137543588876724
0.25935378670692444
-0.09634970873594284
-0.03183383494615555
-0.23338107764720917
-0.03409081697463989
-0.0023677051067352295
-0.04560606926679611
0.3703480362892151
0.1443752497434616
-0.043899547308683395
-0.005636303685605526
-0.2802436351776123
-0.23307965695858002
-0.2501145899295807
0.2890671193599701
-0.015984131023287773
-0.02409408800303936
-0.045891132205724716
-0.05955855920910835
0.005070469807833433
0.036330901086330414
-0.30326324701309204
-0.05027252808213234
-0.01380578987300396
-0.13130636513233185
0.9135031700134277
0.4166519045829773
-0.27633872628211975
0.066924549639225
0.32069194316864014
-0.23107653856277466
0.22175247967243195
0.7269321084022522
-0.11051645874977112
0.02733869105577469
-0.04784921929240227
1.7136173248291016
-0.12295070290565491
0.02746826782822609
0.48881739377975464
1.2921737432479858
-0.029495451599359512
-0.03511624038219452
-0.0150943947955966
0.028405090793967247
0.33529677987098694
-0.2566029131412506
-0.04595820605754852
0.10679575800895691
0.2681243419647217
0.028598811477422714
-0.19877803325653076
0.312762051820755
0.06288576126098633
-0.1283179521560669
-0.23207645118236542
-0.04902864992618561
0.23697784543037415
0.23228508234024048
0.29082348942756653
-0.18304011225700378
0.3114235997200012
-0.12035848200321198
-0.40870869159698486
0.3297710716724396
0.24744819104671478
-0.06306114792823792
0.1860058456659317
1.188321828842163
-0.12272782623767853
-0.25854989886283875
-0.07982498407363892
0.9320226907730103
0.18379133939743042
-0.0018890384817495942
-0.09211008250713348
0.16932588815689087
0.42178136110305786
-0.23955929279327393
-0.042812321335077286
0.20459787547588348
-0.03926907107234001
-0.07184682041406631
-0.02377527579665184
0.4344080686569214
-0.026507293805480003
-0.15491878986358643
-0.2753956913948059
0.02785653807222843
-0.022998671978712082
0.28858065605163574
0.5464959740638733
0.15194621682167053
0.3656907379627228
0.1112872064113617
-0.25485163927078247
-0.13210274279117584
0.2541455030441284
-0.2369167059659958
-0.15363532304763794
0.2985887825489044
-0.2448122203350067
-0.08311020582914352
-0.02870219200849533
0.3904135823249817
0.32807448506355286
-0.25368401408195496
-0.07121437042951584
0.18602606654167175
0.2511126399040222
0.20335477590560913
0.38304489850997925
0.30785688757896423
0.4320259690284729
-0.2728312909603119
-0.47442471981048584
0.11471068859100342
-0.04245132580399513
-0.20377838611602783
0.8625921607017517
0.2471790909767151
-0.1911918967962265
-0.09316658973693848
-0.05732584372162819
-0.04081966355443001
0.29715582728385925
-0.21943402290344238
-0.06728367507457733
0.1025000512599945
-0.009102126583456993
-0.01539121475070715
-0.14137302339076996
0.20531214773654938
-0.0062943315133452415
-0.2825549244880676
-0.2340577244758606
-0.11533351987600327
-0.1441299319267273
0.3262351453304291
-0.3732838034629822
-0.07558126747608185
0.03311523422598839
0.49934470653533936
0.09599187970161438
0.2532203793525696
-0.12976479530334473
-0.1612229347229004
-0.2288903445005417
-0.23167118430137634
0.02625313214957714
0.09221941232681274
0.19469833374023438
0.6727370023727417
-0.1174231544137001
0.03932388499379158
0.0418410450220108
0.022788606584072113
-0.0012730468297377229
-0.07693318277597427
-0.04551594704389572
0.05101168528199196
-0.0358613021671772
-0.038912780582904816
-0.013540207408368587
-0.008651092648506165
-0.10008365660905838
0.059983063489198685
-0.012494043447077274
0.09194742888212204
0.02237159200012684
0.05640352517366409
0.3533211350440979
0.18523766100406647
0.17349034547805786
0.602071225643158
-0.08317969739437103
0.059491828083992004
-0.5844703912734985
0.5718528628349304
-0.20891831815242767
-0.10856026411056519
-0.10704675316810608
-0.12335456907749176
0.12978783249855042
-0.04558755084872246
0.7239817380905151
0.8653811812400818
0.7360150218009949
0.7288804054260254
0.42614659667015076
1.1875501871109009
0.07266907393932343
0.06447284668684006
0.034117478877305984
0.6168038845062256
-0.35419273376464844
0.7362062335014343
-0.1519436240196228
-0.2119070142507553
0.18565313518047333
0.2794761061668396
0.5302560329437256
0.10893905162811279
-0.10425662994384766
0.037940993905067444
0.3813520669937134
-0.26085352897644043
-0.29264307022094727
0.38325971364974976
-0.157980814576149
-0.01706225797533989
0.10014704614877701
0.3939336836338043
-0.05277233198285103
-0.04103047773241997
-0.18471544981002808
0.38658320903778076
-0.031411200761795044
-0.20488297939300537
-0.2774117887020111
-0.010589350014925003
0.43153852224349976
-0.3568270206451416
-0.04200998321175575
0.11938370019197464
-0.03317730128765106
0.08946521580219269
-0.2112099528312683
0.4668397605419159
0.05239946395158768
-0.12273593246936798
-0.28971606492996216
0.10985350608825684
-0.08937548846006393
-0.14046278595924377
-0.035455331206321716
0.03680888190865517
-0.11579308658838272
0.08846389502286911
-0.09750346839427948
0.018046854063868523
-0.03444429114460945
0.08610418438911438
-0.03601581230759621
-0.12148977071046829
-0.20955424010753632
0.06411823630332947
-0.1637762486934662
0.039645105600357056
0.2323378622531891
0.27012330293655396
0.16106855869293213
0.02686651423573494
0.0797714814543724
-0.01493880245834589
-0.11566794663667679
0.1315566599369049
-0.1665116250514984
-0.24598029255867004
0.05255940183997154
0.4448481798171997
-0.03878260776400566
-0.1391969472169876
-0.11594398319721222
0.5376319885253906
-0.043317701667547226
-0.20007087290287018
0.05397506430745125
0.057130709290504456
-0.09695781022310257
0.23870407044887543
-0.06833045929670334
-0.0008042145636864007
0.018998034298419952
0.015192782506346703
0.0654212236404419
-0.02060035802423954
0.03161504492163658
-0.010051054880023003
0.04148028418421745
-0.07447356730699539
0.5386162996292114
-0.22456617653369904
-0.0218550655990839
0.16095145046710968
0.46229082345962524
0.060285307466983795
0.190225750207901
0.3699910342693329
0.05440955609083176
-0.27583760023117065
-0.25806790590286255
0.7340691685676575
0.012217072769999504
0.7016791701316833
0.18770194053649902
-0.2906985580921173
-0.14342108368873596
0.5161662101745605
0.6631958484649658
0.6062170267105103
0.5648843050003052
0.5149935483932495
-0.004890178330242634
-0.15315106511116028
0.7316166162490845
0.07620793581008911
-0.020195096731185913
0.24173012375831604
0.11856783181428909
-0.173356294631958
-0.005288427695631981
0.8863713145256042
0.43497562408447266
0.8100409507751465
0.56753009557724
0.7837130427360535
0.5917088985443115
1.5043672323226929
0.2333887368440628
0.04805610328912735
0.3819634020328522
0.8501763343811035
-0.061102043837308884
0.4844057261943817
-0.06144101917743683
0.042892951518297195
-0.1510322242975235
0.4146149158477783
0.40144628286361694
-0.03661257028579712
0.3708242177963257
0.8374742269515991
0.4521453380584717
0.05848277360200882
0.3285472095012665
0.297348290681839
0.0543241985142231
0.526556670665741
0.17976680397987366
0.5262225270271301
0.35193315148353577
0.06745435297489166
-0.11967223137617111
0.6197457909584045
0.03192421793937683
0.008561093360185623
-0.015508738346397877
0.002366910921409726
-0.03835354000329971
0.021037036553025246
-0.03952233865857124
0.052146684378385544
-0.035616714507341385
0.005656587891280651
0.01926509290933609
-0.025222331285476685
0.01120684016495943
0.003208199515938759
0.0816946029663086
-0.03294065222144127
-0.20090462267398834
0.16400925815105438
0.1621609330177307
0.09871149063110352
0.40211838483810425
-0.2940656244754791
-0.3869568407535553
0.42342913150787354
-0.3034021258354187
-0.10879873484373093
0.22986415028572083
0.9579817652702332
-0.005931933876127005
-0.1005120575428009
-0.1915850192308426
0.4817935526371002
-0.020536934956908226
-0.06346786767244339
-0.09978176653385162
0.08780643343925476
-0.578172504901886
0.2298615574836731
-0.11620219051837921
-0.16063757240772247
-0.3193509578704834
0.05628887191414833
-0.10615462064743042
-0.10331341624259949
0.02749481052160263
-0.08993212133646011
-0.20114248991012573
-0.2116718590259552
0.24131238460540771
0.4566689133644104
0.23348809778690338
0.4320765435695648
0.42085540294647217
0.9035912752151489
-0.13728612661361694
0.21362753212451935
-0.297427237033844
-0.17661836743354797
-0.1275593638420105
0.12642261385917664
-0.06424279510974884
-0.0008558853296563029
0.3623811602592468
0.7952485084533691
0.03061738796532154
0.03165600076317787
-0.10198143869638443
-0.10222871601581573
-0.02845342829823494
0.053886882960796356
-0.001033589942380786
-0.07725780457258224
-0.022993462160229683
0.010117967613041401
0.08518178761005402
-0.04701414331793785
-0.04837337136268616
-0.03256288543343544
-0.0014378974447026849
0.03240983933210373
0.11820530891418457
-0.11872559040784836
-0.10405132174491882
0.05375107750296593
0.2849080562591553
-0.3912309408187866
0.058911215513944626
0.21248656511306763
-0.0075211734510958195
-0.03738613426685333
-0.12329579144716263
0.5911808609962463
0.10697577893733978
-0.16120046377182007
-0.19171325862407684
0.26399096846580505
-0.18798787891864777
0.010884053073823452
0.34882500767707825
0.12866772711277008
0.29172876477241516
0.1412789225578308
-0.2542038857936859
0.05298169329762459
-0.31317147612571716
0.34206610918045044
-0.17759180068969727
-0.006781554780900478
0.027270765975117683
-0.18674726784229279
-0.117092065513134
0.22731326520442963
-0.044072870165109634
0.06101375073194504
0.0077415816485881805
-0.077321857213974
0.06766438484191895
0.04199114814400673
-0.0030198164749890566
-0.024757016450166702
0.06765411794185638
0.06544388830661774
0.038870491087436676
-0.08498663455247879
0.02371048368513584
-0.017008887603878975
0.06258302927017212
0.04352649673819542
0.05811840668320656
0.08043569326400757
0.06829281151294708
-0.02930564060807228
-0.011033391579985619
-0.009840722195804119
0.046641916036605835
-0.012584616430103779
-0.04871498793363571
0.016845842823386192
0.006733769550919533
0.005389105994254351
-0.04702861234545708
-0.08362650871276855
0.03778362646698952
0.0006737979128956795
-0.47269168496131897
-0.2817254662513733
-0.43615058064460754
-0.4074864685535431
0.193259596824646
-2.326533555984497
-0.4181174635887146
-0.1557914763689041
0.34864166378974915
-1.4429240226745605
-0.32918044924736023
0.2810291051864624
-0.011708860285580158
-0.12829983234405518
0.01616223342716694
-0.3577960133552551
0.33408600091934204
-0.618114173412323
0.7475639581680298
0.21887364983558655
0.5085495710372925
-0.5489605069160461
-0.12288343906402588
-0.1341239959001541
0.4291575849056244
0.02018066681921482
0.249714195728302
0.5906033515930176
0.03196801617741585
0.18502177298069
0.06848640739917755
0.38974252343177795
0.0007239900878630579
0.045590829104185104
0.6757178902626038
0.042262788861989975
0.1064922884106636
-0.39490026235580444
0.07102248072624207
0.016201524063944817
0.06296074390411377
-0.0070124114863574505
0.05244096741080284
-0.07398510724306107
0.23559407889842987
-0.014161944389343262
-0.08529385179281235
0.14194385707378387
-0.6822261214256287
0.04933254048228264
0.07407324761152267
-0.1153738722205162
0.2072289139032364
-0.5006902813911438
-0.5649081468582153
-0.22261984646320343
0.023479731753468513
0.019030900672078133
0.6183592677116394
-0.3264780342578888
0.03973699361085892
0.05617870017886162
0.13287945091724396
-0.796583890914917
0.11989017575979233
0.5388228297233582
0.26557257771492004
-0.04053065553307533
-0.6406760215759277
0.21197819709777832
0.04971308261156082
0.005620223470032215
-0.36537015438079834
-0.12874436378479004
0.27658700942993164
-0.08309675753116608
-0.06799677759408951
0.07550567388534546
0.29033970832824707
0.020233357325196266
-0.15557222068309784
0.38223889470100403
0.5707229375839233
0.558203399181366
0.2827660143375397
-0.42816677689552307
0.06123710423707962
0.01872877962887287
0.2426394522190094
-0.1271372139453888
0.45787766575813293
0.04729003459215164
0.19300155341625214
0.25441139936447144
0.5834023952484131
0.17591984570026398
-0.16940189898014069
0.4733492434024811
0.1491193324327469
-0.05500620976090431
-0.8326457142829895
0.15173222124576569
0.13325032591819763
-0.00344525882974267
0.05387802794575691
-0.11450584977865219
0.3747479021549225
0.015542619861662388
0.08203396946191788
0.1944657862186432
0.3229723572731018
-0.21737803518772125
0.279064804315567
0.4389510154724121
0.22680404782295227
0.3934197425842285
0.47199440002441406
-0.05857880041003227
-0.027666836977005005
0.1713375598192215
0.23895485699176788
0.26737213134765625
0.10772612690925598
0.4342389702796936
0.2661993205547333
-0.014985191635787487
0.3772571384906769
0.29898202419281006
-0.23845303058624268
0.9877618551254272
0.4668584167957306
-0.049342330545186996
-0.28276413679122925
-0.2453586459159851
-0.3983217179775238
-0.34950509667396545
-0.7466424107551575
0.35424965620040894
0.5690232515335083
0.30820605158805847
0.03437190130352974
-0.012256973423063755
-0.0633230209350586
0.08821374922990799
0.2720879316329956
0.43790560960769653
-0.05542026460170746
0.03914572671055794
-0.5916060209274292
0.17554254829883575
0.0876551941037178
-0.021392758935689926
0.011214448139071465
-0.13348320126533508
0.3050347864627838
-0.00883012916892767
0.0786999762058258
0.18532691895961761
0.2614488899707794
-0.1981939673423767
0.1347622126340866
0.4282362461090088
0.48025086522102356
0.0604461170732975
0.4812794625759125
-0.6126264333724976
-0.11828180402517319
-0.2297028750181198
0.3980666697025299
0.17514516413211823
0.40143734216690063
0.8080253601074219
0.008520378731191158
0.0007531431037932634
0.23452985286712646
-0.1613684594631195
0.012626069597899914
0.05513657629489899
-0.03161228448152542
-0.0189234409481287
-0.014651749283075333
0.013021310791373253
-0.027590535581111908
-0.06069139391183853
0.045149799436330795
0.1060125008225441
-0.023062381893396378
-0.04988006129860878
0.0003602882206905633
-0.12859663367271423
0.03543702885508537
0.037331171333789825
0.046247389167547226
0.2167794108390808
-0.08790954947471619
-0.20604883134365082
-0.17403922975063324
-0.5585638284683228
0.0830223560333252
-0.05278225243091583
0.7834489345550537
-0.8079930543899536
0.17318932712078094
0.029330549761652946
0.12877529859542847
0.0037480515893548727
0.062406983226537704
0.019685212522745132
-0.23165330290794373
-0.18669955432415009
-0.3977145254611969
-0.00246045901440084
0.1785590499639511
-1.8785631656646729
-0.6640336513519287
0.07695405185222626
0.7278724312782288
-0.8502882719039917
0.23669493198394775
0.23461414873600006
0.12955787777900696
0.04272770509123802
0.3428339958190918
0.1252470165491104
-0.6237087845802307
0.24807514250278473
0.4714774787425995
0.039888571947813034
0.06733892858028412
0.2710963189601898
0.2057887315750122
-0.37540048360824585
0.31610772013664246
0.05824007838964462
0.3387579917907715
0.41876304149627686
0.12020956724882126
-0.08503635227680206
0.4525601863861084
-0.16417856514453888
0.24951037764549255
0.8688600063323975
0.45473018288612366
-0.042966410517692566
-0.7839860916137695
0.3203418552875519
0.0707404837012291
0.04846581444144249
-0.015499407425522804
-0.21730461716651917
0.2714609205722809
-0.797191858291626
-0.004880120977759361
0.21750319004058838
0.3780381679534912
-0.4894663989543915
0.15778414905071259
0.4533083736896515
0.974155604839325
0.3642529249191284
0.34976235032081604
-0.6751752495765686
0.033125557005405426
0.010590258054435253
0.41708052158355713
-0.016743401065468788
-0.07567745447158813
-0.16775520145893097
0.20838159322738647
0.0940193235874176
0.0487864688038826
0.49581071734428406
-0.333383172750473
0.29923295974731445
0.46102043986320496
0.09481284767389297
0.4463725686073303
-0.486976683139801
0.06938153505325317
-0.03396577388048172
0.2073010802268982
0.19632570445537567
0.28578808903694153
-0.03236450254917145
0.007245071232318878
0.21528851985931396
0.48436105251312256
-0.06285439431667328
0.029899517074227333
0.021541956812143326
-0.016975142061710358
0.05429794266819954
-0.033232785761356354
-0.11113356798887253
-0.012082163244485855
0.009118498302996159
-0.04566792771220207
0.03698233142495155
0.009833413176238537
0.03306232765316963
0.02078925259411335
-0.06673964112997055
0.0027904922608286142
0.430431067943573
-0.8192592263221741
0.2887301445007324
0.02487056702375412
-0.16200150549411774
-0.577873945236206
-0.29281333088874817
-0.06073592230677605
-0.6871992945671082
-0.029740549623966217
0.38024193048477173
0.36802929639816284
-1.009588599205017
0.015310337767004967
-0.2786007225513458
0.03863803669810295
0.2300119251012802
0.5680098533630371
0.3054908215999603
-0.15174858272075653
-0.18624897301197052
-0.4098737835884094
-0.40633100271224976
0.09738800674676895
0.17398396134376526
-0.04919135197997093
-0.6478663682937622
-0.5419710874557495
0.1729283630847931
-0.04262275621294975
0.2375285029411316
0.4947894513607025
-0.5280001163482666
-0.33385151624679565
-0.2513565123081207
0.16558599472045898
-0.16558393836021423
0.22643747925758362
-2.318537950515747
-0.6217794418334961
-0.08255136013031006
0.31035053730010986
-1.4732593297958374
-0.3610095679759979
-0.14272840321063995
-0.039964914321899414
-0.09271739423274994
0.256293386220932
-0.15164756774902344
-0.6133541464805603
0.630315363407135
0.5800584554672241
-0.37366360425949097
-0.5012553334236145
-0.6545820832252502
0.017291376367211342
-0.23553898930549622
0.5510898232460022
-0.5356829762458801
0.08564015477895737
-0.5042619705200195
-0.000712929992005229
-0.1345350295305252
0.2593896687030792
-0.0016737096011638641
-0.036245331168174744
0.047019876539707184
-0.01567787118256092
0.05655648559331894
0.03347961604595184
0.11119701713323593
0.040037475526332855
0.055310674011707306
-0.0028182484675198793
-0.013781406916677952
-0.036110769957304
0.039927564561367035
0.0054871398024261
0.02244957722723484
-0.021428383886814117
-0.036244459450244904
0.48680999875068665
0.6471760869026184
0.4342440962791443
0.01807120256125927
-0.4077758491039276
-0.054975900799036026
0.24946460127830505
-0.2597280442714691
0.23471114039421082
-0.03279086574912071
0.24006307125091553
-0.027190571650862694
0.05965408682823181
0.0885564535856247
0.6490153074264526
-0.17659610509872437
0.15703067183494568
0.24376320838928223
0.7943284511566162
0.16535376012325287
0.8317795991897583
-0.6103093028068542
0.00214203679934144
0.04014198109507561
0.3159305453300476
0.045640978962183
0.03797178342938423
0.6140705943107605
-0.05378525331616402
0.1380968540906906
0.3255545496940613
0.06675451248884201
-0.11765454709529877
0.05989522114396095
0.20350347459316254
0.016488073393702507
0.4391658306121826
-1.3791359663009644
-0.21631596982479095
-0.1500258892774582
0.7096909284591675
-0.2692813575267792
-0.020031824707984924
0.36506351828575134
0.13339954614639282
0.07265734672546387
0.08385897427797318
-0.16197563707828522
-0.030469931662082672
0.06568889319896698
-0.053074322640895844
-0.015141726471483707
0.08507046848535538
0.008631126955151558
-0.08555794507265091
0.06930414587259293
-0.021032584831118584
-0.07778125256299973
0.022311624139547348
0.08316969871520996
0.016028597950935364
-0.03335440903902054
0.049787405878305435
-0.10514427721500397
-0.07159027457237244
0.8421747088432312
0.40203094482421875
0.02722843922674656
-0.9173573851585388
0.19691209495067596
-0.07047239691019058
-0.053765006363391876
-0.05861258879303932
0.012564606964588165
0.4915888011455536
-0.4471234977245331
0.06276515126228333
0.2427438497543335
0.4509286880493164
-0.23876610398292542
0.23216356337070465
0.6315521001815796
0.05162069946527481
0.011856017634272575
-0.5679700970649719
-0.6357554793357849
0.15106290578842163
-0.01622771844267845
0.4406331479549408
-0.7175050377845764
0.3114832937717438
-0.3295835256576538
0.13944047689437866
0.32149940729141235
0.3092513084411621
0.020112501457333565
0.043275173753499985
-0.02407292276620865
0.06503763049840927
0.0008449674933217466
-0.01972006820142269
0.027722634375095367
-0.05597137287259102
-0.010534455068409443
0.04624585434794426
0.05089130252599716
-0.03987617418169975
0.0022820839658379555
-0.007902326062321663
0.016469348222017288
0.009344909340143204
-0.0550890751183033
-0.04341750964522362
-0.05306081473827362
0.014443336054682732
-0.05388947203755379
-0.07416331768035889
-0.036952342838048935
-0.055345840752124786
0.012161128222942352
0.0719456896185875
-0.01919969730079174
0.00501532107591629
-0.007431355770677328
-0.008333306759595871
-0.0145370839163661
-0.07478080689907074
0.07867787778377533
-0.40479010343551636
-0.6591845154762268
-0.7307882905006409
-0.7754735946655273
-0.5060288310050964
-1.7756938934326172
-0.6676548719406128
-0.1544903963804245
-0.4422083795070648
-0.9866445064544678
-0.8475580215454102
-0.22763796150684357
-0.1996387094259262
-0.08298671245574951
-0.6005722880363464
-0.9661158919334412
0.04976777359843254
-0.5099644064903259
0.5874164700508118
0.1835372895002365
0.1433418244123459
-0.3629073202610016
-0.04587971419095993
-0.2584800720214844
0.32757097482681274
-0.04422171786427498
0.0017332943389192224
0.1546821892261505
0.05538831651210785
0.15397676825523376
-0.5521959662437439
-0.04813813045620918
-0.029871415346860886
0.01141628623008728
0.49145087599754333
0.036715127527713776
0.08877836167812347
-0.05071233958005905
0.0037918277084827423
-0.019414221867918968
-0.022927142679691315
-0.0034588861744850874
0.12051556259393692
0.036744289100170135
0.21135970950126648
0.06186937168240547
0.009059430100023746
0.1736881136894226
-1.0556461811065674
-0.37065643072128296
-0.36545512080192566
-0.13890190422534943
-0.4725842773914337
-0.6069691181182861
-0.8322805166244507
-0.5068967938423157
-0.034830451011657715
-0.4014942944049835
-0.06035172939300537
-1.3973193168640137
0.11862802505493164
-0.5320748090744019
-1.182479977607727
-1.4224265813827515
0.06000145524740219
0.28991755843162537
0.1848268359899521
0.010686258785426617
-0.3208232522010803
-0.0046973214484751225
-0.03729497641324997
-0.04671557620167732
-0.07978955656290054
-0.08111730217933655
0.18558399379253387
-0.34386304020881653
-0.02102220244705677
-0.012762270867824554
0.21739192306995392
-0.16367818415164948
-0.4453412890434265
-0.0814429447054863
0.07916343212127686
0.34609565138816833
-0.2520922124385834
-0.779546320438385
-0.22866372764110565
-0.22669126093387604
-0.10050246119499207
-0.21115389466285706
-0.011330710723996162
-0.7232087254524231
0.12155848741531372
-0.32731834053993225
-0.4069783389568329
-0.7255565524101257
0.004817930981516838
0.32296907901763916
0.04838065430521965
0.019969850778579712
-0.5448674559593201
0.03898141160607338
0.096256323158741
-0.1282958835363388
-0.031241556629538536
-0.03486974164843559
0.07347734272480011
-0.40780535340309143
-0.0005900801043026149
-0.03988920897245407
0.06432121992111206
-0.36495548486709595
0.04999762028455734
0.14091870188713074
-0.2885708808898926
0.0897563174366951
-0.2076689898967743
-0.1286071240901947
-0.10614921152591705
0.1320069134235382
-0.30343398451805115
-0.16662482917308807
-0.06031795218586922
0.06890620291233063
0.03595021739602089
-0.045532114803791046
-0.04411040246486664
-0.17406065762043
-0.4405049681663513
0.7955504059791565
0.17130444943904877
-0.08521631360054016
-0.4634546935558319
-0.2831536829471588
-0.16043365001678467
-0.18376994132995605
-0.3279898166656494
0.05532471463084221
0.3712804615497589
0.047149695456027985
-0.02706288918852806
-0.17532631754875183
-0.5275270342826843
-0.33453530073165894
0.2792038917541504
0.28774723410606384
-0.06361203640699387
-0.01775824837386608
-0.43560582399368286
0.10491175949573517
0.07561515271663666
-0.10632957518100739
-0.05925058573484421
-0.046964485198259354
0.13247327506542206
-0.4765399694442749
0.0008477586670778692
0.029270658269524574
0.1703387349843979
-0.18161502480506897
0.09672142565250397
-0.024042410776019096
0.4020921289920807
-0.05672261118888855
0.02171964943408966
-0.576479971408844
-0.1314440816640854
-0.15183450281620026
0.18042923510074615
-0.04360964521765709
0.19389797747135162
0.2998451888561249
0.012926678173244
0.011848325841128826
-0.12256310880184174
-0.6880453824996948
0.03984546288847923
0.024760285392403603
-0.044350191950798035
0.04440975934267044
-0.004738537594676018
0.02125668153166771
0.005288200918585062
-0.03359498083591461
0.0420895479619503
0.008937472477555275
0.05755157396197319
0.029611917212605476
0.003347031306475401
-0.07066032290458679
-0.01550375111401081
-0.026432165876030922
-0.03291283920407295
0.00792316161096096
-0.3205096423625946
-0.14527514576911926
-0.40945643186569214
-0.5823106169700623
0.10438980907201767
-0.0003713542828336358
0.4992207884788513
-0.4705948233604431
-0.14334933459758759
0.10391976684331894
0.04010318964719772
-0.013488641940057278
0.07512814551591873
0.042853545397520065
-0.6017876863479614
-0.5804067850112915
-0.7492652535438538
-0.46936726570129395
-0.46312639117240906
-1.5099048614501953
-0.7798044681549072
-0.22380037605762482
0.0565691776573658
-0.7633853554725647
-0.4444463849067688
-0.5513471364974976
0.04985860735177994
0.04660049453377724
-0.6211610436439514
-0.43399113416671753
-0.6382465958595276
-0.07596226781606674
0.2375354766845703
-0.059864092618227005
-0.38378092646598816
-0.2836361229419708
0.08522555977106094
-0.26798197627067566
0.15807832777500153
0.09495653957128525
0.09444329887628555
-0.4414578974246979
0.09316807240247726
-0.39820462465286255
-0.028244968503713608
-0.4144623279571533
-0.0017115457449108362
0.696552574634552
0.19308076798915863
-0.08498099446296692
-0.49864494800567627
0.19990460574626923
0.027840200811624527
-0.058230120688676834
-0.002056291326880455
-0.09375172853469849
0.13241110742092133
-0.44678136706352234
-0.039384499192237854
-0.04393085464835167
0.38350164890289307
-0.24081730842590332
0.01602308638393879
0.13471432030200958
0.4347388446331024
0.21025203168392181
0.11113688349723816
-0.5066533088684082
0.015239818952977657
0.05823950842022896
0.06641953438520432
-0.07917876541614532
-0.09173096716403961
-0.2625180184841156
0.12347397953271866
-0.0953470841050148
-0.02444239892065525
0.13374929130077362
-0.43919637799263
-0.05429680272936821
0.02857907861471176
-0.007916673086583614
-0.05430974066257477
-0.5799864530563354
-0.03146344795823097
0.03175347298383713
0.08035891503095627
0.09788264334201813
0.18317873775959015
-0.3704738914966583
0.005050955805927515
-0.030815374106168747
-0.017313329502940178
-0.27998584508895874
-0.013507119379937649
-0.0028368306811898947
-0.0941799059510231
-0.006384377367794514
-0.030193082988262177
-0.02428647316992283
0.012012584134936333
0.05953715369105339
0.03235328570008278
-0.09979639202356339
-0.008722512982785702
0.03533830866217613
0.018687857314944267
-0.059340253472328186
-0.023404374718666077
0.13699963688850403
-0.5049228668212891
0.10498875379562378
0.05296468362212181
-0.1568584442138672
-0.4113302230834961
-0.1942252516746521
-0.08546058088541031
-0.32650309801101685
0.03692490980029106
0.07540268450975418
0.3113446831703186
-0.6971206068992615
0.04081666097044945
-0.6820573210716248
-0.2754126489162445
0.1372227668762207
0.3010987937450409
-0.17966707050800323
-0.621235728263855
-0.34968850016593933
-0.9378142952919006
-0.5989646315574646
-0.11256257444620132
0.01687633991241455
-0.4068076014518738
-0.7288030385971069
-0.654059886932373
-0.11253239214420319
-0.06402863562107086
-0.06953541189432144
0.01083812303841114
-1.0243371725082397
-0.5514262914657593
-0.532123327255249
-0.35096171498298645
-0.6993303298950195
-0.27589190006256104
-1.6017677783966064
-0.7706239223480225
-0.4063085615634918
-0.29881995916366577
-0.8849162459373474
-0.6669424176216125
-0.5732776522636414
-0.16779649257659912
-0.06184188276529312
-0.27823615074157715
-0.39270082116127014
-0.5560667514801025
0.4711850583553314
0.12141461670398712
-0.5163716077804565
-0.567078709602356
-0.8678281307220459
-0.16428451240062714
-0.2062593549489975
-0.06572462618350983
-0.5054874420166016
-0.367838591337204
-0.8096831440925598
-0.1849796026945114
-0.3247297406196594
-0.008942453190684319
-0.4742681682109833
-0.02413751371204853
-0.04049491137266159
0.0493541844189167
0.05715221166610718
-0.015201018191874027
0.046384669840335846
0.02330993302166462
-0.0019652985502034426
-0.07135706394910812
0.05457530543208122
-0.0003169739502482116
-0.07359699159860611
-0.1225961372256279
0.06905568391084671
0.0016698691761121154
-0.015717903152108192
0.01988479122519493
0.25036394596099854
0.13257372379302979
-0.000822992529720068
-0.5234538912773132
-0.20427700877189636
0.18072672188282013
-0.21716241538524628
0.14000602066516876
0.03285062313079834
-0.00929245725274086
-0.5686450004577637
0.06138923019170761
-0.16581319272518158
0.07172835618257523
-0.415417343378067
-0.0277741439640522
0.10891757905483246
0.44511571526527405
0.113243967294693
0.4651849567890167
-0.43006327748298645
0.0032017608173191547
0.042946454137563705
0.32063302397727966
0.08615290373563766
0.048273373395204544
0.09516318142414093
-0.04123666509985924
0.010241520591080189
0.028958018869161606
0.13134126365184784
-0.38914674520492554
-0.3040127754211426
-0.1250642091035843
-0.2281600385904312
-0.053689807653427124
-1.0380377769470215
-0.5093066096305847
-0.2216162234544754
0.19744500517845154
-0.16970419883728027
-0.37874636054039
-0.0463884212076664
0.08300738781690598
-0.014330139383673668
-0.4573538303375244
-0.5918107032775879
-0.024313196539878845
-0.0646217092871666
0.02857179380953312
-0.03508717566728592
0.025908557698130608
0.022659746930003166
0.0006881300359964371
0.01621500588953495
-0.010455860756337643
0.0029832760337740183
0.00869729183614254
-0.06699259579181671
-0.0506332628428936
0.006186048965901136
0.0003454109828453511
-0.10954592376947403
-0.16007083654403687
0.6030363440513611
0.3067682087421417
-0.09403841942548752
-0.6365923285484314
0.17138059437274933
-0.011087280698120594
-0.13098609447479248
-0.07653801888227463
-0.00490415096282959
0.23678156733512878
-0.6803467273712158
0.015318606048822403
-0.0032961105462163687
0.2845802903175354
-0.41529807448387146
0.11826421320438385
0.30771195888519287
-0.21652494370937347
-0.014264354482293129
-0.447499543428421
-0.5836507081985474
0.1805170327425003
-0.037700019776821136
0.2860261797904968
-0.4231754243373871
-0.024250837042927742
-0.16429419815540314
0.049179743975400925
0.16329999268054962
0.2985469698905945
-0.09828507155179977
0.07380548119544983
0.054917365312576294
-0.08722270280122757
-0.004399489611387253
-0.06927791237831116
-0.07639642804861069
-0.017799658700823784
0.010750365443527699
0.006353409495204687
-0.026787880808115005
0.0008506629965268075
-0.009866736829280853
0.010700578801333904
-0.03020293079316616
-0.04684654623270035
0.07173111289739609
-0.0359048955142498
0.08089709281921387
0.0579768568277359
-0.020646365359425545
-0.03840675577521324
-0.08247867971658707
0.030089011415839195
-0.017634544521570206
-0.020271625369787216
0.015877027064561844
-0.06985641270875931
0.03860204666852951
0.010079286061227322
0.06982940435409546
0.029660426080226898
0.023304400965571404
0.2702254354953766
0.5117714405059814
0.9053807258605957
0.9956330060958862
0.9344425797462463
1.6154265403747559
0.2707931101322174
0.09960341453552246
0.8976585268974304
0.8920077681541443
-0.20239244401454926
0.4263530969619751
0.3506818413734436
0.13745059072971344
0.12588514387607574
0.9483318328857422
0.001414695056155324
0.2793075740337372
-0.15157561004161835
-0.18843738734722137
0.03426159918308258
0.2940800189971924
-0.11997327953577042
0.26295480132102966
-0.0466826856136322
0.0415949709713459
-0.15114456415176392
-0.02436143346130848
0.07373849302530289
-0.13195744156837463
0.4241591989994049
0.09848462790250778
-0.015036878176033497
0.025251535698771477
-0.29811686277389526
-0.11183395236730576
-0.24955064058303833
0.40429437160491943
-0.04452654346823692
-0.025315742939710617
0.041129086166620255
-0.029837429523468018
-0.05000315234065056
0.03706524893641472
-0.2779669761657715
0.04847613349556923
0.04232444241642952
-0.1640768051147461
0.5796225070953369
0.5173113346099854
-0.15984588861465454
0.19896964728832245
0.775701105594635
-0.23237790167331696
0.3247271180152893
0.7089297771453857
-0.01308678463101387
-0.2490023970603943
0.04979759082198143
1.7456207275390625
-0.0599648654460907
0.4310290217399597
0.8483453392982483
1.3080767393112183
-0.09129160642623901
-0.02150113135576248
-0.13010798394680023
0.009567789733409882
0.33855366706848145
-0.2540944516658783
-0.06143667548894882
0.13019171357154846
0.3295857012271881
-0.041172679513692856
-0.16078788042068481
0.3024226129055023
0.003099386114627123
-0.13074874877929688
-0.06480921804904938
-0.0861283540725708
-0.01839832030236721
0.14137983322143555
0.16514763236045837
-0.17361284792423248
0.7072107195854187
-0.08520153164863586
-0.4193340539932251
0.21183614432811737
0.27290722727775574
-0.15833880007266998
0.02227245643734932
1.1637773513793945
-0.1572001874446869
0.04865240305662155
0.32507529854774475
1.0976629257202148
0.02147708460688591
-0.03547000512480736
-0.026804987341165543
-0.021955031901597977
0.39799821376800537
-0.32062649726867676
-0.13147705793380737
0.1770593822002411
-0.03448060154914856
-0.11251302808523178
-0.0050438325852155685
0.4311721920967102
0.05170733854174614
-0.2415352612733841
0.06095610186457634
0.03347199410200119
0.04916686192154884
0.23737692832946777
0.4651963412761688
0.15007489919662476
0.6282591223716736
0.14740948379039764
-0.310006320476532
-0.17125295102596283
0.4189937710762024
-0.18124881386756897
-0.31478151679039
0.31288576126098633
-0.019244303926825523
-0.015451296232640743
0.08080805838108063
0.4975990653038025
0.25058355927467346
-0.33720242977142334
-0.07087156921625137
0.2533990144729614
0.28758981823921204
0.2819262742996216
0.2809256613254547
0.28688374161720276
0.46287772059440613
-0.38286662101745605
-0.2727009057998657
0.0761343389749527
0.09869490563869476
0.12712639570236206
0.7551525831222534
0.3314737379550934
-0.1527452915906906
-0.02254464291036129
0.09186069667339325
-0.06770721822977066
0.31000521779060364
-0.24869881570339203
-0.0321151427924633
0.224526509642601
-0.001505251624621451
0.09610465914011002
-0.18177209794521332
0.26987650990486145
-0.09613878279924393
-0.22138163447380066
-0.025459926575422287
-0.08182428032159805
-0.2087729126214981
0.2918163537979126
-0.3057768940925598
-0.005538434721529484
0.06061076000332832
0.44401365518569946
0.00744467182084918
0.17013095319271088
-0.09601577371358871
-0.1349562704563141
-0.28083550930023193
-0.177745059132576
0.036984656006097794
-0.042280521243810654
0.1942962408065796
0.731605589389801
-0.0019284362206235528
-0.030001964420080185
0.008480820804834366
0.005498918704688549
-0.02007932774722576
-0.12345819175243378
-0.023765264078974724
-0.02000744640827179
0.029568109661340714
0.041015565395355225
-0.0046212999150156975
-0.03002849966287613
0.07880986481904984
0.017612803727388382
0.05365636572241783
-0.020665820688009262
-0.011461338959634304
-0.0011042999103665352
0.31245264410972595
0.20064695179462433
0.2249966263771057
0.6321157217025757
-0.07092049717903137
-0.03439316898584366
-0.4937824606895447
0.5836305022239685
-0.21538770198822021
-0.020535634830594063
-0.14789795875549316
-0.019186953082680702
0.08398932218551636
0.01942327246069908
0.8271464705467224
0.5987947583198547
0.7849699258804321
0.6444711685180664
0.8549981713294983
1.1084444522857666
0.1753821223974228
0.14687931537628174
0.5582403540611267
0.593404233455658
-0.39934438467025757
0.7815600037574768
-0.07212628424167633
-0.16578388214111328
0.13757745921611786
0.49852892756462097
0.29700174927711487
0.0435449481010437
-0.08928032219409943
0.006872231140732765
0.5345087647438049
-0.17816151678562164
-0.24921849370002747
0.4055801331996918
0.07536280900239944
-0.1441815346479416
0.09021637588739395
0.662895679473877
-0.15015262365341187
0.32585805654525757
0.14334343373775482
0.3839317560195923
-0.06406986713409424
-0.24780018627643585
-0.2134268879890442
0.030494626611471176
0.4065193831920624
-0.374165803194046
-0.04189711809158325
0.193696990609169
-0.0077344621531665325
0.023398712277412415
-0.1755041480064392
0.39675086736679077
-0.016932159662246704
-0.21396300196647644
-0.24587203562259674
0.14483347535133362
-0.07096651941537857
-0.2008480280637741
0.020666172727942467
0.1126381978392601
-0.21619004011154175
0.20090846717357635
-0.12711724638938904
-0.0032057324424386024
0.010923096910119057
0.08907166123390198
-0.08106855303049088
-0.114338718354702
-0.1142517477273941
0.041688259690999985
-0.09457563608884811
0.13525427877902985
0.20030443370342255
0.24039313197135925
0.04678518697619438
-0.011059170588850975
0.16654929518699646
-0.13104668259620667
-0.21335363388061523
0.15723565220832825
-0.054154183715581894
-0.2527032792568207
-0.03685363382101059
0.47864004969596863
-0.014291802421212196
-0.19985494017601013
0.22777000069618225
0.507361650466919
0.007876159623265266
-0.038994837552309036
0.02898452989757061
-0.018292615190148354
-0.087778739631176
0.1218041181564331
0.009867792949080467
0.08271412551403046
-0.02793327160179615
-0.02857622690498829
-0.027721960097551346
0.04745938256382942
-0.04816127568483353
-0.051738642156124115
0.0286092571914196
-0.06362427771091461
0.5179497599601746
-0.2258482426404953
0.003577132010832429
0.25206395983695984
0.4838455319404602
0.1001553162932396
0.13822755217552185
0.32534319162368774
0.04713715985417366
-0.22549223899841309
-0.1948557198047638
0.6987340450286865
0.04396536573767662
0.5699049234390259
0.21621061861515045
-0.24768176674842834
-0.18105864524841309
0.4481875002384186
0.7130951881408691
0.4714522957801819
0.6620384454727173
0.7059295177459717
-0.019188977777957916
-0.045514386147260666
1.0231966972351074
0.059487685561180115
-0.035712677985429764
0.13428513705730438
0.26869696378707886
-0.36555197834968567
-0.1694883406162262
0.9872991442680359
0.5332699418067932
0.7546094059944153
0.5628539323806763
0.8855108618736267
0.7233692407608032
1.5193177461624146
0.385214239358902
0.1042836382985115
0.94395512342453
0.7410748600959778
-0.28235289454460144
0.601143479347229
0.17451217770576477
-0.010050378739833832
0.19487640261650085
0.6978573799133301
0.3269323408603668
-0.13690350949764252
0.34857848286628723
0.8156563639640808
0.47969964146614075
0.060982175171375275
0.30807527899742126
0.21376346051692963
0.2562960386276245
0.4869173765182495
0.05303671956062317
0.5263946056365967
0.5365054607391357
0.3503452241420746
-0.10786005109548569
0.688361644744873
0.05303185433149338
0.008142922073602676
-0.013796220533549786
0.08867311477661133
-0.0873732790350914
-0.01919838786125183
0.07789597660303116
0.10853537917137146
-0.05297187715768814
0.04466637223958969
-0.08036793023347855
0.028605785220861435
0.04565642029047012
-0.03496677055954933
0.006652753334492445
0.009418172761797905
-0.21120239794254303
0.1822081059217453
0.11949588358402252
0.07528325915336609
0.5500198602676392
-0.3331490457057953
-0.2123367041349411
0.4653163254261017
-0.14001914858818054
-0.03949132561683655
0.16291548311710358
0.7537789344787598
-0.08408083021640778
0.08818656951189041
-0.18588164448738098
0.5615218281745911
-0.03609003499150276
-0.027205979451537132
-0.02317528985440731
0.0631045326590538
-0.4205970764160156
0.1846185028553009
-0.029927000403404236
-0.0522327646613121
-0.18198156356811523
0.16716593503952026
-0.10638231039047241
-0.06375489383935928
-0.021481964737176895
-0.016798950731754303
-0.22579573094844818
-0.11995074152946472
0.28570491075515747
0.38767144083976746
0.2523394525051117
0.36473989486694336
0.5638437867164612
0.9563587307929993
-0.1849914938211441
0.17092342674732208
0.10739944875240326
-0.13827577233314514
-0.1466115415096283
0.22622641921043396
-0.090182825922966
0.02281559817492962
0.3378731906414032
0.89042067527771
0.09797763079404831
-0.05867518112063408
-0.10909131169319153
0.046553291380405426
-0.02309286594390869
-0.0530213937163353
0.06867360323667526
-0.007456188090145588
-0.05796493962407112
0.013285445980727673
0.05365518853068352
0.042158808559179306
0.037947770208120346
-0.030448300763964653
-0.029256004840135574
0.03719349578022957
0.0773356631398201
-0.1396304816007614
-0.1054130494594574
0.1336131989955902
0.3279591202735901
-0.41421571373939514
0.08893099427223206
0.17820250988006592
-0.003384570125490427
-0.2156294882297516
-0.19543522596359253
0.5803183913230896
0.021006716415286064
-0.21852445602416992
-0.14859941601753235
0.2633535861968994
-0.20677550137043
0.06442958116531372
0.3041524291038513
0.10431312024593353
0.31199753284454346
0.09240289777517319
-0.12999150156974792
0.18602436780929565
-0.15426941215991974
0.24501663446426392
-0.16214779019355774
0.01273195631802082
0.06580673158168793
-0.37106841802597046
-0.17220520973205566
0.17721185088157654
-0.031097007915377617
0.015688687562942505
-0.0787944570183754
-0.05156034231185913
0.017511315643787384
-0.02557169832289219
-0.010034552775323391
-0.08763465285301208
-0.013310883194208145
-0.016688985750079155
-0.05338025838136673
-0.05627795308828354
0.022815126925706863
-0.008294602856040001
0.0917385071516037
-0.020038943737745285
0.016464149579405785
0.02412717044353485
0.047626886516809464
-0.06506779789924622
-0.047708798199892044
-0.019979162141680717
-0.019054343923926353
0.012260768562555313
0.006332103628665209
-0.045309700071811676
-0.060704153031110764
-0.06459923088550568
-0.013346919789910316
0.03734754025936127
-0.0461718924343586
0.008299898356199265
-0.47524940967559814
-0.6250280737876892
-0.7226920127868652
-0.7920005321502686
-0.3404712975025177
-1.8749258518218994
-0.7086573243141174
-0.2554461359977722
-0.28117817640304565
-1.1693463325500488
-0.7881922721862793
-0.3344871401786804
-0.11118418723344803
-0.14889448881149292
-0.49917474389076233
-1.007902979850769
0.044073838740587234
-0.6766228079795837
0.5022591352462769
0.10500813275575638
0.22159309685230255
-0.42488718032836914
-0.1477947235107422
-0.15626637637615204
0.3910718262195587
-0.03465184196829796
0.04132938012480736
0.12205592542886734
-0.05146543309092522
0.0898924171924591
-0.48906001448631287
-0.1444569081068039
0.05942279472947121
0.04321356862783432
0.5704286694526672
0.15124213695526123
0.1676328480243683
-0.1390676647424698
0.015409109182655811
0.006383782252669334
0.012499799020588398
0.002307651098817587
0.10117475688457489
0.02574937976896763
0.21350717544555664
-0.10366847366094589
0.0014944837894290686
0.08564440160989761
-0.9926851987838745
-0.30633968114852905
-0.3801475763320923
-0.1610669493675232
-0.203108549118042
-0.41299110651016235
-0.7706291079521179
-0.5379559397697449
-0.04671758413314819
-0.4249105453491211
-0.12292088568210602
-1.4109135866165161
0.021483179181814194
-0.5720787048339844
-1.1119463443756104
-1.393460988998413
0.045737799257040024
0.28042346239089966
0.20773573219776154
-0.010431875474750996
-0.42511051893234253
0.09503847360610962
0.009931822307407856
-0.1111040711402893
-0.13857610523700714
-0.08450665324926376
0.1470881998538971
-0.41198042035102844
-0.04415925219655037
-0.032766688615083694
0.17945635318756104
-0.06635073572397232
-0.378359317779541
-0.1760844588279724
-0.042567480355501175
0.5194339752197266
-0.13172152638435364
-0.5180796980857849
-0.23983106017112732
-0.3423852324485779
0.10420256853103638
-0.13032470643520355
-0.08915006369352341
-0.884682834148407
0.05703525245189667
-0.2536539137363434
-0.2617252767086029
-0.8354609608650208
-0.11540297418832779
0.3466251492500305
0.18219736218452454
-0.1472071409225464
-0.7122377157211304
0.16534791886806488
0.04750171676278114
-0.12194517254829407
0.059716030955314636
0.017905252054333687
0.12513163685798645
-0.4492392838001251
-0.021886976435780525
-0.12673521041870117
0.1736227422952652
-0.29054948687553406
0.13818897306919098
0.19703309237957
-0.3281654417514801
0.21920938789844513
0.05827920138835907
-0.1576470285654068
-0.03240518271923065
0.06939423829317093
-0.1296032965183258
-0.10477954894304276
-0.057915184646844864
0.0674503743648529
0.1303163766860962
-0.06651382893323898
-0.05206647887825966
-0.27407482266426086
-0.39239388704299927
0.7626060247421265
0.2374969869852066
-0.1910911649465561
-0.4767169952392578
-0.3704190254211426
-0.23164159059524536
-0.20978222787380219
-0.3846418261528015
-0.0797986388206482
0.30313840508461
-0.08133445680141449
-0.058022379875183105
-0.18251968920230865
-0.43531957268714905
-0.37475478649139404
0.22882072627544403
0.2991028130054474
0.006784096825867891
-0.04138268902897835
-0.5272817611694336
0.07446306943893433
-0.027981752529740334
-0.2000010907649994
-0.03169959783554077
-0.17035529017448425
0.10246513038873672
-0.4381866753101349
0.003642135299742222
0.07685977220535278
0.150335893034935
-0.028229260817170143
0.17425169050693512
-0.024712208658456802
0.3935454785823822
0.007558702956885099
0.11432856321334839
-0.59693843126297
-0.041234467178583145
-0.1481401026248932
0.17665809392929077
0.022298704832792282
0.1393532156944275
0.17061159014701843
-0.05794450268149376
-0.008511834777891636
-0.1188465803861618
-0.7359577417373657
0.09123466163873672
0.012234351597726345
0.02436314895749092
0.07222916185855865
0.012899157591164112
0.10708431899547577
0.019701404497027397
-0.07869274169206619
0.0005487108137458563
-0.005323745310306549
0.09408638626337051
0.019836509600281715
0.005627797916531563
-0.030926614999771118
0.06479653716087341
-0.017529480159282684
0.0173096414655447
0.012278888374567032
-0.35357192158699036
-0.16081294417381287
-0.2588270604610443
-0.5710964798927307
0.170021191239357
0.10898653417825699
0.6212652921676636
-0.5520114898681641
-0.022327585145831108
-0.090784952044487
0.0069689336232841015
0.042636118829250336
0.10300372540950775
0.06901592016220093
-0.6048192381858826
-0.6454212069511414
-0.770298957824707
-0.4023498594760895
-0.286236971616745
-1.6518436670303345
-0.6502980589866638
-0.23889465630054474
0.1418967843055725
-0.8745297789573669
-0.3487631678581238
-0.5415090918540955
0.07184077054262161
0.13752911984920502
-0.6529006361961365
-0.5282148718833923
-0.6888816952705383
0.026479260995984077
0.25760117173194885
0.0015004371525719762
-0.33462095260620117
-0.263278067111969
0.19737467169761658
-0.353730171918869
0.10218008607625961
0.043502070009708405
0.05339975655078888
-0.5161551833152771
0.10271215438842773
-0.4132954180240631
0.062356069684028625
-0.370859295129776
-0.05379535257816315
0.7506771087646484
0.17823931574821472
-0.016754204407334328
-0.5049925446510315
0.10820711404085159
0.06355943530797958
-0.10025869309902191
-0.06015298143029213
-0.1741362065076828
0.055000633001327515
-0.4271312654018402
-0.05222833529114723
0.008945954963564873
0.3305656909942627
-0.19327139854431152
0.04641404002904892
0.10447259992361069
0.45638179779052734
0.2353775054216385
0.10539443045854568
-0.5571355223655701
0.07276638597249985
0.11555434763431549
0.27874520421028137
0.016708627343177795
-0.09120065718889236
-0.29605406522750854
0.24416813254356384
-0.147226944565773
-0.010224241763353348
0.18756698071956635
-0.36426007747650146
-0.05073586478829384
0.1828261911869049
0.019249465316534042
0.07991735637187958
-0.42300644516944885
0.02162579819560051
-0.1307135969400406
-0.04901868477463722
0.07062423229217529
0.12626692652702332
-0.44540664553642273
-0.027816951274871826
-0.0901109129190445
-0.10840019583702087
-0.30997025966644287
-0.10114267468452454
0.051754798740148544
0.031052779406309128
0.012178439646959305
-0.04966048151254654
0.06544633209705353
-0.03473592922091484
0.018134627491235733
-0.005586643703281879
-0.026022182777523994
-0.011505207978188992
0.023738974705338478
0.014102770946919918
-0.06469237804412842
-0.052291128784418106
0.2110234797000885
-0.5906206965446472
0.05963992699980736
-0.0026439649518579245
-0.1471409648656845
-0.3139292597770691
-0.21398207545280457
-0.11694159358739853
-0.3823077976703644
-0.02989008277654648
0.028269024565815926
0.3245772123336792
-0.7888407111167908
0.026430226862430573
-0.7180156111717224
-0.26592573523521423
0.2439941167831421
0.27447497844696045
-0.17553290724754333
-0.675812840461731
-0.194219708442688
-0.7896135449409485
-0.6424241065979004
-0.08083067834377289
0.22773607075214386
-0.3700220584869385
-0.6398894786834717
-0.6676698327064514
-0.10690658539533615
-0.07186434417963028
-0.03240613639354706
0.04356935992836952
-1.1343663930892944
-0.5781541466712952
-0.5027685165405273
-0.3483123183250427
-0.5279831290245056
-0.06458379328250885
-1.8108572959899902
-0.8159493207931519
-0.4050079584121704
-0.21505185961723328
-1.0345044136047363
-0.5042666792869568
-0.6075827479362488
-0.15117302536964417
-0.13751117885112762
-0.3418433964252472
-0.6236196160316467
-0.5801803469657898
0.4761146008968353
0.07868669182062149
-0.5083706974983215
-0.5325808525085449
-0.7672742605209351
-0.1317649781703949
-0.1794198453426361
0.09255935996770859
-0.5140547156333923
-0.5290011763572693
-0.827854335308075
-0.26223981380462646
-0.31533005833625793
0.041383594274520874
-0.4427831470966339
0.038412731140851974
0.011777516454458237
0.0481024868786335
0.07801515609025955
0.023598022758960724
0.04424852132797241
-0.046423882246017456
0.03574325516819954
0.011442122049629688
-0.012645157985389233
-0.014426708221435547
0.08626547455787659
-0.02405625954270363
-0.025922082364559174
-0.053276728838682175
0.07268939167261124
0.11276694387197495
0.24005304276943207
0.19273196160793304
-0.09338118135929108
-0.4333612322807312
-0.16989700496196747
0.13120314478874207
-0.2743057906627655
0.18415798246860504
-0.003429664997383952
-0.051275841891765594
-0.7168774008750916
0.024179469794034958
-0.12217448651790619
0.05692332237958908
-0.4923841059207916
0.10883940756320953
0.14588868618011475
0.44287431240081787
0.14628887176513672
0.527665376663208
-0.4687962830066681
-0.031094223260879517
0.10338816046714783
0.3587135076522827
0.04427836090326309
0.1215517520904541
0.07108542323112488
0.08001626282930374
-0.04459816962480545
0.16260859370231628
0.10665126144886017
-0.3958446979522705
-0.2123338282108307
-0.2416885644197464
-0.1599767804145813
0.1099361851811409
-1.1228567361831665
-0.4148331880569458
-0.17768594622612
0.3243768513202667
-0.12887322902679443
-0.2011781483888626
-0.04718302935361862
0.17020274698734283
0.05679666996002197
-0.4159398078918457
-0.5389057397842407
0.0010625100694596767
0.06374964863061905
0.01170689519494772
-0.025614095851778984
0.047611918300390244
-0.05195305496454239
0.01750539056956768
0.0446624830365181
0.027668049558997154
0.04251684620976448
0.04894832521677017
-0.03683079034090042
0.031555380672216415
-0.033097341656684875
-0.014743833802640438
0.050491511821746826
-0.22467845678329468
0.6938046216964722
0.41674381494522095
-0.07175517082214355
-0.67592453956604
0.2123982310295105
0.011375629343092442
-0.18113838136196136
0.01668553613126278
-0.050519201904535294
0.24620895087718964
-0.7414711117744446
0.04768840968608856
-0.03053339198231697
0.24559082090854645
-0.3950873911380768
0.13681642711162567
0.39108017086982727
-0.1768026351928711
-0.12612658739089966
-0.39712685346603394
-0.540344774723053
0.23056437075138092
-0.16961970925331116
0.333224892616272
-0.4682389795780182
0.1594054400920868
-0.18843290209770203
-0.059727467596530914
0.045289043337106705
0.24620553851127625
-0.12117085605859756
0.06926775723695755
0.06003711000084877
-0.11879627406597137
-0.0999719649553299
-0.04017769917845726
-0.02109910175204277
0.05726580321788788
0.058159176260232925
0.007128345314413309
0.03040080890059471
-0.005262411665171385
0.035489603877067566
-0.11248572170734406
-0.03854682296514511
-0.022510681301355362
0.02414967305958271
-0.0030479058623313904
0.04007513448596001
0.05632816255092621
-0.0017338072648271918
-0.03986898064613342
0.027003830298781395
0.006643678527325392
0.02187422849237919
0.004376683849841356
0.00882427766919136
-0.09346296638250351
0.024762269109487534
-0.07587477564811707
0.009709346108138561
0.03349757567048073
-0.033975496888160706
0.2839101254940033
0.5939399003982544
0.9074505567550659
1.0054806470870972
0.9881123900413513
1.6155436038970947
0.21534879505634308
0.1213156133890152
0.8303467631340027
0.9424418807029724
-0.08022083342075348
-0.42081311345100403
0.3756791353225708
0.22008740901947021
0.6159900426864624
0.25645068287849426
-0.04590177908539772
0.35620352625846863
-0.16300737857818604
-0.12587092816829681
0.07255340367555618
0.2695305347442627
-0.16547490656375885
0.029255729168653488
-0.06941600888967514
-0.02489374577999115
-0.22845308482646942
-0.5062813758850098
-0.012587213888764381
-0.10331030189990997
0.31538811326026917
-0.23003007471561432
-0.024517031386494637
-0.000946853484492749
-0.23124875128269196
-0.09430179744958878
-0.24103683233261108
0.37478458881378174
0.02259548008441925
-0.04370751231908798
0.028423788025975227
0.023660892620682716
-0.03960076719522476
0.03407125174999237
-0.2651725709438324
-0.009613830596208572
-4.1105784475803375e-05
-0.09449915587902069
0.723633885383606
0.38070932030677795
-0.04829859733581543
-0.04671770706772804
0.5656995177268982
-0.0461905412375927
0.06938039511442184
0.5897053480148315
0.06541304290294647
0.1526051014661789
-0.35627877712249756
1.0242688655853271
-0.1535416841506958
0.4739629328250885
0.3908116817474365
0.384857177734375
-0.05041540414094925
-0.024130595847964287
-0.1184786856174469
0.14258231222629547
0.2591882646083832
-0.24046701192855835
-0.044577036052942276
-0.02572515606880188
0.2726105749607086
-0.022063586860895157
-0.2706453502178192
0.13206766545772552
0.06311319768428802
-0.20677770674228668
-0.30471065640449524
-0.2972434163093567
0.06415814906358719
0.10953283309936523
0.14648738503456116
-0.2192002832889557
0.5143445730209351
0.1042860895395279
-0.09216874837875366
-0.1246611699461937
0.30031660199165344
-0.17612026631832123
-0.4496825039386749
0.8068922758102417
-0.01599237695336342
0.06728354841470718
-0.009859331883490086
0.26745888590812683
0.13862459361553192
-0.02785455249249935
-0.0797482430934906
0.0666760578751564
0.3563530147075653
-0.34218207001686096
-0.09778293967247009
-0.02291611023247242
-0.049615390598773956
-0.09910310804843903
-0.23655745387077332
0.3405901789665222
-0.03655742108821869
-0.03212536498904228
-0.2982727587223053
-0.1960391104221344
0.013478086329996586
0.1643344908952713
0.4450189173221588
0.11634168773889542
0.4588376581668854
0.14304813742637634
-0.21937577426433563
-0.1613406091928482
0.3059808611869812
0.00299217295832932
-0.27921897172927856
-0.41490811109542847
0.08530540764331818
0.016468599438667297
-0.16374865174293518
0.08988314121961594
0.22899195551872253
-0.3248102366924286
-0.014745214954018593
-0.03406216949224472
0.26689413189888
0.11489380151033401
0.27507999539375305
0.2877309322357178
0.3585192859172821
-0.26977524161338806
-0.38108161091804504
-0.18290215730667114
-0.053938012570142746
0.017900681123137474
0.4736562967300415
0.07511737942695618
-0.22172699868679047
-0.026753835380077362
0.007189116440713406
-0.05669594556093216
0.34429997205734253
-0.2619815766811371
-0.025071145966649055
-0.052594490349292755
0.059494294226169586
0.0863616093993187
-0.2269710898399353
-0.012479020282626152
0.06535088270902634
-0.30210745334625244
-0.32093870639801025
-0.2609071135520935
-0.0891275480389595
0.3162407875061035
-0.39149582386016846
-0.0074867676012218
0.0067509436048567295
0.44143423438072205
-0.13562922179698944
0.2514232099056244
-0.12948134541511536
-0.11365773528814316
-0.46889427304267883
-0.5161938071250916
-0.03321980684995651
0.021727610379457474
0.015142676420509815
0.5583522915840149
0.04927946999669075
-0.01657666265964508
0.08096583932638168
0.004542265087366104
-0.05431739240884781
-0.016112864017486572
-0.05898874253034592
-0.03459132835268974
-0.06868655234575272
0.06665945053100586
0.005883169826120138
0.004203802440315485
-0.03325449302792549
-0.01105885487049818
0.003829563269391656
-0.07428352534770966
-0.025570018216967583
-0.04179861769080162
0.3225053548812866
0.11993962526321411
0.18905441462993622
0.5717132091522217
-0.12298112362623215
-0.017128733918070793
-0.5278792381286621
0.5346436500549316
-0.13376982510089874
-0.05592029541730881
-0.08438067138195038
0.031417373567819595
-0.020722676068544388
-0.16298827528953552
0.7271056771278381
0.6962438225746155
0.8785492181777954
0.656415581703186
0.6776524186134338
1.0763020515441895
0.08212500810623169
0.14376680552959442
0.4622601866722107
0.6165340542793274
-0.2034391462802887
-0.4399101436138153
-0.01669722981750965
-0.26055198907852173
0.13516834378242493
-0.2883780896663666
0.5133448243141174
0.12621064484119415
-0.10854212939739227
0.0983300656080246
0.45838722586631775
-0.07237836718559265
-0.26225534081459045
0.11948675662279129
0.0863904356956482
-0.2638968825340271
-0.3914185166358948
0.3367522656917572
-0.0993596762418747
0.3486032783985138
-0.2333190143108368
-0.08830016851425171
-0.006797152105718851
-0.36434897780418396
-0.251533180475235
0.0067464555613696575
0.3431245684623718
-0.3038918673992157
-0.08484789729118347
0.03147575631737709
-0.010753726586699486
-0.12066254019737244
-0.22204476594924927
0.45000922679901123
0.03156428411602974
-0.2822762429714203
-0.4520391523838043
-0.0018769105663523078
-0.04533237963914871
-0.10602415353059769
-0.021014772355556488
-0.048446692526340485
-0.13527370989322662
0.21747036278247833
-0.17865300178527832
-0.1605536788702011
-0.022820647805929184
0.11064229160547256
-0.22056932747364044
0.27768436074256897
-0.03113916702568531
-0.008411609567701817
-0.1931420862674713
-0.4527447521686554
0.2609347105026245
0.2524855434894562
0.1770084649324417
-0.13660463690757751
0.2023473083972931
-0.13605207204818726
-0.2584329843521118
0.012529316358268261
-0.03133659064769745
-0.30986690521240234
-0.3190210461616516
0.03466207906603813
0.011758594773709774
-0.27888357639312744
-0.04436099901795387
0.10686589777469635
0.03450612723827362
-0.0454074926674366
0.042082998901605606
0.00022614817135035992
-0.046463459730148315
0.15441448986530304
-0.02697616070508957
0.09760861098766327
-0.0070361546240746975
0.022587012499570847
-0.049797412008047104
0.002676948206499219
0.0012750029563903809
-0.0161452554166317
-0.001207929220981896
-0.2534283399581909
0.5434646010398865
-0.154228076338768
-0.03275356814265251
0.14300744235515594
0.5019748210906982
-0.0526166632771492
0.1384105533361435
0.4381844103336334
-0.06402955949306488
-0.21645137667655945
-0.5270093083381653
0.9354127049446106
-0.052646491676568985
0.5047454237937927
0.17194795608520508
-0.3599470257759094
-0.17815209925174713
0.49812474846839905
0.6562294363975525
0.5194395780563354
0.7219610214233398
0.4740346372127533
-0.04187101125717163
-0.2517932951450348
0.963677167892456
0.09314031898975372
0.057843539863824844
-0.14969901740550995
0.22087490558624268
-0.3256964683532715
-0.4124062955379486
0.4510030448436737
0.4219316244125366
0.7963159084320068
0.5274844765663147
0.7895136475563049
0.7438845038414001
1.5893535614013672
0.33970364928245544
0.26153284311294556
1.0632517337799072
0.6824640035629272
-0.17918789386749268
-0.20177142322063446
0.24984011054039001
0.1166178435087204
0.24659402668476105
0.17252185940742493
0.32025474309921265
-0.1322098672389984
0.271552711725235
0.8173620700836182
0.441684365272522
-0.06287957727909088
0.2748129367828369
0.14848966896533966
0.36394235491752625
0.4473150372505188
-0.1380891650915146
0.7160533666610718
0.5744777321815491
0.36737048625946045
-0.19157364964485168
-0.10966473072767258
0.07458142936229706
-0.0631527453660965
0.061316318809986115
-0.03588781878352165
-0.0124960383400321
0.016342395916581154
-0.10330710560083389
-0.04476400837302208
0.0567663200199604
-0.01829341985285282
-0.005807123612612486
0.021997496485710144
0.049221113324165344
0.018570570275187492
-0.016382377594709396
0.08336912095546722
-0.3147446811199188
0.10346225649118423
0.053955625742673874
-0.01969238556921482
0.6318116784095764
-0.1904183328151703
-0.27607229351997375
0.22474350035190582
-0.07804401963949203
-0.2988108694553375
-0.4763788878917694
0.5232827067375183
-0.0016782364109531045
0.1872587352991104
-0.5210120677947998
0.1630888283252716
-0.013278949074447155
-0.04247942194342613
-0.0572766549885273
-0.103219173848629
-0.3759356439113617
0.15809744596481323
-0.21284952759742737
-0.09618540853261948
-0.13444070518016815
-0.019149906933307648
-0.0710689052939415
-0.2769123911857605
-0.004336817190051079
-0.026828039437532425
-0.16900674998760223
-0.02967524342238903
0.23064453899860382
0.35562893748283386
0.2155112475156784
0.39864814281463623
0.5444637537002563
0.912517786026001
-0.11062132567167282
0.1900174468755722
-0.05434192344546318
-0.1973387598991394
-0.09228579699993134
-0.6164741516113281
-0.1357870101928711
-0.1000518947839737
0.5212092995643616
0.19249404966831207
0.046587929129600525
-0.05966833606362343
-0.010862256400287151
0.049924399703741074
0.019595785066485405
-0.030368248000741005
-0.02510708011686802
0.020770562812685966
-0.05465203896164894
-0.023732073605060577
-0.019176330417394638
-0.01065337099134922
-0.0330691896378994
-0.0005345697863958776
0.0423126146197319
0.016226522624492645
0.00991407036781311
-0.08887305110692978
-0.15881682932376862
-0.009646029211580753
0.19261837005615234
-0.41533586382865906
0.10162626951932907
0.03844695910811424
-0.0354996956884861
-0.2035030722618103
-0.34162187576293945
0.6127328276634216
-0.030481016263365746
-0.1780519187450409
-0.4626041650772095
0.13078485429286957
-0.19058600068092346
-0.017747167497873306
0.2736556828022003
0.15105874836444855
0.2552280128002167
0.024442177265882492
-0.21742932498455048
0.06727899610996246
-0.22028347849845886
0.3840598165988922
-0.21324816346168518
-0.06564699858427048
-0.0469367578625679
-0.3994697630405426
-0.4821254014968872
-0.02374180592596531
0.09741626679897308
0.042196981608867645
-0.14562834799289703
-0.04196828603744507
-0.03600604459643364
0.02677111141383648
0.041054755449295044
-0.023227786645293236
-0.031042441725730896
-0.003637012792751193
0.02475595660507679
0.005787254776805639
0.01122992392629385
-0.06568726152181625
0.0327783077955246
-0.008512734435498714
0.017689285799860954
-0.0516183041036129
-0.038565944880247116
0.017875315621495247
-6.763752753613517e-05
-0.0596180185675621
-0.050854187458753586
-0.015484233386814594
-0.02231689728796482
-0.021811580285429955
0.03486614674329758
-0.06255114078521729
0.03191967308521271
-0.026193754747509956
0.06505393981933594
-0.02861282415688038
0.1968938410282135
0.40916529297828674
0.8033215999603271
1.0293670892715454
0.6541211009025574
1.5740102529525757
0.018747765570878983
0.16175244748592377
-0.04819919541478157
0.8594213128089905
0.014071757905185223
0.05400513857603073
0.15184059739112854
0.13102862238883972
0.0997791513800621
0.8072664737701416
-0.0022275468800216913
0.3459223806858063
-0.1905076950788498
-0.17300006747245789
-0.16148361563682556
0.34973472356796265
0.001647699042223394
0.20730428397655487
-0.3408168852329254
-0.04119124263525009
-0.18100252747535706
-0.08529112488031387
0.038212284445762634
-0.1041502133011818
0.3658088743686676
-0.03636232018470764
-0.030062446370720863
-0.030455967411398888
-0.3645610511302948
-0.2532944679260254
-0.2789183259010315
0.38354355096817017
0.027679558843374252
-0.018790489062666893
-0.15727068483829498
-0.021670475602149963
-0.07714204490184784
-0.0315643735229969
-0.28658097982406616
-0.08225609362125397
0.028018413111567497
-0.1734105795621872
0.6875931620597839
0.29788729548454285
-0.22526521980762482
0.15812775492668152
0.2561855614185333
-0.33730608224868774
0.13136813044548035
0.6525540947914124
-0.08917774260044098
0.12054187804460526
-0.25838711857795715
1.4414727687835693
-0.026398522779345512
0.026798471808433533
0.5273262858390808
1.2677799463272095
-0.1085641160607338
-0.12851731479167938
-0.09697045385837555
0.021433653309941292
0.2770059108734131
-0.27206236124038696
-0.16421937942504883
0.10530577600002289
0.14794622361660004
-0.01574103720486164
-0.05822855234146118
0.3242243230342865
-0.06961936503648758
-0.1738692671060562
-0.31125470995903015
-0.04575592279434204
0.08498132973909378
0.1786695122718811
0.1474517434835434
-0.2139934003353119
0.11514391005039215
-0.17965316772460938
-0.38453352451324463
0.23882871866226196
0.04680517688393593
-0.08815033733844757
0.09075023233890533
1.1019268035888672
-0.09597381204366684
-0.15441806614398956
0.010372382588684559
0.8858400583267212
0.11480558663606644
-0.16065271198749542
-0.1359686404466629
0.08080611377954483
0.48147618770599365
-0.16388437151908875
-0.14478717744350433
0.1669812798500061
-0.07258880138397217
-0.06786901503801346
-0.18090906739234924
0.42786192893981934
0.027334600687026978
-0.26624780893325806
-0.2978822588920593
0.03382313624024391
-0.011987992562353611
-0.04276590421795845
0.4621751010417938
0.07207337021827698
0.22349940240383148
0.07479722052812576
-0.2411552369594574
-0.2237367331981659
0.09770549088716507
-0.17004196345806122
-0.3199942111968994
0.14605852961540222
-0.11156290024518967
0.023072848096489906
-0.10167216509580612
0.27017536759376526
0.1523146629333496
-0.2580992579460144
-0.14179618656635284
0.13869121670722961
0.26962435245513916
0.2698323726654053
0.34314700961112976
0.32316887378692627
0.4698127806186676
-0.27323630452156067
-0.5548887848854065
0.013219787739217281
0.0703601986169815
-0.19277188181877136
0.6862908601760864
0.1510404497385025
-0.24221251904964447
-0.13443075120449066
0.09460960328578949
0.011296631768345833
0.4065234065055847
-0.2339058369398117
0.027389155700802803
0.2505744695663452
-0.08103878796100616
-0.010768133215606213
-0.01996004953980446
0.231558695435524
-0.06620615720748901
-0.3613285422325134
-0.2913920283317566
-0.041820231825113297
-0.19095316529273987
0.35811397433280945
-0.2456945925951004
-0.0004591281176544726
-0.08936402201652527
0.4174273908138275
0.06844595074653625
0.26347512006759644
-0.2335871160030365
-0.0895920842885971
-0.23583926260471344
-0.3450130224227905
-0.006955861113965511
0.03297249972820282
0.07895862311124802
0.7021821737289429
-0.027025636285543442
-0.08187750726938248
0.016889644786715508
0.0007635305519215763
-0.003970244899392128
0.03622252494096756
0.042554762214422226
0.03970956802368164
0.03196375444531441
-0.007187811192125082
0.019920051097869873
-0.0116471191868186
-0.0025017529260367155
0.0171206071972847
0.012802165932953358
-0.018896592780947685
0.03941650688648224
-0.01678767241537571
0.316386878490448
0.16474707424640656
0.23711621761322021
0.6222859621047974
-0.12984222173690796
0.0015113821718841791
-0.6923311948776245
0.6033979654312134
-0.10744217783212662
-0.08992620557546616
-0.060016125440597534
0.07402700930833817
-0.008868210949003696
-0.013460805639624596
0.6854627728462219
0.6282476782798767
0.7413176894187927
0.6432761549949646
0.40693092346191406
1.1610090732574463
0.013770530931651592
0.1058075800538063
-0.2327307015657425
0.5814370512962341
-0.4201364517211914
0.2543029189109802
-0.013194243423640728
-0.15550895035266876
0.14034181833267212
0.059177689254283905
0.46389853954315186
0.09632092714309692
-0.029576092958450317
0.010934781283140182
0.3439823091030121
-0.1980212926864624
-0.39889150857925415
0.315564900636673
-0.1228151023387909
-0.04256366938352585
0.020608186721801758
0.39086437225341797
-0.09423507004976273
0.06492491811513901
-0.4059956669807434
0.31116247177124023
-0.08477715402841568
-0.2700924873352051
-0.20291930437088013
0.00840640626847744
0.3335448205471039
-0.23033154010772705
-0.030197329819202423
0.18936452269554138
-0.0022308032494038343
-0.00910505186766386
-0.27798619866371155
0.4177122116088867
-0.09092944115400314
-0.23910380899906158
-0.4850321412086487
0.10993548482656479
-0.10207490622997284
-0.19489265978336334
-0.14907531440258026
0.027438614517450333
-0.08856836706399918
0.12613753974437714
-0.1688695251941681
-0.13001683354377747
-0.19326193630695343
0.07868720591068268
0.06604710966348648
-0.14163385331630707
-0.1377507746219635
-0.05138818919658661
-0.14318692684173584
-0.02813059464097023
0.15009397268295288
0.23195067048072815
0.10287896543741226
0.0045458655804395676
0.004623824264854193
0.004664021078497171
-0.18515223264694214
0.18220946192741394
-0.1663435697555542
-0.1955605149269104
-0.21244283020496368
0.389128178358078
-0.020207637920975685
-0.3443727493286133
-0.16919131577014923
0.504877507686615
-0.011283124797046185
-0.14113488793373108
0.003672951366752386
0.031825534999370575
-0.07843177765607834
0.20233243703842163
0.07340473681688309
-0.04485863819718361
-0.017679963260889053
0.04258082062005997
-0.03737836331129074
-0.04813792556524277
-0.0404844656586647
-0.015121477656066418
-0.07218515127897263
-0.15514178574085236
0.5619567632675171
-0.22136341035366058
-0.013216568157076836
0.23556789755821228
0.5139517784118652
0.1897186040878296
0.2027476280927658
0.38316649198532104
-0.04740934446454048
-0.306968092918396
-0.2779355049133301
0.7216610312461853
0.0016016163863241673
0.8689801096916199
0.2548430562019348
-0.25079596042633057
-0.22631536424160004
0.25726598501205444
0.5616143941879272
0.5067020654678345
0.5794540643692017
0.5118877291679382
0.04987076669931412
-0.15920715034008026
0.5686891078948975
-0.06168248504400253
-0.005251244641840458
-0.05196032673120499
0.08075624704360962
-0.17911043763160706
-0.07103231549263
0.8797490000724792
0.3748409152030945
0.5646724700927734
0.44364669919013977
0.8349094986915588
0.3455345928668976
1.7140047550201416
0.2136589139699936
0.0681435689330101
0.20550258457660675
0.8433295488357544
-0.10821417719125748
0.42192894220352173
-0.07138682156801224
0.09993303567171097
-0.08280564099550247
0.40759870409965515
0.3721100091934204
-0.12918414175510406
0.22950264811515808
0.8090660572052002
0.4338524639606476
0.016231060028076172
0.2659952938556671
0.2001418173313141
-0.09366202354431152
0.5462766885757446
-0.0008306807139888406
0.4755285978317261
0.32449591159820557
0.18128038942813873
-0.11148158460855484
0.5932790637016296
-0.018458763137459755
-0.05301610380411148
-0.05190553516149521
0.08677365630865097
-0.0018896969268098474
0.04290417581796646
-0.024102937430143356
0.0269321221858263
-0.01781276986002922
-0.02959839627146721
-0.04471686854958534
0.044882114976644516
0.04813160374760628
0.0666060671210289
0.012004530988633633
-0.04422057420015335
-0.25010114908218384
0.12602192163467407
0.05536219850182533
0.09162621945142746
0.23745590448379517
-0.28572535514831543
-0.3353268802165985
0.3150055408477783
-0.38344907760620117
0.05957726761698723
0.009535834193229675
0.8311140537261963
-0.12529052793979645
-0.06540234386920929
-0.25766730308532715
0.5191041231155396
0.016335031017661095
-0.01422278955578804
-0.037834666669368744
-0.09419625997543335
-0.6046773195266724
0.21910390257835388
-0.12861870229244232
-0.022727951407432556
-0.4441121816635132
-0.07561316341161728
0.00463433051481843
-0.10980997234582901
0.00017877848586067557
-0.10720783472061157
-0.35001131892204285
-0.26944679021835327
0.16716930270195007
0.47566574811935425
0.32070687413215637
0.41623008251190186
0.36566072702407837
1.0178264379501343
-0.01927267573773861
0.17692053318023682
-0.4536464810371399
-0.060870155692100525
-0.12690141797065735
0.06732019782066345
-0.10707549750804901
-0.03905220702290535
0.30290719866752625
0.662960410118103
0.06826251745223999
-0.020876700058579445
-0.013888530433177948
0.007848495617508888
-0.044835928827524185
0.054333314299583435
-0.013443805277347565
0.03589529171586037
-0.06764440983533859
0.03872353211045265
-0.05357353761792183
-0.051778025925159454
0.11279509961605072
0.046925194561481476
-0.037209540605545044
0.05747322365641594
0.033305536955595016
-0.06063392013311386
-0.22220169007778168
0.05669678747653961
0.26296302676200867
-0.374248206615448
0.08927100151777267
0.2564569413661957
0.06160763278603554
-0.1294964998960495
-0.3517514765262604
0.5225305557250977
-0.03044596128165722
-0.2934512794017792
-0.3873164653778076
0.1674932837486267
-0.14086131751537323
-0.05406538024544716
0.3187277913093567
0.08701983839273453
0.31268393993377686
0.07296333461999893
-0.1796717792749405
0.16512680053710938
-0.35925304889678955
0.38844361901283264
-0.22952769696712494
-0.1041238009929657
0.06386490911245346
-0.28390851616859436
-0.3054274618625641
0.3245945870876312

linear_actor,linear_actor.weight
-1.4518722295761108
-0.09019788354635239
0.378185510635376
-1.0659220218658447
-1.4410136938095093
-0.01522453036159277
0.19536720216274261
0.6669742465019226
0.18652229011058807
0.1165565699338913
0.6315839886665344
-1.3649919033050537
0.2961859405040741
0.644631028175354
1.2196669578552246
0.13519585132598877
-0.971184253692627
-1.1454788446426392
-1.2177343368530273
-1.2535712718963623
0.06688746809959412
-1.6185418367385864
0.10083815455436707
-0.0040372759103775024
0.11618909239768982
-0.16079674661159515
0.0705699697136879
-1.2101001739501953
-1.2233524322509766
-1.456146001815796
0.5107971429824829
0.024359531700611115
-1.236544132232666
-0.06524869799613953
-1.2109147310256958
-1.3486238718032837
-1.285851001739502
0.02340937778353691
0.1524025797843933
-1.1642825603485107
-1.7098422050476074
0.1823791265487671
-0.13563166558742523
0.7697075009346008
-0.18930618464946747
0.15210489928722382
0.6626942157745361
-1.2114821672439575
0.2986260950565338
0.554744303226471
1.2782648801803589
-0.004352405201643705
-1.2000279426574707
-1.0886874198913574
-1.2392852306365967
-1.327272653579712
0.21036365628242493
-1.3474289178848267
-0.12097307294607162
0.2987435758113861
0.0550958625972271
0.17896397411823273
0.008111543953418732
-1.354322075843811
-1.3926790952682495
-1.3088666200637817
0.6004330515861511
-0.025879230350255966
-1.161786437034607
-0.07168357074260712
-1.1205933094024658
-1.4116524457931519
-1.2703096866607666
0.15548448264598846
0.055824462324380875
-1.164063811302185
-1.2624880075454712
0.0968937799334526
0.020520446822047234
0.4965861439704895
0.05620301514863968
-0.0776691660284996
0.8528304100036621
-1.4017810821533203
0.45200952887535095
0.46775022149086
1.215253233909607
-0.06633064895868301
-1.0522617101669312
-1.1867188215255737
-1.1927742958068848
-1.45134699344635
-0.04390725865960121
-1.6358377933502197
0.15285667777061462
-0.034076984971761703
0.3362678289413452
-0.0024081438314169645
-0.06388510018587112
-1.2075231075286865
-1.3553143739700317
-1.403470754623413
0.5371991395950317
0.031478334218263626
-1.1419868469238281
0.12511046230793
-1.160421371459961
-1.3138829469680786
-1.1923989057540894
-0.06360408663749695
-0.07046964764595032
-1.1608784198760986
-1.2532027959823608
-0.029528584331274033
0.25075408816337585
0.07877375930547714
0.06455403566360474
-0.09946436434984207
0.9994773268699646
-1.584854006767273
0.23053516447544098
0.5550757050514221
1.4190759658813477
-0.05515757575631142
-1.1729323863983154
-1.1983495950698853
-1.21719491481781
-1.2851829528808594
-0.11750110238790512
-1.3666977882385254
-0.00035958472290076315
0.03136652335524559
0.5062329769134521
0.08008856326341629
-0.04736229404807091
-0.9751203656196594
-1.5275378227233887
-1.3535733222961426
0.546249508857727
-0.022879673168063164
-1.4733706712722778
0.06925364583730698
-1.091587781906128
-1.3102173805236816
