Layer,Parameter Name,Values

log_std,log_std
0.0
0.0
0.0
0.0

conv0_actor,conv0_actor.weight
-4.1381659507751465,

conv1_actor,conv1_actor.weight
-0.40100449323654175,0.07965099811553955,-0.0783931314945221,0.029896559193730354,
-0.0896182507276535,0.1285587102174759,0.2641197443008423,0.17157843708992004,
-0.048944439738988876,-0.09488266706466675,0.0029528611339628696,-0.05879199877381325,
-0.35777583718299866,-0.035989951342344284,-0.290254145860672,0.01563277095556259,
0.7377062439918518,0.3860119879245758,0.6520581245422363,0.16107481718063354,
2.459132194519043,2.9883787631988525,3.4611992835998535,2.6506733894348145,
3.3993778228759766,4.236513137817383,3.730865955352783,3.3022215366363525,
3.019068479537964,3.633826732635498,3.569878578186035,2.6121456623077393,
-0.19246520102024078,-0.10468178987503052,-0.1930117905139923,0.031041234731674194,
0.03138574957847595,0.14596128463745117,0.055825550109148026,-0.20022857189178467,
-0.1478804498910904,0.14300929009914398,0.11622703820466995,-0.11659729480743408,
0.008262276649475098,0.0975475013256073,-0.13562120497226715,-0.1162358745932579,
-0.3385261595249176,-0.4781254529953003,-0.6030665040016174,0.3936014473438263,
-1.7524213790893555,-2.2861008644104004,-1.7839282751083374,-2.2875425815582275,
-2.283146619796753,-2.489003896713257,-3.118074655532837,-3.0737552642822266,
-3.852585554122925,-3.000213861465454,-3.095205545425415,-3.384322166442871,
-0.08208180963993073,0.10997240245342255,-0.39239755272865295,-0.3159309923648834,
0.0443093404173851,-0.2209947556257248,-0.20741884410381317,-0.1361904740333557,
0.10603617876768112,0.03401172533631325,0.011885254643857479,-0.013221267610788345,
0.1907498836517334,0.1367514580488205,0.276195764541626,0.08912190049886703,
0.0942261815071106,1.1415348052978516,1.0904688835144043,1.4247163534164429,
1.9309560060501099,2.472508192062378,3.1672744750976562,2.8727917671203613,
2.5781877040863037,3.972529172897339,3.934691905975342,3.840951681137085,
2.6836516857147217,3.588416814804077,3.2571730613708496,2.9774909019470215,
0.045459914952516556,-0.11599746346473694,-0.07126711308956146,0.04615001380443573,
0.1320984661579132,0.13315828144550323,-0.13400688767433167,-0.22681355476379395,
-0.02552981488406658,-0.07236317545175552,-0.07907461374998093,0.346422404050827,
-0.08951681852340698,0.1596257984638214,-0.09113533049821854,-0.161601722240448,
0.5136350989341736,1.0906955003738403,1.0718098878860474,1.4522521495819092,
2.153204917907715,2.4047229290008545,2.7307732105255127,2.6339635848999023,
2.9616482257843018,4.173033237457275,4.109979629516602,3.753296375274658,
2.1591155529022217,3.585575819015503,4.0057172775268555,3.7090015411376953,
-0.15468567609786987,-0.1241193562746048,0.1711507886648178,-0.033523812890052795,
-0.2398594170808792,0.14184968173503876,-0.04604072496294975,-0.03044617362320423,
-0.21644502878189087,0.11336655169725418,-0.18646922707557678,-0.0010523475939407945,
-0.3008940815925598,0.10817103087902069,0.1342124342918396,-0.06029605492949486,
0.6258023977279663,0.8980746865272522,1.3770415782928467,1.6045541763305664,
2.106142520904541,2.2222814559936523,3.163209915161133,2.8697736263275146,
2.632033348083496,3.7548396587371826,3.885556697845459,3.417712450027466,
2.105816602706909,3.6983702182769775,3.7169532775878906,3.153120517730713,
-0.10683105140924454,0.10657396167516708,0.1077256128191948,-0.044246528297662735,
0.08339106291532516,-0.4133043885231018,0.11313917487859726,-0.17371754348278046,
-0.05429096519947052,0.0719648078083992,-0.23690268397331238,0.08012156933546066,
-0.12294536083936691,-0.08653625100851059,0.23792551457881927,0.029242713004350662,
0.5547963976860046,0.8694759011268616,1.4502004384994507,1.8331942558288574,
1.9985109567642212,2.219874620437622,2.7954466342926025,3.4460296630859375,
2.812788486480713,3.8066725730895996,4.570475101470947,4.1152143478393555,
2.0559470653533936,3.4191839694976807,3.358898162841797,3.7093265056610107,
-0.18446381390094757,-0.24861623346805573,-0.3535449206829071,-0.07554979622364044,
-0.06470893323421478,-0.07628200948238373,-0.09568727761507034,0.07224071025848389,
0.2965662479400635,-0.2092811018228531,0.0751047432422638,0.14335359632968903,
0.011540328152477741,-0.06830795109272003,0.056015610694885254,-0.10656201094388962,
0.1601998656988144,0.7041149139404297,1.2886929512023926,1.2818390130996704,
2.3078575134277344,2.484144449234009,3.205368757247925,2.6012918949127197,
2.4938645362854004,4.082796573638916,3.848905563354492,3.4734060764312744,
2.405695676803589,3.531202554702759,3.69254732131958,3.2811107635498047,
-0.03835152089595795,-0.021926237270236015,-0.09785288572311401,-0.19826456904411316,
-0.2961398959159851,0.007354637607932091,-0.1800762563943863,0.12034355103969574,
-0.08079606294631958,0.04200227931141853,-0.07447070628404617,0.11634130775928497,
0.012689989060163498,-0.27493196725845337,-0.03862161561846733,-0.010240193456411362,
-0.7228173613548279,-1.252307653427124,-1.0195921659469604,0.17440181970596313,
-1.973805546760559,-1.311558485031128,-1.0361965894699097,-0.6413039565086365,
-1.9411609172821045,-2.82709002494812,-2.33134126663208,-0.07239282876253128,
-2.3073668479919434,-2.4050440788269043,-2.401947498321533,-0.6317782402038574,
-0.37525036931037903,-0.11428794264793396,0.002470608102157712,-0.1597783863544464,
0.11744345724582672,-0.23904763162136078,-0.3275695741176605,0.2996852993965149,
0.06343215703964233,-0.09480845183134079,-0.29562434554100037,-0.07149709761142731,
0.05691052973270416,0.21405644714832306,-0.10585206001996994,0.10824784636497498,
0.10937642306089401,0.1453189104795456,0.9836347103118896,1.4958089590072632,
0.6988658905029297,1.2307090759277344,2.453852415084839,3.2663443088531494,
0.8121431469917297,1.3740249872207642,3.421854019165039,4.382221698760986,
1.9196528196334839,2.4603729248046875,4.1001667976379395,4.64448881149292,
0.0004974477924406528,0.2384766787290573,-0.0692550539970398,-0.030867308378219604,
-0.011403881944715977,0.05718357861042023,0.009711939841508865,0.1427101492881775,
0.08424438536167145,0.24074506759643555,0.25834906101226807,-0.22782093286514282,
-0.23423653841018677,0.09469565004110336,0.017824193462729454,0.03261594474315643,
-0.5235706567764282,-0.738810122013092,-1.3512721061706543,-1.1739088296890259,
-1.9902350902557373,-2.390958547592163,-1.944758653640747,-1.5189670324325562,
-2.146488666534424,-3.0264663696289062,-2.8681254386901855,-2.6291396617889404,
-2.3034675121307373,-2.3497252464294434,-2.490318775177002,-2.6402018070220947,
-0.06555451452732086,0.08221641182899475,0.1743842214345932,0.04473080113530159,
-0.12416836619377136,-0.09468783438205719,-0.26663076877593994,-0.41978931427001953,
-0.10343246161937714,0.021771499887108803,0.06577157229185104,-0.25502336025238037,
-0.03794962912797928,-0.2245676964521408,0.008660074323415756,-0.025259021669626236,
0.3645746111869812,0.22526639699935913,1.0513955354690552,1.2628659009933472,
1.7887003421783447,2.2433507442474365,2.1053900718688965,2.3386528491973877,
2.731327533721924,3.839992046356201,3.5871472358703613,2.9992754459381104,
3.8867239952087402,4.37885856628418,4.15110969543457,3.410878896713257,
0.18292351067066193,0.31937968730926514,0.16822272539138794,0.2643338739871979,
0.25581273436546326,0.03198251500725746,-0.02602267637848854,0.1882183849811554,
-0.10486334562301636,0.14807406067848206,-0.05398920550942421,0.24041081964969635,
-0.013960245996713638,-0.15142157673835754,-0.08584733307361603,0.11103476583957672,
0.3368634879589081,0.6271482110023499,0.887538492679596,1.567622184753418,
1.0345591306686401,1.6943069696426392,2.547093391418457,2.6245715618133545,
2.121098041534424,2.5538864135742188,3.517289400100708,4.2500457763671875,
2.5205178260803223,3.306699275970459,4.073241233825684,4.723011016845703,
0.07806916534900665,-0.05357711389660835,0.06383610516786575,-0.14173369109630585,
0.2978062927722931,0.1369686871767044,-0.3439444601535797,-0.3144729435443878,
0.021611100062727928,0.01209135539829731,-0.20109045505523682,-0.1871839016675949,
0.09172795712947845,0.16498351097106934,-0.21946436166763306,0.04018457978963852,
0.5004392266273499,0.9590075612068176,1.2342612743377686,1.8272056579589844,
1.945412516593933,2.1721391677856445,2.6739342212677,3.132779836654663,
2.2808573246002197,3.3950233459472656,4.171239852905273,4.0145697593688965,
2.654437303543091,4.097386360168457,3.707745313644409,3.9090380668640137,
-0.18693311512470245,-0.23298218846321106,0.14805012941360474,0.21271075308322906,
-0.22199296951293945,0.008943209424614906,0.13518472015857697,0.047423362731933594,
0.09270632266998291,0.32143014669418335,-0.044540371745824814,0.05464484915137291,
0.21373218297958374,0.10987778007984161,-0.25294187664985657,0.4318947196006775,
0.9264457821846008,1.044994831085205,1.6885744333267212,2.3182311058044434,
2.2594590187072754,2.1600098609924316,3.0027916431427,3.321436643600464,
2.8616695404052734,4.268289566040039,4.209087371826172,4.274128437042236,
2.8624935150146484,3.8083181381225586,3.781900644302368,3.879307746887207,
-0.056982338428497314,0.31770336627960205,0.08733401447534561,-0.04459922015666962,
-0.47734200954437256,0.03322261571884155,-0.06946209073066711,-0.07761051505804062,
0.33984291553497314,-0.2734878361225128,-0.15232796967029572,0.015596338547766209,
-0.2185429483652115,0.036643292754888535,0.002567529445514083,0.07255816459655762,
-0.7353091239929199,-1.1087346076965332,-0.5161060094833374,-0.7334811687469482,
-2.1006100177764893,-1.351572036743164,-1.0549927949905396,-0.06407633423805237,
-1.9837493896484375,-1.9755791425704956,-1.4495973587036133,0.9341200590133667,
-1.5589823722839355,-2.4992752075195312,-1.5458617210388184,0.8441417813301086,
-0.4143526256084442,-0.22347721457481384,-0.018681418150663376,-0.06009812280535698,
0.19518832862377167,0.23721469938755035,-0.08119036257266998,-0.07444893568754196,
0.06664329767227173,0.45301157236099243,0.2578991651535034,-0.014922273345291615,
-0.038667380809783936,-0.0038001942448318005,0.19063691794872284,-0.22757206857204437,
0.6199908256530762,0.9277932643890381,1.2066099643707275,1.884587049484253,
1.9440468549728394,1.9832959175109863,2.7609362602233887,3.0303730964660645,
2.5289359092712402,3.587916135787964,4.3905158042907715,3.9973599910736084,
2.475170135498047,3.5044384002685547,2.979530096054077,3.473900079727173,
-0.2180681973695755,0.33637410402297974,-0.08438776433467865,0.22305771708488464,
-0.10640629380941391,-0.33255425095558167,0.006315144710242748,0.16545447707176208,
0.172300323843956,0.16201429069042206,0.07990153133869171,-0.09723646938800812,
0.16300244629383087,-0.15972551703453064,0.18695835769176483,0.1053302064538002,
0.24394622445106506,0.5397276878356934,0.7385400533676147,1.450933575630188,
0.1495087891817093,1.4355137348175049,2.2036807537078857,2.2807083129882812,
0.5631706118583679,1.1708275079727173,2.1406214237213135,3.3241031169891357,
-1.8930184841156006,-1.0513345003128052,0.31008654832839966,0.9074726104736328,
-0.27499282360076904,-0.14445358514785767,0.014697838574647903,-0.21173587441444397,
0.25000396370887756,0.379750519990921,0.00837449450045824,-0.3274548053741455,
-0.08245410025119781,-0.2804316282272339,-0.020143108442425728,-0.07691661268472672,
0.23380325734615326,-0.019052203744649887,0.008594376035034657,0.11747615039348602,
0.6656302809715271,0.3137451112270355,1.0353410243988037,1.6952859163284302,
1.9475010633468628,1.5284110307693481,2.257258653640747,2.6884512901306152,
2.7561886310577393,3.421260118484497,3.642939805984497,4.0974297523498535,
2.907576560974121,3.5045766830444336,4.192428112030029,4.410965919494629,
-0.07706629484891891,0.28815725445747375,0.02124015986919403,0.04171265661716461,
0.06506803631782532,0.18478809297084808,0.0399140864610672,-0.28221985697746277,
-0.02745681442320347,-0.22776125371456146,0.13195383548736572,-0.2174706906080246,
0.12844380736351013,0.1700344681739807,-0.10472556948661804,0.03505013883113861,
0.7648983001708984,0.9727098345756531,0.5377473831176758,0.8965455889701843,
2.4602224826812744,2.4005191326141357,2.642479419708252,2.2763967514038086,
3.6662299633026123,4.9248762130737305,4.172631740570068,2.962608575820923,
3.9838194847106934,4.621610164642334,4.2788405418396,3.907517194747925,
-0.36751291155815125,0.17122478783130646,-0.18077461421489716,-0.2718227803707123,
-0.09118048846721649,0.0209259781986475,0.03519950062036514,-0.15558138489723206,
0.0746229812502861,0.0828244686126709,-0.20760567486286163,-0.05930700898170471,
-0.0890529677271843,-0.042648278176784515,0.03989333659410477,0.050740670412778854,
0.9631834030151367,0.7199121117591858,0.6466938853263855,-0.10541953146457672,
2.234663248062134,2.4729862213134766,2.0861339569091797,1.7088817358016968,
3.8947348594665527,5.126810073852539,3.7285878658294678,1.933894157409668,
4.566127777099609,4.572168827056885,3.992661714553833,2.3966002464294434,
0.001307889586314559,0.355122834444046,0.024282637983560562,-0.209461510181427,
-0.0777372494339943,-0.2527170181274414,0.001504862098954618,0.45417001843452454,
-0.05851920321583748,-0.06380021572113037,-0.06874004006385803,0.08275087177753448,
0.022064998745918274,-0.40132397413253784,0.1135488748550415,0.007799897342920303,
-0.22734083235263824,-0.6138051748275757,0.5433101058006287,-0.9487941861152649,
-1.6781787872314453,-2.060694694519043,-2.4387776851654053,-2.4310507774353027,
-1.8399027585983276,-2.5179481506347656,-2.7129175662994385,-2.637634754180908,
-0.35820263624191284,-1.0319743156433105,-0.8588958978652954,-1.1810269355773926,
-0.040121667087078094,0.15367573499679565,-0.17422564327716827,0.019973108544945717,
0.0653211921453476,0.016799574717879295,0.12111074477434158,-0.0028436945285648108,
-0.2443767786026001,0.09704332053661346,-0.25953376293182373,-0.07006455212831497,
0.07979744672775269,-0.01286657527089119,0.37623101472854614,0.006507541052997112,
-0.5421887040138245,-0.8714776635169983,-0.1536964476108551,1.0956847667694092,
-1.6487888097763062,-1.7892930507659912,-1.1587305068969727,-0.21871988475322723,
-1.629271388053894,-2.5842740535736084,-1.9270914793014526,0.28446608781814575,
-2.9165141582489014,-3.283601999282837,-2.0939154624938965,0.6352278590202332,
0.03424503654241562,0.008326706476509571,0.26408669352531433,0.26377907395362854,
-0.22195929288864136,0.1281442940235138,0.2294258177280426,-0.14841344952583313,
0.1318080872297287,-0.1443110853433609,-0.3215000033378601,-0.1349257230758667,
0.06306056678295135,-0.36372700333595276,-0.30066633224487305,0.012673156335949898,
0.1765066236257553,0.12491891533136368,1.0574523210525513,1.5758955478668213,
0.5562917590141296,1.6952369213104248,2.358809232711792,3.6266839504241943,
0.5302886366844177,1.0703619718551636,3.620941638946533,4.609797477722168,
-0.20394271612167358,0.3643268346786499,2.8883795738220215,4.2256903648376465,
-0.011042844504117966,0.1349903792142868,-0.32048311829566956,0.14643807709217072,
-0.05186957120895386,0.24721677601337433,-0.1997212916612625,-0.33334699273109436,
0.15499474108219147,0.20325009524822235,-0.05087786912918091,-0.1343790739774704,
-0.20475351810455322,0.04517008736729622,0.2514944076538086,0.16407187283039093,
0.2552436292171478,0.7959323525428772,0.8537748456001282,1.8680970668792725,
2.5411360263824463,2.3348746299743652,2.8527469635009766,2.311088800430298,
2.944045066833496,3.8186795711517334,4.259461402893066,4.173637866973877,
3.4611237049102783,3.806244373321533,3.688878059387207,3.897582769393921,
0.20859967172145844,-0.39424818754196167,-0.14909392595291138,0.10711217671632767,
-0.23224540054798126,0.1452556699514389,-0.13591478765010834,-0.005335437133908272,
0.15210992097854614,-0.10866396129131317,-0.17768190801143646,-0.13053584098815918,
-0.1006099209189415,0.10948290675878525,0.08969394117593765,-0.20951436460018158,
0.408279687166214,0.5850650668144226,0.9009159207344055,0.6979973316192627,
2.3549399375915527,2.651106595993042,2.984954595565796,2.216740369796753,
3.0611841678619385,3.9872636795043945,3.974667549133301,3.576620101928711,
2.35132098197937,3.5186550617218018,3.3541908264160156,3.45607328414917,
-0.23632940649986267,-0.08732844889163971,0.09024462848901749,0.0717424675822258,
-0.09769642353057861,-0.059043772518634796,0.18991254270076752,-0.2375684231519699,
-0.13590145111083984,0.008123774081468582,0.25163501501083374,-0.3178284168243408,
-0.15845833718776703,-0.010187745094299316,0.08945753425359726,-0.4915343225002289,
0.7795192003250122,0.7776840329170227,1.300139307975769,2.2345612049102783,
1.9301835298538208,2.7428109645843506,2.948061943054199,3.1520214080810547,
2.6748251914978027,4.111954212188721,4.12503719329834,2.851392984390259,
3.3179354667663574,3.6477835178375244,3.3378570079803467,4.4601969718933105,
-0.1607050597667694,0.34471964836120605,-0.059024062007665634,0.2723349928855896,
0.07036019116640091,-0.022433146834373474,-0.020648637786507607,-0.060037966817617416,
0.11295495182275772,-0.10901253670454025,0.2526351511478424,-0.022796297445893288,
0.16016097366809845,-0.24615874886512756,0.18919801712036133,0.21185781061649323,
0.1485467255115509,0.5689045190811157,1.014923334121704,1.5138574838638306,
1.5540640354156494,2.1373629570007324,2.7273058891296387,2.219374418258667,
2.9916486740112305,3.7565345764160156,3.992067813873291,3.3110649585723877,
3.165494680404663,3.625702381134033,4.463412761688232,3.520914316177368,
-0.2071405053138733,0.1201653853058815,0.33967164158821106,0.21243759989738464,
-0.2313082218170166,0.2042873352766037,-0.19537986814975739,0.08838021010160446,
0.020957643166184425,0.024066071957349777,-0.2674556076526642,0.28974008560180664,
0.004919552709907293,-0.08001095056533813,-0.10268913209438324,0.10008954256772995,
-1.0375772714614868,-0.9272480010986328,-1.3915586471557617,-2.881412982940674,
-2.2015035152435303,-2.339599847793579,-2.910388469696045,-3.4135618209838867,
-2.491481304168701,-2.8862335681915283,-3.2878828048706055,-3.3454442024230957,
-1.1327747106552124,-1.9522573947906494,-2.6821351051330566,-2.5399656295776367,
0.41276615858078003,-0.03570228070020676,0.2887539863586426,0.03322956711053848,
0.06222200393676758,-0.1358702927827835,0.09484481811523438,-0.07530056685209274,
0.0863199457526207,-0.24485723674297333,-0.2072121500968933,0.22551672160625458,
-0.10759318619966507,-0.5771774649620056,0.11520589888095856,-0.21268542110919952,
0.6519836783409119,1.1451257467269897,1.2583039999008179,1.3586580753326416,
2.062939167022705,2.578744411468506,3.0127944946289062,3.297818422317505,
3.065077066421509,4.215814590454102,3.9999399185180664,4.015318870544434,
2.3334553241729736,3.2767536640167236,3.488370418548584,3.384986400604248,
0.3977043628692627,-0.15397071838378906,-0.0352310985326767,0.21232712268829346,
0.05604231730103493,0.21075651049613953,-0.06323789805173874,-0.2619553208351135,
0.23865489661693573,-0.09532120823860168,-0.03505614027380943,-0.037607260048389435,
-0.1228562667965889,0.1052466630935669,-0.2377726435661316,0.06546200811862946,
-0.14370638132095337,-1.0214385986328125,-0.9032119512557983,-0.033703938126564026,
-1.8715462684631348,-1.7285159826278687,-2.1597440242767334,-2.001286745071411,
-2.578645944595337,-3.0214507579803467,-2.903292417526245,-2.248399257659912,
-2.9231083393096924,-2.960186719894409,-2.919316530227661,-1.8269600868225098,
-0.2277970314025879,0.12178061902523041,0.3789364993572235,-0.014904019422829151,
0.1340661346912384,-0.381266325712204,-0.20828720927238464,-0.06565473973751068,
-0.03550243005156517,0.26122134923934937,0.32308053970336914,0.09547024220228195,
-0.10999878495931625,-0.2550230324268341,-0.22728043794631958,-0.0729604959487915,
0.2533334493637085,0.14689844846725464,1.084183692932129,1.1713472604751587,
2.0237526893615723,1.7710189819335938,2.202580213546753,2.7883312702178955,
2.514309883117676,3.7408857345581055,3.6380090713500977,3.3329994678497314,
2.6889824867248535,3.5570223331451416,4.410137176513672,4.544612884521484,
-0.010323682799935341,-0.28948694467544556,-0.03901233524084091,-0.24659010767936707,
0.00264234421774745,0.1833401769399643,-0.15982908010482788,-0.05248852074146271,
0.1330631971359253,0.00017514507635496557,-0.11848609149456024,0.05849761888384819,
-0.07934324443340302,-0.22624917328357697,-0.12859323620796204,0.20903590321540833,
0.7952079176902771,0.3816052973270416,0.7900336384773254,0.5931641459465027,
2.3221194744110107,2.065873861312866,2.778834104537964,2.0591557025909424,
3.341266632080078,4.093970775604248,3.6951775550842285,3.1440529823303223,
3.7249369621276855,4.545854568481445,4.568353652954102,3.8164117336273193,

conv2_actor,conv2_actor.weight
-0.039810631424188614,-0.0073264287784695625,
-0.033669259399175644,-0.009024200960993767,
-0.011117909103631973,0.03234763815999031,
-0.002106450265273452,0.043685182929039,
-0.016059936955571175,-0.02646205946803093,
0.035967592149972916,0.0018741696840152144,
-0.02832876704633236,-0.02132413350045681,
0.003272315254434943,0.04578520730137825,
-0.030016371980309486,0.011479124426841736,
0.02605271339416504,0.01914396323263645,
-0.0037432063836604357,-0.015057695098221302,
-0.015552840195596218,0.021024972200393677,
-0.039249487221241,0.026021653786301613,
0.011616850271821022,-0.007061076816171408,
0.02626836486160755,-0.012909462675452232,
-0.01814214512705803,0.05608092620968819,
-0.005213751457631588,0.013461215421557426,
0.0055699944496154785,0.006277032196521759,
-0.017096886411309242,0.024328330531716347,
0.006171998102217913,-0.014699365012347698,
0.03152064234018326,0.029216891154646873,
-0.01669127307832241,-0.01372465118765831,
0.013943823985755444,-0.009433092549443245,
-0.008929295465350151,-0.0006785740260966122,
0.0012200153432786465,-0.009395996108651161,
0.012400883249938488,0.024299727752804756,
-0.018949421122670174,-0.011276527307927608,
0.00983861368149519,-0.02256976068019867,
0.05159926787018776,0.006674249656498432,
-0.038401857018470764,0.01829371601343155,
0.021707557141780853,0.01159469410777092,
-0.0034141798969358206,-0.006986269261687994,
-0.02167072333395481,-0.047584306448698044,
0.020038791000843048,-0.0007822114275768399,
-0.037398163229227066,0.0036312611773610115,
0.0053382194600999355,0.007857777178287506,
0.01737549714744091,-0.004125642590224743,
0.00682451156899333,0.03708358108997345,
-0.007125706411898136,0.016361096873879433,
0.011186067014932632,-0.011185603216290474,
0.0301485788077116,-0.015952808782458305,
0.00936504639685154,-0.018827326595783234,
0.001654955092817545,-0.005614813417196274,
0.027474863454699516,-0.017108609899878502,
-0.03654634207487106,0.0033356628846377134,
-0.024309132248163223,-0.0017820049542933702,
-0.018962981179356575,-0.02455783076584339,
0.003755869809538126,0.035839296877384186,
-0.011541016399860382,0.001765754888765514,
-0.017449846491217613,-0.05153457447886467,
-0.012333514168858528,0.028965121135115623,
0.010322808288037777,0.005887220613658428,
-0.002619487466290593,-0.006931040436029434,
0.02499205432832241,-0.0031557376496493816,
-0.01967528462409973,0.00833787303417921,
0.007308438420295715,0.02402462065219879,
0.015035854652523994,0.013975275680422783,
0.015148461796343327,-0.03435172885656357,
-0.0029192687943577766,-0.058301892131567,
0.000566043658182025,0.00886554829776287,
-0.007657655980437994,0.00886558648198843,
-0.035267360508441925,-0.007789087016135454,
-0.005380741320550442,0.0006883952300995588,
0.00039159320294857025,-0.038130443543195724,
-0.03212516009807587,-0.012451356276869774,
-0.005874948110431433,0.028912873938679695,
0.010536517016589642,-0.02470499463379383,
0.010278335772454739,0.019226178526878357,
0.0003909515216946602,-0.033184539526700974,
0.022753288969397545,-0.018273701891303062,
-0.00882759504020214,-0.0024448188487440348,
-0.001643284223973751,-0.004555411636829376,
0.03027207963168621,-0.008539384230971336,
0.00020215564290992916,-0.009094457142055035,
0.0009281451348215342,0.015424910932779312,
-0.005778708960860968,-0.0019558642525225878,
0.0056611960753798485,0.017336152493953705,
0.018714772537350655,0.048992834985256195,
0.010400732047855854,-0.024267733097076416,
0.0010357910068705678,0.0023259888403117657,
0.02274542674422264,-0.007526537403464317,
0.0350576676428318,-0.010732054710388184,
0.02753380872309208,-0.028331590816378593,
-0.01151704229414463,-0.022597678005695343,
0.00123081065248698,0.017179377377033234,
0.02801579423248768,0.023999623954296112,
0.04545833170413971,0.03928382694721222,
-0.03910815343260765,-0.023935286328196526,
-0.01249899435788393,0.023983897641301155,
0.04230308532714844,0.017271246761083603,
-0.005931661929935217,0.004061773419380188,
0.031400617212057114,0.04179295897483826,
-0.009471435099840164,-0.009354430250823498,
0.00045145786134526134,-0.020784428343176842,
-0.0035476041957736015,0.013669288717210293,
-0.04518571496009827,0.007484916597604752,
0.03176110237836838,0.0031054436694830656,
-0.00959452148526907,-0.003314057132229209,
0.015075995586812496,-0.02002851851284504,
0.01300901174545288,-0.006085076369345188,
0.012880171649158001,0.004400399047881365,
-0.002746189245954156,0.006029440555721521,
-0.042402878403663635,-0.04211386665701866,
-0.013597599230706692,0.022513162344694138,
-0.0068027665838599205,-0.003336901543661952,
-0.01585555262863636,0.0410350039601326,
-0.052393779158592224,-0.03199121356010437,
-0.0068809292279183865,0.018987158313393593,
0.018327433615922928,-0.002465195721015334,
0.0038892612792551517,-0.028761088848114014,
0.02923518419265747,0.0019264138536527753,
-0.011084169149398804,0.016539929434657097,
-0.0060597071424126625,-0.04380928725004196,
-0.016701435670256615,-0.016329698264598846,
0.005262474995106459,0.007965756580233574,
0.021875903010368347,0.0429656095802784,
-0.03235666826367378,-0.0074693853966891766,
0.024188660085201263,0.030554277822375298,
0.024720918387174606,0.01576991006731987,
-0.0065745459869503975,-0.0022970547433942556,
-0.013104138895869255,0.03569796308875084,
0.016529563814401627,0.0076760402880609035,
0.03319861367344856,0.03934763744473457,
-0.02694844640791416,0.024859033524990082,
0.020775558426976204,-0.007284305989742279,
-0.007780350744724274,-0.023315034806728363,
0.02375577576458454,0.00467945821583271,
0.025598296895623207,-0.019530504941940308,
0.01661514677107334,0.01600118726491928,
-0.0029060831293463707,0.01861964724957943,
-0.023357009515166283,0.04574396461248398,
0.04475441575050354,0.006519685965031385,
-0.04557933285832405,-0.004692931193858385,
-0.007199810817837715,0.008365766145288944,
-0.001183106447570026,0.009264159016311169,
-0.0035900184884667397,-0.015465468168258667,
0.009130426682531834,-0.004536773543804884,
0.020694011822342873,0.03891901299357414,
-0.028736423701047897,0.026549581438302994,
-0.008550390601158142,-0.013826467096805573,
-0.009614435955882072,0.016347669064998627,
0.003871024353429675,0.017865978181362152,
0.021684598177671432,0.032236937433481216,
-0.008688089437782764,0.013590076938271523,
-0.03572705388069153,0.02661982551217079,
-0.03751831874251366,0.04062764719128609,
0.0032410689163953066,0.008441385813057423,
0.023626400157809258,0.0018073738319799304,
-0.045203838497400284,-0.03480038419365883,
-0.0057993181981146336,0.034067776054143906,
-0.016446027904748917,-0.02539723552763462,
-0.022747647017240524,0.011452986858785152,
0.0227830708026886,-0.029337765648961067,
0.04471450299024582,-0.03817005455493927,
-0.008713573217391968,-0.01249388512223959,
-0.015181880444288254,-0.04441601410508156,
0.02178896591067314,0.0015674455789849162,
-0.012194281443953514,0.029136380180716515,
0.02445661462843418,0.0237997118383646,
-0.010140985250473022,0.013115450739860535,
-0.03626434877514839,-0.041455358266830444,
0.010271170176565647,-0.021184062585234642,
0.0035814985167235136,0.030005570501089096,
0.009948326274752617,0.007253861520439386,
-0.07617727667093277,0.012109432369470596,
0.042248260229825974,0.005766178015619516,
-0.008197748102247715,-0.00836765393614769,
-0.03656461462378502,-0.04043423384428024,
0.028286688029766083,0.05221303179860115,
-0.027797244489192963,0.0014235152630135417,
-0.006657182238996029,0.03061860054731369,
-0.004228090867400169,0.011017724871635437,
-0.023196566849946976,-0.006017439998686314,
-0.004127396270632744,0.015494351275265217,
-0.02183249220252037,-0.00015081475430633873,
-0.009759185835719109,-0.028672946617007256,
0.011404084973037243,0.02535993792116642,
-0.019936643540859222,0.011882777325809002,
-0.028597984462976456,-0.015033476054668427,
0.020629048347473145,-0.017271647229790688,
0.036238882690668106,-0.00026934329071082175,
0.008056825958192348,-0.027080504223704338,
-0.020663561299443245,-0.008882934227585793,
-0.011628558859229088,0.01383187249302864,
-0.029278941452503204,0.013897019438445568,
0.0067394510842859745,-0.040984682738780975,
0.0021398791577667,0.02336403727531433,
-0.0016733857337385416,-0.003641909221187234,
-0.012464090250432491,0.015444239601492882,
-0.011327835731208324,0.009114491753280163,
0.018212372437119484,-0.006805230863392353,
0.0024368027225136757,-0.024974413216114044,
0.004242346156388521,0.010162991471588612,
0.01231524720788002,0.018980035558342934,
0.02209249511361122,-0.025081904605031013,
0.04968183487653732,0.011633019894361496,
-0.011508450843393803,-0.00934743881225586,
0.03170965239405632,0.04340949282050133,
-0.009407633915543556,-0.012901246547698975,
-0.013233260251581669,-0.025195617228746414,
-0.005517618265002966,-0.015582403168082237,
0.013327561318874359,-0.011771752499043941,
0.015991536900401115,-0.013754933141171932,
-0.013773881830275059,-0.01874397136271,
-0.03684458136558533,-0.01131035853177309,
-0.00631978502497077,-0.024575121700763702,
-0.008308816701173782,0.022354617714881897,
-0.005545996129512787,0.012412275187671185,
-0.02402487024664879,-0.012365274131298065,
0.006908128969371319,0.00095903011970222,
-0.006695643998682499,0.058657169342041016,
0.016461176797747612,-0.03893835470080376,
-0.01876222901046276,-0.03300041705369949,
-0.00510444026440382,-0.019394634291529655,
-0.02969910018146038,-0.020531777292490005,
0.011410866864025593,-0.03969500586390495,
0.0022807810455560684,-0.013239873573184013,
0.05018099024891853,0.021661533042788506,
-0.002049795351922512,0.015448283404111862,
-0.0029746706131845713,-0.01443070825189352,
0.018463339656591415,-0.01202986016869545,
0.021343236789107323,-0.014801952056586742,
-0.0008041843539103866,-0.026933906599879265,
0.0446491539478302,-0.03257026895880699,
0.014939485117793083,0.0084956344217062,
-0.0005794912576675415,-0.0036030642222613096,
0.027741802856326103,0.014209503307938576,
-0.035122327506542206,0.020665587857365608,
0.027591703459620476,-0.015829304233193398,
0.019953159615397453,0.016935009509325027,
-0.016505708917975426,-0.0003760033578146249,
-0.026873847469687462,-0.005380966234952211,
0.03481020778417587,0.015070936642587185,
0.024643633514642715,-0.0032179541885852814,
0.006026199087500572,-0.008293353021144867,
0.02316228300333023,0.03802245482802391,
-0.004567030351608992,0.02331540174782276,
-0.008711147122085094,0.012410053983330727,
-0.013897472992539406,-0.015358353033661842,
-0.019458631053566933,0.01369655504822731,
0.025591043755412102,-0.004826292395591736,
0.03315909206867218,0.00921820942312479,
-0.0534457266330719,-0.04533133655786514,
-0.0135290352627635,-0.021578336134552956,
0.03058146871626377,0.024560444056987762,
-0.003933403175324202,0.014779255725443363,
-0.04808716103434563,0.030620811507105827,
-0.01271155383437872,0.005431740079075098,
-0.012464120052754879,-0.025796689093112946,
-0.0077973464503884315,0.00813075341284275,
-0.008372938260436058,0.001300038187764585,
0.006094735115766525,-0.04473908990621567,
0.02578415349125862,-0.017201201990246773,
-0.022832706570625305,-0.02058851532638073,
0.00891286600381136,0.0010464091319590807,
-0.028345946222543716,-0.030718950554728508,
0.009215030819177628,0.017549199983477592,
0.036698270589113235,0.003900259966030717,
0.005264763720333576,0.018592840060591698,
0.01248438935726881,0.007784701883792877,
-0.01934131607413292,-0.005760755389928818,
0.0028696698136627674,-0.02186804637312889,
-0.0529245026409626,-0.04006950184702873,
0.04570832476019859,-0.021882494911551476,
-0.011703950352966785,-0.01883368007838726,
0.013043152168393135,0.006476354319602251,
0.008091033436357975,-0.02415650524199009,
-0.01548484805971384,0.014274390414357185,
-0.0186621006578207,0.001533858827315271,
0.006518511101603508,-0.0015118083683773875,
0.015910737216472626,-0.02645498886704445,
0.013269317336380482,-0.007749020121991634,
0.00974943581968546,0.012657485902309418,
-0.0023393703158944845,0.03187505155801773,
0.039813634008169174,-0.00838729552924633,
-0.015735698863863945,0.0054060593247413635,
-0.01952655240893364,-0.02175961434841156,
0.005430270452052355,0.031740158796310425,
-0.041234955191612244,0.026049304753541946,
-0.026577625423669815,-0.026124371215701103,
0.005805091932415962,-0.010175042785704136,
0.03447354584932327,0.0044929999858140945,
0.007256778422743082,-0.025245940312743187,
-0.0014112567296251655,-0.011691774241626263,
0.016292521730065346,-0.0018105334602296352,
0.03303816169500351,-0.005392623133957386,
0.010083707980811596,0.02386084757745266,
-0.018033621832728386,0.00200659385882318,
-0.0008395449840463698,-0.0026351262349635363,
-0.02609476074576378,0.03440675884485245,
0.06295640766620636,0.002833970822393894,
-0.01201278530061245,-0.032958608120679855,
0.023522311821579933,0.030622240155935287,
-0.003965589217841625,0.019811658188700676,
0.018978264182806015,0.032809603959321976,
0.0100548155605793,0.024988749995827675,
-0.022565694525837898,0.03795478120446205,
-0.01697966828942299,0.03241722285747528,
-0.01774885505437851,0.013468431308865547,
-0.013621317222714424,0.005512626841664314,
-0.010002564638853073,-0.05533640831708908,
0.028648775070905685,0.030906450003385544,
0.01645684614777565,-0.0187367033213377,
0.01443528849631548,-0.0015857776161283255,
0.014092057012021542,-0.008425849489867687,
0.013895989395678043,0.012695918790996075,
-0.011058235540986061,-0.002028152346611023,
-0.011905557475984097,0.004681337624788284,
0.01221874263137579,0.054505784064531326,
0.02012954093515873,0.021932153031229973,
0.012729845941066742,0.018719930201768875,
-0.004668234847486019,0.0010544031392782927,
0.03141961991786957,-0.017277993261814117,
-0.02725176513195038,0.013835911639034748,
0.018081020563840866,-0.032721053808927536,
0.01270129531621933,-0.012118464335799217,
0.008608241565525532,0.021303286775946617,
-0.006066204980015755,0.025745686143636703,
-0.0017902033869177103,-0.001337219844572246,
-0.010794145055115223,0.0035914750769734383,
0.005878986790776253,0.02404996007680893,
0.015016165561974049,-0.017039034515619278,
0.025350648909807205,0.030645783990621567,
0.006495266687124968,0.03241771459579468,
-0.0026027464773505926,-0.009125052019953728,
-0.06605004519224167,-0.010099329985678196,
-0.03067425638437271,0.044254958629608154,
0.007854667492210865,0.0025462452322244644,
-0.029068369418382645,0.015503429807722569,
0.0009604539955034852,0.0012662180233746767,
0.008999546989798546,0.003318960778415203,
0.014156676828861237,0.0036378924269229174,
-0.00213811662979424,-0.0400080680847168,
-0.0029749784152954817,0.004398601595312357,
-0.024413110688328743,0.004884440451860428,
0.009946845471858978,-0.033861421048641205,
-0.006637827027589083,-0.05285372585058212,
0.004992465488612652,-0.031092654913663864,
0.02708222158253193,0.0038493643514811993,
0.010868558660149574,0.004106053151190281,
-0.0015108566731214523,-0.0026382477954030037,
-0.029633235186338425,-0.006801376584917307,
0.016736142337322235,-0.02607881836593151,
-0.03264208137989044,-0.006096205208450556,
0.005638600792735815,-0.006856459658592939,
-0.004863049369305372,0.02479713223874569,
0.034498874098062515,-0.034126099199056625,
-0.03168044611811638,0.014085529372096062,
-0.024407939985394478,0.018434008583426476,
-0.03415612503886223,-0.008311677724123001,
0.023952506482601166,-0.01881788857281208,
-0.04031703621149063,0.008550379425287247,
-0.02144661359488964,0.043508708477020264,
-0.003923072945326567,0.0008164347382262349,
-0.013484652154147625,0.016718769446015358,
0.022851135581731796,-0.01238212175667286,
-0.0033939091954380274,0.02164248377084732,
-0.05484192445874214,-0.02462783083319664,
-0.022938678041100502,0.008065867237746716,
0.02230815216898918,0.009349549189209938,
-0.04067857936024666,0.013199432753026485,
-0.008687525056302547,-0.03901634365320206,
-0.00585603853687644,-0.016755830496549606,
-0.018827607855200768,-0.022491512820124626,
0.023389514535665512,0.009348902851343155,
-0.021709496155381203,0.05269094184041023,
0.00706763518974185,-0.009243288077414036,
-0.015749182552099228,-0.054046545177698135,
0.0023305697832256556,0.047436513006687164,
0.04846357926726341,-0.0179308969527483,
0.026277586817741394,0.01153703685849905,
0.03189317137002945,0.016899364069104195,
0.013643590733408928,-0.03419065475463867,
0.013273651711642742,0.04163501784205437,
0.03912709280848503,-0.013716230168938637,
0.03240012750029564,-0.03461051359772682,
-0.005089265294373035,0.04273979738354683,
-0.03747351095080376,-0.007900988683104515,
0.009283955208957195,0.011757048778235912,
-0.058746401220560074,0.0019213889027014375,
-0.015270897187292576,0.022040175274014473,
0.04325530305504799,-0.008681432344019413,
0.014456369914114475,-0.004942942410707474,
-0.006405058316886425,0.018096422776579857,
-0.013787017203867435,-0.03595926612615585,
0.018989795818924904,-1.9263557987869717e-05,
0.0023967463057488203,0.04957488179206848,
-0.028420178219676018,-0.015421529300510883,
-0.011404059827327728,-0.011255371384322643,
-0.04050585627555847,0.00950254313647747,
-0.02202141098678112,-0.044204119592905045,
0.00933878868818283,-0.017040321603417397,
0.03787378594279289,-0.020074572414159775,
-0.003142782486975193,0.013260159641504288,
-0.022852012887597084,-0.014416937716305256,
-0.023498129099607468,0.0004901296342723072,
-0.01713472791016102,-0.060387976467609406,
-0.007820204831659794,0.026158612221479416,
0.0033818939700722694,0.03934009373188019,
0.002361198188737035,0.009069078601896763,
0.041721224784851074,0.038965702056884766,
0.026510028168559074,-0.03469817340373993,
0.01710505411028862,0.05390404164791107,
-0.010491134598851204,-0.06183396279811859,
-0.02330431528389454,-0.028842363506555557,
0.007390168029814959,-0.019832221791148186,
-0.04307215288281441,-0.015610241331160069,
0.010557190515100956,0.017117997631430626,
-0.025394339114427567,0.003519887337461114,
0.03961760550737381,0.0013291968498378992,
-0.016352199018001556,0.001746749971061945,
0.0386546328663826,0.0012016702676191926,
0.01437168288975954,-0.012768954038619995,
-0.017450977116823196,0.01176314428448677,
-0.012655679136514664,-0.04665862396359444,
0.016893437132239342,0.04279790446162224,
0.010288495570421219,-0.042263906449079514,
-0.004760814364999533,-0.03302515670657158,
-0.0010575008345767856,0.05898743122816086,
-0.05684545636177063,0.0016268546460196376,
0.0025442319456487894,-0.0069749318063259125,
0.0325753316283226,0.019694754853844643,
-0.02977740950882435,-0.018806217238307,
-0.034934014081954956,0.023026974871754646,
-0.0008344401139765978,0.021055258810520172,
0.04441848769783974,-0.011056235991418362,
0.04114639386534691,0.03725495934486389,
0.007638987619429827,-0.006798567250370979,
-0.018520938232541084,0.004544985480606556,
-0.028285162523388863,-0.009839472360908985,
0.004530637059360743,-0.030881138518452644,
0.013553216122090816,0.0039034346118569374,
0.05095673352479935,-0.02828320860862732,
-0.010083688423037529,-0.03850473463535309,
0.0003329898463562131,0.015057495795190334,
-0.02761673554778099,0.014647893607616425,
-0.016746465116739273,-0.021527841687202454,
-0.0245747622102499,-0.013977858237922192,
-0.005594379734247923,-0.028990479186177254,
-0.011119954288005829,0.008143896237015724,
0.028441354632377625,0.03122081235051155,
0.04774436354637146,0.02365901693701744,
0.023038459941744804,-0.0009653039160184562,
-0.012096984311938286,0.006200450472533703,
0.004549266770482063,-0.006906541995704174,
-0.001587978913448751,-0.01269332692027092,
0.0003880149160977453,-0.023203428834676743,
0.006980838254094124,-0.03261633217334747,
0.0016287429025396705,-0.00539384875446558,
-0.008950351737439632,0.022668268531560898,
0.027266725897789,0.0208083875477314,
-0.00013010574912186712,-0.020232459530234337,
-0.029593495652079582,-0.01777052879333496,
0.0044513000175356865,0.020482733845710754,
-0.034528832882642746,0.02706456370651722,
0.020114703103899956,0.016899090260267258,
-0.02396829053759575,0.004915979690849781,
0.002229026984423399,0.001242350903339684,
0.015055098570883274,0.0050072139129042625,
0.023714451119303703,0.023266643285751343,
0.026128722354769707,0.016036035493016243,
-0.024477683007717133,0.010676785372197628,
-0.02225663512945175,0.021655282005667686,
-4.055400950164767e-06,-0.02106459066271782,
-0.012751885689795017,0.04642133787274361,
0.007252180483192205,0.016360221430659294,
0.023641012609004974,0.005951476749032736,
-0.00993388518691063,-0.0063456459902226925,
0.006120631005614996,-0.049076616764068604,
-0.001736186328344047,0.017012199386954308,
0.027863558381795883,-0.019035816192626953,
0.031962793320417404,-0.025093110278248787,
-0.02270645834505558,-0.03139152377843857,
0.0016816429561004043,0.012059814296662807,
-0.008809655904769897,0.01017819531261921,
-0.01953737623989582,0.021919742226600647,
-0.005509893875569105,-0.01717262901365757,
-0.04232323169708252,0.008438106626272202,
1.1738293324015103e-05,-0.0041211755014956,
-0.002994310576468706,1.4883096810081042e-05,
0.019726328551769257,-0.008250382728874683,
0.016078568994998932,0.01061620470136404,
-0.004719009157270193,0.026937901973724365,
0.00041335661080665886,0.04065350815653801,
0.0005891923792660236,0.01070560421794653,
0.013870825059711933,-0.011948156170547009,
-0.02059621922671795,0.040449611842632294,
-0.005579641554504633,-0.001390194403938949,
0.016368141397833824,-0.04593454301357269,
0.03237109258770943,0.009836419485509396,
-0.02982904389500618,0.01874702051281929,
0.03599100187420845,0.00638842536136508,
0.0006755150388926268,-0.01622978039085865,
0.03575214743614197,0.006990325171500444,
-0.002937477547675371,-0.003980851266533136,
-0.012335531413555145,-0.014468157663941383,
0.0124185960739851,0.013741154223680496,
-0.012893129140138626,-0.0019506894750520587,
0.027681022882461548,0.018613599240779877,
-0.01481081172823906,0.011107275262475014,
-0.026881715282797813,0.027960162609815598,
-0.0579591803252697,0.024774586781859398,
-0.014905020594596863,-0.012953654862940311,
0.028365187346935272,0.0007447979296557605,
0.01545210275799036,-0.00553011754527688,
0.004643232561647892,0.009223821572959423,
-0.009637968614697456,-0.0363180972635746,
-0.0071416087448596954,0.011025073006749153,
-0.018914833664894104,-0.03277549147605896,
0.04858371615409851,0.02351333200931549,
0.02655060403048992,0.016270214691758156,
-0.030898796394467354,-0.008166760206222534,
-0.024814754724502563,0.0003737959486898035,
0.0002929208567366004,0.0008839137153699994,
-0.009686884470283985,-0.0087026571854949,
0.017977595329284668,-0.05991329997777939,
0.007667264901101589,0.019278965890407562,
0.026263197883963585,0.029668178409337997,
0.003434001002460718,-0.01264551654458046,
-0.009226853027939796,0.024141691625118256,
0.03773098438978195,0.00026229250943288207,
-0.0031979908235371113,-0.0028200787492096424,
0.017332756891846657,-0.04133208468556404,
-0.01625567302107811,-0.007993246428668499,
0.048630598932504654,-0.0027032990474253893,
-0.006824847776442766,-0.006674850359559059,
-0.010989375412464142,0.005581048782914877,
0.026706980541348457,-0.02239306829869747,
-0.020699799060821533,0.016068289056420326,
-0.021760473027825356,-0.011433142237365246,
0.00043598510092124343,0.017266111448407173,
0.04376330226659775,-0.0133202588185668,
-0.031428057700395584,-0.01344213541597128,
-0.02081075869500637,-0.006139629986137152,
0.03568672016263008,-0.015009811148047447,
0.017982492223381996,0.03093368373811245,
-0.0033245082013309,-0.0041270628571510315,
-0.0051973480731248856,0.0008116987301036716,
-0.009038061834871769,-0.005803028121590614,
0.033001165837049484,-0.027450542896986008,
0.0095341382548213,0.004994701594114304,
0.007303829304873943,0.014992941170930862,
-0.017523618414998055,0.0006335510988719761,
0.009662586264312267,-0.025875475257635117,
0.0008021966787055135,-0.016009515151381493,
0.012696853838860989,0.010179780423641205,
-0.023290511220693588,0.016724273562431335,
0.009472283534705639,-0.02148441970348358,
-0.001245994819328189,-0.013784398324787617,
0.040201716125011444,0.0035280389711260796,
-0.007956702262163162,0.020075811073184013,
-0.03107832744717598,0.01192728616297245,
0.012439890764653683,0.016439268365502357,
0.012512325309216976,0.0016879504546523094,
0.00013556034537032247,0.006466171238571405,
0.0037599222268909216,-0.024774538353085518,
0.007147026713937521,-0.009563464671373367,
-0.003662199480459094,-0.026727091521024704,
0.013522605411708355,0.03542296215891838,
0.03862636163830757,0.030484972521662712,
-0.005552548915147781,-0.00010405554348835722,
0.022104868665337563,-0.04132130369544029,
-0.0063049630261957645,0.017230331897735596,
0.02976078726351261,0.01430905144661665,
-0.01638883724808693,0.03342650085687637,
-0.020310144871473312,0.04425903037190437,
-0.025891751050949097,-0.00742740323767066,
0.052450329065322876,-0.007788829039782286,
0.009929350577294827,-0.006067521404474974,
-0.013127697631716728,-0.006409686524420977,
-0.021451622247695923,0.006879741791635752,
0.0437629409134388,0.012933531776070595,
0.05454779788851738,-0.006384395062923431,
-0.004322480875998735,0.03870336338877678,
-0.02422129549086094,0.020726801827549934,
-0.006106777116656303,-0.0006609795964322984,
-0.04847302287817001,-0.0021620914340019226,
-0.03861824795603752,-0.02058745175600052,
0.00897943414747715,-0.009812585078179836,
0.05212586745619774,-0.005951637867838144,
-0.016906630247831345,0.0032286338973790407,
-0.025334011763334274,0.013591056689620018,
0.007126792799681425,0.010352595709264278,
0.0045120385475456715,0.01793278008699417,
-0.010286844335496426,0.028394797816872597,
0.022571777924895287,0.0038871411234140396,
-0.024043535813689232,-0.04570995271205902,
-0.02139344811439514,0.020697982981801033,
0.018392136320471764,-0.005239090416580439,
-0.0147892776876688,-0.01743101142346859,
0.007979190908372402,0.012919369153678417,
0.005517583806067705,0.01803933084011078,
0.008066152222454548,-0.0199971254914999,
0.04618297144770622,0.038233742117881775,
0.009900065138936043,0.012028003111481667,
0.0016453007701784372,0.03947405517101288,
-0.04314824938774109,0.0052256458438932896,
-0.014323428273200989,0.01686870865523815,
0.0051023028790950775,0.01787021942436695,
-0.038308773189783096,0.0031343414448201656,
0.033266566693782806,0.024751940742135048,
-0.017124490812420845,0.038120146840810776,
0.015620455145835876,-0.020048120990395546,
-0.031156182289123535,0.022813109681010246,
0.0096651716157794,-0.0036352493334561586,
-0.007200648542493582,0.005688808858394623,
0.03907832130789757,0.014185741543769836,
-0.04908474162220955,-0.012432262301445007,
0.059361860156059265,0.040841054171323776,
0.0023093135096132755,-0.014487973414361477,
0.023413151502609253,0.04013320431113243,
0.005503683816641569,0.0009051397792063653,
0.0008982852450571954,0.01818994991481304,
0.0012547899968922138,0.02491721138358116,
-0.0014570443890988827,0.01282155979424715,
-0.026620695367455482,0.04462794214487076,
0.014254054985940456,0.022053329274058342,
-0.002559064654633403,-0.03960997238755226,
0.0036776307970285416,0.0036755288019776344,
0.00017526402371004224,-0.011577844619750977,
0.017439542338252068,0.019358020275831223,
0.007669379003345966,-0.01917695440351963,
0.01985817775130272,-0.020550474524497986,
0.05001475289463997,-0.013015883974730968,
-0.007260449230670929,0.031396832317113876,
0.012657208368182182,0.016707153990864754,
-0.019499048590660095,-0.007989480160176754,
0.03299902752041817,0.012798741459846497,
0.00810179952532053,0.013933089561760426,
0.023905985057353973,-0.008084926754236221,
-0.02498137392103672,-0.002061378676444292,
-0.015610674396157265,0.035754844546318054,
0.028213689103722572,0.00413900101557374,
0.011516578495502472,-0.03467575088143349,
0.017018888145685196,0.02206236869096756,
-0.018072053790092468,-8.942832937464118e-05,
0.03755524754524231,-0.052009422332048416,
-0.0034790949430316687,-4.186306796327699e-06,
-0.00978543795645237,-0.026143698021769524,
0.007461346220225096,-9.078902075998485e-05,
-0.02193118818104267,-0.015402808785438538,
-0.02255387417972088,-0.003443727735430002,
-0.015896670520305634,0.03763803467154503,
0.023747513070702553,-0.013294268399477005,
0.01277342438697815,0.05412095785140991,
-0.02959323301911354,0.02914544567465782,
0.019655972719192505,0.05458935722708702,
-0.001957910368219018,-0.008728700689971447,
0.025953659787774086,-0.004848001059144735,
-0.011869125068187714,-0.002853507176041603,
-0.008447103202342987,0.01869834028184414,
-0.01406104490160942,-0.011859468184411526,
0.008344903588294983,0.008563254959881306,
-0.017285574227571487,0.017227254807949066,
0.008107315748929977,-0.017659097909927368,
-0.007565140724182129,0.03219287097454071,
-0.010866607539355755,0.03445814549922943,
0.026288878172636032,-0.012407342903316021,
-0.026280762627720833,-0.0035693973768502474,
-0.02554997056722641,0.01285593956708908,
0.00794393103569746,-0.034716300666332245,
0.0038736104033887386,-0.011819622479379177,
-0.009451989084482193,-0.044317226856946945,
-0.004278657492250204,-0.017742183059453964,
-0.011171734891831875,0.027552830055356026,
-0.03689245507121086,-0.004258057568222284,
0.0004805434728041291,-0.00960819236934185,
-0.003637501737102866,-0.010587153024971485,
0.037032417953014374,0.007842687889933586,
0.003103202674537897,0.0031194400507956743,
-0.03887059912085533,-0.004395042080432177,
-0.004202755633741617,-0.02804088033735752,
-0.032051101326942444,-0.004860853776335716,
0.031203418970108032,0.003546925028786063,
0.023310061544179916,-0.026580683887004852,
-0.004029620438814163,-0.0043966579250991344,
-0.010296989232301712,-0.02198699675500393,
0.004471151623874903,-0.001117835403420031,
0.057475075125694275,-0.00374442245811224,
0.02869679220020771,0.011848391965031624,
0.02589442767202854,0.028200916945934296,
0.019852926954627037,0.01054933201521635,
0.012745456770062447,-0.006602792534977198,
-0.029293332248926163,0.00020528676395770162,
0.009507600218057632,-0.01889476366341114,
0.02689245529472828,-0.011700577102601528,
-0.010186375118792057,0.01226486824452877,
-0.019586477428674698,0.003191697411239147,
-0.00960427988320589,0.004198186099529266,
0.010577266104519367,0.04781600832939148,
-0.0017881473759189248,-0.00681671779602766,
0.042500101029872894,-0.0012283528922125697,
0.011656706221401691,0.026832198724150658,
-0.007497058250010014,-0.03724110871553421,
0.05003643035888672,0.0304160974919796,
0.0057578119449317455,0.008641159161925316,
-0.01075829565525055,-0.03250967338681221,
0.0026303166523575783,-0.00038378898170776665,
0.006420376244932413,0.013994764536619186,
-0.00406428100541234,-0.018188796937465668,
0.0015915603144094348,-0.01966908760368824,
0.031767766922712326,0.024608498439192772,
-0.011785978451371193,0.009884471073746681,
-0.00643433490768075,0.024166399613022804,
0.003518296405673027,-0.015484310686588287,
0.024597443640232086,-0.007380910683423281,
-0.01678340882062912,-0.020887203514575958,
0.02228149212896824,0.018715480342507362,
0.05248687043786049,-0.002447057282552123,
-0.003010604763403535,-0.0063380589708685875,
0.02349858731031418,0.022434886544942856,
-0.02588493935763836,-0.005729666445404291,
-0.014033623039722443,-0.008027644827961922,
-0.0012778511736541986,0.04818315804004669,
-0.006371477153152227,0.011786489747464657,
-0.0075269462540745735,0.011887706816196442,
0.02638886868953705,-0.0018508121138438582,
-0.0005811407463625073,0.002965124323964119,
-0.002647980349138379,-0.022515419870615005,
0.01116853579878807,0.033164311200380325,
0.017029695212841034,-0.016369502991437912,
-0.04375005513429642,0.003259369870647788,
-0.0016754609532654285,0.013417795300483704,
0.0111471526324749,0.014108147472143173,
0.020297208800911903,0.052218399941921234,
-7.41462063160725e-05,-0.02970556542277336,
0.02028854936361313,-0.028744816780090332,
-0.03520794212818146,0.02371036820113659,
-0.0055510783568024635,-0.01068789791315794,
-0.001454995246604085,0.002955166157335043,
-0.005549595225602388,-0.007691121194511652,
0.01792646385729313,0.018615446984767914,
0.007038786541670561,0.005321981385350227,
0.0006071637035347521,0.002077809302136302,
-0.03313502296805382,0.0021855286322534084,
-0.012959255836904049,-0.035552673041820526,
-0.010763369500637054,-0.012393551878631115,
-0.008132210932672024,0.028982706367969513,
0.007541626691818237,-0.01521711703389883,
0.00589497247710824,0.02052849344909191,
-0.010111096315085888,0.0031958315521478653,
-0.00661238981410861,0.017265746369957924,
0.01987820863723755,0.005988008342683315,
0.03194928541779518,0.004941453691571951,
-0.001498440746217966,0.027905721217393875,
0.005276476498693228,-0.025088554248213768,
-0.022302376106381416,0.0067867981269955635,
0.006355110555887222,0.004584525711834431,
0.013045860454440117,-0.004986367654055357,
-0.00013213032798375934,-0.008273739367723465,
-0.018457848578691483,-0.008224310353398323,
-0.0006354691577143967,0.0012342854170128703,
0.031885553151369095,-0.005047659855335951,
-0.047766029834747314,-0.016825424507260323,
-0.04668430984020233,0.02499994821846485,
-0.001921753166243434,0.015303565189242363,
0.06162505969405174,-0.024803588166832924,
-0.004726697690784931,-0.030919836834073067,
-0.0014440668746829033,0.004066000692546368,
0.022006066516041756,-0.002413822105154395,
0.0013928139815106988,-0.02786589227616787,
-0.01151113212108612,0.0005714988219551742,
0.010869912803173065,0.007921035401523113,
-0.029305024072527885,-0.019039783626794815,
0.0011427755234763026,-0.0073315417394042015,
-0.02044850029051304,-0.005042343400418758,
-0.024799784645438194,-0.015065996907651424,
-0.006243848241865635,-0.020001249387860298,
-0.019947221502661705,0.0037862241733819246,
0.02119303122162819,-0.01064240001142025,
-0.011626467108726501,0.00821133516728878,
-0.025763383135199547,-0.024440526962280273,
-0.017210911959409714,-0.004223871976137161,
0.01581941917538643,0.0394575260579586,
-0.031036214902997017,-0.005596637725830078,
0.0464097261428833,-0.006357444915920496,
0.01815834268927574,0.00470637995749712,
-0.021512897685170174,0.002899029990658164,
-0.07732885330915451,-0.0072155180387198925,
-0.0016930940328165889,0.0013286663452163339,
0.052367400377988815,0.01326980721205473,
0.009760679677128792,0.022777443751692772,
-0.021244751289486885,0.029299452900886536,
-0.027500582858920097,0.013979440554976463,
0.016621766611933708,0.016355859115719795,
-0.025925131514668465,0.018138404935598373,
-0.007592240814119577,-0.0028566885739564896,
0.02619951032102108,0.014164642430841923,
0.01173945888876915,0.034089088439941406,
-0.03583090007305145,0.018554050475358963,
-0.018901299685239792,0.00298558222129941,
-0.004433068912476301,-0.057694628834724426,
-0.0052701449021697044,-0.020790299400687218,
-0.02151971124112606,0.014608541503548622,
0.0031904508359730244,-0.0018602852942422032,
-0.013737019151449203,-0.011526471003890038,
-0.0487525537610054,0.012123163789510727,
-0.02137920632958412,-0.009052813984453678,
0.0322195328772068,-0.004261032212525606,
0.0045567168854177,0.022320233285427094,
0.006312182638794184,-0.029332667589187622,
0.04524213448166847,0.016898291185498238,
-0.044677380472421646,0.0019784572068601847,
0.02261531911790371,-0.0006686737178824842,
0.010748621076345444,0.010473759844899178,
0.016572853550314903,-0.03180190548300743,
-0.04202265292406082,0.016280241310596466,
0.022852402180433273,0.019868459552526474,
-0.011001575738191605,0.0026856032200157642,
-0.021804511547088623,0.018191903829574585,
-0.006142957601696253,-0.023645875975489616,
-0.0024857877288013697,0.0016652359627187252,
0.03189307451248169,0.0006683214451186359,
0.03276175633072853,-0.02840755321085453,
-0.01481321919709444,0.014927756041288376,
0.022304754704236984,0.02684766799211502,
0.003368578152731061,-0.0059164646081626415,
0.005717452149838209,0.01768309623003006,
0.010514792986214161,-0.011243335902690887,
-0.022015435621142387,0.0033687350805848837,
0.022413216531276703,-0.01203770563006401,
-0.011137379333376884,-0.018961472436785698,
0.008478334173560143,0.036159101873636246,
0.010440838523209095,-0.0032265775371342897,
-0.007978147827088833,0.02950693666934967,
-0.05136769264936447,0.045441046357154846,
0.006954964715987444,0.005577661097049713,
0.022747032344341278,-0.006258122622966766,
0.008336128666996956,-0.02775770239531994,
-0.011622500605881214,-0.004791018087416887,
0.02495027706027031,-0.002727997489273548,
-0.041711267083883286,0.019549762830138206,
0.017604826018214226,0.0048940423876047134,
0.013314947485923767,0.015945496037602425,
0.032873112708330154,0.018628688529133797,
-0.03686962649226189,-0.002493063686415553,
0.012791636399924755,0.0022224579006433487,
0.020740855485200882,0.017811879515647888,
-0.0070263990201056,0.04014672338962555,
0.025799354538321495,-0.04414679855108261,
-0.022714532911777496,-0.04002022743225098,
0.01319031324237585,0.035007067024707794,
0.009033958427608013,-0.04093091934919357,
-0.001994645455852151,-0.019665319472551346,
0.01427592895925045,0.003972911275923252,
0.018083257600665092,0.007574487943202257,
0.004891830030828714,0.005100577138364315,
-0.01943209581077099,0.024286627769470215,
-0.020687300711870193,0.010860227979719639,
-0.012462115846574306,-0.03095814771950245,
-0.007320125587284565,0.003479993436485529,
-0.0278070867061615,0.003929429221898317,
0.017811013385653496,0.012985997833311558,
-0.014298642985522747,-0.0012870223727077246,
0.007358218543231487,-0.0016992524033412337,
0.01502774003893137,0.0020754183642566204,
0.017291972413659096,-0.012559643015265465,
-0.0018058924470096827,-0.03175890073180199,
-0.005535413045436144,0.010898981243371964,
-0.004734380636364222,-0.023456303402781487,
-0.001742375548928976,0.027956541627645493,
0.012709172442555428,-0.03410964459180832,
-0.031234797090291977,-0.01730968803167343,
0.03180471807718277,-0.023513389751315117,
0.029509294778108597,-0.034016627818346024,
0.0036817302461713552,-0.012864531949162483,
0.005872001405805349,0.03303638473153114,
0.02204854041337967,0.03770271688699722,
-0.001269500469788909,-0.009859212674200535,
0.011373152956366539,0.010376294143497944,
-0.001263320678845048,0.005525659304112196,
-0.026906147599220276,0.03406459838151932,
0.043001994490623474,-0.004827057011425495,
-0.010559584014117718,-0.024854004383087158,
-0.01173857320100069,0.011304708197712898,
0.005202610045671463,0.017880655825138092,
-0.03552985191345215,0.0023067607544362545,
0.018812056630849838,0.006343735381960869,
0.014803828671574593,-0.0077758654952049255,
-0.011126338504254818,0.005490850657224655,
-0.016088321805000305,-0.04589702561497688,
-0.026479313150048256,0.03464854136109352,
-0.0009326952276751399,-0.024058109149336815,
-0.002342452062293887,0.031532157212495804,
-0.03266211971640587,0.0010387562215328217,
0.02417648769915104,-0.02748728170990944,
-0.004193219821900129,-0.01857493817806244,
0.02839670516550541,-0.00991271622478962,
0.006673825439065695,-0.01189088262617588,
-0.0051482319831848145,-0.020065078511834145,
0.004891748074442148,-0.006572455167770386,
0.007932102307677269,0.006566500756889582,
0.0296886395663023,0.022313226014375687,
0.006807648576796055,-0.040688686072826385,
0.011109476909041405,0.046442076563835144,
0.003217254299670458,0.021721743047237396,
0.01157110184431076,-0.028380872681736946,
0.010651547461748123,-0.010781588964164257,
-0.00010597307118587196,0.014915539883077145,
-0.03203309699892998,0.017919326201081276,
0.023496113717556,-0.01931125484406948,
0.0067108431831002235,-0.024228684604167938,
0.0005876705981791019,-0.003940870985388756,
0.004502481780946255,-0.03698159381747246,
0.007824929431080818,0.017832819372415543,
-0.032931119203567505,0.006738911382853985,
-0.0217642392963171,0.053212061524391174,
-0.020680300891399384,-0.0031681328546255827,
0.005958729889243841,-0.009546512737870216,
0.02588622458279133,-0.030891239643096924,
0.03736953064799309,-0.014153111726045609,
-0.013979499228298664,-0.022206252440810204,
-0.010420755483210087,0.009977947920560837,
-0.02952498570084572,-0.03110456094145775,
-0.015021326020359993,0.002810190198943019,
0.00441539054736495,0.004118009936064482,
0.005219565704464912,-0.003828702960163355,
0.01556871086359024,-0.006575107108801603,
-0.05742110684514046,0.026959223672747612,
0.00029129881295375526,-0.032203853130340576,
0.018036143854260445,-0.02665667235851288,
-0.0035597437527030706,0.012101907283067703,
0.007347986102104187,0.003810189664363861,
0.035400375723838806,-0.017555534839630127,
-0.028544440865516663,-0.04137581214308739,
0.03138389810919762,-0.021878259256482124,
0.019886629655957222,0.008767139166593552,
-0.00015238932974170893,-0.000499239657074213,
0.012888236902654171,0.031134717166423798,
-0.029858486726880074,-0.0016019167378544807,
-0.003925643861293793,0.01346710417419672,
-0.0018478671554476023,-0.004189406521618366,
0.026724351570010185,-0.0376376137137413,
0.001551399938762188,0.004372650757431984,
-0.02086057886481285,-0.002061758190393448,
-0.003000486409291625,0.017636733129620552,
-0.0011301544727757573,0.012358734384179115,
0.009387330152094364,0.025367533788084984,
-0.0011467442382127047,0.006714817136526108,
-0.011993384920060635,0.005666771903634071,
-0.013319378718733788,0.005984161049127579,
-0.01242051925510168,-0.022760290652513504,
0.021418854594230652,0.01955149695277214,
-0.0015344645362347364,-0.01787184737622738,
-0.033591218292713165,-0.0397762805223465,
0.047400303184986115,0.0393349789083004,
0.009115847758948803,-0.05370182916522026,
0.026880303397774696,-0.015275818295776844,
0.008067053742706776,0.026068750768899918,
-0.006057336460798979,-0.0007709602359682322,
0.001040684524923563,0.023358957841992378,
-0.005447028670459986,0.026247426867485046,
-0.009746707044541836,-0.010746778920292854,
-0.02125667594373226,0.010321153327822685,
-0.003918628674000502,-0.0031572296284139156,
0.023612573742866516,-0.05138365179300308,
-0.013292806223034859,0.0020793515723198652,
0.03483046218752861,-0.01599976420402527,
-0.02304142899811268,-0.05478191375732422,
0.010073237121105194,0.0009094073320738971,
0.036582134664058685,0.045646119862794876,
-0.020771080628037453,0.011791477911174297,
-0.006152622401714325,-0.02375302091240883,
-0.012566613033413887,0.02128547430038452,
-0.0038705365732312202,-0.016601568087935448,
0.0011287457309663296,0.02164493128657341,
-0.06380118429660797,-0.011876009404659271,
0.013816355727612972,0.010382133536040783,
-0.01861373335123062,0.012056445702910423,
0.014538098126649857,-0.00798125471919775,
0.03455936536192894,0.02060486376285553,
-0.014755547046661377,0.021910693496465683,
-0.007832357659935951,-0.011872375383973122,
0.004806815646588802,0.0012117107398808002,
0.008663025684654713,-0.0047296625562012196,
0.0005610762746073306,0.050251781940460205,
-0.019317403435707092,-0.009327324107289314,
-0.005604221485555172,-0.002186347497627139,
0.008187481202185154,-0.014081539586186409,
0.041967011988162994,-0.046952374279499054,
0.040368594229221344,-0.005118899513036013,
0.014981220476329327,-0.02003195881843567,
0.023823674768209457,0.030491240322589874,
-0.049922626465559006,-0.04268646612763405,
0.004382259212434292,-0.023323796689510345,
0.02789824642241001,0.02421966753900051,
0.014856739901006222,0.03562058135867119,
0.029993943870067596,-0.007464924361556768,
0.0174814872443676,-0.021051734685897827,
-0.04080171883106232,-0.008601786568760872,
0.028844840824604034,-0.014352998696267605,
0.022960996255278587,-0.0015790235484018922,
-0.002314959652721882,0.016961397603154182,
-0.019181476905941963,0.010448213666677475,
-0.006472871173173189,-0.015975939109921455,
-0.03422932326793671,0.025074683129787445,
-0.02482358179986477,-0.017463458701968193,
-0.0006710202433168888,0.02561320923268795,
0.013901964761316776,-0.039600081741809845,
-0.023439493030309677,-0.014240073971450329,
-0.03423032909631729,0.015252616256475449,
-0.013151208870112896,0.02018108405172825,
0.06764395534992218,0.0018012122018262744,
-0.05911530554294586,0.00968072097748518,
0.00829338375478983,0.008874381892383099,
-0.006907371338456869,-0.020719343796372414,
0.030771777033805847,-0.01035753358155489,
0.038736071437597275,0.028374208137392998,
0.008724459446966648,-0.031689126044511795,
-0.01325949840247631,0.023391835391521454,
0.05799487978219986,0.003917146939784288,
-0.0317058302462101,0.01490002404898405,
0.011754149571061134,0.019558275118470192,
0.01542708557099104,0.007580349687486887,
0.009660430252552032,0.056567803025245667,
0.025734741240739822,-0.017614390701055527,
0.003605053760111332,0.0227665938436985,
0.016489923000335693,0.017020897939801216,
0.0007014729781076312,-0.0059713339433074,
-0.001260968390852213,0.029557839035987854,
-0.005183551460504532,-0.0023678368888795376,
0.005327747669070959,0.0678122267127037,
0.001926305703818798,0.000881505839060992,
-0.014437361620366573,-0.009199059568345547,
0.0030220153275877237,0.022152485325932503,
-0.03380895406007767,0.002280909102410078,
0.01252488698810339,-0.03936586529016495,
0.01891719177365303,0.011201153509318829,
0.021257326006889343,-0.013802374713122845,
-0.06233488395810127,0.0304497592151165,
0.014703362248837948,0.0011524023720994592,
-0.0244156364351511,-0.012983192689716816,
0.028092162683606148,0.011324914172291756,
-0.012636067345738411,-0.003358512418344617,
-0.03166688606142998,0.019330725073814392,
-0.016498418524861336,-0.01527706254273653,
0.005939824972301722,-0.03200710564851761,
0.013591662980616093,0.019671421498060226,
-0.028033770620822906,-0.004688408225774765,
0.0027212139684706926,0.030352147296071053,
-0.047834739089012146,-0.003517861943691969,
-0.03333273530006409,0.012548818252980709,
0.01939038559794426,0.044344328343868256,
-0.008605344220995903,0.025241393595933914,
0.03258229419589043,-0.02398955449461937,
-0.02269074320793152,0.0159530621021986,
0.006512945983558893,-0.012366005219519138,
-0.02303248643875122,-0.02551615983247757,
-0.03259142115712166,-0.014265407808125019,
0.011479648761451244,-0.004776178393512964,
-0.012279772199690342,0.014894834719598293,
-0.01800873689353466,-0.026637418195605278,
0.013313998468220234,-0.036810263991355896,
-0.0031481198966503143,-0.022328056395053864,
-0.002322401152923703,0.02042585425078869,
-0.02341284602880478,-0.024502523243427277,
-0.025409605354070663,-0.03109455294907093,
-0.02637065388262272,-0.007466516923159361,
0.024812236428260803,0.0076873102225363255,
0.011752600781619549,-0.005211982876062393,
-0.0070067765191197395,-0.036447860300540924,
0.007855397649109364,-0.059691283851861954,
-0.019327107816934586,-0.015634680166840553,
0.0015404567820951343,-0.010608191601932049,
0.026293860748410225,0.03505314514040947,
0.017399493604898453,-0.0532204806804657,
-0.020320691168308258,0.02177138440310955,
0.0014997586840763688,-0.025130227208137512,
0.04304508492350578,-0.026625480502843857,
0.024195877835154533,0.00856693834066391,
0.026851946488022804,-0.009243265725672245,
0.0009365722071379423,0.00916557852178812,
-0.00010922675573965535,0.0034565581008791924,
-0.0020066159777343273,-0.0039030846673995256,
0.002693076152354479,-0.011796324513852596,
-0.01375981792807579,0.017398511990904808,
-0.010947132483124733,-0.029909826815128326,
0.015178903937339783,-0.010166121646761894,
-0.012839636765420437,0.024628926068544388,
0.02147419936954975,-0.01593261957168579,
0.0009337904048152268,-0.0051080104894936085,
0.0010899818735197186,-0.020422711968421936,
0.04127882421016693,-0.02628241293132305,
-0.01862313412129879,0.019413558766245842,
0.007829480804502964,-0.03176245465874672,
-6.641516665695235e-05,0.009285901673138142,
-0.016205597668886185,-0.02516879141330719,
0.002365072490647435,0.0014900191454216838,
0.03918913006782532,-0.0014965323498472571,
0.02606193721294403,0.0007361645111814141,
0.005909308325499296,-0.010829836130142212,
-0.012714317068457603,-0.02175334095954895,
-0.033877551555633545,-0.01434197835624218,
-0.00605407077819109,-0.009243451058864594,
-0.028278179466724396,-0.03132499009370804,
-0.0206566471606493,0.034614019095897675,
-0.010733094997704029,0.0035250368528068066,
-0.009279599413275719,-0.01045113243162632,
-0.01076058205217123,0.03267871215939522,
0.0019208608428016305,-0.012934423983097076,
0.005021259654313326,-0.0008907165029086173,
0.0005600571748800576,0.004087880719453096,
-0.039212148636579514,0.01956305280327797,
0.011163420975208282,0.0004086467088200152,
0.029703233391046524,-0.046708378940820694,
-0.021342212334275246,0.006234074477106333,
0.0332772359251976,-0.003731083357706666,
0.013782793655991554,0.0246523916721344,
0.04377902299165726,-0.02230326272547245,
0.04311634972691536,-0.05631142482161522,
0.015046916902065277,0.0002296111051691696,
0.0013232063502073288,0.032926108688116074,
-0.0017044608248397708,0.024426812306046486,
-0.0439281202852726,0.006036455277353525,
-0.00847175158560276,-0.05843884497880936,
-0.05563514679670334,0.005643155425786972,
0.009973276406526566,-0.008878795430064201,
0.022243725135922432,-0.01919633150100708,
-0.027214206755161285,0.014104141853749752,
-0.0012073788093402982,0.025561125949025154,
0.022352680563926697,-0.005593244452029467,
-0.01603151299059391,-0.01836925558745861,
-0.017101958394050598,-0.0231162179261446,
0.0029194457456469536,0.013833613134920597,
-0.02942444197833538,0.016389021649956703,
-0.05838337913155556,-0.00993126817047596,
-0.02862349897623062,-0.027579035609960556,
-0.037998829036951065,-0.01826079934835434,
-0.02450578659772873,0.036960821598768234,
0.018131716176867485,0.042660001665353775,
-0.026471279561519623,0.029004517942667007,
-0.0013666949234902859,-0.018167035654187202,
-0.022300178185105324,-0.023945244029164314,
-0.002178490161895752,-0.01437675766646862,
-0.0077859084121882915,0.021260874345898628,
0.03552485257387161,-0.013951212167739868,
-0.02170412801206112,-0.009813753888010979,
-0.007785797584801912,0.02644994668662548,
0.0178911704570055,0.06199030950665474,
0.00144540227483958,0.0038867355324327946,
0.03829711303114891,-0.005088271107524633,
0.04294979199767113,-0.0116376718506217,
0.006516873370856047,0.009411891922354698,
0.012632251717150211,-0.016943661496043205,
0.013434084132313728,0.006290263496339321,
-0.0058789122849702835,-0.012004443444311619,
0.03377610817551613,0.03120393678545952,
-0.006152779795229435,-0.014985471032559872,
0.015774933621287346,0.0017015381017699838,
0.0024682232178747654,0.009569408372044563,
0.02449515275657177,0.008063167333602905,
0.03405040502548218,0.01502289529889822,
-0.010731044225394726,0.003732661483809352,
0.007560901343822479,-0.0023621730506420135,
0.010731875896453857,0.014697135426104069,
0.03754672035574913,0.025141224265098572,
0.06573934853076935,0.03622451052069664,
-0.0207950659096241,-0.008941599167883396,
-0.017259294167160988,-0.003664538962766528,
-0.03799690678715706,-0.010430299676954746,
-0.00921570137143135,-0.014669566415250301,
0.005123216658830643,-0.005715940147638321,
0.05417121574282646,0.03664620593190193,
-0.016703536733984947,-0.02648148313164711,
0.0386640802025795,0.009576256386935711,
0.012831244617700577,0.004232504870742559,
-0.01041578222066164,0.013351844623684883,
0.0025412938557565212,-0.007828548550605774,
-0.028205659240484238,0.01685990020632744,
-0.0008777958573773503,-0.016107862815260887,
-0.024110635742545128,0.007569476962089539,
0.004568997770547867,0.005766516551375389,
-0.0002592758974060416,0.008815604262053967,
-0.006417562253773212,0.015314432792365551,
-0.030110979452729225,0.00014694163110107183,
-0.015331035479903221,0.0052505237981677055,
-0.025990454480051994,-0.0010579362278804183,
0.01753566414117813,0.0510672964155674,
0.013496565632522106,0.011440658010542393,
-0.01730096898972988,0.06681525707244873,
-0.025208337232470512,0.0008049007155932486,
0.016481837257742882,0.035697028040885925,
-0.016750190407037735,-0.020133528858423233,
-0.031699638813734055,-0.027405817061662674,
-0.028207682073116302,0.010347633622586727,
-0.024336986243724823,0.054849542677402496,
0.012515056878328323,0.009857917204499245,
-0.011956996284425259,-0.026965877041220665,
0.026538213714957237,-0.005888023413717747,
-0.011348678730428219,0.018268147483468056,
0.003932774066925049,0.03588041663169861,
-0.00866876170039177,0.0059892297722399235,
-0.012008159421384335,0.0031191501766443253,
0.00941320601850748,0.021690016612410545,
0.03304927796125412,0.010412963107228279,
-0.007873411290347576,0.0206049345433712,
-0.05370142683386803,0.006713201757520437,
-0.02103358879685402,-0.024538908153772354,
-0.009028537198901176,0.03921347111463547,
-0.014200127683579922,0.0060838256031274796,
0.01688227616250515,-0.014206563122570515,
0.001258260104805231,0.011350707150995731,
-0.012675769627094269,0.01960768736898899,
0.01632968708872795,0.03591512143611908,
-0.027706405147910118,-0.011614451184868813,
-0.00926731526851654,0.0009101007599383593,
-0.030028579756617546,-0.0067448667250573635,
0.02558467723429203,-0.030484264716506004,
-0.0023391093127429485,0.011965079233050346,
-0.013297981582581997,-0.009353499859571457,
0.006237257272005081,-0.026451854035258293,
0.02576468698680401,-0.012733455747365952,
0.02639758214354515,0.006825417745858431,
-0.022514941170811653,-0.030288195237517357,
-0.01139889657497406,0.007978479377925396,
0.02021144889295101,-0.021642107516527176,
0.013725844211876392,0.007799658924341202,
-0.036065224558115005,0.04466921091079712,
-0.033645547926425934,-0.013027780689299107,
-0.03416842967271805,0.03690911829471588,
-0.011052832938730717,-0.0008026696159504354,
0.012313458137214184,0.037689127027988434,
0.017202164977788925,0.024964597076177597,
-0.03408461809158325,-0.028845086693763733,
-0.03741864487528801,-0.03286921605467796,
0.010550183244049549,-0.00864502228796482,
0.018570002168416977,0.047051601111888885,
0.03164783492684364,-0.04843088611960411,
-0.013904863968491554,-0.002215686021372676,
0.004393053241074085,-0.022945823147892952,
-0.0024287188425660133,0.016768397763371468,
0.002422639634460211,0.018562158569693565,
0.0314873605966568,-9.696463530417532e-05,
-0.010368568822741508,-0.011865951120853424,
0.012327464297413826,0.016439164057374,
-0.010243784636259079,-0.002323293127119541,
0.02798512578010559,-0.011278766207396984,
-0.017256764695048332,0.0014584454474970698,
0.018296873196959496,0.03125320002436638,
0.02733238972723484,-0.002315669087693095,
-0.012806189246475697,0.0002301839122083038,
0.010689360089600086,-0.002040514722466469,
-0.014274322427809238,0.05455170199275017,
0.00028254088829271495,-0.028505472466349602,
-0.03725216165184975,0.032950568944215775,
0.023476596921682358,0.03120432235300541,
0.010374276898801327,0.01828031614422798,
0.037977419793605804,-0.005814160220324993,
0.003439819673076272,0.030594944953918457,
-0.01714910939335823,0.0027201424818485975,
-0.005661721806973219,-0.007954541593790054,
-0.02694101259112358,-0.01619531400501728,
-0.005036547314375639,0.007360423915088177,
0.023535002022981644,0.02365579828619957,
-0.01490694098174572,0.024187443777918816,
-0.014142668806016445,0.00834312941879034,
0.015021060593426228,0.005236553028225899,
0.019726920872926712,0.007734793238341808,
-0.009003777988255024,0.001981541281566024,
-0.019377531483769417,0.030018620193004608,
0.01781264692544937,-3.188845221302472e-05,
0.008849847130477428,-0.004169516731053591,
-0.006143583916127682,-0.045454636216163635,
0.052328769117593765,0.022173000499606133,
0.053457606583833694,-0.008363102562725544,
0.02049262635409832,-0.026974564418196678,
0.05287594348192215,0.024514229968190193,
-0.017804007977247238,-0.002790057333186269,
-0.004489809274673462,-0.014780008234083652,
0.02864612638950348,0.018376724794507027,
0.015574214980006218,-0.01638692244887352,
-0.025994809344410896,-0.027552518993616104,
-0.021375998854637146,-0.008604999631643295,
0.0021054658573120832,0.014866068959236145,
0.01515160035341978,0.003985357936471701,
-0.011381369084119797,0.029119161888957024,
-0.03300344944000244,0.007145341020077467,
-0.004517397377640009,-0.0024911274667829275,
0.049833428114652634,0.021713286638259888,
0.020216062664985657,0.008097290992736816,
0.008413317613303661,-0.009268117137253284,
0.013551964424550533,0.031139584258198738,
-0.009977959096431732,-0.011620577424764633,
-0.024454372003674507,-0.03919205442070961,
0.009979468770325184,-0.001747757545672357,
0.011108039878308773,0.0229413453489542,
0.003023757366463542,0.026942996308207512,
0.009426609613001347,0.0013417559675872326,
0.007870477624237537,-0.003371270140632987,
-0.002497227629646659,-0.03365534543991089,
-0.018271910026669502,0.0514155812561512,
0.05439243093132973,-0.012815042398869991,
0.008982405066490173,-0.0015515374252572656,
-0.0386459082365036,0.058692969381809235,
-0.004077531397342682,0.006888122763484716,
-0.025493042543530464,-0.03833279386162758,
0.01283765584230423,-0.03899611532688141,
-0.030079826712608337,-0.034895069897174835,
-0.01528766006231308,0.01158570870757103,
-0.0335020087659359,-0.020370475947856903,
-0.04849761351943016,-0.01073590200394392,
-0.023575037717819214,-0.017615774646401405,
-0.0376049168407917,-0.05093489587306976,
0.015559317544102669,0.003749571042135358,
-0.05576496943831444,-0.016541456803679466,
-0.022852392867207527,0.0013210165780037642,
0.007060817908495665,0.005807207431644201,
0.011355772614479065,-0.04388875514268875,
0.025487113744020462,0.043354593217372894,
0.0007351418607868254,-0.005014742258936167,
0.030429350212216377,-0.05261065438389778,
-0.011146844364702702,0.006624735891819,
0.029592853039503098,0.04987585172057152,
0.017172852531075478,0.0037742839194834232,
-0.002519603120163083,0.0351603738963604,
0.026630736887454987,-0.017375824972987175,
-0.01015971414744854,-0.04972312971949577,
0.035484544932842255,-0.01627288945019245,
-0.062752865254879,0.032893743366003036,
0.0061322464607656,0.002047440269961953,
0.006517606321722269,0.009470973163843155,
-0.0329226478934288,0.04212619736790657,
0.021301768720149994,0.005480795167386532,
0.037912726402282715,-0.016047624871134758,
0.016762204468250275,-0.013297942467033863,
0.03097069449722767,0.010673434473574162,
-0.01621178165078163,-0.007455266546458006,
0.03039189986884594,0.004822797141969204,
0.027133295312523842,-0.01446728128939867,
-0.025572989135980606,0.00024107065110001713,
-0.02535635232925415,0.00802829023450613,
-0.014980275183916092,-0.011442964896559715,
-0.026180163025856018,0.006658002734184265,
-0.028300384059548378,0.03553381189703941,
0.06496370583772659,0.027971288189291954,
0.02880595624446869,0.002974622417241335,
-0.00014394950994756073,-0.004667073022574186,
-0.049095846712589264,0.009658243507146835,
-0.010179022327065468,-0.03934897482395172,
0.041321516036987305,0.020763516426086426,
0.015598306432366371,0.011317676864564419,
-0.01213983166962862,0.011132115498185158,
-0.007564918138086796,-0.005664338823407888,
0.0011710897088050842,0.018141265958547592,
-0.022082898765802383,-0.004519449081271887,
0.012251743115484715,0.03986985236406326,
-0.005132764577865601,-0.008010360412299633,
-0.019409144297242165,0.008207116276025772,
-0.02362903207540512,0.029526103287935257,
-0.019541898742318153,0.023475725203752518,
0.005886338651180267,0.010401897132396698,
-0.028628095984458923,0.0007940508658066392,
0.006902880035340786,0.010295017622411251,
-0.028697529807686806,-0.023076241835951805,
0.0001223964209202677,0.002245941199362278,
-0.0038878475315868855,0.005023650359362364,
-0.016581296920776367,-0.022211765870451927,
-0.03714539110660553,-0.018874594941735268,
-0.00819151010364294,-0.01013194303959608,
-0.028339892625808716,-0.029955996200442314,
-0.030783768743276596,-0.0031700856052339077,
0.010076608508825302,-0.004494344349950552,
0.007348297629505396,-0.006215862464159727,
0.01195356622338295,0.025018271058797836,
0.03249211236834526,-0.027672648429870605,
0.008714763447642326,-0.011690341867506504,
-0.015716001391410828,0.0017573031364008784,
-0.023628395050764084,0.007505591493099928,
0.00953346211463213,-0.016494227573275566,
0.01718190312385559,-0.0002545157913118601,
0.011045347899198532,0.020140616223216057,
-0.0022030100226402283,-0.010194429196417332,
0.008033271878957748,0.018647978082299232,
-0.0045241438783705235,-0.0076409694738686085,
0.022106988355517387,-0.045466843992471695,
-0.013755409978330135,0.041062187403440475,
0.029646165668964386,-0.0024892366491258144,
-0.011286569759249687,0.037959009408950806,
-0.016855478286743164,-0.018521267920732498,
-0.02807443216443062,-0.01385705266147852,
0.004362923093140125,0.003044356591999531,
-0.03361545503139496,-0.019987598061561584,
-0.010420119389891624,-0.0010497956536710262,
0.04962457716464996,-0.01699730008840561,
0.0007288461201824248,0.03568734973669052,
-0.003105725394561887,-0.018029121682047844,
0.01146669965237379,-0.018293246626853943,
0.014678643085062504,-0.011910655535757542,
-0.009721393696963787,-0.05953795835375786,
-0.043119825422763824,0.006706543266773224,
-0.010174843482673168,-0.0067543392069637775,
0.013730306178331375,0.010471620596945286,
0.010422284714877605,-0.007296210154891014,
-0.030609197914600372,0.026911165565252304,
-0.0045350538566708565,-0.0002538371190894395,
-0.011285814456641674,0.0073280842043459415,
-0.016437329351902008,-0.005533821880817413,
-0.025526711717247963,-0.007449757773429155,
0.0050849225372076035,-0.011716902256011963,
0.03068341687321663,-0.020868849009275436,
0.018620247021317482,-0.03807907551527023,
-0.007002443075180054,0.010881653986871243,
-0.01192564144730568,0.020880000665783882,
-0.0020457059144973755,-0.0021619368344545364,
-0.016667930409312248,0.0156699251383543,
-0.008350986056029797,0.024019349366426468,
0.04043900966644287,-0.01879333332180977,
-0.03615889325737953,0.0377197340130806,
0.04098332300782204,-0.037567585706710815,
-0.004551625344902277,-0.019124217331409454,
0.009194167330861092,-0.02688518352806568,
0.02795329876244068,-0.006458858028054237,
0.0026093004271388054,-0.01058232318609953,
0.03207559511065483,-0.009625766426324844,
0.01662391982972622,0.011330964043736458,
0.013973691500723362,0.04453301802277565,
-0.0006968174711801112,-0.0216964241117239,
0.022911198437213898,0.018308930099010468,
-0.015820248052477837,0.013264695182442665,
0.015517529100179672,0.014927487820386887,
0.015147292986512184,-0.03356628865003586,
0.012333259917795658,0.0004687113978434354,
-0.0058218068443238735,-0.009755066595971584,
-0.0026585087180137634,-0.006969559472054243,
0.008412107825279236,0.017605433240532875,
-0.004187191836535931,0.007329490967094898,
0.03916885703802109,-0.023206915706396103,
0.008822993375360966,0.02837670035660267,
-0.00920677650719881,0.011740405112504959,
-0.009853675961494446,-0.039855606853961945,
-0.009482105262577534,-0.007120353635400534,
-0.023954235017299652,-0.005069631617516279,
0.009728153236210346,-0.00820064079016447,
-0.03440246731042862,-0.004961704835295677,
0.011659148149192333,0.0322529599070549,
0.0078698405995965,0.02780803106725216,
0.017207860946655273,-0.010264282114803791,
0.008914784528315067,0.03241420164704323,
0.04967387020587921,-0.022835275158286095,
-0.021543007344007492,-0.05215916782617569,
-0.0036721050273627043,-0.028482751920819283,
-0.005728256888687611,-0.009542287327349186,
-0.023930063471198082,-0.012466441839933395,
0.0716034397482872,0.021720582619309425,
0.01682860031723976,0.008608516305685043,
0.011851511895656586,-0.02768377773463726,
0.048437803983688354,0.021780962124466896,
-0.014084565453231335,-0.00916722696274519,
0.01676410436630249,0.01983991079032421,
-0.020636089146137238,-0.021420897915959358,
-0.04943856969475746,-0.00908074900507927,
0.00043897764408029616,0.01947382092475891,
0.0021834508515894413,-0.011713827028870583,
0.01520813163369894,-0.013318115845322609,
0.02506125345826149,0.018988262861967087,
0.0007579484954476357,0.011896012350916862,
0.01192769780755043,-0.046686094254255295,
0.030585022643208504,-0.053001973778009415,
0.015209612436592579,0.02291754260659218,
0.023547623306512833,-0.037227388471364975,
0.006503251846879721,-0.015173218213021755,
0.02437165379524231,-0.009444281458854675,
-0.019354624673724174,-0.014030605554580688,
0.035616252571344376,0.03251967579126358,
0.055661629885435104,0.0339164212346077,
0.044494789093732834,0.0058660199865698814,
-0.028573881834745407,-0.025543369352817535,
0.0346207320690155,0.013386284932494164,
0.017363736405968666,0.031991202384233475,
-0.00438220938667655,-0.010944080539047718,
0.0679578185081482,-0.018663443624973297,
0.007908282801508904,-0.01324593648314476,
-0.01278555579483509,0.011124835349619389,
-0.013267377391457558,0.015643063932657242,
0.026913059875369072,-0.0056844973005354404,
-0.007796654477715492,0.014642272144556046,
0.00964315328747034,-0.019663214683532715,
-0.029686182737350464,-0.006962021347135305,
0.003291877219453454,0.0327092781662941,
0.02949381060898304,-0.0397387258708477,
-0.004534903448075056,0.005708901211619377,
-0.01666727103292942,0.005097631830722094,
0.003230536123737693,0.01912759803235531,
-0.00802474096417427,0.0018977222498506308,
-0.00325453351251781,0.029152173548936844,
0.00993787869811058,-0.013876526616513729,
-0.0065000602044165134,0.025699183344841003,
-0.031132416799664497,0.014022805728018284,
0.02730674482882023,-0.00869720708578825,
0.018777601420879364,-0.02169208601117134,
0.0026326600927859545,-0.03564637154340744,
0.0032573500648140907,-0.021568600088357925,
-0.022515838965773582,0.03694375976920128,
0.015034914948046207,0.0021953450050204992,
-0.004055959638208151,0.021396908909082413,
-0.016680577769875526,0.004902878310531378,
0.0250723697245121,0.00030151355895213783,
0.01429112907499075,0.002147366525605321,
0.006388721987605095,0.02575097791850567,
0.014588553458452225,-0.029115477576851845,
0.028392788022756577,-0.023840034380555153,
-0.025361759588122368,-0.009952453896403313,
0.013895101845264435,-0.04196523129940033,
-0.007029701489955187,0.0036996505223214626,
-0.008842436596751213,0.031170349568128586,
-0.03012111224234104,-0.024078289046883583,
0.02344941906630993,0.01376653928309679,
-0.011710195802152157,0.00730931106954813,
-0.012893915176391602,-0.009393719956278801,
0.008195236325263977,-0.018254494294524193,
0.005359279457479715,0.0012733293697237968,
-0.006817634683102369,-0.021854573860764503,
-0.015167501755058765,-0.018369337543845177,
-0.005514856893569231,0.008111399598419666,
-0.03662974014878273,0.0013382715405896306,
-0.00038888707058504224,-0.0158283319324255,
0.016268670558929443,0.016546642407774925,
-0.007603850215673447,0.0018837546231225133,
0.010735584422945976,0.03127734735608101,
-0.008293814957141876,0.036068178713321686,
-0.055267252027988434,-0.002290738048031926,
-0.011100291274487972,0.0027231951244175434,
0.016270073130726814,0.009077120572328568,
0.005505330394953489,-0.0009123918134719133,
0.02916446141898632,0.007027267012745142,
-0.005298267584294081,0.00420689070597291,
0.014512807130813599,0.0007935528410598636,
0.0261572003364563,-0.016723794862627983,
0.007745374925434589,-0.0014419356593862176,
0.024301476776599884,-0.002125816885381937,
-0.03250288590788841,0.006060175597667694,
-0.0197010301053524,0.008260199800133705,
0.009272780269384384,0.033373184502124786,
0.013889143243432045,-0.008231046609580517,
0.034976616501808167,0.018723059445619583,
0.024852493777871132,-0.03255945444107056,
-0.024200154468417168,0.02834724262356758,
0.011075262911617756,0.013382907956838608,
-0.011243298649787903,0.007078838534653187,
0.013668583706021309,0.026568185538053513,
0.006495533976703882,0.013572841882705688,
-0.025150388479232788,0.006317670922726393,
-0.013866330496966839,0.020817037671804428,
-0.023359714075922966,-0.009075690060853958,
-0.00643853610381484,-0.0008674433920532465,
0.028383973985910416,0.03355821594595909,
0.02198578603565693,-0.026961643248796463,
-0.00399111770093441,0.0072503169067204,
0.01805769093334675,-0.0004309500800445676,
-0.02241266705095768,-0.028815679252147675,
-0.01782834157347679,0.006799128372222185,
-0.014318175613880157,0.08164682984352112,
0.023413198068737984,0.03024057112634182,
0.013900908641517162,0.023159736767411232,
0.023856833577156067,0.025771325454115868,
-0.022459601983428,0.020874807611107826,
-0.0014903928386047482,0.005365997552871704,
-0.015106364153325558,-0.03475949168205261,
0.014977077022194862,-0.02581900916993618,
-0.002124416409060359,-0.008914599195122719,
0.01056930236518383,-0.021629564464092255,
-0.0017547579482197762,0.02257014997303486,
-0.02643021009862423,-0.0036922560539096594,
0.052571192383766174,0.013021958991885185,
-0.01138386595994234,0.036887120455503464,
0.008777466602623463,0.013358649797737598,
-0.012768534012138844,0.011743639595806599,
0.0005047049489803612,-0.03303111717104912,
-0.028283411636948586,0.022919166833162308,
0.005298284348100424,0.026590095832943916,
-0.015148801729083061,-0.02261369302868843,
0.027351489290595055,0.010189673863351345,
0.012674231082201004,-0.0010852947598323226,
0.04060059413313866,0.022655067965388298,
0.017100472003221512,-0.00838505756109953,
-0.02886892855167389,0.01022897195070982,
0.028270214796066284,-0.017121274024248123,
-0.021459773182868958,0.0035908096469938755,
-0.0018219746416434646,-0.005380494520068169,
-0.008895449340343475,0.04885202273726463,
-0.00707625038921833,-0.006511276587843895,
-0.005186149384826422,-0.012420210987329483,
-0.0125725781545043,0.006863233633339405,
-0.008017981424927711,-0.03721362352371216,
0.0049270507879555225,0.019819078966975212,
-0.011733864434063435,-0.009886881336569786,
0.010820710100233555,-0.0031078169122338295,
0.015374531038105488,0.02149651013314724,
0.012648958712816238,-0.030837776139378548,
0.010058141313493252,0.020303206518292427,
-0.029990585520863533,-0.0045263078063726425,
-0.031205641105771065,0.029244497418403625,
-0.024106590077280998,0.02737559750676155,
-0.026160333305597305,-0.006278797052800655,
0.027137773111462593,-0.02259276993572712,
-0.014178113080561161,-0.0290127731859684,
-0.038908038288354874,0.004343063570559025,
0.018057474866509438,-0.012788387946784496,
-0.03641634061932564,0.015486893244087696,
-0.0182394627481699,0.04090474173426628,
0.03260515257716179,0.00912636797875166,
0.009892040863633156,-0.0011486179428175092,
0.01295688096433878,-0.016017306596040726,
-0.020978309214115143,-0.01905089244246483,
0.014179356396198273,-0.0069380211643874645,
-0.03357121720910072,-0.01206238940358162,
-0.0020914962515234947,-0.030270922929048538,
0.01015834417194128,-0.011064534075558186,
0.028603630140423775,-0.02198406681418419,
0.001094655366614461,0.007035888731479645,
0.016348151490092278,0.027253789827227592,
0.016188908368349075,-0.05693216249346733,
0.011926061473786831,-0.001379839377477765,
-0.018062928691506386,0.03830268234014511,
-0.019705062732100487,-0.0060412706807255745,
0.01598367840051651,-0.00866971630603075,
0.002879115054383874,-0.012566481716930866,
0.008627605624496937,-0.041130390018224716,
0.05209667608141899,-0.004260620567947626,
0.000549927877727896,-0.013525130227208138,
0.0029072612524032593,0.0021251137368381023,
0.02816011942923069,0.010297796688973904,
-0.03565027564764023,0.00226003210991621,
-0.0020468495786190033,0.01234899740666151,
0.038458451628685,-0.006122802849858999,
-0.02250559814274311,0.05543261393904686,
0.009942183271050453,-0.013312021270394325,
-0.004951334558427334,-0.038588233292102814,
0.012447555549442768,0.008819587528705597,
0.0036899654660373926,0.0048170327208936214,
-0.016643036156892776,-0.006132971029728651,
-0.00838541705161333,-0.028065599501132965,
-0.0237751342356205,-0.03185734152793884,
-0.021211570128798485,-0.02017788589000702,
-0.005857082083821297,-0.02660682611167431,
0.04503457620739937,-0.009046398103237152,
-0.013919644057750702,-0.016515392810106277,
-0.03074573539197445,-0.0008342044311575592,
-0.026608524844050407,-0.029457448050379753,
0.04817182943224907,-0.024282315745949745,
-0.01873338222503662,-0.057038314640522,
0.007778292987495661,0.017969027161598206,
0.04952874034643173,0.00015863314911257476,
-0.03134256601333618,-0.02217554859817028,
0.007674430031329393,0.04685300216078758,
-0.0009561317856423557,-0.036254748702049255,
0.04150302708148956,-0.00930971559137106,
-0.0032188156619668007,-0.01727042905986309,
-0.0038499413058161736,-0.018636606633663177,
-0.013055926188826561,0.013740859925746918,
-0.02430804632604122,-0.016867706552147865,
0.00884927622973919,-0.020855000242590904,
-0.00768210319802165,0.03393775224685669,
0.012652089819312096,-0.01667126640677452,
0.03851761296391487,-0.033269114792346954,
-0.016679177060723305,-0.006600645370781422,
0.01245260238647461,0.03309935703873634,
-0.01129959523677826,0.0004617597151082009,
-0.020115841180086136,0.019227616488933563,
-0.025567296892404556,-0.023649001494050026,
-0.04079180583357811,0.023243265226483345,
-0.002430275082588196,0.02942858822643757,
-0.03521434962749481,0.0017785871168598533,
-0.020517881959676743,-0.010121908970177174,
-0.020283272489905357,-0.01876339130103588,
-0.015316917560994625,-0.007746909279376268,
0.01102211233228445,-0.014224815182387829,
-0.02887130156159401,-0.0042340755462646484,
-0.015356517396867275,0.026023121550679207,
0.0041970377787947655,0.00415376853197813,
-0.02061096951365471,0.005160007160156965,
0.010644032619893551,-0.0012386973248794675,
-0.010072740726172924,0.023663831874728203,
0.003453305922448635,0.004351131152361631,
0.0011260905303061008,0.014707989059388638,
-0.0009143275674432516,0.004244116600602865,
-0.018744338303804398,0.003207399044185877,
0.01606832444667816,-0.002817499218508601,
0.01473955251276493,-0.011962322518229485,
0.0056595695205032825,0.026185644790530205,
-0.05216057598590851,-0.018397333100438118,
-0.013915552757680416,0.015101048164069653,
-0.0005732490099035203,0.02904437482357025,
0.030106863006949425,0.0017646518535912037,
0.05123652517795563,0.016257761046290398,
0.014787906780838966,-0.012797976844012737,
0.01704862155020237,0.0193233173340559,
0.002405483042821288,0.0012315571075305343,
-0.0013945081736892462,-0.007833309471607208,
0.02700022980570793,-0.018729381263256073,
0.020559627562761307,-0.024165326729416847,
-0.01259856577962637,0.003966859541833401,
-0.013558872975409031,0.016838068142533302,
-0.039819035679101944,-0.01062557939440012,
-0.002045569708570838,0.01605229452252388,
-0.0053417375311255455,0.02605663239955902,
-0.004810945596545935,-0.0028473883867263794,
-0.0014616812113672495,0.010418606922030449,
-0.017361586913466454,-0.019584933295845985,
0.03800489380955696,0.007770787458866835,
-0.0066843037493526936,0.006833501625806093,
0.0207663644105196,0.02567417174577713,
-0.04397079348564148,0.0015928428620100021,
0.0033395278733223677,0.009805748239159584,
-0.030564935877919197,-0.016695374622941017,
-0.00991350132972002,0.01212824322283268,
0.014033837243914604,0.05163510516285896,
-0.001360454480163753,-0.00617550453171134,
0.0030753144528716803,-0.007707637269049883,
0.010501910001039505,-0.0022890199907124043,
-0.013044624589383602,0.004687745124101639,
0.012967601418495178,0.0042547076009213924,
0.01415245607495308,0.007960926741361618,
-0.010677964426577091,-0.015876704826951027,
-0.014166680164635181,0.00944899208843708,
0.020621804520487785,-0.03973040357232094,
-0.009043673984706402,-0.03433647006750107,
-0.017102478072047234,0.0022723081056028605,
0.020908933132886887,0.0020876002963632345,
0.02737000398337841,0.01517467387020588,
0.013508589006960392,0.011175100691616535,
-0.0041583748534321785,-0.009039195254445076,
0.026717569679021835,0.04349810630083084,
0.009448537603020668,-0.03089456632733345,
-0.01503688469529152,-0.004572293721139431,
0.023749329149723053,0.006917424499988556,
-0.04509330168366432,0.017732877284288406,
0.04430204629898071,0.013081545010209084,
0.026101509109139442,-0.013974662870168686,
-0.04052620008587837,-0.002520497189834714,
0.001145091955550015,0.008392601273953915,
0.0075461044907569885,0.020408064126968384,
-0.01613721065223217,0.02803247608244419,
-0.016397414728999138,0.025856738910079002,
0.01410635281354189,-0.012901613488793373,
-0.02188492938876152,0.005284065380692482,
0.006975863594561815,-0.02034088224172592,
-0.010574576444923878,0.022935932502150536,
-0.0014407824492082,-0.006598006933927536,
0.01463575940579176,-0.026410143822431564,
0.020107300952076912,-0.011453297920525074,
0.03023694083094597,-0.028147311881184578,
0.025996796786785126,-0.03677425906062126,
0.007839552126824856,-0.005800545681267977,
0.02174188941717148,0.013412637636065483,
0.012356564402580261,0.026634663343429565,
0.03752116113901138,-0.0275886170566082,
0.004363599698990583,0.040071938186883926,
-0.008623684756457806,0.008408711291849613,
-0.0076816510409116745,-0.005831373855471611,
-0.009875667281448841,-0.043818097561597824,
0.015138222835958004,-0.011430463753640652,
0.04122591391205788,-0.007933440618216991,
0.017333148047327995,-0.020969055593013763,
0.013417566195130348,-0.020090529695153236,
0.0033462035935372114,0.01716878078877926,
0.014372089877724648,0.007726415526121855,
0.019117062911391258,0.008172237314283848,
-0.009337011724710464,-0.021442275494337082,
0.01737094111740589,0.029003314673900604,
0.015373586677014828,0.005992348771542311,
0.016259510070085526,-0.03543165698647499,
-0.018964366987347603,0.009547853842377663,
-0.019953476265072823,0.024711724370718002,
0.007286290638148785,-0.019336212426424026,
0.026255281642079353,0.0015517666470259428,
0.02513227052986622,-0.00044323719339445233,
-0.03299174830317497,0.006232372485101223,
-0.01061337348073721,0.004415540024638176,
0.0567878820002079,0.0008847110439091921,
0.010025827214121819,-0.018619107082486153,
0.021617580205202103,-0.012549132108688354,
-0.012542380020022392,-0.0052458783611655235,
-0.03017415665090084,-0.009120745584368706,
-0.0069582159630954266,0.004480786621570587,
0.013929278589785099,0.007182213477790356,
0.01975678652524948,-0.0025394135154783726,
0.005975061096251011,-0.039656102657318115,
-0.024833261966705322,-0.022046661004424095,
0.020607488229870796,0.022384965792298317,
-0.010824108496308327,-0.010012942366302013,
-0.00971169862896204,-0.019593622535467148,
-0.009468101896345615,0.008188129402697086,
-0.010185424238443375,0.011146368458867073,
0.013287627138197422,-0.021544430404901505,
0.03444632142782211,-0.013654561713337898,
0.012677867896854877,0.005877277348190546,
-0.02914663404226303,-0.00890000257641077,
0.011063246056437492,0.008651135489344597,
-0.0034433603286743164,-0.01916160248219967,
0.04616045951843262,-0.013753289356827736,
-0.023166678845882416,-0.002669848268851638,
-0.008189603686332703,-0.025139501318335533,
-0.020966114476323128,-0.024641701951622963,
-0.058499518781900406,0.015085174702107906,
0.008401591330766678,0.004384991247206926,
-0.017149196937680244,0.02940944954752922,
0.003944373223930597,0.001931504113599658,
-0.022178027778863907,0.024234168231487274,
0.008880766108632088,-0.0059031592682003975,
-0.014258237555623055,0.00940677896142006,
-0.041795555502176285,0.0009601122583262622,
0.024794796481728554,-0.017782771959900856,
0.009377802722156048,0.04873737320303917,
0.030387934297323227,0.005293036345392466,
-0.00508931465446949,-0.002920156577602029,
0.009993406012654305,0.017849408090114594,
0.0030741975642740726,0.004444732330739498,
-0.06315549463033676,0.00521131232380867,
0.014382042922079563,0.015236993320286274,
-0.011767023243010044,-0.003572190413251519,
0.04912963882088661,-0.025885963812470436,
-0.01243553776293993,0.014942357316613197,
0.05535706505179405,0.0027590536046773195,
-0.021408019587397575,-0.041548099368810654,
0.03593239560723305,-0.039854396134614944,
-0.007589004933834076,-0.019093649461865425,
0.012323957867920399,0.014191094785928726,
-0.002709888620302081,-0.015549090690910816,
-0.009050119668245316,-0.02917787805199623,
0.0424116775393486,0.019363289698958397,
-0.015461458824574947,-0.037815093994140625,
-0.03639208897948265,0.0027493906673043966,
-0.012698008678853512,0.0006725295097567141,
-0.018487635999917984,0.016365142539143562,
0.014814362861216068,0.003035916481167078,
0.0076479255221784115,-0.012019455432891846,
0.007234493270516396,0.027620164677500725,
0.00042057016980834305,-0.007208662573248148,
0.007998169399797916,-0.027144331485033035,
0.008510968647897243,0.009358393028378487,
-0.004855239763855934,-0.02014193683862686,
-0.023688936606049538,-0.01478481013327837,
0.006762228440493345,-0.06326192617416382,
-0.005411234218627214,-0.011362177319824696,
-0.002222925890237093,0.034503091126680374,
-0.024746935814619064,0.034841183573007584,
-0.02931438945233822,-0.005887875333428383,
0.03999572619795799,-0.016875270754098892,
0.021269097924232483,0.000421421806095168,
0.0039807455614209175,-0.006354690529406071,
-0.018131611868739128,-0.0002300651976838708,
0.014615584164857864,-0.030754925683140755,
0.01894277147948742,-0.02619302086532116,
0.036005742847919464,-0.012186592444777489,
-0.05389850586652756,0.018948832526803017,
-0.009317482821643353,0.005804326385259628,
-0.007192167453467846,0.0030721803195774555,
-0.009836765006184578,-0.0261729396879673,
-0.039975814521312714,-0.02749762311577797,
0.0050810882821679115,0.010408272035419941,
-0.05434850603342056,0.026086531579494476,
-0.027200501412153244,-0.0031946287490427494,
0.03982232138514519,-0.021697523072361946,
0.0187047328799963,-0.009757893159985542,
-0.011582978069782257,0.00152997812256217,
-0.005175583064556122,-0.017250942066311836,
-0.011974501423537731,0.04023105651140213,
-0.012556122615933418,-0.07254965603351593,
0.0007101418450474739,0.003549176501110196,
0.021399419754743576,0.015722280368208885,
0.037058692425489426,0.015622410923242569,
-0.01349213719367981,0.011777268722653389,
-0.017985329031944275,0.019066648557782173,
-0.027444107457995415,0.008715505711734295,
-0.009827018715441227,0.0175804290920496,
0.012456266209483147,0.026917951181530952,
0.010382740758359432,0.009377927519381046,
-0.0037214658223092556,0.002655287040397525,
-0.03190363571047783,0.0019923667423427105,
-0.0016029446851462126,0.04569077491760254,
0.021046917885541916,0.0374789796769619,
-0.0314900241792202,-0.012770206667482853,
-0.03142033889889717,-0.05335377901792526,
-0.0015597001183778048,-0.014238041825592518,
-0.03187425434589386,-0.010444549843668938,
-0.005198738072067499,0.001411892706528306,
0.01649358496069908,0.01818249374628067,
0.004253123886883259,0.005420075263828039,
-0.022377384826540947,-0.00029220449505373836,
0.008468941785395145,0.0026432310696691275,
0.009853030554950237,-0.024439997971057892,
0.016534850001335144,-0.03893968462944031,
-0.028450744226574898,-0.0031874843407422304,
-0.00423565274104476,-0.0019275156082585454,
0.01013901550322771,-0.023353833705186844,
-0.01550584938377142,-0.014278453774750233,
-0.01214067917317152,-0.021188588812947273,
0.013676658272743225,-0.019162075594067574,
0.03852410614490509,0.008604412898421288,
0.01815299317240715,-0.024013755843043327,
0.008805113844573498,0.02399497479200363,
0.02720596082508564,0.002596204401925206,
-0.013571678660809994,0.04137607291340828,
0.05672004073858261,-0.01592930220067501,
0.019810527563095093,-0.023712733760476112,
-0.004299091175198555,0.037243276834487915,
-0.032356832176446915,-0.011181010864675045,
0.02958950586616993,-0.020198777318000793,
0.032158058136701584,-0.01852627471089363,
0.017453083768486977,0.017575226724147797,
-0.015195348300039768,-0.0008754196460358799,
0.035140715539455414,-0.0076955771073699,
-0.0014089077012613416,0.022968588396906853,
-0.01227616798132658,0.030055193230509758,
0.00360318087041378,-0.011241819709539413,
0.0218149796128273,-0.012284559197723866,
-0.030046459287405014,0.0001810377580113709,
0.008111156523227692,0.007157847285270691,
-0.0431823767721653,0.022023776546120644,
-0.017701664939522743,-0.004660456441342831,
0.014953132718801498,0.022433415055274963,
-0.002943498082458973,0.010261503979563713,
0.024858755990862846,0.0028914674185216427,
0.02228694222867489,-0.00977278221398592,
-0.03326074033975601,0.009020650759339333,
0.0020775217562913895,0.053972821682691574,
-0.02206425368785858,0.06742177903652191,
0.008980522863566875,0.009470498189330101,
-0.046207327395677567,0.028467195108532906,
-0.018123816698789597,0.002694332506507635,
-0.0053243436850607395,-0.020517835393548012,
-0.0010509560815989971,0.03692520037293434,
-0.01363352406769991,-0.0089042903855443,
0.012825974263250828,0.04894609376788139,
0.029380816966295242,0.04424427077174187,
-0.006556615699082613,0.022623712196946144,
-0.0052064866758883,-0.01779037155210972,
-0.01862517185509205,0.033557530492544174,
-0.01024593599140644,-0.013907372951507568,
-0.005159374792128801,-0.012632391415536404,
0.023855898529291153,-0.008322283625602722,
-0.02168475277721882,0.013680076226592064,
0.009392011910676956,0.02827311120927334,
0.006111679598689079,-0.033806778490543365,
-0.007826992310583591,-0.031915247440338135,
0.018513845279812813,-0.015859676524996758,
-0.00970342569053173,0.018893668428063393,
0.009298820979893208,-0.018389886245131493,
-0.04353917017579079,-0.03160060569643974,
0.024518918246030807,0.01843934692442417,
0.0161470677703619,0.0020567409228533506,
-0.004123666789382696,0.0019446880323812366,
-0.02630428969860077,0.003751927288249135,
-0.006350026465952396,0.011332147754728794,
-0.0403677262365818,0.00962834618985653,
0.031164633110165596,-0.017699314281344414,
0.002287105889990926,-0.03890835866332054,
-0.0007594387861900032,-0.013832655735313892,
0.015768103301525116,-0.008098291233181953,
-0.010137749835848808,-0.01203163992613554,
-0.019834181293845177,-0.007198564242571592,
0.026687247678637505,-0.0022013422567397356,
0.02216450870037079,-0.010678430087864399,
0.035784635692834854,-0.012803598307073116,
0.04131456837058067,-0.014051614329218864,
0.02203286997973919,0.023835506290197372,
0.002398144919425249,-0.004798463545739651,
0.051357902586460114,-0.0011883450206369162,
0.0020625991746783257,0.03598818928003311,
-0.019600002095103264,0.011895028874278069,
0.003062410978600383,-0.004309549927711487,
0.017228828743100166,0.005535417702049017,
0.04227927327156067,0.01812068745493889,
0.019340822473168373,-0.007294988259673119,
-0.016867665573954582,0.028961896896362305,
-0.06454947590827942,0.03291485831141472,
0.04453478381037712,-0.004906260408461094,
0.011264758184552193,-0.0011218711733818054,
-0.04225650429725647,-0.03367309272289276,
-0.05161895230412483,0.04928330332040787,
-0.005945876240730286,0.03251185268163681,
0.012777203693985939,-0.0003255594929214567,
0.030073512345552444,-0.008005165494978428,
-0.009219609200954437,0.016946272924542427,
0.030954331159591675,-0.037293288856744766,
-0.01245538704097271,0.02433210425078869,
-0.0008997974800877273,0.040033143013715744,
0.04667733237147331,-0.017194051295518875,
-0.005631370935589075,0.031963467597961426,
0.00748482858762145,-0.007257088553160429,
-0.016916289925575256,0.011029966175556183,
-0.006997361313551664,-0.015593759715557098,
-0.03738495707511902,-0.03762374445796013,
0.010359442792832851,-0.008482299745082855,
0.002542070345953107,-0.007797766011208296,
0.015754729509353638,0.01448415033519268,
0.0025689215399324894,0.00840886402875185,
0.0502115823328495,0.01562792807817459,
0.009825191460549831,0.008996107615530491,
0.005960783921182156,0.007319694850593805,
-0.019978061318397522,-0.03780761733651161,
-0.031247355043888092,0.014740650542080402,
-0.014155851677060127,-0.014955628663301468,
0.020223330706357956,-0.009133984334766865,
-0.009680607356131077,0.008337168954312801,
0.028216224163770676,-0.0022980202920734882,
-0.008996223099529743,0.003438199171796441,
-0.004941640421748161,0.034528329968452454,
-0.048469316214323044,0.004481414798647165,
-0.015823395922780037,0.014955820515751839,
0.026079192757606506,-0.016193615272641182,
-0.040775198489427567,0.009000387974083424,
-0.010045118629932404,-0.00967233907431364,
-0.021099573001265526,0.007872817106544971,
0.02117057517170906,0.021428456529974937,
-0.039814479649066925,0.0025880876928567886,
-0.007948236539959908,0.010403088293969631,
-0.04121896252036095,0.0056278822012245655,
-0.008199826814234257,0.02222413569688797,
0.0030925536993891,-0.0011198698775842786,
-0.001958026085048914,0.006327300798147917,
-0.04028904438018799,0.005787722300738096,
0.015978259965777397,-0.003192363539710641,
0.02811882086098194,0.013522990047931671,
0.012188021093606949,0.01391218975186348,
0.01911202073097229,0.021904828026890755,
0.028404243290424347,-0.030306745320558548,
-0.024474509060382843,0.03718215599656105,
0.0007440617773681879,-0.025898192077875137,
0.012753189541399479,0.008905910886824131,
-0.004155299626290798,-0.014145543798804283,
-0.022350365296006203,-0.014590948820114136,
0.024491243064403534,-0.02266877517104149,
0.02039284072816372,-0.007561610545963049,
-0.008483882993459702,0.011808951385319233,
0.020149925723671913,-0.027774620801210403,
-0.007570632267743349,-0.002303919056430459,
0.007023679558187723,0.00580358412116766,
0.01855490915477276,-0.0028102905489504337,
-0.025500915944576263,0.027103357017040253,
0.01916620135307312,-0.0101461848244071,
-0.027826698496937752,0.010504183359444141,
0.0034483654890209436,0.011894005350768566,
0.0004890798591077328,-0.01855330541729927,
-0.01950249634683132,-0.011401518248021603,
-0.007472165860235691,0.0038149147294461727,
0.024801820516586304,0.0415450818836689,
-0.03537557274103165,-0.006432927213609219,
-0.0041097616776824,-0.01699289306998253,
-0.017074845731258392,-0.0023834272287786007,
-0.01211986318230629,-0.004285258240997791,
-0.011641370132565498,-0.007866909727454185,
-0.037472087889909744,-0.012532789260149002,
0.013262704014778137,0.06598559021949768,
0.0012108453083783388,0.01781785488128662,
0.0009063681354746222,-0.015937263146042824,
0.009053287096321583,0.03205070644617081,
0.010681509040296078,-0.011800897307693958,
0.001737243146635592,0.02332320064306259,
-0.001562457182444632,0.006981289945542812,
-0.021011194214224815,0.02317151427268982,
-0.03172770142555237,-1.9898499886039644e-05,
-0.008006873540580273,-0.008786042220890522,
-0.009805520996451378,0.022581709548830986,
-0.024358442053198814,-0.021171169355511665,
0.01628691889345646,0.05759364739060402,
-0.0317339226603508,0.02647557482123375,
0.04187291860580444,0.06766977161169052,
-0.018391428515315056,-0.00016624237468931824,
0.026843471452593803,-0.008708467707037926,
0.022764602676033974,-0.002297163475304842,
0.0076072546653449535,0.007092848885804415,
-0.014187771826982498,0.0181539598852396,
-0.026644501835107803,0.00712510896846652,
0.02799653448164463,-0.028859330341219902,
0.033656153827905655,0.002455764915794134,
0.0008958366815932095,-0.03183033689856529,
0.043954331427812576,-0.00733824772760272,
-0.02810067869722843,0.0038862735964357853,
-0.04400687664747238,0.022154156118631363,
0.015180384740233421,-0.013473458588123322,
-0.003047168953344226,-0.02056899666786194,
0.025901373475790024,0.03097345679998398,
0.004245146177709103,0.003261956386268139,
-0.003723611356690526,0.00803235825151205,
0.003656060202047229,0.03463760018348694,
-0.004140412900596857,-0.007548126857727766,
0.0031051067635416985,-0.0013827956281602383,
0.024663260206580162,-0.0032080342061817646,
0.025813763961195946,0.02639220841228962,
0.01884946972131729,0.007148317527025938,
0.021344484761357307,0.006793543230742216,
0.005585968494415283,0.0013200390385463834,
-0.026350170373916626,0.030573030933737755,
-0.0009156264131888747,-0.0156708974391222,
-0.004738461691886187,0.009662477299571037,
0.02526029385626316,-0.006469081621617079,
0.032735858112573624,-0.006889078766107559,
0.0032497362699359655,-0.019874142482876778,
-0.0038573022466152906,-0.025076143443584442,
-0.036484576761722565,0.008482640609145164,
-0.04985295981168747,0.011228412389755249,
-0.005838965531438589,0.02024315856397152,
0.018324753269553185,0.005270537454634905,
-0.02280445583164692,0.034837692975997925,
0.01329464465379715,-0.01563297212123871,
-0.025211771950125694,-0.00888244528323412,
0.03171413019299507,-0.0016852725530043244,
0.009318077005445957,0.005903223063796759,
-0.008143821731209755,0.0017500744434073567,
0.001978982472792268,-0.02412153221666813,
0.03720046579837799,0.0017361118225380778,
0.006324661895632744,-0.023524271324276924,
0.0033910609781742096,0.01974092796444893,
0.03550415858626366,0.031054258346557617,
-0.015748176723718643,-0.01810026727616787,
0.01519673503935337,0.002794065047055483,
0.023137444630265236,0.03171567618846893,
-0.022081667557358742,-0.011688013561069965,
0.0015294378390535712,0.0002610142983030528,
0.009235669858753681,0.0023350263945758343,
0.016430145129561424,0.023116635158658028,
0.006826152093708515,0.003403605194762349,
-0.025565318763256073,-0.003955678083002567,
0.030004341155290604,-0.0023180129937827587,
-0.008607923053205013,0.001991017023101449,
0.03514127433300018,-0.028129272162914276,
-0.021212982013821602,-0.04386191815137863,
0.0042995186522603035,-0.023558147251605988,
0.009869164787232876,-0.021343983709812164,
0.006474653258919716,-0.0028939908370375633,
-0.0017257205909118056,0.01136438362300396,
-0.04155563935637474,0.03253908455371857,
-0.006191373337060213,-0.03757067769765854,
-0.0270183477550745,0.01130898017436266,
-0.007313993293792009,-0.01818748377263546,
0.019609972834587097,-0.005368764977902174,
0.008594420738518238,-0.04887508600950241,
-0.006856702733784914,0.00593092804774642,
-0.015286033041775227,-0.027092523872852325,
-0.006458406336605549,-0.0006313073681667447,
-0.02763560600578785,-0.01750016212463379,
0.00789529737085104,-0.0315556675195694,
0.004127080086618662,0.015114866197109222,
0.012625932693481445,-0.015207309275865555,
0.016618918627500534,0.031347304582595825,
0.01946801319718361,3.0545092158718035e-05,
-0.018081199377775192,-0.021483883261680603,
0.00678013451397419,-0.027373135089874268,
-0.03571967035531998,-0.020146114751696587,
-0.02403961308300495,-0.005854228977113962,
0.011152482591569424,0.026864908635616302,
0.008284760639071465,-0.012072315439581871,
0.013163336552679539,0.004960782825946808,
0.01777447760105133,0.021104726940393448,
-0.021906530484557152,-0.009323895908892155,
0.017671432346105576,-0.01822921261191368,
-0.021334685385227203,-0.012047587893903255,
-0.024789413437247276,-0.017071859911084175,
-0.0030222884379327297,0.027791190892457962,
0.023566946387290955,0.0065031214617192745,
-0.007027814164757729,-0.008248071186244488,
-0.026971617713570595,-0.015486062504351139,
-0.002312779426574707,0.010944073088467121,
-0.001504932064563036,-0.015463791787624359,
-0.010883279144763947,0.0067940521985292435,
0.015847178176045418,0.03387049213051796,
-0.011255092918872833,-0.0017563154688104987,
0.008021651767194271,0.027790570631623268,
-0.03244158625602722,0.0008812828455120325,
0.011229419149458408,0.00390290142968297,
0.004842428024858236,0.008461317978799343,
0.0011964603327214718,0.03694769740104675,
-0.009941162541508675,0.006948139518499374,
0.0059181563556194305,-0.04691720008850098,
0.007244387175887823,0.00656531797721982,
0.0017540340777486563,-9.24179403227754e-05,
-0.009923329576849937,-0.008137267082929611,
0.009252825751900673,-0.005532045848667622,
-0.003122494090348482,-0.00756973447278142,
-0.0005610669613815844,-0.004169628024101257,
-0.006061405409127474,0.002542243106290698,
-0.03351868316531181,0.013691216707229614,
-0.0028751427307724953,-0.0014801912475377321,
0.05432552844285965,-0.042278822511434555,
0.023090602830052376,-0.0331944115459919,
-0.02446351945400238,-0.04955507814884186,
-0.01620175689458847,-0.02012871764600277,
0.023559747263789177,0.005785531830042601,
0.016997992992401123,-0.03573692589998245,
0.034156691282987595,0.010020009241998196,
0.008079281076788902,0.01699668914079666,
0.004172546323388815,0.000922821753192693,
-0.010202264413237572,-0.018787356093525887,
-0.01614936627447605,-0.017810609191656113,
0.01035014633089304,0.04692738130688667,
0.0276279728859663,0.021823035553097725,
-0.008142528124153614,0.07001714408397675,
0.026003900915384293,0.0376695916056633,
-0.013495177030563354,-0.021721001714468002,
-0.01759481057524681,-0.018187694251537323,
0.01293728407472372,-0.003949432633817196,
0.03359219804406166,-0.014406457543373108,
0.012203359976410866,0.010929063893854618,
-0.014311500824987888,-0.009688865393400192,
-0.028504613786935806,-0.02244127355515957,
0.008650405332446098,-0.02358844503760338,
-0.017468014732003212,-0.009967820718884468,
0.007080027833580971,0.08777150511741638,
-0.0165791567414999,0.0038202626165002584,
-0.0009286203421652317,-0.006929274182766676,
-0.0031962671782821417,-0.002609401475638151,
-0.03479260206222534,-0.02348855882883072,
-0.0035140588879585266,-0.011268594302237034,
0.024889592081308365,0.007188260089606047,
-0.008322888053953648,0.004004559013992548,
-0.032711856067180634,0.02178230695426464,
-0.0004788565856870264,-0.019838932901620865,
0.045137107372283936,0.013598687946796417,
-0.00878469180315733,0.05313684418797493,
-0.02626839093863964,0.024640478193759918,
0.011768129654228687,-0.003914345055818558,
0.0060733612626791,-0.01131922472268343,
0.02629123069345951,-0.01439928449690342,
-0.0025035592261701822,-0.03069104254245758,
0.004150164779275656,-0.00982544757425785,
0.016387473791837692,-0.012178395874798298,
0.02385188452899456,0.0008737242314964533,
-0.0006298628868535161,0.01797112636268139,
-0.009043049067258835,0.005883426871150732,
0.005278100725263357,-0.004866744391620159,
0.0350986085832119,-0.02741057425737381,
-0.025747282430529594,-0.0011507002636790276,
-0.01915997825562954,0.01872391253709793,
0.02445325069129467,0.011859393678605556,
0.024764833971858025,-0.005665572825819254,
0.011605916544795036,-0.002928456524387002,
-0.016307096928358078,0.024500496685504913,
0.028861671686172485,-0.015772825106978416,
0.023782294243574142,0.0113783935084939,
-0.010918926447629929,0.045468952506780624,
0.005798663478344679,0.01747640036046505,
0.02020725980401039,-0.007145706098526716,
-0.026779688894748688,0.03410149738192558,
-0.007395080756396055,-0.022546932101249695,
-0.007791321724653244,0.019903333857655525,
-0.03604836016893387,0.016529392451047897,
-0.014894168823957443,0.018219733610749245,
0.01591152884066105,-0.013883328065276146,
0.009456736966967583,-0.019265608862042427,
0.0446799136698246,0.021851593628525734,
0.017740769311785698,0.03229121118783951,
-0.004608893301337957,-0.012453356757760048,
0.006663004867732525,0.006226156372576952,
0.019152145832777023,0.011247611604630947,
0.022097622975707054,-0.000689282373059541,
0.026536626741290092,0.024157661944627762,
0.031800590455532074,0.007272546645253897,
-0.0003519508754834533,-0.020315712317824364,
0.007075756322592497,0.031669750809669495,
-0.017772503197193146,0.022814562544226646,
0.013084253296256065,0.02685059793293476,
-0.0028711576014757156,-0.011232183314859867,
0.028601132333278656,0.04653153568506241,
-0.04019053652882576,-0.024960827082395554,
-0.02929277904331684,-0.009289855137467384,
0.0007890278357081115,0.01029945258051157,
0.018707579001784325,0.04043344035744667,
0.0017308411188423634,-0.004469636827707291,
-0.003563403617590666,-0.032226089388132095,
-0.04375792294740677,0.005677817389369011,
-0.027532124891877174,-0.00110102747566998,
-0.02115420252084732,0.004890528041869402,
0.0026814534794539213,-0.0011059314711019397,
-0.01601286232471466,0.030793730169534683,
-0.0025194003246724606,0.019403699785470963,
-0.012129627168178558,0.00048627419164404273,
0.011762534268200397,0.015349913388490677,
-0.016612088307738304,-0.0034605308901518583,
-0.0159900039434433,-0.045534051954746246,
0.010038771666586399,0.015747785568237305,
0.025126038119196892,-0.0004485600220505148,
-0.01456511951982975,0.010056177154183388,
-0.0023637423291802406,-0.04057902470231056,
-0.009840253740549088,-0.0021425853483378887,
-0.01304254774004221,0.015568085014820099,
-0.008425017818808556,-0.025328287854790688,
0.014752797782421112,0.04095994308590889,
-0.016785839572548866,-0.007143390364944935,
0.01755218207836151,0.04108189791440964,
-0.000942522194236517,0.009173368103802204,
0.039074648171663284,0.0026836625766009092,
-0.03868533670902252,-0.03464118018746376,
0.035696305334568024,-0.016680849716067314,
0.014489485882222652,-0.010840274393558502,
-0.02121651917695999,0.02150384522974491,
-0.014180040918290615,0.010378647595643997,
0.009155452251434326,-0.0164560005068779,
0.036442309617996216,0.019282624125480652,
0.012118726968765259,-0.01978982239961624,
0.012710514478385448,0.0083655109629035,
-0.022876380011439323,-0.00841990951448679,
0.002556763356551528,-0.03147805854678154,
-0.013201778754591942,-0.022677920758724213,
0.0028087894897907972,0.003807700937613845,
-0.029360370710492134,0.026769306510686874,
-0.02988279238343239,-0.00958993285894394,
-0.020199257880449295,-0.005681111477315426,
0.042223162949085236,0.004141027573496103,
0.0004593646735884249,-0.01364938821643591,
0.02560955472290516,0.008218163624405861,
0.0034233012702316046,-0.00910690613090992,
0.018435684964060783,0.012659650295972824,
0.01813533902168274,-0.028348572552204132,
-0.005938726477324963,0.019941072911024094,
0.0063270749524235725,-0.00017469280282966793,
-0.012567425146698952,-0.017954576760530472,
0.0065804049372673035,0.02844209223985672,
0.0030309504363685846,0.001269040978513658,
-0.010960640385746956,0.003233626950532198,
0.006560330279171467,-0.018509775400161743,
0.015115260146558285,0.0019506739918142557,
0.049385927617549896,-0.01723315380513668,
-0.0100953234359622,0.01260522659868002,
0.04663277789950371,-0.0007027542451396585,
0.009091677144169807,0.030940571799874306,
0.007072926498949528,0.010465818457305431,
0.050633274018764496,-0.027881622314453125,
0.006309871561825275,0.007656693924218416,
0.023252449929714203,-0.003211955539882183,
0.02086969092488289,0.019532451406121254,
0.04434651881456375,0.021336987614631653,
0.03687610849738121,-5.996296749799512e-05,
-0.008685867302119732,-0.0008345749229192734,
0.009758844040334225,0.0023275609128177166,
0.012324631214141846,-0.009211639873683453,
0.014852984808385372,0.002938442397862673,
-0.011424833908677101,-0.022112315520644188,
-0.017688266932964325,-0.0050361501052975655,
0.00563631160184741,-0.03652983903884888,
-0.03997831046581268,-0.01938951574265957,
-0.035410843789577484,-0.008400142192840576,
-0.00045914805377833545,-0.0017932273913174868,
-0.0602278858423233,-0.021655326709151268,
0.05277768895030022,0.013353182934224606,
-0.04226198419928551,0.013728063553571701,
-0.002330852672457695,0.006280090194195509,
-0.030212728306651115,-0.02703971415758133,
0.004139991477131844,-0.006551146507263184,
-0.004506959114223719,0.00821747723966837,
-0.04481617733836174,-0.012918614782392979,
-0.015724563971161842,0.031006747856736183,
-0.02838630974292755,0.0333695262670517,
0.003704182105138898,-0.019772851839661598,
0.004813014529645443,0.0014329076511785388,
0.026986291632056236,-0.024338295683264732,
-0.009792006574571133,-0.029469359666109085,
0.009590523317456245,-0.0006534694693982601,
-0.03320986032485962,-0.004116187337785959,
-0.018509171903133392,0.04480936378240585,
-0.01857617497444153,-0.005643230397254229,
0.01979648694396019,-0.04109833762049675,
0.032276276499032974,-0.03400884196162224,
-0.01577259972691536,0.0429856963455677,
0.025445761159062386,0.024356510490179062,
-0.005997678730636835,0.008507531136274338,
0.010982299223542213,0.001090455800294876,
0.02653517946600914,0.007558430079370737,
-0.02333216741681099,-0.037602733820676804,
0.010375136509537697,0.008221287280321121,
0.026433037593960762,-0.016410082578659058,
0.0005864284466952085,0.001011211657896638,
-0.015279170125722885,-0.02204192616045475,
-0.007384754717350006,0.013810243457555771,
0.05043135955929756,-0.010521283373236656,
0.012362778186798096,0.004665080923587084,
0.022264186292886734,-0.03452708572149277,
-0.005777532234787941,0.005084684118628502,
0.0022599550429731607,0.03366358205676079,
-0.02745416946709156,-0.04589623585343361,
0.008423402905464172,-0.017670150846242905,
-0.003810400143265724,0.01753448136150837,
-0.006445393431931734,-0.037795908749103546,
0.017362870275974274,-0.05205465108156204,
-0.013185709714889526,0.03322700411081314,
-0.031078197062015533,-0.02009277231991291,
0.038848672062158585,0.0281346645206213,
-0.02931823953986168,-0.05070943757891655,
0.0010360684245824814,0.00026420713402330875,
-0.017633717507123947,0.009380808100104332,
-0.010732494294643402,-0.007988783530890942,
-0.03632800281047821,0.036387600004673004,
-0.018124528229236603,0.00879550538957119,
-0.046944085508584976,0.020866060629487038,
0.009922620840370655,-0.014237552881240845,
0.040064845234155655,0.04063348472118378,
-0.008335310034453869,0.03420327976346016,
0.006379729602485895,-0.006334793753921986,
0.0056961956433951855,-0.020601609721779823,
0.013448994606733322,0.000570390373468399,
0.012566449120640755,0.0224845502525568,
-0.00031910071265883744,0.009618141688406467,
-0.018337704241275787,-0.0186359453946352,
0.03302229568362236,0.006807738449424505,
-0.00546439690515399,-0.004813838750123978,
0.007038059178739786,-0.012727689929306507,
0.007353564724326134,-0.011182798072695732,
-0.0040203663520514965,0.015547823160886765,
0.04593949019908905,0.0005754375597462058,
0.0030859438702464104,0.023427771404385567,
0.0023276794236153364,-0.001921589719131589,
0.0014767186949029565,-0.011892915703356266,
0.01756412163376808,-0.00953206978738308,
0.03862949460744858,0.0037116161547601223,
0.019031530246138573,-0.011965757235884666,
-0.0026339199393987656,-0.01276526227593422,
-0.048109520226716995,0.00046570226550102234,
-0.03747127577662468,0.00031725483131594956,
0.0233217291533947,-0.03327221795916557,
-0.03484705835580826,0.01490052044391632,
0.00947997160255909,0.0003530161629896611,
-0.0019761947914958,-0.04105883091688156,
-0.0010189184686169028,-0.04136482626199722,
0.0449557825922966,-0.03966875001788139,
0.04225345700979233,0.021807799115777016,
0.010436076670885086,0.015414602123200893,
0.005243647377938032,-0.014075586572289467,
0.0039841183461248875,-0.02461244724690914,
0.010661080479621887,-0.008647901937365532,
-0.023245016112923622,0.019937891513109207,
0.011592017486691475,-0.010190051980316639,
0.005513767711818218,0.021573375910520554,
0.027370421215891838,0.016086295247077942,
0.022889137268066406,0.0032895139884203672,
-0.017803499475121498,0.03307242691516876,
0.02023237571120262,0.002648790366947651,
0.003569334978237748,-0.021442247554659843,
-0.0222624521702528,0.024360066279768944,
0.02403208799660206,-0.03795694187283516,
0.009677231311798096,0.014413583092391491,
0.003930497914552689,-0.03409458324313164,
0.03334524482488632,0.024766767397522926,
0.027503101155161858,0.006794297136366367,
0.02235901542007923,-0.02541978284716606,
0.05101422220468521,-0.016226598992943764,
-0.009227738715708256,0.005187021568417549,
-0.009894481860101223,0.014156507328152657,
0.011558284051716328,-0.0019475019071251154,
0.008875662460923195,0.003434300422668457,
0.04317229986190796,-0.012544741854071617,
0.015723953023552895,-0.013644001446664333,
-0.007565641775727272,-0.03978811204433441,
-0.008276708424091339,-0.02559245191514492,
0.008663805201649666,0.017326720058918,
0.03810317814350128,0.027190860360860825,
-0.005652277730405331,0.012378011830151081,
0.007736240979284048,-0.012507786974310875,
-0.030693594366312027,0.03659284859895706,
-0.00029112843913026154,-0.0009648368577472866,
-0.023322181776165962,0.015665041282773018,
-0.001753516960889101,0.039864085614681244,
0.006260960828512907,-0.005412585102021694,
-0.028890810906887054,0.008851423859596252,
-0.01944008655846119,-0.004444523248821497,
-0.006441200617700815,-0.013430002145469189,
-0.04334113746881485,-0.03527763485908508,
0.0623859167098999,0.014838889241218567,
-0.014143702574074268,-0.031147098168730736,
0.02932269684970379,-0.0005627520149573684,
0.013090753927826881,-0.04916452616453171,
0.02910444512963295,0.017692293971776962,
-0.04565415158867836,0.012864966876804829,
0.01855086162686348,-0.028637221083045006,
-0.005307759158313274,0.014155972748994827,
0.0170708317309618,0.04135493189096451,
0.008650182746350765,-0.02248591184616089,
-0.006501781288534403,-0.03347143903374672,
0.043588314205408096,0.022917866706848145,
0.027773382142186165,0.003724173177033663,
0.022164594382047653,-0.028425132855772972,
-0.019009366631507874,-0.007433068007230759,
-0.011486580595374107,0.0023113214410841465,
0.016523227095603943,-0.0010262976866215467,
-0.009470040909945965,-0.0028801008593291044,
-0.0013020156184211373,-0.0020085053984075785,
0.027496064081788063,-0.03217962011694908,
-0.026203123852610588,0.01418230775743723,
-0.06935809552669525,0.016020160168409348,
-0.006712134927511215,-0.041792310774326324,
-0.0025593505706638098,0.0006571983685716987,
0.02447475679218769,-0.017942892387509346,
-0.021904760971665382,-0.015750940889120102,
-0.050975847989320755,-0.023894883692264557,
-0.02526545524597168,-0.02515527978539467,
-0.03731803596019745,-0.04745838791131973,
-0.018147744238376617,6.262491751840571e-06,
-0.0030947106424719095,0.007961422204971313,
-0.0029283056501299143,-0.008350097574293613,
-0.005793771706521511,0.005541842896491289,
-0.0036270110867917538,-0.038218654692173004,
-0.01191006414592266,0.001210672315210104,
-0.01662890613079071,0.0016058746259659529,
0.008410930633544922,-0.024857904762029648,
0.048030443489551544,0.03717523068189621,
0.008447038009762764,0.010783023200929165,
0.014743934385478497,-0.00042744932579807937,
0.021666308864951134,0.0035352895502001047,
0.02970038540661335,0.01759505830705166,
0.041900817304849625,0.00451595988124609,
-0.03492025285959244,0.011003849096596241,
-0.0043104784563183784,0.011205964721739292,
-0.0027247697580605745,8.698175952304155e-05,
-0.019143788143992424,0.02254902385175228,
-0.005575564224272966,0.004994436167180538,
0.025554398074746132,-0.02473878487944603,
0.025046225637197495,-0.006032493431121111,
-0.011795948259532452,-0.009212948381900787,
0.01348403561860323,-0.021315699443221092,
0.023776737973093987,0.0321839302778244,
-0.03866993263363838,-0.0051992181688547134,
-0.006760405842214823,-0.0009081714088097215,
-0.005564382299780846,0.046159859746694565,
-0.015588177368044853,-0.017446724697947502,
-0.011473876424133778,0.013921825215220451,
-0.029237886890769005,0.019141634926199913,
-0.012106372974812984,-0.038766879588365555,
0.017928654327988625,-0.015966875478625298,
0.027755552902817726,0.02461191825568676,
0.01770913042128086,-0.00824094470590353,
-0.021754659712314606,-0.01101759821176529,
0.022483590990304947,-0.009750377386808395,
0.02076609432697296,-0.034139879047870636,
-0.02213454246520996,0.013920901343226433,
-0.013581965118646622,0.009343787096440792,
-0.021875856444239616,0.003429728327319026,
-0.0017073063645511866,-0.0030651413835585117,
-0.006006372161209583,-0.010909459553658962,
0.0034067260567098856,0.002966270549222827,
-0.005226628854870796,-0.0019877583254128695,
-0.006246002856642008,0.0013976981863379478,
-0.019509201869368553,0.023138247430324554,
-0.0012144779320806265,-0.020953241735696793,
-0.037785716354846954,-0.0024639363400638103,
0.006609068252146244,-0.0014022126561030746,
-0.0021920716390013695,0.021469872444868088,
-0.005999093409627676,0.014747848734259605,
-0.022041823714971542,-0.017520878463983536,
0.02499575726687908,-0.0015100121963769197,
0.011772648431360722,0.00195011543110013,
-0.006576644256711006,-0.016151273623108864,
0.01632692851126194,0.011117959395051003,
-0.037722207605838776,-0.001238156226463616,
-0.006467858329415321,0.005628533195704222,
-0.04993649572134018,0.00500696012750268,
0.002602568594738841,-0.013082585297524929,
-0.029812760651111603,0.005051640328019857,
0.019047634676098824,-0.02319243922829628,
-0.006361125502735376,-0.021020153537392616,
-0.026060737669467926,-0.004086747299879789,
0.012708170339465141,-0.006361241452395916,
-0.028882989659905434,-0.014772925525903702,
-0.01752362586557865,-0.00046391659998334944,
0.009516053833067417,0.032712746411561966,
0.0014125691959634423,-0.008756264112889767,
-0.025006353855133057,-0.009216678328812122,
0.012542830780148506,0.016462555155158043,
-0.01164200995117426,-0.01690850220620632,
0.01691928319633007,-0.0017468510195612907,
0.017927417531609535,-0.04125659540295601,
0.04611389338970184,0.019699031487107277,
0.009335174225270748,-0.02696293778717518,
0.001295382739044726,0.009776294231414795,
-0.007110122591257095,-0.0063780792988836765,
-0.023526957258582115,-0.007566096726804972,
0.012760798446834087,0.04029977321624756,
0.004381789825856686,-0.04162413254380226,
0.018473409116268158,0.04044627770781517,
-0.04515786096453667,0.017421934753656387,
0.005333868786692619,0.008491385728120804,
-0.024777056649327278,-0.0005198906874284148,
-0.02359105460345745,-0.014904855750501156,
-0.013989943079650402,0.0407274067401886,
-0.003540945937857032,-0.020248932763934135,
0.043771978467702866,0.02329935133457184,
0.01823570393025875,0.005773536860942841,
0.006181648466736078,0.026706643402576447,
0.009150286205112934,0.04178943857550621,
0.00249497196637094,-0.003706862684339285,
0.0067132143303751945,0.0032566464506089687,
0.021044151857495308,-0.009193507954478264,
0.005584106780588627,0.03687248378992081,
0.04163942486047745,-0.00658264197409153,
0.00020121200941503048,-0.003769931383430958,
0.03267513960599899,-0.012810506857931614,
-0.03716406226158142,-0.015046775341033936,
-0.022117018699645996,0.011613399721682072,
-0.014910423196852207,0.008491786196827888,
-0.017335660755634308,-0.019947826862335205,
-0.013460715301334858,-0.02414124272763729,
0.002665160456672311,-0.020195962861180305,
0.019886208698153496,-0.0003609547857195139,
-0.009012767113745213,0.02468382567167282,
0.02092733420431614,0.03277355059981346,
-0.02247375249862671,0.042900487780570984,
-5.0063521484844387e-05,0.03897908329963684,
0.023620355874300003,0.00014617205306421965,
-0.03512119874358177,-0.033904027193784714,
0.022054826840758324,-0.0003177907783538103,
-0.00032396125607192516,0.002474631182849407,
-0.02787410467863083,-0.008647110313177109,
0.02493995428085327,0.0013477362226694822,
0.029134957119822502,0.009728888049721718,
-0.018789278343319893,0.00996865052729845,
-0.009573540650308132,0.006346426904201508,
-0.033410318195819855,0.020142260938882828,
-0.0026501743122935295,-0.01795487105846405,
0.0031126902904361486,0.01831851154565811,
-0.009480911307036877,-0.004728415049612522,
-0.015912052243947983,-0.00725996308028698,
0.013963029719889164,-0.010173957794904709,
-0.008813339285552502,0.018564775586128235,
0.027179572731256485,-0.023358402773737907,
0.028677865862846375,0.0028295095544308424,
0.00901228841394186,-5.036529910285026e-05,
0.010068254545331001,-0.028053168207406998,
0.021572796627879143,-0.021402187645435333,
0.0054374816827476025,0.0004840570327360183,
0.01474784966558218,-0.05372763052582741,
-0.030785931274294853,0.0005899680545553565,
0.015437676571309566,-0.00932191964238882,
0.020837264135479927,0.030662979930639267,
-0.006059096660465002,0.003583817509934306,
-0.00953079666942358,0.03447594866156578,
-0.035662803798913956,0.0005339340423233807,
0.011341006495058537,0.007237588986754417,
0.0031771475914865732,-0.030303314328193665,
0.015716245397925377,0.038273174315690994,
-0.04876244440674782,0.014072168618440628,
0.009537105448544025,-0.008469803258776665,
-0.007040975149720907,0.0073636663146317005,
0.01888449117541313,0.007045407313853502,
-0.011676514521241188,0.04751751944422722,
0.02140367589890957,-0.005289580672979355,
-0.01039126981049776,0.006357575301080942,
-0.010696670040488243,-0.012967006303369999,
-0.03838759660720825,-0.003953447099775076,
0.006080347113311291,0.007025222759693861,
0.01233822200447321,-0.007659213151782751,
0.05216675624251366,-0.015039796940982342,
0.04051005095243454,-0.030007638037204742,
0.008096836507320404,0.0014451589668169618,
-0.02495507150888443,-0.024024730548262596,
-0.0004269331111572683,-0.017130237072706223,
-0.029129458591341972,-0.00788959115743637,
-0.06733239442110062,-0.017057038843631744,
0.05255123972892761,-0.006333491764962673,
0.019230926409363747,-0.05213577672839165,
0.0422990582883358,-0.015554361045360565,
-0.004074901342391968,-0.023523638024926186,
0.023480599746108055,-0.01413924153894186,
-0.020989537239074707,-0.01599792391061783,
0.004420613870024681,0.021961284801363945,
-0.003660032292827964,-0.006384505890309811,
0.007588538806885481,-0.013136467896401882,
0.021170176565647125,-0.002632440999150276,
0.04361844062805176,0.019260350614786148,
-0.044822148978710175,0.04206303507089615,
0.000664446153678,-0.02793026901781559,
0.006751617416739464,-0.029459498822689056,
0.07678095251321793,-0.01578644849359989,
0.010817362926900387,0.007164874579757452,
-0.010519598610699177,-0.019278984516859055,
-0.021603712812066078,-0.02712962217628956,
-0.02212660014629364,0.01130155473947525,
-0.0031960036139935255,-0.013498893938958645,
0.016573591157794,-0.0089691411703825,
-0.010026074945926666,-0.006150873377919197,
-0.013777976855635643,-0.04165177419781685,
-0.06135430559515953,0.02647901512682438,
0.05076795443892479,-0.012157026678323746,
0.023970915004611015,0.012501685880124569,
0.041387610137462616,0.026312751695513725,
0.012447841465473175,0.045084550976753235,
0.04154065251350403,0.0046216873452067375,
-0.0009054297115653753,-0.02661258913576603,
0.034331314265728,-0.018188200891017914,
-0.02869640849530697,-0.03862125426530838,
-0.004549598786979914,-0.004383358173072338,
-0.00038307669456116855,0.004452968016266823,
0.017871856689453125,0.0064958445727825165,
0.0031304238364100456,-0.026303479447960854,
-0.03141314536333084,0.00808315072208643,
0.02844046615064144,-0.011226163245737553,
0.009136476553976536,-0.004912411794066429,
0.028189443051815033,0.005400442518293858,
0.0059317308478057384,-0.044004157185554504,
-0.006827476434409618,0.03450470417737961,
-0.01598154380917549,0.00023654382675886154,
0.02691316418349743,0.04667385667562485,
-0.014542847871780396,0.0008406778797507286,
-0.0063857426866889,0.0020913202315568924,
0.011982756666839123,-0.009377077221870422,
-0.05532514676451683,0.05358445271849632,
0.016466159373521805,-0.0008778278715908527,
-0.009342589415609837,0.006407226901501417,
0.024335315451025963,0.03505906090140343,
0.035612620413303375,0.010409015230834484,
0.0034847541246563196,-0.009035374037921429,
-0.02805435098707676,0.04579932987689972,
0.015759501606225967,0.0019531806465238333,
-0.019295478239655495,0.0028083045035600662,
0.010131491348147392,0.014492827467620373,
0.03278640657663345,0.04033622518181801,
0.01286721508949995,0.0023696967400610447,
-0.0019144687103107572,-0.014772338792681694,
-0.004259406588971615,-0.00436774455010891,
0.0213795006275177,0.008637637831270695,
-0.008942472748458385,0.00588380079716444,
-0.014072731137275696,0.00010694610682548955,
0.014842189848423004,-0.02667521871626377,
-0.01836397312581539,-0.010173247195780277,
-0.0061431811191141605,-0.02674947679042816,
-0.008449820801615715,-0.03235367685556412,
-0.011408211663365364,-0.007482909597456455,
-0.004556143190711737,0.005945970769971609,
0.029088744893670082,0.020146934315562248,
0.007762541063129902,0.0062266685999929905,
-0.02915325202047825,0.022695766761898994,
0.027855243533849716,0.0005538193508982658,
0.05441480875015259,0.0005254634888842702,
-0.0025574483443051577,-0.0006204589153639972,
-0.0019468560349196196,-0.0038498451467603445,
0.0018400056287646294,0.014317917637526989,
0.003944444935768843,-0.009633569046854973,
-0.011229143477976322,-0.019870983436703682,
-0.031382545828819275,-0.0003162595094181597,
0.010508285835385323,0.013679169118404388,
0.022812550887465477,-0.019038818776607513,
0.004398963879793882,-0.0015687834238633513,
0.006326168309897184,0.011682744137942791,
0.03174829110503197,-0.021632593125104904,
0.039160531014204025,0.012497433461248875,
0.02508722059428692,0.013181696645915508,
-0.04924429953098297,0.04779184237122536,
-0.01682053506374359,-0.029920535162091255,
-0.027626007795333862,0.0045432522892951965,
-0.00995035283267498,-0.006652602460235357,
0.02478311024606228,0.036388956010341644,
-0.0009697917266748846,-0.009367677383124828,
-0.017095766961574554,0.0028059438336640596,
-0.027171479538083076,0.012761599384248257,
0.014365539886057377,-0.0019550377037376165,
0.007388301659375429,-0.003566779661923647,
0.00973611418157816,-0.03987292945384979,
-0.021174278110265732,-0.038459014147520065,
-0.02194858528673649,0.003652239451184869,
-0.012202119454741478,0.0016426551155745983,
-0.04060908779501915,-0.0014643212780356407,
-0.014433350414037704,0.01970447413623333,
-0.01201427262276411,0.009048538282513618,
0.06329254060983658,-0.0018832024652510881,
-0.0028964579105377197,-0.008684195578098297,
-0.00011003768304362893,0.0062600430101156235,
0.005628819577395916,-0.009817920625209808,
0.01531765703111887,0.0022285222075879574,
-0.04706450551748276,0.017548570409417152,
-0.051625657826662064,-0.026421530172228813,
-0.004525638651102781,0.03820331394672394,
0.031887516379356384,0.057692158967256546,
0.025836503133177757,-0.045108694583177567,
0.012911486439406872,0.016848059371113777,
0.019574973732233047,-0.04655344411730766,
0.0038917087949812412,-0.02654479630291462,
0.006605592556297779,0.002885518129914999,
-0.014054015278816223,-0.0008784260717220604,
-0.0402255617082119,0.029658641666173935,
0.04086212068796158,-0.05623163282871246,
0.025267282500863075,-0.01215991098433733,
-0.015871768817305565,0.0006325984140858054,
-0.013972550630569458,0.03302730992436409,
0.00702029000967741,-0.0038297029677778482,
0.020315414294600487,0.008796433918178082,
-0.039585601538419724,0.009568657726049423,
-0.012957791797816753,-0.01318785548210144,
-0.024381591007113457,-0.000522351183462888,
-0.027233293280005455,-0.0059640430845320225,
-0.0044690705835819244,0.011875813826918602,
-0.003212235402315855,-0.017375826835632324,
0.003480474930256605,-0.02657473273575306,
0.02267792820930481,-0.0200195349752903,
-0.03709103912115097,0.0025521793868392706,
0.0022909347899258137,-0.01781897246837616,
0.033546771854162216,-0.0070022838190197945,
-0.013828113675117493,0.052588798105716705,
0.016053173691034317,0.013439381495118141,
0.00891165342181921,0.008832870051264763,
-0.010822560638189316,0.0022234616335481405,
-0.000256155151873827,0.002179716946557164,
-0.018151747062802315,-0.024455856531858444,
0.02006085403263569,0.041951265186071396,
0.030796419829130173,-0.008055630140006542,
-0.0017303141066804528,-0.011569387279450893,
-0.003629722399637103,-0.0010752265807241201,
0.030360622331500053,0.009435257874429226,
-0.009357098489999771,-0.013337645679712296,
-0.02926037274301052,0.0366232804954052,
0.023203829303383827,0.01250347588211298,
-0.013755307532846928,0.03019307367503643,
0.01282662432640791,-0.017723793163895607,
0.0012604354415088892,0.0061028944328427315,
0.02131522446870804,-0.025958465412259102,
-0.01384122483432293,-0.007874314673244953,
-0.021753311157226562,-0.019808394834399223,
0.014511429704725742,0.006287362892180681,
0.010336680337786674,0.01038227416574955,
0.012907003052532673,-0.02173907868564129,
-0.004867177456617355,0.01041116937994957,
0.027367394417524338,0.0028083587531000376,
0.033608097583055496,0.02126018889248371,
-0.022773850709199905,0.03424842655658722,
0.03278231993317604,0.0017929280875250697,
-0.018986402079463005,-0.013180376030504704,
0.01277110818773508,0.00582206342369318,
-0.037129469215869904,0.007685500662773848,
-0.007921705022454262,0.037186115980148315,
-0.027199840173125267,-0.018863661214709282,
0.015532136894762516,0.0034431007225066423,
-0.007236912846565247,0.034643176943063736,
-0.024767162278294563,0.030561277642846107,
-0.008905106224119663,0.023186858743429184,
-0.02517167292535305,-0.002699641976505518,
0.0029076330829411745,0.01323715690523386,
0.00033917586551979184,-0.007922695018351078,
0.014979219995439053,-0.0025533216539770365,
-0.032210540026426315,0.0061133140698075294,
-0.025410369038581848,0.05322316661477089,
0.005788926035165787,0.020019957795739174,
-0.034167177975177765,0.010145924054086208,
0.017832189798355103,-0.019480014219880104,
-0.017143195495009422,-0.010837261565029621,
-0.006337059196084738,0.048506397753953934,
0.005335879512131214,0.04637923836708069,
-0.004013504832983017,0.0009005092433653772,
-0.04055077210068703,0.007634046021848917,
0.017596716061234474,-0.038422536104917526,
-0.0057494789361953735,-0.008046049624681473,
-0.00010677472891984507,0.010202864184975624,
-0.009543673135340214,-0.028864648193120956,
0.03474769368767738,0.04354379326105118,
0.010149513371288776,0.0047524841502308846,
0.012646649032831192,0.028363829478621483,
-0.006296170875430107,-0.0028599121142178774,
0.015159393660724163,0.020073184743523598,
-0.0318228043615818,-0.001570306601934135,
-0.016983795911073685,0.007135472726076841,
-0.005808329675346613,-0.012532651424407959,
0.025292331352829933,-0.012469176203012466,
0.017648965120315552,-0.006026716902852058,
0.013445306569337845,0.019945316016674042,
0.017060238867998123,0.021016834303736687,
0.022683976218104362,0.00663415901362896,
0.024622857570648193,0.04582083970308304,
-0.043053071945905685,-0.0014132048236206174,
-0.0033647469244897366,-0.019293271005153656,
0.005833604373037815,-0.05533966049551964,
-0.03633727878332138,0.03417477011680603,
-0.001806083251722157,0.00643827673047781,
0.010554359294474125,0.023033518344163895,
-0.019036389887332916,0.027604278177022934,
0.009581579826772213,0.018732672557234764,
0.04520972818136215,0.013274041935801506,
-0.009398099966347218,-0.007239022292196751,
0.009638367220759392,0.020947923883795738,
-0.007819046266376972,-0.08233949542045593,
0.00902396161109209,-0.003536894917488098,
0.0030156290158629417,-0.026540447026491165,
-0.007975087501108646,0.0415058396756649,
-0.02792346104979515,0.006008919328451157,
-0.004834215622395277,-0.011407410725951195,
0.031133050099015236,0.004217404406517744,
-0.0041833724826574326,-0.014952946454286575,
0.01606629230082035,0.0405200719833374,
-0.016233043745160103,0.010976490564644337,
-0.018060527741909027,0.030829329043626785,
-0.015402308665215969,-0.011950173415243626,
-0.014400961808860302,0.011464329436421394,
-0.005926716141402721,0.011760327033698559,
0.0022006044164299965,0.02112288400530815,
0.015618279576301575,-0.0026589648332446814,
-0.009168391115963459,-0.03164933621883392,
-0.022649338468909264,-0.04986438900232315,
-0.014917738735675812,0.0044821216724812984,
-0.01106893178075552,-0.0006922761094756424,
0.023373719304800034,-0.0019180331146344543,
0.01097825076431036,-0.014889691025018692,
-0.0322859026491642,-0.00858804490417242,
-0.0036779120564460754,0.018113169819116592,
0.006765643134713173,0.003508541267365217,
0.027237433940172195,0.020758919417858124,
-0.025670111179351807,0.03565143048763275,
-0.025225989520549774,0.01119132898747921,
-0.011959006078541279,0.007257580291479826,
0.014093131758272648,-0.005488502327352762,
0.004371224902570248,0.0017446167767047882,
0.015817051753401756,-0.010481748729944229,
-0.0067772408947348595,-0.01580836996436119,
-0.0023308403324335814,0.02021736651659012,
0.02652600407600403,0.013489981181919575,
-0.003991737961769104,-0.0095089515671134,
0.0114215649664402,-0.0016884723445400596,
-0.03772298991680145,-0.009149678982794285,
-0.01359800435602665,-0.03194352611899376,
0.007465149741619825,-0.05695018917322159,
-0.013005376793444157,0.00396563857793808,
-0.0005858552758581936,0.024925988167524338,
0.03719818592071533,0.012848437763750553,
-0.009272899478673935,-0.03412586450576782,
-0.0009154188446700573,-0.03896259143948555,
0.020514611154794693,0.013139395974576473,
-0.013702543452382088,-0.0104854516685009,
0.002195939887315035,0.005464187357574701,
0.014459911733865738,-0.03343614190816879,
0.011061479337513447,-0.008784657344222069,
-0.0038102103862911463,0.02286720648407936,
0.006114743184298277,0.03743422031402588,
0.008407818153500557,-0.010086705908179283,
-0.019805369898676872,-0.0036539663560688496,
-0.0306133683770895,0.03181123360991478,
-0.012162318453192711,0.03148866444826126,
-0.010597839951515198,0.001074408646672964,
-0.03916308656334877,-0.026832545176148415,
-0.009595872834324837,0.0018773199990391731,
-0.019554682075977325,-0.013240395113825798,
-0.02107556350529194,0.002342140767723322,
0.010050405748188496,0.01675780490040779,
0.010891461744904518,0.010696295648813248,
0.016375115141272545,0.004132435191422701,
0.024457484483718872,0.018051648512482643,
-0.021720604971051216,0.00810809712857008,
0.009363222867250443,0.016005219891667366,
-0.028103316202759743,0.0003750876057893038,
0.022246884182095528,-0.020729495212435722,
-0.023305438458919525,0.027342084795236588,
0.026625026017427444,0.024437909945845604,
0.0009028924978338182,-0.02467002533376217,
-0.014235896989703178,0.001992135541513562,
0.016853509470820427,-0.015262330882251263,
-0.012527202256023884,0.0010307051707059145,
-0.023673515766859055,0.011171459220349789,
0.038233183324337006,-0.0008236052235588431,
-0.00457281107082963,0.015399391762912273,
-0.004119264427572489,-0.04557519406080246,
-0.010064001195132732,-0.011018468998372555,
-0.011045601218938828,-0.050192538648843765,
0.033130086958408356,0.0021360558457672596,
-0.025906827300786972,0.01914731226861477,
-0.019891677424311638,0.028437618166208267,
-0.021212343126535416,-0.012103153392672539,
0.03608258068561554,0.015158087015151978,
0.036264918744564056,-0.01393277756869793,
0.007428675424307585,-0.0014606984332203865,
-0.019094817340373993,0.029949896037578583,
0.008915833197534084,-0.008305978961288929,
-0.00951030571013689,0.043088074773550034,
0.04876978322863579,0.0026156767271459103,
-0.027746448293328285,0.03633821755647659,
0.025855176150798798,0.04411289468407631,
-0.00672544538974762,-0.033224187791347504,
-0.004859699867665768,-0.07669442892074585,
0.02148151956498623,0.03559698909521103,
0.04023369029164314,0.0006948415539227426,
0.008210926316678524,0.0014727883972227573,
0.005004534963518381,0.005381321534514427,
-0.00039356303750537336,-0.023493055254220963,
-0.0047669848427176476,-0.039648376405239105,
-0.0008405068656429648,-0.007306681480258703,
0.03536215424537659,0.01476727519184351,
0.017386311665177345,0.046762824058532715,
-0.023776113986968994,0.010335891507565975,
0.00785982608795166,0.008661644533276558,
-0.00542511697858572,-0.014020469039678574,
-0.005821958649903536,-0.00833500362932682,
-0.025846386328339577,-0.02036876045167446,
0.00014564045704901218,0.017265109345316887,
0.029885105788707733,-0.028194081038236618,
0.023800687864422798,0.007827797904610634,
0.017435619607567787,0.01629190891981125,
-0.021125201135873795,-0.0249214805662632,
-0.013942858204245567,0.011234068311750889,
0.008703631348907948,0.025328632444143295,
-0.025753289461135864,-0.010797088965773582,
0.0127608897164464,0.023800240829586983,
-0.0017639277502894402,0.015023977495729923,
-0.011829518713057041,-0.051021747291088104,
-0.005890358705073595,-0.010039825923740864,
0.013560550287365913,0.0345449261367321,
0.029316311702132225,0.0091869430616498,
-0.018518149852752686,-0.012170922942459583,
-0.017339786514639854,-0.0011076307855546474,
-0.021329626441001892,0.015091603621840477,
-0.018695341423153877,-0.029799751937389374,
-0.011386509984731674,-0.01812637224793434,
-0.028382835909724236,0.015000791288912296,
-0.017102714627981186,0.013761823065578938,
-0.005420585162937641,0.01840139366686344,
0.016238026320934296,0.0017730299150571227,
0.011227378621697426,-0.025474105030298233,
-0.008413932286202908,0.028835535049438477,
0.022476855665445328,-0.02571086212992668,
-0.03719658404588699,0.02636067196726799,
0.011263114400207996,-0.048426028341054916,
-0.02969440631568432,0.017119361087679863,
0.018720313906669617,0.017838098108768463,
-0.03222430869936943,-0.002177331130951643,
-0.00041329540545120835,-0.014799784868955612,
0.011023490689694881,-0.04037080705165863,
-0.03246553614735603,0.06135425716638565,
-0.00529446080327034,0.018818169832229614,
-0.018673285841941833,0.00029809604166075587,
0.013338918797671795,-0.009148062206804752,
-0.03219185397028923,0.0007027857354842126,
-0.01178427692502737,-0.02056054212152958,
-0.009176739491522312,0.008296259678900242,
0.029240703210234642,0.014985227026045322,
-0.0006139116012491286,0.02190163917839527,
0.001013235654681921,0.005428450647741556,
-0.009356079623103142,0.012145128101110458,
0.0005925620207563043,0.03902113437652588,
-0.034053076058626175,0.009402241557836533,
-0.021578749641776085,-0.044649992138147354,
0.01851685158908367,-0.011749747209250927,
-0.026023192331194878,-0.014978516846895218,
-0.006175627466291189,-0.00025822731549851596,
-0.013410653918981552,0.02434065192937851,
0.011347698047757149,0.021883489564061165,
0.011150345206260681,0.006070734933018684,
-0.018949387595057487,0.02288404107093811,
-0.027214067056775093,-0.02209065482020378,
-0.049385759979486465,0.009760071523487568,
0.036161478608846664,0.0011550165945664048,
0.015046950429677963,-0.017379146069288254,
-0.01818627305328846,-0.0059776934795081615,
0.000327852729242295,0.01595626398921013,
-0.018689468502998352,0.02216053381562233,
0.008882238529622555,-0.05402737110853195,
0.015863623470067978,-0.016718469560146332,
0.0007564437109977007,0.04340096935629845,
0.015807880088686943,-0.0013045230880379677,
-0.01922999881207943,0.013812297955155373,
0.028039513155817986,-0.024868307635188103,
0.010104760527610779,0.017447151243686676,
0.020329346880316734,-0.01685163751244545,
-3.0327517379191704e-05,0.005138568114489317,
0.017756635323166847,0.032668739557266235,
-0.007842756807804108,0.025066718459129333,
-0.048215657472610474,-0.013089802116155624,
0.027552850544452667,-0.0033878812100738287,
-0.016446102410554886,-0.033113427460193634,
0.012860623188316822,0.07398451864719391,
0.008566812612116337,-0.01116421353071928,
-0.02695588767528534,0.013201969675719738,
0.02383814938366413,-0.009645745158195496,
0.014046146534383297,0.00326367374509573,
0.008192767389118671,0.005362893454730511,
0.03536185249686241,-0.014779609628021717,
0.00698874332010746,0.0347980260848999,
0.024113884195685387,-0.024044176563620567,
0.011075880378484726,0.019769709557294846,
0.053771790117025375,-0.06054171919822693,
0.03984189033508301,-0.008336612023413181,
-0.025982823222875595,0.024033207446336746,
0.021498646587133408,-0.00449466472491622,
0.012972300872206688,0.019058797508478165,
-0.00910987053066492,0.026549702510237694,
-0.03373900428414345,0.030948475003242493,
0.004370921291410923,0.00820071715861559,
0.020701898261904716,0.016544707119464874,
0.01495719887316227,-0.010917785577476025,
0.03591376915574074,0.03221198916435242,
-0.006615516263991594,0.046557411551475525,
0.01604410447180271,0.00696572195738554,
0.030566580593585968,0.005894873291254044,
0.005728024523705244,-0.014721443876624107,
0.01965288631618023,-0.012280064634978771,
0.013772290199995041,-0.004501704592257738,
0.02790064364671707,0.0035299542360007763,
0.002642815699800849,-0.0408012792468071,
0.02324354462325573,-0.002325482899323106,
0.04665210470557213,-0.017515186220407486,
0.01291653886437416,-0.0020694148261100054,
-0.0191512294113636,0.0016670133918523788,
-0.022493433207273483,0.022418303415179253,
0.0585467703640461,0.005971960257738829,
-0.015791289508342743,-0.003397189313545823,
-0.004952938761562109,-0.005817265249788761,
-0.015538032166659832,-0.005658410489559174,
0.02567254565656185,-0.009879068471491337,
0.02512132003903389,-0.015314572490751743,
0.0031864652410149574,0.023559045046567917,
-0.0024716327898204327,0.006189282517880201,
-0.027433330193161964,0.050185393542051315,
0.03361818194389343,-0.04338496923446655,
-0.028917113319039345,-0.032913077622652054,
-0.005845641251653433,0.011537154205143452,
-0.005942569114267826,0.0046464805491268635,
0.0030265599489212036,0.018865205347537994,
-0.02083231322467327,0.010816184803843498,
-0.012396702542901039,-0.0687989592552185,
-0.02260715886950493,-0.0046067857183516026,
0.023782627657055855,0.011796887032687664,
0.03884582221508026,0.027371622622013092,
0.01355839055031538,0.004478864371776581,
-0.010903586633503437,-0.00970653910189867,
-0.019788620993494987,0.000612941337749362,
-0.022623956203460693,-0.010866519063711166,
0.002185002202168107,0.0014683762565255165,
0.0242780614644289,0.009596576914191246,
0.021403174847364426,-0.015907032415270805,
-0.018351001664996147,0.050225965678691864,
0.016401924192905426,0.028324825689196587,
0.006893590558320284,-0.035517286509275436,
-0.026386218145489693,-0.012081410735845566,
-0.005713192280381918,-0.05021418258547783,
0.04561670124530792,-0.01768219843506813,
0.009552516974508762,-0.03029377944767475,
-0.01835051365196705,0.014022349379956722,
-0.013557318598031998,0.01702101156115532,
-0.01852385327219963,0.028907490894198418,
-0.041130948811769485,-0.005958025809377432,
-0.006897755898535252,0.004047611262649298,
-0.007743598893284798,-0.003805572632700205,
-0.010328470729291439,-0.014974643476307392,
0.005566065665334463,-0.007089925464242697,
-0.00016384040645789355,-0.0009096817811951041,
-0.023686520755290985,0.01380316074937582,
0.01938638463616371,0.040545571595430374,
-0.02189728245139122,0.03790845721960068,
-0.024710828438401222,0.005439196713268757,
0.02261950634419918,-0.0005982090369798243,
-0.0007635668735019863,-0.020740030333399773,
0.005956287495791912,-0.02153720147907734,
-0.014611806720495224,0.030694136396050453,
-0.025244474411010742,-0.02960573509335518,
0.01797850802540779,0.006440755445510149,
-0.010849827900528908,0.01723506860435009,
-0.0005418842774815857,-0.0026440657675266266,
-0.0008838337962515652,-0.00425972742959857,
0.01653212681412697,0.030566474422812462,
-0.0006749111926183105,-0.019885731860995293,
-0.029399370774626732,0.04022673889994621,
0.0033888034522533417,-0.00958220660686493,
0.00849368516355753,0.022626113146543503,
0.007155294064432383,-0.0010973475873470306,
0.001083123730495572,-0.007155278231948614,
-0.026830578222870827,-0.009914793074131012,
0.02165931835770607,0.020964166149497032,
0.031776491552591324,-0.015828518196940422,
-0.002914656652137637,-0.03783072531223297,
0.02659432403743267,0.015333114191889763,
0.012329594232141972,-0.04862204194068909,
-0.04255456477403641,-0.019500501453876495,
-0.007097277790307999,0.05762393772602081,
-0.017329556867480278,0.0455271415412426,
0.0012485048500820994,0.02071295492351055,
-0.005216583143919706,0.048833951354026794,
-0.018756691366434097,-0.004804591648280621,
-0.059425048530101776,-0.025836238637566566,
-0.019208522513508797,-0.038523804396390915,
-0.006876414176076651,0.034606654196977615,
-0.032607123255729675,-0.03551081195473671,
-0.012061039917171001,0.00806374941021204,
0.00671995198354125,-0.010190782137215137,
0.01811647042632103,0.005060678347945213,
0.012668976560235023,0.0024957407731562853,
-0.0028391412924975157,-0.0819581151008606,
-0.015788428485393524,0.01471033226698637,
0.004922810476273298,0.01943834312260151,
-0.010978354141116142,0.03893779590725899,
-0.03889443725347519,-0.013393356464803219,
-0.004393398761749268,0.019198749214410782,
-0.0377567894756794,-0.03749812766909599,
-0.009047416038811207,0.01715211756527424,
-0.01693514734506607,-0.016899166628718376,
0.031036680564284325,0.028302432969212532,
0.04493807628750801,-0.001521162106655538,
-0.005827002692967653,-0.026293503120541573,
0.017732076346874237,-0.042689546942710876,
0.023397840559482574,0.04160077124834061,
0.01271307747811079,0.025924667716026306,
0.04173681139945984,0.010447039268910885,
-0.025113873183727264,-0.012583296746015549,
-0.0003546135267242789,0.002695168601348996,
0.010200366377830505,0.027578270062804222,
0.006702318321913481,-0.004991080611944199,
-0.010646378621459007,0.02365584298968315,
-0.0200435109436512,0.01570502668619156,
-0.0007197685772553086,0.011131792329251766,
0.010646522045135498,-0.00864565372467041,
0.0004186576115898788,-0.01108850073069334,
-0.0027937735430896282,0.014805019833147526,
0.018334459513425827,-0.016854828223586082,
-0.02854185365140438,-0.020024023950099945,
-0.005885504186153412,-0.018669649958610535,
0.0013677385868504643,-0.04945959895849228,
-0.017796453088521957,0.021333258599042892,
0.00010747474152594805,0.01715231128036976,
0.014941444620490074,-0.01992364414036274,
-0.03390135616064072,0.0003639768110588193,
-0.006516727153211832,-0.0002441365213599056,
0.0012217293260619044,0.0011671584798023105,
0.021806487813591957,-0.0005897349328733981,
-0.033721502870321274,-0.02774105966091156,
0.0027928065974265337,0.032417554408311844,
0.03334604576230049,0.03232278302311897,
0.015667054802179337,-0.00753767928108573,
0.025890331715345383,-0.026139991357922554,
-0.0036329682916402817,0.018933938816189766,
-0.01930338330566883,-0.034057918936014175,
0.01780836284160614,-0.007128183729946613,
0.007090670522302389,0.011210731230676174,
-0.025996927171945572,-0.028342287987470627,
-0.00933094136416912,0.008537852205336094,
-0.004696561023592949,-0.0024278878699988127,
-0.010575998574495316,0.0479511059820652,
-0.0038132858462631702,-0.02741912752389908,
0.023721745237708092,-0.007404170464724302,
-0.00018071279919240624,0.014767013490200043,
-0.029245752841234207,0.019847536459565163,
0.035203661769628525,0.003265662584453821,
0.03359498456120491,-0.015871698036789894,
-0.020231297239661217,-0.009374633431434631,
0.020712945610284805,-0.008380226790904999,
0.016229355707764626,-0.013399790972471237,
0.046900760382413864,0.018384061753749847,
0.03245547041296959,0.018992166966199875,
-0.03194653242826462,-0.02899130992591381,
0.004232299979776144,0.018942810595035553,
0.025330442935228348,-0.008340498432517052,
-0.008697785437107086,0.005711963865906,
0.040156248956918716,0.0243124570697546,
0.006616461090743542,-0.01835588552057743,
-0.007430363446474075,0.012838657945394516,
0.005312481429427862,-0.018362095579504967,
-0.018346307799220085,0.0024224179796874523,
-0.02340003289282322,-0.000613997399341315,
-0.00011269850801909342,-0.013703218661248684,
-0.023546166718006134,-0.012422159314155579,
0.020845070481300354,0.004685614258050919,
0.006346988491714001,-0.008289310149848461,
0.035132475197315216,0.0354631133377552,
0.01087276916950941,0.004799272399395704,
0.0005498340469785035,0.012553133070468903,
0.032348524779081345,-0.01054676715284586,
-0.007773727178573608,0.038264200091362,
0.021437324583530426,0.002628931775689125,
0.0022413190454244614,-0.029817353934049606,
0.0006302527035586536,-0.02110869251191616,
-0.023072591051459312,0.030239153653383255,
0.033434756100177765,-0.04341807961463928,
0.007504592649638653,-0.027039997279644012,
0.011362221091985703,-0.046330519020557404,
6.315437349257991e-05,-0.0017199020367115736,
0.00851082056760788,0.0009168147807940841,
0.0192277692258358,-0.03125986084342003,
-0.023139968514442444,0.005181548651307821,
-0.04524534195661545,0.005318679381161928,
0.021317310631275177,-0.005978137720376253,
-0.019382841885089874,0.02040974237024784,
0.03342368081212044,0.03175920993089676,
-3.411350189708173e-05,-0.025213629007339478,
0.004002765752375126,-0.024822447448968887,
-0.029974304139614105,0.031054047867655754,
0.0015828808536753058,-0.015483688563108444,
0.0009566641529090703,0.008821005001664162,
-0.0009098946466110647,-0.005922646727412939,
0.024770766496658325,0.008621467277407646,
-0.003664147574454546,0.0051561566069722176,
0.024504899978637695,-0.010485632345080376,
-0.004932334180921316,-0.009356075897812843,
-0.016950970515608788,-0.008409203961491585,
0.002883685752749443,0.015149434097111225,
0.011341193690896034,0.015462122857570648,
-0.029321983456611633,0.012728380039334297,
-0.006988993845880032,-0.025168225169181824,
0.018444769084453583,-0.019035395234823227,
-0.0013225801521912217,0.00684563722461462,
0.06245601922273636,-0.0033492986112833023,
0.0027850321494042873,-0.0397808700799942,
0.009700930677354336,-0.003080451861023903,
-0.017824148759245872,-0.03873416408896446,
-0.016216104850172997,0.015738595277071,
0.007485623471438885,-0.009041705168783665,
-0.02114817686378956,-0.036741096526384354,
-0.038986627012491226,-0.008483663201332092,
0.04938172176480293,0.009457997046411037,
0.001640135538764298,0.0022587054409086704,
0.014338631182909012,-0.04126938432455063,
-0.03654170036315918,-0.0038951814640313387,
-0.012440383434295654,-0.00782613642513752,
0.037817683070898056,0.01380628626793623,
0.0016783186001703143,-0.003445698181167245,
-0.010286404751241207,-0.020083772018551826,
0.03803683817386627,0.001041793148033321,
0.009408065117895603,-0.030872328206896782,
0.005228528752923012,-0.010787494480609894,
0.009681527502834797,-0.034410253167152405,
0.03429821506142616,0.015248829498887062,
0.0014631086960434914,-0.034856006503105164,
-0.022243807092308998,0.030588923022150993,
-0.01931869052350521,0.007734305690973997,
0.00011343393271090463,0.0518924742937088,
-0.02857246808707714,0.004312232602387667,
0.009535705670714378,-0.010840274393558502,
0.023211508989334106,-0.014371096156537533,
0.01899690553545952,-0.009839976206421852,
-0.022208403795957565,-0.009250765666365623,
0.024915318936109543,-0.018369929865002632,
0.022595420479774475,-0.010809254832565784,
0.007965312339365482,-0.0041577136144042015,
-0.028331497684121132,0.008287720382213593,
-0.03492003306746483,-0.04590214416384697,
0.040883004665374756,-0.011873549781739712,
-0.036415934562683105,0.01949853077530861,
-0.0014240611344575882,-0.015812626108527184,
-0.026423892006278038,-0.02126014418900013,
-0.032961681485176086,0.014575681649148464,
-0.03604254871606827,0.029831960797309875,
-0.015281646512448788,0.04917311295866966,
0.001706543960608542,-0.02469751052558422,
0.0006311954348348081,-0.009118935093283653,
0.02889968454837799,0.008816387504339218,
0.010776152834296227,0.0091191241517663,
0.0012973978882655501,0.0066209156066179276,
0.03722234070301056,-0.018830619752407074,
-0.0482991561293602,0.016197793185710907,
-0.025752844288945198,-0.03403914347290993,
-0.0031628210563212633,-0.010522124357521534,
-0.005105432588607073,0.015733279287815094,
0.0004975530318915844,0.005872884765267372,
0.00440963776782155,-0.003943696152418852,
-0.030906444415450096,0.0006645719986408949,
-0.004349532071501017,0.01652557961642742,
0.025531699880957603,0.04065326228737831,
0.01847238279879093,-0.0055960095487535,
-0.002618649508804083,0.03146690875291824,
0.02287556603550911,-0.01499269250780344,
0.023955175653100014,-0.008883900009095669,
-0.029124421998858452,0.007952969521284103,
-0.016917798668146133,0.0036053068470209837,
0.00645874347537756,-0.004443357232958078,
-0.03234318271279335,0.054241977632045746,
-0.0036663368809968233,0.005853943061083555,
0.038860950618982315,-0.0073238555341959,
-0.010172699578106403,-0.0004629730246961117,
-0.005227063782513142,0.02272982895374298,
0.011589396744966507,0.011759964749217033,
0.005173318088054657,0.037065986543893814,
0.049553751945495605,-0.01535225659608841,
-0.019399696961045265,0.02263706736266613,
0.022956613451242447,-0.038995370268821716,
-0.017491333186626434,-0.013079160824418068,
-0.04121948406100273,-0.04520845785737038,
0.0011572320945560932,-0.0037036410067230463,
-0.011435729451477528,-0.008011099882423878,
0.006465321872383356,0.019091421738266945,
-0.01591210998594761,0.02214992605149746,
-0.04657896235585213,0.007625287398695946,
-0.00791657529771328,0.03564818203449249,
0.040934592485427856,-0.016947466880083084,
-0.01990021951496601,0.01609068177640438,
0.0071096536703407764,0.015870418399572372,
0.00030579761369153857,0.04737583175301552,
-0.027532486245036125,-0.004533750470727682,
-0.01623481512069702,-0.014511598274111748,
-0.007422997150570154,0.018522294238209724,
-0.0038952133618295193,-0.016508756205439568,
-0.00795462541282177,0.012310421094298363,
0.011301811784505844,-0.024032318964600563,
-0.008705486543476582,-0.018199320882558823,
0.003929574973881245,-0.03557080775499344,
0.00247236923314631,0.019842112436890602,
-0.040377240628004074,0.011483238078653812,
-0.019490204751491547,0.0006776988157071173,
-0.029276320710778236,-0.005719731096178293,
-0.005033510737121105,0.006183745805174112,
-0.016838079318404198,-0.008930831216275692,
0.006826196331530809,-0.004803395830094814,
-0.030958663672208786,0.019220035523176193,
-0.022006375715136528,-0.021861588582396507,
0.019516238942742348,0.02454172819852829,
0.015052452683448792,0.009414926171302795,
-0.010722367092967033,-0.028851833194494247,
-0.009524735622107983,-0.010646332986652851,
0.03383773937821388,-0.0024945312179625034,
-0.04228051006793976,0.0011993100633844733,
0.03035011701285839,0.006478509865701199,
-0.03608083352446556,0.0416797436773777,
-0.02095845714211464,0.02253398671746254,
0.03682974725961685,-0.027629397809505463,
0.0032565335277467966,0.0008877807995304465,
0.029615065082907677,-0.016287758946418762,
0.004848385229706764,-0.010055983439087868,
-0.02787700481712818,-0.00822192057967186,
-0.01566121354699135,0.013343561440706253,
0.024703357368707657,-0.007656008005142212,
-0.028629107400774956,0.024132324382662773,
0.02838245965540409,-0.0038720194716006517,
0.019953664392232895,-0.042649149894714355,
-0.008062460459768772,-0.0254030954092741,
-0.0010032837744802237,-0.03657548502087593,
-0.02051219344139099,0.0022947273682802916,
-0.011791481636464596,0.06531725078821182,
0.013411035761237144,0.02171481028199196,
-0.03642753139138222,0.006185788661241531,
-0.010564269497990608,0.015952305868268013,
0.024409094825387,-0.021844657137989998,
0.007329343352466822,0.03127913922071457,
-0.056080207228660583,-0.02415171079337597,
0.02568928338587284,0.007915756665170193,
-0.006502936128526926,-0.0031331838108599186,
-0.012102816253900528,-0.03295503556728363,
0.007118361536413431,-0.017921315506100655,
-0.02811201848089695,0.014197667129337788,
0.00027366590802557766,-0.0015408701729029417,
-0.02621484361588955,0.020980339497327805,
-0.042005471885204315,0.01661701314151287,
-0.003356602508574724,0.009023090824484825,
-0.023022299632430077,-0.0269071776419878,
-0.027424830943346024,0.023044804111123085,
-0.009951328858733177,0.014639309607446194,
0.014397953636944294,0.023743443191051483,
0.01026150118559599,-0.0251550804823637,
-0.012454701587557793,-0.011471693404018879,
-0.007857195101678371,0.00428233714774251,
0.022886386141180992,-0.009488221257925034,
0.007227366324514151,0.007785719819366932,
0.004100743215531111,0.01728077605366707,
-0.014966081827878952,0.033336035907268524,
-0.007818780839443207,0.014058618806302547,
0.028801364824175835,0.02739083394408226,
0.005537669640034437,-0.011487266048789024,
-0.003915964160114527,0.032972075045108795,
0.03735893964767456,-0.02454986423254013,
-0.006945768371224403,-0.003984660841524601,
-0.034301936626434326,-0.05056888982653618,
-0.012599989771842957,0.003961742855608463,
0.00775069510564208,-0.030715731903910637,
0.013611812144517899,-0.003966237884014845,
-0.0112052783370018,0.032649796456098557,
-0.003826560452580452,-0.0010069619165733457,
-0.02423761785030365,-0.007215800695121288,
-0.0061323381960392,0.018383486196398735,
0.002347322879359126,0.0350213386118412,
0.02360907755792141,-0.04820433631539345,
0.028536958619952202,-0.01321601215749979,
-0.02257397025823593,0.02069126069545746,
0.007609805092215538,-0.006445963867008686,
-0.03017757460474968,0.011460588313639164,
-0.00771322101354599,-0.014328126795589924,
-0.01218552514910698,-0.01027003675699234,
0.03465336188673973,-0.007231809664517641,
-0.0481557697057724,0.00011339163029333577,
0.02941332943737507,0.013707450591027737,
0.013392744585871696,0.007149524986743927,
-0.006331590004265308,0.011946922168135643,
0.034194059669971466,0.004002112429589033,
-0.018797442317008972,0.0017741621704772115,
-0.024801798164844513,0.0014584255404770374,
0.008527170866727829,-0.009232920594513416,
-0.019187459722161293,-0.028101272881031036,
0.027752911671996117,-0.018904898315668106,
-0.04527563974261284,0.03472372144460678,
-0.010602260939776897,0.0057758460752666,
-0.02471284382045269,-0.01680806465446949,
0.02551380544900894,0.00027902767760679126,
-0.005062907002866268,-0.00742139620706439,
-0.03516928851604462,0.015365966595709324,
0.009675663895905018,-0.04024602845311165,
0.019683824852108955,0.016551898792386055,
-0.013672844506800175,-0.031600356101989746,
0.032102085649967194,0.020815454423427582,
0.018217774108052254,0.01222703605890274,
0.00045651011168956757,-0.04416469857096672,
-0.012011210434138775,0.013549158349633217,
0.023390240967273712,-0.03929858282208443,
0.010020057670772076,-0.018856117501854897,
-0.026190796867012978,-0.015656230971217155,
0.029883643612265587,0.018366770818829536,
0.005347921047359705,-0.009596241638064384,
-0.014452587813138962,-0.008030174300074577,
0.0014714435674250126,0.04072393849492073,
0.0360407680273056,0.000592970522120595,
-0.023107707500457764,-0.010598134249448776,
0.006047536619007587,0.008291427977383137,
0.01408357173204422,0.030004672706127167,
-0.013961360789835453,-0.028820481151342392,
-0.0309083741158247,-0.024105031043291092,
0.01651128940284252,-0.03408155217766762,
0.01277560368180275,0.028299128636717796,
-0.0017368928529322147,0.00935826450586319,
0.019063347950577736,0.024556616321206093,
-0.009688190184533596,-0.01605088636279106,
-0.012495381757616997,0.0006968361558392644,
-0.016134295612573624,0.07284871488809586,
-0.04900692030787468,-0.010477877222001553,
0.01063754316419363,-0.035063933581113815,
-0.02218821831047535,-0.0347498394548893,
0.0008676487486809492,0.0020343121141195297,
-0.00708127673715353,-0.023472342640161514,
0.024394745007157326,-0.009126364253461361,
0.005856513977050781,-0.010334511287510395,
0.014975092373788357,0.05437760427594185,
-0.00942319817841053,0.013941377401351929,
-0.009381137788295746,0.0069089955650269985,
0.016365811228752136,-0.00465233251452446,
0.0006477907299995422,0.05317879468202591,
0.013121388852596283,-0.011348464526236057,
-0.04378810524940491,-0.03841555491089821,
0.0447387620806694,-0.025956662371754646,
-0.012223473750054836,-0.011254404671490192,
0.00989152118563652,-0.012158352881669998,
0.0033919543493539095,-0.01585966907441616,
-0.0003420526918489486,0.004016293212771416,
0.005707805976271629,-0.020622525364160538,
0.015289046801626682,-9.467006020713598e-05,
-0.014820195734500885,-0.023925859481096268,
-0.004029625561088324,-0.01753569021821022,
0.01915738917887211,0.015545632690191269,
0.0025078265462070704,0.029710667207837105,
-0.01661834865808487,-3.14624048769474e-05,
0.002910310635343194,0.011918400414288044,
0.006836242973804474,0.01626170612871647,
-0.005665215197950602,-0.01752788946032524,
0.020810063928365707,0.024839205667376518,
-0.027967747300863266,0.017959238961338997,
0.03778737410902977,-0.019776877015829086,
0.01293251570314169,0.030230052769184113,
0.026553019881248474,0.017312072217464447,
-0.005844685714691877,-0.001829119399189949,
0.01970493048429489,0.03275413438677788,
0.0354810394346714,-0.0023378783371299505,
0.05922485515475273,0.027489272877573967,
0.026342611759901047,-0.02181478962302208,
0.010740685276687145,-0.02257222682237625,
0.013181095942854881,-0.017074087634682655,
0.016225546598434448,0.04907332360744476,
-0.031108301132917404,-0.02826928347349167,
-0.010434139519929886,0.007769790943711996,
-0.011074588634073734,-0.004732874222099781,
-0.026766952127218246,-0.02160152792930603,
0.025034602731466293,-0.014005851931869984,
-0.02465328760445118,0.006806657183915377,
-0.0197646114975214,-0.024645822122693062,
0.001839889562688768,0.015547296032309532,
0.013047865591943264,-0.0028347275219857693,
-0.012244664132595062,-0.024355417117476463,
-0.02010447531938553,-0.0008917775121517479,
0.002095072064548731,-0.0038497773930430412,
0.0009049492655321956,0.05687631294131279,
0.023573996499180794,-0.007154946215450764,
-0.0037662237882614136,-0.03850140795111656,
-0.0021362986881285906,0.00034568036790005863,
0.011203572154045105,-0.03605839982628822,
-0.02732975222170353,-0.006203516852110624,
0.004158051684498787,0.0055528259836137295,
0.0011772217694669962,0.0006326174479909241,
-0.023241110146045685,0.015008057467639446,
0.024656904861330986,0.029028557240962982,
-0.034838248044252396,-0.012041064910590649,
0.029246866703033447,0.020875398069620132,
0.00941684190183878,-0.0009882623562589288,
-0.008975847624242306,-0.011128390207886696,
-0.04178750887513161,0.018883349373936653,
0.0005531785427592695,0.003004338825121522,
-0.010099485516548157,-0.020757265388965607,
0.00845140591263771,-0.0019071577116847038,
0.016009202226996422,0.03298913687467575,
0.021604862064123154,0.024995960295200348,
0.03295786678791046,-0.0022250546608120203,
0.017436036840081215,0.02166815474629402,
-0.034696973860263824,0.019070789217948914,
0.025696583092212677,-0.03372684493660927,
0.030187705531716347,0.024382108822464943,
0.012438955716788769,-0.003594771260395646,
0.034010838717222214,-0.029646197333931923,
0.0015542615437880158,0.002483629621565342,
-0.005382210481911898,-0.001201797742396593,
-0.04019041359424591,-0.039950769394636154,
-0.038852956146001816,0.006363871973007917,
0.00973256304860115,0.004899269435554743,
0.023105863481760025,-0.025625580921769142,
-0.020739195868372917,0.023536305874586105,
0.045015737414360046,0.013399830088019371,
0.020592501387000084,-0.03899245709180832,
-0.020488979294896126,0.028971003368496895,
0.01876419223845005,-0.015933632850646973,
0.048269614577293396,0.01868785172700882,
-0.001632607658393681,-0.011209161020815372,
-0.004887023940682411,-0.04400669410824776,
-0.01550235040485859,-0.007580250967293978,
0.00792623870074749,-0.017417438328266144,
-0.027177469804883003,-0.0071731191128492355,
-0.011362983845174313,-0.00024192595446947962,
0.007011003792285919,0.0167019572108984,
0.03921959549188614,-0.015642216429114342,
0.023801380768418312,-0.005745522677898407,
0.011124297976493835,0.005600855220109224,
0.009262580424547195,0.007123914547264576,
0.011917942203581333,0.021632401272654533,
-0.007002305705100298,0.01335933804512024,
0.01638397015631199,-0.03048604726791382,
-0.022104449570178986,-0.028524106368422508,
0.0023609825875610113,0.012726561166346073,
-0.01531840767711401,-9.918394061969593e-05,
0.018094364553689957,0.02726370468735695,
-0.027099132537841797,-0.016176098957657814,
-0.030640859156847,-0.0025276460219174623,
0.008661169558763504,0.005685480777174234,
-0.01686554029583931,0.02632926031947136,
0.007856830954551697,-0.018227024003863335,
0.03327985107898712,-0.020900042727589607,
0.002268164185807109,-0.01794133335351944,
0.008282777853310108,-0.0186269823461771,
0.010113414376974106,0.03058037720620632,
-0.04467759653925896,0.008988605812191963,
-0.012417463585734367,0.011364340782165527,
0.025155508890748024,0.020426321774721146,
0.03430679440498352,-0.015589778311550617,
0.009688673540949821,0.010024802759289742,
0.010318133980035782,0.002612984972074628,
-0.019041575491428375,-0.0021478128619492054,
-0.05091782659292221,0.008497635833919048,
0.012433034367859364,0.023801486939191818,
0.0064949397929012775,-0.005077051930129528,
0.0031005316413939,-0.013762946240603924,
-0.01954537443816662,-0.03144855052232742,
-0.0219570342451334,-0.0024653617292642593,
-0.001857686904259026,-0.005390126258134842,
0.018835678696632385,0.018500924110412598,
0.022882450371980667,-0.025205373764038086,
0.02989187277853489,-0.021288083866238594,
-0.01629154197871685,-0.003363226307556033,
-0.014151213690638542,0.009309837594628334,
-0.002108674729242921,0.02198020927608013,
-0.028866246342658997,-0.005856690462678671,
-0.03135387599468231,0.030137332156300545,
-0.006939262617379427,0.016563287004828453,
-0.02929609827697277,-0.00041521815001033247,
0.002965332008898258,0.00020838975615333766,
6.09127055213321e-05,-0.009238084778189659,
-0.018567923456430435,-0.016491148620843887,
-0.004609543364495039,-1.096900177799398e-05,
-0.025075208395719528,0.023079026490449905,
-0.01481067854911089,0.02251822128891945,
-0.005837652366608381,0.011499041691422462,
0.004434379283338785,-0.035500846803188324,
-0.014583787880837917,-0.014530419372022152,
0.023293817415833473,0.011270628310739994,
0.009026458486914635,-0.023279279470443726,
0.0033912176731973886,-0.012636430561542511,
-0.0013349385699257255,-0.012867972254753113,
-0.006430201698094606,0.02672864869236946,
-0.016234194859862328,-0.0007528343121521175,
0.015003210864961147,0.014397917315363884,
-0.024221541360020638,0.0038923637475818396,
-0.059595245867967606,-0.0025982193183153868,
0.004467654041945934,0.060386624187231064,
-0.011928104795515537,0.01013325434178114,
-0.005702293943613768,-0.0263530220836401,
0.027012567967176437,0.009171346202492714,
0.021946590393781662,0.01556843426078558,
-0.031484454870224,0.039413150399923325,
0.007039177697151899,-0.009244304150342941,
0.013726633042097092,0.007827985100448132,
-0.025416145101189613,0.01689966395497322,
0.026441995054483414,0.0006786910817027092,
-0.03863919526338577,-0.029953371733427048,
0.01330293994396925,-0.002232340630143881,
0.024600258097052574,-0.019573165103793144,
0.038947466760873795,0.017557743936777115,
-0.031549181789159775,0.04160613939166069,
-0.0010677195386961102,0.028904886916279793,
0.007979664020240307,0.0018912989180535078,
0.006600894965231419,0.015424992889165878,
0.009357454255223274,0.03777456283569336,
-0.004403362981975079,-0.014685284346342087,
0.0014035954372957349,0.027619609609246254,
0.012299778871238232,0.02748286910355091,
-0.022409897297620773,-0.008543391712009907,
-0.03917213901877403,0.01038604136556387,
-0.011843319982290268,0.018764467909932137,
-0.005798406433314085,-0.010843927972018719,
-0.04572519287467003,0.003846293780952692,
0.008025756105780602,-0.00235460652038455,
-0.050584856420755386,0.035136520862579346,
-0.0011778330663219094,0.004090891685336828,
0.00719101820141077,0.028851905837655067,
-0.008180485107004642,0.043549664318561554,
0.01151746604591608,0.00668178079649806,
0.043386310338974,0.01851528324186802,
0.02948184870183468,-0.013983866199851036,
0.013386435806751251,0.012530072592198849,
-0.0004051032883580774,0.012305136770009995,
-0.005545518826693296,-0.008387386798858643,
-0.0180093701928854,-0.010518056340515614,
0.0001610060135135427,0.01168075017631054,
0.009859624318778515,-0.025282924994826317,
-0.009945305064320564,-0.009032403118908405,
0.00963093526661396,-0.017523080110549927,
-0.04068087413907051,0.017691856250166893,
-0.024700304493308067,-0.022711211815476418,
0.02840888872742653,0.024409566074609756,
-0.03151515871286392,-0.009447903372347355,
0.024198854342103004,0.017610793933272362,
0.02384018339216709,-0.028502926230430603,
0.047761157155036926,0.017214816063642502,
-0.002857653424143791,-0.015424471348524094,
0.03274929150938988,-0.035611316561698914,
0.026698309928178787,-0.0065139420330524445,
-0.006890729069709778,-0.0006207504775375128,
-0.042701464146375656,0.014331689104437828,
0.01654568873345852,0.03553643450140953,
-0.01365797221660614,0.014619381166994572,
0.003983271308243275,0.05686640366911888,
-0.01021261140704155,-0.0010650941403582692,
0.001858233124949038,-0.010871917940676212,
-0.008736657910048962,0.013100690208375454,
0.02289654314517975,-0.023133445531129837,
0.003459036583080888,-0.026633843779563904,
-0.007133082021027803,-0.03498851880431175,
-0.0064484355971217155,0.018466385081410408,
0.002206568606197834,0.005882644094526768,
-0.034622982144355774,-0.01806708052754402,
0.026381874457001686,0.009321802295744419,
-0.05076444894075394,-0.03555223345756531,
-0.018579963594675064,0.04502595216035843,
-0.0028847975190728903,0.045325253158807755,
0.019436893984675407,0.02847903035581112,
-0.05168647691607475,-0.0059957802295684814,
0.0034583115484565496,0.0020860338117927313,
-0.03166497126221657,0.004713616333901882,
0.0344095304608345,-0.037063952535390854,
0.024381790310144424,-0.03237663581967354,
0.0034474385902285576,0.02367781475186348,
-0.024324407801032066,0.02299562096595764,
0.014570312574505806,0.03884366899728775,
0.018750466406345367,-0.0067182788625359535,
-0.00092614273307845,0.07408663630485535,
0.006710445042699575,-0.03780532628297806,
-0.020252184942364693,-0.015090609900653362,
0.00411431398242712,-0.05614670738577843,
0.033615246415138245,0.04835311695933342,
-0.014431740157306194,0.04660845920443535,
0.018518246710300446,-0.007203560322523117,
-0.006258239038288593,-0.001824198174290359,
-0.0049779387190938,0.024879565462470055,
0.01657327637076378,-0.01311678346246481,
0.0321233831346035,0.012766468338668346,
-0.01991591788828373,-0.010394200682640076,
0.03877069428563118,0.010345407761633396,
0.0402119904756546,6.849639612482861e-05,
0.024914070963859558,0.003940806724131107,
0.022847002372145653,-0.029287107288837433,
-0.05779692530632019,-0.01026679202914238,
-0.002914483193308115,-0.014868522994220257,
0.013384535908699036,0.012868858873844147,
-0.005636502057313919,-0.006442618556320667,
-0.011912280693650246,0.026612333953380585,
0.0023155093658715487,-0.017747754231095314,
-0.013905525207519531,-0.000280930835288018,
0.01413201354444027,0.006072287447750568,
0.0064738099463284016,0.018894512206315994,
0.00963064469397068,0.003997060935944319,
-0.0100999241694808,-0.036876827478408813,
0.009888425469398499,0.002125677652657032,
-0.0240629892796278,-0.047054365277290344,
0.03956536576151848,-0.01553387101739645,
0.017725780606269836,0.0020266652572900057,
0.018360333517193794,0.027412284165620804,
0.002666312735527754,0.03674493357539177,
0.015040675178170204,0.020387018099427223,
-0.0037352254148572683,-0.02214614860713482,
0.005675320513546467,0.009331163950264454,
0.016943389549851418,0.024869922548532486,
-0.027220720425248146,-0.019349230453372,
0.0068334476090967655,-0.014266050420701504,
-0.007772127166390419,0.021234901621937752,
0.001005510101094842,-0.0124942846596241,
-0.0033410300966352224,-0.016578907147049904,
-0.040363859385252,-0.041940756142139435,
0.007271365262567997,0.0158206969499588,
-0.031628333032131195,0.013136811554431915,
-0.010842373594641685,-0.006734748370945454,
0.03925922140479088,0.023143034428358078,
0.033107757568359375,-0.007450694218277931,
0.02189144678413868,-0.030283886939287186,
0.0364188626408577,-0.006922115106135607,
0.014437666162848473,0.020665572956204414,
0.005517537705600262,0.0007427639211528003,
0.02425474114716053,-0.0236467607319355,
-0.008517501875758171,-0.02708274871110916,
0.008381313644349575,0.007533318363130093,
-0.004008713643997908,-0.002204015152528882,
-0.031981345266103745,-0.01599172316491604,
0.0388944037258625,0.012360966764390469,
0.00985841453075409,-0.009570137597620487,
-0.04613373428583145,3.322567863506265e-05,
0.012191937305033207,-0.005531333386898041,
-0.008785669691860676,0.02623729780316353,
0.019749535247683525,0.02191069908440113,
0.015882618725299835,-0.003026702208444476,
-0.009614648297429085,0.01986677758395672,
-0.0342254713177681,-0.020712928846478462,
-0.017491456121206284,0.011974800378084183,
-0.0058314502239227295,0.014620999805629253,
0.0185064896941185,0.011134554632008076,
0.018546076491475105,-0.035706378519535065,
-0.05535876750946045,-0.02864578738808632,
0.0009706226410344243,-0.011450344696640968,
-0.007155730854719877,-0.013209170661866665,
0.014250761829316616,0.016498062759637833,
0.0006690758164040744,0.0058631934225559235,
-0.006679692771285772,-0.005965197458863258,
0.006380096077919006,0.0023202383890748024,
-0.02565421536564827,-0.0008557052933610976,
-0.043394431471824646,0.02838069200515747,
0.0005315020098350942,-0.01968557946383953,
-0.008158638142049313,0.02755541168153286,
-0.07752513140439987,0.03529522940516472,
-0.011000887490808964,-0.02471071295440197,
-0.01029681321233511,-0.018156787380576134,
0.001029481878504157,-0.004045551642775536,
5.0711765652522445e-05,-0.008853964507579803,
0.022253934293985367,0.006035548634827137,
-0.04512335732579231,-0.012247560545802116,
-0.0274540726095438,0.005656218156218529,
0.0416237898170948,0.01923404447734356,
-0.0058402083814144135,0.018913675099611282,
0.0035367882810533047,-0.020074760541319847,
0.015223925933241844,0.02090369164943695,
0.018830766901373863,0.022512385621666908,
-0.0017580424901098013,-0.004850849509239197,
-0.010394507087767124,0.015986381098628044,
-0.025931602343916893,-0.03828506916761398,
0.024589145556092262,-0.006845965050160885,
-0.009160906076431274,0.02876998856663704,
0.0004596829821821302,-0.019295919686555862,
-0.024119028821587563,0.026910822838544846,
0.008605112321674824,-0.010502970777451992,
0.007114895619452,0.019482258707284927,
-0.0056882938370108604,0.016560977324843407,
-0.015522747300565243,0.02340974472463131,
0.035774219781160355,0.024336954578757286,
-0.004916048608720303,0.026513012126088142,
-0.00895853340625763,0.017383158206939697,
-0.04227015748620033,-0.018724430352449417,
0.006775690708309412,-0.00838644988834858,
0.038808438926935196,0.00773458881303668,
-0.002269383519887924,-0.016413582488894463,
0.0518043078482151,-0.04354029893875122,
-0.033083364367485046,-0.0015371491899713874,
0.02122560515999794,0.03593631461262703,
0.0326080322265625,0.01274088304489851,
0.005824681371450424,0.018006984144449234,
0.023429619148373604,-0.02504216879606247,
-0.005259045399725437,-0.008665109053254128,
-0.0065092421136796474,0.011352811008691788,
-0.033062681555747986,-0.002315232763066888,
-0.009141895920038223,-0.007654240820556879,
-0.016310913488268852,0.034460943192243576,
-0.023937534540891647,0.021007303148508072,
-0.011546451598405838,0.015359874814748764,
0.021929217502474785,-0.00546331238001585,
-0.04830583930015564,0.029691457748413086,
0.005381986033171415,0.021433690562844276,
0.0161749180406332,-0.0082852179184556,
-0.007045728620141745,-0.021135978400707245,
0.03874753415584564,-0.01712607406079769,
0.018525661900639534,0.007527712732553482,
0.02359021268785,-0.009189755655825138,
-0.0036804783158004284,0.0028583614621311426,
-0.02385992556810379,0.03828047588467598,
-0.033308032900094986,-0.037610337138175964,
0.010870035737752914,0.0029172177892178297,
0.03468663617968559,0.011403484269976616,
0.018226472660899162,-0.00258065527305007,
0.03617385774850845,0.016569549217820168,
0.011867073364555836,0.03331767022609711,
0.030025454238057137,0.011101098731160164,
-0.01943647861480713,0.00340052368119359,
-0.020572803914546967,0.043871112167835236,
-0.006612446624785662,-0.00031409767689183354,
-0.00285292137414217,0.0017823268426582217,
-0.012232673354446888,-0.002641807310283184,
-0.02718697488307953,-0.010901256464421749,
0.02433670125901699,-0.033277347683906555,
0.029592527076601982,-0.056047968566417694,
0.014308483339846134,-0.029910016804933548,
-0.02031472884118557,-0.03255610540509224,
0.00664834538474679,-0.00409832363948226,
-0.02865525521337986,-0.0059370421804487705,
-0.005767666269093752,-0.00293795601464808,
0.02021801471710205,-0.0074705625884234905,
0.0025181348901242018,-0.02478308416903019,
0.00437828479334712,-0.0048531536012887955,
0.012794949114322662,-0.040834467858076096,
0.024425841867923737,0.01848030835390091,
0.011514496058225632,0.032067812979221344,
-0.01801346056163311,-0.004129549954086542,
-0.010635284706950188,0.023996826261281967,
-0.0069822752848267555,0.020105889067053795,
0.029397716745734215,0.0526515394449234,
0.0287469495087862,0.000549435499124229,
-0.03165893256664276,-0.025291014462709427,
-0.005476794671267271,0.0208797138184309,
0.00803676899522543,0.0024437694810330868,
0.02007484994828701,-0.018887409940361977,
0.00614983169361949,0.007332421373575926,
-0.03091844543814659,0.00694426940754056,
-0.007293510716408491,-0.007863233797252178,
0.016915615648031235,0.00925972405821085,
-0.017222458496689796,0.009863190352916718,
-0.00012776225048583,0.01743052899837494,
0.03103095293045044,-0.02457599900662899,
0.010206458158791065,-0.02286776341497898,
0.0060364678502082825,-0.015364418737590313,
0.007217744365334511,0.022160788998007774,
-0.014550420455634594,-0.012433836236596107,
0.035239942371845245,0.04743657261133194,
0.0170051958411932,-0.03418635204434395,
0.007817336358129978,0.01972145028412342,
-0.007415267638862133,-0.020097488537430763,
0.007482385728508234,-0.004396696109324694,
0.03570583835244179,0.042238928377628326,
0.004705686122179031,-0.04169474542140961,
0.04065319523215294,-0.01813066378235817,
0.00891236774623394,-0.01758783683180809,
-0.004034359473735094,0.00025173998437821865,
0.033035118132829666,0.04574579373002052,
0.07218794524669647,0.039535414427518845,
0.0018540500896051526,0.009046414867043495,
0.011177442967891693,0.017307249829173088,
0.0223594531416893,-0.03979196026921272,
0.020135488361120224,0.02731028012931347,
-0.003892231499776244,-0.038248851895332336,
-0.014168444089591503,0.02347569726407528,
-0.00042157337884418666,-0.010892985388636589,
0.004459768999367952,0.009024318307638168,
0.014736027456820011,-0.008614549413323402,
-0.01646091416478157,-0.031289104372262955,
0.038546111434698105,0.00013159742229618132,
0.03486343100667,0.012206307612359524,
-0.03336116671562195,0.007143470458686352,
-0.015667403116822243,0.008708481676876545,
0.0017182327574118972,0.01843905821442604,
0.002584320493042469,0.01790172979235649,
0.008935287594795227,-0.018066707998514175,
-0.019755860790610313,-0.014376765117049217,
-0.012307594530284405,0.027541421353816986,
-0.015447903424501419,0.00862487219274044,
-0.02077707275748253,0.013170480728149414,
-0.00861909706145525,0.012542519718408585,
-0.025615205988287926,-0.03904946893453598,
-0.011169335804879665,0.03121206723153591,
-0.06413149833679199,-0.050510916858911514,
0.018162071704864502,-0.0173491183668375,
0.014845684170722961,-0.02368832752108574,
0.020307201892137527,-0.019708404317498207,
-0.00855109840631485,-0.0012110978132113814,
0.013130992650985718,-0.0371648371219635,
0.050241850316524506,-0.011956805363297462,
0.01681417226791382,-0.00796492863446474,
0.0029577251989394426,0.011876110918819904,
-0.0015055027324706316,-0.029808800667524338,
0.034912142902612686,0.02000110223889351,
-0.05074025318026543,0.020779484882950783,
-0.016069581732153893,-0.016674257814884186,
-0.011461259797215462,0.012017312459647655,
-0.02540428191423416,-0.06452722102403641,
-0.019897302612662315,-0.00930827483534813,
-0.019903097301721573,0.008647901937365532,
-0.004801453091204166,-0.01931995153427124,
-0.0066248090006411076,0.03212643042206764,
-0.0019602333195507526,0.011247845366597176,
-0.029084188863635063,0.01095320750027895,
0.011517073027789593,-0.017734434455633163,
-0.024782981723546982,0.009921414777636528,
-0.012987037189304829,-0.024122947826981544,
-0.006123777013272047,0.001244957442395389,
0.007118017878383398,-0.004264713265001774,
-0.001512873568572104,-0.0031373717356473207,
-0.0019080383935943246,0.033792074769735336,
-0.040024321526288986,-0.02231677435338497,
0.02098851278424263,-0.005090407561510801,
-0.020534558221697807,-0.020579759031534195,
0.037629615515470505,-0.015314528718590736,
0.012566029094159603,0.02679392322897911,
-0.01635715365409851,-0.013558560982346535,
0.030049730092287064,-0.01078256219625473,
0.020460469648241997,0.0016234448412433267,
0.0032060113735497,-0.01582380011677742,
0.02573709562420845,-0.00847974605858326,
-0.03069492243230343,-0.03116973489522934,
0.05000452697277069,-0.022516505792737007,
-0.00435014208778739,-0.0007827844237908721,
0.037413351237773895,-0.04039977490901947,
-0.009633027017116547,-0.027541738003492355,
0.03617669269442558,-0.016980966553092003,
-0.007351051550358534,-0.013750310055911541,
0.05043163150548935,-0.011438937857747078,
0.003959359135478735,-0.008903175592422485,
-0.011519779451191425,0.01008605770766735,
0.010352220386266708,-0.05408593267202377,
0.020335938781499863,-0.045780569314956665,
-0.0144741116091609,-0.02585785835981369,
0.00464378297328949,0.02197101153433323,
-0.01049494557082653,-0.023945402354002,
-0.02396581694483757,-0.022700881585478783,
0.030666323378682137,-0.007727718912065029,
-0.0024865244049578905,-0.02585430070757866,
0.020861642435193062,-0.016978098079562187,
-0.03824925050139427,-0.030149180442094803,
-0.0024800184182822704,-0.024969281628727913,
-0.005853808019310236,-0.0016086592804640532,
1.4500618817692157e-05,0.0361102931201458,
-0.01631631702184677,0.0014166567707434297,
-0.0034706993028521538,0.04135023429989815,
0.009723787195980549,0.0034706497099250555,
-0.013276821002364159,0.0024466102477163076,
-0.021240776404738426,-0.023203477263450623,
0.005829134490340948,-0.029970617964863777,
-0.0018972563557326794,0.00632496876642108,
-0.016243401914834976,-0.02012213133275509,
0.009596087038516998,0.012870263308286667,
-0.005472399294376373,0.02162223868072033,
-0.003475063480436802,-0.017705095931887627,
0.0016222335398197174,-0.038675565272569656,
0.016167182475328445,0.014908908866345882,
-0.017015067860484123,0.010215679183602333,
-0.02038118615746498,-0.015428131446242332,
0.026705630123615265,0.031931474804878235,
0.006471988745033741,0.00808349996805191,
0.006336791906505823,-0.007893317379057407,
0.02167413756251335,0.0513986274600029,
0.012855932116508484,-0.010684305801987648,
0.007773068733513355,-0.04129527509212494,
0.013880439102649689,0.01650693453848362,
-0.029266204684972763,0.011900175362825394,
0.03722382336854935,0.03529788926243782,
-0.01372990757226944,-0.006288537755608559,
0.004656950943171978,0.0021129639353603125,
-0.008830110542476177,-0.0060150097124278545,
0.0011001854436472058,-0.010474476963281631,
0.0023432064335793257,-0.01704862341284752,
-0.01740221679210663,0.015479057095944881,
0.057104747742414474,-0.022663984447717667,
-0.015807341784238815,-0.030539676547050476,
-0.002107795560732484,0.054171785712242126,
-0.012569430284202099,0.02829854190349579,
-0.009185203351080418,0.025961820036172867,
-0.00955000426620245,0.03190845996141434,
-0.0045103644952178,0.028128279373049736,
0.003695969469845295,0.020255500450730324,
0.029057085514068604,-0.0055665080435574055,
0.00343729043379426,0.005222813691943884,
0.018497947603464127,-0.005201074760407209,
0.011243273504078388,0.011431285180151463,
0.02719344198703766,0.013780109584331512,
-0.0036612541880458593,-0.018274787813425064,
0.01702810451388359,0.00889226421713829,
-0.012147503904998302,-0.023998523131012917,
0.0018158754101023078,-0.024814050644636154,
0.00100544816814363,0.001350725651718676,
0.03311051428318024,-0.005113879684358835,
-0.024212079122662544,-0.02180965431034565,
0.012463973835110664,-0.012027198448777199,
-0.013785403221845627,-0.0028748081531375647,
-0.001810695743188262,0.0007482758956030011,
0.014232994057238102,-0.003034605411812663,
0.010363159701228142,0.006146550644189119,
-0.006008464377373457,-0.022619465366005898,
-0.06641636043787003,-0.01721721515059471,
-0.002072748960927129,0.02440653368830681,
0.05318191275000572,-0.0016214757924899459,
0.0024112998507916927,-0.0024374076165258884,
-0.0368640199303627,0.004360547289252281,
-0.02000579796731472,-0.04193943366408348,
0.0319024994969368,-0.04697269946336746,
-0.01487933099269867,-0.04519214853644371,
-0.01612408086657524,0.025710372254252434,
0.02411777712404728,-0.003022900316864252,
-0.02476431243121624,-0.014335342682898045,
-0.050456877797842026,-0.00920704286545515,
0.014128580689430237,-0.006598581559956074,
0.04590699449181557,-0.009075506590306759,
3.806270979112014e-05,0.021261069923639297,
-0.002881406107917428,-0.006050096824765205,
0.0026856418699026108,0.02123240754008293,
-0.01810026355087757,-0.0031567735131829977,
0.04423481225967407,0.017373623326420784,
0.0006864226306788623,0.013139847666025162,
-0.040536101907491684,0.0218440480530262,
-0.014374927617609501,0.0453542023897171,
-0.03178123012185097,-0.010794072411954403,
0.00694486266002059,-0.015664970502257347,

pkj_actor,pkj_actor.weight
-0.026835408061742783
-0.055320825427770615
0.2769574224948883
0.7024049162864685
-0.10940080881118774
-0.22717756032943726
-0.3245987594127655
0.08880046755075455
-0.3248843550682068
0.09630638360977173
0.5203729867935181
0.5908647775650024
-0.2723247706890106
-0.08469744771718979
-0.025756381452083588
-0.34266480803489685
-0.016621438786387444
-0.018661418929696083
-0.009996595792472363
-0.006814272608608007
-0.003904088633134961
0.0049455431289970875
0.0018282370874658227
-0.0036150270607322454
-0.006829835940152407
-0.03338329493999481
-0.019341278821229935
0.03643149137496948
-0.006975928787142038
-0.04479673132300377
-0.03926461189985275
0.06798207759857178
-0.16998529434204102
-0.1795891970396042
0.4062099754810333
0.6755267977714539
-0.20084723830223083
-0.24058519303798676
-0.15003405511379242
0.18323373794555664
-0.41744932532310486
0.14951002597808838
0.5098704099655151
0.5845128893852234
-0.2931405305862427
-0.09554776549339294
0.12637408077716827
-0.05551815778017044
-0.09460266679525375
-0.1900191605091095
0.2893691956996918
0.4244442284107208
-0.32621878385543823
-0.1527682989835739
-0.2790479362010956
0.2794989049434662
-0.40550416707992554
-0.0019553550519049168
0.1923488974571228
0.5873335003852844
-0.3017798066139221
-0.014072652906179428
0.36846718192100525
0.6169236302375793
-0.09087325632572174
-0.1290053129196167
0.35617363452911377
0.6317279934883118
-0.16124838590621948
-0.21866445243358612
-0.18870007991790771
0.26174405217170715
-0.2225014716386795
-0.03224924951791763
0.4649623930454254
0.5990042090415955
-0.17756658792495728
0.041703954339027405
0.15606047213077545
0.14925594627857208
0.24658852815628052
-0.14950650930404663
0.801163911819458
-0.028683846816420555
-0.12476890534162521
0.22902975976467133
-0.15428712964057922
-0.4973433315753937
-0.09965521842241287
-0.5090533494949341
-0.47901642322540283
0.13100089132785797
-0.3744519054889679
0.08626312017440796
-0.5660367012023926
-0.6421710252761841
-0.1960521638393402
-0.13527266681194305
0.32984915375709534
0.5813366770744324
-0.32386624813079834
-0.27851828932762146
-0.23252780735492706
0.26618242263793945
-0.35035789012908936
-0.08666933327913284
0.44199347496032715
0.7654819488525391
-0.295756459236145
0.1393987387418747
0.13051556050777435
-0.03476078808307648
0.02680744230747223
-0.029095662757754326
-0.005090553779155016
0.007144861854612827
0.08902823179960251
0.0009853712981566787
0.039386067539453506
0.07212206721305847
0.01750064268708229
0.002174359280616045
0.011739213950932026
0.02449606917798519
-0.10238640755414963
0.018244046717882156
-0.01329096406698227
-0.009310978464782238
0.1487162709236145
0.0006020512664690614
-0.06784609705209732
-0.381670743227005
-0.2169300615787506
-0.12214545905590057
-0.25593873858451843
-0.4259076714515686
0.2537347674369812
-0.5037766695022583
-0.4033002555370331
-0.25744980573654175
0.3956667482852936
-0.04356095939874649
-1.2146934270858765
-1.2002878189086914
0.018243931233882904
-0.020623808726668358
0.030845070257782936
-0.05716176703572273
-0.028528785333037376
-0.0858943834900856
-0.04350781813263893
0.08910267055034637
-0.027861354872584343
-0.0073257614858448505
-0.03410247713327408
0.0724068284034729
-0.004896570462733507
0.10721089690923691
-0.004687432665377855
-0.05206800997257233
0.2352564036846161
0.09676241874694824
-0.08015428483486176
0.1561247557401657
-0.6427854895591736
0.08685629069805145
-0.08628707379102707
-0.07724081724882126
-0.33290335536003113
0.21534907817840576
0.13179504871368408
-0.029391832649707794
0.21578653156757355
0.09216031432151794
0.13487891852855682
-0.42122435569763184
0.19907596707344055
0.023182909935712814
-0.13327451050281525
-0.3297257423400879
-0.289607971906662
-0.07305992394685745
-0.15089531242847443
-0.3202292025089264
0.3025033473968506
-0.4992986023426056
-0.4468826353549957
-0.04183882474899292
0.20947784185409546
-0.08577623218297958
-0.5837098360061646
-0.9774762988090515
0.4410257339477539
0.07333054393529892
0.39067140221595764
-0.25855693221092224
-0.4585056006908417
0.27416396141052246
-0.030667854472994804
-0.43738260865211487
0.04542239010334015
-0.1772291213274002
-0.3093801438808441
-0.2851100564002991
0.11745550483465195
0.08961443603038788
-0.11434631049633026
-0.6735291481018066
0.3611965477466583
0.02525852434337139
0.5227695107460022
0.16300103068351746
-0.26081591844558716
0.12701143324375153
0.13198129832744598
-0.12715791165828705
0.14473947882652283
-0.07122013717889786
0.02861781232059002
0.20111903548240662
0.23675183951854706
0.08059428632259369
-0.440748929977417
-0.6813461184501648
-0.04206020012497902
-0.07750021666288376
-0.020016994327306747
0.005869406741112471
-0.07504235208034515
-0.007890565320849419
-0.010115825571119785
-0.03061678260564804
0.09366067498922348
0.04219397157430649
0.021989844739437103
0.018406102433800697
-0.05513012036681175
-0.07700537890195847
-0.010374492965638638
-0.05819617956876755
0.21178796887397766
-0.10188792645931244
0.6682915091514587
0.029500700533390045
-0.12848146259784698
0.11635875701904297
-0.07880712300539017
-0.5128037333488464
0.004228414036333561
-0.31812429428100586
-0.41816675662994385
0.27049311995506287
-0.20868398249149323
-0.031504154205322266
-0.3546413779258728
-0.5157286524772644
-0.08832020312547684
0.09542873501777649
0.05672946944832802
0.42252445220947266
-0.03933918848633766
0.050963327288627625
0.03750329092144966
0.27246248722076416
-0.0004418529861140996
-0.07502330839633942
0.21204137802124023
0.03967658057808876
0.23277217149734497
-0.029560396447777748
0.48721662163734436
0.2868497967720032
0.19539549946784973
-0.011868884786963463
0.0025177497882395983
0.2349686473608017
-0.184099942445755
-0.05347970873117447
0.018869549036026
-0.3485812544822693
0.2704757750034332
-0.2453075498342514
-0.208278089761734
0.189131498336792
0.11652395129203796
0.10580287873744965
-0.3738904297351837
-0.7873961329460144
0.4449242055416107
0.09057045727968216
0.20905029773712158
0.20423880219459534
-0.3303910195827484
0.43748095631599426
0.27076825499534607
-0.11317796260118484
-0.6133012175559998
0.053466860204935074
0.14567145705223083
0.2718769311904907
-0.1007772833108902
0.10937419533729553
-0.20676055550575256
-0.6307132840156555
0.36999890208244324
0.11143404990434647
0.01366193126887083
0.32975661754608154
-0.0683755949139595
-0.04031618684530258
-0.17299313843250275
-0.1199997290968895
-0.30259034037590027
0.20831122994422913
0.31404349207878113
0.26528599858283997
-0.10362426191568375
0.32797011733055115
0.10107085853815079
-0.35467711091041565
-0.021183334290981293
0.013918577693402767
0.019701406359672546
0.013415321707725525
-0.02649252861738205
-0.04164554923772812
0.039434898644685745
-0.042013950645923615
0.006058303639292717
0.014979117549955845
0.07847920805215836
0.0824972614645958
0.01179723720997572
0.040581438690423965
0.016767248511314392
0.0036426049191504717
-0.0811382457613945
0.014810054562985897
-0.010174427181482315
0.0379316471517086
-0.03791043534874916
-0.03083779662847519
0.027223212644457817
0.01396121084690094
0.012594437226653099
-0.051491811871528625
-0.06293714046478271
-0.03776821121573448
0.05750685930252075
-0.050101060420274734
0.03273014724254608
0.02621905319392681
0.15783444046974182
-0.08324111998081207
0.34955206513404846
-0.014146659523248672
0.007086742669343948
-0.11793970316648483
-0.42937353253364563
-0.37324976921081543
0.5756219029426575
-0.5252445936203003
0.12597444653511047
0.19403408467769623
-0.011766786687076092
-0.1042705625295639
-0.6396747827529907
-0.5116578340530396
0.17624224722385406
-0.14016953110694885
0.6227829456329346
0.296745628118515
-0.050914473831653595
0.11101426184177399
0.17000506818294525
-0.10594461113214493
-0.07630116492509842
-0.21065865457057953
0.22113671898841858
0.3820463716983795
-0.16185671091079712
0.04416127875447273
0.004661060404032469
-0.37115004658699036
-0.005593286361545324
-0.1169508844614029
0.23675404489040375
0.5423673391342163
-0.31014692783355713
-0.09555590897798538
-0.18349888920783997
0.15226463973522186
-0.2953798472881317
-0.026007385924458504
0.41545239090919495
0.7817654609680176
-0.28002652525901794
-0.027793539687991142
0.503363311290741
0.586804211139679
0.2406366616487503
-0.12989075481891632
0.2980422079563141
0.391416072845459
-0.08189115673303604
-0.02799815498292446
-0.07960773259401321
-0.12533798813819885
0.06608324497938156
-0.4531717896461487
-0.22529147565364838
0.2536765933036804
-0.022286858409643173
0.05776580423116684
-0.4457489550113678
-0.49948880076408386
0.18761512637138367
0.059987109154462814
0.19677734375
-0.012227076105773449
-0.3903040289878845
0.16906793415546417
0.08697924762964249
-0.2021922767162323
-0.2946602702140808
-0.08275903016328812
-0.19973193109035492
-0.07016586512327194
-0.08664437383413315
0.14466442167758942
-0.4923345744609833
-0.7117614150047302
0.030666138976812363
0.009547395631670952
0.02959374152123928
0.011630963534116745
-0.01491045206785202
0.05256858468055725
0.026285216212272644
0.015582486055791378
0.06936774402856827
0.02671317756175995
0.04416963830590248
-0.08807867020368576
0.06954212486743927
-0.01564023643732071
0.02127060666680336
3.811336500803009e-05
0.23240208625793457
-0.27566656470298767
0.3148237466812134
0.5123818516731262
-0.14623689651489258
-0.003525384468957782
-0.17510868608951569
0.26537057757377625
-0.15690769255161285
-0.1105312630534172
0.28731298446655273
0.8263694643974304
-0.3279256224632263
0.06264225393533707
0.21123863756656647
0.1780209094285965
0.04234863817691803
-0.06020987406373024
0.07528754323720932
-3.069584636250511e-05
-0.07459119707345963
-0.0001713949750410393
0.027741950005292892
-0.06087667867541313
-0.016847766935825348
0.11884907633066177
0.06382429599761963
-0.08818638324737549
-0.07794271409511566
0.03217427805066109
-0.016808928921818733
-0.0681341141462326
0.05050785839557648
-0.1128854900598526
0.055937349796295166
0.2777291238307953
-0.27438801527023315
0.04646063968539238
-0.03177216276526451
-0.16582384705543518
0.18133391439914703
-0.24765409529209137
-0.21204769611358643
0.13153474032878876
0.1907954066991806
0.37186479568481445
-0.46610209345817566
-0.4262906312942505
0.2066444605588913
0.10588625073432922
0.038831766694784164
0.30141741037368774
-0.3246671259403229
0.2922405004501343
0.06336409598588943
0.30596083402633667
-0.12090478837490082
0.22623935341835022
0.33063578605651855
0.46619847416877747
0.23718607425689697
0.2235269695520401
0.22075508534908295
0.1807832419872284
-0.21045295894145966
-0.027217263355851173
-0.1959722638130188
-0.5894184708595276
-0.16472405195236206
-0.09195594489574432
-0.16855300962924957
-0.07104857265949249
0.06697583943605423
-0.08385147899389267
0.4281475245952606
0.03107357583940029
-0.36422839760780334
-0.19511154294013977
-0.17329391837120056
-0.6809800267219543
-0.007461898028850555
0.10719135403633118
0.02796940878033638
0.03633592650294304
-0.023744069039821625
-0.06949841976165771
-0.037809498608112335
-0.049491118639707565
0.0690329298377037
0.0036422531120479107
0.03969781473278999
0.042672496289014816
0.07529556751251221
-0.04340192675590515
0.04678697884082794
-0.02150934562087059
-0.13789917528629303
-0.0854380652308464
-0.33519646525382996
-0.6522577404975891
-0.171868696808815
-0.12337873876094818
-0.07636295258998871
-0.02063138224184513
0.1916286200284958
0.04976199194788933
0.3608042597770691
0.12662602961063385
-0.15433934330940247
-0.12258920818567276
-0.20367805659770966
-0.5079793930053711
-0.021077003329992294
0.0056801438331604
-0.20946751534938812
-0.5544071793556213
-0.08312845975160599
0.06377904117107391
-0.14390479028224945
-0.17726965248584747
0.19570748507976532
0.009376835078001022
0.1423458456993103
0.1353367567062378
-0.261899471282959
-0.19241589307785034
-0.13869498670101166
-0.3810301423072815
-0.14008313417434692
-0.009734303690493107
-0.1391916424036026
-0.5984572768211365
-0.032142218202352524
-0.03537673130631447
-0.1864212453365326
-0.03578374534845352
0.19120092689990997
-0.08965662121772766
0.1711214929819107
0.06738579273223877
-0.1221182644367218
-0.02216123789548874
-0.11800064146518707
-0.5511422753334045
-0.4271889626979828
-0.28724902868270874
-0.563918948173523
-1.2159241437911987
-0.1664104014635086
-0.5647273063659668
-0.9697142243385315
-0.9806137084960938
-0.2448137104511261
-0.6158778071403503
-0.7309110164642334
-0.28357189893722534
-0.5626696944236755
-0.4761904776096344
-0.5966379046440125
-1.14752197265625
-0.132948100566864
0.0003580478369258344
-0.2579939067363739
-0.4903360605239868
-0.028855854645371437
-0.031990740448236465
-0.08095826953649521
-0.027039628475904465
0.3033870756626129
-0.06502283364534378
0.300498902797699
0.10457917302846909
-0.28128939867019653
-0.0689067617058754
-0.12322942912578583
-0.5464251637458801
0.06875057518482208
0.040320850908756256
-0.05324273183941841
0.006767990067601204
0.015596482902765274
0.10693680495023727
0.01640188880264759
0.021718928590416908
-0.02652762457728386
-0.015342216938734055
0.09529190510511398
-0.02903064154088497
0.010730414651334286
0.002409209730103612
0.06352345645427704
-0.01934635452926159
-0.39162346720695496
-0.4366277754306793
-0.8139529228210449
-1.162493348121643
-0.38623902201652527
-0.8970338106155396
-0.9802899360656738
-0.9014192223548889
-0.38957178592681885
-1.0186775922775269
-0.7469268441200256
-0.6897652745246887
-0.6930172443389893
-0.505867600440979
-1.0341171026229858
-1.467108964920044
-0.032849691808223724
0.012713845819234848
0.009059956297278404
-0.011971601285040379
0.04425164684653282
0.03714487701654434
0.0022532744333148003
0.001910540508106351
-0.04533286392688751
0.049797479063272476
-0.02487066574394703
-0.03629840537905693
-7.86287182563683e-06
0.004240707028657198
-0.016167424619197845
-0.054024841636419296
-0.3813093304634094
-0.2998937964439392
-0.2767457664012909
-0.5776625275611877
-0.47709161043167114
-0.5100695490837097
-0.8538379669189453
-0.43033072352409363
-0.48203280568122864
-0.5948944687843323
-0.21622328460216522
-0.3574880361557007
-0.7786555886268616
-0.43381860852241516
-0.5006556510925293
-0.7790953516960144
-0.4557008445262909
-0.3056778907775879
-0.6175199747085571
-1.183833122253418
-0.4607584476470947
-0.868536114692688
-1.017024040222168
-0.9642444252967834
-0.21460334956645966
-1.010077714920044
-0.658168613910675
-0.6467041969299316
-0.7599664926528931
-0.6403595805168152
-0.9993705153465271
-1.6574681997299194
-0.5821227431297302
-0.44139447808265686
-0.5437497496604919
-0.9845103025436401
-0.5256965160369873
-0.7118562459945679
-1.2716926336288452
-0.9262862801551819
-0.6235417127609253
-0.8824476003646851
-0.803761899471283
-0.8120933175086975
-0.7456937432289124
-0.5844236016273499
-0.5676823854446411
-1.1794854402542114
-0.5675796270370483
-0.49749597907066345
-0.9722762107849121
-1.0901992321014404
-0.42772045731544495
-0.8016151189804077
-1.4317660331726074
-0.7830108404159546
-0.3662416934967041
-0.9489073753356934
-0.3849645256996155
-0.3619326949119568
-0.9985652565956116
-0.6466184854507446
-0.557295024394989
-1.092432975769043
-0.013055697083473206
-0.07761919498443604
-0.03618259355425835
-0.0728418231010437
0.03848076984286308
0.015303588472306728
0.12100325524806976
0.025099091231822968
0.017508316785097122
-0.0019346580374985933
-0.028286414220929146
-0.07169240713119507
-0.09814302623271942
0.05635621026158333
-0.04991364851593971
-0.008525642566382885
-0.3228284418582916
-0.29528069496154785
-0.46062275767326355
-0.8134215474128723
-0.1173945888876915
-0.5660222768783569
-0.9136170148849487
-0.7681630253791809
-0.19782884418964386
-0.5129562020301819
-0.7084887623786926
-0.3020106852054596
-0.5425793528556824
-0.5203322172164917
-0.56312096118927
-1.016257643699646
0.00481370510533452
-0.07657682150602341
-0.11531498283147812
-0.3849286139011383
0.004386491607874632
0.02704814448952675
0.15470243990421295
-0.2551117241382599
0.036362987011671066
0.0063689714297652245
0.11816340684890747
-0.07006142288446426
-0.01793990470468998
0.0466228686273098
0.11938206106424332
-0.08206387609243393
-0.4550040662288666
-0.3687051832675934
-0.5533630847930908
-0.7989020347595215
-0.42850372195243835
-0.8701232075691223
-0.9258937835693359
-0.7738614678382874
-0.24450631439685822
-0.9729539155960083
-0.36464542150497437
-0.36196234822273254
-0.6967857480049133
-0.30406928062438965
-0.7942140698432922
-1.4440586566925049
-0.5892002582550049
-0.4104635715484619
-0.18895289301872253
-0.40750083327293396
-0.7063769698143005
-0.43311458826065063
-0.9059568643569946
-0.4791316092014313
-0.8690462708473206
-0.6575402021408081
-0.3206305503845215
-0.13921742141246796
-1.172723650932312
-0.7178136706352234
-0.41276106238365173
-0.994006872177124
-0.5298055410385132
-0.30847668647766113
-0.23791638016700745
-0.21079884469509125
-1.0329517126083374
-0.276935875415802
-0.7526965141296387
-0.5757319927215576
-1.3819273710250854
-0.43398794531822205
-0.20894554257392883
-0.14002402126789093
-1.2842600345611572
-0.5593916177749634
-0.3013313412666321
-0.8287287950515747
0.04834266006946564
-0.04190026596188545
0.03490355983376503
0.01048958208411932
0.03775176778435707
-0.009821685031056404
-0.019387703388929367
-0.04681852087378502
0.029585324227809906
0.009543526917696
0.006282968912273645
-0.04631204530596733
0.057613641023635864
-0.002261945977807045
0.03866887092590332
0.04777078703045845
0.03779887035489082
-0.035070572048425674
0.0031715782824903727
0.04856320470571518
-0.005345839541405439
0.05494723469018936
0.00806686095893383
0.024510376155376434
-0.025939254090189934
-0.006629712413996458
-0.06873814761638641
0.006193351000547409
0.01726439781486988
-0.020650262013077736
-0.04522380605340004
0.01381880696862936
-0.3558824062347412
-0.34582945704460144
-0.607010006904602
-1.057702660560608
-0.24690870940685272
-0.6252930164337158
-0.7114188075065613
-0.8090245723724365
-0.3563370704650879
-0.7605887651443481
-0.10474889725446701
-0.22719083726406097
-0.5813619494438171
-0.36776942014694214
-0.3455567955970764
-0.9760515093803406
-0.40038037300109863
-0.316587895154953
-0.4351807236671448
-0.41546395421028137
-0.16022445261478424
-0.42953312397003174
-0.9606608748435974
-0.4172004461288452
-0.2547202706336975
-0.5466164350509644
-0.38441935181617737
-0.12245704233646393
-0.6667202711105347
-0.4973903298377991
-0.3081985414028168
-0.9133222103118896
-0.08406274765729904
-0.08587995171546936
-0.17894677817821503
-0.5193372964859009
0.052746403962373734
-0.033574074506759644
-0.09410787373781204
-0.027361799031496048
0.18668922781944275
-0.06572414934635162
0.32468754053115845
0.3286529779434204
-0.17411480844020844
-0.05189497768878937
-0.16375774145126343
-0.5086738467216492
-0.3793809413909912
-0.5093966126441956
-0.9056689143180847
-0.937244176864624
-0.3363416790962219
-0.7248150706291199
-0.8095348477363586
-0.4456443786621094
-0.372414767742157
-0.8327837586402893
-0.4676516354084015
-0.4113413691520691
-0.810068666934967
-0.7178028225898743
-0.5649857521057129
-1.0372443199157715
-0.37794923782348633
-0.26921629905700684
-0.40635210275650024
-0.7481135725975037
-0.20243993401527405
-0.5157437920570374
-1.0309983491897583
-0.6437174677848816
-0.272616446018219
-0.6200082302093506
-0.6608765125274658
-0.5409855246543884
-0.717803418636322
-0.44350630044937134
-0.7357285618782043
-1.0095716714859009
0.0011834099423140287
-0.06974371522665024
0.025860022753477097
0.07619782537221909
0.04499899968504906
-0.0027592757251113653
0.05014900118112564
0.012749388813972473
-0.010859214700758457
0.011063653975725174
0.010607482865452766
0.003003206569701433
-0.0032767001539468765
0.016472790390253067
-0.05824963003396988
-0.007202422711998224
-0.18627996742725372
-0.24427828192710876
-0.2051674723625183
-0.7591139674186707
-0.11141057312488556
0.06042177975177765
-0.2115674912929535
-0.09764811396598816
0.02072961814701557
-0.11095377057790756
0.25325560569763184
0.11145617067813873
-0.3436940908432007
-0.24407729506492615
-0.11013305187225342
-0.48276999592781067
0.06349780410528183
-0.023063432425260544
-0.03910186514258385
-0.07647033780813217
-0.016296371817588806
0.042922016233205795
-0.008999575860798359
-0.01455578114837408
0.012609932571649551
0.05408447980880737
-0.013215768150985241
-0.07008176296949387
0.03504345938563347
-0.08133422583341599
0.047714803367853165
0.03931872174143791
-0.3260993957519531
-0.4188489317893982
-0.348838210105896
-0.7539352774620056
-0.35245609283447266
-0.4732232689857483
-0.76370769739151
-0.5663689374923706
-0.17184051871299744
-0.6893146634101868
-0.4327295124530792
-0.28178489208221436
-0.7195718884468079
-0.2520363926887512
-0.7644671201705933
-1.0507413148880005
-0.5057637095451355
-0.3303905725479126
-0.14216859638690948
-0.36036354303359985
-0.423637330532074
-0.2306935042142868
-0.597149670124054
-0.22244895994663239
-0.19917909801006317
-0.48839297890663147
-0.002230981132015586
-0.030385099351406097
-0.5479114055633545
-0.383424311876297
-0.4514721632003784
-0.3543574810028076
-0.20852811634540558
-0.09735694527626038
-0.12864993512630463
-0.31405097246170044
-0.1811898797750473
0.2039662003517151
0.18983501195907593
0.1406463384628296
-0.08770018815994263
-0.007273399271070957
0.4984574615955353
0.08001939207315445
-0.1843441277742386
-0.1577942818403244
-0.0897667184472084
-0.29231828451156616
0.014235179871320724
0.009008931927382946
0.003740914398804307
0.026301736012101173
0.0038678257260471582
0.009853551164269447
0.05012380704283714
0.02066604606807232
0.007773769553750753
0.06204124540090561
0.043282680213451385
0.0708782970905304
0.041589923202991486
-0.09797036647796631
-0.018758350983262062
-0.008906703442335129
-0.15770533680915833
-0.012039477936923504
-0.30760300159454346
-0.6342799663543701
-0.0749237909913063
0.3615638315677643
0.2786175310611725
0.18061016499996185
0.20182392001152039
0.22814665734767914
0.5042543411254883
0.24086327850818634
-0.12378701567649841
-0.09286931157112122
0.2697850465774536
-0.3892750144004822
-0.008536852896213531
0.03589096665382385
-0.18138420581817627
-0.5375996232032776
-0.1747710257768631
0.43972572684288025
0.10890982300043106
0.07817474752664566
0.2335459589958191
0.1229022890329361
0.3154756724834442
0.1343134194612503
-0.15223008394241333
-0.1890048086643219
0.10775619000196457
-0.09924821555614471
-0.10918857157230377
0.04279765859246254
-0.12426202744245529
-0.6204229593276978
-0.10220550745725632
0.2865092158317566
0.1492803543806076
0.12169419229030609
0.2841896712779999
0.04585745185613632
0.3386387526988983
0.23147568106651306
-0.13659998774528503
-0.06010797619819641
0.11997523158788681
-0.32321929931640625
-0.3475838601589203
-0.2708078920841217
-0.6383517980575562
-1.0204952955245972
-0.2576919198036194
-0.11840805411338806
-0.4669857919216156
-0.877779483795166
-0.3957849442958832
-0.181179940700531
-0.47217369079589844
-0.31697139143943787
-0.5117056369781494
-0.43298864364624023
-0.7054775953292847
-1.247515082359314
-0.06373339891433716
0.05124345049262047
-0.22897835075855255
-0.5398010015487671
-0.09365532547235489
0.44897329807281494
0.23561932146549225
0.23570090532302856
0.3500416576862335
0.02437642030417919
0.4930006265640259
0.22129684686660767
-0.058220114558935165
-0.010466312058269978
0.2490568310022354
-0.343033105134964
-0.00929059088230133
0.005917558912187815
-0.06357113271951675
0.10050353407859802
-0.01824006251990795
-0.09206735342741013
-0.10967646539211273
-0.0072424993850290775
0.01107281818985939
-0.03892763704061508
-0.043360911309719086
-0.08382733911275864
0.07100959867238998
0.004099530167877674
0.03592371940612793
-0.011391096748411655
-0.19633334875106812
-0.297923743724823
-0.5677460432052612
-0.9724964499473572
-0.4486781358718872
-0.3574063777923584
-0.6021935939788818
-0.8536190390586853
-0.6126283407211304
-0.45155176520347595
-0.8536492586135864
-0.9402744770050049
-0.8571625351905823
-0.5289706587791443
-1.3952947854995728
-1.8750489950180054
0.07223114371299744
-0.09571950882673264
-0.026755956932902336
-0.09741095453500748
-0.11935865134000778
-0.058501798659563065
-0.013186879456043243
-0.04080891236662865
-0.018199661746621132
-0.03694735839962959
0.07299324870109558
0.06136278808116913
0.011651214212179184
0.011608735658228397
0.10609860718250275
-0.016780296340584755
-0.41472262144088745
-0.1307767778635025
-0.22188706696033478
-0.395976722240448
-0.616974949836731
-0.3117290735244751
-0.10665138810873032
-0.17184439301490784
-0.5840655565261841
-0.5893408060073853
-0.1660136580467224
-0.47363510727882385
-0.8177013993263245
-0.4062388837337494
-0.5627163052558899
-0.6604511141777039
-0.30673593282699585
-0.2936653196811676
-0.5507202744483948
-1.0372793674468994
-0.47849583625793457
-0.39846205711364746
-0.4769696593284607
-0.6807352304458618
-0.48166343569755554
-0.4218425154685974
-0.8143873810768127
-0.7365575432777405
-0.7493607997894287
-0.38509905338287354
-1.1954402923583984
-1.871247410774231
-0.38556286692619324
-0.44035014510154724
-0.5599075555801392
-0.8508720397949219
-0.5954104661941528
-0.44764578342437744
-0.6976870894432068
-0.7131947875022888
-0.7761988639831543
-0.4784669578075409
-0.6670279502868652
-0.8869699239730835
-0.8219920992851257
-0.6111722588539124
-0.5994707942008972
-1.3301315307617188
-0.5087876319885254
-0.4596553444862366
-0.9302929639816284
-0.8459867835044861
-0.546961784362793
-0.3848828375339508
-0.5758978128433228
-0.4531136453151703
-0.7155318260192871
-0.23832541704177856
-0.19686314463615417
-0.3967403471469879
-0.9356423020362854
-0.6793052554130554
-0.6831637620925903
-1.25271475315094
0.030665915459394455
-0.0191902257502079
-0.014512475579977036
0.07553978264331818
0.0762711614370346
0.08594731986522675
-0.009057159535586834
-0.03728848695755005
-0.05599034205079079
-0.052352048456668854
-0.059453122317790985
-0.01642017811536789
-0.013196790590882301
0.07296424359083176
0.019997984170913696
0.03434747830033302
-0.17797961831092834
-0.2503099739551544
-0.4395265579223633
-0.8883737325668335
-0.16504502296447754
-0.21545599400997162
-0.5305532217025757
-0.5837354063987732
-0.36142677068710327
-0.18897631764411926
-0.560653030872345
-0.369700163602829
-0.5044219493865967
-0.45359817147254944
-0.6098789572715759
-1.0139305591583252
0.09552601724863052
-0.05778371915221214
-0.24471189081668854
-0.6021897196769714
0.0010048585245385766
0.2337295264005661
0.10420459508895874
-0.31411224603652954
0.041754335165023804
0.049419574439525604
-0.02550462633371353
-0.2044404000043869
-0.06508641690015793
0.1624455600976944
0.301880806684494
0.025004534050822258
-0.3772103488445282
-0.2929527759552002
-0.3932653069496155
-0.4965836703777313
-0.5642768740653992
-0.34730929136276245
-0.37386107444763184
-0.4928106367588043
-0.4628017842769623
-0.2592390477657318
-0.46211105585098267
-0.37329477071762085
-0.7799087762832642
-0.38053861260414124
-0.9185987710952759
-1.5143646001815796
-0.6051653027534485
-0.2648254334926605
-0.28095772862434387
-0.3810405135154724
-0.9091110825538635
-0.20899300277233124
-0.19132515788078308
-0.34752050042152405
-1.1363266706466675
-0.6544061899185181
-0.07805657386779785
-0.3135928213596344
-1.1585276126861572
-0.6535890102386475
-0.5446034073829651
-0.9358618855476379
-0.5104652643203735
-0.12777592241764069
-0.19022433459758759
-0.2910977900028229
-1.097435712814331
-0.23558500409126282
-0.1335800439119339
-0.3723418116569519
-1.6829121112823486
-0.6143164038658142
-0.0019397458527237177
-0.14715850353240967
-1.302383303642273
-0.6055685877799988
-0.2463712841272354
-0.9143286943435669
-0.006937028840184212
0.0074621038511395454
-0.03657441958785057
0.050785478204488754
-0.03835112974047661
0.11057264357805252
0.026581084355711937
-0.0705709457397461
0.050298020243644714
-0.02161254733800888
-0.004989605396986008
-0.08870711177587509
0.004133585374802351
-0.0095893619582057
0.03277675807476044
-0.008505691774189472
-0.11238210648298264
-0.004658159334212542
0.052942145615816116
0.0068007539957761765
0.012952898629009724
-0.031178981065750122
-0.008170274086296558
-0.08460994809865952
-0.013689070008695126
0.01706058159470558
-0.0024564526975154877
0.03204108774662018
-0.014137973077595234
-0.004781941417604685
0.035927094519138336
-0.04018213972449303
-0.14348427951335907
-0.30921950936317444
-0.7407313585281372
-0.9606635570526123
-0.3192862868309021
-0.21669122576713562
-0.618348240852356
-0.7806043028831482
-0.5686326026916504
-0.16477344930171967
-0.1366042196750641
-0.3190809190273285
-0.6218737959861755
-0.3644355535507202
-0.5556269288063049
-1.228880524635315
-0.289482057094574
-0.2843675911426544
-0.3948245048522949
-0.41986382007598877
-0.3186667561531067
-0.10803364217281342
-0.3395487666130066
-0.18819519877433777
-0.4781457781791687
-0.07230202108621597
0.0662868320941925
-0.14889098703861237
-0.4893408715724945
-0.4719638526439667
-0.2828749716281891
-0.8783372044563293
-0.16977299749851227
0.04813888669013977
-0.15797355771064758
-0.5629769563674927
-0.009340091608464718
0.33479973673820496
0.13010330498218536
0.1950400173664093
0.24258366227149963
0.12292741239070892
0.4151429533958435
0.40592333674430847
-0.2031528502702713
-0.04695076122879982
0.2493291199207306
-0.3236831724643707
-0.34032142162323
-0.328010231256485
-0.8440538644790649
-0.8569804430007935
-0.4349443018436432
-0.28972336649894714
-0.31050655245780945
-0.24881134927272797
-0.4858311712741852
-0.8235361576080322
-0.38788044452667236
-0.335520476102829
-0.7009360790252686
-0.6002687215805054
-0.5029544830322266
-1.1957323551177979
-0.2796967029571533
-0.3586652874946594
-0.3945431113243103
-0.5953292846679688
-0.2818647623062134
-0.38461440801620483
-0.3127225935459137
-0.5145992040634155
-0.4563083350658417
-0.6567871570587158
-0.3761748969554901
-0.5466899871826172
-0.6653196811676025
-0.47504010796546936
-0.8138967752456665
-1.0902345180511475
0.07330486178398132
-0.00020387944823596627
-6.404499436030164e-05
-0.008764542639255524
-0.07302120327949524
-0.04457975924015045
-0.023801365867257118
0.02552517130970955
0.019828567281365395
0.009653856977820396
0.06277462095022202
-0.011919933371245861
0.06390748172998428
-0.011023296043276787
0.023369070142507553
-0.015120001509785652
-0.20085322856903076
-0.04481308534741402
-0.09734393656253815
-0.6328098177909851
-0.1838732212781906
0.4021783769130707
0.18212947249412537
0.14108455181121826
-0.035012952983379364
0.14817370474338531
0.4448319673538208
0.19956962764263153
-0.30194175243377686
-0.25030869245529175
0.24411220848560333
-0.26706603169441223
-0.04321754723787308
0.022797059267759323
-0.013405270874500275
-0.026510193943977356
-0.050348445773124695
-0.030169960111379623
0.02640135958790779
-0.03214471787214279
0.044473230838775635
-0.004018162377178669
-0.05312957242131233
0.00023635356046725065
-0.021364746615290642
-0.0582631379365921
-0.022938089445233345
0.0016431788681074977
-0.2883668541908264
-0.3568164110183716
-0.12163040786981583
-0.5859959125518799
-0.4961633086204529
-0.12910373508930206
-0.1952962428331375
-0.41568729281425476
-0.38338103890419006
-0.7804707884788513
-0.4478142261505127
-0.38421350717544556
-0.6334988474845886
-0.17878584563732147
-0.7493487000465393
-1.1507195234298706
-0.42290523648262024
-0.20051954686641693
-0.003924714867025614
-0.2628806531429291
-0.4903477430343628
-0.07267060875892639
0.15112651884555817
0.09085401892662048
-0.4346944987773895
-0.5990549921989441
0.1118340715765953
-0.08763094991445541
-0.5383455157279968
-0.30308130383491516
-0.37571653723716736
-0.25456663966178894
0.002658320590853691
0.026813969016075134
0.12260909378528595
-0.04367934167385101
-0.10401038825511932
0.35446834564208984
0.8754770159721375
0.5374844074249268
0.1048615351319313
0.2937906086444855
1.2344821691513062
0.8098160624504089
-0.4290660321712494
-0.24249961972236633
0.02422300912439823
-0.46194010972976685
-0.01312730647623539
-0.07548533380031586
0.05818706750869751
-0.04492662847042084
0.006881690584123135
0.055671993643045425
-0.00029986328445374966
0.06366542726755142
0.04504992812871933
-0.022826721891760826
-0.07087736576795578
-0.032806396484375
-0.06688468903303146
0.015861092135310173
0.028536628931760788
-0.008189225569367409
0.023526815697550774
-0.09139800071716309
-0.008573442697525024
-0.21804478764533997
-0.0021843216381967068
0.36804747581481934
0.8797768950462341
0.45486363768577576
0.27342405915260315
0.23516561090946198
1.3320088386535645
0.7756637930870056
-0.03685120865702629
-0.19217367470264435
0.09675764292478561
-0.376825213432312
0.12428878247737885
0.06622470915317535
0.09367183595895767
-0.17010954022407532
0.07225991785526276
0.48577433824539185
0.7852336764335632
0.407386839389801
0.4402294456958771
0.18453022837638855
1.0680952072143555
0.2429674118757248
-0.07090521603822708
-0.21975970268249512
0.16904611885547638
0.09369704872369766
0.03950338438153267
0.044648949056863785
0.05998605489730835
-0.097657710313797
-0.012167805805802345
0.40059053897857666
0.9102919101715088
0.5597686767578125
0.3873261511325836
0.1491963118314743
1.168574333190918
0.565102219581604
-0.014592887833714485
0.006568288896232843
0.08101539313793182
-0.2616127133369446
-0.28282254934310913
-0.14983952045440674
-0.23937451839447021
-0.8150578737258911
-0.28633031249046326
0.5102444887161255
0.2659946084022522
-0.27901193499565125
-0.34748026728630066
0.17409467697143555
-0.11407347023487091
0.12487246841192245
-0.4979429244995117
-0.31473666429519653
-0.5193397998809814
-1.0205756425857544
0.058955490589141846
0.04797349125146866
0.10545496642589569
-0.12069150805473328
0.004496905952692032
0.33942973613739014
0.8639330863952637
0.5825009942054749
0.41047975420951843
0.25925788283348083
1.3200182914733887
0.7585922479629517
-7.049174746498466e-05
-0.09842272847890854
0.07099823653697968
-0.26600363850593567
-0.021499956026673317
-0.020666370168328285
-0.03159826248884201
-0.022613922134041786
0.027263697236776352
-0.0054048774763941765
-0.019821705296635628
0.014760945923626423
-0.00504925474524498
-0.06008761748671532
0.0009500610176473856
-0.03505392745137215
-0.04575953260064125
0.03960175812244415
-0.01938243955373764
-0.03127250447869301
-0.25119340419769287
0.046121880412101746
-0.34960702061653137
-0.9252832531929016
-0.38360074162483215
0.30384787917137146
-0.0571565181016922
-0.3990892171859741
-0.6783088445663452
0.009844380430877209
-0.40663209557533264
-0.4396025240421295
-0.7575509548187256
-0.5356047749519348
-1.3778043985366821
-1.6897523403167725
-0.01980588026344776
0.022100497037172318
0.0014067383017390966
-0.044804807752370834
0.031415484845638275
0.040531717240810394
0.02888631448149681
0.0038599749095737934
0.011318355798721313
0.026077313348650932
0.03409114107489586
-0.05665350705385208
0.00791127048432827
-0.014546331018209457
0.0625297874212265
0.01600339077413082
-0.2871830463409424
-0.11003704369068146
-0.007474841549992561
-0.22400248050689697
-0.6603151559829712
0.08221934735774994
0.5609367489814758
0.3310077488422394
-0.39678606390953064
-0.24927501380443573
0.37898123264312744
-0.1078004390001297
-0.6982613205909729
-0.5593889355659485
-0.2631281018257141
-0.698686420917511
-0.2830336391925812
0.013710472732782364
-0.38482484221458435
-0.8605127334594727
-0.4090571403503418
0.32702189683914185
-0.031948890537023544
-0.15758226811885834
-0.5361322164535522
-0.07203640043735504
-0.33773648738861084
-0.34212756156921387
-0.6721519827842712
-0.6120108962059021
-1.3590058088302612
-1.9302211999893188
-0.5163372755050659
-0.1904563307762146
-0.18993347883224487
-0.7166016101837158
-0.6134742498397827
0.1912735551595688
0.19300644099712372
-0.248065784573555
-0.710862398147583
0.04141673445701599
-0.1421976238489151
-0.4615466594696045
-0.7890333533287048
-0.3544664680957794
-0.38100674748420715
-1.2566314935684204
-0.4289357364177704
-0.3070228695869446
-0.26980775594711304
-0.5655127167701721
-0.4364074170589447
0.2050023376941681
0.09957297146320343
0.0044614956714212894
-0.578318178653717
0.4533010423183441
0.4367868900299072
0.005345300771296024
-0.9629858732223511
-0.4373305141925812
-0.3981340229511261
-1.0346354246139526
-0.009300642646849155
-0.020176133140921593
0.012983770109713078
0.07439184188842773
-0.019572578370571136
0.0024193853605538607
0.012214316055178642
-0.022051934152841568
-0.04299335554242134
0.012761845253407955
-0.035953588783741
0.05569110065698624
0.047657713294029236
0.05869584530591965
-0.03129938989877701
-0.03778689354658127
-0.22789572179317474
-0.08708010613918304
-0.1960933655500412
-0.6984200477600098
-0.14435414969921112
0.26236826181411743
0.11299432814121246
-0.21203459799289703
-0.3958335220813751
0.10642632097005844
0.13880299031734467
0.11585710197687149
-0.45908674597740173
-0.3711453378200531
-0.4863896071910858
-0.741332471370697
0.1380125731229782
-0.0715421587228775
0.015415811911225319
-0.5747060179710388
0.07711179554462433
0.24586613476276398
0.1575920283794403
-0.38367971777915955
0.0388176366686821
0.19292831420898438
0.24963702261447906
-0.06633836776018143
0.02039896324276924
0.13566207885742188
0.39827677607536316
0.3062880337238312
-0.242716446518898
0.04308846592903137
-0.2869805097579956
-0.3732059597969055
-0.5018183588981628
0.2474827617406845
0.20323079824447632
0.07300492376089096
-0.5900781750679016
0.05267300456762314
0.04641035571694374
-0.10158732533454895
-0.7190431356430054
-0.3460782468318939
-0.7334870100021362
-1.6007111072540283
-0.4488481879234314
-0.1691640168428421
0.21202977001667023
-0.22292345762252808
-0.82548588514328
0.20283180475234985
0.6497409343719482
0.23135322332382202
-0.8817905187606812
-0.20940296351909637
0.3762926757335663
0.12706272304058075
-1.032159686088562
-0.668391764163971
-0.38564544916152954
-0.8417841792106628
-0.5207390189170837
-0.09974782168865204
0.255146324634552
-0.12262241542339325
-1.1115927696228027
0.0017239025328308344
0.7725280523300171
0.17532028257846832
-1.3558800220489502
-0.3042469024658203
0.7500146627426147
0.23478877544403076
-1.1899151802062988
-0.6431406140327454
-0.22307832539081573
-0.9865376949310303
-0.03690993785858154
-0.02179204486310482
-0.08500403165817261
0.007221302017569542
0.06965982913970947
0.05709961801767349
-0.025604210793972015
-0.11813158541917801
0.07035917043685913
0.06140264496207237
-0.009811792522668839
-0.04017019271850586
-0.0431973859667778
-0.02248009666800499
-0.009621805511415005
0.007881083525717258
0.0013809407828375697
-0.0030410364270210266
0.0673682764172554
-0.013263469561934471
-0.019922785460948944
-0.030671335756778717
-0.0018534050323069096
-0.03523234277963638
0.060648009181022644
0.05728349834680557
-0.04035208746790886
0.046458110213279724
-0.024541089311242104
-0.030951743945479393
0.009243710897862911
-0.020763568580150604
-0.15055309236049652
0.0838833898305893
-0.279826819896698
-0.6607269644737244
-0.2438424825668335
0.49215105175971985
0.031213907524943352
-0.5680960416793823
-0.49125176668167114
0.15958818793296814
0.17211125791072845
-0.15852448344230652
-0.6398292183876038
-0.42964595556259155
-0.7765632271766663
-0.5986998081207275
-0.2439843714237213
-0.09475697576999664
-0.10012727975845337
-0.15871968865394592
-0.18504273891448975
0.49108800292015076
0.41346606612205505
0.2119281142950058
-0.4059622287750244
0.23738408088684082
0.5941689610481262
0.3249880373477936
-0.5842975974082947
-0.3052986264228821
0.02632642537355423
-0.6299170255661011
-0.04881533235311508
0.07949379831552505
0.07425099611282349
-0.003041754709556699
0.0025994526222348213
0.5870664119720459
0.7881136536598206
0.5626769661903381
0.34654906392097473
0.28443658351898193
1.326187014579773
0.9591779708862305
-0.02258465066552162
-0.2539290189743042
0.26628440618515015
0.028756383806467056
-0.23222944140434265
0.10950176417827606
-0.4574558436870575
-0.5316267609596252
-0.4080391824245453
0.30726855993270874
0.3560442328453064
0.3543491065502167
-0.5032411217689514
-0.42005857825279236
0.2660500705242157
0.1999250203371048
-0.7228994965553284
-0.5866788625717163
-0.3981228172779083
-0.829918622970581
-0.3128266930580139
-0.07665374130010605
0.03623305261135101
-0.7113308906555176
-0.2931485176086426
0.002625437919050455
0.4161373972892761
0.14632461965084076
-0.30072250962257385
-0.3271109163761139
0.1826942414045334
-0.1809898167848587
-0.6156466603279114
-0.4570399820804596
-0.6395503282546997
-1.0581432580947876
-0.003712957724928856
0.008441171608865261
-0.06657039374113083
0.007829835638403893
-0.05581507086753845
0.06331664323806763
-0.04018548130989075
-0.10402384400367737
-0.028149768710136414
-0.04262854531407356
0.02654365450143814
-0.007428601384162903
0.04874827712774277
-0.03658037632703781
0.05233605206012726
0.07351251691579819
-0.15503139793872833
-0.10683010518550873
-0.0922112762928009
-0.21740877628326416
-0.14845339953899384
0.5967878699302673
0.7871774435043335
0.427692711353302
0.19609224796295166
0.2584787905216217
1.162596344947815
0.5740295648574829
-0.316955029964447
-0.2778824269771576
0.264632910490036
-0.0817820206284523
-0.03561628609895706
0.04018912836909294
0.09477498382329941
-0.06104864552617073
0.1422368586063385
0.02834901213645935
0.06493137031793594
0.02739047259092331
0.04810236021876335
-0.03641124069690704
-0.0008798111812211573
0.04255618527531624
-0.007275804411619902
0.0001295377587666735
0.05803705379366875
-0.03948170319199562
-0.2772859036922455
0.033182721585035324
-0.016797222197055817
-0.23778286576271057
-0.5546082854270935
0.3295292258262634
0.34980109333992004
0.1707739233970642
-0.36514389514923096
-0.5896192789077759
-0.00974203459918499
-0.04191965237259865
-0.5896037817001343
-0.22358959913253784
-0.8745661377906799
-1.0331908464431763
-0.42366960644721985
-0.053737375885248184
0.1586664915084839
-0.04984014481306076
-0.5099204778671265
0.05998004972934723
0.8342805504798889
0.5578616857528687
-0.24025319516658783
-0.14669358730316162
0.6750618815422058
0.17797139286994934
-0.48884254693984985
-0.387643426656723
-0.07824360579252243
-0.28406161069869995
-0.02394668385386467
-0.036258894950151443
0.06799137592315674
-0.020041700452566147
0.11571013182401657
0.2709164023399353
0.6467146277427673
0.40174323320388794
0.06583724915981293
0.2624586522579193
0.7732961773872375
0.5441452860832214
-0.26621946692466736
0.33682504296302795
0.7655572295188904
0.2625902593135834
-0.06474065780639648
-0.0429074689745903
-0.0662015825510025
-0.00038157260860316455
-0.0070364102721214294
0.030115846544504166
0.043443888425827026
0.03944898024201393
-0.012308524921536446
0.04497050121426582
-0.011745400726795197
0.028539372608065605
0.054971300065517426
0.009053515270352364
-0.015741856768727303
0.0477350652217865
0.11524037271738052
-0.08130063116550446
-0.06504679471254349
-0.04667132347822189
0.1307729333639145
0.3181820809841156
0.3816969394683838
0.345034658908844
0.048029348254203796
0.37450993061065674
0.4375089704990387
0.2419496476650238
-0.0954781100153923
0.2865297794342041
0.5827801823616028
0.048525743186473846
0.1537996381521225
0.1358194649219513
0.11653158813714981
-0.09706773608922958
0.06314994394779205
0.5526450872421265
0.7116115093231201
0.22472743690013885
0.14791323244571686
0.23730884492397308
0.46787378191947937
0.31069692969322205
-0.054545123130083084
0.2333027720451355
0.7957537174224854
0.40210121870040894
0.09542759507894516
-0.12722954154014587
0.13064108788967133
-0.15731537342071533
0.14490778744220734
0.41653189063072205
0.4270724058151245
0.34313875436782837
0.21419969201087952
0.145648792386055
0.6091514229774475
0.14472350478172302
-0.04096079245209694
0.34115344285964966
0.6665655970573425
0.12410405278205872
-0.1662510633468628
-0.17429697513580322
-0.006434238515794277
-0.7118434309959412
-0.10083018243312836
0.38008201122283936
0.3730597198009491
-0.5786404609680176
-0.4171169698238373
0.39466363191604614
0.39194467663764954
0.06927867233753204
-0.2721693813800812
0.22104689478874207
0.25810927152633667
-0.46692347526550293
0.1384599506855011
-0.0449308417737484
0.004960617050528526
-0.04262182116508484
0.19015206396579742
0.39972934126853943
0.4662245512008667
0.34269002079963684
0.11768651753664017
0.20792682468891144
0.6914266347885132
0.18439972400665283
-0.05982740595936775
0.343725323677063
0.75480055809021
0.17429634928703308
0.04836806654930115
-0.04981159791350365
0.04445899650454521
0.007480647414922714
0.05640260875225067
-0.034065812826156616
-0.07576805353164673
0.06611013412475586
0.0029742305632680655
-0.02919607236981392
0.03519566357135773
0.006259573623538017
0.020332561805844307
0.006301101762801409
0.023293856531381607
0.0417429581284523
-0.06872645765542984
0.24035561084747314
0.07887367904186249
-0.5926276445388794
-0.2996363341808319
0.2577393054962158
-0.01683887653052807
-0.5619876980781555
-0.4853783845901489
0.2000236213207245
-0.03946686163544655
-0.5383609533309937
-0.25099611282348633
0.15758611261844635
0.26748332381248474
-0.3209898769855499
-0.0040270183235406876
-0.04099024459719658
-0.016035547479987144
0.060766518115997314
0.06738734990358353
5.853511902387254e-05
-0.03575902432203293
0.007283266168087721
-0.038634225726127625
0.02256038784980774
-0.03796572610735893
-0.03685958683490753
-0.029010573402047157
-0.04373205453157425
-0.06374245882034302
-0.004055116791278124
-0.02909204363822937
0.10936787724494934
0.30163267254829407
-0.20423614978790283
-0.4564364552497864
0.16074928641319275
0.32354456186294556
0.36287227272987366
-0.463667094707489
-0.016654621809720993
0.09120514243841171
0.05959726497530937
-0.5217774510383606
0.21305280923843384
0.2794222831726074
-0.17899376153945923
-0.10801520198583603
0.2305167317390442
0.08202424645423889
-0.4759669303894043
-0.28616297245025635
0.3216139078140259
0.05918258801102638
-0.5627592206001282
-0.4445948898792267
0.06619389355182648
-0.042372774332761765
-0.41031894087791443
-0.23975783586502075
0.07020219415426254
0.17367088794708252
-0.21478086709976196
-0.24129325151443481
-0.19371134042739868
0.18453927338123322
-0.7740984559059143
-0.5604033470153809
0.12184394896030426
0.09519793838262558
-0.3199978768825531
-0.7638639211654663
0.14110544323921204
-0.14955927431583405
-0.2998661994934082
-0.42655953764915466
0.14829957485198975
0.09402836114168167
-0.4141778349876404
-0.1957499235868454
-0.07954367250204086
-0.02675352618098259
-0.3244915008544922
-0.2975536286830902
0.24830226600170135
0.23991447687149048
-0.1634843647480011
-0.5252400040626526
0.3742065727710724
0.28293368220329285
0.08710240572690964
-0.5350711345672607
0.08675321936607361
0.3208179771900177
0.381895512342453
0.07909737527370453
-0.014463519677519798
-0.010606124997138977
0.05996570363640785
0.0025017785374075174
0.06030990928411484
-0.07136089354753494
-0.024604756385087967
-0.03465428203344345
-0.03933329880237579
0.015611349605023861
0.015943055972456932
-0.08913639187812805
-0.09912348538637161
0.06089292839169502
-0.055833425372838974
-0.11891403049230576
-0.13277128338813782
-0.11248219013214111
-0.6778101325035095
-0.02743174135684967
0.21516741812229156
0.14125271141529083
-0.48410743474960327
-0.4146760404109955
0.03566030040383339
0.024808237329125404
-0.14518846571445465
-0.25599998235702515
0.10152741521596909
0.32335934042930603
-0.305092453956604
0.15659676492214203
-0.12948761880397797
-0.21301031112670898
-0.3203567862510681
0.17927908897399902
0.24361398816108704
0.14715492725372314
-0.2818790078163147
0.013375584967434406
0.3034669756889343
0.20005159080028534
0.034457977861166
0.09504202753305435
0.1631815880537033
0.16762372851371765
0.04231981560587883
-0.12542372941970825
0.22684195637702942
0.0020954026840627193
-0.3258993327617645
-0.30509650707244873
0.3656170070171356
0.24712711572647095
-0.2626674473285675
-0.49804648756980896
0.06247306242585182
0.11577124148607254
-0.19787532091140747
-0.2738953232765198
0.3202283978462219
-0.0008744235383346677
-0.40984612703323364
-0.27981531620025635
0.0033904402516782284
0.51833176612854
-0.019159382209181786
-0.5411385297775269
0.21933579444885254
0.4994663894176483
0.1869490146636963
-0.8596078157424927
-0.1826077401638031
0.35990506410598755
0.37099361419677734
-1.0034469366073608
0.06512127071619034
0.695381224155426
0.3895755410194397
-0.27853015065193176
0.0665164664387703
0.2700640857219696
0.33494922518730164
-0.771824061870575
0.06238476186990738
0.6066567897796631
0.2697542905807495
-1.0304296016693115
-0.08632796257734299
0.5498032569885254
0.5313097238540649
-1.0275819301605225
0.1549104005098343
0.8095442056655884
0.3753200173377991
0.01389312744140625
0.029430808499455452
-0.015659676864743233
0.009031355381011963
-0.0469561368227005
0.021819911897182465
0.04737749323248863
-0.01616218127310276
0.01673009805381298
0.02496933564543724
0.08080826699733734
-0.08838581293821335
-0.0817287415266037
0.017106877639889717
-0.02812030538916588
-0.023028455674648285
-0.015116803348064423
0.03405287116765976
0.01912718079984188
0.05488482117652893
0.04199723154306412
0.0035926997661590576
0.03509281575679779
-0.024684792384505272
0.011143817566335201
0.07195628434419632
-0.004023218061774969
-0.05639315024018288
-0.008739170618355274
0.05760322883725166
-0.029583629220724106
0.022737568244338036
0.042326513677835464
0.1675950139760971
-0.2701239585876465
-0.5758562684059143
-0.18146029114723206
0.32620352506637573
-0.035498350858688354
-0.5657985806465149
-0.5271801352500916
0.4232943058013916
0.39895421266555786
-0.06859562546014786
-0.22734323143959045
0.037943240255117416
0.48598596453666687
-0.043078865855932236
-0.11642368137836456
-0.06313669681549072
0.29298314452171326
0.15223722159862518
-0.052378423511981964
0.3280867636203766
0.5386985540390015
0.47084352374076843
-0.40474748611450195
0.1322765201330185
0.18542365729808807
-0.023965612053871155
-0.16407306492328644
0.10774807631969452
0.6130704283714294
0.19603203237056732
0.10040454566478729
0.0334693118929863
0.033085305243730545
-0.18197976052761078
0.2265556901693344
0.5371755957603455
0.36670809984207153
0.3625032603740692
-0.01535924430936575
0.17732177674770355
0.4852273166179657
0.3772010803222656
-0.061049290001392365
0.2907012104988098
0.9647179841995239
0.07454068213701248
-0.16458846628665924
0.22822077572345734
-0.1188356801867485
-0.3444434106349945
-0.2191419005393982
0.14792047441005707
0.5445804595947266
0.17393465340137482
-0.4206256568431854
-0.30335453152656555
0.5978767275810242
0.22380709648132324
-0.5758572816848755
0.3005731403827667
0.3705039322376251
-0.14875617623329163
-0.1079215258359909
0.01552831195294857
0.32874512672424316
-0.2544091045856476
-0.18469634652137756
0.14973485469818115
0.26641181111335754
-0.03254600614309311
-0.41578179597854614
-0.22077985107898712
-0.12009017169475555
-0.13431307673454285
-0.5063420534133911
0.13408900797367096
0.010517683811485767
-0.2593015730381012
0.050324343144893646
-0.014668390154838562
-0.018131056800484657
0.02408718690276146
0.0056431954726576805
-0.003018086776137352
0.04584740474820137
0.06790861487388611
-0.011117094196379185
0.020234012976288795
0.01084975991398096
0.04819486290216446
-0.06875970214605331
-0.004858830943703651
-0.04574578255414963
0.0800396054983139
-0.020108649507164955
-0.07428982108831406
-0.016921523958444595
0.025897391140460968
0.14483104646205902
0.5896737575531006
0.40439409017562866
0.29940012097358704
0.019956529140472412
0.46830984950065613
0.6280766129493713
0.20705685019493103
-0.17701388895511627
0.08906936645507812
0.9263443946838379
0.5439621210098267
0.09269212931394577
-0.02803696319460869
-0.03302310034632683
-0.03860309720039368
0.007366161793470383
0.03176413103938103
-0.049870822578668594
0.006559240166097879
0.09076239168643951
-0.025859462097287178
0.0009971096878871322
0.03025798872113228
-0.033361002802848816
-0.009687789715826511
-0.07167860865592957
0.0005946055753156543
0.006090433336794376
0.3266580104827881
0.3420909643173218
-0.23962759971618652
-0.3181357681751251
0.28669118881225586
0.4176527261734009
-0.1605071723461151
-0.3630804717540741
-0.3335726261138916
0.14647036790847778
-0.12027014046907425
-0.3453196883201599
0.3225039541721344
-0.03517179191112518
-0.4528087079524994
-0.21655604243278503
0.1620226353406906
0.4768175184726715
-0.07367583364248276
-0.22374248504638672
0.2793283462524414
0.40063250064849854
0.535179078578949
-0.23209308087825775
-0.05290338024497032
0.01799626275897026
0.07392554730176926
-0.3286292254924774
0.27702420949935913
0.5984179973602295
0.4001864194869995
-0.06060491502285004
-0.10322986543178558
-0.22100137174129486
-0.06925075501203537
-0.15474842488765717
-0.21977569162845612
-0.20289114117622375
-0.23007917404174805
-0.3860604166984558
-0.396124005317688
-0.637932538986206
-0.4246954023838043
-0.37205520272254944
-0.1754380315542221
-0.24397854506969452
-0.09363434463739395
-0.059774886816740036
0.06210216507315636
-0.09548294544219971
-0.0820491835474968
-0.047628551721572876
-0.017317036166787148
0.025030329823493958
0.045815229415893555
0.019416116178035736
0.01113369595259428
-0.02303365059196949
-0.04499523341655731
-0.03542162850499153
0.03331257030367851
-0.01090768538415432
0.09443604946136475
-0.07743048667907715
0.08384478092193604
0.022223345935344696
0.13294750452041626
-0.0643867701292038
-0.16312728822231293
-0.11955029517412186
-0.25309640169143677
-0.33623138070106506
-0.4581531286239624
-0.6460502743721008
-0.4632064998149872
-0.45600470900535583
-0.07445529848337173
-0.4234057068824768
0.4073414206504822
-0.1891903132200241
-0.17045339941978455
-0.10132436454296112
-0.1407281756401062
-0.16852174699306488
-0.35591912269592285
-0.09236259013414383
-0.24954070150852203
-0.4695125222206116
-0.37528195977211
-0.3773331940174103
-0.3461048901081085
-0.25154557824134827
-0.24770833551883698
-0.5268784761428833
-0.13942378759384155
-0.1454034447669983
-0.12230218946933746
-0.11186061054468155
0.10992839932441711
-0.20110046863555908
-0.16707143187522888
-0.09305635094642639
-0.22995080053806305
-0.3256821930408478
-0.4434254467487335
-0.5535579919815063
-0.42526406049728394
-0.2754379212856293
-0.23796947300434113
-0.3943725824356079
0.3169533610343933
0.045011553913354874
0.07423021644353867
0.40686726570129395
0.9327821135520935
-0.08526785671710968
0.04267875477671623
-0.03370946645736694
0.3991529941558838
-0.2203723043203354
-0.2299804985523224
-0.5269951820373535
-0.08117040991783142
-0.18244625627994537
0.141239732503891
0.3260752558708191
1.4875047206878662
-0.055793095380067825
0.041425444185733795
-0.0895427018404007
-0.0042794873006641865
-0.23531268537044525
-0.1793455332517624
-0.26517000794410706
-0.21439145505428314
-0.4207148551940918
-0.26615652441978455
-0.5787944793701172
-0.491443395614624
-0.38149330019950867
-0.3174132704734802
-0.37938520312309265
0.28660595417022705
0.0522756464779377
-0.010404195636510849
0.013652335852384567
-0.030278611928224564
0.018038859590888023
0.023611409589648247
-0.04503611475229263
0.03739126771688461
-0.0006115022697485983
-0.04772146791219711
-0.015334686264395714
-0.09198147058486938
0.03285391256213188
-0.02582704834640026
-0.038936518132686615
-0.017706580460071564
0.0013040114426985383
-0.08033283054828644
0.4542495012283325
0.45590320229530334
-0.0714617446064949
-0.20334377884864807
0.006689056754112244
0.6385283470153809
0.11946534365415573
0.46407705545425415
0.2762889266014099
0.5884855389595032
0.2365649938583374
0.21288004517555237
0.8081870675086975
1.003566026687622
0.03391655534505844
-0.13570700585842133
0.05177120119333267
-0.027353541925549507
-0.0605926439166069
0.05569783225655556
-0.014133991673588753
-0.0792849212884903
-0.02792040817439556
0.03172311559319496
-0.04223133623600006
0.014275597408413887
-0.028947552666068077
-0.040939752012491226
0.0030934633687138557
-0.06603725999593735
-0.008097587153315544
-0.16156640648841858
-0.12857994437217712
-0.07191219925880432
-0.11398059874773026
0.22524045407772064
-0.2945098280906677
-0.2189905345439911
-0.1650598645210266
0.20240998268127441
0.04986850172281265
-0.00565700838342309
0.1443689912557602
0.131477490067482
-0.16901090741157532
0.3019896447658539
0.0746966227889061
-0.11779387295246124
0.264706552028656
0.5218132734298706
0.051670145243406296
-0.19602420926094055
-0.020723644644021988
0.39645594358444214
-0.04774298146367073
0.5192328095436096
0.4528328478336334
0.45447635650634766
0.1541333943605423
0.3436031937599182
0.7558216452598572
1.247454047203064
0.07489650696516037
0.12869787216186523
0.19606421887874603
0.6192256212234497
-0.18082012236118317
0.1655544638633728
-0.0691586509346962
0.32413843274116516
0.07073232531547546
0.3027324974536896
-0.028072679415345192
0.1666470766067505
0.08001399785280228
0.3110257387161255
0.3309403359889984
1.1791471242904663
0.037331148982048035
0.10336937755346298
0.28979089856147766
0.24772411584854126
-0.20252029597759247
0.09559371322393417
0.014534714631736279
0.19137880206108093
-0.038473714143037796
0.09109755605459213
-0.10119322687387466
-0.08398432284593582
0.2556551396846771
0.3413311541080475
0.05042693763971329
0.5339311361312866
0.0012739325175061822
-0.020260337740182877
-0.029383014887571335
0.01953950524330139
-0.013283881358802319
0.048871856182813644
-0.05162568390369415
-0.06805557757616043
-0.008012007921934128
-0.06938700377941132
-0.06202775239944458
0.021915648132562637
-0.03890693560242653
-0.021138116717338562
0.04004675894975662
0.02691486105322838
-0.01573857292532921
0.032539207488298416
0.16220462322235107
0.6481097340583801
-0.24838954210281372
-0.0015003958251327276
0.025255441665649414
0.31563299894332886
-0.06352405995130539
-0.27049916982650757
-0.4207775592803955
-0.1872093677520752
-0.22773896157741547
0.15289254486560822
0.1895199716091156
1.0984878540039062
-0.11530748009681702
0.16962505877017975
0.07986873388290405
0.29889458417892456
-0.10355344414710999
-0.2613930404186249
-0.05038462206721306
0.244978666305542
0.08452408760786057
-0.34988173842430115
-0.17719972133636475
0.063276007771492
-0.12230075895786285
-0.15777169167995453
-0.5131769776344299
-0.2560569643974304
0.07052487879991531
-0.04170050099492073
0.1046583279967308
-0.09158919006586075
-0.010014394298195839
-0.15298965573310852
-0.06351586431264877
0.20210674405097961
-0.01640375889837742
0.23325200378894806
-0.02094024047255516
0.25145232677459717
0.038503970950841904
-0.1343606412410736
0.12390067428350449
0.8439775109291077
0.17377358675003052
-0.08714477717876434
-0.1935761421918869
-0.1212916374206543
0.003450785530731082
0.1159440129995346
-0.22788473963737488
-0.18197686970233917
0.033388905227184296
0.42583784461021423
-0.2193533331155777
-0.431757390499115
0.18406623601913452
0.23807235062122345
0.050748053938150406
0.15360642969608307
0.1185939684510231
-0.10911548137664795
-0.2545582354068756
-0.05712324008345604
0.13785013556480408
-0.057855281978845596
-0.3717641830444336
0.0314679816365242
-0.012643200345337391
0.11993931233882904
-0.17798976600170135
-0.6207389831542969
0.14270110428333282
0.045128289610147476
-0.19340212643146515
0.05955984815955162
-0.05005883425474167
0.02732759900391102
0.016400638967752457
0.022107578814029694
-0.0027933537494391203
-0.031178418546915054
-0.06733590364456177
-0.016720658168196678
-0.0253680981695652
0.07666805386543274
0.011725042015314102
0.005274684634059668
0.04599281772971153
0.037186168134212494
-0.024105984717607498
-0.023974446579813957
0.0305409487336874
0.03275195136666298
-0.0615965761244297
0.03523721545934677
-0.03694286569952965
0.024009302258491516
0.0023042792454361916
-0.015787074342370033
0.016794448718428612
-0.025349685922265053
0.01213820930570364
-0.05604828894138336
0.01087487954646349
0.020019911229610443
0.02374272421002388
-0.03353013098239899
0.09072495251893997
-0.03913953900337219
0.439849317073822
0.7612770795822144
0.052459631115198135
-0.48525261878967285
0.08641058951616287
0.5780162215232849
0.2788495421409607
-0.0223840344697237
-0.4944446086883545
0.29775920510292053
0.035698458552360535
0.20469926297664642
0.4502553343772888
0.7457678914070129
0.018966566771268845
0.06699898838996887
0.024321220815181732
-0.05762053653597832
-0.23037119209766388
-0.06898375600576401
-0.24746190011501312
0.020907767117023468
-0.10345538705587387
-0.08346321433782578
-0.2307320237159729
-0.1643371880054474
-0.09687492996454239
0.06182621419429779
-0.20553484559059143
0.6572871208190918
-0.10084806382656097
0.010716846212744713
-0.026470759883522987
-0.026682788506150246
-0.1531609445810318
-0.1874479502439499
-0.29301533102989197
-0.17792482674121857
-0.3497069180011749
-0.37929901480674744
-0.6808997988700867
-0.6082128882408142
-0.37784722447395325
-0.21563801169395447
-0.4932935833930969
-0.06860045343637466
0.04354800656437874
-0.22532278299331665
0.6280158162117004
0.4620467722415924
-0.06428349018096924
-0.0563436895608902
-0.1481509953737259
0.021774083375930786
0.045311279594898224
0.5972573161125183
-0.368147611618042
0.3211689889431
-0.029646337032318115
0.2450006902217865
0.027600424364209175
1.1214462518692017
0.09805654734373093
-0.09260538965463638
0.12652254104614258
-0.23468178510665894
-0.17511124908924103
0.07829488813877106
-0.2574772536754608
0.20394836366176605
-0.3518071472644806
0.18816828727722168
0.2990666627883911
0.12864477932453156
-0.011657601222395897
0.1289798766374588
0.14462067186832428
1.0966771841049194
0.02662992663681507
0.017758548259735107
-0.004408169072121382
-0.09876295924186707
0.0299458596855402
0.07301149517297745
-0.018025552853941917
-0.03316345438361168
-0.05934162437915802
-0.005917350295931101
0.009775896556675434
0.025339296087622643
-0.016714129596948624
-0.02061121165752411
0.04809679836034775
0.006719517521560192
-0.07260093837976456
-0.10263697057962418
-0.11631356179714203
0.08547718077898026
-0.09322527050971985
-0.3722724914550781
-0.19214297831058502
-0.12667876482009888
-0.3547985553741455
-0.3571341335773468
-0.7770333886146545
-0.5576817393302917
-0.43903061747550964
-0.1392279863357544
-0.3625430762767792
0.10496007651090622
-0.00691205682232976
0.009245498105883598
-0.04208645224571228
0.05550670996308327
0.004781391471624374
0.028398141264915466
0.009081567637622356
-0.08025195449590683
0.019197974354028702
0.01602756418287754
-0.01606092043220997
0.035829123109579086
-0.03076416440308094
-0.0050876326858997345
0.05042940378189087
-0.04162181168794632
0.09863533079624176
-0.1857863813638687
-0.2055511623620987
-0.25957390666007996
-0.06672496348619461
-0.3983175456523895
-0.14552205801010132
0.07834544032812119
-0.13647034764289856
0.39825350046157837
-0.03459981456398964
0.206780344247818
-0.08767981827259064
-0.24116161465644836
0.28401103615760803
0.6988062262535095
0.007564473431557417
-0.16563594341278076
-0.4405086040496826
-0.3873113691806793
-0.08538280427455902
-0.036664992570877075
-0.4005300998687744
-0.1924804151058197
-0.2371123731136322
0.23425598442554474
-0.09595596790313721
-0.33018818497657776
-0.05702769011259079
-0.005538735073059797
-0.1583571881055832
-0.3875378370285034
0.23175697028636932
0.23467081785202026
0.18167516589164734
-0.04551192745566368
0.23122578859329224
0.22579456865787506
0.09339646250009537
0.3443557918071747
-0.24647687375545502
-0.03122951276600361
0.6432792544364929
0.63108229637146
-0.4372440576553345
0.01659911312162876
-0.1475549042224884
-0.4166245758533478
-0.016421370208263397
-0.07299346476793289
0.013873260468244553
-0.038360223174095154
0.039379846304655075
-0.04636448994278908
-0.04209553450345993
-0.06820528209209442
0.03686973452568054
-0.06395674496889114
-0.018876779824495316
-0.04672175273299217
-0.04125307872891426
-0.015718020498752594
-0.03431665897369385
-0.028633130714297295
0.20860455930233002
0.3617592751979828
0.12195639312267303
-0.043201472610235214
0.35056984424591064
0.2694142460823059
0.11554387956857681
0.178751140832901
0.09916355460882187
0.11750498414039612
0.5613541603088379
0.583479106426239
-0.18931220471858978
0.07359906286001205
-0.21877288818359375
-0.3232131898403168
0.3578261733055115
0.3246007561683655
0.33770644664764404
-0.0021213998552411795
0.23789136111736298
0.2505421042442322
0.13650529086589813
0.21403656899929047
-0.08554690331220627
-0.045396313071250916
0.282158762216568
0.4406034052371979
-0.309136301279068
-0.06935042887926102
-0.1004452183842659
-0.2467721700668335
0.2852349579334259
0.4641437828540802
0.1271655559539795
0.05460386723279953
0.34237757325172424
0.22938203811645508
0.13709577918052673
0.24876299500465393
0.042888492345809937
-0.11453419923782349
0.28391164541244507
0.6256915926933289
-0.2011854648590088
0.08236251771450043
-0.2740941643714905
-0.27925562858581543
-0.1304725706577301
0.18596957623958588
0.0992688238620758
-0.7198619246482849
0.20626325905323029
0.1189940869808197
-0.29273149371147156
-0.5366888046264648
-0.32280945777893066
-0.1750396341085434
-0.2089627981185913
0.1859707534313202
-0.5187135934829712
-0.20421527326107025
-0.8107362389564514
-1.3185031414031982
0.31730735301971436
0.40712565183639526
0.14777208864688873
-0.09719862043857574
0.27493974566459656
0.18426567316055298
0.18301549553871155
0.2992563247680664
-0.041485197842121124
-0.10103626549243927
0.4465954303741455
0.5545380711555481
-0.2707524001598358
0.12645575404167175
-0.2817024886608124
-0.4430580139160156
-0.04635617509484291
-0.030139703303575516
0.0591275691986084
0.04834334924817085
-0.08065877854824066
0.009364579804241657
0.08021628111600876
0.0007752772071398795
-0.020961705595254898
-0.07120547443628311
-0.01881117932498455
-0.04308139905333519
0.046887047588825226
-0.060312945395708084
0.0007578209624625742
0.00824962742626667
-0.02912404015660286
0.017271775752305984
-0.30414342880249023
-0.7122625112533569
-0.03747548535466194
-0.22153326869010925
-0.15931850671768188
-0.5595670938491821
-0.4384257197380066
-0.2587944567203522
-0.4084271490573883
-0.4297611117362976
-0.31549346446990967
-0.27400389313697815
-1.6807674169540405
-2.2953004837036133
-0.047734905034303665
-0.015577226877212524
0.12499423325061798
-0.07524757087230682
0.06783381849527359
-0.002453804714605212
0.055521976202726364
-0.007616013754159212
0.010025545954704285
-0.05892156809568405
-0.02660193108022213
-0.09275134652853012
-0.031467583030462265
-0.010133659467101097
-0.0023064888082444668
-0.03224577754735947
0.050608519464731216
0.19613990187644958
-0.05914144217967987
-0.0849110335111618
-0.25614187121391296
-0.14219613373279572
0.04280276969075203
-0.05403117090463638
-0.6944720149040222
-0.08774062991142273
0.12520673871040344
0.02860989235341549
-0.5778055787086487
-0.10964412987232208
-0.3272867202758789
-1.1595467329025269
0.07686533033847809
0.050425220280885696
-0.23666270077228546
-0.7316741943359375
-6.40327634755522e-05
-0.2626991271972656
-0.2008805125951767
-0.48211729526519775
-0.39733120799064636
-0.2947850823402405
-0.5667245984077454
-0.3090023696422577
-0.3581250011920929
-0.3522709012031555
-1.6523654460906982
-2.234673023223877
-0.061070725321769714
-0.1183711439371109
-0.15866856276988983
-0.5315075516700745
-0.3262178897857666
-0.11810577660799026
-0.45374056696891785
-0.39720481634140015
-0.7026570439338684
-0.12315432727336884
-0.3667508661746979
-0.4179122745990753
-0.4997354745864868
-0.21646718680858612
-0.48438453674316406
-1.248267412185669
-0.056656766682863235
-0.09769641607999802
-0.15161757171154022
-0.29710590839385986
-0.07553520798683167
-0.14242883026599884
-0.1431225836277008
-0.13305342197418213
-0.4826487600803375
-0.03931513801217079
0.15970651805400848
0.09116052091121674
-0.686879575252533
-0.27068230509757996
-0.7038788199424744
-0.9760157465934753
-0.0024098088033497334
-0.033740341663360596
-0.0021640267223119736
-0.10715218633413315
-0.052913960069417953
-0.04185756295919418
0.01709407940506935
-0.030992228537797928
0.015308738686144352
-0.031219255179166794
0.06948615610599518
-0.006848390679806471
-0.04183385148644447
-0.03076620027422905
0.021591033786535263
-0.0726352110505104
0.015743304044008255
0.30064627528190613
-0.01982009783387184
-0.6094072461128235
0.2257053405046463
-0.14368009567260742
-0.37805649638175964
-0.5043292045593262
-0.24644578993320465
-0.07028496265411377
-0.26115715503692627
0.019904904067516327
-0.3647776246070862
-0.2839661240577698
-0.6286678910255432
-0.9664456844329834
0.08957633376121521
0.07311658561229706
-0.06367243081331253
-0.13399426639080048
0.19834411144256592
0.2764272391796112
0.14214812219142914
-0.2250899225473404
0.08483874797821045
-0.017345895990729332
0.004158667288720608
-0.042891304939985275
0.10867295414209366
0.11784897744655609
0.2781984508037567
0.007550970185548067
-0.036992307752370834
0.05728500708937645
0.029456118121743202
-0.3345625102519989
0.03227997571229935
-0.13643454015254974
-0.07778417319059372
-0.3560783565044403
-0.35140061378479004
-0.17190147936344147
-0.08655957132577896
0.09044624865055084
-0.3377120792865753
-0.056026607751846313
-1.0377047061920166
-1.873637080192566
0.017531663179397583
0.033926963806152344
0.10365328192710876
-0.04605545103549957
-0.41078099608421326
0.07559089362621307
0.02126557007431984
-0.20794382691383362
-1.0759810209274292
-0.21762417256832123
0.28852424025535583
0.2538604736328125
-0.869383692741394
-0.359321266412735
-0.4649670124053955
-1.21771240234375
0.16069521009922028
0.12305087596178055
0.10965429246425629
0.049142878502607346
-0.4523591995239258
-0.04516202211380005
0.14693619310855865
-0.013015922158956528
-1.2137151956558228
-0.14614316821098328
0.41283246874809265
0.30262237787246704
-0.9023069739341736
-0.03380760923027992
-0.1412542164325714
-1.4776771068572998
-0.06574394553899765
0.048068080097436905
-0.028922628611326218
-0.058016594499349594
0.008407589979469776
-0.028065042570233345
-0.016999637708067894
-0.021659687161445618
-0.0477776825428009
-0.06734863668680191
0.04006139934062958
-0.057792484760284424
-0.03893885761499405
-0.01030600443482399
-0.014654889702796936
-0.07505269348621368
0.09434622526168823
-0.032334256917238235
-0.005932202562689781
-0.057630110532045364
-0.04221230000257492
0.0441327840089798
-0.024871990084648132
-0.06634532660245895
0.025111258029937744
-0.015293207950890064
0.03499256819486618
-0.05599144846200943
-0.10434135794639587
0.0028815993573516607
0.054346051067113876
-0.010182145982980728
-0.005051161628216505
0.13603852689266205
-0.04046981781721115
-0.5834968090057373
0.16170528531074524
-0.09383217245340347
-0.2509869933128357
-0.5749990940093994
-0.1827014982700348
-0.15301747620105743
0.10618084669113159
-0.09551006555557251
-0.3021492063999176
-0.197687029838562
-0.9141731858253479
-1.1657260656356812
0.01803719438612461
0.136752188205719
0.20876583456993103
-0.07923518121242523
0.09691006690263748
0.12222820520401001
-0.07486101984977722
0.0012606518575921655
-0.3285451829433441
-0.0936364084482193
0.23325705528259277
0.23389704525470734
-0.6065462827682495
-0.22881928086280823
-0.24890834093093872
-0.7923628091812134
0.22489261627197266
0.35800647735595703
0.24956029653549194
-0.07042983919382095
0.35554078221321106
0.2745777666568756
0.1980956345796585
0.17263300716876984
0.1630709320306778
-0.11888569593429565
0.3621898591518402
0.7482934594154358
-0.2851916253566742
0.09368082880973816
0.0761578232049942
-0.31928297877311707
0.06750120967626572
0.0009067297214642167
-0.3078788220882416
-0.5354680418968201
0.13032583892345428
-0.010337183251976967
-0.17649123072624207
-0.025730449706315994
-0.3577810823917389
-0.5171577334403992
-0.16320981085300446
0.11114353686571121
-0.6191173791885376
-0.2765333354473114
-0.526223361492157
-0.8157705664634705
0.07696177065372467
0.15871988236904144
0.05864900350570679
-0.42564308643341064
0.06208905950188637
-0.07716921716928482
-0.02245372347533703
-0.19544406235218048
-0.4608321189880371
-0.32523366808891296
-0.14016547799110413
-0.19652573764324188
-0.5575231909751892
-0.17010854184627533
-0.9013087153434753
-1.2500540018081665
-0.06668505072593689
-0.030121229588985443
0.08055364340543747
0.04301402345299721
-0.030081424862146378
-0.01780383102595806
0.01407971978187561
0.0100431889295578
-0.021330155432224274
0.03043256886303425
-0.028178052976727486
0.020615434274077415
0.114766426384449
-0.01924903132021427
0.018861975520849228
0.022182239219546318
0.22021538019180298
0.06903800368309021
0.16872726380825043
-0.12801726162433624
0.18147067725658417
0.4216507375240326
-0.007603420875966549
0.16881240904331207
-0.047286149114370346
-0.01598256640136242
0.5757602453231812
0.7817569971084595
-0.32328537106513977
-0.12482675164937973
-0.11960592865943909
-0.06217089667916298
-0.03443332761526108
-0.02165587618947029
0.054328884929418564
0.013081642799079418
0.06151631101965904
0.0026380710769444704
-0.03227857127785683
-0.06217286363244057
0.06662504374980927
0.06277087330818176
-0.009414483793079853
-0.018438367173075676
-0.051917873322963715
0.0165853388607502
-0.07976657897233963
0.00010863365605473518
-0.0020925160497426987
0.07399207353591919
0.2516433596611023
-0.2797496020793915
-0.009431745857000351
-0.08061996847391129
-0.027220403775572777
-0.23937785625457764
-0.32498815655708313
-0.33428215980529785
-0.14882928133010864
0.07305298745632172
-0.2839966416358948
0.11148523539304733
-0.9158336520195007
-1.387852430343628
0.1906893402338028
0.07734773308038712
0.17348946630954742
-0.006585005670785904
-0.18246446549892426
0.22257453203201294
0.2123982012271881
0.37176790833473206
-0.4536841809749603
-0.1069735735654831
0.488973468542099
0.40145227313041687
-0.3816075026988983
-0.005360955838114023
-0.25626158714294434
-0.6726756691932678
-0.03007492795586586
-0.1848091036081314
-0.004982835613191128
-0.0597904734313488
-0.16634833812713623
-0.28294652700424194
-0.2206295281648636
-0.21187210083007812
-0.1942988634109497
-0.34111374616622925
-0.5394071936607361
-0.48084408044815063
-0.04294198378920555
0.03999229520559311
-0.17824138700962067
0.07910096645355225
0.046615321189165115
0.06147925928235054
0.0022566779516637325
0.0020098320674151182
0.008958605118095875
0.0009355837246403098
-0.0042387014254927635
-0.04509658366441727
-0.09170333296060562
-0.07092174142599106
0.06352929770946503
-0.02868921123445034
0.022489020600914955
-0.00843146163970232
-0.021899782121181488
-0.03286115452647209
-0.11253082752227783
-0.04706635698676109
0.06150243058800697
0.2515815198421478
-0.13990573585033417
-0.2095119208097458
-0.016822578385472298
-0.1982591599225998
-0.14595293998718262
-0.38563576340675354
-0.6537749171257019
-0.4396250247955322
-0.05027530714869499
0.004558498505502939
-0.20318403840065002
0.5384863018989563
-0.2827237546443939
-0.24373547732830048
-0.07079601287841797
-0.040324266999959946
-0.10492347925901413
-0.4534682333469391
-0.20648421347141266
-0.16089481115341187
-0.21494317054748535
-0.37389951944351196
-0.4045124053955078
-0.2992554008960724
-0.11665327101945877
-0.09084535390138626
-0.2218111753463745
-0.07665589451789856
-0.12610314786434174
-0.19729401171207428
-0.013533557765185833
0.13652758300304413
-0.08788993954658508
-0.27488091588020325
-0.19809280335903168
-0.2596174478530884
-0.1333300769329071
-0.19351567327976227
-0.41927120089530945
-0.27827417850494385
0.013967197388410568
-0.1939580738544464
-0.33218565583229065
0.24861134588718414
0.22261105477809906
0.07408682256937027
0.4964810907840729
0.8786055445671082
-0.0658450499176979
-0.005919838324189186
0.008597694337368011
0.16507066786289215
-0.12449511140584946
-0.17337530851364136
-0.3384075462818146
-0.00528029864653945
0.2056170403957367
0.2771957218647003
0.5219851732254028
1.4224750995635986
-0.22416284680366516
-0.14379635453224182
-0.11136116832494736
0.14456965029239655
-0.07049383968114853
-0.20809277892112732
-0.2287556231021881
-0.07762374728918076
-0.2705136835575104
-0.3071119487285614
-0.49086540937423706
-0.4132010340690613
-0.019642028957605362
-0.15611632168293
-0.19059623777866364
0.31650984287261963
-0.000121359305921942
0.001217948622070253
-0.0293615460395813
-0.06378418952226639
-0.11270792782306671
0.08018284291028976
-0.025605864822864532
0.0955514907836914
-0.05481582507491112
-0.011637070216238499
0.027574870735406876
-0.005448637064546347
0.003906894009560347
0.026959644630551338
-0.022102434188127518
-0.030804743990302086
0.14939101040363312
-0.020114978775382042
0.32825538516044617
0.39100363850593567
-0.09606613218784332
-0.03479732945561409
0.05862157791852951
0.27804502844810486
-0.01905205473303795
0.4600031077861786
0.4223234951496124
0.784421980381012
0.4335099458694458
0.3797753155231476
1.039076328277588
1.044113278388977
-0.039210859686136246
0.05177007243037224
-0.020845361053943634
0.03578898683190346
0.03047570399940014
0.018660936504602432
0.003798798890784383
-0.018305614590644836
0.009002593345940113
0.015746742486953735
0.05975145474076271
-0.05460608750581741
-0.02944904752075672
-0.01874835044145584
0.03909486159682274
-0.0048676664009690285
0.11868173629045486
-0.173892542719841
-0.1795635223388672
-0.10261830687522888
-0.11542143672704697
0.08560305088758469
-0.3162979483604431
-0.08417172729969025
-0.1720794290304184
0.16299431025981903
-0.167916402220726
0.07355596870183945
0.3403373956680298
0.22391167283058167
0.1285366714000702
0.4735353887081146
0.08898088335990906
-0.08175923675298691
0.13489241898059845
0.3547448217868805
-0.019225548952817917
-0.08833429962396622
0.00430348701775074
0.3228345811367035
-0.0972597673535347
0.38307908177375793
0.4792242646217346
0.6319884657859802
0.42329511046409607
0.4212953448295593
0.9844368696212769
1.2314609289169312
0.2541258931159973
0.06548889726400375
0.12153712660074234
0.5506255030632019
-0.13552750647068024
0.006191920023411512
0.15969887375831604
0.29610541462898254
0.06673400849103928
0.2763019800186157
-0.08789131045341492
0.3810984194278717
0.3470444679260254
0.3256627321243286
0.4256981909275055
1.0989797115325928
0.16429166495800018
0.14861904084682465
0.3801116943359375
0.34884747862815857
-0.20352059602737427
0.022932805120944977
0.0930163711309433
0.016582800075411797
-0.043474964797496796
0.11394640803337097
-0.14415223896503448
-0.05341271311044693
0.5043764710426331
0.5384664535522461
0.06837444752454758
0.6980708241462708
-0.03412759304046631
-0.015113136731088161
-6.403952284017578e-05
0.05734538659453392
0.058769017457962036
0.005828299093991518
-0.031249647960066795
-0.03242700174450874
0.047537971287965775
0.03073311038315296
-0.051436930894851685
0.03615643084049225
-0.03114781342446804
0.01257515512406826
-0.09533047676086426
-0.015781378373503685
0.17241589725017548
0.07381954044103622
0.27747640013694763
0.5887105464935303
-0.13937652111053467
0.02263752929866314
0.1384035348892212
0.09160338342189789
-0.16436180472373962
-0.2462342083454132
-0.2636032700538635
-0.15585969388484955
0.11601703613996506
0.27668076753616333
0.37584608793258667
0.8968760967254639
-0.12195418775081635
0.1472833901643753
0.12173864245414734
0.308886855840683
-0.1657353788614273
-0.18594898283481598
0.016942167654633522
0.2769952118396759
-0.04661944508552551
-0.2596719264984131
-0.05944332852959633
0.09630978107452393
-0.11282304674386978
-0.23384477198123932
-0.4430006146430969
-0.3396000266075134
0.20914378762245178
-0.12844718992710114
0.09192069619894028
-0.08879052847623825
0.010912930592894554
-0.24842289090156555
-0.15185900032520294
0.1606675684452057
-0.0914245992898941
0.2705252766609192
-0.04522138461470604
0.21940815448760986
0.4617140293121338
0.15932948887348175
0.35614529252052307
0.8591965436935425
0.21094897389411926
-0.09383131563663483
-0.3021852970123291
-0.25026360154151917
-0.07663548737764359
-0.04220778867602348
-0.339732825756073
-0.16454963386058807
-0.07298944145441055
0.2328261137008667
-0.19943341612815857
-0.2332509160041809
0.5305936932563782
0.43571415543556213
0.2354978770017624
0.2668795883655548
0.229275643825531
0.06207001954317093
-0.22261205315589905
-0.22198836505413055
0.11216473579406738
-0.026196451857686043
-0.3898136615753174
-0.03259638696908951
-0.026950908824801445
-0.0006989111425355077
-0.24862906336784363
-0.3253195285797119
0.6303991675376892
0.3335886597633362
-0.04093053936958313
0.026463529095053673
0.054767169058322906
0.023607958108186722
-0.019831746816635132
-0.0907544493675232
0.020826153457164764
-0.00910841953009367
-0.0011629953514784575
0.0376569963991642
0.03122751973569393
-0.008611052297055721
-0.036769550293684006
0.07106605917215347
-0.008882492780685425
0.007084681186825037
-0.028574833646416664
-0.01366377342492342
0.03504279628396034
-0.006415146868675947
0.02602296881377697
0.029576843604445457
0.03264825791120529
-0.031377844512462616
-0.0840928852558136
0.007299340795725584
0.014077192172408104
-0.07092616707086563
-0.0190365519374609
0.02779068611562252
-0.03538305684924126
0.07161781936883926
-0.0060156057588756084
-0.005674492102116346
0.13494308292865753
-0.13690859079360962
0.2738130986690521
0.4837508499622345
-0.0994374006986618
-0.3739926517009735
0.04782026633620262
0.44845476746559143
0.06014852598309517
-0.14750583469867706
-0.25547680258750916
0.4394747316837311
0.3572273850440979
0.3009634017944336
0.6317481994628906
0.8007561564445496
0.04921696335077286
0.0598980151116848
0.033185653388500214
0.051564283668994904
-0.0987718477845192
-0.15497718751430511
-0.12759782373905182
-0.040095362812280655
-0.04302534833550453
-0.09460868686437607
-0.33302223682403564
-0.0651131272315979
0.04328249767422676
0.3331693112850189
0.01961938478052616
0.972324550151825
-0.1988765001296997
-0.09231281280517578
-0.09393490850925446
0.037794534116983414
-0.03163662180304527
-0.24970240890979767
-0.25919580459594727
-0.07218921929597855
-0.1444404125213623
-0.30888354778289795
-0.583840012550354
-0.48840391635894775
-0.01660745218396187
-0.021296514198184013
-0.0634731575846672
-0.04560656473040581
0.12437114864587784
-0.18589888513088226
0.33736130595207214
0.4742797017097473
-0.23199814558029175
0.019406506791710854
-0.1420980989933014
0.06505827605724335
-0.03296007215976715
0.2078159600496292
0.004042854066938162
0.3834330439567566
0.5011623501777649
0.4982162415981293
0.09224390983581543
1.0753198862075806
0.12590846419334412
-0.057933881878852844
-0.07594583928585052
-0.08167758584022522
-0.12902070581912994
0.021514497697353363
-0.2625052034854889
-0.036440759897232056
-0.11810550093650818
0.19358956813812256
0.1333502233028412
0.22966967523097992
0.3453398048877716
0.23178479075431824
0.31037068367004395
1.4228556156158447
0.025048593059182167
0.002971003297716379
0.011810687370598316
0.005803396925330162
-0.043517693877220154
-0.031458139419555664
0.08536629378795624
0.047466833144426346
-0.0677725225687027
0.15789249539375305
-0.00577546888962388
-0.0016351346857845783
-0.090720996260643
-0.06421796977519989
-0.0074036805890500546
-0.06467707455158234
0.029480332508683205
-0.1452808678150177
0.00880957767367363
0.1982775777578354
-0.1173575296998024
-0.3564104437828064
-0.16219249367713928
-0.07409337908029556
-0.23450222611427307
-0.36621546745300293
-0.604587972164154
-0.3756349980831146
0.09279154241085052
-0.039163343608379364
-0.15932297706604004
0.20126742124557495
0.05025097355246544
0.032525792717933655
-0.003248494351282716
0.025043101981282234
-0.02351272478699684
0.07686680555343628
-0.016219589859247208
-0.02775762975215912
-0.08868338167667389
-0.0027339698281139135
-0.013090941123664379
0.07934670150279999
0.017654983326792717
-0.06983515620231628
-0.01286223903298378
-0.04314010590314865
0.09336161613464355
-0.1826566904783249
-0.2479345202445984
-0.11657508462667465
-0.07579470425844193
-0.34185343980789185
-0.2735907733440399
0.025867709890007973
-0.07628755271434784
0.3776753544807434
-0.035457249730825424
0.2778503894805908
0.35084396600723267
0.06716429442167282
0.6399717330932617
0.7818660736083984
0.20446425676345825
-0.17904460430145264
-0.4330275058746338
-0.20493675768375397
-0.15591256320476532
-0.041549261659383774
-0.3574707508087158
-0.06935588270425797
-0.27507299184799194
0.15273797512054443
-0.21873249113559723
-0.19368259608745575
0.15750083327293396
0.06777004897594452
0.2304837703704834
-0.2098388820886612
-0.042992062866687775
-0.25975501537323
-0.0639599934220314
-0.042873039841651917
0.0860641598701477
-0.1829918920993805
-0.18619313836097717
-0.2080269455909729
-0.337166965007782
-0.4396274983882904
-0.6195179224014282
-0.39449870586395264
-0.11842309683561325
-0.062345534563064575
-0.15407703816890717
0.05178792402148247
0.02990632876753807
0.03306649252772331
0.028263965621590614
0.0357094444334507
-0.06302343308925629
-0.010027176700532436
0.04703608155250549
0.012407303787767887
0.02859002724289894
0.04510488733649254
-0.008261006325483322
-0.008788960985839367
0.053148381412029266
-0.07817502319812775
0.021060885861516
-0.045702338218688965
-0.054546672850847244
0.04592834413051605
0.05477873980998993
0.12834443151950836
0.03041764162480831
-0.3828312158584595
0.00862740259617567
-0.13855025172233582
-0.41263890266418457
-0.5135893821716309
-0.58448725938797
-0.3692916929721832
-0.3349112272262573
-0.06165262311697006
-0.6585802435874939
0.5675086379051208
-0.15321306884288788
-0.2693599462509155
-0.07275371253490448
0.021306931972503662
0.001526109641417861
-0.4346712827682495
-0.09108515828847885
-0.1810268610715866
-0.42859503626823425
-0.362845242023468
-0.3282927870750427
-0.23457561433315277
-0.4395768940448761
-0.025364026427268982
-0.7330015301704407
-0.38135388493537903
-0.0328083261847496
-0.09558603167533875
-0.06909260898828506
0.01899462193250656
0.01409631036221981
-0.2825879752635956
-0.0940004214644432
-0.13900965452194214
-0.345699280500412
-0.4530813992023468
-0.44596216082572937
-0.1259736269712448
-0.2638949155807495
-0.10609689354896545
-0.6378262042999268
-0.02703256346285343
0.17029798030853271
-0.12911447882652283
0.14284533262252808
0.8773661255836487
0.01209255587309599
0.06671073287725449
-0.0627083107829094
0.2588953673839569
-0.36718684434890747
-0.4937843382358551
-0.2992144227027893
-0.11645523458719254
0.1487327367067337
0.3375004827976227
0.4156991243362427
1.2074897289276123
-0.02157113328576088
-0.16386407613754272
0.0008631969103589654
0.08449391275644302
0.10353454947471619
-0.2900697588920593
-0.17423979938030243
-0.22239834070205688
-0.3705590069293976
-0.44687092304229736
-0.5240189433097839
-0.2506679892539978
-0.31158626079559326
-0.0893157348036766
-0.5201212763786316
0.23353910446166992
-0.03615289181470871
0.08482813090085983
0.006430692970752716
0.04189220070838928
0.03843868151307106
0.0015294859185814857
-0.03391621261835098
-0.07285795360803604
0.01300923340022564
-0.08742460608482361
-0.06998785585165024
0.002913993550464511
-0.020080571994185448
0.08196739852428436
-0.0018287724815309048
0.03035561926662922
-0.10649631917476654
-0.1603681594133377
0.016161445528268814
0.6295501589775085
0.034707847982645035
-0.1447790563106537
-0.02639758586883545
0.3624856173992157
-0.0923067182302475
0.3710373044013977
0.5852254629135132
0.7156251668930054
0.3033498525619507
0.34788593649864197
0.6687068343162537
0.8525072336196899
0.044141050428152084
0.00340715772472322
0.004097850527614355
-0.009509369730949402
-0.003897750284522772
-0.06674502044916153
-0.09021629393100739
-0.06587139517068863
-0.04157702997326851
0.017981790006160736
-0.013614324852824211
0.015793120488524437
0.027663566172122955
0.03877675533294678
-0.019064774736762047
-0.028599927201867104
0.06267034262418747
-0.3017100989818573
-0.054233722388744354
-0.3326704800128937
0.029726918786764145
0.08089055866003036
-0.27830278873443604
-0.128215029835701
-0.13562682271003723
0.13982225954532623
0.03085777536034584
0.33971869945526123
0.0700945258140564
0.23154723644256592
0.0068724071606993675
0.15218231081962585
-0.056356389075517654
-0.1691000908613205
0.03213725984096527
0.6808499097824097
0.10507144033908844
-0.06969980150461197
-0.10916311293840408
0.37793710827827454
-0.19431932270526886
0.4771355092525482
0.629324734210968
0.5698602795600891
0.04644083231687546
0.42334243655204773
0.6064847707748413
1.1580513715744019
0.2629929780960083
-0.08395174145698547
0.031702920794487
0.569258987903595
0.09508027136325836
0.18040063977241516
-0.10905341804027557
0.3303821384906769
0.14746271073818207
0.10656756907701492
0.031096385791897774
0.47506511211395264
0.21693800389766693
0.41576308012008667
0.3650483787059784
0.7603532075881958
0.2540280222892761
0.012840935960412025
0.2632869780063629
0.3571529686450958
-0.07678045332431793
0.10529894381761551
-0.003423538990318775
0.12481927126646042
0.03832937031984329
-0.14865456521511078
-0.002211397746577859
0.0363304577767849
0.37408411502838135
0.5162673592567444
0.13899248838424683
0.7824687361717224
0.05944525822997093
0.07852350175380707
0.0004230682970955968
0.004112775903195143
-0.03404587507247925
-0.1033942773938179
-0.06086299195885658
-0.027200177311897278
-0.0017533396603539586
0.05017416924238205
-0.03436867147684097
0.0922677218914032
-0.03572027385234833
0.05256582796573639
0.03965163975954056
-0.052421681582927704
0.0503070093691349
0.05938396602869034
0.1700253039598465
0.9013317823410034
-0.02298605814576149
0.0301019549369812
-0.023698071017861366
0.19592402875423431
-0.2784588932991028
-0.39467594027519226
-0.250926673412323
0.05151709169149399
-0.16053040325641632
0.3787943124771118
0.2072547972202301
0.7753846645355225
-0.04360489174723625
0.08810675144195557
0.13791276514530182
0.26530373096466064
0.001323551288805902
-0.2650774121284485
-0.04609161987900734
0.259363055229187
-0.05456109717488289
-0.2322385013103485
-0.15408286452293396
0.22252404689788818
-0.03960143029689789
-0.39309442043304443
-0.5835621953010559
-0.3641302287578583
-0.025044815614819527
-0.1299724280834198
-0.17692993581295013
0.10436215251684189
0.05259034037590027
-0.15305183827877045
-0.17409256100654602
0.1746923327445984
-0.17532210052013397
0.2571842670440674
0.10017723590135574
0.28028473258018494
0.06564924120903015
0.1251188963651657
-0.006161586381494999
0.75454181432724
0.358401894569397
-0.2363251894712448
-0.08143303543329239
-0.14873060584068298
0.054632313549518585
-0.19197532534599304
-0.3097817897796631
-0.16580341756343842
0.16814762353897095
0.0963234007358551
-0.05348080396652222
-0.21496473252773285
0.3129465579986572
0.3186257779598236
0.26173704862594604
0.08587151765823364
0.3237079679965973
-0.21546624600887299
-0.19400644302368164
-0.33866801857948303
0.2284056395292282
0.03493832051753998
-0.24569573998451233
-0.03560294955968857
0.26856791973114014
-0.027545977383852005
-0.08419515937566757
-0.03680052608251572
0.3085450530052185
0.25124990940093994
0.1138618215918541
-0.2477986365556717
0.0301765576004982
-0.02741442807018757
-0.027651268988847733
-0.006019386928528547
0.02232034131884575
0.05678122490644455
-0.025632480159401894
0.000790113874245435
-0.04312968626618385
0.018336627632379532
0.11255913972854614
-0.04269244521856308
-0.019094983115792274
-0.03461405634880066
0.056832052767276764
0.017426859587430954
0.10876622796058655
0.007178358733654022
-0.07668128609657288
-0.0035298792645335197
-0.02854916639626026
-0.004182180855423212
0.08121417462825775
0.06630328297615051
-0.08621929585933685
0.049511656165122986
-0.06876599788665771
0.07669741660356522
0.021297352388501167
-0.08014416694641113
0.02592308074235916
-0.08163326233625412
-0.19819456338882446
-0.23935635387897491
-0.07627665996551514
0.7305775880813599
0.04359471797943115
-0.3866332769393921
-0.003950126003473997
0.30512601137161255
-0.03603699058294296
-0.07141956686973572
-0.1319400817155838
0.3289640545845032
0.308300256729126
0.18737557530403137
0.6265479326248169
0.6412394642829895
0.09668480604887009
-0.10909874737262726
0.062676802277565
-0.017748959362506866
0.021883370354771614
-0.10516379773616791
-0.11282438039779663
0.09934139996767044
-0.12634073197841644
-0.2939516603946686
-0.11520147323608398
0.015247483737766743
-0.01926114223897457
0.2052794098854065
-0.025241266936063766
0.7012616991996765
-0.03412628918886185
-0.07828154414892197
-0.1082502081990242
0.060174282640218735
0.009221475571393967
-0.3692242205142975
-0.11442238092422485
-0.14202941954135895
-0.2899162769317627
-0.44688767194747925
-0.5266183018684387
-0.38554179668426514
-0.4203045964241028
-0.03159453347325325
-0.6189629435539246
-0.20101921260356903
0.10879942029714584
-0.24341203272342682
0.1814800649881363
0.5176534056663513
0.008182916790246964
-0.06354261934757233
-0.07900793850421906
0.16543780267238617
-0.18340681493282318
0.5203155875205994
-0.0019737188704311848
0.36467245221138
0.16029633581638336
0.4056551158428192
0.23672817647457123
0.9553042054176331
0.08535598963499069
-0.10968474298715591
0.035329800099134445
0.1178242489695549
-0.044277776032686234
0.09539555758237839
-0.22549894452095032
0.0066344523802399635
-0.21206484735012054
0.2022063136100769
0.397010862827301
0.317783385515213
0.100511834025383
0.31781238317489624
0.24087212979793549
0.9987253546714783
0.04940423369407654
0.054379455745220184
0.0068663181737065315
-0.011465313844382763
-0.0067644924856722355
0.0014053869526833296
-0.006755149457603693
0.003926157485693693
-0.04974982887506485
-0.04514152184128761
-0.05943110212683678
-0.010770929977297783
0.03930940106511116
-0.08723479509353638
-0.02329360693693161
0.030998580157756805
-0.011371469125151634
-0.2409459501504898
-0.1028386801481247
0.17159593105316162
0.11934293061494827
-0.4417116940021515
-0.09583165496587753
-0.1259470283985138
-0.4387834370136261
-0.56041419506073
-0.5128469467163086
-0.28081491589546204
-0.1741752177476883
-0.07412999868392944
-0.3682193160057068
0.12122561037540436
0.06273379921913147
0.06607146561145782
-0.04486078396439552
0.0012537282891571522
-0.0075522358529269695
-0.027265112847089767
-0.0440545529127121
0.00250763981603086
0.00401853583753109
-0.0303606316447258
0.024406960234045982
0.07271784543991089
0.038597214967012405
-0.07291985303163528
-0.11708781868219376
0.0015298437792807817
-0.09574269503355026
-0.21369309723377228
-0.2984755337238312
0.03827972710132599
0.1166139543056488
-0.1862422078847885
-0.14961059391498566
0.04392116516828537
-0.18223418295383453
0.5220586657524109
0.2162346988916397
0.22620892524719238
0.033684808760881424
-0.0988539606332779
0.2029406577348709
0.7481553554534912
0.1401606649160385
-0.3056710958480835
-0.44440895318984985
-0.1881525069475174
0.054976146668195724
0.0075778537429869175
-0.4655626118183136
-0.17913180589675903
-0.08411068469285965
0.11173377186059952
0.10028503835201263
-0.018491845577955246
0.001596046262420714
0.1568276435136795
-0.07757528871297836
-0.4919210970401764
0.07089335471391678
-0.036119233816862106
-0.04798199608922005
-0.04405779391527176
0.19600893557071686
-0.2546790838241577
-0.3417462110519409
-0.27554982900619507
-0.06053300201892853
-0.344330757856369
-0.6020718812942505
-0.40111783146858215
0.11806280165910721
0.03585391119122505
-0.3904535174369812
-0.2021179497241974
-0.0414247140288353
-0.00841057300567627
-0.02663373574614525
0.1019313633441925
0.008064104244112968
0.0404537133872509
-0.028526177629828453
0.01107062678784132
0.041589803993701935
-0.08373604714870453
-0.008140023797750473
-0.027768949046730995
-0.10597336292266846
-0.005602430552244186
-0.01504290010780096
-0.10553339123725891
0.19162867963314056
0.1344044953584671
0.04793481156229973
0.2800680696964264
0.061603885143995285
-0.2295854687690735
-0.2208605855703354
-0.35153433680534363
-0.1259434074163437
-0.4580381512641907
-0.6079128980636597
-0.3484622538089752
-0.08287528157234192
0.02588900737464428
-0.406258761882782
0.4850482642650604
-0.0895194485783577
-0.04539596661925316
-0.12443140149116516
-0.09034483879804611
0.07622501254081726
-0.39033180475234985
-0.3065378963947296
-0.14052653312683105
-0.322439968585968
-0.30988654494285583
-0.2918876111507416
-0.17058901488780975
-0.14498299360275269
-0.016775986179709435
-0.571580171585083
-0.4703303575515747
0.00889557134360075
-0.011468073353171349
-0.056178782135248184
0.1338801085948944
-0.0655684545636177
-0.23527105152606964
-0.41473135352134705
-0.20690596103668213
-0.2795299291610718
-0.15513275563716888
-0.4551011025905609
-0.14622986316680908
-0.04203718155622482
-0.15032067894935608
-0.5281500816345215
-0.05597105249762535
0.35949498414993286
0.12890814244747162
0.2478630691766739
0.9414529204368591
0.24362371861934662
-0.19823534786701202
-0.08703755587339401
0.7546259760856628
0.2897702753543854
-0.32494649291038513
-0.3858221173286438
0.05021478235721588
0.21718432009220123
0.31776541471481323
0.41586005687713623
1.2418206930160522
-0.14217640459537506
-0.0261074248701334
0.003753118682652712
0.04496155306696892
-0.015177397057414055
-0.2595638036727905
-0.39468029141426086
-0.20051094889640808
-0.31791675090789795
-0.3989756107330322
-0.4092645049095154
-0.28616926074028015
-0.14094838500022888
-0.11440187692642212
-0.4700522720813751
0.020475376397371292
0.03605400770902634
0.10791760683059692
0.0472821407020092
0.0983479917049408
0.00751923955976963
0.03780815005302429
-0.09042027592658997
0.0028739438857883215
0.03077550418674946
0.038424719125032425
-0.009908595122396946
-0.0435582660138607
-0.012665104120969772
0.08289485424757004
0.060677580535411835
-0.11097140610218048
0.22113746404647827
-0.009412718005478382
0.3620415925979614
0.6194215416908264
0.389536589384079
0.05933964252471924
0.13247913122177124
0.6673900485038757
0.390098512172699
0.3628556430339813
0.5646458864212036
0.8170104622840881
0.5283611416816711
0.37815552949905396
0.698291003704071
0.8504481911659241
-0.10171447694301605
0.06275159120559692
-0.09517184644937515
0.05394343286752701
0.0415884405374527
-0.005891282577067614
-0.04802700877189636
0.005049401894211769
-0.015131443738937378
-0.020407453179359436
-0.026125524193048477
0.022092189639806747
-0.034332770854234695
0.0698118731379509
-0.02127544768154621
-0.018640996888279915
0.2975274622440338
-0.1744479238986969
-0.12767864763736725
-0.17336055636405945
0.5595343112945557
0.15804259479045868
-0.15980806946754456
-0.10253453254699707
0.2349940538406372
0.09960030764341354
0.12251230329275131
0.30925145745277405
0.5228475332260132
0.21790426969528198
-0.18398159742355347
0.16679757833480835
0.30685117840766907
-0.003405385185033083
0.12495864182710648
0.5495451092720032
0.4703931212425232
0.14727243781089783
0.12174373865127563
0.5028321743011475
0.3919808268547058
0.3671945333480835
0.6627467274665833
0.6489525437355042
0.5417918562889099
0.37294691801071167
0.565318763256073
1.0965584516525269
0.4401637613773346
0.08259967714548111
0.13493430614471436
0.6353050470352173
0.563443124294281
0.0716988667845726
0.0863117054104805
0.5538237690925598
0.36231109499931335
0.13761168718338013
0.016044283285737038
0.44944754242897034
0.45505473017692566
0.4051205515861511
0.2626396119594574
0.6752411723136902
0.48509442806243896
0.2677002251148224
0.2832975387573242
0.2921445965766907
0.5109483599662781
-0.05972270667552948
-0.09275098145008087
0.2528126537799835
0.3121425211429596
-0.04744282737374306
-0.05928180366754532
0.0587211474776268
0.7336502075195312
0.38482195138931274
-0.03481043130159378
0.6570065021514893
0.05277106165885925
-0.004375089425593615
-0.030272990465164185
-0.07336112856864929
-0.06585267186164856
0.005931325256824493
-0.02982744574546814
-0.08643437922000885
0.0320599339902401
-0.0007928386912681162
0.0042854961939156055
-0.027595508843660355
-0.012928948737680912
-0.038880180567502975
-0.0051575000397861
0.01145932450890541
0.32401639223098755
0.1380862295627594
0.2569376826286316
0.5867685675621033
0.06549768894910812
0.09242086112499237
-0.07311764359474182
0.30017173290252686
0.19879694283008575
-0.18536795675754547
-0.27468207478523254
0.046547990292310715
0.263006329536438
0.3058811128139496
0.18628327548503876
0.8434813618659973
-0.042215678840875626
0.07429426163434982
0.04769551008939743
0.30957645177841187
-0.12122629582881927
-0.1978629231452942
-0.2720000147819519
0.12010214477777481
-0.06898081302642822
-0.32437026500701904
-0.0982617661356926
0.06411842256784439
0.052546191960573196
-0.5594199895858765
-0.6081951260566711
-0.3335801064968109
0.17957530915737152
0.05402696132659912
-0.12188995629549026
0.11461985856294632
0.46415218710899353
-0.012855377048254013
-0.032592181116342545
0.29345476627349854
0.3885311186313629
0.2097272276878357
0.1126655861735344
0.2988891005516052
0.5452225208282471
0.10650822520256042
-0.052501898258924484
0.7075778245925903
0.45918896794319153
0.023795172572135925
-0.24916905164718628
-0.1294662356376648
0.7298793196678162
0.03458959236741066
-0.5316946506500244
-0.153631329536438
0.663182258605957
0.4225406348705292
-0.062094032764434814
-0.21013902127742767
0.7697149515151978
0.4236021041870117
0.07608464360237122
-0.0623466856777668
0.5212224721908569
0.031392041593790054
-0.053496867418289185
-0.34542009234428406
0.9033749103546143
0.035688526928424835
-0.5668016672134399
-0.10222338140010834
0.753378689289093
0.3976849615573883
-0.11790711432695389
-0.20661649107933044
0.8512712717056274
0.14281697571277618
-0.07927538454532623
-0.3711245656013489
-0.00601328257471323
0.016734737902879715
-0.012830514460802078
-0.058322712779045105
-0.06499852985143661
0.06870783120393753
-0.03596874326467514
-0.0444834940135479
0.04265677556395531
-0.08944849669933319
0.04447488114237785
0.06314472109079361
-0.01650705188512802
-0.020507240667939186
-0.01731041632592678
0.008525146171450615
-0.04871060326695442
8.764855738263577e-05
0.044448986649513245
0.019830821081995964
0.02282947301864624
0.020978113636374474
-0.024799268692731857
0.02027319371700287
-0.05547221004962921
-0.013234165497124195
0.014374256134033203
-0.005551527254283428
-0.006198599003255367
0.0034340438432991505
0.019231578335165977
-0.06575017422437668
0.11520501971244812
-0.10650498420000076
0.03282952308654785
0.688240110874176
0.26118147373199463
-0.32787320017814636
0.030597470700740814
0.7842152118682861
0.3525993525981903
-0.15507814288139343
-0.08293893188238144
0.3226013481616974
0.27202847599983215
0.18168534338474274
0.3997644782066345
0.7488831877708435
0.2504701316356659
0.24160222709178925
-0.020697738975286484
0.04233625531196594
0.1805250495672226
-0.1695629060268402
-0.24107350409030914
-0.135618194937706
0.2730346620082855
-0.13053980469703674
-0.2840522229671478
0.13980050384998322
0.285493403673172
0.2936849296092987
-0.3038288652896881
0.6148325204849243
0.04426492005586624
0.05423391982913017
-0.026188280433416367
-0.009720875881612301
-0.004989532753825188
-0.32507047057151794
-0.4128357768058777
-0.34672391414642334
-0.15309298038482666
-0.3254697322845459
-0.5355679988861084
-0.3203676640987396
-0.0750521868467331
-0.02115671895444393
-0.5679213404655457
-0.28320008516311646
0.28081876039505005
-0.05430375039577484
0.4002755582332611
0.6083186864852905
0.3616328835487366
-0.006559389177709818
-0.07168471813201904
0.05506173148751259
0.3563006818294525
0.4487335681915283
-0.0022888313978910446
0.31028637290000916
0.575158417224884
0.4779179096221924
-0.01082727313041687
0.579536497592926
0.2185334861278534
-0.04933830723166466
0.023886844515800476
0.10885161906480789
0.19103553891181946
-0.12096130847930908
-0.3476678133010864
0.17919503152370453
0.3232586979866028
0.2408655881881714
0.4266674220561981
0.35585182905197144
0.47912588715553284
0.25005030632019043
0.09732726961374283
1.0027436017990112
0.08641842007637024
-0.02649504505097866
0.02798466570675373
-0.04908651113510132
-0.06619205325841904
0.051059018820524216
0.007749345153570175
-0.06270501762628555
-0.027542205527424812
8.209884981624782e-05
0.027964340522885323
0.05502917245030403
0.06533274054527283
0.07361679524183273
-0.020149970427155495
-0.06628383696079254
0.14914479851722717
0.013210894539952278
-0.18100497126579285
0.2044077068567276
0.3264186978340149
-0.3927825093269348
-0.1621960699558258
-0.3280428946018219
-0.10062050074338913
-0.339896559715271
-0.4522819221019745
-0.33653146028518677
0.026720840483903885
0.0695749893784523
-0.4042002856731415
-0.07318439334630966
-0.005676156375557184
-0.11733692139387131
-0.018441740423440933
-0.014737218618392944
-0.02645166963338852
0.030319808050990105
-0.021458793431520462
0.031508080661296844
-0.010850249789655209
-0.08967428654432297
0.02981925569474697
0.03313729912042618
-0.0274446252733469
-0.034150734543800354
-0.0045170858502388
0.0003383071452844888
0.10152307897806168
-0.118558868765831
-0.35455185174942017
0.03728167712688446
0.44930484890937805
-0.2114386409521103
-0.13610845804214478
0.14305159449577332
0.2544253468513489
0.40716004371643066
0.17888562381267548
0.3140955865383148
0.4014207720756531
0.012836321257054806
0.04586516320705414
0.8427578806877136
0.3281252086162567
-0.08166449517011642
-0.3814598321914673
-0.152772918343544
0.40576452016830444
-0.07418757677078247
-0.4411226511001587
-0.25416430830955505
0.1439177244901657
0.26057595014572144
-0.022977691143751144
-0.010195879265666008
0.22579501569271088
0.06517564505338669
-0.24471983313560486
-0.6842878460884094
-0.027463670819997787
-0.04423130676150322
0.12191913276910782
-0.0477835014462471
-0.050078727304935455
0.43710508942604065
0.8302327394485474
0.4406587481498718
0.05119742080569267
0.24938176572322845
1.2696022987365723
0.8326533436775208
-0.39102432131767273
-0.2610861361026764
-0.0523904412984848
-0.5124271512031555
0.050095707178115845
0.052723031491041183
0.0030546754132956266
0.029025334864854813
0.015883387997746468
-0.021635711193084717
0.04235045239329338
-0.027534935623407364
0.04627083241939545
0.0008129128254950047
-0.056857239454984665
0.09398500621318817
-0.007690794765949249
-0.0021478368435055017
0.012339095585048199
0.015074442140758038
0.06942584365606308
-0.01670018956065178
0.02325555682182312
-0.2026597112417221
-0.0033963769674301147
0.4047202467918396
0.7525787949562073
0.5535337924957275
0.2574857175350189
0.2620541453361511
1.5348185300827026
0.7434563040733337
-0.09258408844470978
-0.10994505882263184
-0.07185535877943039
-0.2742976248264313
0.05858525261282921
-0.006877630949020386
0.1641334444284439
-0.16018784046173096
0.013330292887985706
0.5437924861907959
0.8814954161643982
0.4457615613937378
0.31738483905792236
0.25428229570388794
1.0269399881362915
0.4041883647441864
-0.05121731385588646
-0.11492829769849777
0.03539415821433067
0.1600458323955536
0.0730939656496048
0.058876894414424896
0.0036752503365278244
-0.0971495658159256
0.12123656272888184
0.4313281774520874
0.8248443603515625
0.5110632181167603
0.33569812774658203
0.15288396179676056
1.2033612728118896
0.6582157015800476
0.014029172249138355
0.09787102788686752
-0.06870558112859726
-0.25715115666389465
-0.33536845445632935
-0.16538743674755096
-0.16649779677391052
-0.9521837830543518
-0.23443172872066498
0.49110162258148193
0.20621131360530853
-0.34681761264801025
-0.484241783618927
0.19603697955608368
-0.007797895465046167
0.1392442286014557
-0.5193447470664978
-0.31345388293266296
-0.5765199065208435
-1.1780091524124146
0.11024945974349976
0.03527432307600975
0.0684419572353363
-0.13020728528499603
0.03356616199016571
0.3979308009147644
0.9832776188850403
0.6410882472991943
0.4387642741203308
0.312761127948761
1.3769447803497314
0.8551182150840759
-0.049646176397800446
-0.12542347609996796
-0.09338562190532684
-0.2526825964450836
-0.031102444976568222
-0.014600712805986404
0.020602313801646233
-0.033663295209407806
0.0036561491433531046
0.024238789454102516
-0.020598100498318672
-0.011758631095290184
-3.4818043786799535e-05
-0.056431014090776443
0.059323836117982864
0.03233517333865166
0.005518517456948757
0.00389878754504025
0.007515438832342625
-0.03270594775676727
-0.3096626400947571
-0.022384220734238625
-0.3409915268421173
-0.9477304220199585
-0.3462198078632355
0.1662297546863556
-0.0984250158071518
-0.3728375732898712
-0.6511045098304749
0.0015916654374450445
-0.4623504877090454
-0.3488047420978546
-0.7045049667358398
-0.4722880721092224
-1.5490447282791138
-1.8298958539962769
0.06880950182676315
-0.07434247434139252
-0.024420449510216713
0.1005740761756897
0.07585299015045166
-0.042298659682273865
0.055963270366191864
-0.03419079631567001
-0.014634695835411549
0.01026272214949131
-0.0038010773714631796
-0.03350032866001129
-0.022353852167725563
-0.016830749809741974
-0.03271978721022606
-0.07582084834575653
-0.38613682985305786
-0.04847756400704384
0.04024611413478851
-0.3459995687007904
-0.4999856650829315
0.07875511795282364
0.48510637879371643
0.3878541886806488
-0.4219038486480713
-0.20494115352630615
0.37062087655067444
-0.012293372303247452
-0.6562169194221497
-0.49222803115844727
-0.19593192636966705
-0.7774073481559753
-0.22243757545948029
0.028150318190455437
-0.445334792137146
-0.9509004354476929
-0.46526163816452026
0.15249723196029663
0.0467805340886116
-0.24992693960666656
-0.5650261640548706
-0.10142529755830765
-0.44336968660354614
-0.3425774872303009
-0.7549164295196533
-0.5785664916038513
-1.3699712753295898
-1.8087929487228394
-0.4122309386730194
-0.21945920586585999
-0.21437644958496094
-0.8014588952064514
-0.7260188460350037
0.20550060272216797
0.002476972062140703
-0.2253948599100113
-0.9124487042427063
0.0008267585071735084
-0.18224720656871796
-0.46378958225250244
-0.7394276857376099
-0.36064136028289795
-0.5316480398178101
-1.1478675603866577
-0.43149563670158386
-0.20372387766838074
-0.21928708255290985
-0.554324746131897
-0.4076426923274994
0.27159544825553894
0.17295688390731812
0.05591272562742233
-0.6310234665870667
0.3896496295928955
0.41415441036224365
0.08652127534151077
-0.9212179780006409
-0.39580291509628296
-0.48424121737480164
-0.99647456407547
0.044642385095357895
-0.013087720610201359
-0.014020919799804688
-0.02198486030101776
-0.008453241549432278
0.04087698832154274
-0.02765272930264473
0.022821061313152313
-0.026796512305736542
-0.0604504756629467
0.06221897155046463
0.032819658517837524
0.03272897005081177
0.007917260751128197
-0.051548466086387634
0.06540040671825409
-0.2046048790216446
-0.005803500767797232
-0.21627281606197357
-0.7809167504310608
-0.18569348752498627
0.32428061962127686
0.18109281361103058
-0.1659354716539383
-0.4177260398864746
0.09584438800811768
0.07862742245197296
0.11201904714107513
-0.46864786744117737
-0.4458733797073364
-0.5222618579864502
-0.830714762210846
0.03813634067773819
-0.06416700780391693
0.01441466249525547
-0.5436910390853882
0.03069799393415451
0.2250460386276245
0.22251655161380768
-0.3438325822353363
-0.035442281514406204
0.21995855867862701
0.2340862900018692
0.002045467495918274
-0.07875775545835495
0.1809992790222168
0.39792707562446594
0.3972082734107971
-0.28221163153648376
0.0451088510453701
-0.22079086303710938
-0.43354764580726624
-0.43397313356399536
0.10972335934638977
0.13024532794952393
0.19778363406658173
-0.5606644749641418
0.18778303265571594
-0.047754786908626556
-0.04610186442732811
-0.7595049142837524
-0.2733001708984375
-0.8596431016921997
-1.6556693315505981
-0.4447939693927765
-0.18991468846797943
0.18176622688770294
-0.2996366024017334
-0.8027072548866272
0.18054713308811188
0.5272535681724548
0.23126162588596344
-0.8312585949897766
-0.2289741188287735
0.43805432319641113
0.19708900153636932
-1.1327990293502808
-0.674861490726471
-0.41275620460510254
-0.7211146354675293
-0.4563716650009155
-0.0715598464012146
0.20882102847099304
-0.1576983630657196
-1.0158212184906006
0.02974465861916542
0.6490187048912048
0.1233890950679779
-1.4264020919799805
-0.2676793038845062
0.8376991748809814
0.2007242739200592
-1.2541271448135376
-0.7176501154899597
-0.31615152955055237
-1.0205575227737427
-0.010184652172029018
-0.07675083726644516
-0.03599248826503754
0.016870126128196716
0.041711024940013885
-0.0792127326130867
0.0473017543554306
0.026327744126319885
0.030713556334376335
-0.0002200323942815885
0.0016412469558417797
-0.052746184170246124
-0.04031449928879738
0.024631710723042488
-0.01924567110836506
-0.01968749426305294
0.02706727385520935
-0.051347553730010986
0.04375189170241356
-0.04225683957338333
0.10743609070777893
-0.0827607810497284
-0.05415375158190727
-0.027310727164149284
-0.045372121036052704
0.017505649477243423
0.03648579493165016
-0.030492190271615982
-0.05787191167473793
-0.02606828138232231
-0.05857887491583824
0.008594172075390816
-0.20745955407619476
0.05999138206243515
-0.5056011080741882
-0.7642051577568054
-0.18865618109703064
0.3312765955924988
-0.08104091137647629
-0.5601401329040527
-0.6541134119033813
0.2544325292110443
0.2632596492767334
-0.15872272849082947
-0.48357027769088745
-0.38505882024765015
-0.8320461511611938
-0.6669678092002869
-0.1962944120168686
-0.1979428231716156
0.031237304210662842
-0.32430168986320496
-0.13479913771152496
0.5020957589149475
0.44154196977615356
0.15341141819953918
-0.36679282784461975
0.1998578906059265
0.5339453816413879
0.33993420004844666
-0.5051763653755188
-0.3010292947292328
-0.07409408688545227
-0.6968651413917542
-0.005341751500964165
-0.018965769559144974
0.04364081844687462
-0.11573142558336258
0.08931545913219452
0.44826215505599976
0.7980303764343262
0.5193247199058533
0.2996722459793091
0.19860325753688812
1.2560679912567139
0.9539803266525269
0.04928124323487282
-0.1200966164469719
0.22827647626399994
-0.05444081872701645
-0.36069080233573914
0.018745284527540207
-0.5246312022209167
-0.5752577781677246
-0.35565492510795593
0.23203323781490326
0.4442157745361328
0.3736985921859741
-0.47768867015838623
-0.5540589690208435
0.3079864978790283
0.14439165592193604
-0.7785699367523193
-0.4743061363697052
-0.5119686722755432
-0.8673064112663269
-0.2833266258239746
-0.019520990550518036
0.09260452538728714
-0.6852861046791077
-0.18390659987926483
0.0003038088034372777
0.4572197198867798
0.10879828780889511
-0.3829675018787384
-0.21789108216762543
0.2254345864057541
-0.08587457239627838
-0.6977402567863464
-0.5213245153427124
-0.6179322600364685
-1.114871859550476
0.04886598885059357
0.08921309560537338
-0.0018016957910731435
0.05918535217642784
-0.03145937994122505
0.004341933876276016
0.04943632334470749
-0.010428567416965961
-0.016403822228312492
-0.0714089423418045
0.022469107061624527
-0.006350300274789333
-0.023237282410264015
-0.02921527810394764
0.023291420191526413
-0.012131777592003345
-0.04562759026885033
-0.12228839844465256
0.020945800468325615
-0.1753290742635727
-0.036883506923913956
0.6186089515686035
0.8073679208755493
0.42537617683410645
0.07005727291107178
0.31765276193618774
1.2134990692138672
0.6184971332550049
-0.2457626909017563
-0.12579040229320526
0.05587214604020119
-0.02591104991734028
0.05821625888347626
-0.026702065020799637
0.06315964460372925
0.03416772559285164
0.007974885404109955
-0.04970143735408783
0.034234073013067245
-0.04615003988146782
0.06032152101397514
-0.06380685418844223
0.0331709161400795
0.0807386189699173
-0.023986931890249252
-0.0390431173145771
-0.0801309198141098
-0.022454293444752693
-0.30898675322532654
0.06769764423370361
0.011399206705391407
-0.2726462483406067
-0.38474908471107483
0.15012221038341522
0.3264450430870056
0.1396659016609192
-0.3001187741756439
-0.5526148080825806
0.0002330058196093887
0.023153044283390045
-0.4987735152244568
-0.11530240625143051
-0.9702175855636597
-1.0763198137283325
-0.4402414858341217
-0.04935728386044502
0.17177394032478333
-0.2712198793888092
-0.35779622197151184
0.3276619613170624
0.6402657628059387
0.6311824321746826
-0.21388384699821472
-0.10262533277273178
0.6255850195884705
0.21160581707954407
-0.5623618960380554
-0.3453318178653717
-0.18152941763401031
-0.235676109790802
-0.0682162344455719
-0.20310384035110474
-0.12331342697143555
0.1922307163476944
0.17337511479854584
-0.24523672461509705
-0.15775562822818756
-0.18925699591636658
-0.1828910857439041
-0.2904389798641205
-0.5449538826942444
-0.3566609025001526
0.3098229765892029
-0.12639644742012024
-0.24902206659317017
-0.22567124664783478
0.0359160378575325
-0.0642353743314743
-0.01574449986219406
0.01863490790128708
-0.019393013790249825
-0.01692768558859825
-0.04625382646918297
-0.050814658403396606
-0.02752654440701008
-0.01797790825366974
0.039456143975257874
-0.07775124907493591
-0.004525499418377876
0.029239648953080177
0.023230109363794327
-0.005584368947893381
-0.1527440845966339
-0.06921084225177765
0.05961395427584648
0.27898108959198
-0.07806401699781418
-0.33837851881980896
-0.05118660256266594
-0.16597817838191986
-0.2521560490131378
-0.46442967653274536
-0.5758042335510254
-0.2529789209365845
0.05315244197845459
-0.11166474223136902
-0.4543286859989166
0.5121642351150513
-0.13077180087566376
-0.36662620306015015
-0.21450118720531464
0.04820629209280014
-0.17553287744522095
-0.33380022644996643
-0.07260370999574661
-0.045545924454927444
-0.34474214911460876
-0.26425701379776
-0.21462829411029816
-0.23982712626457214
-0.060385387390851974
-0.2749362587928772
-0.5289817452430725
-0.5233219861984253
-0.2177565097808838
-0.13402937352657318
-0.13793516159057617
0.09056375920772552
-0.08177080005407333
-0.2752232849597931
0.01871306821703911
-0.1591344177722931
-0.3441702127456665
-0.18860653042793274
-0.32168906927108765
-0.12343898415565491
0.0022609091829508543
-0.287956565618515
-0.6364823579788208
-0.1261524111032486
-0.0007294666720554233
-0.10344360768795013
0.3734629452228546
1.0228705406188965
0.1110537052154541
-0.11687266826629639
-0.036019228398799896
0.22694365680217743
0.11750560253858566
-0.31560060381889343
-0.34058377146720886
0.053915638476610184
0.28179964423179626
0.09594695270061493
0.41020718216896057
1.2035293579101562
-0.17883796989917755
-0.13961829245090485
-0.03687561675906181
0.18120838701725006
-0.07798396795988083
-0.37029534578323364
-0.047478195279836655
-0.1620866358280182
-0.40050143003463745
-0.3273391127586365
-0.28911975026130676
-0.3375653922557831
-0.008534793742001057
-0.37265491485595703
-0.4716554880142212
-0.05590025335550308
0.013670392334461212
-0.10413070023059845
0.05518241599202156
-0.03158452734351158
0.035476524382829666
-0.025471076369285583
0.02731943130493164
0.00547976465895772
0.0015726641286164522
0.005079085472971201
-0.023386532440781593
-0.03856007382273674
-0.044443465769290924
0.039515431970357895
-0.10604077577590942
-0.07931250333786011
0.13969333469867706
-0.040915556252002716
0.2105722874403
0.7620882391929626
0.43171483278274536
-0.2511215806007385
-0.08532791584730148
0.27855148911476135
0.3790475130081177
0.3783773183822632
0.5901516079902649
0.7683917880058289
0.48304399847984314
0.14085209369659424
0.7341868877410889
0.7258104085922241
0.004386530257761478
0.014201476238667965
0.016478775069117546
-0.06848136335611343
0.11574365198612213
-0.0022802529856562614
-0.027519093826413155
-0.06864042580127716
-0.053192682564258575
0.05602134391665459
0.007968776859343052
0.02294996753334999
0.0003058125148527324
-0.08699586242437363
-0.013428551144897938
-0.04795742407441139
0.005005494225770235
-0.2664373219013214
-0.020203320309519768
0.025719089433550835
0.3198765218257904
0.24682533740997314
-0.24453400075435638
-0.1794768124818802
0.37021347880363464
0.3594864010810852
0.03842152655124664
0.28806063532829285
0.5759621262550354
0.0508844256401062
-0.02294309437274933
0.14619021117687225
0.0928599089384079
0.07308454811573029
0.20672577619552612
0.7609614729881287
0.45671823620796204
-0.17825210094451904
-0.13250894844532013
0.20628559589385986
0.2801026403903961
0.517606258392334
0.5037209987640381
0.6212223768234253
0.46645376086235046
0.1903628408908844
0.5466233491897583
1.2097783088684082
0.21831299364566803
0.07267753779888153
0.20816217362880707
0.644481897354126
0.3422805666923523
-0.0005389124271459877
-0.011421101167798042
0.23779848217964172
0.46650639176368713
0.18189407885074615
0.11078928411006927
0.671332061290741
0.5092284679412842
0.25361159443855286
0.43826165795326233
0.7982127666473389
0.15137939155101776
0.05086730048060417
0.32101696729660034
0.6352115273475647
0.4332647919654846
-0.04565941169857979
-0.07058422267436981
-0.027134748175740242
0.3904513418674469
-0.08660566061735153
-0.09325224906206131
0.021047504618763924
0.6459578275680542
0.28846701979637146
0.14647893607616425
0.6491792798042297
-0.07253715395927429
-0.014802219346165657
0.07222133874893188
-0.021412964910268784
0.06796436011791229
0.015485827811062336
0.032572872936725616
0.03196881711483002
0.0010292582446709275
0.011896371841430664
-0.04729821905493736
-0.02230783924460411
-0.07507049292325974
-0.014498592354357243
0.016113700345158577
-0.03333205729722977
0.0907057672739029
-0.11466551572084427
0.2989099621772766
0.7511873841285706
-0.0023315800353884697
-0.11056404560804367
0.1384686678647995
0.20052683353424072
0.09583866596221924
-0.2659834921360016
-0.2772880792617798
0.2374705970287323
0.25499391555786133
0.10340780764818192
0.24469831585884094
0.7913433909416199
-0.2301805019378662
0.13911190629005432
0.01142057403922081
0.17508924007415771
-0.17467579245567322
-0.22356341779232025
0.04108637571334839
0.38154077529907227
-0.07293308526277542
-0.19961054623126984
-0.18844597041606903
0.14352333545684814
0.008969699032604694
-0.41646674275398254
-0.589452862739563
-0.29609909653663635
0.14344675838947296
0.035425759851932526
-0.0002983770100399852
0.20089247822761536
0.3286862075328827
-0.07171940058469772
-0.1791950762271881
0.07862244546413422
0.3939265012741089
0.23808202147483826
0.08666925132274628
0.25558269023895264
0.5170852541923523
-0.07272998988628387
0.053497619926929474
0.6827593445777893
0.04910379648208618
-0.20032304525375366
-0.0061821965500712395
0.014185129664838314
0.40595290064811707
0.13229766488075256
-0.40455999970436096
-0.22750508785247803
0.635980486869812
0.4080485701560974
-0.03362739086151123
-0.23732778429985046
0.7670450210571289
0.3595409393310547
0.17106987535953522
0.04279520735144615
0.15845157206058502
-0.1510821431875229
-0.047143176198005676
-0.09407773613929749
0.5509971380233765
0.24267064034938812
-0.27455776929855347
-0.1410612165927887
0.9683144688606262
0.3787256181240082
-0.1604892909526825
-0.11532259732484818
0.9150441884994507
0.11963779479265213
-0.16185297071933746
-0.2809727191925049
-0.009390134364366531
0.019325802102684975
-0.03642111271619797
0.023586899042129517
0.06659488379955292
0.07191590219736099
0.009174130856990814
0.017514709383249283
0.0019079098710790277
-0.0012803071876987815
0.031056052073836327
0.008581502363085747
-0.03751678764820099
0.02281993068754673
-0.021823646500706673
-0.031662825495004654
-0.0811401978135109
-0.09669914841651917
0.04346113279461861
0.117733433842659
0.0032393108122050762
0.04614254832267761
-0.029357273131608963
-0.0025389178190380335
-0.013375931419432163
-0.020555350929498672
0.0455830842256546
-0.05469786375761032
-0.05858590453863144
0.03706273064017296
-0.02826952375471592
-0.022221559658646584
0.008777727372944355
0.028779610991477966
0.22599360346794128
0.6620103716850281
0.20068436861038208
-0.38199523091316223
0.016168566420674324
0.29307401180267334
0.2587420642375946
-0.08699744939804077
-0.23181727528572083
0.379856139421463
0.23455984890460968
0.0446893647313118
0.5305107831954956
0.5751083493232727
0.04976525157690048
-0.0760163813829422
0.1527116447687149
0.1841851770877838
0.04729270562529564
-0.27875399589538574
-0.09798742830753326
-0.014487938955426216
0.2411528378725052
-0.16356413066387177
-0.1862889677286148
0.11780131608247757
0.2699677646160126
0.031455088406801224
-0.06727029383182526
0.5007668733596802
-0.22865119576454163
-0.2182237058877945
-0.07918006181716919
0.06496497988700867
-0.058836549520492554
-0.5412455797195435
-0.11118444800376892
-0.1730395406484604
-0.20453238487243652
-0.35358351469039917
-0.43883970379829407
-0.3085753917694092
-0.10094043612480164
-0.17498815059661865
-0.46813681721687317
-0.24848954379558563
0.20257966220378876
-0.1623544991016388
0.3496711850166321
0.6913066506385803
0.3053863048553467
-0.15276598930358887
-0.09631945192813873
-0.07449641823768616
0.3191297650337219
0.6082512736320496
-0.09671065211296082
0.24269460141658783
0.6076065301895142
0.20305395126342773
0.19651387631893158
0.6835486888885498
0.028423359617590904
-0.20995841920375824
0.08603400737047195
0.28361010551452637
0.1671503484249115
0.02152145467698574
-0.16671007871627808
0.015421642921864986
0.33278021216392517
0.24049991369247437
0.2468433976173401
0.36434856057167053
0.5127937197685242
0.08003725111484528
0.20938624441623688
0.9219540953636169
0.047083307057619095
0.041389934718608856
0.006259839050471783
-0.04473571106791496
0.022847352549433708
-0.05125802010297775
-0.07401665300130844
0.02333725243806839
-0.027784358710050583
-0.030836358666419983
0.04204536974430084
-0.053955983370542526
0.0005842192913405597
0.019834958016872406
-0.04379965364933014
-0.06981338560581207
-0.10737694799900055
-0.12126374244689941
-0.06007107347249985
0.2091730684041977
0.10068012773990631
-0.4306424856185913
-0.13788491487503052
-0.10504737496376038
-0.0967414379119873
-0.426384836435318
-0.47060051560401917
-0.288041353225708
0.14823336899280548
-0.12423795461654663
-0.3354305326938629
0.09889200329780579
-0.012206459417939186
0.0014634166145697236
0.004456197842955589
-0.01357349380850792
-0.03848603740334511
0.030153706669807434
-0.09663143754005432
-0.10000434517860413
-0.05933259427547455
-0.08656453341245651
-0.01647280901670456
-0.07303506880998611
0.04108055308461189
0.03202471882104874
-0.039733778685331345
-0.007783588953316212
0.08149498701095581
-0.047169797122478485
-0.30364829301834106
0.21224084496498108
0.3205268085002899
-0.3226439654827118
-0.15198321640491486
-0.037818487733602524
0.20729273557662964
0.5185925960540771
0.0922044962644577
0.30539828538894653
0.4695470929145813
-0.23333291709423065
0.15951858460903168
0.6447315216064453
0.046502962708473206
-0.3644820749759674
-0.383016437292099
0.02698528952896595
0.3454110324382782
-0.07468678802251816
-0.3904009759426117
-0.18110153079032898
0.07401840388774872
0.2926408350467682
0.11083238571882248
-0.02084357477724552
0.36430421471595764
-0.06490430235862732
-0.02081599459052086
-0.4943612515926361
-0.15131402015686035
0.045493319630622864
0.08974119275808334
0.040873415768146515
-0.1776706576347351
0.2914133369922638
0.7693052887916565
0.44675955176353455
0.08712764829397202
0.13425090909004211
1.0587151050567627
0.6560925245285034
-0.38179367780685425
-0.2340177744626999
-0.017773211002349854
-0.26634806394577026
-0.06494111567735672
0.05020105838775635
-0.003723995992913842
-0.017286863178014755
0.09067508578300476
0.01427592895925045
0.03601391240954399
-0.008846886456012726
0.09868801385164261
0.00629675155505538
0.018742142245173454
-0.020689308643341064
-0.043082594871520996
0.041495706886053085
0.024638837203383446
-0.00992329977452755
0.0245786402374506
0.055530156940221786
-0.034089960157871246
-0.05135956034064293
-0.047079917043447495
0.46992629766464233
0.9762495160102844
0.35071608424186707
0.39950963854789734
0.13687582314014435
1.1767358779907227
0.6700719594955444
-0.014246288686990738
-0.022534938529133797
-0.0343201607465744
-0.3230951130390167
0.15303590893745422
0.10499068349599838
0.09283094853162766
-0.13516494631767273
-0.06255251914262772
0.4816609025001526
0.8298436999320984
0.2715137004852295
0.319764107465744
0.18949852883815765
0.9037764072418213
0.3089961111545563
-0.06935261934995651
-0.2104828953742981
0.12979423999786377
0.23243622481822968
-0.022110972553491592
0.09470148384571075
0.14395880699157715
-0.13936859369277954
-0.037634141743183136
0.339806467294693
0.6991139650344849
0.3395015299320221
0.3228890895843506
0.09307429939508438
0.8854878544807434
0.5869008302688599
-0.041445717215538025
0.006940650288015604
0.005128561984747648
-0.1832556277513504
-0.19240370392799377
-0.1911112666130066
-0.15794044733047485
-0.7932297587394714
-0.19928078353405
0.3391724228858948
0.07874971628189087
-0.29966774582862854
-0.32871636748313904
0.05603302642703056
-0.16955816745758057
0.01401747576892376
-0.51540607213974
-0.20206670463085175
-0.5526645183563232
-1.1088855266571045
0.09041032940149307
0.21303996443748474
0.10957865417003632
-0.040938396006822586
0.04119042307138443
0.28071603178977966
0.9988570809364319
0.397156298160553
0.46471312642097473
0.16214101016521454
1.1677325963974
0.8170706629753113
0.0461406446993351
-0.07293109595775604
-0.026188822463154793
-0.25250232219696045
0.027217019349336624
-0.011925184167921543
-0.056399352848529816
-0.005467675160616636
0.020270412787795067
-0.059803999960422516
0.05857784301042557
0.04365518316626549
-0.1081864982843399
0.10568168014287949
-0.039128031581640244
-0.05124707892537117
0.0321345292031765
-0.0541720911860466
0.042795389890670776
-0.04059161618351936
-0.25916558504104614
-0.06528376042842865
-0.22312502562999725
-0.9819996953010559
-0.41572311520576477
0.2083842158317566
-0.15553337335586548
-0.3464427888393402
-0.633093535900116
-0.17975422739982605
-0.5161360502243042
-0.6104062795639038
-0.8038321733474731
-0.5668172836303711
-1.491568684577942
-1.5894687175750732
-0.03687009960412979
-0.013424214906990528
-0.024775121361017227
-0.030014270916581154
-0.0835038274526596
0.03380696475505829
-0.005501477979123592
-0.007897559553384781
-0.006084758788347244
0.018036043271422386
0.002231223275884986
0.0435570664703846
-0.015311527997255325
0.038058802485466
-0.017452800646424294
0.01811433769762516
-0.3554360568523407
0.0976618155837059
0.20560596883296967
-0.2951313853263855
-0.6176361441612244
0.16998866200447083
0.5484260320663452
0.030554698780179024
-0.4526197612285614
-0.28270766139030457
0.24242419004440308
-0.23571515083312988
-0.718994677066803
-0.47455301880836487
-0.35503166913986206
-0.6275184154510498
-0.21820464730262756
-0.016706015914678574
-0.3891516327857971
-0.9655585885047913
-0.41242000460624695
0.10969171673059464
-0.03852497786283493
-0.44165176153182983
-0.45639505982398987
-0.18657802045345306
-0.5611051917076111
-0.44108864665031433
-0.7535955905914307
-0.6496625542640686
-1.3104040622711182
-1.8329747915267944
-0.3052683472633362
-0.06400301307439804
-0.12594476342201233
-0.75630784034729
-0.6536890268325806
0.11892379075288773
0.05345388501882553
-0.4914896488189697
-0.8097102046012878
-0.21372400224208832
-0.22125324606895447
-0.5109040141105652
-0.7856307625770569
-0.2943863868713379
-0.3588685989379883
-0.9045417308807373
-0.34285467863082886
-0.169419065117836
-0.1462334841489792
-0.5599225759506226
-0.45868223905563354
0.10840322822332382
0.18649733066558838
-0.17143774032592773
-0.5401098728179932
0.15548336505889893
0.42822349071502686
0.023424837738275528
-0.8415874242782593
-0.3858896791934967
-0.20913445949554443
-1.1632733345031738
-0.03909539803862572
-0.08897946774959564
-0.010344674810767174
0.020602012053132057
0.036630768328905106
-0.0048570469953119755
0.03040355071425438
0.04139597713947296
-0.06277844309806824
0.0037742084823548794
0.07089176028966904
-0.05457402393221855
0.01865188218653202
-0.018064063042402267
0.03830588608980179
0.008449251763522625
-0.13651278614997864
-0.031650591641664505
-0.04610421136021614
-0.7926254272460938
-0.13069778680801392
0.23113246262073517
0.1941492110490799
-0.19656512141227722
-0.20959150791168213
-0.05927582085132599
0.08034078031778336
0.03272240608930588
-0.37721338868141174
-0.33895576000213623
-0.4067303538322449
-0.6378429532051086
0.02181532047688961
-0.12430047988891602
0.0014421844389289618
-0.5387496948242188
0.013190868310630322
0.3692602217197418
0.11779329180717468
-0.151968851685524
0.04879382997751236
0.05840378254652023
0.20428550243377686
-0.16537781059741974
-0.032925792038440704
0.12691472470760345
0.4663757383823395
0.4533972442150116
-0.20364797115325928
0.0065717631950974464
-0.16244275867938995
-0.4604666829109192
-0.4594959318637848
0.2088957279920578
0.15751022100448608
0.00787100475281477
-0.5374087691307068
-0.0501573383808136
-0.06144377961754799
-0.11492428928613663
-0.6854599714279175
-0.3389948010444641
-0.7002943158149719
-1.2897945642471313
-0.4880615472793579
-0.14490768313407898
0.33737048506736755
-0.35134121775627136
-0.893541693687439
0.19602070748806
0.3949114978313446
-0.057909950613975525
-0.9014578461647034
-0.25517213344573975
0.255357950925827
0.07605545967817307
-1.1505237817764282
-0.40139949321746826
-0.5385863184928894
-0.6271868348121643
-0.4780910909175873
-0.026391712948679924
0.1691412627696991
0.006260611116886139
-1.1781271696090698
0.12076917290687561
0.6072679758071899
-0.14090895652770996
-1.4548499584197998
-0.27407941222190857
0.5285233855247498
0.13773615658283234
-1.1988250017166138
-0.48325902223587036
-0.2792825698852539
-0.9057908058166504
-0.01418293546885252
0.028429538011550903
-0.04130328819155693
0.039766307920217514
-0.03403077647089958
-0.07083166390657425
-0.061893951147794724
0.01669897511601448
0.12313733994960785
-0.038731347769498825
0.010398555546998978
0.023570500314235687
-0.02536909654736519
-0.02434367872774601
0.006997024640440941
0.03249110281467438
0.01481870748102665
-0.05891379714012146
0.1030205488204956
0.03878107666969299
-0.0047113243490457535
0.027822352945804596
-0.02075871266424656
0.03747234493494034
-0.050248537212610245
0.05129776522517204
-0.04329673945903778
0.009990524500608444
0.018757356330752373
0.012821687385439873
-0.004697155207395554
-0.031562890857458115
-0.04228929430246353
0.0019823580514639616
-0.4183012843132019
-0.7637012600898743
-0.18453925848007202
0.2808372974395752
-0.19038565456867218
-0.6912660002708435
-0.6057298183441162
-0.007816839031875134
0.23955553770065308
-0.23027542233467102
-0.5742306113243103
-0.3851463198661804
-0.6873380541801453
-0.6440586447715759
-0.13666552305221558
-0.17782482504844666
0.055805012583732605
-0.2916838526725769
-0.2294991910457611
0.3340134620666504
0.464432030916214
0.28445979952812195
-0.34150758385658264
0.04214806854724884
0.5087304711341858
0.21060189604759216
-0.48065635561943054
-0.37681832909584045
-0.12259651720523834
-0.7003201246261597
-0.029396269470453262
0.12941643595695496
0.07427873462438583
-0.08818182349205017
0.0503082312643528
0.42460396885871887
0.9819934368133545
0.520923376083374
0.3747739791870117
0.16304336488246918
1.2613334655761719
0.801596999168396
-0.06404323130846024
-0.19819797575473785
0.21226239204406738
0.014513435773551464
-0.28081974387168884
0.13843996822834015
-0.47033247351646423
-0.45931753516197205
-0.4040287733078003
0.1683700829744339
0.26460233330726624
0.1525915116071701
-0.5564992427825928
-0.5404794216156006
0.07718367129564285
0.1586635261774063
-0.7644920945167542
-0.3043372631072998
-0.34866321086883545
-0.9305410981178284
-0.1694679707288742
-0.026998793706297874
0.11519861966371536
-0.5903933644294739
-0.396895170211792
0.08127034455537796
0.4580110013484955
-0.04006529599428177
-0.3723982274532318
-0.3704894185066223
0.11822729557752609
-0.3082127571105957
-0.6843904852867126
-0.2644560635089874
-0.6144134402275085
-0.9308608174324036
-0.016611874103546143
0.03731303662061691
-0.005837179254740477
0.01149058062583208
-0.005748199298977852
0.034067776054143906
0.035593561828136444
-0.0060036201030015945
-0.056644804775714874
0.01622522808611393
0.04993331432342529
0.020645635202527046
-0.020803172141313553
0.015149243175983429
-0.0037411614321172237
0.08487512916326523
-0.10191533714532852
-0.03681836649775505
0.10407915711402893
-0.12390831112861633
-0.15343758463859558
0.5678995251655579
0.697373628616333
0.39867091178894043
0.10810578614473343
0.28924790024757385
1.0092694759368896
0.6123560070991516
-0.3000126779079437
-0.27895495295524597
0.04704989865422249
-0.049118414521217346
-0.021850403398275375
-0.055020663887262344
-0.032112836837768555
0.07491125911474228
0.016707228496670723
-0.04319606348872185
0.10043692588806152
0.004916676785796881
-0.003960381727665663
0.011012805625796318
0.023066142573952675
0.0435350127518177
0.023661363869905472
0.04057099297642708
0.013985059224069118
0.05296434089541435
-0.22026321291923523
0.02384151704609394
0.18490982055664062
-0.32195010781288147
-0.4991024434566498
0.036851488053798676
0.3145662248134613
0.06700698286294937
-0.3696882426738739
-0.5086962580680847
-0.2554684281349182
-0.1019187867641449
-0.5607491731643677
-0.14728900790214539
-0.9638898968696594
-0.9585322737693787
-0.4141835570335388
-0.011953512206673622
0.3256363570690155
-0.21043260395526886
-0.44584983587265015
0.2802347242832184
0.5382457375526428
0.4281490743160248
-0.2652960419654846
-0.15766657888889313
0.6388077735900879
0.1953658014535904
-0.5181258320808411
-0.1905643492937088
-0.1114213764667511
-0.1099492534995079
0.026865461841225624
-0.14814993739128113
-0.08790905773639679
0.07329848408699036
0.14338688552379608
-0.0347384549677372
-0.1601361334323883
-0.15086911618709564
-0.24077437818050385
-0.4721876382827759
-0.46628814935684204
-0.4035680890083313
-0.1419728398323059
0.016072669997811317
-0.3091549873352051
-0.4591756761074066
-0.0065945712849497795
-0.04000171273946762
-0.012644581496715546
0.04095657169818878
-0.07920589298009872
0.057132307440042496
-0.041662346571683884
0.01713843084871769
-0.08745817840099335
0.06724339723587036
-0.005931728053838015
-0.09114359319210052
0.05067399889230728
0.05721414461731911
-0.15430931746959686
-0.035542938858270645
-0.0591643750667572
0.034185465425252914
0.04253040999174118
0.4230823218822479
0.04003047198057175
-0.12459456920623779
-0.11173125356435776
-0.07313389331102371
-0.2631285786628723
-0.5746464729309082
-0.598149836063385
-0.3082149624824524
-0.36637356877326965
-0.041229624301195145
-0.7104313969612122
0.2844831347465515
-0.045526664704084396
-0.16926424205303192
-0.04575623944401741
0.12330752611160278
-0.04658054932951927
-0.34067460894584656
-0.32212162017822266
-0.19983145594596863
-0.36436590552330017
-0.2919694185256958
-0.42309150099754333
-0.22860050201416016
-0.2652381360530853
-0.20064178109169006
-0.693112850189209
-0.8047344088554382
-0.034179750829935074
-0.1138148307800293
-0.04739443585276604
0.30802038311958313
0.008781279437243938
-0.23361676931381226
-0.2384089231491089
-0.12113222479820251
-0.3455246686935425
-0.29980161786079407
-0.3921412229537964
-0.3053353428840637
-0.30941152572631836
-0.06624973565340042
-0.8238730430603027
-0.28418922424316406
0.15222783386707306
-0.048291124403476715
0.4676920175552368
0.40924695134162903
0.08239482343196869
0.018518388271331787
-0.109194315969944
0.6733585000038147
-0.20128124952316284
-0.17819400131702423
-0.008545353077352047
0.31927645206451416
-0.10188703238964081
0.24571534991264343
0.46054157614707947
0.9217231273651123
-0.11389514058828354
-0.001274865702725947
0.12889888882637024
0.27872270345687866
0.09942249208688736
-0.15218095481395721
-0.3802410364151001
-0.15763410925865173
-0.2516278624534607
-0.4934835135936737
-0.471478670835495
-0.28059452772140503
-0.3711964786052704
-0.030186766758561134
-0.6499294638633728
-0.22353577613830566
0.0035090267192572355
-0.043445780873298645
-0.06472580134868622
-0.05724275857210159
-0.01474762987345457
-0.00562948128208518
0.010156041011214256
-0.00947564747184515
0.04665185138583183
-0.00789768248796463
0.0011395059991627932
-0.01770303025841713
-0.019344529137015343
0.022145524621009827
0.020403102040290833
-0.00639738654717803
-0.02825443632900715
-0.1351304054260254
0.308110773563385
0.2768544554710388
-0.2322985976934433
0.003042308846488595
-0.08892376720905304
0.7284185886383057
0.08374250680208206
0.5213221907615662
0.5153008699417114
0.708993136882782
0.24963496625423431
0.23692668974399567
0.47713029384613037
0.7619065642356873
0.010419521480798721
-0.05413670837879181
0.06880015134811401
-0.008548781275749207
0.00966335367411375
0.021028811112046242
-0.037943750619888306
-0.01316644623875618
-0.001868849853053689
0.00545712374150753
0.001876446302048862
-0.012982919812202454
-0.10117492824792862
0.04452318698167801
-0.019221939146518707
-0.0015511376550421119
0.13817663490772247
-0.36746081709861755
-0.04736378788948059
-0.20991280674934387
-0.20823581516742706
0.05589139088988304
-0.20193681120872498
-0.25055187940597534
-0.012707451358437538
0.03223099187016487
0.19057239592075348
0.1231444925069809
0.2206290066242218
0.25436025857925415
-0.1881183236837387
0.07935624569654465
-0.004168710205703974
-0.14462150633335114
0.28056371212005615
0.26790735125541687
-0.015156968496739864
0.09955699741840363
-0.11862357705831528
0.4789830446243286
-0.0011726688826456666
0.5092560648918152
0.6264935731887817
0.593440592288971
0.009745747782289982
0.3599852919578552
0.2857784628868103
0.9652652144432068
0.1995536983013153
-0.10377199202775955
0.1119375079870224
0.10925827920436859
-0.12372110038995743
0.007972379215061665
-0.18611152470111847
0.5509555339813232
0.14575135707855225
0.05689806118607521
0.18247511982917786
0.570977509021759
0.18870499730110168
0.44133251905441284
0.2722083330154419
0.7301384806632996
0.23983334004878998
-0.009111450053751469
0.4791502356529236
0.038748085498809814
-0.2506064772605896
0.08425832539796829
-0.19006647169589996
0.37737783789634705
0.1160908043384552
0.172588050365448
0.09443628042936325
0.06683903187513351
0.22741390764713287
0.4993848502635956
0.02474142424762249
0.3290375769138336
0.02620595134794712
-0.06225652992725372
-0.029386907815933228
-0.10394629836082458
0.0331856794655323
-0.044567711651325226
-0.017938360571861267
0.04069480299949646
0.03920173645019531
-0.018118567764759064
-0.006475187372416258
0.04949669539928436
-0.03996112197637558
-0.011114106513559818
-0.04361197352409363
0.005289779976010323
0.03370869904756546
0.0556720606982708
0.2672231197357178
0.28192511200904846
-0.014781993813812733
0.05121408775448799
-0.040096625685691833
0.6174764633178711
-0.1822422593832016
-0.1775185465812683
0.1297491490840912
0.26326125860214233
-0.13233889639377594
0.26786932349205017
0.23379641771316528
0.507142186164856
-0.08348342776298523
0.14368416368961334
0.11792225390672684
0.3034782409667969
0.12163664400577545
-0.18839643895626068
-0.11813659965991974
0.2688610255718231
-0.16780304908752441
-0.1733333319425583
-0.08558463305234909
0.05131916329264641
-0.15707282721996307
-0.3167007863521576
-0.6530793905258179
-0.29398059844970703
-0.0331677570939064
-0.06383608281612396
0.10631781071424484
-0.03996200114488602
-0.024341465905308723
-0.09332998096942902
-0.22352097928524017
0.41684913635253906
-0.03418542444705963
0.2822524309158325
0.16124595701694489
0.23268738389015198
0.021471329033374786
0.047684453427791595
-0.18742334842681885
0.6512860059738159
0.25095516443252563
-0.27744343876838684
-0.20428945124149323
-0.310496062040329
-0.2195003479719162
-0.00950558204203844
-0.41220158338546753
-0.44102105498313904
0.0835697203874588
0.0856298878788948
-0.038389574736356735
-0.1483350396156311
0.21647191047668457
0.28396767377853394
0.09492436796426773
-0.2166508585214615
0.3522285223007202
-0.19784274697303772
-0.21922850608825684
-0.29232800006866455
0.020962391048669815
-0.1162153035402298
-0.454794704914093
-0.17911237478256226
0.1258365958929062
-0.04359721764922142
-0.08281709998846054
-0.17965088784694672
0.24799880385398865
0.14798468351364136
0.03683524578809738
-0.457845002412796
0.01396713126450777
-0.03202981501817703
-0.06456582993268967
0.0027815585490316153
0.05189679563045502
-0.11587084084749222
0.00431456696242094
0.04567530378699303
0.059588782489299774
-0.08603064715862274
-0.005161426495760679
-0.02114701271057129
0.07216884940862656
-0.005014422349631786
0.015940194949507713
0.018958261236548424
0.007849209941923618
0.009900768287479877
0.004825981799513102
-0.0374898724257946
0.09841574728488922
0.037702690809965134
-0.02871728502213955
0.009485720656812191
-0.012784643098711967
-0.056995145976543427
-0.02974342554807663
-0.014749973081052303
-0.023001452907919884
-0.024834010750055313
0.08396020531654358
-0.08100065588951111
-0.038084063678979874
-0.08030375093221664
0.21683087944984436
0.24118860065937042
0.11691383272409439
-0.26197853684425354
-0.12472604960203171
0.704185426235199
0.1492670476436615
0.12131264060735703
-0.22271709144115448
0.3451555371284485
0.11357946693897247
0.19091367721557617
0.020333461463451385
0.4353216886520386
0.05523362010717392
-0.04520043730735779
0.12024625390768051
-0.12473291903734207
-0.0630006343126297
-0.1011364534497261
-0.28386715054512024
-0.01430572010576725
-0.14969326555728912
-0.29443955421447754
0.01454987097531557
0.1613083928823471
0.03747263923287392
0.25381895899772644
-0.17474204301834106
0.2682613432407379
-0.07720448076725006
0.08739925175905228
-0.08277735114097595
0.18601739406585693
0.0083604222163558
-0.26797202229499817
-0.4246012270450592
-0.173540860414505
-0.2905808091163635
-0.5019297003746033
-0.5642235279083252
-0.40233007073402405
-0.4192963242530823
-0.05037185922265053
-0.6634211540222168
-0.42204272747039795
0.05811687558889389
-0.3877730071544647
0.44481027126312256
0.3078622817993164
0.03310955688357353
0.05536497011780739
-0.1753612905740738
0.07210420072078705
-0.19339585304260254
0.32469701766967773
0.001082488102838397
0.18423014879226685
0.11134997010231018
0.2923669219017029
-0.01964166946709156
0.5547859072685242
0.006048808339983225
-0.12590111792087555
0.2393113672733307
-0.15034271776676178
-0.15203577280044556
-0.02790328674018383
-0.36720097064971924
0.28447404503822327
-0.09157095104455948
0.05117160081863403
0.414559930562973
0.38503965735435486
0.005136501044034958
0.2968641221523285
0.13112175464630127
0.8671793341636658
-0.08331863582134247
-0.0069489371962845325
0.02278989925980568
0.053672391921281815
0.03122054971754551
0.06514579802751541
-0.06416191905736923
-0.009804584085941315
0.06137121468782425
0.03114909678697586
-0.05914834886789322
0.03364333137869835
-0.0733334943652153
0.0383196696639061
0.030294356867671013
-0.02021978609263897
0.09450103342533112
-0.14386627078056335
0.08822450041770935
0.08597159385681152
0.01230575144290924
-0.25383228063583374
-0.17623047530651093
-0.09532871842384338
-0.2986712157726288
-0.511085033416748
-0.5112112164497375
-0.274640291929245
-0.10475030541419983
-0.07175417989492416
-0.4549705684185028
-0.1623542308807373
0.009561586193740368
-0.03957299143075943
0.03263077884912491
0.07430437207221985
-0.02829165570437908
-0.05007180571556091
0.004198884591460228
-1.0636890692694578e-05
0.05186885595321655
-0.007517897989600897
-0.027887091040611267
0.0341455340385437
-0.0037630766164511442
0.0076573253609240055
-0.040385592728853226
0.01118102390319109
-0.06424740701913834
-0.3063039779663086
-0.1889147013425827
-0.06706894189119339
-0.1081615537405014
-0.2897091507911682
-0.31546109914779663
0.1661948263645172
-0.019293030723929405
0.46603143215179443
0.08517099171876907
0.2482364922761917
-0.17290891706943512
-0.21160723268985748
-0.2024363875389099
0.5560693740844727
0.15883105993270874
-0.2846846878528595
-0.20924964547157288
-0.2256171703338623
-0.209258571267128
-0.09463515132665634
-0.38874587416648865
-0.23737014830112457
0.03695523738861084
0.14498084783554077
-0.08844561874866486
-0.12839274108409882
-0.006595236714929342
0.08471686393022537
-0.2227913737297058
-0.5486082434654236
0.018417339771986008
-0.23591798543930054
-0.22685621678829193
0.02573917619884014
0.005697691347450018
-0.24645791947841644
-0.4792807698249817
-0.3432736098766327
-0.37219685316085815
-0.24244265258312225
-0.6390267014503479
-0.4043077230453491
-0.21161995828151703
-0.33862245082855225
-0.22852163016796112
-0.5077498555183411
0.03743268921971321
-0.020966164767742157
0.10158872604370117
-0.011759273707866669
0.05832463502883911
0.057814233005046844
-0.026380496099591255
-0.05874532833695412
-0.04686770215630531
-0.008782393299043179
-0.07453007251024246
-0.012857846915721893
0.008776313625276089
0.010396601632237434
0.09129241853952408
-0.020245086401700974
-0.05100366845726967
-0.011364176869392395
0.0716271847486496
0.08455560356378555
0.07954386621713638
-0.25565630197525024
-0.4608995318412781
-0.3175394535064697
-0.41257598996162415
-0.49864909052848816
-0.6803805828094482
-0.35882553458213806
-0.40113192796707153
-0.1581886112689972
-0.6280894875526428
0.021179405972361565
-0.16926972568035126
-0.2289206087589264
-0.07745859771966934
-0.1936725676059723
-0.008788565173745155
-0.549472987651825
-0.4558503329753876
-0.12439990788698196
-0.38697484135627747
-0.2815609276294708
-0.47762593626976013
-0.10761933028697968
-0.32004737854003906
-0.19401003420352936
-0.5763120651245117
-0.7972001433372498
-0.06189986318349838
-0.11166612803936005
-0.05040664225816727
0.03422839194536209
0.0666041299700737
-0.24038384854793549
-0.3913199305534363
-0.35396096110343933
-0.43258967995643616
-0.16948382556438446
-0.5361085534095764
-0.30882373452186584
-0.3121231198310852
-0.31979990005493164
-0.8076825737953186
-0.48509714007377625
0.07069019973278046
-0.001012731809169054
0.3224649429321289
0.7932182550430298
0.1013927310705185
0.024058783426880836
0.17030176520347595
0.5427831411361694
-0.2711540162563324
-0.036014705896377563
0.022589875385165215
0.35995492339134216
-0.12808121740818024
0.09804364293813705
0.318088561296463
1.1112298965454102
-0.18959374725818634
-0.17331300675868988
-0.03571991249918938
0.10667018592357635
-0.017729295417666435
-0.2563782036304474
-0.5359460711479187
-0.24082022905349731
-0.4638722836971283
-0.35075631737709045
-0.6769957542419434
-0.4407210648059845
-0.45589950680732727
-0.2564842104911804
-0.7587341666221619
-0.620014488697052
0.034511998295784
0.015872370451688766
-0.023052532225847244
0.09693481028079987
0.01028357446193695
-0.00858102086931467
0.0001478449848946184
0.020856568589806557
-0.009120980277657509
-0.019945694133639336
-0.013333226554095745
-0.0017106101149693131
0.03807797655463219
-0.02193901687860489
-0.030388135462999344
-0.06907089054584503
-0.013734620995819569
-0.1612371951341629
0.3605620563030243
0.5760736465454102
-0.10289750248193741
0.1609291434288025
0.25672364234924316
0.6711533069610596
0.019094519317150116
0.4007966220378876
0.6244059205055237
0.8444303274154663
0.2742100656032562
0.238059401512146
0.5483182072639465
0.6002269387245178
0.016692224889993668
0.07624813914299011
0.032693419605493546
-0.028057962656021118
0.037888284772634506
-0.006352273281663656
-0.007372329942882061
0.09824755042791367
-0.018091637641191483
-0.10633641481399536
0.057171665132045746
-0.06450684368610382
0.007574838120490313
-0.00858306884765625
-0.022350924089550972
-0.048358846455812454
0.11799564957618713
-0.16982631385326385
-0.17543548345565796
-0.08286989480257034
0.06801509112119675
0.027336908504366875
-0.21564556658267975
-0.2590375244617462
-0.23148146271705627
0.20596137642860413
0.04996240884065628
0.1303003877401352
0.1463049054145813
0.05789586901664734
-0.19213995337486267
-0.022328302264213562
0.07075271755456924
-0.183584064245224
0.2841665744781494
0.5994093418121338
-0.04760683327913284
0.32064223289489746
0.25006112456321716
0.5725433230400085
0.006384760141372681
0.5206598043441772
0.724923312664032
0.6871613264083862
0.028704218566417694
0.3124619424343109
0.4350658357143402
0.8660256266593933
0.23313044011592865
-0.03547265753149986
0.18053004145622253
0.6919868588447571
0.08052711188793182
0.2644432485103607
0.15424267947673798
0.5171656608581543
0.10724757611751556
0.04758202284574509
0.23453789949417114
0.5525439977645874
0.13805492222309113
0.21312910318374634
0.3268125355243683
0.8500649929046631
0.20331114530563354
-0.021919330582022667
0.4542248249053955
0.40196773409843445
0.0032600199338048697
0.16386504471302032
0.317606121301651
0.1962268352508545
-0.07678656280040741
0.1407986432313919
0.17702677845954895
0.11066612601280212
0.3068007826805115
0.41680392622947693
0.1300262212753296
0.048826031386852264
-0.05561545863747597
-0.04824928939342499
-0.017781289294362068
-0.008091011084616184
0.0777716413140297
-0.042264554649591446
0.07300380617380142
0.027939315885305405
-0.028375834226608276
-0.020482262596488
-0.10590435564517975
0.005320974159985781
-0.01673688180744648
-0.040222227573394775
0.037658847868442535
0.00991617701947689
0.09057405591011047
0.006356371566653252
0.2864171266555786
0.565437376499176
-0.009255781769752502
0.05739068612456322
0.1531674563884735
0.36569610238075256
-0.1914648711681366
-0.24463950097560883
0.1645197868347168
0.3625344932079315
-0.1975483000278473
0.21921896934509277
0.1990484595298767
0.7093613743782043
-0.15807536244392395
0.24565571546554565
0.012888150289654732
0.2585510015487671
-0.005447785835713148
-0.3225054442882538
-0.15527978539466858
0.17820774018764496
-0.04244415834546089
-0.20029258728027344
-0.18582580983638763
-0.06333975493907928
-0.2193658947944641
-0.4398628771305084
-0.5677875876426697
-0.31787171959877014
0.04550221189856529
-0.1932208389043808
0.03149382770061493
0.016600286588072777
-0.02320530265569687
0.06661097705364227
0.13407829403877258
0.3290027976036072
0.08064967393875122
0.14809712767601013
0.17845962941646576
0.27701422572135925
-0.016574807465076447
-0.1192164346575737
-0.15017805993556976
0.5553814172744751
0.2835446894168854
-0.1458692103624344
-0.12942035496234894
-0.04569985717535019
0.14023038744926453
-0.1398557424545288
-0.0724952295422554
-0.1451663076877594
-0.06328683346509933
0.32891228795051575
-0.18760943412780762
-0.24204066395759583
0.4209393262863159
0.1956670731306076
0.008644038811326027
-0.03849625587463379
0.20669274032115936
-0.1575537770986557
-0.2594146430492401
-0.20712076127529144
0.3114209771156311
-0.1954924613237381
-0.2099795937538147
-0.15203875303268433
0.007329643238335848
0.028003105893731117
-0.13314507901668549
-0.1468667984008789
0.3340814411640167
0.03580968827009201
-0.10654507577419281
-0.295400470495224
-0.016275901347398758
0.09672930091619492
-2.1950887457933277e-05
-0.026201842352747917
-0.004272649995982647
0.054773520678281784
-6.186076916492311e-06
-0.02161540277302265
0.05543112754821777
0.0457070991396904
0.0685451403260231
0.023024464026093483
0.08006347715854645
0.05910208821296692
0.04798795282840729
0.012992317788302898
-0.02791995368897915
-0.07260401546955109
0.07936344295740128
0.11111301183700562
0.04555718973278999
2.2593669200432487e-05
-0.0330326184630394
-0.00898405909538269
0.03521842882037163
-0.03221694007515907
0.001956858206540346
0.006399256177246571
0.11678029596805573
-0.011088700033724308
0.02970777451992035
-0.020955506712198257
-0.031148387119174004
-0.23602429032325745
0.252577006816864
0.5576222538948059
0.018259048461914062
-0.12331569194793701
0.1699245125055313
0.5915488600730896
0.13420310616493225
0.025671016424894333
-0.03807619586586952
0.23477903008460999
0.12208583950996399
-0.013112175278365612
0.002423475729301572
0.3515307307243347
0.06349150836467743
-0.015454638749361038
0.005155821330845356
0.053836096078157425
0.0062995231710374355
-0.2621977627277374
-0.06786859780550003
-0.09123238921165466
-0.13883353769779205
-0.06569508463144302
-0.05443258583545685
0.1920032948255539
-0.10217510908842087
0.16382171213626862
-0.2620472013950348
0.42047470808029175
-0.07553507387638092
-0.18905338644981384
-0.08724837750196457
-0.031024683266878128
0.03678533434867859
-0.37334391474723816
-0.455475777387619
-0.24982155859470367
-0.3710106909275055
-0.26574933528900146
-0.5777735710144043
-0.4396374225616455
-0.419487327337265
-0.20190449059009552
-0.863126814365387
-0.28864967823028564
0.1246642991900444
-0.38791367411613464
0.44193515181541443
0.4327257573604584
0.10099425166845322
0.1064947172999382
-0.06318184733390808
-0.11699730157852173
-0.062212564051151276
0.44660332798957825
-0.008659792132675648
0.3890134394168854
0.20350530743598938
0.19061514735221863
-0.07164683938026428
0.876954972743988
0.024902470409870148
-0.24512670934200287
0.16307994723320007
0.16329586505889893
0.024170629680156708
0.022911302745342255
0.02914951555430889
0.23127469420433044
-0.3724823594093323
0.18676157295703888
0.5012887716293335
0.47742536664009094
-0.026065317913889885
0.14949066936969757
0.22461213171482086
0.8014964461326599
-0.017692727968096733
0.09966672956943512
-0.004833669867366552
0.04375578835606575
-0.005208394955843687
0.028261803090572357
0.004466380923986435
0.004984819795936346
-0.020059825852513313
-0.05658264830708504
-0.009993452578783035
0.022048765793442726
0.047392163425683975
-0.052138641476631165
0.03033480979502201
0.04782681167125702
0.01476693619042635
-0.2903212606906891
-0.09711267799139023
0.07653027027845383
-0.00930777471512556
-0.4456767737865448
-0.25905364751815796
-0.32319170236587524
-0.3359827995300293
-0.40159884095191956
-0.6254306435585022
-0.3573213219642639
-0.17345030605793
-0.20687443017959595
-0.4897501766681671
-0.37126171588897705
-0.015450128354132175
0.03785482421517372
-0.03519739210605621
0.11658190935850143
-0.029697077348828316
0.06072978675365448
0.016324127092957497
0.03750969469547272
0.04548931494355202
-0.029979558661580086
0.02676469460129738
0.0010729058412835002
0.012737246230244637
-0.0391276478767395
0.012469124048948288
0.08948100358247757
0.13728781044483185
-0.2046429067850113
-0.08716341853141785
0.09740374237298965
0.01704472489655018
-0.1472555696964264
-0.0061343396082520485
0.13035881519317627
-0.12747585773468018
0.31878694891929626
0.024858461692929268
0.3208600878715515
-0.004293980076909065
-0.18515776097774506
-0.06727690249681473
0.598010778427124
0.11875277757644653
-0.2830314636230469
-0.26971790194511414
-0.21697358787059784
0.034230221062898636
-0.19230830669403076
-0.3214492201805115
-0.3116369843482971
-0.28967443108558655
0.15124525129795074
-0.21403783559799194
-0.18120449781417847
0.023597320541739464
-0.04959995672106743
-0.06731981784105301
-0.6582140922546387
-0.1725553572177887
-0.2738640308380127
-0.11365688592195511
0.2673446834087372
-0.020155496895313263
-0.1729147881269455
-0.25141358375549316
-0.2167053520679474
-0.47211164236068726
-0.3617478907108307
-0.39352115988731384
-0.32689473032951355
-0.002105529885739088
0.06142597645521164
-0.14296866953372955
-0.47565963864326477
0.04314632713794708
-0.03587762638926506
0.03349212557077408
0.08543912321329117
0.013124171644449234
-0.0006422966253012419
-0.05725397914648056
0.014327765442430973
-0.018726041540503502
-0.02443474344909191
-0.006660069338977337
0.07355916500091553
0.006217083428055048
-0.04806976392865181
0.03008120320737362
-0.011395064182579517
-0.06190131977200508
-0.13483640551567078
0.1585768759250641
0.32018235325813293
-0.043989282101392746
-0.08259788900613785
-0.2139405906200409
-0.15850676596164703
-0.499580979347229
-0.5733454823493958
-0.4882335960865021
-0.0807298794388771
-0.1575547456741333
0.25444507598876953
-0.31808075308799744
0.305171400308609
-0.22939474880695343
-0.3503560721874237
0.033837009221315384
-0.04743456840515137
-0.09617459774017334
-0.3041926920413971
-0.2853431701660156
-0.21315333247184753
-0.44462117552757263
-0.23897141218185425
-0.1867624968290329
0.11176540702581406
-0.2183516025543213
0.11438224464654922
-0.4266967475414276
-0.7611000537872314
-0.14807014167308807
-0.1610158532857895
0.09641329199075699
0.2846047878265381
-0.11988186091184616
-0.14410491287708282
-0.22012723982334137
-0.060882776975631714
-0.41965407133102417
-0.3772207796573639
-0.27473577857017517
-0.12967057526111603
-0.047023896127939224
0.03603672981262207
-0.5433828234672546
-0.3272992968559265
0.11017406731843948
-0.10189683735370636
0.49147388339042664
1.0637574195861816
-0.043342720717191696
0.04442352056503296
-0.28634658455848694
0.6722315549850464
0.02619073912501335
-0.3309931755065918
-0.3205370604991913
0.37707453966140747
0.040265586227178574
0.3636709451675415
0.6286658048629761
1.1095209121704102
-0.14755450189113617
-0.2107042372226715
0.028346873819828033
0.1894405633211136
-0.08823789656162262
-0.16232429444789886
-0.33669963479042053
-0.1901710033416748
-0.5217646956443787
-0.4039226472377777
-0.2861640155315399
-0.14058531820774078
-0.13063985109329224
-0.053009647876024246
-0.4406149387359619
-0.5011869072914124
0.004291831515729427
-0.006951444316655397
0.02543318085372448
0.005739327985793352
-0.050274789333343506
-0.05412856861948967
0.0356827937066555
0.02933788113296032
-0.05219778046011925
0.018683960661292076
0.010658401064574718
-0.018972622230648994
-0.04359396547079086
-0.02065771445631981
0.047409866005182266
-0.0008643556502647698
0.1915256530046463
0.004525328520685434
0.5319631695747375
0.732629120349884
-0.2720855176448822
-0.17431727051734924
0.013171576894819736
0.7328042387962341
0.1527380496263504
0.5236480236053467
0.5517691969871521
0.8203678727149963
0.4367351830005646
0.4805969297885895
0.7568134665489197
0.5833263993263245
-0.09571588039398193
0.05202554166316986
-0.03670799732208252
0.0712626576423645
-0.03200135380029678
-0.026696663349866867
-0.017305225133895874
-0.07305418699979782
0.008127177134156227
0.0889153853058815
-0.04466589540243149
-0.09081069380044937
-0.006057371851056814
0.02545095607638359
-0.018800189718604088
-0.0037496008444577456
0.19781169295310974
-0.2577846646308899
-0.1476001888513565
0.01831139251589775
-0.08387090265750885
-0.005452258978039026
-0.2346765249967575
-0.30776503682136536
-0.1049627885222435
0.3429741859436035
0.24076268076896667
0.3602527678012848
0.2982386648654938
0.34810057282447815
0.10111178457736969
0.1678212732076645
0.04188002273440361
-0.015574201941490173
0.4218670725822449
0.693008542060852
-0.16671228408813477
-0.05422710254788399
-0.05720432847738266
0.5426154136657715
0.057542622089385986
0.5510762929916382
0.6265875697135925
0.704039454460144
0.3233630061149597
0.45457637310028076
0.6098026633262634
1.0735622644424438
0.27944082021713257
0.07792473584413528
0.3499486446380615
0.8683677911758423
-0.10195686668157578
0.0293869785964489
-0.21210137009620667
0.4716629981994629
0.34320810437202454
0.2407461553812027
0.03495855629444122
0.6796485781669617
0.3150932192802429
0.512352705001831
0.3521603047847748
0.8425560593605042
0.23786169290542603
0.12596066296100616
0.4982488453388214
0.6781674027442932
-0.1346871703863144
-0.026370130479335785
-0.09598600119352341
0.3000161349773407
0.2436920404434204
0.08497443795204163
0.03694014623761177
0.33588409423828125
0.3524651527404785
0.4667915999889374
0.17914541065692902
0.03525840863585472
-0.06404448300600052
0.022240333259105682
0.09299353510141373
0.029354531317949295
-0.013785948045551777
0.027632582932710648
0.051593974232673645
0.06578683853149414
0.05252530425786972
-0.051032423973083496
0.08181608468294144
-0.06972901523113251
-0.012616241350769997
0.02642429992556572
0.029601886868476868
-0.07670104503631592
-0.0012481097364798188
-0.012401609681546688
0.27380332350730896
0.812314510345459
-0.18616808950901031
0.055614396929740906
-0.0961403101682663
0.49973851442337036
-0.08151452988386154
-0.35971662402153015
-0.22798126935958862
0.3955744206905365
0.04885062575340271
0.3888322114944458
0.30722492933273315
0.7762547731399536
-0.16209961473941803
0.18650177121162415
-0.004542280454188585
0.2492363005876541
-0.07452011853456497
-0.2345786690711975
-0.17678231000900269
0.14459289610385895
-0.12526948750019073
-0.24014222621917725
-0.13856282830238342
-0.16461332142353058
-0.14700382947921753
-0.30578163266181946
-0.6409628987312317
-0.2875681519508362
0.10807468742132187
-0.06960524618625641
0.1354796141386032
0.10641554743051529
-0.08667223900556564
-0.12428686767816544
-0.15231840312480927
0.3432718515396118
0.013191950507462025
0.3260968029499054
0.15135405957698822
0.3299616873264313
0.22815069556236267
0.17895109951496124
0.024999121204018593
0.7153260111808777
0.2065553069114685
-0.17522592842578888
-0.15122802555561066
-0.03060111403465271
-0.016339603811502457
0.025344863533973694
-0.41169029474258423
-0.2855079770088196
0.4232483208179474
0.284742146730423
-0.12181183695793152
-0.12131059914827347
0.504804253578186
0.40665203332901
0.28855785727500916
0.15507903695106506
0.2708708345890045
-0.14497491717338562
-0.1594024896621704
-0.11625153571367264
0.17102289199829102
0.009700614959001541
-0.36373370885849
-0.2036391794681549
0.3351951837539673
0.1412002593278885
-0.12459000945091248
-0.087363101541996
0.4982442855834961
0.3650624454021454
0.17589175701141357
-0.20213757455348969
0.026310596615076065
-0.004147189669311047
0.04952377825975418
0.015691379085183144
0.056597404181957245
0.018605485558509827
-0.03679121658205986
0.05541328340768814
0.015128543600440025
-0.04711075499653816
0.018701739609241486
0.006175734102725983
0.02131812646985054
-0.02954123355448246
0.13848263025283813
0.04580094665288925
0.003412584774196148
0.05545970797538757
0.0672125518321991
0.054217468947172165
0.055141910910606384
-0.07217180728912354
0.0322251096367836
0.08151794970035553
0.029197324067354202
0.052017129957675934
-0.06667730212211609
-0.06064663827419281
-0.020439764484763145
0.004801732487976551
-0.019406622275710106
0.06592081487178802
0.056150082498788834
0.06311704218387604
0.3918769359588623
0.5974664688110352
0.01833699829876423
-0.4377390742301941
-0.21928542852401733
0.8010361790657043
0.20551520586013794
-0.005016671493649483
-0.2674154043197632
0.288385272026062
0.4323459267616272
0.32781755924224854
0.4797656536102295
0.5718108415603638
0.1048692911863327
0.1097446009516716
0.15137742459774017
0.23986193537712097
0.04464885964989662
-0.2616494297981262
-0.28055503964424133
0.030272770673036575
-0.0927996039390564
-0.22584711015224457
-0.1020246148109436
0.19303499162197113
0.024483487010002136
0.2950221598148346
0.09471172839403152
0.4242781400680542
-0.16401931643486023
-0.22018571197986603
0.004068280570209026
0.15341584384441376
-0.059081822633743286
-0.1809014081954956
-0.43933820724487305
-0.18263190984725952
-0.36086583137512207
-0.45149534940719604
-0.37303245067596436
-0.2823149263858795
-0.16973209381103516
0.06742792576551437
-0.4273228049278259
-0.11506585776805878
0.17691276967525482
-0.1296958327293396
0.7028521299362183
0.8398286700248718
-0.02612322010099888
0.02175360918045044
-0.3468674123287201
0.10546298325061798
0.15404191613197327
0.7051171064376831
-0.10452742874622345
0.43757668137550354
0.29446759819984436
0.41976138949394226
0.11034871637821198
0.8653004765510559
-0.03858498856425285
-0.236887589097023
0.15735812485218048
0.16671812534332275
-0.21219457685947418
0.03649172931909561
-0.2981301546096802
0.2576015591621399
-0.12182971090078354
0.20295484364032745
0.24721331894397736
0.5202131867408752
0.1091795414686203
0.30345243215560913
0.2063227742910385
1.051857352256775
-0.018227649852633476
-0.00011371287109795958
-0.012316020205616951
-0.04269895702600479
-0.0365174263715744
0.025372976437211037
0.02569381333887577
-0.026071641594171524
-0.02974773570895195
0.04598977044224739
-0.10002732276916504
-0.0017460189992561936
-0.06276240944862366
0.04441244155168533
0.017472844570875168
0.023389309644699097
0.031620558351278305
-0.12295117974281311
0.0376863069832325
0.3314427435398102
-0.05305824056267738
-0.28295421600341797
-0.3204886019229889
-0.1128774881362915
-0.24415506422519684
-0.37558120489120483
-0.42341184616088867
-0.14423735439777374
0.007879519835114479
0.14639854431152344
-0.2991400361061096
-0.21669791638851166
0.03348926827311516
-0.09863179177045822
0.039488691836595535
0.019907204434275627
-0.010225415229797363
0.016456836834549904
-0.014872660860419273
0.008683549240231514
-0.006725014187395573
0.02994564361870289
-0.00759892538189888
0.00927339494228363
0.04051966592669487
-0.013867361471056938
0.04574451968073845
-0.10985536128282547
0.11632563918828964
-0.14962175488471985
-0.035455603152513504
0.037769466638565063
-0.1588415801525116
-0.18945004045963287
-0.34289121627807617
0.15078911185264587
-0.07631515711545944
0.4750441312789917
0.14567343890666962
0.3139498829841614
0.16457511484622955
-0.03837461397051811
0.42521047592163086
0.6361778378486633
0.21934880316257477
-0.24275565147399902
-0.2851232886314392
-0.019572334364056587
-0.038852449506521225
-0.0051861535757780075
-0.3312120735645294
-0.30192163586616516
-0.17084284126758575
0.3732014298439026
0.04436340928077698
0.07827012985944748
0.11243067681789398
0.11824857443571091
-0.009670821018517017
-0.31817626953125
0.0034524884540587664
-0.3206896185874939
-0.1445195972919464
-0.03742541745305061
0.09525993466377258
-0.21180562674999237
-0.21232882142066956
-0.16243751347064972
-0.24771210551261902
-0.21691882610321045
-0.4903884828090668
-0.40899744629859924
0.18426063656806946
-0.011840658262372017
-0.2837643623352051
-0.4343402683734894
-0.0007463103393092752
0.06358062475919724
-0.05939444899559021
0.053785290569067
0.034580036997795105
-0.009290788322687149
0.011952493339776993
0.01673395186662674
-0.02304716780781746
0.05785379931330681
-0.002334258519113064
0.034084249287843704
-0.04900096356868744
-0.08143971860408783
-0.031198402866721153
-0.06731251627206802
-0.1117323711514473
-0.2475591003894806
-0.10394465178251266
0.1368819624185562
-0.021123364567756653
-0.30413389205932617
-0.1324794590473175
-0.2150273472070694
-0.14059802889823914
-0.3194054961204529
-0.4512527287006378
-0.1357942819595337
-0.02159697934985161
-0.09992600232362747
-0.539065420627594
0.26824474334716797
-0.13175661861896515
-0.31879931688308716
-0.08643096685409546
-0.053799502551555634
-0.1410684734582901
-0.41774827241897583
-0.18713074922561646
-0.24034413695335388
-0.2929877042770386
-0.28454044461250305
-0.2047007530927658
-0.08910562098026276
-0.13874836266040802
-0.058773305267095566
-0.6001379489898682
-0.722387969493866
-0.11536949127912521
-0.23709796369075775
-0.17420172691345215
0.1903923898935318
-0.06448184698820114
-0.30888164043426514
-0.09557109326124191
-0.22075146436691284
-0.24333803355693817
-0.2725212574005127
-0.2956618666648865
-0.14080801606178284
-0.03192712739109993
-0.14875324070453644
-0.6631102561950684
-0.29983898997306824
0.10777711868286133
-0.1389709860086441
0.11067891865968704
0.971850574016571
0.19248126447200775
0.046868372708559036
-0.08523823320865631
0.46360474824905396
0.29796257615089417
-0.30913740396499634
-0.23948463797569275
0.2285778820514679
0.23320533335208893
0.2048061490058899
0.41418853402137756
1.1330209970474243
-0.11788265407085419
-0.21541273593902588
-0.20571057498455048
0.05692203715443611
-0.07224525511264801
-0.4083111882209778
-0.21057018637657166
-0.23202106356620789
-0.2846773564815521
-0.3231964707374573
-0.29013776779174805
-0.3056986927986145
-0.1011430025100708
-0.08978374302387238
-0.5461329817771912
-0.3830481171607971
-0.02656381018459797
0.03658539056777954
0.026004161685705185
-0.002239731838926673
-0.030155258253216743
-0.007802950218319893
-0.05492762476205826
-0.0014802272198721766
0.09459211677312851
0.0038992969784885645
0.03513249009847641
-0.05214880406856537
-0.0009637766052037477
0.056350868195295334
-0.01915409229695797
0.042185910046100616
0.036942243576049805
-0.07105977088212967
0.09397339820861816
0.7041042447090149
0.268871933221817
0.0011511240154504776
-0.021385248750448227
0.2732876241207123
0.4453161954879761
0.4103635847568512
0.573884904384613
0.7714229822158813
0.5465574264526367
0.1813715696334839
0.6928260326385498
0.660720705986023
0.05806313455104828
0.005067109130322933
-0.026600373908877373
-0.01376817375421524
-0.02431882917881012
-0.04031293839216232
0.01669207401573658
0.00826249085366726
0.02015610970556736
-0.02051393687725067
0.03422073274850845
0.03451066464185715
-0.01772875338792801
-0.11592535674571991
-0.025921447202563286
-0.024260079488158226
0.029808392748236656
-0.2792539894580841
-0.06959397345781326
-0.15287528932094574
0.4476853311061859
0.15094617009162903
-0.18967363238334656
-0.2996869385242462
0.2540077865123749
0.2850915789604187
0.16915597021579742
0.2819564938545227
0.5263632535934448
0.12632037699222565
-0.06182229518890381
0.016293536871671677
0.032275475561618805
-0.1367466300725937
0.07783454656600952
0.7857030630111694
0.2453150749206543
-0.04961919039487839
-0.02824144810438156
0.2271241843700409
0.4423292875289917
0.38929304480552673
0.5535361766815186
0.580746054649353
0.4839184284210205
0.3571619391441345
0.4388538897037506
0.9819207191467285
0.09611193090677261
-0.04506678879261017
-0.00020124435832258314
0.6674514412879944
0.4072575569152832
0.10903201252222061
-0.013821342960000038
0.586379885673523
0.4870433509349823
0.2074294090270996
-0.038121484220027924
0.5910240411758423
0.4341236352920532
0.47408953309059143
0.35526928305625916
0.7842809557914734
0.07920718193054199
-0.07005410641431808
0.23768389225006104
0.4264674186706543
0.4991263747215271
0.20004487037658691
-0.009794455952942371
0.11871404945850372
0.4505407214164734
0.004829170182347298
-0.028337590396404266
0.18865440785884857
0.8005381226539612
0.3662945330142975
-0.08122777193784714
0.2774008512496948
0.03361893817782402
-0.014745760709047318
-0.002882752800360322
0.008344306610524654
0.022366657853126526
-0.08096428960561752
-0.05440723896026611
-0.055916279554367065
0.028951730579137802
-0.026345670223236084
0.037369001656770706
0.04145241528749466
0.0560331717133522
0.06328484416007996
0.017878146842122078
0.015939854085445404
0.03604968264698982
-0.13019107282161713
0.07756902277469635
0.6400344371795654
-0.0040464261546730995
0.10481944680213928
0.0354912206530571
0.3557196259498596
0.22296831011772156
-0.21913282573223114
-0.18103164434432983
0.28149890899658203
0.25884509086608887
0.3749249577522278
0.3418440818786621
0.7699015140533447
-0.14681193232536316
0.08773122727870941
0.0710081160068512
0.19086943566799164
-0.20007452368736267
-0.2642787992954254
-0.1787748634815216
0.277874618768692
-0.11009181290864944
-0.14644277095794678
-0.04783206433057785
-0.054480843245983124
-0.08003029972314835
-0.5043368935585022
-0.572708010673523
-0.30656376481056213
0.07876739650964737
-0.20187461376190186
-0.06531620025634766
0.12870566546916962
0.4665912985801697
-0.061811529099941254
-0.22095473110675812
0.19305753707885742
0.4091491401195526
0.18200862407684326
0.14176221191883087
0.29968079924583435
0.568444013595581
0.014468463137745857
-0.14618456363677979
0.6062381267547607
0.15718384087085724
-0.20427949726581573
-0.1911785751581192
-0.24707093834877014
0.5914768576622009
0.09271379560232162
-0.28534066677093506
-0.29225191473960876
0.6161777973175049
0.3576461374759674
-0.13697883486747742
-0.06264528632164001
0.8484411835670471
0.3948560357093811
0.1687115728855133
-0.06295587122440338
0.11287412792444229
-0.16839514672756195
-0.10921692848205566
-0.22264844179153442
0.7355579137802124
0.179573193192482
-0.3120475113391876
-0.3133540451526642
0.7110328674316406
0.3421263098716736
-0.13340550661087036
-0.10001099854707718
0.7415740489959717
0.2807435691356659
-0.17398187518119812
-0.3958134055137634
-0.024148091673851013
-0.01373749878257513
0.021540259942412376
0.057937923818826675
0.057446759194135666
-0.031755294650793076
0.03403687849640846
0.02911301888525486
-0.04880082979798317
-0.03174979239702225
-0.008323166519403458
-0.007583018857985735
-0.04487883299589157
0.010568461380898952
-0.05999400466680527
0.02523902803659439
-0.05147659033536911
-0.03732528164982796
-0.038177330046892166
0.04931894689798355
0.05475722253322601
-0.0032751448452472687
0.06795668601989746
0.016449522227048874
-0.0986585021018982
-0.018160708248615265
-0.03624620661139488
0.011370634660124779
0.04049209505319595
0.08762956410646439
-0.03237348422408104
-0.04631846770644188
-0.04119633138179779
-0.01898914948105812
0.021148482337594032
0.7400528192520142
0.10636993497610092
-0.23852336406707764
-0.14618755877017975
0.5095891356468201
0.38473570346832275
-0.057998739182949066
-0.2044755220413208
0.438849538564682
0.3091585040092468
0.027117518708109856
0.46024736762046814
0.5616206526756287
0.017052412033081055
-0.04051235318183899
-0.008239240385591984
0.1333090215921402
0.10424984991550446
-0.1325693577528
-0.12614987790584564
0.0105596873909235
0.23452578485012054
-0.20418526232242584
-0.10836326330900192
0.13121622800827026
0.31141096353530884
0.3126409351825714
-0.023217037320137024
0.4434709846973419
-0.1212252601981163
-0.18320374190807343
-0.06850457191467285
0.0509563684463501
-0.06187034025788307
-0.5551822781562805
-0.19671903550624847
-0.33663254976272583
-0.1412794291973114
-0.29265668988227844
-0.48349541425704956
-0.222601979970932
-0.14854182302951813
-0.12952004373073578
-0.5835481882095337
-0.35610851645469666
0.06906594336032867
-0.22038258612155914
0.08935631066560745
0.6475282311439514
0.3253089487552643
0.017193133011460304
-0.22672051191329956
0.08842481672763824
0.371418297290802
0.563830554485321
-0.16108153760433197
0.30980750918388367
0.5789716839790344
0.40834346413612366
-0.009761760011315346
0.7942821383476257
-0.1331687867641449
-0.2856824994087219
0.04700321704149246
0.2722611725330353
0.23192816972732544
0.09339439868927002
-0.10822353512048721
0.028640098869800568
0.30392691493034363
0.3142336308956146
0.42753511667251587
0.41642192006111145
0.5089181065559387
0.2044040709733963
0.15157550573349
0.699654757976532
-0.03650428727269173
-0.058176711201667786
-0.08922028541564941
0.043217677623033524
0.02662617713212967
-0.029903709888458252
-0.053150568157434464
0.03828749805688858
-0.03643645718693733
0.009294691495597363
-0.03206837922334671
-0.0010575482156127691
-0.057103514671325684
-0.015535972081124783
-0.042466938495635986
-0.026407338678836823
-0.12423437088727951
-0.2838291823863983
-0.1949230432510376
0.1558934450149536
0.11639097332954407
-0.46529102325439453
-0.11935409903526306
-0.18677574396133423
-0.1617194265127182
-0.506625235080719
-0.5113838911056519
-0.20184877514839172
0.10368078202009201
-0.03392012417316437
-0.5134206414222717
-0.17960906028747559
-0.007412130944430828
-0.017591334879398346
0.050990305840969086
-0.019244428724050522
0.05982278287410736
-0.02171861007809639
-0.007223369088023901
-0.059701163321733475
-0.024028658866882324
0.05336187779903412
-0.04549318179488182
-0.033278919756412506
-0.0047349268570542336
0.018567828461527824
0.08932171761989594
0.0340811088681221
0.09011179208755493
-0.12657150626182556
-0.2632879614830017
0.1660880744457245
0.3613169193267822
-0.21360564231872559
-0.15046092867851257
-0.10835105180740356
0.28994834423065186
0.4888247549533844
0.2511313259601593
0.21059158444404602
0.4308304786682129
-0.045971885323524475
0.16363076865673065
0.509364128112793
-0.015412842854857445
-0.2967938780784607
-0.3881940543651581
-0.21135571599006653
0.2894197404384613
0.08622051030397415
-0.2819148600101471
-0.21686610579490662
0.12523812055587769
0.2011541873216629
-0.00014832390297669917
0.13341091573238373
0.3840387761592865
0.045906130224466324
-0.05425390601158142
-0.6423463225364685
0.05097172036767006
-0.2747330367565155
0.11480169743299484
0.5013762712478638
-0.03345605358481407
-0.1056441068649292
-0.18190309405326843
0.3096654415130615
-0.23544667661190033
-0.22748109698295593
0.5974805951118469
0.22979681193828583
-0.04253651946783066
-0.13592135906219482
-0.17771326005458832
-0.2053053081035614
-0.03312451019883156
0.029675429686903954
-0.05967964231967926
0.007470634765923023
0.048908546566963196
0.055690888315439224
0.010450555011630058
-0.02068944461643696
-0.021319929510354996
-0.012916333973407745
0.006501197349280119
0.019903425127267838
0.014686057344079018
0.02113254740834236
0.005312322173267603
-0.01068860199302435
0.0544268898665905
-0.005460950545966625
0.34964025020599365
0.5009937882423401
0.029030855745077133
-0.21510136127471924
-0.05556685850024223
0.44206616282463074
-0.2961437702178955
-0.3579704165458679
0.6655076146125793
0.6031039357185364
-0.11993056535720825
-0.2568518817424774
-0.10529384762048721
-0.0867965966463089
-0.18749864399433136
-0.28289198875427246
0.21432943642139435
0.40733301639556885
-0.035302791744470596
-0.048965297639369965
-0.05696839839220047
0.46600210666656494
-0.32095545530319214
-0.38378292322158813
0.1922980546951294
0.547823429107666
-0.23931945860385895
-0.1365787833929062
0.18832626938819885
0.4140642285346985
0.008672522380948067
-0.09658652544021606
0.39550602436065674
0.5593771934509277
-0.027461906895041466
-0.29488882422447205
-0.030860846862196922
0.4937972128391266
-0.3347247838973999
-0.49330031871795654
0.4896605908870697
0.7098009586334229
-0.28784188628196716
-0.15604062378406525
-0.07196037471294403
0.20133769512176514
0.183325856924057
0.2778354287147522
0.8870396018028259
-0.23095372319221497
0.13042370975017548
0.7541796565055847
0.07436417788267136
-0.14027035236358643
0.21235127747058868
0.11191270500421524
-0.1001657024025917
0.5774952173233032
0.06015537306666374
0.2236371785402298
-0.642127513885498
-0.23462672531604767
-0.07743342965841293
-0.028081532567739487
0.2079245150089264
0.6110524535179138
-0.12330248206853867
-0.3697558045387268
-0.05429195612668991
0.5177845358848572
-0.3152539134025574
-0.32198330760002136
0.57034832239151
0.7764266729354858
-0.2813468277454376
-0.22633202373981476
0.00972775835543871
-0.05691351741552353
0.028559580445289612
-0.039187751710414886
-0.010591716505587101
0.04328902065753937
0.023106390610337257
0.03333570435643196
0.01028717402368784
0.01385725662112236
-0.005967140197753906
-0.009090181440114975
0.05474027991294861
-0.057229720056056976
0.014640062116086483
-0.03567613288760185
0.045381203293800354
-0.0039972588419914246
0.052578434348106384
0.33986127376556396
0.2570435404777527
-0.3850376605987549
0.18824590742588043
0.05185846611857414
0.044288862496614456
-0.24852578341960907
0.2667580544948578
0.06962892413139343
-0.2907131016254425
0.024332920089364052
0.15975093841552734
-0.1564745306968689
-1.0179044008255005
-0.7261768579483032
0.023155156522989273
0.010054364800453186
-0.051033709198236465
0.04357944428920746
0.002632829127833247
-0.04430723190307617
0.04249059036374092
-0.0012904329923912883
0.005861776415258646
-0.020656820386648178
0.013060220517218113
-0.022685889154672623
0.03573749214410782
0.01665623113512993
-0.03770527243614197
0.03520098328590393
0.2927829623222351
0.10159432888031006
0.2575971186161041
0.18648754060268402
0.2658248245716095
0.1591305434703827
0.2386619746685028
0.3047938644886017
0.09478422999382019
0.2282698154449463
0.19229485094547272
0.1148570254445076
0.24414430558681488
-0.0006639446364715695
-0.09273624420166016
0.12775972485542297
0.0445152148604393
0.20636698603630066
0.1396072804927826
-0.4101182520389557
0.3029712438583374
0.04765614867210388
0.10396454483270645
-0.3047386109828949
0.21756291389465332
-0.06582214683294296
-0.36006850004196167
0.0038549129385501146
0.24718062579631805
-0.34503373503685
-0.5433667302131653
-0.7675322890281677
0.3437320590019226
0.2936100363731384
0.795839786529541
-0.22536280751228333
0.13225683569908142
0.5610009431838989
-0.0014578981790691614
-0.19630320370197296
0.3009832799434662
0.11607617884874344
-0.14864511787891388
0.14172449707984924
0.3677869737148285
0.27795925736427307
-0.44944751262664795
-0.1523287445306778
0.4364018738269806
0.4268476963043213
0.9657744765281677
0.05906436964869499
0.3208697736263275
0.5878590941429138
0.24204424023628235
0.08160360157489777
0.3974962830543518
0.3819301128387451
0.4348239004611969
0.552355945110321
0.61240154504776
-0.0662141963839531
-0.5661531686782837
-0.24790769815444946
-0.02279515378177166
-0.05694581940770149
-0.04387003183364868
-0.002166612772271037
0.04426399618387222
-0.12126725167036057
-0.012376870959997177
-0.0075586698949337006
-0.05801235884428024
-0.020006336271762848
-0.041635025292634964
0.0065863351337611675
0.05830521509051323
-0.020371725782752037
-0.0486626960337162
-0.00946059636771679
0.08433064818382263
0.27761712670326233
0.5859288573265076
-0.15338151156902313
-0.01727885752916336
0.46568363904953003
0.13356581330299377
-0.08785334974527359
0.18784089386463165
0.06963130831718445
-0.08474376797676086
0.557456374168396
-0.05626542493700981
0.06321090459823608
-0.19520758092403412
-0.08422016352415085
-0.09417132288217545
0.13324451446533203
0.1533392369747162
0.38492923974990845
0.05758882313966751
-0.27044862508773804
-0.017157332971692085
0.14488980174064636
-0.10451985150575638
-0.2442539781332016
0.1735258847475052
0.3400798439979553
-0.00928018894046545
-0.17397235333919525
0.33629170060157776
0.6806780695915222
0.09495247900485992
0.28380459547042847
0.2458886206150055
0.04051792249083519
0.31986743211746216
0.1731364130973816
0.19171737134456635
-0.08237439393997192
0.22721782326698303
0.26042404770851135
-0.04163479432463646
0.3992520272731781
0.09000083804130554
-0.03155486285686493
-0.2015487104654312
-0.5247700214385986
0.51228266954422
0.21695910394191742
0.3016379475593567
0.1809672862291336
0.24973510205745697
0.40790849924087524
0.3917762339115143
0.3788798153400421
0.5252442359924316
0.2517474591732025
0.4463902413845062
0.35660088062286377
0.6809134483337402
0.3227350115776062
-0.26154181361198425
-0.01373970415443182
0.4609937369823456
-0.12880727648735046
0.00390883581712842
0.39911359548568726
0.34384286403656006
0.0918106958270073
0.18930554389953613
0.30455315113067627
0.9288484454154968
0.22486577928066254
0.486390084028244
0.2778615951538086
0.5863824486732483
0.14279399812221527
-0.08576080203056335
-0.16677320003509521
-0.07144184410572052
0.0023963474668562412
-0.026421332731842995
-0.06567274779081345
0.012468434870243073
-0.058709584176540375
-0.016858646646142006
0.03235188499093056
0.05450417846441269
0.052972517907619476
-0.010895419865846634
0.038642775267362595
-0.0443468801677227
0.033983197063207626
-0.020226409658789635
0.004581434652209282
0.016937237232923508
-0.045327480882406235
-0.019318144768476486
0.018035665154457092
0.018806597217917442
-0.049556709825992584
0.0603904128074646
0.047841787338256836
-0.011387820355594158
-0.003759060986340046
0.06613912433385849
-0.01139158196747303
-0.009758725762367249
-0.05591467022895813
0.026840131729841232
0.009987511672079563
-0.0267486609518528
0.3517329692840576
0.5119039416313171
-0.024655427783727646
0.09541606903076172
-0.049642011523246765
-0.03633012995123863
-0.3270408511161804
0.48177334666252136
-0.047303248196840286
0.19716541469097137
0.4849827289581299
0.028460603207349777
-0.3181876838207245
-0.6449168920516968
-0.06364292651414871
0.1032526046037674
0.2248617559671402
0.918283224105835
0.21136334538459778
0.15636228024959564
0.47619667649269104
0.45036348700523376
0.34564685821533203
0.354119211435318
0.38834691047668457
0.45143449306488037
0.7540768384933472
0.2773323059082031
0.27538859844207764
0.0168458241969347
0.15600745379924774
-0.03507610037922859
-0.07819133251905441
0.24650758504867554
0.43639761209487915
-0.16379256546497345
-0.1331881582736969
0.16687026619911194
0.29369214177131653
-0.307038813829422
-0.34617045521736145
0.4644659459590912
0.6382015347480774
-0.42364075779914856
-0.20371192693710327
0.26252907514572144
0.3925495445728302
0.20438270270824432
0.132748544216156
0.5011703372001648
0.2532002925872803
0.17877764999866486
0.13319213688373566
0.14207777380943298
0.2685891389846802
0.370606005191803
-0.11117143929004669
0.10893173515796661
0.35626569390296936
0.4566315710544586
0.06933221966028214
-0.42195212841033936
0.2503146529197693
0.07476349174976349
0.3292427361011505
0.5960115194320679
-0.13839764893054962
0.19852286577224731
0.2559272050857544
0.3688207268714905
-0.04103963449597359
0.11383421719074249
0.16519680619239807
0.09818100929260254
0.027465010061860085
0.17332161962985992
0.21155507862567902
-0.7082374691963196
-0.10464134812355042
-0.09540057182312012
-0.0013142927782610059
-0.06395560503005981
0.019099099561572075
-0.05176832154393196
-0.0264666136354208
-0.061509571969509125
-0.012807193212211132
0.014351972378790379
0.0005722231580875814
0.043459050357341766
0.012131784111261368
-0.0018082038732245564
0.05251242592930794
0.0751660168170929
0.009768589399755001
0.24883891642093658
-0.21432003378868103
0.3126160502433777
0.44969168305397034
0.07886452227830887
0.01781143806874752
0.045768093317747116
0.3894796371459961
-0.1502084732055664
-0.34063464403152466
0.30681347846984863
0.6373576521873474
-0.18148663640022278
-0.17433686554431915
0.056631170213222504
0.13206811249256134
-0.03508959710597992
0.04138750210404396
0.022553090006113052
-0.02878018654882908
0.020509561523795128
0.04053197801113129
0.08138418197631836
-0.0531497523188591
-0.02062237448990345
-0.036882977932691574
-0.024958536028862
0.01974928006529808
0.005697217304259539
-0.04513782635331154
0.10379403829574585
0.09502282738685608
0.0029076491482555866
0.2513182461261749
0.12573930621147156
-0.008465474471449852
0.32048100233078003
0.15491805970668793
0.16743534803390503
0.025944555178284645
0.07672055065631866
-0.015995608642697334
0.07066641747951508
0.26842719316482544
0.20941291749477386
0.13016411662101746
-0.32580968737602234
-0.1084660217165947
0.2661014199256897
0.06110095977783203
0.2769906520843506
0.3909134268760681
0.4231448769569397
0.43845221400260925
0.30252015590667725
0.6409205198287964
0.12924616038799286
0.21662510931491852
0.5487027764320374
0.5896551609039307
0.2548206150531769
0.15877176821231842
0.06289024651050568
0.34425464272499084
-0.0690159946680069
0.11108586937189102
0.131914421916008
-0.012403744272887707
-0.09992770105600357
0.337751179933548
0.711541473865509
0.4631810784339905
0.039436426013708115
0.09254740923643112
1.1074610948562622
0.8035556077957153
-0.4133114218711853
-0.22700855135917664
-0.15522420406341553
-0.5379418730735779
-0.013026523403823376
-0.029120199382305145
-0.04548100754618645
-0.011560361832380295
-0.013357660733163357
-0.01963898353278637
0.029352299869060516
0.05572351813316345
-0.043225329369306564
-0.010752451606094837
0.10003949701786041
0.046991705894470215
-0.02271677739918232
-0.05772382766008377
-0.016531072556972504
0.02070211060345173
-0.01676621288061142
-0.0077430070377886295
0.07429622858762741
-0.19012443721294403
-0.014308665879070759
0.40986233949661255
0.9387405514717102
0.3294212520122528
0.2850089967250824
0.18156838417053223
1.3103938102722168
0.6535933613777161
-0.1701347827911377
0.02256634086370468
0.024447087198495865
-0.44916170835494995
0.1262032836675644
0.02458796091377735
0.11039779335260391
-0.1345096379518509
0.03603636100888252
0.46070483326911926
0.7322068810462952
0.2608538866043091
0.3897514343261719
0.1364029347896576
0.9184496402740479
0.18520115315914154
-0.10459652543067932
-0.29171812534332275
0.20057596266269684
0.2547432780265808
0.0018995186546817422
-0.0026980116963386536
0.1315353363752365
-0.09512264281511307
0.0281833466142416
0.3454824984073639
0.8333187699317932
0.46150684356689453
0.33415845036506653
0.10733576864004135
1.0381567478179932
0.5089985728263855
-0.0908975601196289
0.008695486932992935
0.044528357684612274
-0.27334439754486084
-0.21802344918251038
-0.13896049559116364
-0.14311566948890686
-0.8994249701499939
-0.23328208923339844
0.4219297468662262
0.01774934120476246
-0.3694865107536316
-0.3641916513442993
0.059628114104270935
-0.053433552384376526
-0.003571027424186468
-0.45585715770721436
-0.17497345805168152
-0.49275290966033936
-1.0592390298843384
0.055551256984472275
0.05839073285460472
0.12316402792930603
-0.005196264944970608
0.035026151686906815
0.3845992982387543
1.040017008781433
0.3614044785499573
0.41707518696784973
0.15083737671375275
1.2492356300354004
0.7419220805168152
0.005264399107545614
-0.08219434320926666
-0.05960151180624962
-0.3927936851978302
0.057470038533210754
-0.027933187782764435
0.0031796812545508146
0.029899567365646362
-0.007566559594124556
0.05264352634549141
0.03359243646264076
0.0044741700403392315
0.07405073940753937
-0.04354873299598694
0.06492497026920319
0.028991680592298508
0.07384800165891647
-0.039406176656484604
-0.01691516488790512
-0.056284185498952866
-0.28992968797683716
0.07416364550590515
-0.2894535958766937
-0.9389795064926147
-0.3991015553474426
0.124705970287323
-0.1452297419309616
-0.5813920497894287
-0.6551788449287415
-0.12509533762931824
-0.41042327880859375
-0.6673022508621216
-0.8350198268890381
-0.5135430693626404
-1.4298094511032104
-1.6639872789382935
0.04688844084739685
-0.011902594938874245
0.06515166908502579
-0.07157736271619797
0.042081207036972046
-0.020980406552553177
-0.04262791946530342
-0.04315655678510666
0.016829025000333786
-0.025393350049853325
0.0453341044485569
-0.043033599853515625
-0.026161549612879753
-0.055963385850191116
-0.027535002678632736
-0.047414734959602356
-0.3646634519100189
0.048592954874038696
0.11282537132501602
-0.2879892885684967
-0.5828517079353333
0.19389981031417847
0.4446132481098175
0.2640179395675659
-0.48818010091781616
-0.30793413519859314
0.28563418984413147
-0.04860612004995346
-0.8274623155593872
-0.5172708630561829
-0.23847578465938568
-0.6981945633888245
-0.241296648979187
0.10784990340471268
-0.3348178267478943
-0.8671080470085144
-0.42909279465675354
0.09624188393354416
-0.046759940683841705
-0.38564589619636536
-0.6021814346313477
-0.16427560150623322
-0.39587876200675964
-0.4772730767726898
-0.7294536232948303
-0.5801703333854675
-1.2967462539672852
-1.810330867767334
-0.42814260721206665
-0.1281258910894394
-0.12778052687644958
-0.8507421612739563
-0.6538066267967224
0.09096227586269379
-0.05087161436676979
-0.37252312898635864
-0.7782836556434631
-0.296139657497406
-0.19345638155937195
-0.4965475797653198
-0.8553345203399658
-0.2534980773925781
-0.25945642590522766
-1.103415608406067
-0.41682615876197815
-0.15414804220199585
-0.1687742918729782
-0.6419327259063721
-0.5074149370193481
0.08537980914115906
0.11276915669441223
-0.12162727117538452
-0.5627388954162598
0.16028839349746704
0.33225682377815247
-0.06870444864034653
-0.8619537353515625
-0.4146868586540222
-0.3482314646244049
-1.1544955968856812
-0.017507532611489296
-0.06287772208452225
-0.01499001495540142
0.06377539783716202
-0.07070556282997131
-0.0343179777264595
-0.05961902439594269
0.040976885706186295
0.001149914925917983
0.058108143508434296
-0.0958937481045723
0.08799809217453003
-0.02216241881251335
-0.06753986328840256
-0.03331519290804863
-0.03929118067026138
-0.2447018176317215
-0.00464462349191308
-0.1128491461277008
-0.7105594873428345
-0.07220746576786041
0.17406120896339417
0.18793036043643951
-0.1919301301240921
-0.2739565372467041
-0.023325195536017418
0.10696276277303696
-0.009371265769004822
-0.49987852573394775
-0.301588773727417
-0.40581920742988586
-0.7132062911987305
-0.018338222056627274
-0.14132674038410187
-0.060580261051654816
-0.6232625842094421
0.07658611983060837
0.3479682207107544
0.1480598896741867
-0.23635829985141754
0.10149984806776047
0.1706724762916565
0.3440866768360138
-0.11201553791761398
-0.09532158076763153
0.19081683456897736
0.35151129961013794
0.4576749801635742
-0.25655579566955566
0.011400318704545498
-0.0671987235546112
-0.46295589208602905
-0.4484614431858063
0.1094573363661766
0.1337013691663742
-0.17252452671527863
-0.5882970094680786
-0.16377629339694977
-0.0633922666311264
-0.10384195297956467
-0.6325013041496277
-0.32777366042137146
-0.7655607461929321
-1.3402782678604126
-0.5257347822189331
-0.04388126730918884
0.28772035241127014
-0.3290750980377197
-0.8960992097854614
0.22926932573318481
0.4129941463470459
0.038514114916324615
-0.9850843548774719
-0.23739971220493317
0.31121155619621277
0.0010518692433834076
-1.10190749168396
-0.42313313484191895
-0.3721737861633301
-0.6889294981956482
-0.5209314227104187
0.01009727455675602
0.22801892459392548
-0.11235079914331436
-1.1261335611343384
0.10285129398107529
0.5395104885101318
-0.013279641978442669
-1.5295052528381348
-0.28882792592048645
0.5657167434692383
0.1768321692943573
-1.209190011024475
-0.5593451857566833
-0.24276868999004364
-0.8893000483512878
0.02184513583779335
-0.04461590573191643
-0.0025227393489331007
0.009824944660067558
-0.009906187653541565
-0.02997586876153946
0.020240990445017815
0.032347552478313446
-0.05086962878704071
0.04509136453270912
0.020854540169239044
-0.010684558190405369
-0.011597247794270515
0.02284497208893299
0.0066609689965844154
-0.05945191532373428
0.07820145040750504
0.03452800586819649
-0.09024664014577866
-0.12347620725631714
-0.026332641020417213
-0.030440842732787132
0.02761785499751568
0.039035946130752563
0.01818939484655857
-0.022207608446478844
0.007838682271540165
-0.039792489260435104
-0.008438303135335445
0.024974210187792778
0.05608079209923744
0.0407266691327095
-0.13561482727527618
0.07596256583929062
-0.5654208064079285
-0.7616915106773376
-0.16675443947315216
0.2575618624687195
-0.0907471552491188
-0.7171880602836609
-0.5491737127304077
0.07332456856966019
0.31578680872917175
-0.2978595197200775
-0.5949705243110657
-0.42848581075668335
-0.8398611545562744
-0.7677744626998901
-0.17027510702610016
-0.20648787915706635
0.015666596591472626
-0.3449230492115021
-0.2097245454788208
0.3758993446826935
0.4383965730667114
0.21290762722492218
-0.42815738916397095
0.07039172947406769
0.5386359691619873
0.20680910348892212
-0.5335167050361633
-0.2679613530635834
-0.07005908340215683
-0.6321738958358765
0.10375213623046875
0.08363202959299088
0.10833669453859329
-0.035646047443151474
0.02822835184633732
0.5615680813789368
0.8466875553131104
0.4948985278606415
0.3928791880607605
0.10522127896547318
1.2011910676956177
0.8406451940536499
-0.009247396141290665
-0.19059588015079498
0.19784630835056305
-0.03569622337818146
-0.3211899995803833
0.11243551969528198
-0.5924438238143921
-0.520196795463562
-0.48129066824913025
0.1598590463399887
0.3508845865726471
0.20221132040023804
-0.6087548136711121
-0.45028606057167053
0.09985768795013428
0.1031189113855362
-0.7608118653297424
-0.2699280083179474
-0.23611707985401154
-0.8136820793151855
-0.17446959018707275
-0.05349943786859512
0.1007503867149353
-0.6411342620849609
-0.3496866226196289
0.12914246320724487
0.47678497433662415
-0.038484517484903336
-0.4000367522239685
-0.29084667563438416
0.0626368522644043
-0.2385071963071823
-0.7287813425064087
-0.2907329201698303
-0.6498013734817505
-0.9153256416320801
0.0023661814630031586
-0.010135100223124027
-0.027129817754030228
-0.03175577148795128
-0.021657442674040794
0.07284252345561981
0.06660707294940948
0.03329215571284294
0.02837131731212139
0.05063615366816521
0.0576334223151207
0.023432191461324692
0.01294223964214325
0.035297591239213943
0.00402875104919076
-0.0020978429820388556
-0.11080721765756607
-0.0030342477839440107
0.02779015339910984
-0.21160471439361572
-0.1500602662563324
0.5333820581436157
0.7014592289924622
0.3700959384441376
0.07486943900585175
0.3081115782260895
1.053553581237793
0.6535744667053223
-0.2502136826515198
-0.2596752345561981
0.05636947229504585
-0.05238805338740349
0.031326815485954285
-0.0016473758732900023
-0.0016659529646858573
0.038304682821035385
-0.02826678939163685
0.025672348216176033
0.024111827835440636
0.012390412390232086
0.06955858319997787
-0.0071259369142353535
-0.02985754795372486
0.013070265762507915
0.020549815148115158
0.07069765031337738
-0.010633856058120728
-0.02414792589843273
-0.25882062315940857
0.012886639684438705
0.14733196794986725
-0.27908462285995483
-0.4489375352859497
0.1729046106338501
0.30372026562690735
-0.07377998530864716
-0.4111296832561493
-0.4137085974216461
-0.15343064069747925
-0.05546155199408531
-0.6264244914054871
-0.09807823598384857
-1.0060631036758423
-1.0301363468170166
-0.37964892387390137
0.0458998866379261
0.2596767544746399
-0.1998918205499649
-0.5089805126190186
0.24812394380569458
0.5796155333518982
0.48432424664497375
-0.3024386167526245
-0.058935217559337616
0.5281224846839905
0.2487194836139679
-0.5112814903259277
-0.13947778940200806
-0.10016398876905441
-0.19516770541667938
-0.001692590769380331
-0.15052014589309692
-0.18339599668979645
-0.1984587162733078
0.18230381608009338
-0.2156122624874115
-0.3697689175605774
-0.42482155561447144
-0.3057017922401428
-0.3318542540073395
-0.45552992820739746
-0.38341912627220154
0.11587197333574295
-0.053325481712818146
-0.4454050362110138
-0.589756190776825
0.07866418361663818
-0.011658365838229656
-0.010093437507748604
-0.015522327274084091
-0.025950871407985687
0.024831626564264297
0.011850167065858841
0.03721524029970169
-0.04477817937731743
0.043391719460487366
0.06659329682588577
-0.06681549549102783
0.012439855374395847
0.014934683218598366
-0.0694170892238617
0.0028174235485494137
0.05228618159890175
-0.01670733280479908
0.08719177544116974
0.0038644238375127316
0.004759466741234064
-0.22466883063316345
-0.2902267873287201
-0.23579885065555573
-0.2828977704048157
-0.5492568016052246
-0.6014326214790344
-0.3699498176574707
-0.013953696936368942
-0.030754616484045982
-0.6077484488487244
-0.04877777025103569
-0.11180897802114487
-0.30628836154937744
-0.2093784511089325
-0.08931796997785568
0.03855445608496666
-0.49149686098098755
-0.41010338068008423
-0.20848432183265686
-0.2670852243900299
-0.2414325475692749
-0.3866786062717438
-0.1367451250553131
-0.06827990710735321
-0.114719457924366
-0.6280924081802368
-0.8057253956794739
-0.0978538990020752
-0.15643347799777985
-0.1531796157360077
0.020941389724612236
0.019880419597029686
-0.2680337727069855
-0.4146323502063751
-0.27493593096733093
-0.27851516008377075
-0.37132513523101807
-0.3830890655517578
-0.34491777420043945
-0.01223424170166254
-0.2629893720149994
-0.7000513076782227
-0.6314055323600769
0.23893950879573822
0.03374173492193222
0.18747062981128693
0.8734537363052368
0.2612754702568054
-0.11395277827978134
-0.3152011036872864
0.5563774704933167
0.3593280613422394
-0.353414922952652
0.09912223368883133
0.24708397686481476
0.2109498679637909
0.25700879096984863
0.12345889955759048
0.8802046179771423
-0.06973668932914734
-0.2113555371761322
-0.025335071608424187
-0.08605305105447769
-0.03415084257721901
-0.24920670688152313
-0.4216938316822052
-0.26514095067977905
-0.2796347737312317
-0.37740272283554077
-0.43629950284957886
-0.3981647193431854
-0.08241589367389679
-0.37516313791275024
-0.6487709879875183
-0.5492435693740845
-0.03148608282208443
0.030371535569429398
0.01643970049917698
0.03065161034464836
-0.006148519925773144
0.022724099457263947
-0.05876431614160538
-0.05872282013297081
0.01860222779214382
0.0006752132321707904
0.06554451584815979
0.08161062002182007
0.06551803648471832
-0.06429176777601242
-0.019030597060918808
0.04529931768774986
0.24857868254184723
-0.04982851445674896
0.3521197736263275
0.5578538775444031
0.35994017124176025
0.20788654685020447
0.33027514815330505
0.6484702825546265
0.3874322175979614
0.3895796537399292
0.49709102511405945
0.6364894509315491
0.5017694234848022
0.34926024079322815
0.4960727393627167
0.46216458082199097
0.052520688623189926
-0.062950499355793
-0.057609353214502335
0.09964082390069962
-0.03172726556658745
-0.007522778119891882
0.06395590305328369
0.005630590952932835
0.050756148993968964
0.11258888989686966
0.050550322979688644
-0.004728164989501238
-0.05583181977272034
0.07937929779291153
-0.05749989673495293
-0.03592891991138458
0.2297373116016388
-0.11003148555755615
-0.0561576709151268
-0.15600554645061493
0.2942882180213928
0.1350775808095932
-0.14534874260425568
-0.22993101179599762
0.28415077924728394
0.22841890156269073
0.14527378976345062
0.10664201527833939
0.44920095801353455
0.21892763674259186
-0.1945943534374237
-0.018016742542386055
0.20311163365840912
-0.04510846734046936
0.17392337322235107
0.4688436985015869
0.40112540125846863
0.19570311903953552
0.34181708097457886
0.6419681906700134
0.3213340938091278
0.5191725492477417
0.6687804460525513
0.6131439805030823
0.5427428483963013
0.35686102509498596
0.46610090136528015
0.8521811962127686
0.5081802010536194
-0.041071925312280655
0.03692437335848808
0.6199397444725037
0.3698476254940033
0.023161133751273155
-0.022378012537956238
0.5274460315704346
0.5575365424156189
0.024518560618162155
0.3032604455947876
0.5473790764808655
0.47640278935432434
0.34455612301826477
0.1636350452899933
0.7877246141433716
0.3837134540081024
0.06722664088010788
0.2523327171802521
0.33811938762664795
0.41489312052726746
0.10375480353832245
0.11650925129652023
0.23591911792755127
0.4538681209087372
-0.19112659990787506
0.05072589963674545
0.1228577047586441
0.6445228457450867
0.5242994427680969
-0.17077885568141937
0.06885486841201782
0.026054183021187782
0.003043144941329956
-0.004596964456140995
-0.03923095390200615
-0.043412674218416214
-0.05865762382745743
0.01876867190003395
0.021007638424634933
-0.023071955889463425
0.07291274517774582
0.014156314544379711
0.014151747338473797
-0.0046028862707316875
0.00340927392244339
0.03335222601890564
-0.07481644302606583
0.08875712752342224
-0.016173429787158966
0.2354232370853424
0.6436609625816345
0.035240840166807175
-0.09688295423984528
-0.20508453249931335
0.40687575936317444
0.3144127130508423
-0.30020326375961304
0.1822657436132431
0.15296240150928497
0.22020787000656128
0.2619391083717346
0.09617876261472702
0.6769273281097412
-0.09141111373901367
0.2196497619152069
0.04918047413229942
0.14761538803577423
-0.11088679730892181
-0.19563288986682892
-0.21660111844539642
0.27138713002204895
-0.08650227636098862
-0.13237883150577545
-0.07113254070281982
-0.03381698578596115
0.058893729001283646
-0.41535064578056335
-0.5506595373153687
-0.42039161920547485
0.27431967854499817
-0.05235413461923599
-0.07402516156435013
-0.07136282324790955
0.4617868661880493
0.052357085049152374
0.2258908897638321
0.3525606095790863
0.35984864830970764
0.2312031388282776
0.08594554662704468
0.17322345077991486
0.4658232629299164
0.1099674180150032
-0.32015687227249146
0.4938664734363556
0.4813555181026459
-0.017595503479242325
-0.18715167045593262
-0.04233826696872711
0.4614396393299103
-0.17396648228168488
-0.1980389952659607
-0.07423398643732071
0.627856969833374
0.2968429923057556
-0.23915505409240723
-0.23890013992786407
0.8420747518539429
0.3837547302246094
-0.11887654662132263
-0.33649325370788574
0.39087849855422974
-0.0002582267625257373
-0.138582244515419
-0.2197936475276947
0.6999021172523499
0.09815257787704468
-0.23452797532081604
-0.0036363310646265745
1.2470829486846924
0.3029101490974426
-0.1562574952840805
-0.0843047946691513
0.7770950794219971
0.259889155626297
-0.2140670120716095
-0.5996770858764648
-0.03408771753311157
-0.06684580445289612
-0.012061183340847492
-0.03129531815648079
0.07749611139297485
0.013266617432236671
0.009063491597771645
0.011032157577574253
-0.0445798859000206
-0.008368832059204578
0.06658534705638885
0.059055883437395096
-0.029313072562217712
0.009862503036856651
0.06563931703567505
-0.047319747507572174
-0.008091125637292862
-0.037447527050971985
-0.013523241505026817
0.06229979544878006
0.019316941499710083
0.02148296684026718
0.02424039877951145
-0.024260442703962326
0.036234986037015915
0.048922695219516754
-0.040383994579315186
0.026118000969290733
-0.015775632113218307
-0.06308099627494812
-0.02014697529375553
-0.004318929277360439
0.2281811535358429
-0.08853799104690552
0.07310343533754349
0.45242592692375183
0.23111757636070251
-0.21404322981834412
0.2612518072128296
0.6623949408531189
0.3125329315662384
-0.007958742789924145
-0.09699150174856186
0.3890385627746582
0.2863895893096924
0.1954083889722824
0.23001408576965332
0.26174813508987427
0.1615404635667801
0.048438966274261475
-0.0065277642570436
-0.019974280148744583
0.1279653012752533
-0.20568402111530304
-0.44599559903144836
-0.11408985406160355
0.227130725979805
-0.2805289328098297
-0.05681591480970383
0.2159825712442398
0.2208806425333023
0.3049014210700989
-0.38368746638298035
0.3316715657711029
-0.10300199687480927
-0.11594723910093307
-0.08424001932144165
-0.10494467616081238
-0.055492252111434937
-0.35520753264427185
-0.29350748658180237
-0.26131075620651245
-0.11809137463569641
-0.3726913630962372
-0.49495530128479004
-0.3524510860443115
-0.004248253535479307
-0.07352911680936813
-0.7456745505332947
-0.6659708619117737
0.3574150800704956
-0.24307221174240112
0.34338727593421936
0.27040010690689087
0.21717920899391174
-0.03095753863453865
-0.16374723613262177
-0.1360183209180832
0.4491937458515167
0.4992714822292328
-0.02290947176516056
0.2740730047225952
0.5543559193611145
0.36876413226127625
-0.24207141995429993
0.6199009418487549
0.18432527780532837
-0.1915326565504074
0.06837490946054459
0.05582815036177635
0.13703404366970062
0.10430122166872025
-0.009593426249921322
0.2968853712081909
0.33213579654693604
0.11844439804553986
0.3877192735671997
0.3572337329387665
0.4153262674808502
0.2230249047279358
0.17878422141075134
0.8523944616317749
0.05482732877135277
-0.042594216763973236
0.11176835000514984
0.010926942341029644
-0.031144186854362488
-0.016571607440710068
-0.041094470769166946
-0.08164699375629425
-0.018679365515708923
0.045767173171043396
-0.017254753038287163
-0.026868265122175217
-0.06262623518705368
-0.03722062706947327
-0.026815544813871384
0.00035490214941091835
0.11699268966913223
-0.1365911066532135
-0.10687024891376495
0.13786634802818298
0.20163869857788086
-0.3268238306045532
-0.34646812081336975
-0.32159125804901123
-0.1363891363143921
-0.39149487018585205
-0.5875450372695923
-0.2904859483242035
0.13695091009140015
-0.0533534437417984
-0.6601759791374207
-0.5446690320968628
0.055513810366392136
-0.060422591865062714
-0.04529428854584694
-0.0010008058743551373
-0.035003870725631714
0.023433402180671692
0.0342482291162014
-0.037859659641981125
-0.0004111990856472403
0.027237743139266968
0.0431787483394146
-0.024047140032052994
-0.03241293877363205
-0.04157710820436478
-0.023447150364518166
0.006764314137399197
0.16239440441131592
-0.17605988681316376
-0.10630874335765839
-0.062412843108177185
0.3424338400363922
-0.20426291227340698
-0.007169801276177168
0.2062355875968933
0.21663989126682281
0.5544012784957886
0.11595916002988815
0.27259689569473267
0.39044520258903503
-0.028633693233132362
-0.04024611786007881
0.49207010865211487
0.35272422432899475
-0.09157494455575943
-0.3312205374240875
-0.1763511300086975
0.3184603452682495
-0.08211016654968262
-0.3911205530166626
-0.3964967131614685
-0.0019830353558063507
0.22327716648578644
-0.10760278254747391
-0.16277985274791718
0.31096938252449036
0.026225540786981583
-0.3267439305782318
-0.7340309619903564
0.010174397379159927
-0.1914621740579605
-0.10770925879478455
0.14199334383010864
-0.1466800570487976
-0.17280691862106323
-0.15976452827453613
-0.3110862672328949
-0.37693777680397034
-0.41964396834373474
-0.368751585483551
-0.3626105487346649
-0.12708258628845215
-0.27575334906578064
-0.19529663026332855
-0.29148685932159424
0.022027544677257538
-0.026774736121296883
-0.024315161630511284
0.007139889523386955
0.008839499205350876
-0.002214964712038636
-0.10321865230798721
0.06070004403591156
-0.07490662485361099
-0.008393683470785618
-0.0012056672712787986
0.011130089871585369
0.009076750837266445
0.04373727738857269
-0.02958923578262329
-0.018027666956186295
-0.13222600519657135
0.015082008205354214
0.04518529400229454
0.2870718538761139
-0.11379621922969818
-0.09986595064401627
-0.28529003262519836
-0.28205612301826477
-0.3845869302749634
-0.5107404589653015
-0.6384233236312866
-0.21813346445560455
-0.39230549335479736
-0.13445837795734406
-0.5785380601882935
0.3980028033256531
-0.1816483736038208
-0.23317639529705048
-0.13395272195339203
-0.08909337222576141
-0.11120734363794327
-0.13395971059799194
-0.3130471408367157
-0.2452094852924347
-0.37065938115119934
-0.22536204755306244
-0.3048892617225647
-0.11344565451145172
-0.43676650524139404
-0.1928604245185852
-0.4719398319721222
-0.6481634974479675
-0.11558126658201218
-0.10039425641298294
-0.008596688508987427
0.2294108271598816
-0.11991026252508163
-0.1335516721010208
-0.3294805586338043
-0.24666324257850647
-0.2998833954334259
-0.3276217579841614
-0.384973406791687
-0.2906058132648468
-0.37193596363067627
-0.23827244341373444
-0.7218340039253235
-0.30395716428756714
-0.018328355625271797
0.047968752682209015
0.31643566489219666
0.9517965316772461
-0.10126879811286926
-0.1106417328119278
-0.12121834605932236
0.6050212383270264
-0.07596884667873383
-0.44834503531455994
-0.13141563534736633
0.09922351688146591
-0.18185687065124512
0.03304421901702881
0.2780967950820923
1.2253673076629639
-0.18876872956752777
-0.08143061399459839
-0.03358439356088638
0.06825608015060425
-0.15634876489639282
-0.13089586794376373
-0.35354793071746826
-0.22490371763706207
-0.4821614623069763
-0.37155812978744507
-0.36871159076690674
-0.216602623462677
-0.3205793797969818
-0.34549883008003235
-0.5383906364440918
-0.24582932889461517
-0.0011593711096793413
0.01000951137393713
-0.018719302490353584
0.09832524508237839
-0.07027509808540344
-0.043370623141527176
-0.0009746418218128383
-0.005469134543091059
0.02785946987569332
-0.014260392636060715
-0.09654904901981354
-0.015248977579176426
0.006275450810790062
-0.035071421414613724
0.015018005855381489
0.013982544653117657
0.0243543591350317
-0.048930127173662186
0.25878047943115234
0.6521927714347839
-0.113573357462883
0.12319476902484894
0.2465778887271881
0.674673855304718
-0.06681927293539047
0.4574916660785675
0.5986150503158569
0.7400108575820923
0.2530488967895508
0.32950207591056824
0.848675549030304
0.8018900752067566
-0.0007563151302747428
-0.05548463389277458
-0.1418219655752182
0.050319328904151917
0.05020403861999512
-0.06326143443584442
-0.004252730868756771
0.028713291510939598
-0.028483035042881966
-0.07514511793851852
0.05382895469665527
0.04876505583524704
0.01856420561671257
-0.01931753382086754
-0.08305846154689789
-0.025812435895204544
0.09778135269880295
-0.20782425999641418
-0.05349472910165787
-0.1348315328359604
-0.1010744646191597
0.05299382656812668
-0.1302812546491623
-0.0653679370880127
0.1267583966255188
0.05489140376448631
0.09482746571302414
0.20932535827159882
0.11378318071365356
0.19044306874275208
-0.06281078606843948
0.15856197476387024
0.1037880927324295
-0.166682168841362
0.1987432837486267
0.6634018421173096
-0.09393229335546494
0.12221986800432205
0.1854553520679474
0.503642737865448
-0.15264995396137238
0.5322989225387573
0.6710861921310425
0.5613088011741638
0.06376668065786362
0.339991956949234
0.666033148765564
1.030648112297058
0.1828482747077942
0.07992801070213318
0.13436010479927063
0.635729193687439
-0.037397753447294235
0.0038985100109130144
0.12789380550384521
0.49096089601516724
0.2628996968269348
-0.006249126512557268
0.13779579102993011
0.5291656255722046
0.2058144211769104
0.08259811997413635
0.39169883728027344
0.7468973398208618
0.09627940505743027
0.11322343349456787
0.2584317624568939
0.526816189289093
-0.09025931358337402
-0.061457619071006775
-0.09353076666593552
0.26237455010414124
0.00393557408824563
-0.15915805101394653
-0.07061832398176193
0.13845933973789215
0.2237699031829834
0.27560022473335266
0.01645420491695404
0.5044267177581787
-0.053029317408800125
-0.07393355667591095
-0.03359634056687355
0.017144547775387764
-0.021571176126599312
0.006224675104022026
0.020716100931167603
-0.015502416528761387
0.06267077475786209
-0.01593044027686119
-0.027459219098091125
0.027315812185406685
0.008928067982196808
0.0006018537096679211
0.04090315103530884
0.020053265616297722
0.05823483318090439
0.09928320348262787
0.1648840457201004
0.5861775279045105
-0.13926631212234497
0.07220491021871567
-0.11173496395349503
0.44158193469047546
-0.04569718614220619
-0.4009707272052765
-0.21115605533123016
0.16907133162021637
-0.07699372619390488
0.09064501523971558
0.08744190633296967
0.8824396729469299
-0.12677350640296936
0.08161637932062149
0.07434795051813126
0.236535906791687
-0.06801749020814896
-0.2314164638519287
-0.16060799360275269
0.20918264985084534
-0.08636181056499481
-0.2208104282617569
-0.007981101982295513
0.0307511854916811
-0.07289503514766693
-0.41348040103912354
-0.6269226670265198
-0.3603569567203522
0.049957454204559326
-0.09876852482557297
0.0773385688662529
0.20663610100746155
-0.09056725353002548
-0.023539694026112556
0.05087851732969284
0.31075334548950195
-0.15471729636192322
0.28996339440345764
0.2290324717760086
0.22412846982479095
0.025138048455119133
-0.0036699827760457993
0.02821928635239601
0.6849111318588257
0.28737252950668335
-0.13112014532089233
-0.21282203495502472
-0.02806026302278042
-0.02426774986088276
0.009525525383651257
-0.5445961356163025
0.03025292046368122
0.3089227080345154
0.0046941726468503475
-0.16557851433753967
-0.08698061108589172
0.3134855031967163
0.14436554908752441
0.18880198895931244
0.08714459091424942
0.21142998337745667
-0.07873804122209549
-0.17772264778614044
-0.14570987224578857
0.14783260226249695
-0.0989430621266365
-0.4600605070590973
-0.03446893393993378
0.23154382407665253
-0.10864806175231934
-0.037125349044799805
0.040107693523168564
0.2571044862270355
0.00324756046757102
0.047948241233825684
-0.23870670795440674
-0.016979165375232697
0.03385800123214722
-0.06452739983797073
0.0023407430853694677
-0.02160114049911499
-0.042481813579797745
-0.09236891567707062
-0.011101901531219482
0.026180127635598183
-0.0715695470571518
0.05086154490709305
-0.032263487577438354
-0.03376768156886101
-0.017312128096818924
-0.006093677598983049
-0.058639537543058395
-0.003646437544375658
-0.031275682151317596
-0.04696159437298775
-0.09931520372629166
-0.03441157191991806
-0.002859949367120862
0.00217429012991488
-0.04293252155184746
0.036221567541360855
0.01697578653693199
0.06524942070245743
0.02627738192677498
0.019509630277752876
0.03472885489463806
0.1142905056476593
0.031517431139945984
0.04905575141310692
-0.057463012635707855
0.2954685091972351
0.5605682134628296
0.12752017378807068
-0.2999870777130127
0.16125844419002533
0.6304453611373901
-0.05969340354204178
0.017109759151935577
-0.09742122143507004
0.22024911642074585
0.17473378777503967
-0.0026082529220730066
0.4134967029094696
0.47160229086875916
0.028854459524154663
0.08560224622488022
0.026249315589666367
0.19653207063674927
-0.007016994524747133
-0.14041562378406525
-0.2323637306690216
-0.10120529681444168
0.007736828178167343
-0.3693554699420929
-0.1894693374633789
0.1055249497294426
-0.06513417512178421
0.04420284926891327
-0.1703752726316452
0.5293338894844055
-0.2070990353822708
-0.10439508408308029
-0.05388079583644867
0.03630566969513893
-0.03379202261567116
-0.1631004810333252
-0.33185896277427673
-0.27559465169906616
-0.31699907779693604
-0.44824784994125366
-0.528459370136261
-0.3342174291610718
-0.37582728266716003
-0.2253342568874359
-0.5952473878860474
-0.18738071620464325
0.05660034343600273
-0.23426048457622528
0.4767424166202545
0.7061055302619934
-0.07600177079439163
0.06795026361942291
-0.14195816218852997
-0.07846417278051376
-0.06819599121809006
0.4339788854122162
-0.13821274042129517
0.29292604327201843
0.20383422076702118
0.1091143861413002
0.13669054210186005
0.6818309426307678
-0.15459959208965302
-0.0986865758895874
-0.00782670360058546
0.1372757852077484
-0.21404583752155304
0.0838095173239708
-0.28943932056427
0.2135896533727646
-0.013024184852838516
0.1426989734172821
0.18737496435642242
0.4950101971626282
0.05261040851473808
0.05824538692831993
0.1945699155330658
1.1124070882797241
-0.0008144829189404845
-0.05186207592487335
-0.01661255955696106
-0.058169882744550705
-0.015773000195622444
0.043084364384412766
-0.04639856889843941
-0.004253327380865812
-0.001636887202039361
0.07606606185436249
0.06487586349248886
0.018784448504447937
-0.07020382583141327
0.0023987581953406334
0.010522956028580666
-0.008341346867382526
0.014806590043008327
-0.15287837386131287
-0.0003593909787014127
0.2326752096414566
-0.04721983149647713
-0.23060810565948486
-0.2452840358018875
-0.15760158002376556
-0.3134209215641022
-0.3253629803657532
-0.6336137056350708
-0.2825387716293335
-0.2494872808456421
-0.15241998434066772
-0.4116317331790924
-0.1622277945280075
-0.009029625914990902
-0.00621901685371995
0.03163289651274681
-0.014486726373434067
-0.0024227160029113293
0.06900589168071747
-0.0242853295058012
-0.037912774831056595
0.00041940275696106255
-0.020375452935695648
-0.06997035443782806
-0.022609101608395576
-0.04504956305027008
0.014610955491662025
-0.0613221637904644
0.04188873618841171
0.029890259727835655
-0.24751274287700653
-0.2733836770057678
0.11753984540700912
-0.10318787395954132
-0.18672019243240356
-0.20351605117321014
0.1848021298646927
-0.189453125
0.48940959572792053
0.1445883959531784
0.19172820448875427
-0.03257901966571808
-0.17835743725299835
0.230805441737175
0.7930089235305786
0.0856206938624382
-0.306734174489975
-0.2558746635913849
-0.06594512611627579
-0.1376645416021347
0.006726302206516266
-0.4968327283859253
-0.26576846837997437
-0.08292729407548904
0.0153688695281744
-0.07804317772388458
-0.04391573369503021
0.056107062846422195
-0.15419583022594452
-0.020337237045168877
-0.5060396790504456
-0.011391931213438511
0.030408766120672226
0.15500792860984802
-0.04254690930247307
0.0198830533772707
0.46892228722572327
0.7473852634429932
0.42894625663757324
0.05388834699988365
0.3114609122276306
1.1134002208709717
0.6881125569343567
-0.3926519751548767
-0.2234484702348709
-0.13675859570503235
-0.4361219108104706
-0.036272082477808
0.012262385338544846
-0.07101378589868546
0.015020705759525299
0.05269815772771835
0.06744090467691422
0.034756388515233994
-0.00226283585652709
-0.0417456291615963
-0.024941734969615936
0.018289269879460335
-0.055193785578012466
0.02494686096906662
0.02571401372551918
0.048521075397729874
-0.07897679507732391
-0.007311017718166113
0.03248650208115578
0.08708389848470688
-0.1371545046567917
0.11747702211141586
0.4576709568500519
0.9065907001495361
0.39132705330848694
0.23462402820587158
0.1375521570444107
1.4301092624664307
0.8100078701972961
-0.09007692337036133
-0.04687575250864029
-0.03843321651220322
-0.44801267981529236
0.16437986493110657
0.12335264682769775
0.07769303768873215
-0.10691677033901215
0.056654687970876694
0.6113235950469971
0.74269038438797
0.322564959526062
0.28142550587654114
0.3310525119304657
1.0094208717346191
0.36760300397872925
-0.013845914043486118
-0.17387734353542328
0.11758294701576233
0.14073775708675385
-0.017918644472956657
-0.01802966743707657
-0.001962946727871895
-0.1425900012254715
0.06298753619194031
0.45550766587257385
0.8012637495994568
0.38288071751594543
0.3453616499900818
0.19071662425994873
1.077942132949829
0.6753223538398743
-0.032744307070970535
0.02189878188073635
-0.08609039336442947
-0.21221284568309784
-0.31516656279563904
-0.22226738929748535
-0.14314806461334229
-0.8987327218055725
-0.20564284920692444
0.48057669401168823
0.025098849087953568
-0.35604068636894226
-0.3360920548439026
-0.0024793168995529413
-0.14243872463703156
0.00806235522031784
-0.523500919342041
-0.38886910676956177
-0.6430147886276245
-1.2286770343780518
0.0631968155503273
0.05676578730344772
0.12074143439531326
-0.19134807586669922
0.1114472821354866
0.4190330505371094
0.9880682229995728
0.3897304832935333
0.4120122790336609
0.21158559620380402
1.132558822631836
0.8476049304008484
-0.01987452618777752
-0.08549057692289352
-0.1253184676170349
-0.34520113468170166
0.019187740981578827
0.03874644264578819
-0.005587575491517782
-0.035321254283189774
0.006283941678702831
-0.02095426246523857
-0.011362364515662193
0.01199861615896225
-0.08016037940979004
-0.04720596596598625
0.0766506940126419
0.012742173857986927
-0.013187943957746029
0.004467160440981388
-0.07468975335359573
0.0006785946316085756
-0.28050100803375244
0.07186829298734665
-0.323926717042923
-0.9202172756195068
-0.3279697895050049
0.19819319248199463
-0.1318538635969162
-0.5338582396507263
-0.5869787931442261
-0.2118484526872635
-0.40073996782302856
-0.5509029030799866
-0.70848548412323
-0.5038531422615051
-1.3606503009796143
-1.5069462060928345
0.06293165683746338
-0.033611685037612915
-0.048898763954639435
0.01987757906317711
-0.030733415856957436
-0.03568177670240402
-0.08281397074460983
-0.011826127767562866
0.04735832288861275
-0.009665959514677525
-0.009479719214141369
-0.012168537825345993
-0.007371510844677687
0.015151649713516235
0.006670671049505472
-0.0062948171980679035
-0.268576979637146
0.0387171171605587
0.16718719899654388
-0.360198438167572
-0.5010779500007629
0.08863665163516998
0.4914299249649048
0.13148173689842224
-0.4238196611404419
-0.30991268157958984
0.2836305797100067
-0.23371770977973938
-0.7640452980995178
-0.47753021121025085
-0.3122035264968872
-0.7494502067565918
-0.13600701093673706
0.11081889271736145
-0.34219440817832947
-0.9014579653739929
-0.34092310070991516
0.18246981501579285
-0.03337930142879486
-0.4130356013774872
-0.6207408905029297
-0.15904593467712402
-0.48252734541893005
-0.33464670181274414
-0.6312779188156128
-0.5898529887199402
-1.1906538009643555
-1.8026056289672852
-0.43984454870224
-0.19907298684120178
-0.21900209784507751
-0.8943210244178772
-0.5316451787948608
0.14553190767765045
0.09126783162355423
-0.33193469047546387
-0.8274043798446655
-0.09756705909967422
-0.20383015275001526
-0.4375627934932709
-0.7400628924369812
-0.4683369994163513
-0.4434009790420532
-1.2011951208114624
-0.378711998462677
-0.30957889556884766
-0.23388011753559113
-0.626639723777771
-0.40333178639411926
0.18453030288219452
0.10398905724287033
-0.13599802553653717
-0.6510464549064636
0.11779072135686874
0.35700735449790955
0.03015900030732155
-0.9595955014228821
-0.5179035067558289
-0.4455476701259613
-1.129576325416565
-0.033230897039175034
0.06472782790660858
0.027153316885232925
-0.025882963091135025
-0.0031459922902286053
-0.014598863199353218
0.03072909265756607
-0.08329527080059052
-0.0011850917944684625
-0.022188495844602585
-0.06376585364341736
-0.015439015813171864
0.013390302658081055
-0.06190973520278931
-0.02291765622794628
0.033627916127443314
-0.29494041204452515
-0.04254406690597534
-0.24009856581687927
-0.7261204719543457
-0.03960850462317467
0.23156309127807617
0.1719243973493576
-0.1821131855249405
-0.369552344083786
-0.108566515147686
0.046370819211006165
0.04728250950574875
-0.3652673065662384
-0.4012700021266937
-0.5612764954566956
-0.8642024993896484
-0.043948132544755936
-0.08469431102275848
-0.0023140734992921352
-0.6058832406997681
0.04674709215760231
0.3393477201461792
0.14207632839679718
-0.20514997839927673
0.11098110675811768
0.21130572259426117
0.1336793303489685
-0.17218071222305298
0.08719485253095627
0.14449442923069
0.46964579820632935
0.3097400367259979
-0.285701185464859
0.12321025878190994
-0.1117500439286232
-0.41575077176094055
-0.35700276494026184
0.21665044128894806
0.121239572763443
-0.02678663656115532
-0.5863853096961975
-0.12732061743736267
-0.1673527956008911
-0.16246190667152405
-0.6811842918395996
-0.2509569227695465
-0.6636751890182495
-1.6079176664352417
-0.39728108048439026
-0.10988020151853561
0.2522319257259369
-0.3641953766345978
-0.674440860748291
0.24344605207443237
0.4336099624633789
0.14894020557403564
-0.995538055896759
-0.30239033699035645
0.48756852746009827
0.13017834722995758
-1.0662139654159546
-0.6888424158096313
-0.45139646530151367
-0.825246274471283
-0.3937700092792511
-0.03717250004410744
0.32962843775749207
-0.187165766954422
-0.9517725110054016
0.12737900018692017
0.6187209486961365
0.09759359061717987
-1.4113599061965942
-0.29422464966773987
0.7261714935302734
0.11656375974416733
-1.1874587535858154
-0.5906419157981873
-0.2655943036079407
-0.945728063583374
0.028257103636860847
-0.026714952662587166
0.030125947669148445
0.0029785740189254284
0.049061380326747894
-0.0285449530929327
-0.04523604363203049
0.06030775234103203
0.04514070227742195
-0.06210782751441002
-0.04463646560907364
0.0394379124045372
-0.010136089287698269
-0.05921342223882675
0.06980939209461212
0.0563121922314167
0.02909420058131218
0.03178427740931511
-0.08242031931877136
0.006066689733415842
0.020059214904904366
-0.0014622504822909832
0.059831347316503525
0.016478683799505234
-0.018586305901408195
-0.08204184472560883
-0.07105064392089844
-0.04257974773645401
0.0004060887440573424
-0.04480181634426117
-0.06988184154033661
-0.007978224195539951
-0.18778258562088013
0.1185721829533577
-0.40704938769340515
-0.8028212785720825
-0.11606857925653458
0.36805346608161926
-0.10397284477949142
-0.6813572645187378
-0.603472113609314
0.06310459226369858
0.1936579942703247
-0.3311477303504944
-0.5676276683807373
-0.3835940659046173
-0.5480890274047852
-0.7140601277351379
-0.27886754274368286
-0.07933732122182846
0.07617950439453125
-0.3144642412662506
-0.08253754675388336
0.45659470558166504
0.37785741686820984
0.07750362902879715
-0.33948811888694763
0.106547512114048
0.40946337580680847
0.16738198697566986
-0.49745017290115356
-0.3824912905693054
-0.15922854840755463
-0.6912500262260437
0.01302405446767807
0.038374725729227066
0.15728937089443207
-0.15613293647766113
0.09955757111310959
0.6216474771499634
0.8915029168128967
0.531909704208374
0.37717172503471375
0.19046375155448914
1.237207055091858
0.7648452520370483
-0.0014880639500916004
-0.14460082352161407
0.12214504182338715
-0.13955020904541016
-0.2598704397678375
0.09984229505062103
-0.46590110659599304
-0.5413519740104675
-0.2841140925884247
0.20105868577957153
0.3053429424762726
0.17573285102844238
-0.5396163463592529
-0.4699763357639313
0.25558650493621826
0.1360207200050354
-0.7175342440605164
-0.416670560836792
-0.2815673053264618
-0.7864103317260742
-0.22686174511909485
-0.16036543250083923
0.09083372354507446
-0.6892417073249817
-0.2292345017194748
0.0961490124464035
0.4437933564186096
0.03882443904876709
-0.4193554222583771
-0.2858743965625763
0.0413435697555542
-0.24072416126728058
-0.692889392375946
-0.47601544857025146
-0.5949930548667908
-1.0491377115249634
-0.10331694036722183
-0.11830783635377884
0.02227233536541462
-0.0038262372836470604
0.07785675674676895
-0.07020200788974762
0.050273723900318146
0.023714276030659676
-0.08096478134393692
-0.029338525608181953
0.0441092774271965
-0.0018480286234989762
0.05420909821987152
0.00349066941998899
0.01042625866830349
-0.0015242620138451457
-0.09326263517141342
-0.10780266672372818
0.0784182921051979
-0.15818238258361816
-0.029923494905233383
0.737102746963501
0.7040015459060669
0.41660618782043457
-0.00858396664261818
0.3286748230457306
1.1056594848632812
0.5701262950897217
-0.2815033793449402
-0.18532566726207733
0.09737765043973923
-0.06983158737421036
0.10000971704721451
-0.050304438918828964
0.058549512177705765
0.022834163159132004
-0.056234411895275116
-0.027390604838728905
0.0012217062758281827
-0.013809782452881336
-0.006084494758397341
0.01690857484936714
-0.043370477855205536
-0.02400612086057663
0.03477850556373596
0.10575898736715317
-0.027627814561128616
-0.04793565347790718
-0.22307270765304565
0.08618824183940887
-0.0025322188157588243
-0.3407312035560608
-0.3860926330089569
0.2799961566925049
0.27090197801589966
0.05686992406845093
-0.5034136772155762
-0.5279083847999573
-0.04007871448993683
-0.17351041734218597
-0.6038408279418945
-0.09743878990411758
-0.9313229322433472
-1.0703203678131104
-0.3119194805622101
0.07055272907018661
0.2993355095386505
-0.22049294412136078
-0.39734071493148804
0.3284687399864197
0.6181505918502808
0.5374444127082825
-0.22078882157802582
-0.13978081941604614
0.5172397494316101
0.21375903487205505
-0.4833327829837799
-0.29340824484825134
-0.18708911538124084
-0.3633190095424652
-0.05535433813929558
-0.22971659898757935
-0.13280896842479706
0.21201954782009125
0.16856372356414795
-0.3068656027317047
-0.40671125054359436
-0.2020299732685089
-0.03424752131104469
-0.2851596176624298
-0.6677690148353577
-0.40669727325439453
0.23641356825828552
-0.12930646538734436
-0.31741437315940857
-0.04749058559536934
0.020452182739973068
0.07338958233594894
-0.04183046147227287
-0.014162518084049225
-0.03881257772445679
0.0391601026058197
0.02034573443233967
-0.009386584162712097
0.012113451957702637
0.06850911676883698
0.009297003969550133
0.09699860960245132
0.06286951154470444
-0.006128443405032158
-0.01176351960748434
-0.004782495554536581
-0.16129542887210846
-0.11267061531543732
0.21955886483192444
0.4698764681816101
-0.03256142884492874
-0.28954702615737915
-0.23092815279960632
-0.24604450166225433
-0.03580561652779579
-0.4538879692554474
-0.6210299134254456
-0.46781206130981445
0.00032751134131103754
-0.2203536480665207
-0.5677887797355652
0.4344522953033447
-0.15447236597537994
-0.2993549108505249
0.06611286103725433
0.18838101625442505
-0.16021905839443207
-0.4248913526535034
-0.3694387674331665
-0.210223987698555
-0.28155654668807983
-0.3273419141769409
-0.359735369682312
-0.25787675380706787
0.05487033352255821
-0.17244844138622284
-0.5536031723022461
-0.34389764070510864
-0.1690007895231247
-0.24459369480609894
0.028163589537143707
0.44851869344711304
-0.09999876469373703
-0.266504168510437
-0.23123522102832794
-0.19576190412044525
-0.3723055124282837
-0.3064514100551605
-0.5150843858718872
-0.3460693955421448
0.09933805465698242
-0.33688175678253174
-0.5148720741271973
0.039352018386125565
0.13764941692352295
-0.0640169158577919
0.5629526376724243
0.49730294942855835
0.09676311910152435
0.015327401459217072
0.15233266353607178
0.3309900164604187
0.32801732420921326
-0.20343995094299316
-0.46717020869255066
-0.1699943244457245
0.2869582176208496
0.1338510662317276
0.3529644310474396
1.2290024757385254
-0.1253391057252884
-0.17566733062267303
0.02833930030465126
0.39551272988319397
-0.12918128073215485
-0.35340937972068787
-0.3269304633140564
-0.04966474696993828
-0.2737138569355011
-0.2557288110256195
-0.46187931299209595
-0.4293208420276642
0.056124232709407806
-0.36677175760269165
-0.4723396897315979
0.062107302248477936
0.0018733529141172767
0.01959856040775776
0.029113303869962692
-0.06135397404432297
-0.003467216622084379
-0.004657534882426262
0.017956174910068512
0.011872007511556149
-0.06596101820468903
-0.026378992944955826
-0.006540365517139435
0.00274243438616395
0.008770525455474854
-0.0551624596118927
-0.06541286408901215
0.06071028858423233
-0.023357676342129707
-0.12275286018848419
0.10866845399141312
0.19001621007919312
0.36977681517601013
-0.05649346485733986
0.05276970565319061
0.3030441999435425
0.414193719625473
0.4083337187767029
0.47304439544677734
0.6334642767906189
0.40817371010780334
0.1978008896112442
0.6293960213661194
0.8523543477058411
0.11127335578203201
-0.043630436062812805
-0.011584439314901829
-0.05442541465163231
0.025871524587273598
0.015389194712042809
0.0069319033063948154
0.03471752628684044
0.08878125250339508
-0.05081330984830856
0.05297159031033516
-0.0068088797852396965
-0.024609947577118874
0.05014090985059738
0.040143560618162155
0.041409820318222046
0.04797765985131264
-0.34235110878944397
-0.16969533264636993
-0.17190971970558167
0.37860068678855896
0.11012663692235947
-0.3889143764972687
-0.20756860077381134
0.29154306650161743
0.281051367521286
0.2157009392976761
0.20028595626354218
0.5447654724121094
0.10285037755966187
-0.005054052919149399
0.23215144872665405
0.035263098776340485
-0.06499039381742477
0.10110146552324295
0.1591983586549759
0.37887129187583923
-0.13256418704986572
0.024351367726922035
0.269276887178421
0.4110502600669861
0.5059897899627686
0.4559803009033203
0.6080663800239563
0.460820734500885
0.23635606467723846
0.5276457667350769
1.1138635873794556
0.14755003154277802
-0.12116094678640366
0.3182838261127472
0.17924217879772186
0.4554978311061859
0.07077333331108093
0.10413194447755814
0.28763699531555176
0.5258615612983704
0.13925030827522278
0.1644527167081833
0.393431156873703
0.4715849459171295
0.382216215133667
0.1552792489528656
0.736530065536499
0.25029364228248596
-0.034258995205163956
0.4376736879348755
0.06937908381223679
0.39422667026519775
0.07906004041433334
0.14997738599777222
0.0733100026845932
0.4917372167110443
-0.12715032696723938
-0.09403377771377563
-0.10997878015041351
0.742428183555603
0.32576948404312134
-0.11819551885128021
0.5149361491203308
-0.013663669116795063
0.028181355446577072
-0.030555108562111855
0.03254694864153862
0.02324281446635723
-0.018419036641716957
0.00021945890330243856
0.039701417088508606
-0.0224958136677742
0.07285217195749283
-0.022679632529616356
-0.07964592427015305
-0.020359855145215988
-0.011209606193006039
0.041740234941244125
0.010014163330197334
0.027832668274641037
-0.06357751786708832
0.5036401748657227
0.31965968012809753
0.03138810023665428
0.12204383313655853
0.1673145443201065
0.1986178308725357
0.2920449376106262
-0.16500124335289001
-0.4828210473060608
-0.10797538608312607
0.22975169122219086
0.3044458031654358
0.14575491845607758
0.778520405292511
-0.17048190534114838
0.16403941810131073
0.1869342029094696
0.36260247230529785
-0.1921319216489792
-0.1267346888780594
-0.1937040239572525
0.29710087180137634
-0.07541494816541672
-0.17670994997024536
-0.1728447675704956
0.09012146294116974
-0.035221729427576065
-0.456319659948349
-0.515659511089325
-0.19211886823177338
0.030873918905854225
-0.09624629467725754
-0.0508221834897995
-0.10933459550142288
0.5034816265106201
-0.14660128951072693
-0.06464551389217377
0.12018676847219467
0.4305252134799957
0.3069989085197449
0.09696396440267563
0.2761635482311249
0.5164188742637634
-0.04464687779545784
-0.1615782529115677
0.601682186126709
0.2035147100687027
-0.379826158285141
-0.07949303835630417
-0.14861249923706055
0.547415554523468
0.004608034621924162
-0.15414485335350037
-0.18914133310317993
0.7484983801841736
0.3003336787223816
0.021881718188524246
-0.3228245973587036
0.7637302279472351
0.23434391617774963
0.05901215597987175
-0.11936973035335541
0.1285824030637741
-0.276333212852478
-0.17740406095981598
-0.16975031793117523
0.6810962557792664
0.15029005706310272
-0.44200295209884644
-0.05318426340818405
1.1249382495880127
0.2652508318424225
-0.041752398014068604
-0.3409498333930969
0.8207073211669922
0.13459278643131256
-0.1964929848909378
-0.32335662841796875
0.01168320793658495
0.10630597174167633
0.028870537877082825
-0.06936676055192947
0.02595241367816925
0.004831870552152395
-0.014451507478952408
0.021249478682875633
-0.03784574940800667
0.020462682470679283
-0.025543134659528732
-0.016750626266002655
0.055705539882183075
0.09792698919773102
-0.05143807455897331
-0.03362716734409332
0.011166082695126534
0.037594813853502274
-0.038686301559209824
-0.043838486075401306
-0.04326597973704338
-0.004511326551437378
-0.007980510592460632
0.014135600067675114
0.037498556077480316
0.06409447640180588
0.02590707130730152
0.012794990092515945
-0.04636501893401146
0.008038679137825966
-0.013627378270030022
0.038402944803237915
-0.10022003203630447
-0.13520987331867218
0.3956993520259857
0.3187747299671173
0.10055739432573318
-0.4376260042190552
0.14779675006866455
0.48684561252593994
0.4342660903930664
0.003120498964563012
-0.31884074211120605
0.35310205817222595
0.21687832474708557
0.05273814499378204
0.29473569989204407
0.6556327939033508
0.05056548863649368
-0.07233432680368423
0.1718023270368576
-0.16524653136730194
0.035976700484752655
-0.12979072332382202
0.031224973499774933
-0.06676063686609268
0.28048351407051086
-0.16321903467178345
-0.20143307745456696
-0.09922561794519424
0.20869599282741547
0.1077953353524208
-0.33542975783348083
0.7215455770492554
-0.15681146085262299
-0.17624741792678833
0.005138231907039881
0.25906136631965637
-0.11058127135038376
-0.43899643421173096
-0.3595580756664276
-0.23476175963878632
-0.058564141392707825
-0.33456912636756897
-0.6287729144096375
-0.640383780002594
0.026538973674178123
-0.14214904606342316
-0.47848421335220337
-0.13521309196949005
0.16372467577457428
-0.2665936052799225
0.3195441663265228
0.27160391211509705
0.2663425803184509
-0.09765572100877762
-0.0540146566927433
0.005031396169215441
0.48276787996292114
0.5587093830108643
-0.15588127076625824
0.3197954297065735
0.6915082335472107
0.2602323889732361
-0.052648141980171204
0.8389051556587219
-0.002158126328140497
-0.2714550495147705
0.12630410492420197
-0.16052240133285522
0.22288835048675537
-0.009128229692578316
-0.15029096603393555
0.03228598088026047
0.33751773834228516
0.1591426134109497
0.36334332823753357
0.19039860367774963
0.4315836727619171
0.21405214071273804
-0.01035142969340086
1.0268360376358032
0.09949322789907455
-0.028544368222355843
0.02200310491025448
-0.035056374967098236
0.0005662549519911408
-0.032721929252147675
-0.03058011457324028
-0.004696916323155165
0.03740259259939194
-0.04308886453509331
0.02999180555343628
0.04696954786777496
-0.006187100429087877
0.06100420281291008
-0.05487370491027832
-0.004232051316648722
-0.11008201539516449
-0.24987608194351196
0.09111889451742172
0.4025270342826843
0.04496673867106438
-0.4113936126232147
-0.33079811930656433
-0.09996488690376282
-0.002083837054669857
-0.33740630745887756
-0.5858427882194519
-0.502485454082489
0.1620979905128479
-0.0801321268081665
-0.34297341108322144
-0.1192430779337883
-0.008906536735594273
-0.005273730028420687
0.006312147714197636
0.005461812485009432
0.0010485164821147919
0.03355075791478157
-0.013036832213401794
0.04358218237757683
0.01882302388548851
0.024959580972790718
-0.0699528232216835
0.057116229087114334
-0.06480694562196732
-0.017062615603208542
0.01735207997262478
-0.0001393335114698857
0.04697299003601074
-0.3018515110015869
-0.2535380721092224
0.018671419471502304
0.3809312582015991
-0.32774490118026733
-0.2511487603187561
-0.03969087079167366
0.3107374310493469
0.48969441652297974
0.16558009386062622
0.210847869515419
0.5421724915504456
-0.20453137159347534
0.049932677298784256
0.7551906704902649
0.022244004532694817
-0.3436391353607178
-0.49389830231666565
-0.2192521095275879
0.4220978319644928
0.026722097769379616
-0.41502645611763
-0.19476479291915894
0.19107624888420105
0.2224266082048416
0.0461619570851326
-0.242864191532135
0.4629542827606201
-0.056807950139045715
-0.18882957100868225
-0.46369460225105286
-0.043886128813028336
-0.19428835809230804
-0.18132781982421875
-0.004257062450051308
0.0770241916179657
-0.3290555477142334
-0.2879689931869507
-0.07990115880966187
-0.02349545620381832
-0.17439444363117218
-0.5299837589263916
-0.6860697269439697
0.13822895288467407
-0.0713747888803482
-0.08761106431484222
0.07106349617242813
-0.039239026606082916
-0.06097736582159996
-0.0051256888546049595
-0.06996694207191467
-0.10392925888299942
-0.044778332114219666
0.025948023423552513
0.04977143555879593
-0.026380646973848343
-0.01154417172074318
-0.012711552903056145
-0.008704714477062225
0.028203340247273445
0.03446943685412407
-0.06976379454135895
0.02030760608613491
-0.21539060771465302
-0.1708398163318634
0.06813158839941025
0.2382318377494812
-0.0858129933476448
-0.28525111079216003
-0.24893908202648163
-0.19546525180339813
0.03682589903473854
-0.35039177536964417
-0.4858854115009308
-0.5063892006874084
-0.05892346799373627
-0.026499466970562935
-0.12018860876560211
0.3886447548866272
-0.17244592308998108
-0.2996596097946167
-0.11446228623390198
-0.035567015409469604
-0.1254376918077469
-0.42621323466300964
-0.23689554631710052
-0.06036469340324402
-0.21300289034843445
-0.39341145753860474
-0.11469106376171112
-0.3918514549732208
-0.04258192330598831
-0.11361105740070343
-0.16038623452186584
-0.020053120329976082
-0.15346834063529968
-0.015425976365804672
-0.06113734841346741
0.019587218761444092
-0.1677582710981369
-0.27992933988571167
-0.1515468955039978
-0.08490971475839615
-0.29213351011276245
-0.27074503898620605
-0.28580182790756226
-0.4309624135494232
0.016263248398900032
-0.2541871964931488
-0.25342991948127747
0.3084743618965149
0.017857395112514496
0.009339963085949421
0.2892467975616455
1.1364177465438843
0.09421975165605545
-0.10400716960430145
0.030363433063030243
0.3518607020378113
0.28825780749320984
-0.05891379341483116
-0.37733715772628784
-0.04904239624738693
0.22114197909832
0.22045479714870453
0.623412549495697
1.4274150133132935
-0.2545565068721771
-0.15204645693302155
-0.12115171551704407
0.084366075694561
-0.23857691884040833
-0.2290424108505249
-0.25031423568725586
-0.1235453188419342
-0.2495299130678177
-0.27432408928871155
-0.39187315106391907
-0.5572636723518372
-0.05952360853552818
-0.18416261672973633
-0.09941039234399796
0.29222002625465393
-0.010920754633843899
-0.001983568537980318
0.08117099106311798
0.049481332302093506
0.03169626742601395
0.07371138781309128
0.0029275231063365936
-0.007477716077119112
0.03659979626536369
-0.06861049681901932
0.026392044499516487
0.04353265464305878
-0.03327915444970131
-0.07079368829727173
0.0362250842154026
-0.04335639625787735
0.0649346262216568
-0.07324811816215515
0.5267533659934998
0.4759330451488495
0.24186556041240692
-0.05950142443180084
0.023779701441526413
0.3099627196788788
0.3917003273963928
0.22532907128334045
0.36444559693336487
0.575513482093811
0.5217480659484863
0.4050459861755371
1.0632245540618896
1.1265450716018677
0.011042547412216663
0.040275298058986664
-0.10102076828479767
-0.04724055156111717
-0.002539859153330326
-0.04322172701358795
0.019998328760266304
-0.03222363442182541
-0.015621726401150227
-0.032670505344867706
0.01391400583088398
-0.08611618727445602
0.057859692722558975
0.019633324816823006
-0.06279421597719193
-0.058351028710603714
0.021132973954081535
-0.25714045763015747
-0.09889507293701172
0.0012825203593820333
0.4472419023513794
0.18583758175373077
-0.2805655598640442
-0.1731317788362503
0.4196321666240692
0.2996159791946411
-0.2790403962135315
0.03674163669347763
0.4914628565311432
0.18916325271129608
0.2005888819694519
0.6694446802139282
0.06702996045351028
-0.13257068395614624
0.4062550961971283
0.53237384557724
0.2646435499191284
0.08284313976764679
-0.03763752430677414
0.20001259446144104
0.3725714385509491
0.34036508202552795
0.3504120409488678
0.5513464212417603
0.47308769822120667
0.34650883078575134
1.0020281076431274
1.388993263244629
0.23326100409030914
0.011585297994315624
0.14514882862567902
0.7898727655410767
0.34824565052986145
0.13297198712825775
0.08073953539133072
0.295406311750412
0.5635486245155334
0.3982524573802948
-0.33683863282203674
0.344673216342926
0.5067126154899597
0.44276270270347595
0.6375463604927063
1.3717129230499268
0.05523562803864479
-0.020178446546196938
0.35579270124435425
0.6047680974006653
0.35243940353393555
0.0949157327413559
-0.011245994828641415
-0.005318769253790379
0.5699030756950378
0.1188008040189743
-0.21567422151565552
-0.11386861652135849
0.6827065944671631
0.480027973651886
0.26000601053237915
0.6460613012313843
-0.047169897705316544
-0.06534762680530548
0.08229032903909683
-0.03699870407581329
-0.07735208421945572
-0.056501295417547226
-0.0877142921090126
0.03128470107913017
-0.009264309890568256
0.06199561059474945
0.05821678414940834
0.023366836830973625
0.025151632726192474
-0.02379409782588482
0.011745947413146496
-0.07363835722208023
0.043541911989450455
0.020544854924082756
0.21211332082748413
0.8219334483146667
-0.039960335940122604
-0.13256703317165375
0.18289805948734283
0.1545799821615219
0.29246339201927185
0.055559877306222916
-0.3771685063838959
-0.12136396765708923
0.23093441128730774
0.30086615681648254
0.4611216187477112
1.1256837844848633
-0.18007497489452362
0.23127101361751556
-0.02285502664744854
0.24685430526733398
-0.14406044781208038
-0.29695552587509155
-0.09191612899303436
0.3653953969478607
-0.09872142225503922
-0.2907739281654358
-0.17022116482257843
-0.21003709733486176
-0.08119861781597137
-0.26419174671173096
-0.36898383498191833
-0.24909861385822296
0.13549008965492249
-0.07458966225385666
0.19180244207382202
0.014433237724006176
0.4113166630268097
-0.09304703772068024
-0.08313917368650436
0.06749732792377472
0.3731934130191803
0.2210550308227539
-0.10276154428720474
0.22422190010547638
0.5248781442642212
0.12850596010684967
0.3838365972042084
0.9791006445884705
0.08860806375741959
-0.2562705874443054
-0.2241079956293106
0.06373811513185501
0.5353078842163086
-0.06956206262111664
-0.3253485858440399
-0.1457444131374359
0.8208894729614258
0.4544636607170105
-0.4701911211013794
-0.37127548456192017
0.7464166879653931
0.35662978887557983
0.42634081840515137
0.5702320337295532
0.13243582844734192
-0.16551290452480316
-0.21567654609680176
-0.09283449500799179
0.6536471843719482
0.1398400068283081
-0.4387194812297821
-0.11069239675998688
1.1341627836227417
0.3474295139312744
-0.39501625299453735
-0.512023389339447
0.7254628539085388
0.2866533100605011
-0.028652561828494072
0.2608960270881653
0.03457000106573105
0.023071955889463425
0.03847114369273186
0.04594399780035019
-0.0548265315592289
-0.006858140230178833
0.024164823815226555
-0.017346644774079323
0.032961197197437286
0.0064577762968838215
0.0787820965051651
-0.04599008709192276
0.02080126293003559
-0.03250543400645256
-0.013875044882297516
0.011444047093391418
0.07220634073019028
0.02989393286406994
-0.04848635569214821
-0.028074225410819054
-0.037820830941200256
-0.013862968422472477
0.0825580283999443
-0.04529205709695816
0.0011251644464209676
0.02168581448495388
0.02797176130115986
-0.041048046201467514
0.01547740027308464
0.03900439292192459
0.08127070963382721
-0.005252225790172815
0.0027042690198868513
-0.039778344333171844
0.3537682592868805
0.5634185075759888
0.11314402520656586
-0.4666231572628021
0.05050354823470116
0.277944952249527
0.29729437828063965
-0.3620089590549469
-0.2555641233921051
0.31922224164009094
0.28727683424949646
0.14077287912368774
0.7143452763557434
0.7148721814155579
-0.03211953490972519
0.021610036492347717
-0.06331294775009155
0.1683237999677658
-0.03539225831627846
-0.16046160459518433
-0.06424403935670853
-0.049444545060396194
0.3493303656578064
0.09021008014678955
-0.3416954278945923
-0.13726875185966492
0.29879647493362427
0.2571852505207062
0.10978822410106659
0.9131027460098267
-0.14433486759662628
-0.2139303982257843
-0.12346494942903519
0.11136331409215927
-0.18850447237491608
-0.4324429929256439
-0.29776620864868164
-0.09232503175735474
-0.15313270688056946
-0.19393204152584076
-0.47834348678588867
-0.6465474963188171
0.035393256694078445
-0.12015262246131897
-0.1353328377008438
-0.01310214027762413
0.10661334544420242
-0.2458217591047287
0.4804336428642273
0.5369954109191895
0.3238667845726013
-0.0055657303892076015
-0.008907905779778957
-0.08721408993005753
0.39472338557243347
0.3578926622867584
-0.3310803472995758
0.21511586010456085
0.6030015349388123
0.4732399582862854
0.35567572712898254
1.0989329814910889
-0.015341476537287235
-0.27573317289352417
0.08946958184242249
0.08965522795915604
0.09924624115228653
-0.002838903572410345
-0.1892908811569214
0.019179370254278183
0.42984986305236816
0.3827217221260071
0.22846202552318573
0.07701995223760605
0.49259281158447266
0.30553144216537476
0.4455043375492096
1.241921305656433
-0.05728539079427719
-0.06093462556600571
-0.012901402078568935
-0.05957586690783501
0.033678676933050156
0.02650664746761322
-0.05746002495288849
-0.016113033518195152
0.008921045809984207
0.054678596556186676
-0.025376180186867714
-0.017094245180487633
-0.04772341996431351
0.008094275370240211
-0.009748202748596668
0.021179448813199997
-0.07649564743041992
-0.17001888155937195
-0.10087117552757263
0.23243804275989532
0.17497356235980988
-0.45417776703834534
-0.22006283700466156
-0.20923146605491638
0.028448209166526794
-0.3748783767223358
-0.6951788067817688
-0.5012786388397217
0.05828553065657616
-0.07308511435985565
-0.19441893696784973
0.3161877691745758
-0.02991986833512783
0.01449150312691927
-0.00921605248004198
-0.02217155136168003
-0.01765727996826172
-0.04604555666446686
-0.05255088582634926
0.04591398686170578
-0.021445220336318016
-0.027321675792336464
-0.03661615774035454
0.0034358601551502943
3.172793367411941e-05
0.04976612702012062
0.09500771015882492
-0.070731520652771
-0.029136650264263153
-0.1816123127937317
-0.062112729996442795
-0.12422545999288559
0.30258598923683167
-0.26483219861984253
-0.21603915095329285
-0.050891101360321045
0.2125338912010193
0.26939657330513
-0.2189355194568634
0.16049998998641968
0.4517902433872223
-0.037600304931402206
0.543187141418457
0.9786264300346375
0.03649429604411125
-0.2362036556005478
-0.3758164048194885
-0.015648985281586647
0.24480319023132324
-0.02738172747194767
-0.42481595277786255
-0.19801129400730133
0.1254194974899292
0.3218991458415985
-0.21331334114074707
-0.4308016896247864
0.3880475163459778
0.10411343723535538
0.270778089761734
0.05256382375955582
0.013962768018245697
-0.2550716996192932
-0.08449661731719971
0.07491609454154968
0.0011574052041396499
-0.3201459050178528
-0.15689732134342194
-0.20816536247730255
-0.3632034361362457
-0.4935442805290222
-0.5180667042732239
-0.40058061480522156
-0.2005089670419693
-0.11279261857271194
-0.2101842164993286
-0.39838308095932007
-0.006706409156322479
0.013232966884970665
0.0035140991676598787
-0.009545180015265942
0.04126215726137161
-0.021122274920344353
-0.004030431620776653
0.03589652478694916
0.028291672468185425
0.10546091943979263
0.054011132568120956
-0.09530828148126602
0.03294230252504349
0.07285746186971664
0.057132113724946976
0.04900795593857765
-0.17961665987968445
-0.1887267529964447
0.010197274386882782
0.29637840390205383
-0.03341102600097656
-0.43397876620292664
-0.11870188266038895
-0.21015197038650513
-0.375159353017807
-0.7130267024040222
-0.36101576685905457
-0.12079647183418274
-0.2389315962791443
-0.15209974348545074
-0.30881059169769287
0.3394719064235687
-0.17716450989246368
-0.2844911813735962
-0.13127702474594116
0.012177800759673119
-0.05598698928952217
-0.4612407386302948
-0.3269442319869995
-0.13505256175994873
-0.3685026168823242
-0.35845720767974854
-0.12607254087924957
-0.06180807575583458
-0.22529885172843933
-0.21786877512931824
-0.49582651257514954
-0.6808831691741943
-0.11396655440330505
-0.1761476695537567
0.018530348315835
0.24389910697937012
-0.05334428325295448
-0.3311973810195923
-0.18164576590061188
-0.26266002655029297
-0.30792906880378723
-0.4624800980091095
-0.24400310218334198
-0.2133708894252777
-0.2361895740032196
-0.15317682921886444
-0.5694375038146973
-0.35128068923950195
0.04842807725071907
0.0160694420337677
0.36075901985168457
0.807996392250061
0.043138597160577774
0.03356701508164406
-0.032288528978824615
0.22001975774765015
-0.21765956282615662
-0.27175235748291016
-0.32181209325790405
0.2736695110797882
-0.139118030667305
-0.2062837779521942
0.4800858497619629
0.9968398809432983
-0.23226363956928253
-0.26720571517944336
-0.07670340687036514
0.24725110828876495
-0.01954018510878086
-0.3925037086009979
-0.2420109063386917
-0.132694810628891
-0.4054639935493469
-0.49330970644950867
-0.2863636314868927
-0.2575981020927429
-0.34966522455215454
-0.2381848245859146
-0.45196306705474854
-0.39826568961143494
0.007857182063162327
0.04565315321087837
0.0072535015642642975
-0.022302791476249695
-0.00254315254278481
-0.007075585890561342
0.03710215538740158
0.13119778037071228
0.06316668540239334
-0.023296335712075233
0.058715373277664185
0.014220688492059708
0.07678677886724472
-0.0039291526190936565
-0.07198204100131989
0.008573119528591633
0.11156459152698517
-0.1699432134628296
0.08255866169929504
0.23434872925281525
-0.2085377275943756
0.05374225601553917
0.13828201591968536
0.2869468629360199
0.07352729141712189
0.4515354335308075
0.5724998116493225
0.630524218082428
0.32934725284576416
0.11986146867275238
0.7294268012046814
0.5862715840339661
-0.0933101624250412
-0.004220150876790285
-0.06910332292318344
-0.00763401435688138
-0.06555753201246262
-0.031235674396157265
-0.03553476929664612
0.01466311328113079
-0.021175917237997055
-0.07797715812921524
0.008604032918810844
0.01456849928945303
-0.03940333425998688
0.013964932411909103
-0.021561291068792343
0.006326266098767519
0.1541864573955536
-0.26760879158973694
-0.20778033137321472
-0.13868609070777893
0.04033007100224495
0.05271732434630394
-0.07953383773565292
-0.25456705689430237
-0.05053884908556938
0.09186796098947525
0.05615564435720444
0.20362643897533417
-0.02767290361225605
0.0020122043788433075
0.08136648684740067
-0.04579446464776993
0.12224939465522766
-0.1719154268503189
0.07108083367347717
0.24328173696994781
0.005099885165691376
-0.05906536430120468
0.15075606107711792
0.151552215218544
-0.025732070207595825
0.47274109721183777
0.6617289185523987
0.5169477462768555
0.08690467476844788
0.0717071145772934
0.6637770533561707
0.8037118315696716
0.40589916706085205
-0.00890421960502863
0.043930988758802414
0.3955519199371338
0.13429568707942963
0.12263224273920059
0.13786153495311737
0.25283846259117126
0.11151639372110367
0.22187884151935577
0.01985006220638752
0.6220654249191284
0.02281678095459938
-0.06126609444618225
0.6048277616500854
0.7225456237792969
0.3317786157131195
0.09063227474689484
0.3785554766654968
0.02524281106889248
-0.08419369906187057
-0.01705402135848999
0.2016039490699768
0.20195600390434265
0.04877616837620735
0.048945799469947815
-0.02751903049647808
0.12350178509950638
0.1437157690525055
-0.06906811147928238
0.0751291885972023
0.5229021310806274
0.017002670094370842
0.004564965143799782
0.05547907575964928
-0.12726645171642303
-0.014504845254123211
-0.04338992014527321
-0.04945627972483635
-0.06731478124856949
-0.026486635208129883
0.13795311748981476
-0.014867516234517097
0.060838356614112854
-0.10461414605379105
-0.036285530775785446
-0.07431555539369583
0.05406326428055763
0.19496172666549683
-0.05879231542348862
0.1516977846622467
0.5726481676101685
-0.044392868876457214
0.046262484043836594
0.19662277400493622
0.145657017827034
-0.1933334320783615
-0.2295018881559372
-0.2872307300567627
0.3287810683250427
-0.13130123913288116
-0.22662806510925293
0.3006614148616791
0.6155513525009155
-0.12200864404439926
0.12811307609081268
0.29196470975875854
0.3760069012641907
-0.03215213119983673
-0.1792699545621872
-0.03495370224118233
0.26144975423812866
-0.05755951628088951
-0.372881144285202
-0.10593079030513763
0.09869053214788437
-0.04066766798496246
-0.21861663460731506
-0.6294611096382141
-0.2956236004829407
0.1088642030954361
-0.1316939890384674
-0.09920410066843033
-0.16690313816070557
0.16919004917144775
-0.03784129396080971
0.0525406152009964
0.048452652990818024
0.05662234500050545
0.2777109444141388
0.12857893109321594
0.15758366882801056
0.0895405262708664
-0.11618340015411377
0.1339510977268219
0.38246503472328186
0.26259109377861023
-0.09089698642492294
-0.15710826218128204
-0.2874640226364136
0.013563696295022964
-0.1251228153705597
-0.09977634996175766
-0.12286357581615448
0.09662256389856339
0.25480136275291443
-0.1340581774711609
-0.008762070909142494
0.0888638123869896
0.1398719996213913
0.13352756202220917
-0.04265069216489792
0.21994931995868683
-0.12231676280498505
-0.20802652835845947
-0.38267433643341064
0.20335085690021515
-0.0344727598130703
-0.11125132441520691
-0.06783702969551086
0.30694714188575745
0.12953518331050873
-0.17014364898204803
0.04686794802546501
0.053837619721889496
0.20190675556659698
-0.07785703986883163
-0.3454553186893463
-0.0024352422915399075
0.04171888157725334
0.002822898095473647
-0.043698035180568695
-0.05403988063335419
-0.031234905123710632
0.04964260756969452
0.011728720739483833
-0.0679275244474411
-0.045778125524520874
0.033074751496315
0.02313537709414959
-0.00972815603017807
0.053110137581825256
0.010701780207455158
-0.06801218539476395
0.00569339981302619
-0.022152738645672798
-0.004497253801673651
-0.042836908251047134
-0.036470673978328705
-0.00907941721379757
0.12887024879455566
0.07771085202693939
-0.039532165974378586
-0.05541370064020157
-0.035467345267534256
-0.0015178476460278034
-0.062279533594846725
-0.0696057453751564
0.042109109461307526
-0.026943350210785866
0.14427484571933746
-0.15038277208805084
0.09967135637998581
0.4429367482662201
0.11483865976333618
-0.2014831155538559
0.038754355162382126
0.36593112349510193
0.08174299448728561
-0.03710496798157692
0.0001719531137496233
0.2964524030685425
0.2990342974662781
-0.025760384276509285
0.4577130973339081
0.47456201910972595
0.13023295998573303
-0.05014042928814888
0.138872891664505
-0.16893015801906586
0.028104746714234352
-0.19088895618915558
-0.09416037052869797
0.053554825484752655
-0.1854427307844162
-0.1903989464044571
-0.16552431881427765
0.10325981676578522
-0.17883802950382233
-0.33717143535614014
0.09133685380220413
0.3895576596260071
-0.21738319098949432
-0.21168677508831024
-0.1083594262599945
0.2138848900794983
-0.06580996513366699
-0.5046766996383667
-0.14706096053123474
-0.07720302790403366
-0.3403792679309845
-0.4803697466850281
-0.4281998574733734
-0.3272692859172821
-0.29101547598838806
-0.18803799152374268
-0.39498406648635864
-0.3558184802532196
0.15633928775787354
-0.19934013485908508
0.2967331111431122
0.2077607661485672
0.01556810736656189
-0.06971161812543869
0.029466532170772552
-0.007948312908411026
-0.0729890689253807
0.5414901971817017
-0.27148544788360596
0.35997506976127625
-0.07415700703859329
0.06654053926467896
0.1806861311197281
0.6837215423583984
0.05555037036538124
-0.10590295493602753
0.026361679658293724
-0.05843716114759445
-0.06375783681869507
-0.07810205221176147
-0.01412960421293974
-0.03111325204372406
-0.13215839862823486
0.2545611560344696
0.18426688015460968
0.34731167554855347
0.07613745331764221
-0.07848585397005081
0.20150475203990936
0.6605082154273987
-0.04992891475558281
0.03686133772134781
-0.07020089775323868
-0.01406136155128479
-0.05761396139860153
-0.0860663577914238
0.02606884390115738
-0.07458887994289398
0.046229612082242966
-0.01345648244023323
0.02528361976146698
0.08823051303625107
0.020083125680685043
0.05028216540813446
-0.019002968445420265
0.10293975472450256
-0.15591076016426086
-0.1651793271303177
0.0019348692148923874
0.12840691208839417
-0.01366942934691906
-0.43577948212623596
-0.0077370330691337585
-0.11444409936666489
-0.1755223572254181
-0.4500887393951416
-0.4339793920516968
-0.2663576006889343
-0.2398225963115692
-0.15528669953346252
-0.5229026675224304
-0.042007967829704285
0.05476878210902214
-0.05605696886777878
0.016800235956907272
0.015706101432442665
-0.005804105196148157
-0.056883230805397034
0.0708528608083725
-0.04588394612073898
0.028555497527122498
0.03978782147169113
-0.052383098751306534
0.02072644606232643
0.021930670365691185
0.04654693230986595
-0.035831984132528305
-0.03929742053151131
0.10901027917861938
-0.29414132237434387
-0.3607523441314697
-0.10418623685836792
-0.05001940578222275
-0.2645352780818939
-0.09592056274414062
-0.07355786859989166
-0.08748630434274673
0.34051933884620667
0.15518644452095032
0.21677345037460327
0.0370684452354908
-0.012527714483439922
0.22349071502685547
0.39825570583343506
0.09389137476682663
-0.22081118822097778
-0.43667954206466675
-0.28791165351867676
0.020360348746180534
-0.1984267234802246
-0.0852290689945221
-0.20657607913017273
-0.11902888864278793
0.20484499633312225
0.018014460802078247
-0.027186384424567223
-0.05964048579335213
0.03937431797385216
0.1528841257095337
-0.5521085262298584
-0.07999749481678009
-0.3098551332950592
-0.1918284147977829
0.058754175901412964
0.08659034222364426
-0.2958243489265442
-0.2563353478908539
-0.12054456025362015
-0.1922336369752884
-0.31487393379211426
-0.5608757734298706
-0.6144756078720093
-0.11099260300397873
-0.20582818984985352
-0.3377898335456848
0.034984324127435684
-0.04451485350728035
-0.04252462834119797
-0.034871239215135574
0.01991622895002365
-0.037422191351652145
-0.06422621011734009
0.03990527614951134
-0.026003550738096237
-0.006164803635329008
0.03221539407968521
-0.03435518220067024
0.013659496791660786
-0.007835972122848034
-0.024557318538427353
0.011496385559439659
0.027005255222320557
-0.13172560930252075
-0.026754915714263916
0.1177016943693161
0.11517397314310074
0.037604160606861115
-0.3044392466545105
-0.2129298597574234
-0.15278419852256775
-0.3457750678062439
-0.37259823083877563
-0.5078348517417908
-0.5066511034965515
-0.3185965120792389
-0.21024012565612793
-0.421875536441803
0.3757278621196747
-0.21952378749847412
-0.22611290216445923
-0.08800051361322403
-0.04204078018665314
0.017286233603954315
-0.43082982301712036
-0.1967097818851471
-0.026150913909077644
-0.38362205028533936
-0.3887834846973419
-0.31533142924308777
-0.25192850828170776
-0.21286197006702423
-0.13526692986488342
-0.42147043347358704
-0.15643310546875
-0.16294200718402863
-0.21268439292907715
-0.04663372412323952
0.03296750411391258
-0.07030638307332993
-0.29931625723838806
-0.2194075882434845
-0.0989295020699501
-0.21431989967823029
-0.30618444085121155
-0.406636506319046
-0.4893069565296173
-0.2637280225753784
-0.1726187914609909
-0.3386567234992981
0.23743553459644318
0.03788825497031212
-0.0220832210034132
0.34755152463912964
0.8361664414405823
0.08485648036003113
-0.05285894498229027
0.006286465562880039
0.14727060496807098
-0.12718433141708374
-0.28453701734542847
-0.42723947763442993
-0.074916310608387
-0.24044260382652283
-0.10012853890657425
0.27706846594810486
1.4353541135787964
-0.10195422917604446
-0.12522737681865692
0.022015776485204697
-0.030567651614546776
0.02844318561255932
-0.24227313697338104
-0.26775026321411133
-0.046492066234350204
-0.3090209662914276
-0.296479731798172
-0.34050434827804565
-0.5127828121185303
-0.27619659900665283
-0.215910404920578
-0.36691996455192566
0.3499196469783783
0.009675654582679272
0.03519851341843605
0.011975359171628952
-0.03630446642637253
-0.005255844909697771
0.018317971378564835
0.07592840492725372
-0.05521570146083832
-0.0012802506098523736
0.06653489172458649
-0.03658813610672951
0.0036824264097958803
0.07459378987550735
0.0071817561984062195
0.10882440209388733
-0.06894534826278687
-0.014554937370121479
-0.11390305310487747
0.353587806224823
0.7566407918930054
-0.003783151041716337
-0.033802974969148636
0.005623583681881428
0.2769024968147278
-0.0016200500540435314
0.4761746823787689
0.3145770728588104
0.7759591341018677
0.2578684091567993
0.14865271747112274
0.9621194005012512
1.0613237619400024
0.04369364678859711
0.01172858290374279
0.0505315363407135
0.05984734371304512
-0.0685383528470993
-0.03429662436246872
0.019077934324741364
-0.026539936661720276
-0.01100008375942707
-0.02438262663781643
-0.022980887442827225
-0.0687141939997673
0.006152037065476179
-0.021124903112649918
0.05532953888177872
0.044437676668167114
0.03387657552957535
-0.3359776735305786
-0.16285906732082367
-0.15863436460494995
0.018252920359373093
0.13717544078826904
-0.3604064881801605
-0.16567836701869965
-0.11237258464097977
0.1389041692018509
0.020528249442577362
-0.035508621484041214
0.13576409220695496
0.06067819520831108
0.09803977608680725
0.5901614427566528
-0.0706101804971695
-0.10871627181768417
0.1721482127904892
0.7185488343238831
0.14552807807922363
-0.03628595173358917
-0.09119145572185516
0.16085608303546906
-0.001321187475696206
0.3723096251487732
0.3615119755268097
0.47064438462257385
0.1479327529668808
0.26291632652282715
0.8926807045936584
1.2997403144836426
0.2821321189403534
-0.04802585020661354
0.2307654172182083
0.5581871867179871
0.08602151274681091
0.2295158952474594
0.10678861290216446
0.21295741200447083
0.0614965595304966
0.19798880815505981
-0.04153204336762428
0.2766020894050598
0.053969789296388626
0.08868994563817978
0.30854180455207825
1.0682681798934937
0.2615189552307129
0.0025328807532787323
0.40023273229599
0.39044785499572754
-0.13534505665302277
0.1534150093793869
0.032445307821035385
-0.012412277981638908
-0.06479426473379135
0.17822550237178802
-0.15279217064380646
-0.11619700491428375
0.1702692210674286
0.13350826501846313
-0.02655424177646637
0.6533570885658264
-0.04074208438396454
0.04162261635065079
-0.03124181367456913
-0.078608937561512
-0.00786864198744297
0.011865873821079731
-0.02581009827554226
0.07204081863164902
0.0019340013386681676
0.0149874622002244
0.04581804201006889
0.009064948186278343
0.030396195128560066
0.0505085289478302
-0.027853023260831833
-0.0423763245344162
0.07245880365371704
0.06418553739786148
0.3235771059989929
0.6055575013160706
-0.004792590159922838
0.04344276338815689
0.12031196057796478
0.12345391511917114
-0.17899402976036072
-0.14409519731998444
-0.3463857173919678
-0.11432385444641113
-0.21936039626598358
-0.18514497578144073
0.1023348793387413
0.9918493032455444
-0.14132530987262726
0.09239820390939713
-0.014792270958423615
0.20254071056842804
-0.021025443449616432
-0.28427547216415405
-0.043534327298402786
0.495501309633255
-0.2047111690044403
-0.2612486481666565
-0.2311559021472931
0.05414893478155136
0.10046912729740143
-0.3400840759277344
-0.421151727437973
-0.28664472699165344
0.006189938634634018
-0.1337585598230362
0.047396160662174225
0.15464569628238678
0.1172577515244484
-0.12479391694068909
-0.16507314145565033
0.19302068650722504
-0.04623207077383995
0.25820666551589966
-0.017748810350894928
0.24046462774276733
0.04833626374602318
-0.08884991705417633
0.08418102562427521
0.8584535717964172
0.2665635049343109
-0.26281771063804626
-0.06330294907093048
-0.046643033623695374
-0.029967186972498894
0.06341183185577393
-0.37583982944488525
-0.10761164873838425
-0.08626511693000793
0.3789947032928467
-0.1956567019224167
-0.41788166761398315
0.16543008387088776
0.07438795268535614
0.07089639455080032
0.20605474710464478
0.18992586433887482
-0.1819787472486496
-0.23197337985038757
-0.10016288608312607
0.1443995088338852
0.10384392738342285
-0.37841570377349854
0.007264464162290096
0.07672137767076492
0.11742737144231796
-0.07948768138885498
-0.42600464820861816
0.26285672187805176
0.15153370797634125
-0.009660422801971436
0.06874402612447739
-0.03928776830434799
-0.0007558452780358493
-0.02430853620171547
0.01711900345981121
0.06863294541835785
0.04468822479248047
-0.0625099465250969
0.04508673772215843
0.02861701510846615
0.00647009676322341
0.03812088444828987
-0.034793462604284286
0.03875720500946045
0.07329902052879333
-0.07408344000577927
-0.056069184094667435
0.06357566267251968
-0.01791355572640896
0.011792710050940514
-0.03416119143366814
0.0023358603939414024
0.001183642540127039
-0.021986547857522964
-0.010387618094682693
0.06247721239924431
0.03780236467719078
0.013456130400300026
-0.0075535848736763
0.019850343465805054
-0.008853202685713768
0.03214950114488602
-0.12096288800239563
0.03125425800681114
-0.12108819931745529
0.4011966586112976
0.7398867607116699
0.22545114159584045
-0.48046255111694336
0.10066664218902588
0.2758462429046631
0.14913766086101532
0.06737745553255081
-0.41408926248550415
0.33073633909225464
0.1472911685705185
0.03318745642900467
0.4650847017765045
0.792931318283081
0.0755322128534317
-0.06623470783233643
0.145675927400589
0.1299130916595459
0.010052325204014778
-0.0930415615439415
-0.0771462470293045
0.08298995345830917
-0.17798884212970734
-0.16938979923725128
-0.27218347787857056
-0.14346058666706085
-0.13454018533229828
-0.19160467386245728
-0.16895265877246857
0.8719239830970764
-0.09959128499031067
-0.1750180572271347
-0.07483723014593124
-0.06034106761217117
-0.05866153910756111
-0.3738348186016083
-0.26838886737823486
-0.055393755435943604
-0.33102285861968994
-0.289852499961853
-0.5064979195594788
-0.5389209389686584
-0.3240530490875244
-0.1429947018623352
-0.46625328063964844
0.05101324990391731
0.23319344222545624
-0.3290530741214752
0.44465792179107666
0.5836784243583679
0.02796388976275921
0.1516655683517456
-0.03949379920959473
-0.08086950331926346
-0.04863104969263077
0.43754133582115173
-0.2848210632801056
0.3198021948337555
-0.09094811230897903
0.2503926455974579
-0.02877294085919857
1.070702075958252
0.08054129779338837
-0.11927150934934616
0.07473693042993546
0.12509982287883759
-0.07722244411706924
0.005440574139356613
-0.33969736099243164
0.07669506222009659
-0.1731054037809372
0.2624308466911316
0.2575034201145172
0.09785192459821701
0.012192764319479465
0.01675437204539776
0.06130470335483551
1.2020385265350342
-0.030766086652874947
-0.03975631296634674
-0.02919001877307892
-0.04914117604494095
-0.05722153186798096
0.011720815673470497
-0.0255841463804245
0.03178514167666435
-0.05317027121782303
0.02309465780854225
0.0545196570456028
-0.046888045966625214
-0.06532103568315506
-0.04862401634454727
-0.007251349277794361
-0.07861998677253723
-0.11594770848751068
-0.26066917181015015
-0.08212751150131226
0.1886880099773407
0.0371369831264019
-0.3930685818195343
-0.28321778774261475
-0.1514064073562622
-0.21646377444267273
-0.3092479109764099
-0.6214935183525085
-0.4749251902103424
-0.30640777945518494
-0.08819013833999634
-0.4342142343521118
0.13062159717082977
0.11191166192293167
-0.01933746039867401
0.07146316021680832
-0.026505157351493835
0.041553787887096405
0.04545557126402855
-0.015965908765792847
0.0631764680147171
-0.09128706157207489
0.019585365429520607
0.005233553238213062
0.030743198469281197
-0.048052769154310226
-0.00033296787296421826
0.019455017521977425
0.0026960629038512707
0.02560591883957386
-0.318509042263031
-0.10294868052005768
0.1630462408065796
0.08201420307159424
-0.2548379600048065
-0.24082721769809723
0.022593408823013306
-0.1204468160867691
0.3771132230758667
-0.06851594895124435
0.1371675431728363
-0.043893784284591675
0.022126657888293266
0.260336309671402
0.8479858040809631
0.07130137830972672
-0.21761994063854218
-0.34729576110839844
-0.05948486924171448
-0.026639124378561974
-0.020116930827498436
-0.5329452157020569
-0.20234614610671997
-0.22296881675720215
0.18419843912124634
-0.042763661593198776
-0.2894197106361389
-0.07260143011808395
-0.07896976917982101
-0.05977934971451759
-0.07407435774803162
-0.02399626560509205
-0.056471098214387894
0.12935222685337067
0.032601065933704376
0.014534277841448784
0.23695695400238037
0.6961473226547241
0.5173890590667725
0.06742236763238907
0.1466287225484848
1.1399213075637817
0.8349199891090393
-0.28350210189819336
-0.19779980182647705
-0.056961145251989365
-0.5212774276733398
0.0014810914872214198
0.05931461974978447
-0.032975297421216965
0.0519123412668705
-0.00765587855130434
0.058342792093753815
-0.07369869947433472
0.00035305882920511067
-0.10653328150510788
0.01066031213849783
-0.016428956761956215
0.049739401787519455
0.01809041015803814
0.02785659208893776
0.06669235974550247
-0.0225039292126894
0.06832244247198105
-0.006687432527542114
-0.021534379571676254
-0.05684693902730942
0.005974851548671722
0.39612436294555664
0.8707209229469299
0.40204447507858276
0.1984948217868805
0.09761388599872589
1.3545266389846802
0.8028090596199036
0.02063930220901966
-0.10648124665021896
0.018565457314252853
-0.2968853712081909
0.17871034145355225
0.02349237911403179
0.08040822297334671
-0.09818273782730103
0.016238024458289146
0.47880101203918457
0.794757068157196
0.4115135073661804
0.37818393111228943
0.2109907865524292
0.9207963943481445
0.4049554169178009
0.040703579783439636
-0.22093133628368378
0.06819865107536316
0.033804506063461304
0.0024899623822420835
-0.04369090497493744
0.11586495488882065
-0.10329759120941162
0.05846720561385155
0.4212244749069214
0.8046822547912598
0.471709668636322
0.33015626668930054
0.06753523647785187
0.9863946437835693
0.7255382537841797
-0.030880574136972427
0.03824758902192116
-0.04671619459986687
-0.11294446140527725
-0.2409278005361557
-0.029284300282597542
-0.18680360913276672
-0.8416885733604431
-0.24942362308502197
0.4062798321247101
0.0738501027226448
-0.28430065512657166
-0.30536916851997375
0.0882803201675415
-0.07386656850576401
0.07043047249317169
-0.47217339277267456
-0.27723991870880127
-0.6703685522079468
-1.095041036605835
0.029159722849726677
0.06250020116567612
0.052998531609773636
-0.08704772591590881
0.03274635225534439
0.3476976752281189
0.9381067752838135
0.4803924858570099
0.4455842971801758
0.19721223413944244
1.167210340499878
0.8566541075706482
-0.04909894987940788
-0.04707258567214012
-0.016637105494737625
-0.27820104360580444
0.08597953617572784
-0.09274537861347198
0.02791101671755314
-0.04374188557267189
0.05759025365114212
0.032108940184116364
0.09298054128885269
0.0879189744591713
-0.020358005538582802
0.014338493347167969
-0.036984533071517944
-0.056473471224308014
0.01242002658545971
0.0006319846143014729
-0.06344188749790192
-0.10628686845302582
-0.32002919912338257
0.06780596077442169
-0.3430989384651184
-0.9545717835426331
-0.34861305356025696
0.15509191155433655
-0.08839148283004761
-0.3633425533771515
-0.647529661655426
-0.2894577085971832
-0.46087968349456787
-0.5249040126800537
-0.6910009980201721
-0.5421563386917114
-1.4880602359771729
-1.672480821609497
-0.06650631129741669
0.02590770646929741
0.03334978595376015
-0.03961499407887459
-0.03598565608263016
0.1022641658782959
0.02655133418738842
0.03157602250576019
0.0891290232539177
0.051868293434381485
0.01778511330485344
0.08890611678361893
-0.01896226778626442
-0.0341295525431633
0.010666904971003532
-0.027093449607491493
-0.40792298316955566
-0.05205535516142845
0.07431693375110626
-0.40989959239959717
-0.5062373876571655
0.10104844719171524
0.46858176589012146
0.2558020353317261
-0.36403951048851013
-0.27648383378982544
0.2614263892173767
-0.0008977220859378576
-0.6684353351593018
-0.47575706243515015
-0.22529177367687225
-0.7470626831054688
-0.3034628629684448
0.040092773735523224
-0.34413620829582214
-0.9968926906585693
-0.4255676865577698
0.17890220880508423
0.06634702533483505
-0.26854750514030457
-0.5617594122886658
-0.25273388624191284
-0.43687674403190613
-0.4456094205379486
-0.7235302925109863
-0.5207424163818359
-1.175719976425171
-1.7456809282302856
-0.37145882844924927
-0.08046826720237732
-0.10255558043718338
-0.8270344734191895
-0.6800907850265503
0.23610170185565948
0.13056102395057678
-0.32259851694107056
-0.7453870177268982
-0.09520649909973145
-0.14210987091064453
-0.3979770839214325
-0.6737962365150452
-0.3563978970050812
-0.5070364475250244
-1.0233912467956543
-0.4048505127429962
-0.21279673278331757
-0.25350943207740784
-0.5146511793136597
-0.4875909686088562
0.11133970320224762
0.20199798047542572
-0.04720306396484375
-0.5944899916648865
0.12137138098478317
0.26520171761512756
0.05695778504014015
-0.9178180694580078
-0.38391539454460144
-0.4911247193813324
-1.0598859786987305
-0.037590816617012024
-0.030707642436027527
-0.05542370676994324
-0.046407442539930344
-0.0011008379515260458
0.03152712062001228
0.029169106855988503
-0.01627287082374096
0.015303359366953373
-0.027662742882966995
0.03237990662455559
0.01279331836849451
0.006984736304730177
0.044991254806518555
0.04942180961370468
-0.011664914898574352
-0.1771491914987564
-0.04653484374284744
-0.15500055253505707
-0.7442429661750793
-0.1355227380990982
0.2013511061668396
0.2155817151069641
-0.1433369666337967
-0.2808113098144531
-0.14942927658557892
0.06667489558458328
0.15503503382205963
-0.39420944452285767
-0.27976903319358826
-0.598624050617218
-0.7790440320968628
-0.05090564861893654
-0.18605048954486847
0.05865494906902313
-0.46726229786872864
0.04675421863794327
0.25809115171432495
0.1398656964302063
-0.2686494290828705
0.06867154687643051
0.13187822699546814
0.0722854733467102
0.0016457303427159786
-0.059037819504737854
0.05372245982289314
0.48341965675354004
0.3914753496646881
-0.26802653074264526
0.10485023260116577
-0.09053196012973785
-0.45957958698272705
-0.36338451504707336
0.2074207067489624
0.13215172290802002
0.06159194931387901
-0.5368183255195618
-0.09954515844583511
-0.1566304713487625
-0.09423047304153442
-0.8126792311668396
-0.36766740679740906
-0.7114484310150146
-1.4997464418411255
-0.38381972908973694
-0.1273055523633957
0.276278555393219
-0.3193987309932709
-0.7564414739608765
0.26534217596054077
0.4201248288154602
0.06259835511445999
-0.840386688709259
-0.22340136766433716
0.41376766562461853
0.2438560426235199
-1.0532279014587402
-0.44812658429145813
-0.38072389364242554
-0.7629234790802002
-0.5418615937232971
-0.006808591540902853
0.19281554222106934
-0.09131444990634918
-1.1382627487182617
-0.001110919751226902
0.4886842966079712
0.1598605513572693
-1.3921633958816528
-0.2247168868780136
0.6126024723052979
0.2938437759876251
-1.261954665184021
-0.5116632580757141
-0.21995802223682404
-0.9722653031349182
0.02947556972503662
0.09068114310503006
0.0012346444418653846
0.04640641808509827
-0.036271579563617706
-0.03981281444430351
0.02298235520720482
-0.06057938188314438
0.014083806425333023
0.005099781323224306
-0.033657707273960114
-0.02056385576725006
-0.023868387565016747
0.06966382265090942
-0.04809673875570297
-0.00599493645131588
-0.07450760155916214
-0.08831743150949478
0.07728160172700882
0.017327239736914635
-0.03128741309046745
0.045124102383852005
0.04173741489648819
0.04944859445095062
-0.027256114408373833
-0.04228843376040459
0.006742982659488916
-0.015749625861644745
0.016462286934256554
-0.017679506912827492
-0.09991954267024994
0.05356649309396744
-0.12868112325668335
0.13920271396636963
-0.3752247989177704
-0.7727570533752441
-0.18270154297351837
0.25735118985176086
-0.06801192462444305
-0.6804319620132446
-0.5831734538078308
0.01329317968338728
0.2622402012348175
-0.18778911232948303
-0.5560513138771057
-0.43552207946777344
-0.7414714694023132
-0.7326667904853821
-0.15966655313968658
-0.1943477988243103
-0.022990921512246132
-0.21555183827877045
-0.26557421684265137
0.3632986545562744
0.5017001628875732
0.3565256893634796
-0.34207382798194885
0.09613469988107681
0.48038414120674133
0.37589964270591736
-0.49302753806114197
-0.39905256032943726
-0.07114410400390625
-0.5386913418769836
-0.008942346088588238
0.003989104181528091
0.12237909436225891
0.008004667237401009
0.13556359708309174
0.4795951247215271
0.7928927540779114
0.5275547504425049
0.3030881881713867
0.21459732949733734
1.232712984085083
0.940330445766449
-0.03879021480679512
-0.15680447220802307
0.2277718186378479
-0.16943317651748657
-0.20000922679901123
0.11896299570798874
-0.5252566933631897
-0.5201423764228821
-0.3782113194465637
0.13072404265403748
0.38416796922683716
0.3137984871864319
-0.5874817371368408
-0.559238612651825
0.17191459238529205
0.3046526312828064
-0.7092294692993164
-0.2839389741420746
-0.4082314968109131
-0.8752760291099548
-0.2088916152715683
-0.011651819571852684
0.1862061321735382
-0.7454533576965332
-0.2791902720928192
0.1425555795431137
0.49732646346092224
0.03176869451999664
-0.40592631697654724
-0.26598185300827026
0.21158893406391144
-0.025323430076241493
-0.644068717956543
-0.2214013934135437
-0.5711976885795593
-1.1087452173233032
0.004860172048211098
-0.10033757984638214
7.400353933917359e-05
0.06842996180057526
-0.029199963435530663
-0.025094902142882347
0.028432775288820267
-0.031430069357156754
-0.03972344845533371
-0.013289629481732845
0.007413934916257858
-0.04096527770161629
-0.01710924319922924
-0.004083810839802027
0.003073156578466296
0.03947798162698746
-0.07218973338603973
-0.07229024171829224
0.025679567828774452
-0.13568054139614105
-0.021678272634744644
0.511959969997406
0.7436562180519104
0.41892141103744507
0.0729982852935791
0.22335074841976166
1.0069321393966675
0.6122810244560242
-0.3327568769454956
-0.2238033562898636
-0.06159135699272156
-0.09321960061788559
0.028251424431800842
-0.0512579046189785
-0.06120462343096733
0.0068430411629378796
-0.06363164633512497
-0.02510073408484459
0.022255290299654007
0.00900887418538332
-0.0207798033952713
-0.037921253591775894
-0.02690035291016102
-0.07065104693174362
-0.015825526788830757
-0.0045027961023151875
0.008070462383329868
0.0010828092927113175
-0.21879969537258148
0.11912401020526886
0.010233514942228794
-0.38389742374420166
-0.3708191215991974
0.13537518680095673
0.3930265009403229
0.1389382928609848
-0.4470955729484558
-0.4976644515991211
-0.011993787251412868
0.08840619027614594
-0.5509532690048218
-0.06837880611419678
-1.023801326751709
-0.9350650310516357
-0.4620054066181183
-0.0009658638155087829
0.2928180694580078
-0.17302687466144562
-0.3827292323112488
0.32934826612472534
0.6009033918380737
0.4870746433734894
-0.2607138156890869
-0.31015709042549133
0.5045621395111084
0.31930869817733765
-0.5753928422927856
-0.1569894701242447
-0.08186963945627213
-0.18607684969902039
-0.18349702656269073
-0.29694846272468567
-0.05743185058236122
0.19527429342269897
0.02905021607875824
-0.25962719321250916
-0.12099481374025345
-0.11092054098844528
-0.23118065297603607
-0.25544852018356323
-0.49189862608909607
-0.3655656576156616
0.08687646687030792
0.03127731382846832
-0.3727071285247803
-0.2697345018386841
0.023418888449668884
0.12418052554130554
0.11582756787538528
0.024483341723680496
-0.07021324336528778
0.0011052247136831284
-0.030456390231847763
-0.013500852510333061
-0.0306511502712965
-0.002693388843908906
0.0019930361304432154
-0.030903417617082596
-0.006882248446345329
-0.03097919188439846
-0.02329542674124241
0.013853482902050018
-0.15544813871383667
-0.028466759249567986
0.11782854050397873
0.38622453808784485
-0.046811968088150024
-0.27009308338165283
-0.033778298646211624
-0.0740136206150055
-0.45123857259750366
-0.5689716339111328
-0.44939565658569336
-0.29072684049606323
-0.0411582849919796
-0.015302548184990883
-0.6527944803237915
0.3736749589443207
-0.2023862898349762
-0.18824896216392517
-0.1169423758983612
0.14142468571662903
-0.16430318355560303
-0.21185220777988434
-0.1361740082502365
-0.14726819097995758
-0.45653408765792847
-0.45626014471054077
-0.12444628775119781
-0.1321544647216797
-0.23500292003154755
-0.02909350022673607
-0.6509342193603516
-0.5580333471298218
-0.22748784720897675
-0.21775266528129578
-0.13958290219306946
0.444591760635376
-0.13795925676822662
-0.11141689866781235
-0.00024051187210716307
-0.1456749439239502
-0.3999377489089966
-0.5042087435722351
-0.3906503915786743
-0.17233316600322723
-0.13496176898479462
-0.06433364748954773
-0.7963797450065613
-0.21882863342761993
-0.005062837153673172
-0.016313843429088593
0.4035639464855194
0.5409896373748779
0.021887272596359253
-0.16516000032424927
0.12575848400592804
0.31076928973197937
-0.02977505885064602
-0.5209574699401855
-0.2226058691740036
-0.033569347113370895
0.32496270537376404
0.34152302145957947
0.16464059054851532
1.0697249174118042
-0.20228300988674164
-0.12485155463218689
-0.09636467695236206
0.34865498542785645
-0.07304493337869644
-0.15620383620262146
-0.17191043496131897
-0.1372942179441452
-0.44031378626823425
-0.47459518909454346
-0.2593921720981598
-0.2105971723794937
-0.15721362829208374
-0.1477022022008896
-0.6741000413894653
0.004079628270119429
0.012541446834802628
0.01874385215342045
-0.0012133115669712424
-0.0046349186450243
0.0035080346278846264
0.07117702066898346
0.011379064992070198
-0.07212908565998077
0.02234473265707493
0.021515417844057083
-0.0419151596724987
-0.01901821605861187
-0.003396708285436034
-0.06116698682308197
0.05522018298506737
-0.038992028683423996
-0.04040543735027313
-0.008694583550095558
0.11329967528581619
0.29186075925827026
0.10493218898773193
-0.13575418293476105
-0.018577400594949722
0.38700100779533386
0.12391867488622665
0.3584354519844055
0.5323056578636169
0.7148763537406921
0.4978388249874115
0.26931512355804443
0.5088983178138733
0.6527170538902283
-0.06785833835601807
0.01602182164788246
0.03013533353805542
0.01657244935631752
-0.02325577475130558
-0.01009323075413704
-0.03875336796045303
-0.027257205918431282
0.019722776487469673
0.03641296550631523
0.022328464314341545
0.006065894849598408
-0.022401075810194016
0.05969247967004776
0.06079907715320587
-0.0608774796128273
0.062352318316698074
-0.34349164366722107
-0.07192085683345795
-0.19303296506404877
0.3039381206035614
0.2057880163192749
-0.19123055040836334
-0.08876342326402664
0.10479237884283066
0.12621565163135529
0.04899124428629875
0.29467782378196716
0.42242494225502014
0.25175562500953674
-0.14700724184513092
0.0029533449560403824
-0.022717610001564026
-0.11352026462554932
0.056708939373493195
0.14776994287967682
0.1709592342376709
-0.09683267772197723
-0.07843329012393951
0.2718639075756073
0.0958298072218895
0.45151185989379883
0.6111050844192505
0.5688818097114563
0.49286121129989624
0.2666460871696472
0.3341410756111145
0.9387601613998413
0.18943122029304504
0.0387704037129879
0.23246575891971588
0.3317006230354309
0.375855416059494
0.04268359765410423
0.06382127106189728
0.3796140253543854
0.2177516371011734
0.06083691865205765
0.04758858308196068
0.46808475255966187
0.37290555238723755
0.4728127419948578
0.17367368936538696
0.6876498460769653
0.10564689338207245
-0.11228160560131073
0.404598593711853
0.006169143598526716
0.20034947991371155
-0.021300913766026497
0.061044223606586456
0.042640358209609985
0.3818436861038208
-0.18454699218273163
-0.0458105131983757
-0.03748525679111481
0.6524807214736938
0.35683563351631165
-0.1439324915409088
0.5558454990386963
0.03929074853658676
0.016408752650022507
0.04054993391036987
-0.081856869161129
-0.04132658615708351
5.0483002269174904e-05
0.10730382055044174
-0.03278317302465439
0.04248235374689102
-0.0039253514260053635
-0.02542864717543125
-0.014467166736721992
0.014241895638406277
-0.009355714544653893
-0.016190320253372192
0.017465759068727493
0.015627993270754814
-0.06128949671983719
0.48211345076560974
0.35910239815711975
-0.05113030970096588
0.009056787937879562
0.231064110994339
0.27158471941947937
-0.08391252905130386
-0.3849972188472748
-0.12897831201553345
0.01333076972514391
0.13543309271335602
0.33597835898399353
0.0724521055817604
0.6735506057739258
-0.12300052493810654
0.18138936161994934
0.26105451583862305
0.330001562833786
-0.05841519683599472
-0.2199583351612091
-0.017462458461523056
0.3399854600429535
-0.09275229275226593
-0.1684585064649582
-0.033691294491291046
0.22235050797462463
0.004227897617965937
-0.44940170645713806
-0.5837242603302002
-0.29550886154174805
-0.013445115648210049
-0.013084499165415764
0.07801710814237595
-0.12082360684871674
0.1410382241010666
-0.045836593955755234
-0.1445063352584839
0.10853052139282227
0.1229785606265068
0.20403465628623962
0.11004956811666489
0.2526884078979492
0.5401216745376587
-0.046062760055065155
-0.1943514496088028
0.35470476746559143
0.14484760165214539
-0.3788697421550751
-0.17169325053691864
-0.15418288111686707
0.36920294165611267
0.007022170349955559
-0.3475521504878998
-0.23788951337337494
0.38079217076301575
0.24273249506950378
-0.0865728035569191
-0.05745304003357887
0.6289458870887756
0.3348218500614166
-0.04854607582092285
-0.199072927236557
0.13175666332244873
-0.34503376483917236
-0.0411452054977417
-0.18073439598083496
0.5365315675735474
0.08636949956417084
-0.18988972902297974
-0.13883240520954132
0.5118334889411926
0.31576210260391235
-0.10163185745477676
-0.029652895405888557
0.7701550722122192
0.2226947695016861
-0.147385373711586
-0.5328385829925537
0.02681707590818405
-0.03398822247982025
0.006764380726963282
-0.03549431636929512
0.03318658471107483
-0.024356549605727196
-0.06045275554060936
-0.017705222591757774
0.028632642701268196
0.01059055607765913
-0.04090021923184395
0.05800388380885124
-0.007016277872025967
-0.031173337250947952
-0.0647941529750824
0.02768612466752529
0.03699967637658119
-0.07324209064245224
0.009938601404428482
-0.02484952099621296
-0.04419340193271637
-0.018333418294787407
-0.01096553634852171
-0.0202151108533144
-0.044589970260858536
0.0376734584569931
0.007837332785129547
0.05216257646679878
0.05049818754196167
-0.05490536242723465
-0.02013295330107212
-0.021992342546582222
-0.17118465900421143
-0.03159525990486145
0.3842868208885193
0.27807366847991943
0.05652722343802452
-0.49488258361816406
0.03450634703040123
0.4467250108718872
0.2923775017261505
-0.050799351185560226
-0.06350132822990417
0.25396299362182617
0.34413284063339233
0.18927747011184692
0.2838742136955261
0.46565818786621094
-0.0008711707778275013
-0.1298011988401413
0.1407983899116516
-0.28850001096725464
-0.008117771707475185
-0.2508668601512909
-0.004006266128271818
0.0028242936823517084
0.002638049889355898
-0.24346718192100525
-0.06505315005779266
0.004926127381622791
0.15962612628936768
0.22533433139324188
-0.11946938186883926
0.5535550117492676
-0.2517631947994232
-0.10487713664770126
-0.03480520099401474
0.23047222197055817
-0.12106454372406006
-0.322652131319046
-0.16358119249343872
-0.16400156915187836
-0.39985623955726624
-0.47571536898612976
-0.3897428810596466
-0.44337567687034607
-0.0713496282696724
-0.047006845474243164
-0.6756386756896973
-0.38008570671081543
0.024523049592971802
-0.16535983979701996
0.24387551844120026
0.32916826009750366
0.12090643495321274
0.0007730600191280246
-0.04925774782896042
0.00927931722253561
0.24852456152439117
0.4614514410495758
-0.07965908944606781
0.3254823088645935
0.5273849964141846
0.3961087465286255
-0.0580398328602314
0.5093380808830261
-0.044970884919166565
-0.19830213487148285
0.12827737629413605
-0.1122148334980011
0.02128293737769127
-0.031758375465869904
-0.28575554490089417
-0.00253116013482213
-0.006108535453677177
0.1108105331659317
0.3569471538066864
0.2794302999973297
0.4930230379104614
0.22716204822063446
0.12698069214820862
0.9114534258842468
0.006263481453061104
0.0018350613536313176
-0.05296459421515465
-0.032817643135786057
-0.02870122902095318
-0.02046615444123745
-0.05983695387840271
0.057659395039081573
0.06704027950763702
0.027216115966439247
-0.043894313275814056
-0.021089550107717514
-0.040004663169384
0.07800167053937912
-0.021355731412768364
-0.014849670231342316
-0.19160808622837067
-0.1912028193473816
0.10215141624212265
0.24545711278915405
0.04851824790239334
-0.46033090353012085
-0.07597668468952179
-0.03009020909667015
-0.2551417648792267
-0.4578056037425995
-0.4413813352584839
-0.34133976697921753
0.07415517419576645
0.040824636816978455
-0.45686277747154236
-0.119957335293293
0.005916710942983627
0.08319630473852158
-0.019716721028089523
-0.012036054395139217
0.05990424379706383
-0.011439736932516098
-0.026218963786959648
-0.07562752068042755
0.008639884181320667
0.025867024436593056
0.04671018570661545
-0.0033019492402672768
-0.0061540016904473305
-0.042865172028541565
0.04561963304877281
-0.032051701098680496
-0.034714583307504654
-0.12342312932014465
-0.2872505486011505
-0.04877930134534836
0.10433990508317947
-0.25371915102005005
-0.2801312506198883
-0.014320590533316135
0.011177568696439266
0.39657941460609436
0.2511514127254486
0.23049664497375488
0.4616599977016449
-0.06699111312627792
0.03553515300154686
0.6170751452445984
0.06666871905326843
-0.2669506072998047
-0.25336435437202454
-0.1493126004934311
0.18131345510482788
-0.12975288927555084
-0.35591384768486023
-0.1639123558998108
-0.05189301818609238
0.09432625025510788
0.07422308623790741
-0.15898296236991882
0.30829760432243347
-0.019092384725809097
-0.24014364182949066
-0.5994554758071899
0.21482659876346588
0.1388075351715088
0.2637374997138977
0.04903207719326019
0.05016004666686058
0.27787071466445923
0.011318829841911793
0.22534394264221191
-0.09741455316543579
0.03871820494532585
0.6926351189613342
0.5191300511360168
-0.3931698203086853
0.21824821829795837
-0.10041335225105286
-0.5872694253921509
-0.05641958862543106
0.061097677797079086
0.00599247682839632
0.013228320516645908
0.012901500798761845
-0.010269411839544773
0.062082886695861816
-0.04106185957789421
0.07567033171653748
-0.01895301602780819
-0.021729726344347
0.03510316088795662
0.0051561882719397545
-0.07140083611011505
-0.032726891338825226
-0.03274776414036751
0.10240879654884338
0.3764415383338928
0.18380911648273468
0.05379010736942291
0.3227419853210449
0.1716097891330719
0.1165972426533699
0.08644887059926987
0.09147424250841141
0.13900980353355408
0.5481979846954346
0.6571923494338989
-0.1862202286720276
0.09365175664424896
-0.36168918013572693
-0.38457754254341125
0.3514106273651123
0.27138206362724304
0.27397364377975464
0.04103487730026245
0.20578531920909882
0.23011428117752075
0.10915295034646988
0.12748247385025024
0.13375736773014069
0.0031863166950643063
0.4220206141471863
0.3758445978164673
-0.221687451004982
0.021068338304758072
0.07712917029857635
-0.2252594381570816
0.13641633093357086
0.4186744689941406
0.09136026352643967
0.08258494734764099
0.22127798199653625
0.16702139377593994
0.09384831041097641
0.27139949798583984
0.15285490453243256
-0.09798427671194077
0.4136991798877716
0.4474678039550781
-0.22246696054935455
0.2617133855819702
-0.24086998403072357
-0.429190993309021
0.07166168093681335
0.11595877259969711
0.06582653522491455
-0.5929409265518188
0.2402859330177307
0.2957555651664734
-0.38115885853767395
-0.561580240726471
-0.10291071236133575
-0.1766377091407776
-0.1935453712940216
0.17713305354118347
-0.2810112237930298
-0.1475095897912979
-0.7911901473999023
-1.337357759475708
0.24276573956012726
0.3633672297000885
0.24289318919181824
0.019261909648776054
0.21537582576274872
0.23978938162326813
0.1920056790113449
0.16347530484199524
0.10141996294260025
-0.0213682409375906
0.5271775722503662
0.6948553919792175
-0.13930252194404602
0.23566535115242004
-0.2722914516925812
-0.4588555693626404
0.06724430620670319
-0.07923107594251633
-0.07430493086576462
-0.025276781991124153
0.044228166341781616
0.14329934120178223
-0.05206099897623062
0.027691734954714775
-0.000519092078320682
-0.04222565516829491
0.08571162819862366
-0.021758217364549637
-0.06416749954223633
0.11311913281679153
0.007284957449883223
0.020763618871569633
-0.03592601418495178
-0.07403401285409927
-0.1499638706445694
-0.7731266021728516
0.14062641561031342
-0.08436573296785355
-0.22474582493305206
-0.6390655636787415
-0.2532007396221161
-0.23164090514183044
-0.21188150346279144
-0.38151487708091736
-0.1639891266822815
-0.20605333149433136
-1.6001003980636597
-2.2433087825775146
0.06619726121425629
-0.023639440536499023
-0.03529181703925133
-0.05075746402144432
-0.0420711487531662
0.02495308592915535
0.01278719399124384
-0.030254559591412544
0.026693817228078842
-0.023221073672175407
0.020789094269275665
0.08609418570995331
-0.045808158814907074
0.019220363348722458
-0.05143841356039047
0.023222841322422028
0.12682269513607025
0.34430739283561707
0.02198699675500393
-0.14527948200702667
-0.20272956788539886
0.06322000175714493
0.06758801639080048
-0.035098232328891754
-0.6367194056510925
-0.07905521988868713
0.21048155426979065
0.014913411810994148
-0.23231761157512665
0.11065196990966797
-0.24320480227470398
-1.2164522409439087
-0.011735260486602783
0.07168935984373093
-0.19573473930358887
-0.7415575385093689
-0.01143181324005127
-0.19160528481006622
-0.1575506627559662
-0.44813841581344604
-0.22873882949352264
-0.30001771450042725
-0.4188346862792969
-0.3184531331062317
-0.07818246632814407
-0.1316235363483429
-1.6032111644744873
-2.0817041397094727
0.045292001217603683
-0.027837693691253662
-0.06764627993106842
-0.4377342760562897
-0.2372395247220993
0.07400025427341461
-0.34741753339767456
-0.5348304510116577
-0.5986102223396301
-0.20335009694099426
-0.2632840871810913
-0.3822685480117798
-0.31093448400497437
-0.13039763271808624
-0.4831883907318115
-1.299343228340149
0.0032588844187557697
0.05420665070414543
-0.13974745571613312
-0.21546107530593872
-0.051867976784706116
-0.030405830591917038
-0.20906445384025574
-0.236521914601326
-0.3176403045654297
-0.008791495114564896
0.17878757417201996
0.1749153435230255
-0.570501446723938
-0.17531239986419678
-0.6137160658836365
-0.9661720991134644
-0.0038985840510576963
0.053621407598257065
0.018473386764526367
-0.026147831231355667
0.04302183538675308
-0.016230786219239235
0.018274085596203804
0.06004199758172035
0.040367648005485535
-0.0026614945381879807
0.052604082971811295
-0.05024488642811775
-0.03850456699728966
-0.000247593765379861
0.013331574387848377
0.025911347940564156
-0.14952927827835083
0.17685388028621674
0.09687778353691101
-0.5014012455940247
0.33517032861709595
0.036026712507009506
-0.35801953077316284
-0.5791237950325012
-0.2138843834400177
-0.1917792707681656
-0.2609696686267853
0.07731927186250687
-0.25585246086120605
-0.12709298729896545
-0.6848828792572021
-0.9279693961143494
-0.05265003442764282
0.18555666506290436
-0.11907238513231277
-0.06497322767972946
0.14570032060146332
0.18808148801326752
0.15912099182605743
-0.18803128600120544
0.13154438138008118
-0.10522045940160751
0.004033930134028196
-0.11172882467508316
0.2540903389453888
0.11713723838329315
0.264337420463562
0.08587893843650818
0.05277470871806145
0.1016121581196785
0.03444605693221092
-0.2856306731700897
-0.11111447215080261
-0.021667033433914185
-0.013474439270794392
-0.4605424702167511
-0.06950660794973373
-0.0979156494140625
-0.20302556455135345
0.04652892053127289
-0.2676033079624176
0.10455239564180374
-1.098053216934204
-1.8878304958343506
0.0706665888428688
0.16690579056739807
0.07890795171260834
0.06434603035449982
-0.3098070025444031
0.24849073588848114
0.026447568088769913
-0.13504502177238464
-0.8494462966918945
-0.20390531420707703
0.3776637613773346
0.28405845165252686
-0.7401803135871887
-0.08434486389160156
-0.352496474981308
-1.2473392486572266
0.2206297218799591
0.10721304267644882
0.07862583547830582
0.12340959161520004
-0.3519619107246399
0.16938434541225433
0.08884966373443604
-0.07093621045351028
-0.9238097667694092
0.030071506276726723
0.5000113844871521
0.42598390579223633
-0.5778593420982361
0.1020018681883812
-0.03907055780291557
-1.363211750984192
-0.014157384634017944
0.07663796842098236
0.016146015375852585
0.025094833225011826
0.04571941867470741
-0.038652319461107254
-0.06318407505750656
0.015459712594747543
0.007488662376999855
-0.040691811591386795
0.022711126133799553
0.007143465336412191
0.03709510341286659
0.08876597136259079
-0.03694167360663414
-0.008326651528477669
-0.0341544933617115
-0.04665403813123703
0.01650870218873024
0.0030764038674533367
0.024809380993247032
0.08147576451301575
-0.006159285083413124
0.030581830069422722
0.017279088497161865
0.006860272027552128
0.030931763350963593
0.008715192787349224
-0.060647327452898026
0.09658268094062805
-0.012016776017844677
-0.020056189969182014
0.006846108473837376
-0.037692174315452576
0.05748409405350685
-0.41673678159713745
0.24160301685333252
-0.12103819847106934
-0.29383495450019836
-0.5611810684204102
-0.1112976223230362
-0.09681352227926254
0.151983842253685
-0.15389233827590942
-0.09450677782297134
-0.05573983117938042
-0.8408024311065674
-1.087286114692688
-0.034626565873622894
0.1881609708070755
0.281626433134079
-0.10871820151805878
0.1277216076850891
0.21022573113441467
-0.028879450634121895
0.027226950973272324
-0.29317358136177063
-0.0030313641764223576
0.29271405935287476
0.24583840370178223
-0.3435279130935669
-0.14655327796936035
-0.32775813341140747
-0.8149203062057495
0.20001497864723206
0.34391114115715027
0.2318299114704132
0.06570114940404892
0.2798895537853241
0.42867523431777954
0.14206957817077637
0.25920018553733826
0.08433618396520615
-0.10870733857154846
0.5215376019477844
0.6204483509063721
-0.2546186149120331
0.2070155143737793
0.2320546954870224
-0.230678990483284
0.10080579668283463
-0.058837175369262695
-0.15422578155994415
-0.3631523847579956
0.06063811853528023
0.047239478677511215
-0.1744086891412735
-0.11822899430990219
-0.12314262241125107
-0.5330802202224731
0.012254484929144382
0.11408459395170212
-0.5284469127655029
-0.031790412962436676
-0.6574336290359497
-0.8196927905082703
-0.03475430980324745
0.23773670196533203
0.06330127269029617
-0.45977792143821716
0.08845523744821548
-0.052582141011953354
-0.07329870760440826
-0.2799769639968872
-0.38880494236946106
-0.22273947298526764
-0.07942821830511093
-0.19092346727848053
-0.3805830180644989
-0.07786032557487488
-0.8155149817466736
-1.2807685136795044
-0.031858690083026886
0.0032771113328635693
0.03476870432496071
0.03863545134663582
0.032986994832754135
0.09405231475830078
0.024890253320336342
0.04514333978295326
0.027771519497036934
-0.015341337770223618
-0.052537888288497925
-0.05793090537190437
0.06345193088054657
0.06836963444948196
-0.08615589141845703
0.02074269764125347
0.23986870050430298
0.18875205516815186
0.26117369532585144
-0.06217809021472931
0.16550906002521515
0.31520718336105347
0.052354246377944946
0.17752669751644135
0.046002861112356186
-0.04287039861083031
0.6735736727714539
0.6282820105552673
-0.3966481387615204
0.17984043061733246
-0.08925513178110123
-0.07998450845479965
0.04450441151857376
0.008201133459806442
0.02003585174679756
0.048607997596263885
-0.00553298881277442
0.0007004988146945834
-0.048493534326553345
-0.0710223838686943
-0.005847309250384569
0.0628010556101799
-0.1085822582244873
0.01691654697060585
-0.023681433871388435
-0.051028549671173096
0.08483433723449707
0.01668400689959526
0.08326917141675949
0.04466278851032257
0.25210893154144287
-0.1525423675775528
-0.06432708352804184
0.05212858319282532
-0.021227456629276276
-0.2981524169445038
-0.19772948324680328
-0.23177701234817505
-0.1953350156545639
0.14899547398090363
-0.09708593785762787
0.2493373155593872
-1.0270079374313354
-1.4317022562026978
0.10373976081609726
0.23262812197208405
0.25943320989608765
0.046689629554748535
-0.09619416296482086
0.35805901885032654
0.2801213562488556
0.22228330373764038
-0.3182092607021332
-0.12472645193338394
0.5160303115844727
0.3529922664165497
-0.2952571213245392
0.20972087979316711
-0.16850827634334564
-0.7221407294273376
0.07377061992883682
-0.11498435586690903
-0.10978008061647415
-0.1228472962975502
0.24171695113182068
-0.16326868534088135
-0.2621071934700012
-0.2060588151216507
-0.07930468022823334
-0.2349241077899933
-0.6218765377998352
-0.32796338200569153
0.1697940081357956
0.17841419577598572
-0.16690047085285187
0.022417493164539337
0.0010024214861914515
0.02720155380666256
0.01819227635860443
0.0579347163438797
0.006909883581101894
-0.05268234387040138
0.010197955183684826
-0.0595618411898613
-0.04103096202015877
-0.028253618627786636
-0.03304341435432434
-0.06358497589826584
0.039162661880254745
-0.004463519435375929
-0.020902996882796288
-0.03989127650856972
0.09925945103168488
0.09618323296308517
0.040574781596660614
0.05382591858506203
-0.007297826930880547
-0.1370949149131775
-0.21403604745864868
-0.21928559243679047
-0.10138283669948578
-0.399542897939682
-0.5947875380516052
-0.22842125594615936
-0.017879046499729156
0.22295919060707092
-0.1571817696094513
0.5603817105293274
-0.12821167707443237
-0.17869412899017334
0.05858004838228226
-0.07200836390256882
0.030458232387900352
-0.28482455015182495
-0.3176545798778534
-0.24963164329528809
-0.2371319979429245
-0.25681033730506897
-0.3782289922237396
-0.12983845174312592
0.013026777654886246
0.19721895456314087
-0.331667423248291
-0.2629997134208679
0.01236092858016491
0.012025479227304459
0.0002809210564009845
0.008769948035478592
0.03454456478357315
-0.16671963036060333
-0.20679931342601776
-0.3022019863128662
-0.27193835377693176
-0.28380286693573
-0.40642380714416504
-0.14324361085891724
0.02524816431105137
-0.02135160006582737
-0.3517785370349884
0.2759653925895691
0.3277856409549713
0.18180492520332336
0.3578658699989319
0.9098861217498779
0.3011334240436554
-0.018768534064292908
-0.09152110666036606
0.4158414304256439
0.2828591465950012
-0.17220203578472137
-0.37972718477249146
0.008501951582729816
0.26619696617126465
0.48285916447639465
0.5257331728935242
1.3130837678909302
-0.07712216675281525
0.05114462226629257
-0.018847042694687843
-0.05697791278362274
0.03788316249847412
-0.2050815224647522
-0.26120758056640625
-0.32334139943122864
-0.11309518665075302
-0.30040621757507324
-0.5200756192207336
-0.28919294476509094
-0.16603896021842957
0.05425968021154404
-0.24191012978553772
0.3126356601715088
-0.038279905915260315
0.04036679491400719
0.020759882405400276
0.008130810223519802
-0.018558425828814507
0.03868592157959938
-0.044119756668806076
-0.04941987618803978
0.008749381639063358
0.041519924998283386
0.008309253491461277
-0.06424172967672348
-0.035623759031295776
0.006709495093673468
0.024435723200440407
-0.05420513451099396
0.15697337687015533
0.00976248923689127
0.10273753106594086
0.6717852354049683
0.2779466211795807
-0.09135893732309341
0.030517233535647392
0.42155367136001587
0.4079710841178894
0.4743165373802185
0.47890686988830566
0.8560788035392761
0.56988924741745
0.5367610454559326
0.6581487059593201
0.8716037273406982
0.050821322947740555
0.03297506272792816
-0.11859991401433945
0.06297788769006729
-0.03443615138530731
0.033819522708654404
0.059598371386528015
0.050516869872808456
-0.041184380650520325
0.04695601016283035
-0.04996497184038162
-0.055311378091573715
-0.0652780830860138
0.03957352414727211
0.022562498226761818
0.0748608261346817
0.31647396087646484
-0.12525218725204468
-0.13591623306274414
-0.2191934883594513
0.5158992409706116
0.16703015565872192
-0.32565900683403015
-0.12049312144517899
0.4301969110965729
0.3719737231731415
0.09441150724887848
0.2122061550617218
0.3476877808570862
0.43598517775535583
-0.002760650822892785
0.30800661444664
0.17550499737262726
-0.02924034558236599
0.10044391453266144
0.6723405718803406
0.3550935685634613
0.022072808817029
0.02562718838453293
0.3232645094394684
0.42650145292282104
0.4953032433986664
0.5296499729156494
0.668533205986023
0.5938822627067566
0.5833422541618347
0.7578362226486206
1.1071147918701172
0.40551862120628357
0.060468364506959915
-0.0009350647451356053
0.4668460190296173
0.5228720307350159
0.1966802030801773
-0.04799032583832741
0.43106693029403687
0.6116463541984558
0.14244626462459564
0.026133473962545395
0.4520033895969391
0.46464794874191284
0.5742217302322388
0.4353014826774597
0.8979066610336304
0.44548317790031433
0.25829607248306274
0.2676217555999756
0.2547467052936554
0.48016175627708435
0.02547505684196949
-0.011271778494119644
0.27189064025878906
0.3799256384372711
0.10809537023305893
-0.11549334973096848
0.004932818002998829
0.7113447189331055
0.6675968766212463
0.12672625482082367
0.7987631559371948
-0.03215324506163597
-0.06305447220802307
0.10874856263399124
0.07032063603401184
-0.029639793559908867
0.04011274501681328
0.034158989787101746
0.02918047085404396
-0.027726193889975548
-0.09680688381195068
-0.02779240347445011
0.019226236268877983
-0.06600020825862885
-0.007188953459262848
-0.007635230198502541
-0.007167044561356306
0.13740356266498566
0.14552180469036102
0.2090318351984024
0.588974118232727
0.19874247908592224
0.052191585302352905
-0.13262957334518433
0.38322582840919495
0.18557170033454895
-0.2921122610569
-0.33297988772392273
-0.028902823105454445
0.30599480867385864
0.4482065439224243
0.5131996273994446
0.8642184734344482
-0.025805547833442688
0.17350511252880096
0.14745093882083893
0.2187378704547882
-0.06507301330566406
-0.19952133297920227
-0.10708469152450562
0.2822083830833435
-0.1469852328300476
-0.2248072326183319
-0.12961266934871674
0.2075890600681305
-0.028861967846751213
-0.24443577229976654
-0.5297471880912781
-0.2923523783683777
0.263854056596756
-0.022376708686351776
0.007270144764333963
0.07164565473794937
0.39511844515800476
-0.12868574261665344
-0.01064461562782526
0.2536517083644867
0.3407307267189026
0.24795228242874146
0.07589685171842575
0.33032798767089844
0.6735345125198364
0.3932240307331085
0.0687887966632843
0.7979217171669006
0.35629263520240784
-0.02620215155184269
-0.25358861684799194
-0.299714595079422
0.8041737079620361
0.020771682262420654
-0.4032258987426758
-0.09655936062335968
0.7326856851577759
0.33505120873451233
-0.09485416859388351
-0.18729554116725922
0.7689089179039001
0.598948061466217
0.232073113322258
0.08328171074390411
0.4157039225101471
0.012236361391842365
-0.12786900997161865
-0.3227027356624603
0.9107037782669067
0.27508917450904846
-0.4844207763671875
0.0037498222663998604
1.1660332679748535
0.3761305510997772
-0.06577859818935394
-0.2737277150154114
0.830943763256073
0.41239461302757263
0.039482295513153076
-0.2116990089416504
0.06618655472993851
0.02528518997132778
-0.0028729098848998547
0.014780399389564991
-0.0580432154238224
0.010991101153194904
0.07610076665878296
-0.07375763356685638
0.0028404861222952604
0.03410469368100166
0.07261324673891068
0.021494293585419655
-0.05675126612186432
-0.04725460335612297
-0.11088458448648453
0.02287074737250805
-0.10746263712644577
-0.0009598735487088561
0.07224425673484802
0.03567838668823242
-0.05285756289958954
0.07271649688482285
-0.02375410497188568
-0.04515841230750084
-0.045181721448898315
-0.07687804847955704
0.037792354822158813
0.0002775837783701718
0.027226483449339867
0.07559633255004883
0.06939233094453812
-0.008243114687502384
0.1951812207698822
-0.05644466355443001
0.14254191517829895
0.8369174599647522
0.20759649574756622
-0.44806233048439026
0.07332797348499298
0.5129476189613342
0.30537155270576477
0.002510565100237727
-0.23630204796791077
0.41975679993629456
0.3516051173210144
0.32552605867385864
0.4309525489807129
0.6439716815948486
0.11715997755527496
0.29744425415992737
0.05917254835367203
-0.035138558596372604
0.17194783687591553
-0.12596680223941803
-0.14136897027492523
-0.002030735369771719
0.31788375973701477
-0.002811993006616831
-0.2755018174648285
0.02552175149321556
0.3572745621204376
0.4568190574645996
-0.1161300390958786
0.7826752662658691
0.0769222155213356
0.11475563794374466
-0.026888668537139893
-0.0215659961104393
0.023233413696289062
-0.33089348673820496
-0.3647100329399109
-0.35184991359710693
-0.05768682435154915
-0.21692033112049103
-0.4749431014060974
-0.4238452911376953
-0.04115032032132149
0.24043132364749908
-0.2213512361049652
0.04538588970899582
0.23277701437473297
-0.14183662831783295
0.27211543917655945
0.4980238080024719
0.3976094126701355
0.032929472625255585
-0.029754772782325745
-0.04083019495010376
0.261072039604187
0.5257061719894409
-0.07633927464485168
0.4181426763534546
0.7032751441001892
0.6658917665481567
0.0964912474155426
0.8988213539123535
0.03525601699948311
-0.047634802758693695
0.15513946115970612
0.11196450144052505
0.2096678763628006
-0.038867950439453125
-0.24827271699905396
0.2335497885942459
0.36456137895584106
0.26600736379623413
0.45287349820137024
0.302572637796402
0.47854262590408325
0.42932629585266113
0.3428794741630554
1.2924091815948486
0.01832445152103901
0.052001338452100754
0.007632877212017775
0.0009483682224527001
0.0729144811630249
-0.02175726369023323
0.031534869223833084
0.03491830453276634
0.051815517246723175
-0.013393730856478214
-0.1278308629989624
-0.03282949700951576
-0.02432490885257721
0.057049695402383804
0.020748037844896317
0.015503214672207832
0.15113981068134308
0.03430144116282463
-0.007339511066675186
0.0821186900138855
0.25311020016670227
-0.30838069319725037
-0.2644086480140686
-0.2141856551170349
-0.11483407020568848
-0.3223875164985657
-0.5996201634407043
-0.3200471103191376
0.16365009546279907
0.26255956292152405
-0.2058599591255188
0.05617940053343773
-0.018195955082774162
-0.0261746384203434
0.016852091997861862
0.029485197737812996
-0.007408968638628721
-0.010644711554050446
0.021231669932603836
-0.006417648401111364
-0.031147165223956108
0.049895819276571274
0.04608327895402908
-0.05657332018017769
-0.007230150047689676
0.016824647784233093
0.05041526257991791
0.0796777531504631
0.06994566321372986
-0.1578482687473297
-0.18184000253677368
0.12365929782390594
0.43453478813171387
-0.20151959359645844
-0.226459339261055
0.11961106210947037
0.2405603677034378
0.5138562321662903
0.13912905752658844
0.36742672324180603
0.5341349244117737
0.14206038415431976
0.23550376296043396
0.8480507731437683
0.30749955773353577
-0.0535484179854393
-0.3820957541465759
-0.25113645195961
0.46869760751724243
0.05521766468882561
-0.4229292571544647
-0.3177874684333801
0.11474984884262085
0.32892802357673645
-0.024176672101020813
-0.06145550310611725
0.4081127941608429
0.30053994059562683
-0.05687103047966957
-0.37812671065330505
0.031487517058849335
0.12395799905061722
0.20636232197284698
0.32466021180152893
0.18754678964614868
0.0031125398818403482
-0.021750181913375854
0.2504724860191345
-0.16479039192199707
-0.07469936460256577
0.7292271852493286
0.4988003373146057
-0.061892472207546234
0.37782397866249084
0.06436612457036972
-0.645039975643158
0.02224002778530121
0.014575441367924213
-0.08277614414691925
-0.0037974726874381304
0.11419486999511719
0.048864804208278656
0.023094497621059418
-0.0049032000824809074
0.00748611893504858
-0.02342330850660801
0.02724262699484825
-0.021931065246462822
0.008046546950936317
-0.06137264892458916
0.03427501022815704
-0.02345404028892517
-0.030695758759975433
0.1505967378616333
0.2659519910812378
0.2884380519390106
0.15237689018249512
-0.07639588415622711
0.10014727711677551
0.08170750737190247
-0.14314301311969757
-0.1900407075881958
0.6097800135612488
0.8413983583450317
0.04562917351722717
0.39256805181503296
-0.2514810264110565
-0.2944163680076599
-0.03628526255488396
0.014311187900602818
0.2301526665687561
0.35475683212280273
0.14956742525100708
-0.061964474618434906
-0.004235551692545414
0.14683379232883453
-0.20888663828372955
-0.18294741213321686
0.4082319736480713
0.3890382945537567
0.009763332083821297
0.20962952077388763
0.12617135047912598
0.18576757609844208
-0.09873826056718826
-0.008141067810356617
0.283659964799881
0.33863377571105957
0.09916926920413971
0.021903274580836296
0.1177799180150032
0.22515565156936646
-0.06587743759155273
-0.2533695101737976
0.4892481565475464
0.7801259756088257
0.17222008109092712
0.4562259614467621
-0.18197737634181976
-0.3231206238269806
0.1299203485250473
-0.038610219955444336
0.35410767793655396
-0.3906792998313904
-0.003778737271204591
0.10963401943445206
-0.37071067094802856
-0.5619103312492371
-0.1345621794462204
-0.23702165484428406
-0.3189496397972107
0.16257010400295258
-0.37198829650878906
0.03359362110495567
-0.7715970873832703
-1.1427668333053589
-0.0019388183718547225
0.05180246755480766
0.2652548551559448
0.3819125294685364
0.1942671537399292
0.029439320787787437
0.04269319772720337
0.18757933378219604
-0.22001756727695465
-0.17378008365631104
0.49068835377693176
0.8061474561691284
0.002523789182305336
0.40704894065856934
-0.18296779692173004
-0.3896162509918213
0.008158782497048378
-0.04900611564517021
-0.0034009902738034725
0.006678887642920017
-0.048742327839136124
-0.021173439919948578
0.039945073425769806
0.048352211713790894
0.03160058334469795
-0.10656668245792389
-0.04040602594614029
0.005751513410359621
-0.010197289288043976
-0.04056326299905777
0.02623630501329899
-0.0019060138147324324
0.13238002359867096
-0.06180957704782486
-0.2416628748178482
-0.4535369575023651
-0.22884291410446167
-0.2359885424375534
-0.07747582346200943
-0.5985574722290039
-0.0494372583925724
-0.3419097065925598
-0.2733346223831177
-0.23689965903759003
0.15613622963428497
-0.029225999489426613
-1.763221263885498
-1.7842215299606323
0.01873144507408142
-0.06966356188058853
-0.03301146253943443
0.061885613948106766
0.05469149351119995
-0.04086576774716377
-0.0019178511574864388
-0.09124428033828735
0.007612379267811775
-0.034952953457832336
0.00883244164288044
-0.059984393417835236
-0.012014868669211864
-0.014883325435221195
0.11857806146144867
0.08043785393238068
0.327689528465271
0.24447371065616608
-0.009366882033646107
-0.12446077913045883
-0.3489108681678772
-0.09735848754644394
0.11686043441295624
-0.2804141938686371
-0.6054549813270569
-0.06525707989931107
0.26754143834114075
0.09486471116542816
0.056311964988708496
0.2465488761663437
0.11184481531381607
-0.9288609027862549
0.12327273935079575
-0.08065508306026459
-0.3527575433254242
-0.5758166313171387
-0.20511668920516968
-0.24986916780471802
-0.09788293391466141
-0.44538241624832153
0.10964369028806686
-0.24110573530197144
-0.43463921546936035
-0.2506179213523865
0.09705062955617905
-0.07734005898237228
-1.462437629699707
-1.7382649183273315
0.4280373752117157
0.17049363255500793
-0.027733340859413147
-0.4614696502685547
-0.33968740701675415
-0.0916568785905838
-0.2749859094619751
-0.5966723561286926
-0.37358248233795166
-0.22751562297344208
-0.28561389446258545
-0.3642566204071045
-0.029154503718018532
0.16268736124038696
-0.44808605313301086
-1.1355317831039429
0.4294150769710541
0.20553946495056152
0.05224514752626419
-0.07389690726995468
-0.05244867131114006
-0.07045344263315201
-0.04278821498155594
-0.2704817056655884
-0.27662229537963867
-0.1453012228012085
0.11036010831594467
0.1915704607963562
-0.28924834728240967
0.03069540485739708
-0.5773797035217285
-0.9282302260398865
0.08708909153938293
0.008308839052915573
-0.02683921717107296
-0.05307877063751221
-0.0022628437727689743
0.00284010823816061
0.018271928653120995
0.07585419714450836
0.10846623033285141
0.0283308494836092
-0.07546496391296387
-0.09617205709218979
-0.0162800345569849
0.03539951890707016
-0.11328186839818954
-0.03641843423247337
0.15211915969848633
0.0666096955537796
0.44568607211112976
-0.23277176916599274
-0.008423359133303165
-0.07854822278022766
-0.3707403242588043
-0.5831528306007385
-0.06188494712114334
-0.2448892593383789
-0.2755205035209656
0.20863495767116547
-0.1228160485625267
-0.013628708198666573
-0.5785773992538452
-0.7307373881340027
-0.13302943110466003
0.20482228696346283
0.0766628310084343
0.5315461158752441
-0.14723771810531616
0.18212151527404785
0.09025084972381592
-0.13510636985301971
0.07413531839847565
-0.11010301858186722
0.044375620782375336
0.06720275431871414
0.4269733130931854
0.07994329184293747
0.5333018898963928
0.13934290409088135
0.18306447565555573
-0.04584844410419464
-0.12761159241199493
-0.15296712517738342
-0.06535953283309937
-0.16351790726184845
-0.0357896089553833
-0.4376465976238251
-0.023211857303977013
-0.1702638417482376
-0.034576985985040665
0.22414763271808624
-0.014387929812073708
0.17848984897136688
-0.8541449308395386
-1.5241944789886475
0.6221325397491455
0.10319408029317856
-0.0003450947697274387
0.028025370091199875
-0.241559699177742
0.05271183326840401
0.0366441085934639
-0.1659940630197525
-0.8409481048583984
-0.03761176019906998
0.30955570936203003
0.2824922502040863
-0.44889646768569946
0.04221346974372864
-0.17739899456501007
-1.162334680557251
0.5844005942344666
0.09906768053770065
0.05682757869362831
0.060109008103609085
0.03911958262324333
-0.004306592047214508
0.09928589314222336
-0.04169333726167679
-0.2663588523864746
0.12199676036834717
0.4453999102115631
0.3754996657371521
-0.36062005162239075
0.31662607192993164
0.17003299295902252
-1.4381731748580933
-0.11169528216123581
-0.04119018465280533
0.06088314577937126
-0.03973150998353958
-0.031161515042185783
0.032918430864810944
-0.08035195618867874
-0.03638666495680809
-0.015547006390988827
-0.015688180923461914
0.02686665765941143
0.00283241830766201
-0.00777662405744195
-0.014173384755849838
0.05157269164919853
0.013620547950267792
0.04777644947171211
0.009435076266527176
0.07166704535484314
0.129708394408226
-0.014724566601216793
-0.0016284720040857792
0.05704181268811226
-0.009307979606091976
-0.02329593524336815
-0.03102424181997776
0.04743599146604538
-0.011960570700466633
-0.020610475912690163
0.05287453904747963
-0.05557259917259216
-0.0504109226167202
0.0811445340514183
-0.1471705138683319
0.08504948765039444
0.06652335077524185
-0.16573385894298553
-0.25970232486724854
-0.37590497732162476
-0.5134596228599548
0.2517022490501404
-0.25730782747268677
0.19495859742164612
0.06851460784673691
0.07172494381666183
-0.06490524858236313
-0.8623771071434021
-0.6474239826202393
0.08915144205093384
0.10845062136650085
0.3156649172306061
0.12934230268001556
-0.1265295296907425
0.16557060182094574
-0.20779404044151306
-0.06355755776166916
-0.30815622210502625
-0.19308730959892273
0.19880308210849762
0.329082190990448
-0.18563126027584076
0.05377796292304993
-0.388469934463501
-0.7812403440475464
-0.13217046856880188
-0.09252788871526718
0.24118369817733765
0.4020410180091858
0.13137732446193695
0.023093797266483307
0.15879233181476593
0.19434867799282074
-0.19864389300346375
-0.11599360406398773
0.6451260447502136
0.7952272891998291
0.019056344404816628
0.4887067377567291
0.37666866183280945
0.1204514428973198
0.48830467462539673
-0.29663029313087463
0.00037427328061312437
-0.07612933218479156
0.08782108128070831
-0.08664925396442413
-0.33716079592704773
-0.1862402856349945
0.04699523001909256
-0.5157988667488098
-0.0004300165455788374
0.2033516764640808
-0.2736777365207672
0.13000866770744324
-0.6390372514724731
-0.987108588218689
0.3218134939670563
0.09951521456241608
0.04392976313829422
-0.36099204421043396
-0.2020919770002365
-0.136763796210289
-0.010281459428369999
-0.2792937159538269
-0.4084848463535309
-0.29559701681137085
-0.08334167301654816
-0.0661933496594429
-0.13246619701385498
0.28965139389038086
-0.8391134738922119
-1.073695421218872
-0.0024032369256019592
0.0063791642896831036
-0.0027664341032505035
0.08065694570541382
0.03056068904697895
-0.08193980902433395
0.03297393023967743
-0.03712201118469238
-0.004469810985028744
-0.07840907573699951
0.03176828846335411
-0.06728093326091766
0.037128474563360214
0.006146284751594067
0.051029808819293976
0.02678082324564457
0.13590344786643982
-0.07595866918563843
0.32575497031211853
0.2868870496749878
0.22358953952789307
0.21357868611812592
0.01592925935983658
0.21047665178775787
-0.09607242792844772
-0.128896102309227
0.5712883472442627
0.6188238859176636
-0.2744253873825073
0.41250306367874146
0.02953215129673481
0.13273505866527557
0.011870249174535275
-0.02190711349248886
-0.04386655613780022
-0.06493054330348969
0.0214406568557024
0.05400674045085907
0.06385835260152817
-0.018974509090185165
-0.07725486159324646
0.053372032940387726
-0.025457406416535378
-0.0023009434808045626
0.0770195797085762
-0.012834847904741764
-0.009253064170479774
-0.015423009172081947
0.24448826909065247
-0.2184877097606659
0.03746931999921799
-0.011014889925718307
-0.07370605319738388
-0.16244542598724365
0.15126237273216248
-0.23894785344600677
0.010616847313940525
-0.3113011419773102
-0.040701575577259064
0.11067897826433182
0.11633102595806122
0.46659448742866516
-0.9499417543411255
-0.8615814447402954
0.4630439877510071
0.1388823390007019
0.14368559420108795
0.034014955163002014
-0.11080589890480042
0.09225671738386154
0.18522320687770844
0.11717046797275543
-0.4274594485759735
0.09445763379335403
0.5295044183731079
0.5436890125274658
-0.03666248917579651
0.3273443579673767
0.1342877745628357
-0.47688478231430054
-0.12168356776237488
-0.2535894215106964
-0.12333326786756516
0.14024516940116882
-0.03840690106153488
-0.21853229403495789
-0.22085538506507874
-0.29527291655540466
-0.3417976200580597
-0.23897939920425415
-0.6644613742828369
-0.5205065011978149
-0.32735541462898254
-0.13347898423671722
-0.3980852961540222
-0.15716388821601868
0.023438958451151848
0.10351666063070297
-0.05178922414779663
-0.02668738178908825
0.07788646966218948
-0.009352232329547405
-0.03785732015967369
-0.040992580354213715
0.073136106133461
-0.06654831022024155
0.04017672315239906
-0.005451913923025131
-0.02356843091547489
0.04112963378429413
-0.023192455992102623
-0.016254659742116928
-0.19108666479587555
-0.0828423723578453
0.03899812325835228
0.19925899803638458
-0.011257354170084
-0.2672469913959503
-0.11559399217367172
-0.2737012207508087
-0.4151166081428528
-0.45846298336982727
-0.4001144766807556
-0.2880663275718689
-0.33321815729141235
-0.08712664991617203
-0.4988213777542114
0.47317954897880554
-0.12528732419013977
-0.1539146602153778
-0.08176545798778534
-0.08373890817165375
-0.03567910194396973
-0.42484250664711
-0.22732381522655487
-0.300516277551651
-0.4279569983482361
-0.18183155357837677
-0.28234174847602844
-0.13015256822109222
-0.24122323095798492
-0.13249146938323975
-0.5801555514335632
-0.45532092452049255
-0.10428285598754883
-0.1428830325603485
0.06277143210172653
0.20127838850021362
-0.05212683975696564
-0.24328215420246124
-0.13634897768497467
-0.2719498872756958
-0.41590791940689087
-0.18023109436035156
-0.3917509615421295
-0.223011776804924
-0.28047850728034973
-0.17949818074703217
-0.6284043192863464
-0.08579304069280624
0.07097645848989487
0.003659844631329179
0.34251829981803894
0.9805148839950562
-0.06697695702314377
-0.06905538588762283
-0.16657979786396027
0.6505482196807861
-0.17656171321868896
-0.19491668045520782
-0.4000304043292999
0.30409443378448486
-0.18521219491958618
-0.2013968676328659
0.43646249175071716
1.3304970264434814
-0.09962160140275955
-0.12014459818601608
-0.07095743715763092
0.019391721114516258
0.026814281940460205
-0.21347889304161072
-0.2917073965072632
-0.2956960201263428
-0.4648408889770508
-0.26187458634376526
-0.364770770072937
-0.37267985939979553
-0.29599854350090027
-0.2769802212715149
-0.5133479833602905
0.010892579331994057
-0.04357562214136124
0.022759051993489265
0.05639167129993439
-0.009266380220651627
-0.007468951400369406
0.019523441791534424
0.026265151798725128
-0.09379421919584274
0.037340980023145676
-0.03221504017710686
-0.0012063359608873725
-0.0096229687333107
-0.014985794201493263
0.033270929008722305
0.050936948508024216
0.04082288220524788
0.0013753129169344902
-0.13716357946395874
0.3386950194835663
0.6693283319473267
0.0051256646402180195
-0.2290906310081482
-0.0007462817011401057
0.6543394923210144
-0.025648396462202072
0.30353158712387085
0.5379002094268799
0.6865624189376831
0.2897839844226837
0.12926968932151794
0.7365350127220154
0.9067831039428711
0.020760104060173035
0.0024772791657596827
0.0027573294937610626
-0.007901719771325588
-0.04256817325949669
0.020795011892914772
0.00850724708288908
-0.026618706062436104
0.032100941985845566
0.05092664808034897
-0.026336943730711937
0.0750282034277916
-0.02265172079205513
0.027852820232510567
-0.02795972302556038
-0.022528432309627533
0.08760254830121994
-0.369046688079834
-0.14247336983680725
-0.08828355371952057
0.08030196279287338
0.1432550549507141
-0.290358304977417
-0.14624781906604767
-0.050035398453474045
0.16209666430950165
0.05923744663596153
0.2249128520488739
0.07770935446023941
0.142439603805542
-0.04492122307419777
0.3350476920604706
-0.09133858233690262
-0.3107979893684387
0.2852228581905365
0.8449856042861938
0.13579100370407104
-0.2217685431241989
-0.18927347660064697
0.36999207735061646
-0.14560067653656006
0.408719003200531
0.5493806004524231
0.555546224117279
0.15346601605415344
0.22013813257217407
0.7338521480560303
1.1376782655715942
0.1354086548089981
0.00783421192318201
0.3028136193752289
0.5756468772888184
0.08117560297250748
0.17645876109600067
-0.10180925577878952
0.40219128131866455
0.13631601631641388
0.1317881941795349
-0.06349493563175201
0.6131579875946045
0.21066534519195557
-0.05278699845075607
0.40971288084983826
0.8228307962417603
0.21003377437591553
-0.11501811444759369
0.33781754970550537
0.5986821055412292
-0.11995431035757065
0.1526263803243637
-0.202076256275177
0.30673977732658386
-0.11485932767391205
0.029251903295516968
-0.1659083366394043
0.18200631439685822
0.2434837967157364
0.16721445322036743
-0.03630563244223595
0.6044910550117493
0.055635467171669006
0.06291745603084564
0.03298172727227211
0.04823954403400421
-0.003087705699726939
0.025854337960481644
-0.05398738384246826
0.010037226602435112
0.011839371174573898
0.005347182508558035
-0.011967753060162067
-0.021016620099544525
0.05987757444381714
-0.060710400342941284
0.010987621732056141
-0.006356413010507822
0.12137290090322495
0.07770081609487534
0.23142167925834656
0.5860608220100403
-0.024037662893533707
-0.016788756474852562
0.04429619014263153
0.45412832498550415
-0.12185483425855637
-0.08750250935554504
-0.3295876681804657
0.2557872235774994
-0.1690569967031479
-0.15408606827259064
0.17872223258018494
0.7873902320861816
-0.14215558767318726
0.17803077399730682
0.06572514027357101
0.34111854434013367
-0.09642457962036133
-0.2416277974843979
-0.12344281375408173
0.32491129636764526
-0.03310604766011238
-0.2969636023044586
-0.13254877924919128
0.04007953032851219
-0.019922571256756783
-0.3603317439556122
-0.5411672592163086
-0.3500405550003052
0.10313405841588974
-0.27331921458244324
0.00633372412994504
0.14537915587425232
0.05500899627804756
-0.12827278673648834
-0.177726149559021
0.25536033511161804
-0.08541610091924667
0.1467028558254242
0.1374686062335968
0.3548535108566284
0.0752919539809227
-0.028531089425086975
0.08176622539758682
0.66275554895401
0.19313065707683563
-0.17172890901565552
-0.13248084485530853
-0.07066725939512253
0.13151368498802185
-0.07950980961322784
-0.5164043307304382
-0.22128614783287048
0.002418754855170846
0.3418508768081665
-0.09580790251493454
-0.36215537786483765
0.37703239917755127
0.05875685065984726
0.2358136922121048
0.07713490724563599
0.15560854971408844
-0.21092675626277924
-0.1894814670085907
-0.17163637280464172
0.2418864369392395
-0.01326409075409174
-0.4161328971385956
-0.15929009020328522
0.17518043518066406
0.11770643293857574
-0.1309027522802353
-0.2849491834640503
0.2500908076763153
0.04208741337060928
-0.1330331265926361
-0.23869545757770538
0.06982170045375824
-0.001300933538004756
0.028394341468811035
-0.05080000311136246
0.013754383660852909
0.014418489299714565
-0.03116999939084053
0.025235015898942947
0.08215931802988052
0.04783819988369942
-0.04479742795228958
-0.011268661357462406
0.013460208661854267
0.03134629502892494
-0.0277812872081995
0.009361890144646168
0.040666501969099045
-0.06656775623559952
0.06342953443527222
0.06680528074502945
-0.01894078217446804
8.464686834486201e-05
-0.043280504643917084
-0.039348796010017395
0.057098690420389175
-0.02599831484258175
0.03504026308655739
-0.027201086282730103
-0.03372975066304207
-0.01677839457988739
-0.032178331166505814
0.04866401478648186
-0.02041304111480713
-0.1500731110572815
0.311023473739624
0.7537330389022827
0.09277009963989258
-0.44617992639541626
-0.1281420737504959
0.6178755164146423
0.11934169381856918
-0.10291150957345963
-0.28110992908477783
0.2980864644050598
0.11318232119083405
-0.015929384157061577
0.46376192569732666
0.6665101647377014
0.06076940894126892
-0.004575916565954685
0.15100854635238647
0.11219947785139084
-0.00639055110514164
-0.16380101442337036
-0.2925925552845001
-0.0044196974486112595
-0.10000474005937576
-0.23227901756763458
-0.35774484276771545
0.23461419343948364
-0.032482996582984924
-0.201291024684906
-0.09301445633172989
0.7594635486602783
-0.07070515304803848
-0.17775732278823853
-0.04542821645736694
0.04119399935007095
-0.06504280865192413
-0.27950772643089294
-0.2412000149488449
-0.33124133944511414
-0.40139079093933105
-0.31820082664489746
-0.42862191796302795
-0.3021174669265747
-0.339070588350296
-0.13476894795894623
-0.6191177368164062
-0.10556703805923462
0.06056777760386467
-0.2634374797344208
0.4558536112308502
0.6544492840766907
0.03557870164513588
0.012035734951496124
-0.21489018201828003
0.052419088780879974
-0.025633208453655243
0.3345324993133545
-0.007816721685230732
0.23499314486980438
-0.03214617073535919
0.015710366889834404
0.03665125370025635
0.7720216512680054
-0.06109422445297241
-0.14248788356781006
0.08720303326845169
0.20292115211486816
-0.15851210057735443
-0.000513417471665889
-0.28472739458084106
0.2964247763156891
-0.1387733817100525
0.2487029880285263
0.33673006296157837
0.3577432632446289
0.10697317868471146
-0.09740805625915527
0.13488280773162842
1.1479092836380005
0.047174058854579926
-0.07501707226037979
-0.04584990069270134
-0.022539393976330757
0.00338565930724144
0.009692943654954433
-0.0235647801309824
-0.09200708568096161
-0.012486305087804794
0.04996804893016815
-0.00234904233366251
-0.005671389866620302
-0.01860545389354229
-0.01001178752630949
-0.029367350041866302
-0.038112539798021317
-0.0657539963722229
-0.16600601375102997
-0.014475977048277855
0.3026506006717682
-0.04102572426199913
-0.3326652944087982
-0.18456777930259705
-0.1325075477361679
-0.33945804834365845
-0.28019294142723083
-0.6389153003692627
-0.3643043339252472
-0.4041314423084259
-0.06771304458379745
-0.4321114122867584
0.0800948217511177
-0.04689620062708855
-0.035121288150548935
0.030801111832261086
-0.05309658125042915
0.02839668095111847
0.10822939872741699
0.007575940806418657
-0.002914654789492488
0.08833052217960358
0.019097672775387764
-0.0139760198071599
-0.03873944282531738
-0.00901311170309782
0.038181643933057785
-0.07194634526968002
-0.05121617019176483
-0.015876425430178642
-0.29145729541778564
-0.14701524376869202
0.18140661716461182
0.01407749205827713
-0.26737725734710693
-0.30036699771881104
0.06310458481311798
-0.20541805028915405
0.3636074960231781
0.16276344656944275
0.2642748951911926
0.07286790758371353
-0.02923327125608921
0.22528211772441864
0.7005106806755066
0.06600449979305267
-0.3829168975353241
-0.3917470872402191
-0.1294046938419342
-0.05754874274134636
0.0786125436425209
-0.4622836112976074
-0.18141980469226837
-0.26387155055999756
0.27376681566238403
-0.039591558277606964
0.027887631207704544
-0.01715862937271595
0.035163212567567825
0.036841850727796555
-0.3348454236984253
-0.1636456549167633
-0.1948428452014923
-0.15549254417419434
0.0977887287735939
0.15402081608772278
-0.14610852301120758
-0.19514130055904388
-0.05095641314983368
-0.32469210028648376
-0.3332027792930603
-0.5262619853019714
-0.4123612642288208
-0.2000068873167038
-0.16317513585090637
-0.13517795503139496
-0.08673382550477982
-0.05183466523885727
-0.06460589915513992
0.01732582040131092
0.021365271881222725
-0.012755641713738441
0.062365058809518814
0.05352253094315529
-0.023732924833893776
0.026513660326600075
-0.00038130200118757784
-0.07042305916547775
-0.006730049382895231
0.07114866375923157
-0.06474703550338745
0.03614908084273338
-0.13689441978931427
-0.18217870593070984
-0.019069848582148552
0.021906036883592606
0.371065616607666
0.0824989303946495
-0.28548428416252136
0.040350593626499176
-0.15306109189987183
-0.27339842915534973
-0.44693633913993835
-0.585180401802063
-0.2654690742492676
-0.4621204435825348
-0.10000644624233246
-0.39787620306015015
0.5054899454116821
-0.09927509725093842
-0.23948460817337036
-0.17603088915348053
-0.06825590878725052
0.05153384432196617
-0.3221086263656616
-0.15572674572467804
-0.06056825816631317
-0.24628736078739166
-0.26230546832084656
-0.21732255816459656
-0.12436054646968842
-0.32777395844459534
-0.1413503885269165
-0.3307760953903198
-0.49657291173934937
-0.1175960898399353
-0.15560676157474518
-0.11708936840295792
0.20143400132656097
0.0748782828450203
-0.26309138536453247
-0.14408716559410095
-0.06444883346557617
-0.3306236267089844
-0.29324641823768616
-0.45207950472831726
-0.22304129600524902
-0.3620404601097107
-0.3058318495750427
-0.6018457412719727
-0.049346212297677994
0.08632560819387436
0.017163844779133797
0.42606112360954285
0.6599825620651245
0.1475571095943451
-0.035891227424144745
0.14642812311649323
0.33074405789375305
-0.14878414571285248
-0.2705366909503937
-0.4859851896762848
0.1614132523536682
-0.2818414866924286
0.15552319586277008
0.5712990760803223
1.1601052284240723
-0.10076090693473816
-0.11154469847679138
-0.025418085977435112
0.09782595932483673
-0.004249319899827242
-0.08947284519672394
-0.12885750830173492
-0.05045246705412865
-0.32208773493766785
-0.4683058559894562
-0.43207496404647827
-0.24734611809253693
-0.3353596031665802
-0.29477784037590027
-0.3900514543056488
0.05530206859111786
0.012902770191431046
-0.10991371423006058
-0.01493025477975607
0.042127665132284164
0.09352778643369675
0.029718421399593353
-0.060688626021146774
0.016993582248687744
-0.03604716807603836
-0.02306951768696308
0.05793621018528938
-0.025963706895709038
-0.08253404498100281
0.062356989830732346
0.015905801206827164
-0.0003245198749937117
-0.0002070521004498005
-0.004820344503968954
0.3121388554573059
0.44527769088745117
0.05507133901119232
-0.12172388285398483
0.007488450035452843
0.35730665922164917
-0.018690861761569977
0.3998638391494751
0.6197032928466797
0.7043986916542053
0.3253104090690613
0.29292967915534973
0.8468817472457886
0.8430104851722717
0.03348572179675102
-0.02431184984743595
-0.0797971859574318
0.025603292509913445
-0.057156041264534
-0.00976733397692442
-0.005846213083714247
0.04602469131350517
-0.010313909500837326
-0.032146599143743515
0.07286946475505829
0.013410298153758049
0.02974778786301613
0.047888606786727905
-0.003602211829274893
-0.027502944692969322
0.0962839126586914
-0.39221811294555664
0.02546364814043045
-0.1688687950372696
0.03348616883158684
0.14705753326416016
-0.2545989453792572
-0.20534861087799072
-0.14819477498531342
0.21584707498550415
0.11684359610080719
0.3612692356109619
0.012707925401628017
0.13576389849185944
0.04190954193472862
0.14142651855945587
-0.06812011450529099
-0.05031086504459381
0.19625017046928406
0.41843122243881226
0.18340088427066803
-0.08007550984621048
-0.050958551466464996
0.1713264137506485
-0.046998392790555954
0.5534238815307617
0.6318008303642273
0.5618893504142761
0.05175219848752022
0.40337738394737244
0.6386808156967163
1.2326710224151611
0.2135264277458191
-0.04596367105841637
0.21177802979946136
0.3815509080886841
0.10519004613161087
-0.04385700821876526
0.1309889703989029
0.18616734445095062
0.15135206282138824
0.3052823841571808
-0.04733691364526749
0.6455519199371338
0.058315083384513855
0.30041858553886414
0.5868510007858276
0.8814400434494019
0.12055458128452301
-0.09992505609989166
0.3725404739379883
0.155217245221138
0.03420998528599739
0.025866031646728516
0.03759889304637909
-0.07883549481630325
-0.11953102052211761
0.046688418835401535
-0.07073641568422318
-0.05997151508927345
0.1659957468509674
0.4028232991695404
0.28917762637138367
0.8277059197425842
-0.028754407539963722
-0.008844113908708096
-0.00025569996796548367
-0.008264745585620403
-0.027636215090751648
0.007353280670940876
0.03747401759028435
0.11716639995574951
0.0071842363104224205
-0.02370178885757923
-0.02064349502325058
0.004092229995876551
0.028709717094898224
-0.04781556874513626
0.13083207607269287
-0.0590934157371521
0.06861089915037155
0.0694107711315155
0.36484241485595703
0.5101343393325806
-0.011822285130620003
-0.15911521017551422
0.25725629925727844
0.24006561934947968
-0.3422960638999939
-0.1813981831073761
-0.3900328576564789
0.2914638817310333
-0.26047542691230774
0.13541749119758606
0.3639838397502899
0.793150007724762
-0.11535900831222534
0.11704419553279877
0.0991886779665947
0.3335815668106079
0.006778641138225794
-0.2332274168729782
-0.0631694346666336
0.41265538334846497
-0.10295918583869934
-0.31950393319129944
-0.22793442010879517
0.0703292116522789
-0.06196660175919533
-0.3547544479370117
-0.530236542224884
-0.22949835658073425
0.045938245952129364
-0.047885961830616
0.0839085578918457
-0.08814528584480286
0.12268062680959702
-0.23668523132801056
-0.12370099127292633
0.02722104825079441
0.02538159117102623
0.3204844892024994
0.10167296230792999
0.2071380615234375
0.1411554217338562
-0.009803781285881996
0.02723291516304016
0.6296337842941284
0.22873540222644806
-0.41680261492729187
-0.15234240889549255
-0.24967537820339203
0.08728629350662231
-0.04825299605727196
-0.32690614461898804
-0.2615000009536743
0.026015428826212883
0.31978970766067505
-0.0856887474656105
-0.2145819514989853
0.2734653949737549
0.14711058139801025
0.2775614261627197
0.10454526543617249
0.1359865963459015
-0.2985292077064514
-0.14993952214717865
-0.25174087285995483
0.3791561424732208
0.06991918385028839
-0.3120535612106323
-0.06360607594251633
0.19102926552295685
0.07501015067100525
-0.16309508681297302
-0.10134892165660858
-0.03693931922316551
0.07238224148750305
-0.0049223098903894424
-0.21460002660751343
-0.049634166061878204
-0.0025878644082695246
-0.035356003791093826
-0.05375591665506363
0.007414038758724928
0.04254651442170143
0.00702883955091238
-0.020582176744937897
0.08360057324171066
0.1295882761478424
-0.004936026409268379
-0.027186155319213867
-0.005274959374219179
-0.027309374883770943
0.05084345489740372
-0.03693622350692749
-0.00048718455946072936
0.0054719774052500725
-0.03445699065923691
-0.060960978269577026
-0.007807055022567511
-0.046771589666604996
0.032968442887067795
-0.048211678862571716
0.014488725923001766
0.09190019220113754
0.03195195645093918
-0.05146301910281181
0.029481133446097374
-0.1037682294845581
0.0468437522649765
-0.0332118459045887
-0.03790142014622688
-0.054312266409397125
0.2707996964454651
0.5452438592910767
0.13404984772205353
-0.5033199191093445
0.03157059848308563
0.3830450773239136
0.24194297194480896
-0.08310343325138092
-0.17186884582042694
0.3766532242298126
0.20461826026439667
0.13128617405891418
0.6011198163032532
0.6078897714614868
-0.00486790994182229
-0.043439820408821106
0.07714834064245224
-0.08433090895414352
0.04350358620285988
-0.25263720750808716
0.01801116392016411
-0.06385224312543869
-0.14161896705627441
-0.25094157457351685
-0.1800326257944107
0.10152722895145416
-0.23561808466911316
0.09207826107740402
0.052435506135225296
0.6343218684196472
-0.1290111392736435
-0.07733174413442612
-0.026332681998610497
0.025980211794376373
0.06413491070270538
-0.3031253516674042
-0.15855561196804047
-0.08627912402153015
-0.2802937626838684
-0.47767484188079834
-0.5102182030677795
-0.40789467096328735
-0.3394138216972351
-0.2509198784828186
-0.550339937210083
-0.20970378816127777
0.024071509018540382
-0.22856473922729492
0.3227117657661438
0.3322110176086426
0.08765202015638351
-0.01800219900906086
-0.04347803443670273
-0.03568023815751076
-0.0331772118806839
0.5834108591079712
-0.0408141203224659
0.21126218140125275
-0.022425329312682152
0.14885714650154114
0.331569641828537
0.7589160799980164
-0.046865396201610565
-0.2653535008430481
0.11981049180030823
-0.13356365263462067
-0.02484316937625408
-0.13238291442394257
-0.2078344076871872
0.01147716399282217
-0.25937727093696594
0.24634136259555817
0.3063162863254547
0.3541927635669708
-0.06400683522224426
0.11950866132974625
0.38676387071609497
1.0319088697433472
-0.010593992657959461
0.015459445305168629
0.001216477365233004
-0.06391489505767822
0.011446156539022923
-0.012199447490274906
-0.02189183607697487
0.05237489193677902
-0.006159347016364336
0.031722601503133774
-0.06301432102918625
0.01922222040593624
0.010635899379849434
-0.07203789055347443
-0.003016267204657197
-0.04289375618100166
0.09217014908790588
-0.21465058624744415
-0.08191273361444473
0.22707904875278473
0.11010268330574036
-0.2674890458583832
-0.09087201952934265
-0.059239938855171204
-0.2955514192581177
-0.37685540318489075
-0.5377992391586304
-0.30815696716308594
-0.3546023666858673
-0.0894511416554451
-0.23502707481384277
0.13828453421592712
-0.02976270206272602
0.022150231525301933
-0.012616096064448357
-0.026211941614747047
-0.04666730388998985
0.020115375518798828
0.07068734616041183
0.011473466642200947
-0.03137686848640442
0.019988592714071274
-0.0354347787797451
-0.09280125796794891
-0.02386026829481125
-0.006791507359594107
-0.07211809605360031
0.010582889430224895
0.005650106351822615
-0.09379516541957855
-0.1492464542388916
-0.1278703212738037
0.09817054867744446
-0.31350231170654297
-0.18071112036705017
0.06409423798322678
-0.15325281023979187
0.5630258917808533
0.30829915404319763
0.18466238677501678
0.11310995370149612
-0.13235220313072205
0.2495630383491516
0.6031008362770081
0.11112535744905472
-0.366960346698761
-0.2987803816795349
-0.23863732814788818
0.022735171020030975
0.022831404581665993
-0.299933522939682
-0.1739923655986786
-0.29154273867607117
0.2453806847333908
0.09696897864341736
-0.06491910666227341
-0.08822223544120789
-0.03982653096318245
0.08758028596639633
-0.3644182085990906
-0.12403801828622818
-0.26680707931518555
-0.10400726646184921
0.18960349261760712
0.22881610691547394
-0.3040798008441925
-0.20552723109722137
-0.17628850042819977
-0.01369089912623167
-0.2424740046262741
-0.5875919461250305
-0.3552910089492798
0.23452848196029663
0.052493657916784286
-0.2860912084579468
0.04708948731422424
-0.14341095089912415
0.048760827630758286
-0.05764684081077576
0.03191754221916199
-0.05140107870101929
-0.05065860226750374
-0.029576703906059265
0.05337350815534592
0.0396985225379467
-0.03321868181228638
0.07410997897386551
-0.03905891254544258
0.018428653478622437
-0.04649422690272331
0.03918638825416565
0.004064306151121855
-0.1737924963235855
-0.1724543273448944
0.08266594260931015
0.27133744955062866
-0.03508972004055977
-0.1809777021408081
-0.13000553846359253
-0.29311978816986084
0.00534918112680316
-0.4035398066043854
-0.5988931655883789
-0.24939508736133575
-0.07220882922410965
0.05129774287343025
-0.31792521476745605
0.6005260944366455
-0.16621586680412292
-0.36226794123649597
-0.16906312108039856
0.04627733305096626
-0.019364481791853905
-0.30911755561828613
-0.3356636166572571
-0.2661927044391632
-0.3379581868648529
-0.2582361102104187
-0.35410594940185547
-0.26955464482307434
0.03880145400762558
0.06929843872785568
-0.47039610147476196
-0.19510671496391296
-0.14688757061958313
-0.19365248084068298
-0.1073579415678978
0.221675843000412
-0.12805785238742828
-0.2178116738796234
-0.18166673183441162
-0.3107888102531433
-0.14586541056632996
-0.24345654249191284
-0.42987051606178284
-0.31225889921188354
-0.01237209141254425
-0.1218971312046051
-0.44989341497421265
0.16831883788108826
0.045358844101428986
-0.03418169170618057
0.3980841338634491
1.0407637357711792
0.3950238525867462
-0.03170734643936157
0.004300435073673725
0.434593141078949
0.2650880813598633
-0.251717209815979
-0.2632378041744232
-0.11271870136260986
0.3703403174877167
0.3767474889755249
0.44671449065208435
1.3778189420700073
-0.18184693157672882
-0.256440669298172
-0.027300655841827393
0.1967545747756958
-0.05725684016942978
-0.259712815284729
-0.2766588032245636
-0.20880082249641418
-0.06682556122541428
-0.28259918093681335
-0.5026862025260925
-0.4288116991519928
-0.03506021946668625
-0.1289275735616684
-0.39366385340690613
0.25024330615997314
0.02368299663066864
0.04479305446147919
0.01767767407000065
-0.025525785982608795
-0.0502673014998436
0.06057242676615715
-0.04962598532438278
-0.003704293631017208
-0.011868854984641075
-0.033315129578113556
-0.0002578191051725298
0.06179342791438103
-0.07809028029441833
0.02881363406777382
0.037399470806121826
-0.012257195077836514
0.022645799443125725
-0.05866307020187378
0.3067711591720581
0.8625776767730713
0.2757508456707001
-0.14776940643787384
0.12648913264274597
0.3642371892929077
0.4548673629760742
0.49313119053840637
0.48859909176826477
0.8064877390861511
0.5133467316627502
0.38435518741607666
0.7444319128990173
0.8801003098487854
-0.011811163276433945
0.03147708997130394
-0.024036316201090813
-0.0007213670760393143
-0.059747740626335144
-0.08446730673313141
-0.0336679145693779
-0.004932571668177843
-5.012614929000847e-05
0.018318209797143936
-0.04731409251689911
0.04410942643880844
0.018515555188059807
0.0518023781478405
-0.0063637481071054935
0.015620820224285126
-0.07282893359661102
-0.3747752010822296
-0.16908659040927887
0.04295765608549118
0.38067224621772766
0.18582703173160553
-0.2894117832183838
-0.1539895385503769
0.4134701192378998
0.33148255944252014
0.22132600843906403
0.2199190855026245
0.4765116274356842
0.25542017817497253
-0.062045399099588394
0.21456502377986908
0.05237250030040741
-0.2323489785194397
0.1902467906475067
0.8867499232292175
0.32716694474220276
-0.2135573923587799
0.11244648694992065
0.22476570308208466
0.48918503522872925
0.41592761874198914
0.6341855525970459
0.6265063285827637
0.5383279323577881
0.5551397800445557
0.5446191430091858
1.0961577892303467
0.07010100781917572
-0.15390463173389435
0.17089958488941193
0.8219969272613525
0.38918811082839966
0.24828960001468658
-0.02707895264029503
0.4667474329471588
0.6415390968322754
0.14350658655166626
0.1026129424571991
0.4753110408782959
0.512005090713501
0.4921906590461731
0.3506920337677002
0.7850145101547241
0.06930845975875854
-0.038644589483737946
0.3316482603549957
0.8209999203681946
0.4176795184612274
0.07234303653240204
-0.06312328577041626
0.11439422518014908
0.4185919463634491
-0.11097976565361023
-0.08519159257411957
0.004330545198172331
0.7122901082038879
0.5096960663795471
-0.11038998514413834
0.5956635475158691
0.015532983466982841
-0.04865311086177826
0.024167876690626144
0.046918850392103195
-0.015417007729411125
0.0662010908126831
0.06495753675699234
0.0179431214928627
0.022688928991556168
-0.021815868094563484
-0.013312001712620258
-0.01688125915825367
0.001780499005690217
-0.0349486768245697
-0.06527457386255264
0.0366937592625618
-0.06833726912736893
-0.029896119609475136
0.10600052773952484
0.7023101449012756
0.059793826192617416
0.1219666600227356
0.14820587635040283
0.41712886095046997
0.2564563453197479
-0.07788623869419098
-0.26942694187164307
-0.12377282232046127
0.27354639768600464
0.2894984781742096
0.3541663587093353
0.869904637336731
-0.2120620608329773
0.1817450225353241
0.006116374861449003
0.3495112359523773
-0.16945166885852814
-0.24017007648944855
-0.07893873751163483
0.14335757493972778
-0.14206957817077637
-0.0835452675819397
-0.11689677089452744
0.23343880474567413
-0.07689523696899414
-0.44097238779067993
-0.6003558039665222
-0.24891868233680725
-0.03409823030233383
-0.15258455276489258
-0.047838494181632996
0.3098473846912384
0.3073618710041046
-0.14922283589839935
0.04207218065857887
0.06622318178415298
0.4270690381526947
0.3150043785572052
0.1038995087146759
0.20393215119838715
0.6041308641433716
0.23409205675125122
0.014437614008784294
0.6582984924316406
0.11294664442539215
-0.3021566569805145
-0.25902533531188965
0.14537134766578674
0.5139250755310059
0.0423133410513401
-0.4534899890422821
-0.13032746315002441
0.76485675573349
0.40826907753944397
-0.034961432218551636
-0.2607019543647766
0.8150694966316223
0.532124936580658
0.10243590176105499
0.13301362097263336
-0.001445357920601964
-0.2790836989879608
-0.25248634815216064
-0.11112554371356964
0.6053147912025452
0.20874758064746857
-0.5466514825820923
-0.07771233469247818
1.226889967918396
0.24322746694087982
-0.09682819992303848
-0.2361687868833542
0.8411807417869568
0.3093104362487793
0.03442609682679176
-0.19946254789829254
0.030138609930872917
0.051160287111997604
0.0028695387300103903
0.024462588131427765
0.006537032779306173
0.027842974290251732
-0.0004696944379247725
0.062840037047863
-0.03698538616299629
0.050084732472896576
-0.029401414096355438
-0.020134495571255684
0.017584122717380524
-0.06557592004537582
0.021744681522250175
0.009435860440135002
-0.0173787958920002
-0.03492164611816406
0.09811054915189743
-0.03139107674360275
0.017169596627354622
0.011734314262866974
0.01684637926518917
0.04248606786131859
0.01710347831249237
0.004444233141839504
0.04788729548454285
0.015850650146603584
-0.031822320073843
-0.002941821003332734
-0.12482262402772903
0.0013395730638876557
-0.03192972019314766
-0.07214310765266418
0.3785022497177124
0.6960043907165527
0.0653274729847908
-0.41363877058029175
0.12691833078861237
0.5872195959091187
0.3623564541339874
-0.2281772941350937
-0.24641552567481995
0.36721447110176086
0.3446362018585205
0.39943554997444153
0.4190899729728699
0.7161362171173096
0.018689299002289772
0.06253235787153244
-0.029683170840144157
0.23207944631576538
0.10579948127269745
-0.009676624089479446
-0.21911822259426117
-0.03748684749007225
0.302121102809906
-0.1199430450797081
-0.19466093182563782
0.06120935082435608
0.28340211510658264
0.31046733260154724
-0.10782741010189056
0.72866290807724
-0.11331366002559662
-0.3165475130081177
-0.1223328709602356
0.035619527101516724
-0.0549783892929554
-0.3131116032600403
-0.35049059987068176
-0.24931371212005615
-0.025103507563471794
-0.3103896379470825
-0.4741916060447693
-0.5035627484321594
-0.01172100380063057
-0.0425679087638855
-0.4386572241783142
-0.053339872509241104
0.12503893673419952
-0.2790710926055908
0.4773293733596802
0.8988862037658691
0.4083873927593231
0.004615774378180504
-0.08859483152627945
0.054047126322984695
0.5156111717224121
0.579302966594696
-0.12894946336746216
0.2340937852859497
0.6909853219985962
0.6015017032623291
0.00025111064314842224
0.9969765543937683
-0.05088123306632042
-0.1982899010181427
0.05960189178586006
0.36487528681755066
0.24956321716308594
0.043392814695835114
-0.44314464926719666
0.06359617412090302
0.4069735109806061
0.3753308057785034
0.4394845962524414
0.23130230605602264
0.5791060328483582
0.29161226749420166
0.2814483046531677
1.2003049850463867
-0.04914707690477371
-0.059168461710214615
0.053616899996995926
0.030492551624774933
-0.04061180353164673
-0.02302509918808937
-0.07185129076242447
0.011412667110562325
-0.02747422084212303
0.06098279729485512
0.03593343496322632
0.018404968082904816
-0.04143833741545677
0.040773481130599976
-0.018581610172986984
-0.0045045241713523865
-0.17176960408687592
-0.27164286375045776
-0.023686310276389122
0.3537251651287079
0.05849423259496689
-0.43044313788414
-0.26739275455474854
-0.13955745100975037
0.037457842379808426
-0.3911058306694031
-0.636718213558197
-0.48925673961639404
0.20087479054927826
0.0721062421798706
-0.28570321202278137
0.1157664880156517
-0.027694767341017723
-0.027109110727906227
-0.011327354237437248
-0.08003989607095718
-0.05754552409052849
-0.012487156316637993
-0.08444717526435852
0.10583710670471191
0.043634917587041855
-0.011172174476087093
0.10056992620229721
0.002879924839362502
-0.00936996191740036
0.05385953187942505
-0.014342053793370724
-0.02451964281499386
0.003443668130785227
-0.22964921593666077
-0.26195698976516724
0.30638638138771057
0.2860229015350342
-0.2570594251155853
-0.16035708785057068
-0.04555254429578781
0.29668861627578735
0.4919310510158539
0.22728627920150757
0.28278592228889465
0.4930873513221741
0.08232951164245605
0.14747868478298187
0.8075722455978394
0.006197006441652775
-0.3112906515598297
-0.3159294128417969
-0.026463547721505165
0.26611438393592834
-0.014055580832064152
-0.4818387031555176
-0.19388610124588013
0.20306405425071716
0.2542813718318939
0.07163731008768082
-0.20611265301704407
0.4534822106361389
0.11320610344409943
-0.033381011337041855
-0.45816850662231445
0.017674634233117104
-0.007676915265619755
0.14573386311531067
0.005224842112511396
-0.08840963989496231
0.26822787523269653
0.6909679770469666
0.4259662926197052
0.07436370104551315
0.2113761603832245
1.1880203485488892
0.6929188370704651
-0.3784025311470032
-0.20815110206604004
-0.019738338887691498
-0.5285533666610718
-0.06387975066900253
-0.016533225774765015
-0.02980743907392025
0.06874527782201767
-0.017189189791679382
-0.056067924946546555
0.003217444522306323
0.007246846333146095
-0.07615217566490173
0.004360715858638287
0.03606024384498596
0.04691892862319946
-0.08559665828943253
-0.023056166246533394
0.04511738941073418
-0.0014060529647395015
0.04729457199573517
-0.07085061073303223
0.10701607167720795
-0.16619662940502167
-0.05360909923911095
0.4450914263725281
0.9843522906303406
0.398520827293396
0.27838605642318726
0.25130704045295715
1.291597604751587
0.7068626284599304
-0.10917841643095016
-0.03545666113495827
0.020733807235956192
-0.3609447181224823
0.09113718569278717
0.03510761633515358
0.08543968200683594
-0.11541029065847397
0.022324703633785248
0.40074729919433594
0.7230308055877686
0.23233266174793243
0.41092079877853394
0.13186314702033997
0.8816059231758118
0.2638281583786011
-0.08308760821819305
-0.29057079553604126
0.20704776048660278
0.23889680206775665
0.08798255026340485
0.0735846534371376
0.03759313374757767
-0.03556649759411812
0.04419943317770958
0.3778749108314514
0.7285987138748169
0.35331058502197266
0.39729127287864685
0.091580830514431
1.0884387493133545
0.5977427363395691
-0.028903348371386528
0.0038657784461975098
0.04368456453084946
-0.3335098922252655
-0.20497971773147583
-0.07181341201066971
-0.18522846698760986
-0.8249369263648987
-0.19617877900600433
0.4697965681552887
0.062168583273887634
-0.32818514108657837
-0.32477229833602905
0.04409858584403992
-0.15057167410850525
-0.06476981192827225
-0.5689858794212341
-0.3068229556083679
-0.5988585352897644
-1.1133780479431152
0.05762748792767525
-0.03523283824324608
0.17412245273590088
-0.07513496279716492
0.0022198613733053207
0.33069324493408203
0.9510576725006104
0.4218025207519531
0.4562531113624573
0.11112525314092636
1.1571204662322998
0.767116129398346
0.00405291561037302
-0.027322622016072273
-0.13546225428581238
-0.2879130244255066
0.06487571448087692
0.01961395889520645
0.015773940831422806
0.0014881067909300327
0.037435851991176605
-0.03220721706748009
0.03044087253510952
-0.00819382630288601
0.013552460819482803
-0.02134094573557377
0.00048044207505881786
0.043074458837509155
-0.04505232349038124
0.0058921752497553825
-0.05147206038236618
-0.0025471041444689035
-0.2162441462278366
0.0008786055259406567
-0.27456849813461304
-0.884693443775177
-0.351640909910202
0.1256738305091858
-0.17630665004253387
-0.5539392232894897
-0.6053889393806458
-0.15871824324131012
-0.29914289712905884
-0.6767062544822693
-0.8326644897460938
-0.5986503958702087
-1.3265637159347534
-1.4893368482589722
0.013161696493625641
0.017739420756697655
0.021414808928966522
-0.05958373472094536
0.04164338484406471
-0.014141382649540901
0.043071046471595764
-0.038430098444223404
-0.03716664016246796
-0.04975608363747597
-0.00757170282304287
0.008067981339991093
0.0007520459475927055
-0.05471748113632202
0.0051735928282141685
-0.006939596962183714
-0.4622693657875061
-0.00967521220445633
0.08276419341564178
-0.3682958483695984
-0.5623065829277039
0.12206569314002991
0.417287141084671
0.09419234842061996
-0.4295307397842407
-0.24083444476127625
0.24989931285381317
-0.11929035931825638
-0.7173755168914795
-0.34723711013793945
-0.15479978919029236
-0.6887744665145874
-0.32598865032196045
0.12732918560504913
-0.27370956540107727
-0.7839658856391907
-0.508594274520874
0.11548743396997452
-0.012258520349860191
-0.3192703127861023
-0.5839025378227234
-0.26672792434692383
-0.4919295012950897
-0.619096040725708
-0.7214037179946899
-0.7235954999923706
-1.2913508415222168
-1.7768266201019287
-0.40049540996551514
-0.10455954819917679
-0.1501835286617279
-0.7881948947906494
-0.6387828588485718
0.14499922096729279
0.04511265084147453
-0.3281615972518921
-0.7630279064178467
-0.1596011072397232
-0.1989222764968872
-0.5154551267623901
-0.8411698937416077
-0.35086190700531006
-0.4297695755958557
-1.0388644933700562
-0.3163917660713196
-0.19249457120895386
-0.18910790979862213
-0.5926858186721802
-0.41654011607170105
0.05227513238787651
0.1578281819820404
-0.19991107285022736
-0.5039788484573364
0.19965820014476776
0.2718160152435303
-0.0017362129874527454
-0.8408113718032837
-0.3634331524372101
-0.33524927496910095
-1.1756054162979126
0.012546849437057972
-0.03687548264861107
0.04198220744729042
-0.011127937585115433
0.023645952343940735
-0.07210386544466019
-0.01931406743824482
0.028108064085245132
0.07099559903144836
-0.021520474925637245
0.001155685051344335
-0.002980997087433934
0.01189981959760189
0.07867924124002457
0.001786910812370479
-0.0008789800922386348
-0.20540399849414825
-0.0732862800359726
-0.17190392315387726
-0.683740496635437
-0.12910045683383942
0.12101750075817108
0.20043569803237915
-0.3461785614490509
-0.2105325162410736
-0.03629351407289505
0.1283441185951233
0.08098956942558289
-0.400067538022995
-0.26970893144607544
-0.4742882549762726
-0.7708828449249268
0.08360441774129868
-0.09996479749679565
0.04573019593954086
-0.6162886023521423
0.09575080126523972
0.2774863541126251
0.1490694284439087
-0.29664236307144165
0.060062434524297714
0.17805016040802002
0.16912636160850525
-0.11258439719676971
-0.016195571050047874
0.1239897832274437
0.4339537024497986
0.266584575176239
-0.27859359979629517
0.009053893387317657
-0.12325438112020493
-0.39280927181243896
-0.44728517532348633
0.17178413271903992
0.23572929203510284
-0.10723302513360977
-0.519041895866394
-0.15732239186763763
-0.0783495157957077
-0.146016925573349
-0.7049774527549744
-0.35177406668663025
-0.7395003437995911
-1.423288106918335
-0.4227452576160431
-0.15404559671878815
0.24839137494564056
-0.268888920545578
-0.8209998607635498
0.2503279149532318
0.45382606983184814
-0.07040766626596451
-0.8875827789306641
-0.3028700351715088
0.2949797213077545
0.07379532605409622
-1.0563634634017944
-0.38362082839012146
-0.41328519582748413
-0.7941275238990784
-0.4980701506137848
-0.04997283220291138
0.20630978047847748
-0.13152320683002472
-1.1079617738723755
0.0892816036939621
0.47790536284446716
0.11667395383119583
-1.4794014692306519
-0.2843223214149475
0.5924564003944397
0.2503814101219177
-1.2197802066802979
-0.5292994976043701
-0.3097836375236511
-0.8917035460472107
0.0726352110505104
-0.05914667993783951
0.05578354373574257
-0.06385571509599686
0.019350457936525345
-0.05615798756480217
-0.018559277057647705
-0.0026170522905886173
0.0502285361289978
-0.011251627467572689
0.015420900657773018
-0.01366142276674509
-0.060784678906202316
0.04657672345638275
0.012716174125671387
-0.008657696656882763
-0.01275676116347313
0.01352579053491354
0.08332820981740952
0.05825761333107948
0.023199521005153656
-0.053947318345308304
0.05585813522338867
-0.017408287152647972
-0.057309798896312714
-0.06834900379180908
-0.03632769733667374
0.02763313241302967
-0.04672871530056
0.019146276637911797
0.02900971658527851
-0.02166648767888546
-0.1169247180223465
0.1480294018983841
-0.5342554450035095
-0.7034440636634827
-0.2123093605041504
0.2339990735054016
-0.14445658028125763
-0.7280683517456055
-0.5943596363067627
-0.029375581070780754
0.18369904160499573
-0.222448468208313
-0.6312400102615356
-0.4541218876838684
-0.733231246471405
-0.7146176695823669
-0.20422860980033875
-0.15763260424137115
-0.07942930608987808
-0.23513884842395782
-0.28450754284858704
0.33822134137153625
0.470622718334198
0.17200501263141632
-0.31083425879478455
0.06603018194437027
0.5821130871772766
0.18747587502002716
-0.5196595788002014
-0.3310161232948303
-0.04164103418588638
-0.6226992011070251
-0.026514360681176186
0.094595767557621
0.07428860664367676
-0.09770847856998444
0.01408063992857933
0.44753339886665344
0.9420716762542725
0.5145283341407776
0.28878119587898254
0.1918168067932129
1.1769119501113892
0.9104035496711731
-0.0035420795902609825
-0.18058450520038605
0.23041613399982452
-0.23450534045696259
-0.23466886579990387
0.07650817930698395
-0.48546716570854187
-0.5062294602394104
-0.4901193678379059
0.14793619513511658
0.2471085786819458
0.26490160822868347
-0.5549854636192322
-0.5479458570480347
0.17833109200000763
0.12771938741207123
-0.7803529500961304
-0.2675573229789734
-0.33578020334243774
-0.9228490591049194
-0.168238565325737
-0.00605871994048357
0.2654285728931427
-0.6191028356552124
-0.33761486411094666
0.0781390368938446
0.4520614743232727
0.03594135865569115
-0.3541449308395386
-0.34735599160194397
0.10823836177587509
-0.2436676174402237
-0.7077670097351074
-0.2990027070045471
-0.5974540710449219
-1.01896071434021
0.0013650290202349424
0.02031523548066616
0.007518027443438768
-0.0174825731664896
0.020472994074225426
-0.014823110774159431
0.014090289361774921
0.00460138451308012
-0.08912283927202225
0.039770886301994324
-0.007627211511135101
-0.008371799252927303
0.029941175132989883
-0.06913571059703827
0.038560155779123306
0.002037926111370325
-0.060309458523988724
-0.037898071110248566
0.0807587280869484
-0.10582851618528366
-0.11418512463569641
0.5931009650230408
0.6525636911392212
0.3443054258823395
0.06539370119571686
0.2565438747406006
0.9487574696540833
0.7042400240898132
-0.2702837288379669
-0.25688591599464417
0.0895465686917305
0.07891688495874405
-0.08191291987895966
-0.01158927846699953
0.02928927168250084
-0.015048331581056118
-0.047247644513845444
-0.02765985205769539
0.003317948430776596
-0.007653588429093361
-0.03565557301044464
0.04960015416145325
-0.07330960780382156
0.0308003518730402
-0.07159668952226639
0.022782104089856148
0.005552555434405804
0.034846965223550797
-0.24328677356243134
0.1353430151939392
0.07289847731590271
-0.2931099236011505
-0.39881715178489685
0.19426126778125763
0.304140567779541
0.016113771125674248
-0.4383857548236847
-0.41893741488456726
-0.05390805006027222
-0.028856398537755013
-0.575610339641571
-0.05953577905893326
-1.056307315826416
-0.9807959794998169
-0.43091216683387756
0.026092398911714554
0.21615786850452423
-0.18284489214420319
-0.4935319423675537
0.3423232436180115
0.6124686598777771
0.42059874534606934
-0.2557910084724426
-0.23408405482769012
0.49194011092185974
0.24936090409755707
-0.3954738974571228
-0.26392871141433716
-0.11971571296453476
-0.2638017535209656
-0.12651337683200836
-0.3269864320755005
-0.09677784889936447
0.14904627203941345
0.12904024124145508
-0.3620985746383667
-0.301140159368515
-0.18381036818027496
-0.0726727768778801
-0.3142048418521881
-0.6739458441734314
-0.33724579215049744
0.35071155428886414
-0.0626237541437149
-0.3690551817417145
-0.05824035778641701
-0.014169782400131226
0.02480901964008808
0.04342806339263916
0.022187156602740288
0.03197137266397476
0.06287484616041183
-0.0304169449955225
0.07504994422197342
-0.04555889964103699
0.024276159703731537
-0.04661708325147629
0.11483496427536011
0.0006949558155611157
-0.053821392357349396
0.020830877125263214
-0.006150278728455305
-0.08846081048250198
-0.08321107178926468
0.08283963799476624
0.4480554163455963
0.029450634494423866
-0.31466323137283325
-0.1781047135591507
-0.23414771258831024
-0.05550970882177353
-0.40245354175567627
-0.6220599412918091
-0.28446874022483826
0.10697317868471146
-0.08143050223588943
-0.5197186470031738
0.3663778305053711
-0.16353446245193481
-0.28996604681015015
-0.08306536078453064
0.20309528708457947
-0.04871750995516777
-0.40434330701828003
-0.3370248079299927
-0.20348574221134186
-0.23693324625492096
-0.3144988715648651
-0.4475570023059845
-0.2466321438550949
-0.02580513060092926
-0.14689160883426666
-0.5599290132522583
-0.33937472105026245
-0.14029845595359802
-0.2203957587480545
0.07981162518262863
0.33909642696380615
-0.11906766146421432
-0.2698637843132019
-0.2567096948623657
-0.26166173815727234
-0.2271425575017929
-0.3518454432487488
-0.4364164471626282
-0.13789799809455872
-0.046763431280851364
-0.26163649559020996
-0.6582560539245605
0.01419437862932682
0.013078219257295132
-0.02929445169866085
0.5818331241607666
0.4801596403121948
0.26826268434524536
0.050013426691293716
0.09799753874540329
0.3155566155910492
0.3233754336833954
-0.25032663345336914
-0.38613903522491455
-0.1765344738960266
0.32463720440864563
0.14111699163913727
0.34255489706993103
1.310896396636963
-0.12957842648029327
-0.1482512503862381
-0.015970971435308456
0.4331980049610138
-0.031591739505529404
-0.3052726089954376
-0.33583077788352966
-0.15709854662418365
-0.1131444051861763
-0.25794047117233276
-0.42846032977104187
-0.3729466497898102
0.04212287813425064
-0.21033000946044922
-0.48769062757492065
0.264723539352417
0.00434408662840724
-0.007634688168764114
-0.029515298083424568
0.015329854562878609
-0.04031268134713173
0.06567583978176117
-0.09254586696624756
0.0032023750245571136
-0.057413261383771896
0.03639696538448334
0.09330406039953232
-0.006134833209216595
-0.021220289170742035
0.0012748755980283022
0.05656779557466507
0.01203148439526558
-0.05655115470290184
0.06813627481460571
0.08272012323141098
0.37239277362823486
0.2794657051563263
-0.1104135662317276
0.03763217106461525
0.4158843457698822
0.3913729190826416
0.3368600904941559
0.5190998911857605
0.6328794956207275
0.4942460358142853
0.2326129823923111
0.6351903676986694
0.7787927985191345
-0.06892958283424377
-0.006602983921766281
-0.05153220146894455
0.06040167436003685
0.00029113938217051327
-0.057505905628204346
0.013810422271490097
0.00036177030415274203
0.022700492292642593
-0.033135559409856796
-0.051256123930215836
0.06817613542079926
0.0332997590303421
0.06787823885679245
0.009604987688362598
0.05552920326590538
0.001183752086944878
-0.3167474865913391
-0.15905310213565826
-0.2339859902858734
0.4755723774433136
0.14988957345485687
-0.3070526719093323
-0.12108398228883743
0.40310320258140564
0.26552486419677734
-0.01679624430835247
0.2149944305419922
0.4994720220565796
0.08753775805234909
-0.0766153633594513
0.19706936180591583
0.0168448593467474
-0.10844982415437698
0.1001443862915039
0.19650578498840332
0.34561535716056824
-0.19152216613292694
0.04459110274910927
0.2744164764881134
0.36342960596084595
0.3710956871509552
0.4879661202430725
0.48348692059516907
0.49104657769203186
0.23309974372386932
0.5938177704811096
1.1099275350570679
0.05332177132368088
-0.06877478957176208
0.2048121690750122
0.22954364120960236
0.4207363426685333
0.16351287066936493
-0.0577789843082428
0.3247092068195343
0.6312654614448547
0.2702208161354065
0.024144377559423447
0.45564424991607666
0.4394649267196655
0.40928715467453003
0.19541139900684357
0.6981207728385925
0.08338093757629395
-0.2993999719619751
0.39993971586227417
0.023294722661376
0.536827564239502
0.11514010280370712
0.140391007065773
0.0824332982301712
0.5174804925918579
-0.05138184502720833
-0.07705700397491455
-0.1252763867378235
0.7194997668266296
0.3484518527984619
-0.12066461145877838
0.6268812417984009
0.0032863246742635965
-0.011408739723265171
-0.03210132569074631
-0.01428517047315836
-0.04054449498653412
-0.000460220908280462
-0.02755817025899887
-0.09681560844182968
0.05568632856011391
-0.025291239842772484
-0.01550215482711792
-0.028623228892683983
0.07043348252773285
0.05220834165811539
0.0471123643219471
-0.017560424283146858
0.09770479798316956
-0.1000126302242279
0.547752857208252
0.2547954022884369
0.09238280355930328
0.05709603801369667
0.18453224003314972
0.20185258984565735
0.25588464736938477
-0.09383434057235718
-0.3714276850223541
-0.0006694738985970616
0.2959301173686981
0.3278470039367676
0.13613122701644897
0.8510284423828125
-0.1603499948978424
0.15670746564865112
0.13496124744415283
0.32286691665649414
-0.17771553993225098
-0.21911220252513885
-0.15557031333446503
0.3202351927757263
-0.03982444480061531
-0.296314537525177
-0.08541220426559448
0.14674341678619385
0.022415101528167725
-0.3402462303638458
-0.564313530921936
-0.28849777579307556
0.11021892726421356
-0.11891098320484161
-0.09256227314472198
-0.1746838241815567
0.37676385045051575
-0.15058797597885132
-0.06998267769813538
0.14708369970321655
0.36416468024253845
0.24487006664276123
0.018335243687033653
0.3074369430541992
0.5611556768417358
-0.03860550746321678
-0.06403382122516632
0.5975600481033325
0.14952285587787628
-0.4276289641857147
-0.12708798050880432
-0.2538551390171051
0.7117184996604919
-0.010558552108705044
-0.14529311656951904
-0.14668667316436768
0.8205196857452393
0.35566145181655884
-0.1170593649148941
-0.29350724816322327
0.8584383130073547
0.30805906653404236
-0.11510562896728516
-0.10689070075750351
0.06846070289611816
-0.2149311900138855
-0.14485466480255127
-0.15241320431232452
0.8093225359916687
0.17575603723526
-0.2350406050682068
-0.0947142019867897
1.224926233291626
0.25220879912376404
-0.24567566812038422
-0.28643983602523804
0.814067006111145
0.25124090909957886
-0.14575718343257904
-0.34328117966651917
-0.004361413419246674
0.011134627275168896
-0.045431867241859436
-0.04695716127753258
0.05595480278134346
-0.0027598163578659296
-0.045838549733161926
-0.011576577089726925
0.007892380468547344
-0.060700733214616776
0.04488003998994827
-0.058090899139642715
-0.00036606326466426253
-0.0628850907087326
-0.030979208648204803
0.0036850387696176767
0.021932080388069153
0.0029047331772744656
-0.01002191100269556
-0.07639259099960327
0.018208103254437447
-0.051908522844314575
0.04313846677541733
-0.010606803931295872
-0.009053238667547703
0.02217712253332138
-0.026432055979967117
-0.03366663679480553
0.022115206345915794
-0.021817388013005257
0.01016139704734087
-0.03950826823711395
0.014595839194953442
-0.11581466346979141
0.3758377134799957
0.28124675154685974
0.07334479689598083
-0.20478473603725433
0.08079587668180466
0.5041939616203308
0.3999214470386505
-0.15910698473453522
-0.2937789559364319
0.28028106689453125
0.21911169588565826
0.05214345455169678
0.3583737015724182
0.678634762763977
0.012614859268069267
-0.02877534180879593
0.11959658563137054
-0.18997180461883545
0.15291088819503784
-0.2122603803873062
0.05715097859501839
-0.04510282352566719
0.20675863325595856
-0.09639054536819458
-0.20322854816913605
-0.07586151361465454
0.3200513422489166
0.2462543100118637
-0.3229152262210846
0.7545279860496521
-0.13385039567947388
-0.20567169785499573
0.10032215714454651
0.17910118401050568
0.045659955590963364
-0.3972610831260681
-0.33346042037010193
-0.20012106001377106
-0.04021632671356201
-0.42731815576553345
-0.5666025280952454
-0.5008957982063293
-0.030262883752584457
-0.0916363075375557
-0.5683435201644897
-0.22675244510173798
0.08673115819692612
-0.2669152021408081
0.30865874886512756
0.32469820976257324
0.3824761211872101
-0.05104399472475052
-0.08395710587501526
0.09015972912311554
0.43600839376449585
0.5505915284156799
-0.17922824621200562
0.16748881340026855
0.7362803816795349
0.34591326117515564
-0.11948448419570923
0.8370851278305054
0.0017289372626692057
-0.29279235005378723
0.09627176076173782
-0.07450497895479202
0.1870163232088089
0.01534347515553236
-0.1370975822210312
0.0026623248122632504
0.3574312925338745
0.3329601585865021
0.3354392945766449
0.13203167915344238
0.6321120858192444
0.19203999638557434
0.014783651567995548
1.118234395980835
-0.063888780772686
0.04280916601419449
-0.037054382264614105
-0.02960888482630253
0.08464512228965759
0.05161095783114433
-0.00960742961615324
0.043617408722639084
0.04522395133972168
-0.037776753306388855
0.057371046394109726
0.058973733335733414
-0.024511205032467842
0.05823149532079697
-0.01810220628976822
0.019572315737605095
-0.06672918051481247
-0.16881424188613892
0.07154310494661331
0.2118775099515915
0.11174122989177704
-0.474255234003067
-0.29943811893463135
-0.09955714643001556
-0.002293716184794903
-0.4256576597690582
-0.6447650790214539
-0.3972278833389282
0.18390384316444397
-0.13074536621570587
-0.43729886412620544
-0.012724378146231174
-0.01363537460565567
0.009548000991344452
0.026226239278912544
0.010217374190688133
0.06309624016284943
-0.07263553142547607
-0.03486005961894989
0.07188359647989273
-0.034704893827438354
0.0009399736300110817
-0.08192082494497299
-0.005630164407193661
0.02464292012155056
-0.009926807135343552
-0.056032031774520874
0.022005803883075714
0.044341713190078735
-0.11671212315559387
-0.3291558623313904
-0.09427502751350403
0.4030543565750122
-0.373960018157959
-0.285173624753952
0.018664538860321045
0.25804629921913147
0.3928586542606354
0.12557661533355713
0.20701605081558228
0.5566444993019104
-0.14029560983181
0.07897766679525375
0.7215884923934937
0.04380393773317337
-0.44407665729522705
-0.33180180191993713
-0.13587522506713867
0.406223326921463
-0.1250571757555008
-0.3671623766422272
-0.1756584793329239
0.08359430730342865
0.24519118666648865
0.061562441289424896
-0.19369550049304962
0.47639578580856323
-0.0556701198220253
-0.15991877019405365
-0.7219836115837097

linear_actor,linear_actor.weight
-0.5526557564735413
-0.04253417253494263
0.28645041584968567
0.774625301361084
1.7772034406661987
-2.296194076538086
-0.10529738664627075
-2.395246982574463
-2.3521037101745605
-2.477492570877075
0.6084547638893127
-2.187345266342163
0.5842998623847961
-2.3090739250183105
-2.0914664268493652
-2.260908603668213
-2.2059738636016846
-0.9946197271347046
0.859649658203125
-2.2138705253601074
-2.3975465297698975
0.303784042596817
-2.2603249549865723
-2.6149938106536865
-2.333193302154541
-2.4680511951446533
0.33206894993782043
-2.280514717102051
-0.021030105650424957
-2.260486125946045
-0.2500974237918854
-2.2024986743927
-2.342956066131592
-1.9582209587097168
0.6963943243026733
-2.360830783843994
-0.8137480616569519
-0.2255350798368454
-0.11604545265436172
0.6762009263038635
1.764168620109558
-2.5895533561706543
-0.016148757189512253
-2.4336555004119873
-2.2976925373077393
-2.2776267528533936
0.8359140753746033
-2.1521856784820557
0.5125613212585449
-2.1232059001922607
-2.3445098400115967
-2.3351850509643555
-2.2227630615234375
-0.7224656939506531
0.4368433654308319
-2.1813716888427734
-2.0943596363067627
0.5030634999275208
-2.4169461727142334
-2.453676700592041
-2.257519483566284
-2.47415828704834
0.4978596568107605
-2.2472503185272217
-0.10384421050548553
-2.3641550540924072
-0.024924499914050102
-2.1729838848114014
-2.4351611137390137
-2.409735918045044
0.46885547041893005
-2.1533586978912354
-0.7048828601837158
0.16766999661922455
0.11823852360248566
0.5401761531829834
1.9701889753341675
-2.559910774230957
-0.08304040879011154
-1.9911746978759766
-2.13952898979187
-2.380934715270996
0.581750750541687
-2.1892073154449463
0.33262160420417786
-2.2559776306152344
-2.1357688903808594
-2.1681621074676514
-2.327711343765259
-0.7344112992286682
0.8447979688644409
-2.3208582401275635
-2.3196051120758057
0.4257786273956299
-2.5117807388305664
-2.3528265953063965
-2.3579659461975098
-2.478677988052368
0.4434245824813843
-2.52449893951416
-0.14900381863117218
-2.0087544918060303
-0.16289879381656647
-2.481701612472534
-2.4310357570648193
-2.242138624191284
0.6012240648269653
-2.3310930728912354
-0.6916202902793884
0.13549868762493134
-0.05967520549893379
0.4460678696632385
1.9189180135726929
-2.6730072498321533
-0.2729654610157013
-2.0381782054901123
-2.5030486583709717
-2.198484420776367
0.444732129573822
-2.251377582550049
0.46929851174354553
-2.228496789932251
-2.13689923286438
-2.2356557846069336
-2.1819193363189697
-0.6708999276161194
0.5230967402458191
-2.3390824794769287
-2.0966384410858154
0.5719242095947266
-2.37162446975708
-2.516087770462036
-2.42111873626709
-2.376214027404785
0.5911410450935364
-2.551347255706787
-0.16489943861961365
-2.0185110569000244
0.16700541973114014
-2.268808364868164
-2.4115350246429443
-2.3703231811523438
0.4845069348812103
-2.396707057952881
